L,architecture,campaign_id,code_revision,d,drift_first,drift_mcse,drift_pass,drift_second,ess_bulk,ess_mean,ess_tail,execution_hash,first_draw,gate_pass,gate_reason,lag_window,last_draw,law,m,mcse,mean,n,name,observable,p,replicate,rhat,saved_stride,sd,sigma,stage,status,target_hash,target_id,role
2,shallow,final_geometry_v15_20260930,4327fe4ece9317f6fd20fad18389a71e9b1f423b,32,70.48196272488654,0.09695711433809116,True,70.31301502359557,4446.170032724871,4461.652312035719,10157.77642911396,3468d1dbfcfad19aff939d83b1b35b55398d7c7f82f99275416801ae2b578ce4,0,True,,856,204799,full_posterior,64,0.05184944197340643,70.39748887424108,128,V,V,2112,0,1.0006580732289307,1,3.9608042696621513,1.0,dynamics_h_0p005_stage_2,ok,71538f5fc37b1391ecadd17c52b8587909347d90439f7dcd7fdebf72a743c41f,shallow_m0064_r0,validation_or_superseded
2,shallow,final_geometry_v15_20260930,4327fe4ece9317f6fd20fad18389a71e9b1f423b,32,1129.2282994075642,0.8624200284490494,True,1128.0366951323838,4073.3295843942365,4077.419403564034,8946.614439024888,3468d1dbfcfad19aff939d83b1b35b55398d7c7f82f99275416801ae2b578ce4,0,True,,430,204799,full_posterior,64,0.45119590048488306,1128.632497269974,128,U,U,2112,0,1.0003930049444534,1,32.68650163392935,1.0,dynamics_h_0p005_stage_2,ok,71538f5fc37b1391ecadd17c52b8587909347d90439f7dcd7fdebf72a743c41f,shallow_m0064_r0,validation_or_superseded
2,shallow,final_geometry_v15_20260930,4327fe4ece9317f6fd20fad18389a71e9b1f423b,32,1.2204058169187377,0.013242287610815971,True,1.2374706600008405,4519.025153302557,4516.153501779485,11571.605248268412,3468d1dbfcfad19aff939d83b1b35b55398d7c7f82f99275416801ae2b578ce4,0,True,,636,204799,full_posterior,64,0.007073912520332858,1.2289382384597896,128,train_logit_0,train_logit_0,2112,0,1.0008295112232577,1,0.5509533386454177,1.0,dynamics_h_0p005_stage_2,ok,71538f5fc37b1391ecadd17c52b8587909347d90439f7dcd7fdebf72a743c41f,shallow_m0064_r0,validation_or_superseded
2,shallow,final_geometry_v15_20260930,4327fe4ece9317f6fd20fad18389a71e9b1f423b,32,-0.02693350757778024,0.012832497117583726,True,-0.03869091889650218,4592.271517454197,4607.849194395854,11245.309026925026,3468d1dbfcfad19aff939d83b1b35b55398d7c7f82f99275416801ae2b578ce4,0,True,,990,204799,full_posterior,64,0.006730128216348567,-0.032812213237141195,128,train_logit_16,train_logit_16,2112,0,1.0012409190771707,1,0.5393634582946817,1.0,dynamics_h_0p005_stage_2,ok,71538f5fc37b1391ecadd17c52b8587909347d90439f7dcd7fdebf72a743c41f,shallow_m0064_r0,validation_or_superseded
2,shallow,final_geometry_v15_20260930,4327fe4ece9317f6fd20fad18389a71e9b1f423b,32,0.5445351194484316,0.013377979367399484,True,0.540227329561768,4570.77528662493,4579.303638166844,11228.792768303536,3468d1dbfcfad19aff939d83b1b35b55398d7c7f82f99275416801ae2b578ce4,0,True,,636,204799,full_posterior,64,0.0071100865023395275,0.5423812245051,128,train_logit_32,train_logit_32,2112,0,1.000288321402356,1,0.5518529458204495,1.0,dynamics_h_0p005_stage_2,ok,71538f5fc37b1391ecadd17c52b8587909347d90439f7dcd7fdebf72a743c41f,shallow_m0064_r0,validation_or_superseded
2,shallow,final_geometry_v15_20260930,4327fe4ece9317f6fd20fad18389a71e9b1f423b,32,0.5538098598486269,0.013513536789380227,True,0.5386107627231379,4763.457242245219,4779.385070697764,10749.349032952652,3468d1dbfcfad19aff939d83b1b35b55398d7c7f82f99275416801ae2b578ce4,0,True,,576,204799,full_posterior,64,0.007153722548191314,0.5462103112858823,128,train_logit_48,train_logit_48,2112,0,1.000284485309201,1,0.5583987628585255,1.0,dynamics_h_0p005_stage_2,ok,71538f5fc37b1391ecadd17c52b8587909347d90439f7dcd7fdebf72a743c41f,shallow_m0064_r0,validation_or_superseded
2,shallow,final_geometry_v15_20260930,4327fe4ece9317f6fd20fad18389a71e9b1f423b,32,0.8392550146812906,0.01316692204738379,True,0.83966479011312,4452.646961158652,4446.210971982743,10289.783059122119,3468d1dbfcfad19aff939d83b1b35b55398d7c7f82f99275416801ae2b578ce4,0,True,,882,204799,full_posterior,64,0.007002249150800563,0.8394599023972049,128,train_logit_64,train_logit_64,2112,0,1.000571341783306,1,0.548498206315074,1.0,dynamics_h_0p005_stage_2,ok,71538f5fc37b1391ecadd17c52b8587909347d90439f7dcd7fdebf72a743c41f,shallow_m0064_r0,validation_or_superseded
2,shallow,final_geometry_v15_20260930,4327fe4ece9317f6fd20fad18389a71e9b1f423b,32,-1.0551351205592694,0.014002568576983537,True,-1.0464948210200309,4592.059225687343,4598.11764216213,10545.044421559427,3468d1dbfcfad19aff939d83b1b35b55398d7c7f82f99275416801ae2b578ce4,0,True,,600,204799,full_posterior,64,0.00743103387927961,-1.05081497078965,128,train_logit_80,train_logit_80,2112,0,1.0007611088254578,1,0.567405331298697,1.0,dynamics_h_0p005_stage_2,ok,71538f5fc37b1391ecadd17c52b8587909347d90439f7dcd7fdebf72a743c41f,shallow_m0064_r0,validation_or_superseded
2,shallow,final_geometry_v15_20260930,4327fe4ece9317f6fd20fad18389a71e9b1f423b,32,0.7415989273719492,0.013605717358918676,True,0.7489872171637351,4409.570770309911,4380.750649465965,9934.695443074952,3468d1dbfcfad19aff939d83b1b35b55398d7c7f82f99275416801ae2b578ce4,0,True,,628,204799,full_posterior,64,0.0072073932843364965,0.7452930722678422,128,train_logit_96,train_logit_96,2112,0,1.0008146655880104,1,0.5558071052305729,1.0,dynamics_h_0p005_stage_2,ok,71538f5fc37b1391ecadd17c52b8587909347d90439f7dcd7fdebf72a743c41f,shallow_m0064_r0,validation_or_superseded
2,shallow,final_geometry_v15_20260930,4327fe4ece9317f6fd20fad18389a71e9b1f423b,32,0.30053155245764535,0.012995379492906568,True,0.3071969721182201,4556.176507137992,4542.087913511658,9899.66116754609,3468d1dbfcfad19aff939d83b1b35b55398d7c7f82f99275416801ae2b578ce4,0,True,,1028,204799,full_posterior,64,0.0068806542572557895,0.3038642622879328,128,train_logit_112,train_logit_112,2112,0,1.0006999153833709,1,0.5417366759557934,1.0,dynamics_h_0p005_stage_2,ok,71538f5fc37b1391ecadd17c52b8587909347d90439f7dcd7fdebf72a743c41f,shallow_m0064_r0,validation_or_superseded
2,shallow,final_geometry_v15_20260930,4327fe4ece9317f6fd20fad18389a71e9b1f423b,32,0.4988441154133229,0.004597281006236178,True,0.49505907138976774,4036.601365059193,4073.243661806321,8653.973626839444,3468d1dbfcfad19aff939d83b1b35b55398d7c7f82f99275416801ae2b578ce4,0,True,,916,204799,full_posterior,64,0.0024167260610476475,0.4969515934015453,128,test_prob_0,test_prob_0,2112,0,1.0011226383863638,1,0.18186211024822221,1.0,dynamics_h_0p005_stage_2,ok,71538f5fc37b1391ecadd17c52b8587909347d90439f7dcd7fdebf72a743c41f,shallow_m0064_r0,validation_or_superseded
2,shallow,final_geometry_v15_20260930,4327fe4ece9317f6fd20fad18389a71e9b1f423b,32,0.645152582756452,0.004316199077975779,True,0.6503536512395605,3189.588813616376,3227.5752813364543,9256.251485496867,3468d1dbfcfad19aff939d83b1b35b55398d7c7f82f99275416801ae2b578ce4,0,True,,1784,204799,full_posterior,64,0.002312215695292873,0.6477531169980064,128,test_prob_128,test_prob_128,2112,0,1.0018131923762401,1,0.1701094126954807,1.0,dynamics_h_0p005_stage_2,ok,71538f5fc37b1391ecadd17c52b8587909347d90439f7dcd7fdebf72a743c41f,shallow_m0064_r0,validation_or_superseded
2,shallow,final_geometry_v15_20260930,4327fe4ece9317f6fd20fad18389a71e9b1f423b,32,0.6884619381867261,0.0038842730331733514,True,0.6966665126988834,4054.7740150469313,4345.111979602245,9133.284558081888,3468d1dbfcfad19aff939d83b1b35b55398d7c7f82f99275416801ae2b578ce4,0,True,,830,204799,full_posterior,64,0.0020430680301819315,0.6925642254428043,128,test_prob_256,test_prob_256,2112,0,1.001258482338218,1,0.15702608611180602,1.0,dynamics_h_0p005_stage_2,ok,71538f5fc37b1391ecadd17c52b8587909347d90439f7dcd7fdebf72a743c41f,shallow_m0064_r0,validation_or_superseded
2,shallow,final_geometry_v15_20260930,4327fe4ece9317f6fd20fad18389a71e9b1f423b,32,0.30093136793328945,0.003974660777320121,True,0.2985784765820739,4227.890784532266,4374.551786109168,10104.3138629035,3468d1dbfcfad19aff939d83b1b35b55398d7c7f82f99275416801ae2b578ce4,0,True,,790,204799,full_posterior,64,0.002083664722187667,0.2997549222576818,128,test_prob_384,test_prob_384,2112,0,1.0016302428621047,1,0.15824343522638465,1.0,dynamics_h_0p005_stage_2,ok,71538f5fc37b1391ecadd17c52b8587909347d90439f7dcd7fdebf72a743c41f,shallow_m0064_r0,validation_or_superseded
2,shallow,final_geometry_v15_20260930,4327fe4ece9317f6fd20fad18389a71e9b1f423b,32,0.6355546434712719,0.0041841850908832905,True,0.6345388077251022,3859.4362653719863,3903.415364952077,9689.215293372106,3468d1dbfcfad19aff939d83b1b35b55398d7c7f82f99275416801ae2b578ce4,0,True,,1910,204799,full_posterior,64,0.0022199940985391663,0.635046725598187,128,test_prob_512,test_prob_512,2112,0,1.0009458311935702,1,0.16964277687669957,1.0,dynamics_h_0p005_stage_2,ok,71538f5fc37b1391ecadd17c52b8587909347d90439f7dcd7fdebf72a743c41f,shallow_m0064_r0,validation_or_superseded
2,shallow,final_geometry_v15_20260930,4327fe4ece9317f6fd20fad18389a71e9b1f423b,32,0.32240489172373055,0.00411091534651155,True,0.332721952163576,3656.004186738678,3778.501162956945,8478.233423524907,3468d1dbfcfad19aff939d83b1b35b55398d7c7f82f99275416801ae2b578ce4,0,True,,862,204799,full_posterior,64,0.0021807924148412334,0.32756342194365323,128,test_prob_640,test_prob_640,2112,0,1.0014104417714753,1,0.16322842578090424,1.0,dynamics_h_0p005_stage_2,ok,71538f5fc37b1391ecadd17c52b8587909347d90439f7dcd7fdebf72a743c41f,shallow_m0064_r0,validation_or_superseded
2,shallow,final_geometry_v15_20260930,4327fe4ece9317f6fd20fad18389a71e9b1f423b,32,0.522728495816529,0.004572689183503134,True,0.5280020161963941,3321.370870576909,3379.0104534014017,9048.963996350314,3468d1dbfcfad19aff939d83b1b35b55398d7c7f82f99275416801ae2b578ce4,0,True,,1864,204799,full_posterior,64,0.0023950290368080648,0.5253652560064616,128,test_prob_768,test_prob_768,2112,0,1.000836277280509,1,0.1805996789535014,1.0,dynamics_h_0p005_stage_2,ok,71538f5fc37b1391ecadd17c52b8587909347d90439f7dcd7fdebf72a743c41f,shallow_m0064_r0,validation_or_superseded
2,shallow,final_geometry_v15_20260930,4327fe4ece9317f6fd20fad18389a71e9b1f423b,32,0.5294383645771906,0.004590175466279343,True,0.5271356835933889,3788.3140819233536,3785.0209929919606,10006.003094696867,3468d1dbfcfad19aff939d83b1b35b55398d7c7f82f99275416801ae2b578ce4,0,True,,1048,204799,full_posterior,64,0.0024304819515947626,0.5282870240852898,128,test_prob_896,test_prob_896,2112,0,1.0005321766424307,1,0.18153210086908647,1.0,dynamics_h_0p005_stage_2,ok,71538f5fc37b1391ecadd17c52b8587909347d90439f7dcd7fdebf72a743c41f,shallow_m0064_r0,validation_or_superseded
2,shallow,final_geometry_v15_20260930,4327fe4ece9317f6fd20fad18389a71e9b1f423b,32,0.08152406682540057,0.01659488791769988,True,0.10289955958867937,4088.445429438985,3897.3745728744757,6056.509884443703,3468d1dbfcfad19aff939d83b1b35b55398d7c7f82f99275416801ae2b578ce4,0,True,,542,204799,full_posterior,64,0.008738039075283173,0.09221181320704,128,interaction_0,interaction_0,2112,0,1.0009684190551662,1,0.619354699520657,1.0,dynamics_h_0p005_stage_2,ok,71538f5fc37b1391ecadd17c52b8587909347d90439f7dcd7fdebf72a743c41f,shallow_m0064_r0,validation_or_superseded
2,shallow,final_geometry_v15_20260930,4327fe4ece9317f6fd20fad18389a71e9b1f423b,32,0.0216947568222986,0.015493536329296882,True,0.0044102004972018695,4326.325491126168,4201.244619910374,6768.079749493427,3468d1dbfcfad19aff939d83b1b35b55398d7c7f82f99275416801ae2b578ce4,0,True,,482,204799,full_posterior,64,0.008222748581732584,0.01305247865975024,128,interaction_1,interaction_1,2112,0,1.0010483318154835,1,0.5997073823895234,1.0,dynamics_h_0p005_stage_2,ok,71538f5fc37b1391ecadd17c52b8587909347d90439f7dcd7fdebf72a743c41f,shallow_m0064_r0,validation_or_superseded
2,shallow,final_geometry_v15_20260930,4327fe4ece9317f6fd20fad18389a71e9b1f423b,32,0.04555086651894024,0.016473315638829714,True,0.06886592945547239,3968.3161891423824,3819.050138834216,5849.606653197409,3468d1dbfcfad19aff939d83b1b35b55398d7c7f82f99275416801ae2b578ce4,0,True,,762,204799,full_posterior,64,0.008702456932530378,0.057208397987206325,128,interaction_2,interaction_2,2112,0,1.0007276942925247,1,0.6306047278983097,1.0,dynamics_h_0p005_stage_2,ok,71538f5fc37b1391ecadd17c52b8587909347d90439f7dcd7fdebf72a743c41f,shallow_m0064_r0,validation_or_superseded
2,shallow,final_geometry_v15_20260930,4327fe4ece9317f6fd20fad18389a71e9b1f423b,32,0.04125394263677617,0.01704479889114958,True,0.04239044346593095,4213.027598414766,4087.0574334048556,5503.229737676151,3468d1dbfcfad19aff939d83b1b35b55398d7c7f82f99275416801ae2b578ce4,0,True,,496,204799,full_posterior,64,0.008972137247536658,0.041822193051353554,128,interaction_3,interaction_3,2112,0,1.0016848134269665,1,0.6518976320483891,1.0,dynamics_h_0p005_stage_2,ok,71538f5fc37b1391ecadd17c52b8587909347d90439f7dcd7fdebf72a743c41f,shallow_m0064_r0,validation_or_superseded
2,shallow,final_geometry_v15_20260930,4327fe4ece9317f6fd20fad18389a71e9b1f423b,32,0.30986474284554544,0.030501973685559458,True,0.3839598610550383,1905.4332816635622,1903.2977995983395,3700.542133205418,3468d1dbfcfad19aff939d83b1b35b55398d7c7f82f99275416801ae2b578ce4,0,True,,976,204799,full_posterior,64,0.016828251120040213,0.34691230195029205,128,q_A,q_A,2112,0,1.0016900584538748,1,0.9738339384348117,1.0,dynamics_h_0p005_stage_2,ok,71538f5fc37b1391ecadd17c52b8587909347d90439f7dcd7fdebf72a743c41f,shallow_m0064_r0,validation_or_superseded
2,shallow,final_geometry_v15_20260930,4327fe4ece9317f6fd20fad18389a71e9b1f423b,32,-0.042722569763430834,0.030896273445204656,True,-0.04851613593330648,2214.028942202988,2213.396314689542,4592.468644890774,3468d1dbfcfad19aff939d83b1b35b55398d7c7f82f99275416801ae2b578ce4,0,True,,716,204799,full_posterior,64,0.016833448977078783,-0.045619352848368655,128,q_W,q_W,2112,0,1.0015054056345039,1,0.9921668568721622,1.0,dynamics_h_0p005_stage_2,ok,71538f5fc37b1391ecadd17c52b8587909347d90439f7dcd7fdebf72a743c41f,shallow_m0064_r0,validation_or_superseded
2,shallow,final_geometry_v15_20260930,4327fe4ece9317f6fd20fad18389a71e9b1f423b,32,1.0557111028580284,0.004738746920614332,True,1.058402282000025,3923.3188072702956,3916.423747021656,7690.350824834378,3468d1dbfcfad19aff939d83b1b35b55398d7c7f82f99275416801ae2b578ce4,0,True,,758,204799,full_posterior,64,0.002521967463772091,1.0570566924290268,128,disp_A,disp_A,2112,0,1.0027989350473072,1,0.18002953789146708,1.0,dynamics_h_0p005_stage_2,ok,71538f5fc37b1391ecadd17c52b8587909347d90439f7dcd7fdebf72a743c41f,shallow_m0064_r0,validation_or_superseded
2,shallow,final_geometry_v15_20260930,4327fe4ece9317f6fd20fad18389a71e9b1f423b,32,1.0009409974523635,0.0008287580298433683,True,0.9998582100437378,4076.751945946842,4079.0858713002954,8815.355821068822,3468d1dbfcfad19aff939d83b1b35b55398d7c7f82f99275416801ae2b578ce4,0,True,,422,204799,full_posterior,64,0.0004340549896967937,1.0003996037480505,128,disp_W1,disp_W1,2112,0,1.0003725532414212,1,0.031377990812951034,1.0,dynamics_h_0p005_stage_2,ok,71538f5fc37b1391ecadd17c52b8587909347d90439f7dcd7fdebf72a743c41f,shallow_m0064_r0,validation_or_superseded
2,shallow,final_geometry_v15_20260930,4327fe4ece9317f6fd20fad18389a71e9b1f423b,32,70.31695925993236,0.10092576700613155,True,70.37806797447548,4199.362762174539,4224.592209072704,10256.710217390606,f22190c1cd1da2f9fb2c434d433ad09b6625c74355174329534b70bffc3f5e47,0,True,,584,102399,full_posterior,64,0.0523115973717069,70.34751361720392,128,V,V,2112,0,1.001133148573277,1,3.9343982094485166,1.0,dynamics_h_0p01_stage_2,ok,71538f5fc37b1391ecadd17c52b8587909347d90439f7dcd7fdebf72a743c41f,shallow_m0064_r0,production_final
2,shallow,final_geometry_v15_20260930,4327fe4ece9317f6fd20fad18389a71e9b1f423b,32,1130.6700512128475,0.883100664386805,True,1128.725330310749,4100.637181721252,4114.4908157402015,9263.992388603196,f22190c1cd1da2f9fb2c434d433ad09b6625c74355174329534b70bffc3f5e47,0,True,,454,102399,full_posterior,64,0.46336799564765785,1129.6976907617984,128,U,U,2112,0,1.0011935281282291,1,32.388610565072405,1.0,dynamics_h_0p01_stage_2,ok,71538f5fc37b1391ecadd17c52b8587909347d90439f7dcd7fdebf72a743c41f,shallow_m0064_r0,production_final
2,shallow,final_geometry_v15_20260930,4327fe4ece9317f6fd20fad18389a71e9b1f423b,32,1.2276711770972768,0.013692081508240314,True,1.2328898735079612,4910.149288401977,4908.118030436379,12379.172364102536,f22190c1cd1da2f9fb2c434d433ad09b6625c74355174329534b70bffc3f5e47,0,True,,372,102399,full_posterior,64,0.007104237330993781,1.2302805253026192,128,train_logit_0,train_logit_0,2112,0,1.000640303459366,1,0.5424513601133742,1.0,dynamics_h_0p01_stage_2,ok,71538f5fc37b1391ecadd17c52b8587909347d90439f7dcd7fdebf72a743c41f,shallow_m0064_r0,production_final
2,shallow,final_geometry_v15_20260930,4327fe4ece9317f6fd20fad18389a71e9b1f423b,32,-0.017711180767302367,0.013428409559651877,True,-0.025040164840611955,4184.254291796208,4189.421186647329,10027.103208233364,f22190c1cd1da2f9fb2c434d433ad09b6625c74355174329534b70bffc3f5e47,0,True,,862,102399,full_posterior,64,0.0071041873980944165,-0.021375672803957167,128,train_logit_16,train_logit_16,2112,0,1.0011038518495168,1,0.5375221473794001,1.0,dynamics_h_0p01_stage_2,ok,71538f5fc37b1391ecadd17c52b8587909347d90439f7dcd7fdebf72a743c41f,shallow_m0064_r0,production_final
2,shallow,final_geometry_v15_20260930,4327fe4ece9317f6fd20fad18389a71e9b1f423b,32,0.5465591021002757,0.014169443352646542,True,0.5422736871244841,4656.912825535567,4651.097815526997,11206.893986666715,f22190c1cd1da2f9fb2c434d433ad09b6625c74355174329534b70bffc3f5e47,0,True,,296,102399,full_posterior,64,0.007398350777149127,0.5444163946123799,128,train_logit_32,train_logit_32,2112,0,1.0012539771212567,1,0.5534990353654792,1.0,dynamics_h_0p01_stage_2,ok,71538f5fc37b1391ecadd17c52b8587909347d90439f7dcd7fdebf72a743c41f,shallow_m0064_r0,production_final
2,shallow,final_geometry_v15_20260930,4327fe4ece9317f6fd20fad18389a71e9b1f423b,32,0.5272180433314775,0.014096315935308076,True,0.5488684698963763,4408.112015107952,4423.444352982356,10583.658133534798,f22190c1cd1da2f9fb2c434d433ad09b6625c74355174329534b70bffc3f5e47,0,True,,568,102399,full_posterior,64,0.0073691371692835295,0.5380432566139269,128,train_logit_48,train_logit_48,2112,0,1.000676381200271,1,0.5549464583826288,1.0,dynamics_h_0p01_stage_2,ok,71538f5fc37b1391ecadd17c52b8587909347d90439f7dcd7fdebf72a743c41f,shallow_m0064_r0,production_final
2,shallow,final_geometry_v15_20260930,4327fe4ece9317f6fd20fad18389a71e9b1f423b,32,0.8227377231014976,0.014525160455172057,True,0.8590035869041276,3887.8660951397783,3894.325401078384,9316.300860378878,f22190c1cd1da2f9fb2c434d433ad09b6625c74355174329534b70bffc3f5e47,0,True,,544,102399,full_posterior,64,0.0076457042492227975,0.8408706550028127,128,train_logit_64,train_logit_64,2112,0,1.001512971306783,1,0.552376065319766,1.0,dynamics_h_0p01_stage_2,ok,71538f5fc37b1391ecadd17c52b8587909347d90439f7dcd7fdebf72a743c41f,shallow_m0064_r0,production_final
2,shallow,final_geometry_v15_20260930,4327fe4ece9317f6fd20fad18389a71e9b1f423b,32,-1.037661371379274,0.014656726343284828,True,-1.0435882020230702,4026.1438371474956,4048.8635609323037,9234.73548430982,f22190c1cd1da2f9fb2c434d433ad09b6625c74355174329534b70bffc3f5e47,0,True,,464,102399,full_posterior,64,0.007709685366637385,-1.0406247867011722,128,train_logit_80,train_logit_80,2112,0,1.001326783456267,1,0.5626786276077681,1.0,dynamics_h_0p01_stage_2,ok,71538f5fc37b1391ecadd17c52b8587909347d90439f7dcd7fdebf72a743c41f,shallow_m0064_r0,production_final
2,shallow,final_geometry_v15_20260930,4327fe4ece9317f6fd20fad18389a71e9b1f423b,32,0.7584571557196231,0.014161487488178227,True,0.7630159480107734,4165.379395904832,4135.235614667685,10553.785912707843,f22190c1cd1da2f9fb2c434d433ad09b6625c74355174329534b70bffc3f5e47,0,True,,768,102399,full_posterior,64,0.0073807969628264716,0.7607365518651984,128,train_logit_96,train_logit_96,2112,0,1.0004135253290114,1,0.5535451166308276,1.0,dynamics_h_0p01_stage_2,ok,71538f5fc37b1391ecadd17c52b8587909347d90439f7dcd7fdebf72a743c41f,shallow_m0064_r0,production_final
2,shallow,final_geometry_v15_20260930,4327fe4ece9317f6fd20fad18389a71e9b1f423b,32,0.3090787788602819,0.013403085605976028,True,0.30585630328647434,4929.9047992405885,4928.474187205346,11794.755119605168,f22190c1cd1da2f9fb2c434d433ad09b6625c74355174329534b70bffc3f5e47,0,True,,362,102399,full_posterior,64,0.007053387641240872,0.3074675410733781,128,train_logit_112,train_logit_112,2112,0,1.000399717712313,1,0.5415222813405944,1.0,dynamics_h_0p01_stage_2,ok,71538f5fc37b1391ecadd17c52b8587909347d90439f7dcd7fdebf72a743c41f,shallow_m0064_r0,production_final
2,shallow,final_geometry_v15_20260930,4327fe4ece9317f6fd20fad18389a71e9b1f423b,32,0.5000704640887327,0.004768976875249036,True,0.5031294618546015,4017.456351375391,4059.6262672499274,9741.1401040669,f22190c1cd1da2f9fb2c434d433ad09b6625c74355174329534b70bffc3f5e47,0,True,,454,102399,full_posterior,64,0.0025318393027717622,0.5015999629716671,128,test_prob_0,test_prob_0,2112,0,1.0013053410628596,1,0.18106786184010099,1.0,dynamics_h_0p01_stage_2,ok,71538f5fc37b1391ecadd17c52b8587909347d90439f7dcd7fdebf72a743c41f,shallow_m0064_r0,production_final
2,shallow,final_geometry_v15_20260930,4327fe4ece9317f6fd20fad18389a71e9b1f423b,32,0.6486656591691241,0.004672149211873207,True,0.6485246853405114,3772.181909943921,3855.446145140252,9923.558540862303,f22190c1cd1da2f9fb2c434d433ad09b6625c74355174329534b70bffc3f5e47,0,True,,518,102399,full_posterior,64,0.0024255247206043627,0.6485951722548176,128,test_prob_128,test_prob_128,2112,0,1.0004187714052466,1,0.171698347456265,1.0,dynamics_h_0p01_stage_2,ok,71538f5fc37b1391ecadd17c52b8587909347d90439f7dcd7fdebf72a743c41f,shallow_m0064_r0,production_final
2,shallow,final_geometry_v15_20260930,4327fe4ece9317f6fd20fad18389a71e9b1f423b,32,0.6879004949430153,0.004135607038472692,True,0.6917947155769173,3969.738990316058,4032.2257399948335,10066.80923150736,f22190c1cd1da2f9fb2c434d433ad09b6625c74355174329534b70bffc3f5e47,0,True,,602,102399,full_posterior,64,0.0021925466144787874,0.689847605259966,128,test_prob_256,test_prob_256,2112,0,1.00074697462502,1,0.15684123805586783,1.0,dynamics_h_0p01_stage_2,ok,71538f5fc37b1391ecadd17c52b8587909347d90439f7dcd7fdebf72a743c41f,shallow_m0064_r0,production_final
2,shallow,final_geometry_v15_20260930,4327fe4ece9317f6fd20fad18389a71e9b1f423b,32,0.30853341467571754,0.004112936340961731,True,0.3003925841110606,4052.6247197024363,4112.854895775776,9023.466212529798,f22190c1cd1da2f9fb2c434d433ad09b6625c74355174329534b70bffc3f5e47,0,True,,794,102399,full_posterior,64,0.002120982166879491,0.30446299939338917,128,test_prob_384,test_prob_384,2112,0,1.0009377914785096,1,0.1568759962374396,1.0,dynamics_h_0p01_stage_2,ok,71538f5fc37b1391ecadd17c52b8587909347d90439f7dcd7fdebf72a743c41f,shallow_m0064_r0,production_final
2,shallow,final_geometry_v15_20260930,4327fe4ece9317f6fd20fad18389a71e9b1f423b,32,0.6374940913529967,0.004587566775822495,True,0.6385909386787115,3810.332689452757,3972.9374469296026,8854.779425389515,f22190c1cd1da2f9fb2c434d433ad09b6625c74355174329534b70bffc3f5e47,0,True,,860,102399,full_posterior,64,0.0023689173024755007,0.6380425150158542,128,test_prob_512,test_prob_512,2112,0,1.0011069037258609,1,0.17001591955802067,1.0,dynamics_h_0p01_stage_2,ok,71538f5fc37b1391ecadd17c52b8587909347d90439f7dcd7fdebf72a743c41f,shallow_m0064_r0,production_final
2,shallow,final_geometry_v15_20260930,4327fe4ece9317f6fd20fad18389a71e9b1f423b,32,0.3271045667504579,0.004256098657011753,True,0.3296018416604099,3958.912546765185,3971.502742833159,10346.499642353861,f22190c1cd1da2f9fb2c434d433ad09b6625c74355174329534b70bffc3f5e47,0,True,,496,102399,full_posterior,64,0.002270192346717574,0.32835320420543396,128,test_prob_640,test_prob_640,2112,0,1.0005028674167056,1,0.1622170415391702,1.0,dynamics_h_0p01_stage_2,ok,71538f5fc37b1391ecadd17c52b8587909347d90439f7dcd7fdebf72a743c41f,shallow_m0064_r0,production_final
2,shallow,final_geometry_v15_20260930,4327fe4ece9317f6fd20fad18389a71e9b1f423b,32,0.5222408959246042,0.004686414519739446,True,0.5256179765181023,4201.784480439461,4282.217691346707,9285.59367760179,f22190c1cd1da2f9fb2c434d433ad09b6625c74355174329534b70bffc3f5e47,0,True,,508,102399,full_posterior,64,0.0024280571296377935,0.5239294362213531,128,test_prob_768,test_prob_768,2112,0,1.0005356921157003,1,0.1794234950867053,1.0,dynamics_h_0p01_stage_2,ok,71538f5fc37b1391ecadd17c52b8587909347d90439f7dcd7fdebf72a743c41f,shallow_m0064_r0,production_final
2,shallow,final_geometry_v15_20260930,4327fe4ece9317f6fd20fad18389a71e9b1f423b,32,0.5366153909569418,0.004836767348458389,True,0.5304212240751289,4335.595111987915,4380.7628819880965,10292.02132439613,f22190c1cd1da2f9fb2c434d433ad09b6625c74355174329534b70bffc3f5e47,0,True,,358,102399,full_posterior,64,0.0024735030256428665,0.5335183075160351,128,test_prob_896,test_prob_896,2112,0,1.0006986440297927,1,0.181286974843997,1.0,dynamics_h_0p01_stage_2,ok,71538f5fc37b1391ecadd17c52b8587909347d90439f7dcd7fdebf72a743c41f,shallow_m0064_r0,production_final
2,shallow,final_geometry_v15_20260930,4327fe4ece9317f6fd20fad18389a71e9b1f423b,32,0.0655600103278321,0.016714715955518666,True,0.09256540214451961,4205.426487251104,4092.768775994694,6098.936525050966,f22190c1cd1da2f9fb2c434d433ad09b6625c74355174329534b70bffc3f5e47,0,True,,338,102399,full_posterior,64,0.008790603481504443,0.07906270623617585,128,interaction_0,interaction_0,2112,0,1.0011017401726214,1,0.6163129894704179,1.0,dynamics_h_0p01_stage_2,ok,71538f5fc37b1391ecadd17c52b8587909347d90439f7dcd7fdebf72a743c41f,shallow_m0064_r0,production_final
2,shallow,final_geometry_v15_20260930,4327fe4ece9317f6fd20fad18389a71e9b1f423b,32,0.011735791998495216,0.016667417617662425,True,0.010899729381326608,4445.298873362975,4248.405465710828,6788.747420217183,f22190c1cd1da2f9fb2c434d433ad09b6625c74355174329534b70bffc3f5e47,0,True,,210,102399,full_posterior,64,0.008693236228005928,0.011317760689910908,128,interaction_1,interaction_1,2112,0,1.000524043297704,1,0.6107232972868479,1.0,dynamics_h_0p01_stage_2,ok,71538f5fc37b1391ecadd17c52b8587909347d90439f7dcd7fdebf72a743c41f,shallow_m0064_r0,production_final
2,shallow,final_geometry_v15_20260930,4327fe4ece9317f6fd20fad18389a71e9b1f423b,32,0.03649034513294969,0.0174524529613777,True,0.029620355649719148,4021.485589691394,3886.4991372007444,6661.560407631596,f22190c1cd1da2f9fb2c434d433ad09b6625c74355174329534b70bffc3f5e47,0,True,,392,102399,full_posterior,64,0.009105570516321777,0.03305535039133443,128,interaction_2,interaction_2,2112,0,1.0007832995506407,1,0.6255313843681162,1.0,dynamics_h_0p01_stage_2,ok,71538f5fc37b1391ecadd17c52b8587909347d90439f7dcd7fdebf72a743c41f,shallow_m0064_r0,production_final
2,shallow,final_geometry_v15_20260930,4327fe4ece9317f6fd20fad18389a71e9b1f423b,32,0.05018191193005518,0.018746752819829914,True,0.07227994124598083,3750.1533247214925,3601.2842579099697,5390.350630225088,f22190c1cd1da2f9fb2c434d433ad09b6625c74355174329534b70bffc3f5e47,0,True,,358,102399,full_posterior,64,0.009776084332827832,0.06123092658801801,128,interaction_3,interaction_3,2112,0,1.0007563844693876,1,0.6561480282375205,1.0,dynamics_h_0p01_stage_2,ok,71538f5fc37b1391ecadd17c52b8587909347d90439f7dcd7fdebf72a743c41f,shallow_m0064_r0,production_final
2,shallow,final_geometry_v15_20260930,4327fe4ece9317f6fd20fad18389a71e9b1f423b,32,0.3730317385708916,0.033594876804944614,True,0.36279180735362837,1607.6081257278508,1608.286991678901,4070.141527691426,f22190c1cd1da2f9fb2c434d433ad09b6625c74355174329534b70bffc3f5e47,0,True,,1434,102399,full_posterior,64,0.01841944969344439,0.36791177296226,128,q_A,q_A,2112,0,1.0031488202303929,1,0.9672251398752459,1.0,dynamics_h_0p01_stage_2,ok,71538f5fc37b1391ecadd17c52b8587909347d90439f7dcd7fdebf72a743c41f,shallow_m0064_r0,production_final
2,shallow,final_geometry_v15_20260930,4327fe4ece9317f6fd20fad18389a71e9b1f423b,32,-0.08525093300641616,0.03490159341087307,True,-0.05628603078927347,2201.0995639360785,2199.460097624602,4109.447779807381,f22190c1cd1da2f9fb2c434d433ad09b6625c74355174329534b70bffc3f5e47,0,True,,416,102399,full_posterior,64,0.018422384257660886,-0.07076848189784482,128,q_W,q_W,2112,0,1.0009972566087826,1,1.0056595758990712,1.0,dynamics_h_0p01_stage_2,ok,71538f5fc37b1391ecadd17c52b8587909347d90439f7dcd7fdebf72a743c41f,shallow_m0064_r0,production_final
2,shallow,final_geometry_v15_20260930,4327fe4ece9317f6fd20fad18389a71e9b1f423b,32,1.0591326826770693,0.0048870276954077075,True,1.0500137857140248,4158.620159505147,4160.236708022303,9229.473724946649,f22190c1cd1da2f9fb2c434d433ad09b6625c74355174329534b70bffc3f5e47,0,True,,288,102399,full_posterior,64,0.0025453029615998515,1.054573234195547,128,disp_A,disp_A,2112,0,1.000813772260483,1,0.17749233047242824,1.0,dynamics_h_0p01_stage_2,ok,71538f5fc37b1391ecadd17c52b8587909347d90439f7dcd7fdebf72a743c41f,shallow_m0064_r0,production_final
2,shallow,final_geometry_v15_20260930,4327fe4ece9317f6fd20fad18389a71e9b1f423b,32,1.0024031700266105,0.0008598713767865136,True,1.000729317571704,4025.6779530772483,4042.7034838539807,9036.592080468463,f22190c1cd1da2f9fb2c434d433ad09b6625c74355174329534b70bffc3f5e47,0,True,,444,102399,full_posterior,64,0.000450852311667632,1.001566243799157,128,disp_W1,disp_W1,2112,0,1.0011783343811504,1,0.031286474964189855,1.0,dynamics_h_0p01_stage_2,ok,71538f5fc37b1391ecadd17c52b8587909347d90439f7dcd7fdebf72a743c41f,shallow_m0064_r0,production_final
2,shallow,final_geometry_v15_20260930,4327fe4ece9317f6fd20fad18389a71e9b1f423b,32,70.31450220906511,0.10721900243171481,True,70.46484280184443,4518.776292079388,4558.605976849956,10072.006828268843,db590ad535a08a897b115f001191e96e9e6a1324df15849ab159cf53ebdfd41b,0,True,,180,51199,full_posterior,64,0.05442316754053101,70.38967250545478,128,V,V,2112,0,1.0014023376946461,1,3.925263446416559,1.0,dynamics_h_0p02_stage_2,ok,71538f5fc37b1391ecadd17c52b8587909347d90439f7dcd7fdebf72a743c41f,shallow_m0064_r0,validation_or_superseded
2,shallow,final_geometry_v15_20260930,4327fe4ece9317f6fd20fad18389a71e9b1f423b,32,1128.1687900487939,0.955349280722572,True,1128.9916228468853,3933.886719732066,3945.595239537442,8802.998918021685,db590ad535a08a897b115f001191e96e9e6a1324df15849ab159cf53ebdfd41b,0,True,,386,51199,full_posterior,64,0.48914404902948017,1128.5802064478398,128,U,U,2112,0,1.0005330877720755,1,32.54480021439747,1.0,dynamics_h_0p02_stage_2,ok,71538f5fc37b1391ecadd17c52b8587909347d90439f7dcd7fdebf72a743c41f,shallow_m0064_r0,validation_or_superseded
2,shallow,final_geometry_v15_20260930,4327fe4ece9317f6fd20fad18389a71e9b1f423b,32,1.221872498331022,0.015344420129308941,True,1.2061467996812332,4113.270790836853,4119.011475774383,9939.589128020805,db590ad535a08a897b115f001191e96e9e6a1324df15849ab159cf53ebdfd41b,0,True,,222,51199,full_posterior,64,0.008038500078278792,1.2140096490061276,128,train_logit_0,train_logit_0,2112,0,1.0007278856183814,1,0.5576103232081573,1.0,dynamics_h_0p02_stage_2,ok,71538f5fc37b1391ecadd17c52b8587909347d90439f7dcd7fdebf72a743c41f,shallow_m0064_r0,validation_or_superseded
2,shallow,final_geometry_v15_20260930,4327fe4ece9317f6fd20fad18389a71e9b1f423b,32,-0.03321163310201633,0.01394940570371697,True,-0.03086148515547224,4997.170413418531,4985.0866353861675,11016.447830940306,db590ad535a08a897b115f001191e96e9e6a1324df15849ab159cf53ebdfd41b,0,True,,130,51199,full_posterior,64,0.007207393890805319,-0.032036559128744285,128,train_logit_16,train_logit_16,2112,0,1.0009544440890885,1,0.5341540226862722,1.0,dynamics_h_0p02_stage_2,ok,71538f5fc37b1391ecadd17c52b8587909347d90439f7dcd7fdebf72a743c41f,shallow_m0064_r0,validation_or_superseded
2,shallow,final_geometry_v15_20260930,4327fe4ece9317f6fd20fad18389a71e9b1f423b,32,0.5651186694701782,0.015074219536298965,True,0.5773951832525642,4182.49632818055,4219.427085430283,10851.56915828187,db590ad535a08a897b115f001191e96e9e6a1324df15849ab159cf53ebdfd41b,0,True,,382,51199,full_posterior,64,0.007730315976220789,0.5712569263613713,128,train_logit_32,train_logit_32,2112,0,1.0010068890112072,1,0.5571127397679865,1.0,dynamics_h_0p02_stage_2,ok,71538f5fc37b1391ecadd17c52b8587909347d90439f7dcd7fdebf72a743c41f,shallow_m0064_r0,validation_or_superseded
2,shallow,final_geometry_v15_20260930,4327fe4ece9317f6fd20fad18389a71e9b1f423b,32,0.5604930260839723,0.014916653817346323,True,0.5401002795183197,4503.924910775822,4500.682933102785,10597.816833321094,db590ad535a08a897b115f001191e96e9e6a1324df15849ab159cf53ebdfd41b,0,True,,298,51199,full_posterior,64,0.00768700332181238,0.550296652801146,128,train_logit_48,train_logit_48,2112,0,1.000529258861619,1,0.557097374798536,1.0,dynamics_h_0p02_stage_2,ok,71538f5fc37b1391ecadd17c52b8587909347d90439f7dcd7fdebf72a743c41f,shallow_m0064_r0,validation_or_superseded
2,shallow,final_geometry_v15_20260930,4327fe4ece9317f6fd20fad18389a71e9b1f423b,32,0.8526498126452463,0.01506478730351416,True,0.8402560217789911,4259.768360793707,4241.815803422661,10338.387367293019,db590ad535a08a897b115f001191e96e9e6a1324df15849ab159cf53ebdfd41b,0,True,,226,51199,full_posterior,64,0.007837163528046384,0.8464529172121186,128,train_logit_64,train_logit_64,2112,0,1.000555446591467,1,0.5527792154538409,1.0,dynamics_h_0p02_stage_2,ok,71538f5fc37b1391ecadd17c52b8587909347d90439f7dcd7fdebf72a743c41f,shallow_m0064_r0,validation_or_superseded
2,shallow,final_geometry_v15_20260930,4327fe4ece9317f6fd20fad18389a71e9b1f423b,32,-1.024654945721126,0.01565732162913545,True,-1.0589447837732617,4261.490350778404,4277.01849479227,9300.1711751603,db590ad535a08a897b115f001191e96e9e6a1324df15849ab159cf53ebdfd41b,0,True,,246,51199,full_posterior,64,0.00800584430473888,-1.0417998647471938,128,train_logit_80,train_logit_80,2112,0,1.00141791574397,1,0.5715518378247493,1.0,dynamics_h_0p02_stage_2,ok,71538f5fc37b1391ecadd17c52b8587909347d90439f7dcd7fdebf72a743c41f,shallow_m0064_r0,validation_or_superseded
2,shallow,final_geometry_v15_20260930,4327fe4ece9317f6fd20fad18389a71e9b1f423b,32,0.757600122836203,0.014809061582267318,True,0.7788651452190096,4497.216689336556,4504.502774236846,11730.239042351353,db590ad535a08a897b115f001191e96e9e6a1324df15849ab159cf53ebdfd41b,0,True,,406,51199,full_posterior,64,0.007703962104372101,0.7682326340276063,128,train_logit_96,train_logit_96,2112,0,1.0005638684223546,1,0.5564089973831027,1.0,dynamics_h_0p02_stage_2,ok,71538f5fc37b1391ecadd17c52b8587909347d90439f7dcd7fdebf72a743c41f,shallow_m0064_r0,validation_or_superseded
2,shallow,final_geometry_v15_20260930,4327fe4ece9317f6fd20fad18389a71e9b1f423b,32,0.3133094481515956,0.013543198506803578,True,0.3276549905173192,5363.793337395878,5364.252463148664,12331.30084410116,db590ad535a08a897b115f001191e96e9e6a1324df15849ab159cf53ebdfd41b,0,True,,152,51199,full_posterior,64,0.006812603164360343,0.32048221933445736,128,train_logit_112,train_logit_112,2112,0,1.0007727716848112,1,0.5318428298966061,1.0,dynamics_h_0p02_stage_2,ok,71538f5fc37b1391ecadd17c52b8587909347d90439f7dcd7fdebf72a743c41f,shallow_m0064_r0,validation_or_superseded
2,shallow,final_geometry_v15_20260930,4327fe4ece9317f6fd20fad18389a71e9b1f423b,32,0.5020028786837994,0.005155665993011021,True,0.5093499091494368,3615.016559985768,3642.422821590621,9136.233505184366,db590ad535a08a897b115f001191e96e9e6a1324df15849ab159cf53ebdfd41b,0,True,,482,51199,full_posterior,64,0.0026983337275942017,0.5056763939166181,128,test_prob_0,test_prob_0,2112,0,1.0010821156918919,1,0.1828854746438325,1.0,dynamics_h_0p02_stage_2,ok,71538f5fc37b1391ecadd17c52b8587909347d90439f7dcd7fdebf72a743c41f,shallow_m0064_r0,validation_or_superseded
2,shallow,final_geometry_v15_20260930,4327fe4ece9317f6fd20fad18389a71e9b1f423b,32,0.6452171020835099,0.004977137862249234,True,0.6455406843081549,3506.152262982568,3619.6519679056114,8238.197410876915,db590ad535a08a897b115f001191e96e9e6a1324df15849ab159cf53ebdfd41b,0,True,,330,51199,full_posterior,64,0.002591454747481436,0.6453788931958324,128,test_prob_128,test_prob_128,2112,0,1.0019668814306384,1,0.17209847501183245,1.0,dynamics_h_0p02_stage_2,ok,71538f5fc37b1391ecadd17c52b8587909347d90439f7dcd7fdebf72a743c41f,shallow_m0064_r0,validation_or_superseded
2,shallow,final_geometry_v15_20260930,4327fe4ece9317f6fd20fad18389a71e9b1f423b,32,0.696811138287067,0.004327919819708647,True,0.6921054737890386,3956.8111884784207,4049.587322405675,9171.531715413666,db590ad535a08a897b115f001191e96e9e6a1324df15849ab159cf53ebdfd41b,0,True,,616,51199,full_posterior,64,0.002246342556958586,0.6944583060380528,128,test_prob_256,test_prob_256,2112,0,1.0008943072202676,1,0.158076031218426,1.0,dynamics_h_0p02_stage_2,ok,71538f5fc37b1391ecadd17c52b8587909347d90439f7dcd7fdebf72a743c41f,shallow_m0064_r0,validation_or_superseded
2,shallow,final_geometry_v15_20260930,4327fe4ece9317f6fd20fad18389a71e9b1f423b,32,0.29616189001032234,0.004485046182263726,True,0.2966080884174932,3765.2711363261637,3830.1987502587804,9813.215128866552,db590ad535a08a897b115f001191e96e9e6a1324df15849ab159cf53ebdfd41b,0,True,,190,51199,full_posterior,64,0.002277036392426832,0.2963849892139077,128,test_prob_384,test_prob_384,2112,0,1.0004499703589442,1,0.15573380821079713,1.0,dynamics_h_0p02_stage_2,ok,71538f5fc37b1391ecadd17c52b8587909347d90439f7dcd7fdebf72a743c41f,shallow_m0064_r0,validation_or_superseded
2,shallow,final_geometry_v15_20260930,4327fe4ece9317f6fd20fad18389a71e9b1f423b,32,0.6326499984320664,0.004843028616971145,True,0.629265039966039,3934.0247950420794,4067.4941623450977,8884.069252512976,db590ad535a08a897b115f001191e96e9e6a1324df15849ab159cf53ebdfd41b,0,True,,200,51199,full_posterior,64,0.0025081603546625738,0.6309575191990526,128,test_prob_512,test_prob_512,2112,0,1.0010230895163406,1,0.17363298179058334,1.0,dynamics_h_0p02_stage_2,ok,71538f5fc37b1391ecadd17c52b8587909347d90439f7dcd7fdebf72a743c41f,shallow_m0064_r0,validation_or_superseded
2,shallow,final_geometry_v15_20260930,4327fe4ece9317f6fd20fad18389a71e9b1f423b,32,0.33037335530777,0.004432182843663801,True,0.32791436432906496,4317.775324087999,4388.561071016164,10610.806607991351,db590ad535a08a897b115f001191e96e9e6a1324df15849ab159cf53ebdfd41b,0,True,,158,51199,full_posterior,64,0.002310724830740718,0.3291438598184175,128,test_prob_640,test_prob_640,2112,0,1.0008003425722891,1,0.16132227036181573,1.0,dynamics_h_0p02_stage_2,ok,71538f5fc37b1391ecadd17c52b8587909347d90439f7dcd7fdebf72a743c41f,shallow_m0064_r0,validation_or_superseded
2,shallow,final_geometry_v15_20260930,4327fe4ece9317f6fd20fad18389a71e9b1f423b,32,0.526008646518481,0.0051486425996903245,True,0.5192230907400333,3912.6305992746297,3923.0812952854144,9909.126146023402,db590ad535a08a897b115f001191e96e9e6a1324df15849ab159cf53ebdfd41b,0,True,,210,51199,full_posterior,64,0.0026645859409643686,0.5226158686292571,128,test_prob_768,test_prob_768,2112,0,1.0012297115451743,1,0.18152480931083823,1.0,dynamics_h_0p02_stage_2,ok,71538f5fc37b1391ecadd17c52b8587909347d90439f7dcd7fdebf72a743c41f,shallow_m0064_r0,validation_or_superseded
2,shallow,final_geometry_v15_20260930,4327fe4ece9317f6fd20fad18389a71e9b1f423b,32,0.5245274689745055,0.0049358935418217925,True,0.5256192624475733,4494.461351310566,4526.466347836073,10070.736904303332,db590ad535a08a897b115f001191e96e9e6a1324df15849ab159cf53ebdfd41b,0,True,,138,51199,full_posterior,64,0.0025774311527797804,0.5250733657110395,128,test_prob_896,test_prob_896,2112,0,1.0008220324341537,1,0.1811140148297326,1.0,dynamics_h_0p02_stage_2,ok,71538f5fc37b1391ecadd17c52b8587909347d90439f7dcd7fdebf72a743c41f,shallow_m0064_r0,validation_or_superseded
2,shallow,final_geometry_v15_20260930,4327fe4ece9317f6fd20fad18389a71e9b1f423b,32,0.05430632140778476,0.018184992182812713,True,0.09748155514118252,4125.21613945346,3958.7943564589873,6043.592950069767,db590ad535a08a897b115f001191e96e9e6a1324df15849ab159cf53ebdfd41b,0,True,,136,51199,full_posterior,64,0.009325570371990938,0.07589393827448364,128,interaction_0,interaction_0,2112,0,1.0009737884884868,1,0.6194603463691679,1.0,dynamics_h_0p02_stage_2,ok,71538f5fc37b1391ecadd17c52b8587909347d90439f7dcd7fdebf72a743c41f,shallow_m0064_r0,validation_or_superseded
2,shallow,final_geometry_v15_20260930,4327fe4ece9317f6fd20fad18389a71e9b1f423b,32,0.011087140031845657,0.0182843603446763,True,-0.005821542289022379,4026.541107377905,3852.850375725569,5886.23045207698,db590ad535a08a897b115f001191e96e9e6a1324df15849ab159cf53ebdfd41b,0,True,,138,51199,full_posterior,64,0.009201901505511595,0.002632798871411637,128,interaction_1,interaction_1,2112,0,1.0007310572909682,1,0.6202010390298015,1.0,dynamics_h_0p02_stage_2,ok,71538f5fc37b1391ecadd17c52b8587909347d90439f7dcd7fdebf72a743c41f,shallow_m0064_r0,validation_or_superseded
2,shallow,final_geometry_v15_20260930,4327fe4ece9317f6fd20fad18389a71e9b1f423b,32,0.061029741121461395,0.019690583311312553,True,0.030582184301505416,3732.9569070752163,3607.7218141311682,6048.365023934328,db590ad535a08a897b115f001191e96e9e6a1324df15849ab159cf53ebdfd41b,0,True,,204,51199,full_posterior,64,0.01004703931944549,0.0458059627114834,128,interaction_2,interaction_2,2112,0,1.0009952860913793,1,0.6485696078613301,1.0,dynamics_h_0p02_stage_2,ok,71538f5fc37b1391ecadd17c52b8587909347d90439f7dcd7fdebf72a743c41f,shallow_m0064_r0,validation_or_superseded
2,shallow,final_geometry_v15_20260930,4327fe4ece9317f6fd20fad18389a71e9b1f423b,32,0.028646550274797008,0.018408208645902258,True,0.04343781461647712,3923.6407455309736,3761.522754555067,5481.804471920281,db590ad535a08a897b115f001191e96e9e6a1324df15849ab159cf53ebdfd41b,0,True,,148,51199,full_posterior,64,0.009449632013404327,0.03604218244563706,128,interaction_3,interaction_3,2112,0,1.0014463150983046,1,0.625873406944981,1.0,dynamics_h_0p02_stage_2,ok,71538f5fc37b1391ecadd17c52b8587909347d90439f7dcd7fdebf72a743c41f,shallow_m0064_r0,validation_or_superseded
2,shallow,final_geometry_v15_20260930,4327fe4ece9317f6fd20fad18389a71e9b1f423b,32,0.3571182731589708,0.03618116883779759,True,0.3209367865903334,1793.2767804099267,1793.8825191615385,4386.045556172087,db590ad535a08a897b115f001191e96e9e6a1324df15849ab159cf53ebdfd41b,0,True,,400,51199,full_posterior,64,0.019340990498237533,0.33902752987465207,128,q_A,q_A,2112,0,1.001725444686308,1,0.9643171903243765,1.0,dynamics_h_0p02_stage_2,ok,71538f5fc37b1391ecadd17c52b8587909347d90439f7dcd7fdebf72a743c41f,shallow_m0064_r0,validation_or_superseded
2,shallow,final_geometry_v15_20260930,4327fe4ece9317f6fd20fad18389a71e9b1f423b,32,-0.04297315693640842,0.037171973432747585,True,-0.04644069242690385,2068.3963864932666,2067.3502546453788,4992.623709212203,db590ad535a08a897b115f001191e96e9e6a1324df15849ab159cf53ebdfd41b,0,True,,268,51199,full_posterior,64,0.01933345777851834,-0.044706924681656136,128,q_W,q_W,2112,0,1.0011799006301871,1,0.9921368288859072,1.0,dynamics_h_0p02_stage_2,ok,71538f5fc37b1391ecadd17c52b8587909347d90439f7dcd7fdebf72a743c41f,shallow_m0064_r0,validation_or_superseded
2,shallow,final_geometry_v15_20260930,4327fe4ece9317f6fd20fad18389a71e9b1f423b,32,1.0573713090771613,0.005219542689897169,True,1.0577269471127806,3771.546436912784,3780.30800176677,9174.396110161735,db590ad535a08a897b115f001191e96e9e6a1324df15849ab159cf53ebdfd41b,0,True,,236,51199,full_posterior,64,0.002706269830045961,1.057549128094971,128,disp_A,disp_A,2112,0,1.0013840110828354,1,0.1790150145603043,1.0,dynamics_h_0p02_stage_2,ok,71538f5fc37b1391ecadd17c52b8587909347d90439f7dcd7fdebf72a743c41f,shallow_m0064_r0,validation_or_superseded
2,shallow,final_geometry_v15_20260930,4327fe4ece9317f6fd20fad18389a71e9b1f423b,32,1.0000179745598239,0.0009215996824671104,True,1.000663591540461,3786.0047196907194,3785.6308970436357,8753.263371554645,db590ad535a08a897b115f001191e96e9e6a1324df15849ab159cf53ebdfd41b,0,True,,326,51199,full_posterior,64,0.00047170019763453886,1.0003407830501423,128,disp_W1,disp_W1,2112,0,1.0005530288620839,1,0.031209979218351384,1.0,dynamics_h_0p02_stage_2,ok,71538f5fc37b1391ecadd17c52b8587909347d90439f7dcd7fdebf72a743c41f,shallow_m0064_r0,validation_or_superseded
2,shallow,final_geometry_v15_20260930,4327fe4ece9317f6fd20fad18389a71e9b1f423b,32,55.150139463363956,0.1131713893555153,True,54.857523862831016,4023.048538206321,4045.6089768389397,9567.251433987336,dcafc5ae0de1479fb220ba30e298ef902e6b66a3d231a72cfa038d595eb3aa76,0,True,,940,204799,full_posterior,64,0.06002284698731716,55.003831663097515,128,V,V,2112,1,1.0014574733376456,1,4.502164275597641,1.0,dynamics_h_0p005_stage_2,ok,2ebbaf17c0b875a151400adfe0c20fdcca7ef1fee9db82b7da14f8303c6ed54d,shallow_m0064_r1,validation_or_superseded
2,shallow,final_geometry_v15_20260930,4327fe4ece9317f6fd20fad18389a71e9b1f423b,32,1117.2263377736226,0.8525872929943462,True,1116.7413622993909,4143.476655074397,4137.408303286961,8431.171116416954,dcafc5ae0de1479fb220ba30e298ef902e6b66a3d231a72cfa038d595eb3aa76,0,True,,466,204799,full_posterior,64,0.4446991829602721,1116.9838500365065,128,U,U,2112,1,1.0011213934306586,1,32.44887943963845,1.0,dynamics_h_0p005_stage_2,ok,2ebbaf17c0b875a151400adfe0c20fdcca7ef1fee9db82b7da14f8303c6ed54d,shallow_m0064_r1,validation_or_superseded
2,shallow,final_geometry_v15_20260930,4327fe4ece9317f6fd20fad18389a71e9b1f423b,32,0.2681990510245473,0.014303000605063355,True,0.25809315150230017,4582.76394366911,4568.000843429805,10977.755861975047,dcafc5ae0de1479fb220ba30e298ef902e6b66a3d231a72cfa038d595eb3aa76,0,True,,748,204799,full_posterior,64,0.007683360641176312,0.2631461012634238,128,train_logit_0,train_logit_0,2112,1,1.0008611824513451,1,0.5885065761353621,1.0,dynamics_h_0p005_stage_2,ok,2ebbaf17c0b875a151400adfe0c20fdcca7ef1fee9db82b7da14f8303c6ed54d,shallow_m0064_r1,validation_or_superseded
2,shallow,final_geometry_v15_20260930,4327fe4ece9317f6fd20fad18389a71e9b1f423b,32,0.836820183946826,0.014103147323451104,True,0.8839143230899849,3769.5791896856194,3772.923474113758,9621.18046020689,dcafc5ae0de1479fb220ba30e298ef902e6b66a3d231a72cfa038d595eb3aa76,0,True,,1162,204799,full_posterior,64,0.007513795980751078,0.8603672535184056,128,train_logit_16,train_logit_16,2112,1,1.001638467005509,1,0.5717533208935512,1.0,dynamics_h_0p005_stage_2,ok,2ebbaf17c0b875a151400adfe0c20fdcca7ef1fee9db82b7da14f8303c6ed54d,shallow_m0064_r1,validation_or_superseded
2,shallow,final_geometry_v15_20260930,4327fe4ece9317f6fd20fad18389a71e9b1f423b,32,-0.05023652327091616,0.013696340427414794,True,-0.053051048831323715,4920.355863206301,4921.314808404417,11751.55133251079,dcafc5ae0de1479fb220ba30e298ef902e6b66a3d231a72cfa038d595eb3aa76,0,True,,488,204799,full_posterior,64,0.007177322572424667,-0.05164378605111992,128,train_logit_32,train_logit_32,2112,1,1.0004232680425613,1,0.5683347934931846,1.0,dynamics_h_0p005_stage_2,ok,2ebbaf17c0b875a151400adfe0c20fdcca7ef1fee9db82b7da14f8303c6ed54d,shallow_m0064_r1,validation_or_superseded
2,shallow,final_geometry_v15_20260930,4327fe4ece9317f6fd20fad18389a71e9b1f423b,32,-1.3400491275570996,0.015206084999177702,True,-1.32221184630048,4070.4765253253277,4065.2852357791257,9944.721403214524,dcafc5ae0de1479fb220ba30e298ef902e6b66a3d231a72cfa038d595eb3aa76,0,True,,686,204799,full_posterior,64,0.008057573809226939,-1.3311304869287892,128,train_logit_48,train_logit_48,2112,1,1.0008239307132272,1,0.5988227180388894,1.0,dynamics_h_0p005_stage_2,ok,2ebbaf17c0b875a151400adfe0c20fdcca7ef1fee9db82b7da14f8303c6ed54d,shallow_m0064_r1,validation_or_superseded
2,shallow,final_geometry_v15_20260930,4327fe4ece9317f6fd20fad18389a71e9b1f423b,32,0.9476969770520247,0.014663007823511239,True,0.9481037594012441,4266.9980012598235,4269.531376972166,9885.388243616806,dcafc5ae0de1479fb220ba30e298ef902e6b66a3d231a72cfa038d595eb3aa76,0,True,,834,204799,full_posterior,64,0.007842666866127536,0.9479003682266343,128,train_logit_64,train_logit_64,2112,1,1.000346293286133,1,0.5885782516275714,1.0,dynamics_h_0p005_stage_2,ok,2ebbaf17c0b875a151400adfe0c20fdcca7ef1fee9db82b7da14f8303c6ed54d,shallow_m0064_r1,validation_or_superseded
2,shallow,final_geometry_v15_20260930,4327fe4ece9317f6fd20fad18389a71e9b1f423b,32,1.0311546465038264,0.01401907882099668,True,1.0410382842448034,4198.423073267503,4210.629922565333,10452.573848750933,dcafc5ae0de1479fb220ba30e298ef902e6b66a3d231a72cfa038d595eb3aa76,0,True,,1120,204799,full_posterior,64,0.007480152714463934,1.036096465374315,128,train_logit_80,train_logit_80,2112,1,1.0002739744895222,1,0.5726060170203446,1.0,dynamics_h_0p005_stage_2,ok,2ebbaf17c0b875a151400adfe0c20fdcca7ef1fee9db82b7da14f8303c6ed54d,shallow_m0064_r1,validation_or_superseded
2,shallow,final_geometry_v15_20260930,4327fe4ece9317f6fd20fad18389a71e9b1f423b,32,-0.0958164972679252,0.01451564545358698,True,-0.11667928986552123,4105.091898336406,4099.20614452822,9943.48874000903,dcafc5ae0de1479fb220ba30e298ef902e6b66a3d231a72cfa038d595eb3aa76,0,True,,950,204799,full_posterior,64,0.007659993433134986,-0.1062478935667232,128,train_logit_96,train_logit_96,2112,1,1.0009611890566255,1,0.5880436327320752,1.0,dynamics_h_0p005_stage_2,ok,2ebbaf17c0b875a151400adfe0c20fdcca7ef1fee9db82b7da14f8303c6ed54d,shallow_m0064_r1,validation_or_superseded
2,shallow,final_geometry_v15_20260930,4327fe4ece9317f6fd20fad18389a71e9b1f423b,32,-0.4346055099629841,0.01421272285891457,True,-0.479943505321943,3944.113947139062,3963.2771584960856,10232.441059749159,dcafc5ae0de1479fb220ba30e298ef902e6b66a3d231a72cfa038d595eb3aa76,0,True,,1136,204799,full_posterior,64,0.00762550166489913,-0.45727450764246347,128,train_logit_112,train_logit_112,2112,1,1.001561289170235,1,0.5799997079943394,1.0,dynamics_h_0p005_stage_2,ok,2ebbaf17c0b875a151400adfe0c20fdcca7ef1fee9db82b7da14f8303c6ed54d,shallow_m0064_r1,validation_or_superseded
2,shallow,final_geometry_v15_20260930,4327fe4ece9317f6fd20fad18389a71e9b1f423b,32,0.535000968059497,0.004693335407735233,True,0.5359484163476423,3893.045177335791,3876.7030508870243,10585.241312625114,dcafc5ae0de1479fb220ba30e298ef902e6b66a3d231a72cfa038d595eb3aa76,0,True,,1008,204799,full_posterior,64,0.002486388790711846,0.5354746922035697,128,test_prob_0,test_prob_0,2112,1,1.0004597634868808,1,0.1860918776321447,1.0,dynamics_h_0p005_stage_2,ok,2ebbaf17c0b875a151400adfe0c20fdcca7ef1fee9db82b7da14f8303c6ed54d,shallow_m0064_r1,validation_or_superseded
2,shallow,final_geometry_v15_20260930,4327fe4ece9317f6fd20fad18389a71e9b1f423b,32,0.32446872880951216,0.004114563042426719,True,0.3133354184461912,3709.656289165164,3798.333068858345,9415.526975955463,dcafc5ae0de1479fb220ba30e298ef902e6b66a3d231a72cfa038d595eb3aa76,0,True,,1160,204799,full_posterior,64,0.0021948248051134735,0.31890207362785167,128,test_prob_128,test_prob_128,2112,1,1.0008707862703468,1,0.16436835381369408,1.0,dynamics_h_0p005_stage_2,ok,2ebbaf17c0b875a151400adfe0c20fdcca7ef1fee9db82b7da14f8303c6ed54d,shallow_m0064_r1,validation_or_superseded
2,shallow,final_geometry_v15_20260930,4327fe4ece9317f6fd20fad18389a71e9b1f423b,32,0.42003022244915766,0.004760288382100351,True,0.41831414782607745,3386.8711373122574,3438.7804608272304,8416.980812161051,dcafc5ae0de1479fb220ba30e298ef902e6b66a3d231a72cfa038d595eb3aa76,0,True,,1208,204799,full_posterior,64,0.002535259379167121,0.4191721851376174,128,test_prob_256,test_prob_256,2112,1,1.000748701654113,1,0.18593022300147483,1.0,dynamics_h_0p005_stage_2,ok,2ebbaf17c0b875a151400adfe0c20fdcca7ef1fee9db82b7da14f8303c6ed54d,shallow_m0064_r1,validation_or_superseded
2,shallow,final_geometry_v15_20260930,4327fe4ece9317f6fd20fad18389a71e9b1f423b,32,0.8141415136953224,0.0028963396293769116,True,0.8186232370289523,4483.74388961912,4837.520818113997,10228.080124270648,dcafc5ae0de1479fb220ba30e298ef902e6b66a3d231a72cfa038d595eb3aa76,0,True,,448,204799,full_posterior,64,0.0015210053874550034,0.8163823753621372,128,test_prob_384,test_prob_384,2112,1,1.0010756664883518,1,0.11871955502777062,1.0,dynamics_h_0p005_stage_2,ok,2ebbaf17c0b875a151400adfe0c20fdcca7ef1fee9db82b7da14f8303c6ed54d,shallow_m0064_r1,validation_or_superseded
2,shallow,final_geometry_v15_20260930,4327fe4ece9317f6fd20fad18389a71e9b1f423b,32,0.5043498858649536,0.004714738422829527,True,0.49589745397709317,3774.703806920733,3791.3448982040945,9816.42125566466,dcafc5ae0de1479fb220ba30e298ef902e6b66a3d231a72cfa038d595eb3aa76,0,True,,1180,204799,full_posterior,64,0.002488614250192794,0.5001236699210235,128,test_prob_512,test_prob_512,2112,1,1.0007460291970212,1,0.18751353250936445,1.0,dynamics_h_0p005_stage_2,ok,2ebbaf17c0b875a151400adfe0c20fdcca7ef1fee9db82b7da14f8303c6ed54d,shallow_m0064_r1,validation_or_superseded
2,shallow,final_geometry_v15_20260930,4327fe4ece9317f6fd20fad18389a71e9b1f423b,32,0.6082906221434269,0.004763137772653813,True,0.6144412225475203,3797.648790249355,3871.6645253796582,8986.164332849581,dcafc5ae0de1479fb220ba30e298ef902e6b66a3d231a72cfa038d595eb3aa76,0,True,,672,204799,full_posterior,64,0.002515496409028215,0.6113659223454736,128,test_prob_640,test_prob_640,2112,1,1.0013547034245691,1,0.18315321352509592,1.0,dynamics_h_0p005_stage_2,ok,2ebbaf17c0b875a151400adfe0c20fdcca7ef1fee9db82b7da14f8303c6ed54d,shallow_m0064_r1,validation_or_superseded
2,shallow,final_geometry_v15_20260930,4327fe4ece9317f6fd20fad18389a71e9b1f423b,32,0.4822084670889206,0.004676186867945662,True,0.4825307607808877,3714.950506262831,3713.758899455972,9820.25641942938,dcafc5ae0de1479fb220ba30e298ef902e6b66a3d231a72cfa038d595eb3aa76,0,True,,1348,204799,full_posterior,64,0.002475739030978488,0.4823696139349045,128,test_prob_768,test_prob_768,2112,1,1.0016798018778654,1,0.1844702506822891,1.0,dynamics_h_0p005_stage_2,ok,2ebbaf17c0b875a151400adfe0c20fdcca7ef1fee9db82b7da14f8303c6ed54d,shallow_m0064_r1,validation_or_superseded
2,shallow,final_geometry_v15_20260930,4327fe4ece9317f6fd20fad18389a71e9b1f423b,32,0.5670278374486786,0.004672589872710915,True,0.5693630820628853,4056.60651908613,4114.288125766653,9240.725264035353,dcafc5ae0de1479fb220ba30e298ef902e6b66a3d231a72cfa038d595eb3aa76,0,True,,656,204799,full_posterior,64,0.002487993266231088,0.5681954597557819,128,test_prob_896,test_prob_896,2112,1,1.0008371288930675,1,0.18533986732446492,1.0,dynamics_h_0p005_stage_2,ok,2ebbaf17c0b875a151400adfe0c20fdcca7ef1fee9db82b7da14f8303c6ed54d,shallow_m0064_r1,validation_or_superseded
2,shallow,final_geometry_v15_20260930,4327fe4ece9317f6fd20fad18389a71e9b1f423b,32,0.06291597665051912,0.016746262873264573,True,0.08428853107674206,3873.0989298127006,3664.3924551632067,5378.935257047895,dcafc5ae0de1479fb220ba30e298ef902e6b66a3d231a72cfa038d595eb3aa76,0,True,,916,204799,full_posterior,64,0.00883385056975293,0.07360225386363059,128,interaction_0,interaction_0,2112,1,1.0011816085113612,1,0.6348366806462223,1.0,dynamics_h_0p005_stage_2,ok,2ebbaf17c0b875a151400adfe0c20fdcca7ef1fee9db82b7da14f8303c6ed54d,shallow_m0064_r1,validation_or_superseded
2,shallow,final_geometry_v15_20260930,4327fe4ece9317f6fd20fad18389a71e9b1f423b,32,0.0967946773058241,0.019495879633770908,True,0.11716592698481362,3400.5677497166457,3073.399002942149,3435.325930092201,dcafc5ae0de1479fb220ba30e298ef902e6b66a3d231a72cfa038d595eb3aa76,0,True,,906,204799,full_posterior,64,0.01043884701029148,0.10698030214531888,128,interaction_1,interaction_1,2112,1,1.0015701712312612,1,0.7043958799116561,1.0,dynamics_h_0p005_stage_2,ok,2ebbaf17c0b875a151400adfe0c20fdcca7ef1fee9db82b7da14f8303c6ed54d,shallow_m0064_r1,validation_or_superseded
2,shallow,final_geometry_v15_20260930,4327fe4ece9317f6fd20fad18389a71e9b1f423b,32,-0.06376641589376231,0.01860370117915974,True,-0.07101678145348796,3657.6995801201233,3479.173565798015,4832.585365099229,dcafc5ae0de1479fb220ba30e298ef902e6b66a3d231a72cfa038d595eb3aa76,0,True,,618,204799,full_posterior,64,0.009900346298661485,-0.06739159867362515,128,interaction_2,interaction_2,2112,1,1.0007926411234016,1,0.6875457651920912,1.0,dynamics_h_0p005_stage_2,ok,2ebbaf17c0b875a151400adfe0c20fdcca7ef1fee9db82b7da14f8303c6ed54d,shallow_m0064_r1,validation_or_superseded
2,shallow,final_geometry_v15_20260930,4327fe4ece9317f6fd20fad18389a71e9b1f423b,32,-0.12410183097328042,0.021419771148078394,True,-0.10935540928919224,3056.927216622534,2973.3397251967567,4754.59255932416,dcafc5ae0de1479fb220ba30e298ef902e6b66a3d231a72cfa038d595eb3aa76,0,True,,1110,204799,full_posterior,64,0.011430937265779382,-0.11672862013123632,128,interaction_3,interaction_3,2112,1,1.0010980451513714,1,0.7668616946620413,1.0,dynamics_h_0p005_stage_2,ok,2ebbaf17c0b875a151400adfe0c20fdcca7ef1fee9db82b7da14f8303c6ed54d,shallow_m0064_r1,validation_or_superseded
2,shallow,final_geometry_v15_20260930,4327fe4ece9317f6fd20fad18389a71e9b1f423b,32,0.6439719183222457,0.03101574704268066,True,0.7085877219522666,1470.8924130239945,1485.5978084717285,3507.575149130218,dcafc5ae0de1479fb220ba30e298ef902e6b66a3d231a72cfa038d595eb3aa76,0,True,,3176,204799,full_posterior,64,0.017345801013875548,0.6762798201372562,128,q_A,q_A,2112,1,1.0040942198313005,1,0.9826763720406771,1.0,dynamics_h_0p005_stage_2,ok,2ebbaf17c0b875a151400adfe0c20fdcca7ef1fee9db82b7da14f8303c6ed54d,shallow_m0064_r1,validation_or_superseded
2,shallow,final_geometry_v15_20260930,4327fe4ece9317f6fd20fad18389a71e9b1f423b,32,-0.23211310747520106,0.031224117674620935,True,-0.17237499705568218,2066.321221230239,2071.5340858936715,4520.949561909036,dcafc5ae0de1479fb220ba30e298ef902e6b66a3d231a72cfa038d595eb3aa76,0,True,,992,204799,full_posterior,64,0.016924825278615562,-0.2022440522654415,128,q_W,q_W,2112,1,1.001823992199578,1,0.9939492789234868,1.0,dynamics_h_0p005_stage_2,ok,2ebbaf17c0b875a151400adfe0c20fdcca7ef1fee9db82b7da14f8303c6ed54d,shallow_m0064_r1,validation_or_superseded
2,shallow,final_geometry_v15_20260930,4327fe4ece9317f6fd20fad18389a71e9b1f423b,32,1.1827517996474257,0.005084062297926991,True,1.1921963013539192,4162.291997198405,4135.915536850598,8678.47401953078,dcafc5ae0de1479fb220ba30e298ef902e6b66a3d231a72cfa038d595eb3aa76,0,True,,494,204799,full_posterior,64,0.0026841092971781424,1.1874740505006727,128,disp_A,disp_A,2112,1,1.000976790839415,1,0.1930291131140364,1.0,dynamics_h_0p005_stage_2,ok,2ebbaf17c0b875a151400adfe0c20fdcca7ef1fee9db82b7da14f8303c6ed54d,shallow_m0064_r1,validation_or_superseded
2,shallow,final_geometry_v15_20260930,4327fe4ece9317f6fd20fad18389a71e9b1f423b,32,1.00022279367338,0.0008267325251303914,True,0.9997398015558931,4109.899299878622,4103.020378118383,8008.93245530696,dcafc5ae0de1479fb220ba30e298ef902e6b66a3d231a72cfa038d595eb3aa76,0,True,,466,204799,full_posterior,64,0.00043089876737127674,0.9999812976146357,128,disp_W1,disp_W1,2112,1,1.001120861559413,1,0.03128959195258864,1.0,dynamics_h_0p005_stage_2,ok,2ebbaf17c0b875a151400adfe0c20fdcca7ef1fee9db82b7da14f8303c6ed54d,shallow_m0064_r1,validation_or_superseded
2,shallow,final_geometry_v15_20260930,4327fe4ece9317f6fd20fad18389a71e9b1f423b,32,55.052471099076456,0.12133522680084634,True,54.941083803993166,3622.1344115632396,3611.0930224236995,8348.072019813786,a3f404d53243d0ccbf6732c536f61801bf5c58c221f2fc83ed7b8725ce4acfea,0,True,,570,102399,full_posterior,64,0.06377330709974519,54.99677745153481,128,V,V,2112,1,1.0009996083213706,1,4.514291662881588,1.0,dynamics_h_0p01_stage_2,ok,2ebbaf17c0b875a151400adfe0c20fdcca7ef1fee9db82b7da14f8303c6ed54d,shallow_m0064_r1,production_final
2,shallow,final_geometry_v15_20260930,4327fe4ece9317f6fd20fad18389a71e9b1f423b,32,1118.0429591503819,0.9062684980095621,True,1118.1979435259902,4052.512230832132,4052.7173690727054,9337.440356776968,a3f404d53243d0ccbf6732c536f61801bf5c58c221f2fc83ed7b8725ce4acfea,0,True,,272,102399,full_posterior,64,0.46843107654340727,1118.1204513381863,128,U,U,2112,1,1.0007635866400881,1,32.674456278227765,1.0,dynamics_h_0p01_stage_2,ok,2ebbaf17c0b875a151400adfe0c20fdcca7ef1fee9db82b7da14f8303c6ed54d,shallow_m0064_r1,production_final
2,shallow,final_geometry_v15_20260930,4327fe4ece9317f6fd20fad18389a71e9b1f423b,32,0.2522233164840089,0.015177555005032511,True,0.2512841541544225,4610.7517185951865,4615.758398068052,9945.220723834947,a3f404d53243d0ccbf6732c536f61801bf5c58c221f2fc83ed7b8725ce4acfea,0,True,,306,102399,full_posterior,64,0.007883398846955153,0.25175373531921574,128,train_logit_0,train_logit_0,2112,1,1.0005520382782562,1,0.5836885872324142,1.0,dynamics_h_0p01_stage_2,ok,2ebbaf17c0b875a151400adfe0c20fdcca7ef1fee9db82b7da14f8303c6ed54d,shallow_m0064_r1,production_final
2,shallow,final_geometry_v15_20260930,4327fe4ece9317f6fd20fad18389a71e9b1f423b,32,0.856399394145482,0.014896527383108772,True,0.8726251954790984,4504.278987788409,4491.828038842767,10166.498625159362,a3f404d53243d0ccbf6732c536f61801bf5c58c221f2fc83ed7b8725ce4acfea,0,True,,384,102399,full_posterior,64,0.007796237495737456,0.8645122948122902,128,train_logit_16,train_logit_16,2112,1,1.0007611796695959,1,0.5746304104297021,1.0,dynamics_h_0p01_stage_2,ok,2ebbaf17c0b875a151400adfe0c20fdcca7ef1fee9db82b7da14f8303c6ed54d,shallow_m0064_r1,production_final
2,shallow,final_geometry_v15_20260930,4327fe4ece9317f6fd20fad18389a71e9b1f423b,32,-0.04343501199051368,0.014448880503965613,True,-0.05186756411071313,4749.1225564861115,4743.416501267925,11131.344495730054,a3f404d53243d0ccbf6732c536f61801bf5c58c221f2fc83ed7b8725ce4acfea,0,True,,326,102399,full_posterior,64,0.00742183571758925,-0.04765128805061341,128,train_logit_32,train_logit_32,2112,1,1.0007815439634886,1,0.5650952260684229,1.0,dynamics_h_0p01_stage_2,ok,2ebbaf17c0b875a151400adfe0c20fdcca7ef1fee9db82b7da14f8303c6ed54d,shallow_m0064_r1,production_final
2,shallow,final_geometry_v15_20260930,4327fe4ece9317f6fd20fad18389a71e9b1f423b,32,-1.3400739911652844,0.016232338564680752,True,-1.357291760727695,3731.5589493852526,3731.605514100232,7803.28582448563,a3f404d53243d0ccbf6732c536f61801bf5c58c221f2fc83ed7b8725ce4acfea,0,True,,434,102399,full_posterior,64,0.008563656840282827,-1.3486828759464897,128,train_logit_48,train_logit_48,2112,1,1.0012502456384687,1,0.6010152404814003,1.0,dynamics_h_0p01_stage_2,ok,2ebbaf17c0b875a151400adfe0c20fdcca7ef1fee9db82b7da14f8303c6ed54d,shallow_m0064_r1,production_final
2,shallow,final_geometry_v15_20260930,4327fe4ece9317f6fd20fad18389a71e9b1f423b,32,0.9477831201965798,0.014691778345321791,True,0.9542115410602515,4807.239558434381,4801.4998454469915,10613.341115067964,a3f404d53243d0ccbf6732c536f61801bf5c58c221f2fc83ed7b8725ce4acfea,0,True,,414,102399,full_posterior,64,0.007557803007224582,0.9509973306284156,128,train_logit_64,train_logit_64,2112,1,1.0005560382272514,1,0.5806252586526638,1.0,dynamics_h_0p01_stage_2,ok,2ebbaf17c0b875a151400adfe0c20fdcca7ef1fee9db82b7da14f8303c6ed54d,shallow_m0064_r1,production_final
2,shallow,final_geometry_v15_20260930,4327fe4ece9317f6fd20fad18389a71e9b1f423b,32,1.0269889818020637,0.015052445436108473,True,1.0387278862055112,4365.34607998439,4377.772473551387,9159.8844018686,a3f404d53243d0ccbf6732c536f61801bf5c58c221f2fc83ed7b8725ce4acfea,0,True,,562,102399,full_posterior,64,0.007943930069502428,1.0328584340037876,128,train_logit_80,train_logit_80,2112,1,1.0014761903908682,1,0.5800844860403311,1.0,dynamics_h_0p01_stage_2,ok,2ebbaf17c0b875a151400adfe0c20fdcca7ef1fee9db82b7da14f8303c6ed54d,shallow_m0064_r1,production_final
2,shallow,final_geometry_v15_20260930,4327fe4ece9317f6fd20fad18389a71e9b1f423b,32,-0.09582472980810224,0.015180300523880648,True,-0.06904950681586115,4435.109847788678,4428.663520898104,10309.434839730811,a3f404d53243d0ccbf6732c536f61801bf5c58c221f2fc83ed7b8725ce4acfea,0,True,,344,102399,full_posterior,64,0.008013596265737994,-0.0824371183119817,128,train_logit_96,train_logit_96,2112,1,1.0007339154110062,1,0.5827629493597931,1.0,dynamics_h_0p01_stage_2,ok,2ebbaf17c0b875a151400adfe0c20fdcca7ef1fee9db82b7da14f8303c6ed54d,shallow_m0064_r1,production_final
2,shallow,final_geometry_v15_20260930,4327fe4ece9317f6fd20fad18389a71e9b1f423b,32,-0.47936176016508697,0.014778019302423624,True,-0.4633382482542981,4479.4753660766,4445.376597180979,11355.193485439087,a3f404d53243d0ccbf6732c536f61801bf5c58c221f2fc83ed7b8725ce4acfea,0,True,,852,102399,full_posterior,64,0.0077600671903071215,-0.4713500042096924,128,train_logit_112,train_logit_112,2112,1,1.0016595964632933,1,0.5770309505038903,1.0,dynamics_h_0p01_stage_2,ok,2ebbaf17c0b875a151400adfe0c20fdcca7ef1fee9db82b7da14f8303c6ed54d,shallow_m0064_r1,production_final
2,shallow,final_geometry_v15_20260930,4327fe4ece9317f6fd20fad18389a71e9b1f423b,32,0.5397298034552457,0.005216474546198419,True,0.5358403371867765,3632.393732786954,3656.9999490714677,8727.438014213645,a3f404d53243d0ccbf6732c536f61801bf5c58c221f2fc83ed7b8725ce4acfea,0,True,,338,102399,full_posterior,64,0.0027596160038322903,0.537785070321011,128,test_prob_0,test_prob_0,2112,1,1.0010208895628885,1,0.18816317984774128,1.0,dynamics_h_0p01_stage_2,ok,2ebbaf17c0b875a151400adfe0c20fdcca7ef1fee9db82b7da14f8303c6ed54d,shallow_m0064_r1,production_final
2,shallow,final_geometry_v15_20260930,4327fe4ece9317f6fd20fad18389a71e9b1f423b,32,0.31657187063444797,0.00433127156230601,True,0.31057124501495337,3826.3240745104467,3899.0623352531384,9696.34163915017,a3f404d53243d0ccbf6732c536f61801bf5c58c221f2fc83ed7b8725ce4acfea,0,True,,516,102399,full_posterior,64,0.0022657491403594455,0.31357155782470064,128,test_prob_128,test_prob_128,2112,1,1.0009779433908856,1,0.16359177852344353,1.0,dynamics_h_0p01_stage_2,ok,2ebbaf17c0b875a151400adfe0c20fdcca7ef1fee9db82b7da14f8303c6ed54d,shallow_m0064_r1,production_final
2,shallow,final_geometry_v15_20260930,4327fe4ece9317f6fd20fad18389a71e9b1f423b,32,0.4253545948613139,0.005049931134153241,True,0.42228246975362943,3871.5979627360202,3903.6589621621774,10033.86405372814,a3f404d53243d0ccbf6732c536f61801bf5c58c221f2fc83ed7b8725ce4acfea,0,True,,550,102399,full_posterior,64,0.002660650945558594,0.4238185323074717,128,test_prob_256,test_prob_256,2112,1,1.001071153867017,1,0.1864586433899692,1.0,dynamics_h_0p01_stage_2,ok,2ebbaf17c0b875a151400adfe0c20fdcca7ef1fee9db82b7da14f8303c6ed54d,shallow_m0064_r1,production_final
2,shallow,final_geometry_v15_20260930,4327fe4ece9317f6fd20fad18389a71e9b1f423b,32,0.816299239534029,0.0031093905620444436,True,0.8157153053812053,4140.996375186906,4309.022537143305,9373.41657162388,a3f404d53243d0ccbf6732c536f61801bf5c58c221f2fc83ed7b8725ce4acfea,0,True,,278,102399,full_posterior,64,0.001653879337679641,0.8160072724576171,128,test_prob_384,test_prob_384,2112,1,1.000741677805694,1,0.11851373131239941,1.0,dynamics_h_0p01_stage_2,ok,2ebbaf17c0b875a151400adfe0c20fdcca7ef1fee9db82b7da14f8303c6ed54d,shallow_m0064_r1,production_final
2,shallow,final_geometry_v15_20260930,4327fe4ece9317f6fd20fad18389a71e9b1f423b,32,0.503598206253245,0.005181156232193764,True,0.48818599365933935,3691.412438041007,3729.956483372769,9317.5788098696,a3f404d53243d0ccbf6732c536f61801bf5c58c221f2fc83ed7b8725ce4acfea,0,True,,528,102399,full_posterior,64,0.0027430629528677497,0.49589209995629246,128,test_prob_512,test_prob_512,2112,1,1.0027516409352826,1,0.19033210716452198,1.0,dynamics_h_0p01_stage_2,ok,2ebbaf17c0b875a151400adfe0c20fdcca7ef1fee9db82b7da14f8303c6ed54d,shallow_m0064_r1,production_final
2,shallow,final_geometry_v15_20260930,4327fe4ece9317f6fd20fad18389a71e9b1f423b,32,0.6187734167934217,0.005072568543510771,True,0.6080200581660553,3414.4008232300635,3447.365547179697,7942.218127190689,a3f404d53243d0ccbf6732c536f61801bf5c58c221f2fc83ed7b8725ce4acfea,0,True,,440,102399,full_posterior,64,0.002665186697658849,0.6133967374797384,128,test_prob_640,test_prob_640,2112,1,1.0014312426529164,1,0.18262639041021492,1.0,dynamics_h_0p01_stage_2,ok,2ebbaf17c0b875a151400adfe0c20fdcca7ef1fee9db82b7da14f8303c6ed54d,shallow_m0064_r1,production_final
2,shallow,final_geometry_v15_20260930,4327fe4ece9317f6fd20fad18389a71e9b1f423b,32,0.4863682363771369,0.0050098631838325315,True,0.4790834950061583,3602.0251591191486,3637.406453897322,10060.388846315202,a3f404d53243d0ccbf6732c536f61801bf5c58c221f2fc83ed7b8725ce4acfea,0,True,,508,102399,full_posterior,64,0.002641086145528008,0.4827258656916477,128,test_prob_768,test_prob_768,2112,1,1.000514257826436,1,0.185830918681055,1.0,dynamics_h_0p01_stage_2,ok,2ebbaf17c0b875a151400adfe0c20fdcca7ef1fee9db82b7da14f8303c6ed54d,shallow_m0064_r1,production_final
2,shallow,final_geometry_v15_20260930,4327fe4ece9317f6fd20fad18389a71e9b1f423b,32,0.5567244146244636,0.0050965179468405045,True,0.5602896098970613,3859.038538859331,3854.366929473906,9766.163638264317,a3f404d53243d0ccbf6732c536f61801bf5c58c221f2fc83ed7b8725ce4acfea,0,True,,504,102399,full_posterior,64,0.0026381707999006752,0.5585070122607627,128,test_prob_896,test_prob_896,2112,1,1.0010988798886284,1,0.1876451602933014,1.0,dynamics_h_0p01_stage_2,ok,2ebbaf17c0b875a151400adfe0c20fdcca7ef1fee9db82b7da14f8303c6ed54d,shallow_m0064_r1,production_final
2,shallow,final_geometry_v15_20260930,4327fe4ece9317f6fd20fad18389a71e9b1f423b,32,0.04971405061581361,0.016921553400641068,True,0.025919991487027547,4414.102370336196,4207.15701470126,5956.378457351124,a3f404d53243d0ccbf6732c536f61801bf5c58c221f2fc83ed7b8725ce4acfea,0,True,,256,102399,full_posterior,64,0.00874989370171796,0.03781702105142059,128,interaction_0,interaction_0,2112,1,1.0010311912704173,1,0.618141606567516,1.0,dynamics_h_0p01_stage_2,ok,2ebbaf17c0b875a151400adfe0c20fdcca7ef1fee9db82b7da14f8303c6ed54d,shallow_m0064_r1,production_final
2,shallow,final_geometry_v15_20260930,4327fe4ece9317f6fd20fad18389a71e9b1f423b,32,0.1168239454659761,0.02035230031981406,True,0.1347313293868938,3374.258625824197,3172.05125056035,3955.9556309013606,a3f404d53243d0ccbf6732c536f61801bf5c58c221f2fc83ed7b8725ce4acfea,0,True,,368,102399,full_posterior,64,0.010777959796675451,0.12577763742643497,128,interaction_1,interaction_1,2112,1,1.001799265764661,1,0.6934397485707366,1.0,dynamics_h_0p01_stage_2,ok,2ebbaf17c0b875a151400adfe0c20fdcca7ef1fee9db82b7da14f8303c6ed54d,shallow_m0064_r1,production_final
2,shallow,final_geometry_v15_20260930,4327fe4ece9317f6fd20fad18389a71e9b1f423b,32,-0.07201142839276084,0.0184260006721776,True,-0.06421875701677257,3805.1166172045464,3594.021368890909,4915.338083852988,a3f404d53243d0ccbf6732c536f61801bf5c58c221f2fc83ed7b8725ce4acfea,0,True,,410,102399,full_posterior,64,0.009728707923471075,-0.06811509270476672,128,interaction_2,interaction_2,2112,1,1.0006340050023466,1,0.651352257474498,1.0,dynamics_h_0p01_stage_2,ok,2ebbaf17c0b875a151400adfe0c20fdcca7ef1fee9db82b7da14f8303c6ed54d,shallow_m0064_r1,production_final
2,shallow,final_geometry_v15_20260930,4327fe4ece9317f6fd20fad18389a71e9b1f423b,32,-0.11113692723702628,0.022967925778997512,True,-0.1187315037189167,3120.7169646338025,2975.209436915561,4161.790216099071,a3f404d53243d0ccbf6732c536f61801bf5c58c221f2fc83ed7b8725ce4acfea,0,True,,494,102399,full_posterior,64,0.012239286904927591,-0.11493421547797153,128,interaction_3,interaction_3,2112,1,1.001678385525382,1,0.7717820878835155,1.0,dynamics_h_0p01_stage_2,ok,2ebbaf17c0b875a151400adfe0c20fdcca7ef1fee9db82b7da14f8303c6ed54d,shallow_m0064_r1,production_final
2,shallow,final_geometry_v15_20260930,4327fe4ece9317f6fd20fad18389a71e9b1f423b,32,0.7110223165726953,0.034661522563096285,True,0.6710450190025117,1591.5453180536776,1586.9346471429035,3540.226579426035,a3f404d53243d0ccbf6732c536f61801bf5c58c221f2fc83ed7b8725ce4acfea,0,True,,766,102399,full_posterior,64,0.018899369430353894,0.6910336677876036,128,q_A,q_A,2112,1,1.000891596654538,1,0.9819357716404814,1.0,dynamics_h_0p01_stage_2,ok,2ebbaf17c0b875a151400adfe0c20fdcca7ef1fee9db82b7da14f8303c6ed54d,shallow_m0064_r1,production_final
2,shallow,final_geometry_v15_20260930,4327fe4ece9317f6fd20fad18389a71e9b1f423b,32,-0.21246906688169795,0.03490982240476812,True,-0.20607298359721393,1877.4877410013428,1872.0704686134372,3934.791603309571,a3f404d53243d0ccbf6732c536f61801bf5c58c221f2fc83ed7b8725ce4acfea,0,True,,1162,102399,full_posterior,64,0.018737737348667974,-0.20927102523945593,128,q_W,q_W,2112,1,1.0006890841990996,1,1.0050185025020273,1.0,dynamics_h_0p01_stage_2,ok,2ebbaf17c0b875a151400adfe0c20fdcca7ef1fee9db82b7da14f8303c6ed54d,shallow_m0064_r1,production_final
2,shallow,final_geometry_v15_20260930,4327fe4ece9317f6fd20fad18389a71e9b1f423b,32,1.1874876057649753,0.005341886459370504,True,1.184308122859604,3726.446172036279,3716.7146240848856,8494.404203756647,a3f404d53243d0ccbf6732c536f61801bf5c58c221f2fc83ed7b8725ce4acfea,0,True,,456,102399,full_posterior,64,0.0028229293712102406,1.1858978643122893,128,disp_A,disp_A,2112,1,1.001013275491311,1,0.19263908250798029,1.0,dynamics_h_0p01_stage_2,ok,2ebbaf17c0b875a151400adfe0c20fdcca7ef1fee9db82b7da14f8303c6ed54d,shallow_m0064_r1,production_final
2,shallow,final_geometry_v15_20260930,4327fe4ece9317f6fd20fad18389a71e9b1f423b,32,1.0009676608074478,0.0008765481152339739,True,1.0013271482329,4010.4783092512916,4010.4448102194856,9138.529500969602,a3f404d53243d0ccbf6732c536f61801bf5c58c221f2fc83ed7b8725ce4acfea,0,True,,276,102399,full_posterior,64,0.0004528871426903457,1.0011474045201738,128,disp_W1,disp_W1,2112,1,1.0007553414488957,1,0.03145915081834072,1.0,dynamics_h_0p01_stage_2,ok,2ebbaf17c0b875a151400adfe0c20fdcca7ef1fee9db82b7da14f8303c6ed54d,shallow_m0064_r1,production_final
2,shallow,final_geometry_v15_20260930,4327fe4ece9317f6fd20fad18389a71e9b1f423b,32,54.91899064127062,0.09147090651068163,True,54.877345089379,7843.46682401543,7808.6263419761835,19352.233530051508,8a1c5c074c5a2abfd441deb681cd2c7bd77eb0565f60767d8e73ce2cf230b7b8,0,True,,482,102399,full_posterior,64,0.04853230258474804,54.898167865324794,128,V,V,2112,1,1.0003839916853272,1,4.439280061739273,1.0,dynamics_h_0p02_stage_3,ok,2ebbaf17c0b875a151400adfe0c20fdcca7ef1fee9db82b7da14f8303c6ed54d,shallow_m0064_r1,validation_or_superseded
2,shallow,final_geometry_v15_20260930,4327fe4ece9317f6fd20fad18389a71e9b1f423b,32,1118.145442904401,0.6903437256795185,True,1117.4635037331627,8169.2657383477235,8156.762658717436,17358.64740830835,8a1c5c074c5a2abfd441deb681cd2c7bd77eb0565f60767d8e73ce2cf230b7b8,0,True,,128,102399,full_posterior,64,0.34777442815496373,1117.804473318782,128,U,U,2112,1,1.000634917824675,1,32.600949394269804,1.0,dynamics_h_0p02_stage_3,ok,2ebbaf17c0b875a151400adfe0c20fdcca7ef1fee9db82b7da14f8303c6ed54d,shallow_m0064_r1,validation_or_superseded
2,shallow,final_geometry_v15_20260930,4327fe4ece9317f6fd20fad18389a71e9b1f423b,32,0.23843183520975267,0.01176943466151524,True,0.26580870121408723,9005.492173523247,9010.58198316364,21167.71512001835,8a1c5c074c5a2abfd441deb681cd2c7bd77eb0565f60767d8e73ce2cf230b7b8,0,True,,184,102399,full_posterior,64,0.005867146911675928,0.25212026821191985,128,train_logit_0,train_logit_0,2112,1,1.0008509679366275,1,0.5897807686672177,1.0,dynamics_h_0p02_stage_3,ok,2ebbaf17c0b875a151400adfe0c20fdcca7ef1fee9db82b7da14f8303c6ed54d,shallow_m0064_r1,validation_or_superseded
2,shallow,final_geometry_v15_20260930,4327fe4ece9317f6fd20fad18389a71e9b1f423b,32,0.8476843502558132,0.011360686970380708,True,0.8546700338115653,8780.113202140215,8764.191697084296,21341.594071051884,8a1c5c074c5a2abfd441deb681cd2c7bd77eb0565f60767d8e73ce2cf230b7b8,0,True,,250,102399,full_posterior,64,0.005774135727616013,0.851177192033689,128,train_logit_16,train_logit_16,2112,1,1.0004305485940534,1,0.5716477615225435,1.0,dynamics_h_0p02_stage_3,ok,2ebbaf17c0b875a151400adfe0c20fdcca7ef1fee9db82b7da14f8303c6ed54d,shallow_m0064_r1,validation_or_superseded
2,shallow,final_geometry_v15_20260930,4327fe4ece9317f6fd20fad18389a71e9b1f423b,32,-0.0572766530021485,0.011196292997697364,True,-0.05235042258136974,8926.915280831528,8923.983048553493,22031.05087715759,8a1c5c074c5a2abfd441deb681cd2c7bd77eb0565f60767d8e73ce2cf230b7b8,0,True,,190,102399,full_posterior,64,0.005734846407708249,-0.05481353779175912,128,train_logit_32,train_logit_32,2112,1,1.0004145660747603,1,0.5654623098619956,1.0,dynamics_h_0p02_stage_3,ok,2ebbaf17c0b875a151400adfe0c20fdcca7ef1fee9db82b7da14f8303c6ed54d,shallow_m0064_r1,validation_or_superseded
2,shallow,final_geometry_v15_20260930,4327fe4ece9317f6fd20fad18389a71e9b1f423b,32,-1.3340205594930064,0.012320703895757701,True,-1.3352852849362333,8046.47193003841,8022.504446254429,17637.36908314009,8a1c5c074c5a2abfd441deb681cd2c7bd77eb0565f60767d8e73ce2cf230b7b8,0,True,,196,102399,full_posterior,64,0.0062995136332688675,-1.3346529222146202,128,train_logit_48,train_logit_48,2112,1,1.0006035037726437,1,0.5975811044543166,1.0,dynamics_h_0p02_stage_3,ok,2ebbaf17c0b875a151400adfe0c20fdcca7ef1fee9db82b7da14f8303c6ed54d,shallow_m0064_r1,validation_or_superseded
2,shallow,final_geometry_v15_20260930,4327fe4ece9317f6fd20fad18389a71e9b1f423b,32,0.94878761692268,0.011752472469667003,True,0.9360409303582309,8616.336625290849,8598.536618495416,19945.730413103294,8a1c5c074c5a2abfd441deb681cd2c7bd77eb0565f60767d8e73ce2cf230b7b8,0,True,,210,102399,full_posterior,64,0.00598689659022054,0.9424142736404549,128,train_logit_64,train_logit_64,2112,1,1.0003598831024698,1,0.5864827029500277,1.0,dynamics_h_0p02_stage_3,ok,2ebbaf17c0b875a151400adfe0c20fdcca7ef1fee9db82b7da14f8303c6ed54d,shallow_m0064_r1,validation_or_superseded
2,shallow,final_geometry_v15_20260930,4327fe4ece9317f6fd20fad18389a71e9b1f423b,32,1.0561438234167781,0.011434037982379262,True,1.0481135076039827,8187.856316704774,8182.061528644892,19968.061388247446,8a1c5c074c5a2abfd441deb681cd2c7bd77eb0565f60767d8e73ce2cf230b7b8,0,True,,240,102399,full_posterior,64,0.005824896074122602,1.0521286655103808,128,train_logit_80,train_logit_80,2112,1,1.0016713601322647,1,0.5687912210462635,1.0,dynamics_h_0p02_stage_3,ok,2ebbaf17c0b875a151400adfe0c20fdcca7ef1fee9db82b7da14f8303c6ed54d,shallow_m0064_r1,validation_or_superseded
2,shallow,final_geometry_v15_20260930,4327fe4ece9317f6fd20fad18389a71e9b1f423b,32,-0.07659755992247977,0.011579095312384451,True,-0.09271397129119395,8338.099519018493,8374.914891709626,20052.648595218136,8a1c5c074c5a2abfd441deb681cd2c7bd77eb0565f60767d8e73ce2cf230b7b8,0,True,,526,102399,full_posterior,64,0.005962297027403187,-0.08465576560683685,128,train_logit_96,train_logit_96,2112,1,1.0009748274392092,1,0.5824269437730498,1.0,dynamics_h_0p02_stage_3,ok,2ebbaf17c0b875a151400adfe0c20fdcca7ef1fee9db82b7da14f8303c6ed54d,shallow_m0064_r1,validation_or_superseded
2,shallow,final_geometry_v15_20260930,4327fe4ece9317f6fd20fad18389a71e9b1f423b,32,-0.4587746020913489,0.011323121236936773,True,-0.45581018112860117,8958.560689028714,8952.245384099073,21235.872068798348,8a1c5c074c5a2abfd441deb681cd2c7bd77eb0565f60767d8e73ce2cf230b7b8,0,True,,166,102399,full_posterior,64,0.005826884169861503,-0.45729239160997515,128,train_logit_112,train_logit_112,2112,1,1.0005692133914643,1,0.5782004263856817,1.0,dynamics_h_0p02_stage_3,ok,2ebbaf17c0b875a151400adfe0c20fdcca7ef1fee9db82b7da14f8303c6ed54d,shallow_m0064_r1,validation_or_superseded
2,shallow,final_geometry_v15_20260930,4327fe4ece9317f6fd20fad18389a71e9b1f423b,32,0.5326967494724443,0.003992568521515453,True,0.5301548327093315,6982.889561768212,7001.180821275363,17610.58690477448,8a1c5c074c5a2abfd441deb681cd2c7bd77eb0565f60767d8e73ce2cf230b7b8,0,True,,402,102399,full_posterior,64,0.0020456273501455137,0.5314257910908878,128,test_prob_0,test_prob_0,2112,1,1.0009999220022185,1,0.1859444596411041,1.0,dynamics_h_0p02_stage_3,ok,2ebbaf17c0b875a151400adfe0c20fdcca7ef1fee9db82b7da14f8303c6ed54d,shallow_m0064_r1,validation_or_superseded
2,shallow,final_geometry_v15_20260930,4327fe4ece9317f6fd20fad18389a71e9b1f423b,32,0.3176090878766875,0.0034346537207532403,True,0.3176369742500171,7374.200608475991,7621.153681794034,17624.532545922273,8a1c5c074c5a2abfd441deb681cd2c7bd77eb0565f60767d8e73ce2cf230b7b8,0,True,,314,102399,full_posterior,64,0.0017672303708847364,0.3176230310633523,128,test_prob_128,test_prob_128,2112,1,1.000417269402591,1,0.16534150599460656,1.0,dynamics_h_0p02_stage_3,ok,2ebbaf17c0b875a151400adfe0c20fdcca7ef1fee9db82b7da14f8303c6ed54d,shallow_m0064_r1,validation_or_superseded
2,shallow,final_geometry_v15_20260930,4327fe4ece9317f6fd20fad18389a71e9b1f423b,32,0.42889098396044295,0.003907557684832674,True,0.4195920868860308,7069.206005046077,7165.246159787795,17233.837599827122,8a1c5c074c5a2abfd441deb681cd2c7bd77eb0565f60767d8e73ce2cf230b7b8,0,True,,218,102399,full_posterior,64,0.002046021231949433,0.4242415354232368,128,test_prob_256,test_prob_256,2112,1,1.0006366755588325,1,0.18441616315359194,1.0,dynamics_h_0p02_stage_3,ok,2ebbaf17c0b875a151400adfe0c20fdcca7ef1fee9db82b7da14f8303c6ed54d,shallow_m0064_r1,validation_or_superseded
2,shallow,final_geometry_v15_20260930,4327fe4ece9317f6fd20fad18389a71e9b1f423b,32,0.8164890802391329,0.0023025009251975014,True,0.8169049725373907,8529.67265016997,8851.475465559222,20687.97843623458,8a1c5c074c5a2abfd441deb681cd2c7bd77eb0565f60767d8e73ce2cf230b7b8,0,True,,200,102399,full_posterior,64,0.001172489766427576,0.8166970263882617,128,test_prob_384,test_prob_384,2112,1,1.0003004866755478,1,0.11653732078730727,1.0,dynamics_h_0p02_stage_3,ok,2ebbaf17c0b875a151400adfe0c20fdcca7ef1fee9db82b7da14f8303c6ed54d,shallow_m0064_r1,validation_or_superseded
2,shallow,final_geometry_v15_20260930,4327fe4ece9317f6fd20fad18389a71e9b1f423b,32,0.5005930966958466,0.0039178095448499164,True,0.4974429715293454,8048.06546859726,8104.208177945672,18284.123330046692,8a1c5c074c5a2abfd441deb681cd2c7bd77eb0565f60767d8e73ce2cf230b7b8,0,True,,210,102399,full_posterior,64,0.001983859559559419,0.4990180341125957,128,test_prob_512,test_prob_512,2112,1,1.0005935645029553,1,0.18822487695867934,1.0,dynamics_h_0p02_stage_3,ok,2ebbaf17c0b875a151400adfe0c20fdcca7ef1fee9db82b7da14f8303c6ed54d,shallow_m0064_r1,validation_or_superseded
2,shallow,final_geometry_v15_20260930,4327fe4ece9317f6fd20fad18389a71e9b1f423b,32,0.6144716018242704,0.0039001896681341306,True,0.6133110802880494,7216.238056756464,7307.321785041111,17884.68569844738,8a1c5c074c5a2abfd441deb681cd2c7bd77eb0565f60767d8e73ce2cf230b7b8,0,True,,340,102399,full_posterior,64,0.002019819382385309,0.6138913410561598,128,test_prob_640,test_prob_640,2112,1,1.0005402348929533,1,0.1830356925998798,1.0,dynamics_h_0p02_stage_3,ok,2ebbaf17c0b875a151400adfe0c20fdcca7ef1fee9db82b7da14f8303c6ed54d,shallow_m0064_r1,validation_or_superseded
2,shallow,final_geometry_v15_20260930,4327fe4ece9317f6fd20fad18389a71e9b1f423b,32,0.4791919658239188,0.0038787444824827672,True,0.48465762609586965,8034.877038240501,8099.371717641676,18620.518554808434,8a1c5c074c5a2abfd441deb681cd2c7bd77eb0565f60767d8e73ce2cf230b7b8,0,True,,224,102399,full_posterior,64,0.0019506069211119765,0.48192479595989424,128,test_prob_768,test_prob_768,2112,1,1.0003309703702898,1,0.1864818764181742,1.0,dynamics_h_0p02_stage_3,ok,2ebbaf17c0b875a151400adfe0c20fdcca7ef1fee9db82b7da14f8303c6ed54d,shallow_m0064_r1,validation_or_superseded
2,shallow,final_geometry_v15_20260930,4327fe4ece9317f6fd20fad18389a71e9b1f423b,32,0.5620056272825095,0.00391168165950522,True,0.5700178939283579,7997.7026344069445,8073.04670290015,18339.34421607091,8a1c5c074c5a2abfd441deb681cd2c7bd77eb0565f60767d8e73ce2cf230b7b8,0,True,,212,102399,full_posterior,64,0.001975232193257116,0.5660117606054337,128,test_prob_896,test_prob_896,2112,1,1.0004407862641582,1,0.18678344885106377,1.0,dynamics_h_0p02_stage_3,ok,2ebbaf17c0b875a151400adfe0c20fdcca7ef1fee9db82b7da14f8303c6ed54d,shallow_m0064_r1,validation_or_superseded
2,shallow,final_geometry_v15_20260930,4327fe4ece9317f6fd20fad18389a71e9b1f423b,32,0.03772615463207847,0.013095473332749324,True,0.0638821241317002,8399.107372494147,8066.853786351333,12242.26191053597,8a1c5c074c5a2abfd441deb681cd2c7bd77eb0565f60767d8e73ce2cf230b7b8,0,True,,204,102399,full_posterior,64,0.006607556676794908,0.050804139381889345,128,interaction_0,interaction_0,2112,1,1.0008008111272975,1,0.621286983659287,1.0,dynamics_h_0p02_stage_3,ok,2ebbaf17c0b875a151400adfe0c20fdcca7ef1fee9db82b7da14f8303c6ed54d,shallow_m0064_r1,validation_or_superseded
2,shallow,final_geometry_v15_20260930,4327fe4ece9317f6fd20fad18389a71e9b1f423b,32,0.07664307091732606,0.01560130205537375,True,0.09990876682900066,6921.833380516496,6605.60801293814,9651.63926622699,8a1c5c074c5a2abfd441deb681cd2c7bd77eb0565f60767d8e73ce2cf230b7b8,0,True,,192,102399,full_posterior,64,0.007946127356240179,0.08827591887316334,128,interaction_1,interaction_1,2112,1,1.000961499544391,1,0.6903648362138558,1.0,dynamics_h_0p02_stage_3,ok,2ebbaf17c0b875a151400adfe0c20fdcca7ef1fee9db82b7da14f8303c6ed54d,shallow_m0064_r1,validation_or_superseded
2,shallow,final_geometry_v15_20260930,4327fe4ece9317f6fd20fad18389a71e9b1f423b,32,-0.06497930716912005,0.014968084495962243,True,-0.08274541887539495,7462.002710781431,7205.415792043199,10623.250407957783,8a1c5c074c5a2abfd441deb681cd2c7bd77eb0565f60767d8e73ce2cf230b7b8,0,True,,138,102399,full_posterior,64,0.007714278193326363,-0.07386236302225752,128,interaction_2,interaction_2,2112,1,1.0005693593836007,1,0.684408054521536,1.0,dynamics_h_0p02_stage_3,ok,2ebbaf17c0b875a151400adfe0c20fdcca7ef1fee9db82b7da14f8303c6ed54d,shallow_m0064_r1,validation_or_superseded
2,shallow,final_geometry_v15_20260930,4327fe4ece9317f6fd20fad18389a71e9b1f423b,32,-0.09919749887224427,0.0170862958548249,True,-0.11013867255178716,6513.2126405463705,6426.063351709427,10160.536977175807,8a1c5c074c5a2abfd441deb681cd2c7bd77eb0565f60767d8e73ce2cf230b7b8,0,True,,206,102399,full_posterior,64,0.008897396212022804,-0.1046680857120157,128,interaction_3,interaction_3,2112,1,1.0002942697953117,1,0.7499618858984936,1.0,dynamics_h_0p02_stage_3,ok,2ebbaf17c0b875a151400adfe0c20fdcca7ef1fee9db82b7da14f8303c6ed54d,shallow_m0064_r1,validation_or_superseded
2,shallow,final_geometry_v15_20260930,4327fe4ece9317f6fd20fad18389a71e9b1f423b,32,0.6821964087053312,0.028578217505860228,True,0.7105838297861843,3313.061949680529,3307.8760529682886,7701.8793341986,8a1c5c074c5a2abfd441deb681cd2c7bd77eb0565f60767d8e73ce2cf230b7b8,0,True,,346,102399,full_posterior,64,0.014828378827190689,0.6963901192457577,128,q_A,q_A,2112,1,1.000826999307193,1,0.9759242342520537,1.0,dynamics_h_0p02_stage_3,ok,2ebbaf17c0b875a151400adfe0c20fdcca7ef1fee9db82b7da14f8303c6ed54d,shallow_m0064_r1,validation_or_superseded
2,shallow,final_geometry_v15_20260930,4327fe4ece9317f6fd20fad18389a71e9b1f423b,32,-0.17128438113643238,0.02745357566301043,True,-0.17085360007688113,4148.841286285768,4147.248375618262,9091.083593056223,8a1c5c074c5a2abfd441deb681cd2c7bd77eb0565f60767d8e73ce2cf230b7b8,0,True,,280,102399,full_posterior,64,0.014174464632534895,-0.17106899060665676,128,q_W,q_W,2112,1,1.0009693350266966,1,0.9943354140552797,1.0,dynamics_h_0p02_stage_3,ok,2ebbaf17c0b875a151400adfe0c20fdcca7ef1fee9db82b7da14f8303c6ed54d,shallow_m0064_r1,validation_or_superseded
2,shallow,final_geometry_v15_20260930,4327fe4ece9317f6fd20fad18389a71e9b1f423b,32,1.1847327062359823,0.004059181801375247,True,1.1879984913814159,7575.02872043041,7567.461943641097,16454.120990944743,8a1c5c074c5a2abfd441deb681cd2c7bd77eb0565f60767d8e73ce2cf230b7b8,0,True,,194,102399,full_posterior,64,0.0020696991611099096,1.186365598808699,128,disp_A,disp_A,2112,1,1.0004377499940558,1,0.18919997689468274,1.0,dynamics_h_0p02_stage_3,ok,2ebbaf17c0b875a151400adfe0c20fdcca7ef1fee9db82b7da14f8303c6ed54d,shallow_m0064_r1,validation_or_superseded
2,shallow,final_geometry_v15_20260930,4327fe4ece9317f6fd20fad18389a71e9b1f423b,32,1.0012841852183387,0.0006702847985493699,True,1.0005568426949007,8054.928673004199,8045.227643293172,17362.043595977964,8a1c5c074c5a2abfd441deb681cd2c7bd77eb0565f60767d8e73ce2cf230b7b8,0,True,,126,102399,full_posterior,64,0.0003364402763510019,1.0009205139566193,128,disp_W1,disp_W1,2112,1,1.000620837906288,1,0.031465846983916364,1.0,dynamics_h_0p02_stage_3,ok,2ebbaf17c0b875a151400adfe0c20fdcca7ef1fee9db82b7da14f8303c6ed54d,shallow_m0064_r1,validation_or_superseded
2,shallow,final_geometry_v15_20260930,4327fe4ece9317f6fd20fad18389a71e9b1f423b,32,66.15957651741972,0.10351156100510661,True,66.14594167166703,3534.0482573852764,3532.1601077746527,8250.020005997749,7d364fa72e0d7841381948c3fbcb6e204ab4ad5a6b6d39c1529b10ea2d7993ea,0,True,,1404,204799,full_posterior,64,0.05495024393013082,66.15275909454336,128,V,V,2112,2,1.0007605814608727,1,4.203352999414518,1.0,dynamics_h_0p005_stage_2,ok,fc9da6235fb1548d828cf68d55d93c2f858e835b161969d4cc33b00e5e83b603,shallow_m0064_r2,validation_or_superseded
2,shallow,final_geometry_v15_20260930,4327fe4ece9317f6fd20fad18389a71e9b1f423b,32,1127.0919960939648,0.8677213531524416,True,1126.8343131105632,3980.740556560605,3975.560998827417,8480.98383724534,7d364fa72e0d7841381948c3fbcb6e204ab4ad5a6b6d39c1529b10ea2d7993ea,0,True,,524,204799,full_posterior,64,0.4621581107068135,1126.9631546022638,128,U,U,2112,2,1.0006018878605536,1,32.82225705567676,1.0,dynamics_h_0p005_stage_2,ok,fc9da6235fb1548d828cf68d55d93c2f858e835b161969d4cc33b00e5e83b603,shallow_m0064_r2,validation_or_superseded
2,shallow,final_geometry_v15_20260930,4327fe4ece9317f6fd20fad18389a71e9b1f423b,32,-0.34356126366771617,0.014837827196822232,True,-0.3549276411277303,3974.3829289945693,3969.1584080900525,9723.022656429597,7d364fa72e0d7841381948c3fbcb6e204ab4ad5a6b6d39c1529b10ea2d7993ea,0,True,,662,204799,full_posterior,64,0.007944183117411848,-0.34924445239772306,128,train_logit_0,train_logit_0,2112,2,1.0008043129726676,1,0.5864949786896277,1.0,dynamics_h_0p005_stage_2,ok,fc9da6235fb1548d828cf68d55d93c2f858e835b161969d4cc33b00e5e83b603,shallow_m0064_r2,validation_or_superseded
2,shallow,final_geometry_v15_20260930,4327fe4ece9317f6fd20fad18389a71e9b1f423b,32,0.45245841524827823,0.013584114356980266,True,0.4459906053010112,4765.480559400938,4756.960863492854,10874.825432335052,7d364fa72e0d7841381948c3fbcb6e204ab4ad5a6b6d39c1529b10ea2d7993ea,0,True,,724,204799,full_posterior,64,0.007005561010989528,0.4492245102746446,128,train_logit_16,train_logit_16,2112,2,1.001022067513913,1,0.5587658744045736,1.0,dynamics_h_0p005_stage_2,ok,fc9da6235fb1548d828cf68d55d93c2f858e835b161969d4cc33b00e5e83b603,shallow_m0064_r2,validation_or_superseded
2,shallow,final_geometry_v15_20260930,4327fe4ece9317f6fd20fad18389a71e9b1f423b,32,-0.621131487363581,0.012951838317295013,True,-0.6395603109630421,4676.354839804763,4633.142160138207,10617.647827657147,7d364fa72e0d7841381948c3fbcb6e204ab4ad5a6b6d39c1529b10ea2d7993ea,0,True,,1654,204799,full_posterior,64,0.006856730675998202,-0.6303458991633117,128,train_logit_32,train_logit_32,2112,2,1.000610677894826,1,0.5440236776339413,1.0,dynamics_h_0p005_stage_2,ok,fc9da6235fb1548d828cf68d55d93c2f858e835b161969d4cc33b00e5e83b603,shallow_m0064_r2,validation_or_superseded
2,shallow,final_geometry_v15_20260930,4327fe4ece9317f6fd20fad18389a71e9b1f423b,32,-1.0513936206079928,0.01478940886042414,True,-1.0685946579242325,3491.695611598866,3493.651453502554,7819.535494848072,7d364fa72e0d7841381948c3fbcb6e204ab4ad5a6b6d39c1529b10ea2d7993ea,0,True,,1012,204799,full_posterior,64,0.007899907205210404,-1.0599941392661123,128,train_logit_48,train_logit_48,2112,2,1.001444151790224,1,0.585162197567477,1.0,dynamics_h_0p005_stage_2,ok,fc9da6235fb1548d828cf68d55d93c2f858e835b161969d4cc33b00e5e83b603,shallow_m0064_r2,validation_or_superseded
2,shallow,final_geometry_v15_20260930,4327fe4ece9317f6fd20fad18389a71e9b1f423b,32,0.52459202003054,0.013517457768280425,True,0.5268239047421298,4680.206646338134,4674.05421236078,11526.168476102148,7d364fa72e0d7841381948c3fbcb6e204ab4ad5a6b6d39c1529b10ea2d7993ea,0,True,,722,204799,full_posterior,64,0.007163618598146537,0.525707962386335,128,train_logit_64,train_logit_64,2112,2,1.0006024103792432,1,0.5593226826188542,1.0,dynamics_h_0p005_stage_2,ok,fc9da6235fb1548d828cf68d55d93c2f858e835b161969d4cc33b00e5e83b603,shallow_m0064_r2,validation_or_superseded
2,shallow,final_geometry_v15_20260930,4327fe4ece9317f6fd20fad18389a71e9b1f423b,32,-0.6716829825503252,0.012918734460826364,True,-0.6612216395441919,4571.000350225545,4548.853235822654,11879.630438698576,7d364fa72e0d7841381948c3fbcb6e204ab4ad5a6b6d39c1529b10ea2d7993ea,0,True,,1574,204799,full_posterior,64,0.006794453369544347,-0.666452311047259,128,train_logit_80,train_logit_80,2112,2,1.0016299199053058,1,0.5443927072653486,1.0,dynamics_h_0p005_stage_2,ok,fc9da6235fb1548d828cf68d55d93c2f858e835b161969d4cc33b00e5e83b603,shallow_m0064_r2,validation_or_superseded
2,shallow,final_geometry_v15_20260930,4327fe4ece9317f6fd20fad18389a71e9b1f423b,32,-0.9161756152431529,0.013156450874994945,True,-0.9149677815356942,4533.731537204474,4537.098153706338,12079.961981002503,7d364fa72e0d7841381948c3fbcb6e204ab4ad5a6b6d39c1529b10ea2d7993ea,0,True,,1170,204799,full_posterior,64,0.0069434402493026275,-0.9155716983894238,128,train_logit_96,train_logit_96,2112,2,1.0006060254254783,1,0.5462575221361712,1.0,dynamics_h_0p005_stage_2,ok,fc9da6235fb1548d828cf68d55d93c2f858e835b161969d4cc33b00e5e83b603,shallow_m0064_r2,validation_or_superseded
2,shallow,final_geometry_v15_20260930,4327fe4ece9317f6fd20fad18389a71e9b1f423b,32,0.8353972231600569,0.012285864915967958,True,0.8469805236465625,4884.487420069809,4862.454865327037,12070.738665181694,7d364fa72e0d7841381948c3fbcb6e204ab4ad5a6b6d39c1529b10ea2d7993ea,0,True,,1420,204799,full_posterior,64,0.006513955898898239,0.8411888734033102,128,train_logit_112,train_logit_112,2112,2,1.0004754110308516,1,0.5257579914497655,1.0,dynamics_h_0p005_stage_2,ok,fc9da6235fb1548d828cf68d55d93c2f858e835b161969d4cc33b00e5e83b603,shallow_m0064_r2,validation_or_superseded
2,shallow,final_geometry_v15_20260930,4327fe4ece9317f6fd20fad18389a71e9b1f423b,32,0.4120339361995995,0.004214411258319966,True,0.4114468934225905,3762.0480072856826,3789.915056084406,9648.419593185861,7d364fa72e0d7841381948c3fbcb6e204ab4ad5a6b6d39c1529b10ea2d7993ea,0,True,,1246,204799,full_posterior,64,0.0022164569362103604,0.41174041481109513,128,test_prob_0,test_prob_0,2112,2,1.0006146818527373,1,0.17133224500365465,1.0,dynamics_h_0p005_stage_2,ok,fc9da6235fb1548d828cf68d55d93c2f858e835b161969d4cc33b00e5e83b603,shallow_m0064_r2,validation_or_superseded
2,shallow,final_geometry_v15_20260930,4327fe4ece9317f6fd20fad18389a71e9b1f423b,32,0.40565349938998707,0.00435560803174422,True,0.4096797603905374,4062.1413475066574,4188.272973095588,9509.707543514765,7d364fa72e0d7841381948c3fbcb6e204ab4ad5a6b6d39c1529b10ea2d7993ea,0,True,,664,204799,full_posterior,64,0.002307655595964882,0.4076666298902621,128,test_prob_128,test_prob_128,2112,2,1.0015707782871306,1,0.17475053448488978,1.0,dynamics_h_0p005_stage_2,ok,fc9da6235fb1548d828cf68d55d93c2f858e835b161969d4cc33b00e5e83b603,shallow_m0064_r2,validation_or_superseded
2,shallow,final_geometry_v15_20260930,4327fe4ece9317f6fd20fad18389a71e9b1f423b,32,0.7753064458514003,0.003378950799758849,True,0.7750419807296153,3885.328923083516,4072.8641774179555,9365.085294334523,7d364fa72e0d7841381948c3fbcb6e204ab4ad5a6b6d39c1529b10ea2d7993ea,0,True,,722,204799,full_posterior,64,0.0017911156805606302,0.7751742132905076,128,test_prob_256,test_prob_256,2112,2,1.0003631824552564,1,0.13468161280059457,1.0,dynamics_h_0p005_stage_2,ok,fc9da6235fb1548d828cf68d55d93c2f858e835b161969d4cc33b00e5e83b603,shallow_m0064_r2,validation_or_superseded
2,shallow,final_geometry_v15_20260930,4327fe4ece9317f6fd20fad18389a71e9b1f423b,32,0.8415015385357004,0.0024869501134710884,True,0.8439562584424314,3529.6570167139703,3901.5113531961983,7686.589586498565,7d364fa72e0d7841381948c3fbcb6e204ab4ad5a6b6d39c1529b10ea2d7993ea,0,True,,1398,204799,full_posterior,64,0.0013228592005434818,0.842728898489066,128,test_prob_384,test_prob_384,2112,2,1.0012027307132094,1,0.10279412851252788,1.0,dynamics_h_0p005_stage_2,ok,fc9da6235fb1548d828cf68d55d93c2f858e835b161969d4cc33b00e5e83b603,shallow_m0064_r2,validation_or_superseded
2,shallow,final_geometry_v15_20260930,4327fe4ece9317f6fd20fad18389a71e9b1f423b,32,0.39646106785778107,0.0043523346144272584,True,0.39335185543849777,4037.393658876867,4042.0957795719673,8491.306727756406,7d364fa72e0d7841381948c3fbcb6e204ab4ad5a6b6d39c1529b10ea2d7993ea,0,True,,674,204799,full_posterior,64,0.002346357469727826,0.39490646164813953,128,test_prob_512,test_prob_512,2112,2,1.0023774234162792,1,0.17314998567967177,1.0,dynamics_h_0p005_stage_2,ok,fc9da6235fb1548d828cf68d55d93c2f858e835b161969d4cc33b00e5e83b603,shallow_m0064_r2,validation_or_superseded
2,shallow,final_geometry_v15_20260930,4327fe4ece9317f6fd20fad18389a71e9b1f423b,32,0.7169843824843476,0.003908412602458633,True,0.7210675150542368,3595.2724405883123,3700.7683374045755,8954.325233497906,7d364fa72e0d7841381948c3fbcb6e204ab4ad5a6b6d39c1529b10ea2d7993ea,0,True,,1780,204799,full_posterior,64,0.002079430287976046,0.7190259487692922,128,test_prob_640,test_prob_640,2112,2,1.001693739077796,1,0.15431575669074946,1.0,dynamics_h_0p005_stage_2,ok,fc9da6235fb1548d828cf68d55d93c2f858e835b161969d4cc33b00e5e83b603,shallow_m0064_r2,validation_or_superseded
2,shallow,final_geometry_v15_20260930,4327fe4ece9317f6fd20fad18389a71e9b1f423b,32,0.7332141829970682,0.003672696421401432,True,0.7283266880952843,4066.5244248909808,4219.285157844072,8871.439871953624,7d364fa72e0d7841381948c3fbcb6e204ab4ad5a6b6d39c1529b10ea2d7993ea,0,True,,1040,204799,full_posterior,64,0.001960889280192843,0.730770435546176,128,test_prob_768,test_prob_768,2112,2,1.001346113403575,1,0.14863123389891925,1.0,dynamics_h_0p005_stage_2,ok,fc9da6235fb1548d828cf68d55d93c2f858e835b161969d4cc33b00e5e83b603,shallow_m0064_r2,validation_or_superseded
2,shallow,final_geometry_v15_20260930,4327fe4ece9317f6fd20fad18389a71e9b1f423b,32,0.4461238023456624,0.004770778206273382,True,0.4466569339059525,2901.316647298961,2925.8184759069336,7658.143751366849,7d364fa72e0d7841381948c3fbcb6e204ab4ad5a6b6d39c1529b10ea2d7993ea,0,True,,1612,204799,full_posterior,64,0.002538026437753307,0.4463903681258074,128,test_prob_896,test_prob_896,2112,2,1.0012964493976364,1,0.18513028341737855,1.0,dynamics_h_0p005_stage_2,ok,fc9da6235fb1548d828cf68d55d93c2f858e835b161969d4cc33b00e5e83b603,shallow_m0064_r2,validation_or_superseded
2,shallow,final_geometry_v15_20260930,4327fe4ece9317f6fd20fad18389a71e9b1f423b,32,-0.0019118607094751993,0.01639271220195226,True,-0.04898727874229383,4525.3142205561335,4364.522683899767,6324.251930878315,7d364fa72e0d7841381948c3fbcb6e204ab4ad5a6b6d39c1529b10ea2d7993ea,0,True,,410,204799,full_posterior,64,0.008676218236371798,-0.02544956972588452,128,interaction_0,interaction_0,2112,2,1.0014489332254308,1,0.6369895577071724,1.0,dynamics_h_0p005_stage_2,ok,fc9da6235fb1548d828cf68d55d93c2f858e835b161969d4cc33b00e5e83b603,shallow_m0064_r2,validation_or_superseded
2,shallow,final_geometry_v15_20260930,4327fe4ece9317f6fd20fad18389a71e9b1f423b,32,-0.017979111766698586,0.016302716102425688,True,0.04227980186796509,4034.3075334584064,3801.373595528739,6046.886076264238,7d364fa72e0d7841381948c3fbcb6e204ab4ad5a6b6d39c1529b10ea2d7993ea,0,True,,1428,204799,full_posterior,64,0.008665705902445165,0.012150345050633251,128,interaction_1,interaction_1,2112,2,1.0025389550196062,1,0.6212162031999389,1.0,dynamics_h_0p005_stage_2,ok,fc9da6235fb1548d828cf68d55d93c2f858e835b161969d4cc33b00e5e83b603,shallow_m0064_r2,validation_or_superseded
2,shallow,final_geometry_v15_20260930,4327fe4ece9317f6fd20fad18389a71e9b1f423b,32,-0.047532431632621636,0.015636563534496606,True,-0.06471009395614258,4495.74792879819,4294.352423554314,6245.1852070821105,7d364fa72e0d7841381948c3fbcb6e204ab4ad5a6b6d39c1529b10ea2d7993ea,0,True,,460,204799,full_posterior,64,0.00818687732865666,-0.0561212627943821,128,interaction_2,interaction_2,2112,2,1.0007322005864414,1,0.6094871497597438,1.0,dynamics_h_0p005_stage_2,ok,fc9da6235fb1548d828cf68d55d93c2f858e835b161969d4cc33b00e5e83b603,shallow_m0064_r2,validation_or_superseded
2,shallow,final_geometry_v15_20260930,4327fe4ece9317f6fd20fad18389a71e9b1f423b,32,-0.08937050383494798,0.016725250896675422,True,-0.07595364734743182,3983.1880847572033,3731.3088109216046,5470.028044074834,7d364fa72e0d7841381948c3fbcb6e204ab4ad5a6b6d39c1529b10ea2d7993ea,0,True,,780,204799,full_posterior,64,0.008931948024786807,-0.08266207559118993,128,interaction_3,interaction_3,2112,2,1.000987912465825,1,0.6332415746018124,1.0,dynamics_h_0p005_stage_2,ok,fc9da6235fb1548d828cf68d55d93c2f858e835b161969d4cc33b00e5e83b603,shallow_m0064_r2,validation_or_superseded
2,shallow,final_geometry_v15_20260930,4327fe4ece9317f6fd20fad18389a71e9b1f423b,32,-0.6885646165552113,0.030501851172761215,True,-0.7094350570358978,1680.3033766739582,1676.263155290087,4390.3125111183,7d364fa72e0d7841381948c3fbcb6e204ab4ad5a6b6d39c1529b10ea2d7993ea,0,True,,1138,204799,full_posterior,64,0.016794703282911765,-0.6989998367955544,128,q_A,q_A,2112,2,1.0036060206373796,1,0.9610509024475279,1.0,dynamics_h_0p005_stage_2,ok,fc9da6235fb1548d828cf68d55d93c2f858e835b161969d4cc33b00e5e83b603,shallow_m0064_r2,validation_or_superseded
2,shallow,final_geometry_v15_20260930,4327fe4ece9317f6fd20fad18389a71e9b1f423b,32,0.007932536300848196,0.03169424657304557,True,-0.01119060588580051,1955.3514658889012,1960.3101682168556,4215.542307638797,7d364fa72e0d7841381948c3fbcb6e204ab4ad5a6b6d39c1529b10ea2d7993ea,0,True,,1370,204799,full_posterior,64,0.01761030651883769,-0.0016290347924761554,128,q_W,q_W,2112,2,1.0018549058458746,1,1.010221736193922,1.0,dynamics_h_0p005_stage_2,ok,fc9da6235fb1548d828cf68d55d93c2f858e835b161969d4cc33b00e5e83b603,shallow_m0064_r2,validation_or_superseded
2,shallow,final_geometry_v15_20260930,4327fe4ece9317f6fd20fad18389a71e9b1f423b,32,1.1180286353684434,0.0047897593965830956,True,1.1174404890093188,3771.1846444865205,3818.533432980396,9481.458141191943,7d364fa72e0d7841381948c3fbcb6e204ab4ad5a6b6d39c1529b10ea2d7993ea,0,True,,944,204799,full_posterior,64,0.002497645407831501,1.117734562188881,128,disp_A,disp_A,2112,2,1.0008448500096403,1,0.18312938083405117,1.0,dynamics_h_0p005_stage_2,ok,fc9da6235fb1548d828cf68d55d93c2f858e835b161969d4cc33b00e5e83b603,shallow_m0064_r2,validation_or_superseded
2,shallow,final_geometry_v15_20260930,4327fe4ece9317f6fd20fad18389a71e9b1f423b,32,1.0011284211374554,0.0008390479910496042,True,1.0009084724517558,3965.93339067105,3961.123279347458,8400.364583677718,7d364fa72e0d7841381948c3fbcb6e204ab4ad5a6b6d39c1529b10ea2d7993ea,0,True,,522,204799,full_posterior,64,0.0004468496518178457,1.0010184467946053,128,disp_W1,disp_W1,2112,2,1.0007566505464298,1,0.031637535872049566,1.0,dynamics_h_0p005_stage_2,ok,fc9da6235fb1548d828cf68d55d93c2f858e835b161969d4cc33b00e5e83b603,shallow_m0064_r2,validation_or_superseded
2,shallow,final_geometry_v15_20260930,4327fe4ece9317f6fd20fad18389a71e9b1f423b,32,66.2184669820922,0.1095839301966818,True,66.15891125464199,4339.889133014393,4354.668740451013,10362.05868635572,822118be30066e2ad7805184a823770ccb2ca9a0d6000e559d8be6e5c136ec7b,0,True,,420,102399,full_posterior,64,0.05672034405576032,66.1886891183671,128,V,V,2112,2,1.0006331357020632,1,4.197542866167677,1.0,dynamics_h_0p01_stage_2,ok,fc9da6235fb1548d828cf68d55d93c2f858e835b161969d4cc33b00e5e83b603,shallow_m0064_r2,production_final
2,shallow,final_geometry_v15_20260930,4327fe4ece9317f6fd20fad18389a71e9b1f423b,32,1126.704932792306,0.9213107799054674,True,1126.4561458102105,3522.6158555530874,3473.275347587313,8004.786899155117,822118be30066e2ad7805184a823770ccb2ca9a0d6000e559d8be6e5c136ec7b,0,True,,684,102399,full_posterior,64,0.48443844989630386,1126.5805393012583,128,U,U,2112,2,1.0010345607601603,1,32.65588144185293,1.0,dynamics_h_0p01_stage_2,ok,fc9da6235fb1548d828cf68d55d93c2f858e835b161969d4cc33b00e5e83b603,shallow_m0064_r2,production_final
2,shallow,final_geometry_v15_20260930,4327fe4ece9317f6fd20fad18389a71e9b1f423b,32,-0.3534666701355724,0.015498516845255743,True,-0.3388389385924523,3803.043570860291,3784.2813254123075,9662.331544759294,822118be30066e2ad7805184a823770ccb2ca9a0d6000e559d8be6e5c136ec7b,0,True,,598,102399,full_posterior,64,0.008149339543437717,-0.3461528043640124,128,train_logit_0,train_logit_0,2112,2,1.0007343209203676,1,0.5843322732234122,1.0,dynamics_h_0p01_stage_2,ok,fc9da6235fb1548d828cf68d55d93c2f858e835b161969d4cc33b00e5e83b603,shallow_m0064_r2,production_final
2,shallow,final_geometry_v15_20260930,4327fe4ece9317f6fd20fad18389a71e9b1f423b,32,0.4502517147124957,0.014158534693836239,True,0.4440059514280161,4548.798597242838,4543.467014733599,11452.98141214784,822118be30066e2ad7805184a823770ccb2ca9a0d6000e559d8be6e5c136ec7b,0,True,,430,102399,full_posterior,64,0.007271860931994767,0.4471288330702559,128,train_logit_16,train_logit_16,2112,2,1.0014014052266353,1,0.5553774085271247,1.0,dynamics_h_0p01_stage_2,ok,fc9da6235fb1548d828cf68d55d93c2f858e835b161969d4cc33b00e5e83b603,shallow_m0064_r2,production_final
2,shallow,final_geometry_v15_20260930,4327fe4ece9317f6fd20fad18389a71e9b1f423b,32,-0.626784389749248,0.013299841044340802,True,-0.6353995998666,5133.005737041285,5111.562402001566,10981.503330732998,822118be30066e2ad7805184a823770ccb2ca9a0d6000e559d8be6e5c136ec7b,0,True,,364,102399,full_posterior,64,0.006885888420961486,-0.6310919948079239,128,train_logit_32,train_logit_32,2112,2,1.0018178199802166,1,0.5361913008361762,1.0,dynamics_h_0p01_stage_2,ok,fc9da6235fb1548d828cf68d55d93c2f858e835b161969d4cc33b00e5e83b603,shallow_m0064_r2,production_final
2,shallow,final_geometry_v15_20260930,4327fe4ece9317f6fd20fad18389a71e9b1f423b,32,-1.0573273645327932,0.015596158186569665,True,-1.0433585052728458,4167.005975597633,4168.42872962441,9181.345796633783,822118be30066e2ad7805184a823770ccb2ca9a0d6000e559d8be6e5c136ec7b,0,True,,444,102399,full_posterior,64,0.008216582840160616,-1.050342934902819,128,train_logit_48,train_logit_48,2112,2,1.0012375039548855,1,0.5846260010820333,1.0,dynamics_h_0p01_stage_2,ok,fc9da6235fb1548d828cf68d55d93c2f858e835b161969d4cc33b00e5e83b603,shallow_m0064_r2,production_final
2,shallow,final_geometry_v15_20260930,4327fe4ece9317f6fd20fad18389a71e9b1f423b,32,0.5064166247830102,0.014444090359455214,True,0.5395295159373471,4110.391551728564,4102.696768006199,9296.332999177544,822118be30066e2ad7805184a823770ccb2ca9a0d6000e559d8be6e5c136ec7b,0,True,,454,102399,full_posterior,64,0.007526635165013807,0.5229730703601787,128,train_logit_64,train_logit_64,2112,2,1.0009394716466233,1,0.5562221201559057,1.0,dynamics_h_0p01_stage_2,ok,fc9da6235fb1548d828cf68d55d93c2f858e835b161969d4cc33b00e5e83b603,shallow_m0064_r2,production_final
2,shallow,final_geometry_v15_20260930,4327fe4ece9317f6fd20fad18389a71e9b1f423b,32,-0.6767636659191162,0.014128711726234604,True,-0.6615048394965793,4952.654342375918,4954.829141874666,11735.020899082207,822118be30066e2ad7805184a823770ccb2ca9a0d6000e559d8be6e5c136ec7b,0,True,,232,102399,full_posterior,64,0.00724879561559329,-0.6691342527078479,128,train_logit_80,train_logit_80,2112,2,1.0003502708973362,1,0.5551787161300388,1.0,dynamics_h_0p01_stage_2,ok,fc9da6235fb1548d828cf68d55d93c2f858e835b161969d4cc33b00e5e83b603,shallow_m0064_r2,production_final
2,shallow,final_geometry_v15_20260930,4327fe4ece9317f6fd20fad18389a71e9b1f423b,32,-0.9110840799185179,0.014679371626048035,True,-0.9113061470211838,4064.837308879911,4058.2641775605853,10101.920116698273,822118be30066e2ad7805184a823770ccb2ca9a0d6000e559d8be6e5c136ec7b,0,True,,396,102399,full_posterior,64,0.007807397108237574,-0.9111951134698509,128,train_logit_96,train_logit_96,2112,2,1.0004104138775398,1,0.5605798928183184,1.0,dynamics_h_0p01_stage_2,ok,fc9da6235fb1548d828cf68d55d93c2f858e835b161969d4cc33b00e5e83b603,shallow_m0064_r2,production_final
2,shallow,final_geometry_v15_20260930,4327fe4ece9317f6fd20fad18389a71e9b1f423b,32,0.8419844706646208,0.0125857034190796,True,0.8560511299603974,5552.269403193987,5551.515071336698,13287.193801538755,822118be30066e2ad7805184a823770ccb2ca9a0d6000e559d8be6e5c136ec7b,0,True,,240,102399,full_posterior,64,0.0065879064418722325,0.8490178003125091,128,train_logit_112,train_logit_112,2112,2,1.000791657635976,1,0.5241394807658187,1.0,dynamics_h_0p01_stage_2,ok,fc9da6235fb1548d828cf68d55d93c2f858e835b161969d4cc33b00e5e83b603,shallow_m0064_r2,production_final
2,shallow,final_geometry_v15_20260930,4327fe4ece9317f6fd20fad18389a71e9b1f423b,32,0.40885720775631973,0.004465909772837198,True,0.4169671732001936,4248.847369046494,4251.477249356011,10196.054851853478,822118be30066e2ad7805184a823770ccb2ca9a0d6000e559d8be6e5c136ec7b,0,True,,342,102399,full_posterior,64,0.00236896580889249,0.41291219047825656,128,test_prob_0,test_prob_0,2112,2,1.0008433626841982,1,0.17180032450319774,1.0,dynamics_h_0p01_stage_2,ok,fc9da6235fb1548d828cf68d55d93c2f858e835b161969d4cc33b00e5e83b603,shallow_m0064_r2,production_final
2,shallow,final_geometry_v15_20260930,4327fe4ece9317f6fd20fad18389a71e9b1f423b,32,0.4083755183841484,0.00446049953473807,True,0.4055232660337489,3946.305144777453,4009.2783128075343,9623.210933879513,822118be30066e2ad7805184a823770ccb2ca9a0d6000e559d8be6e5c136ec7b,0,True,,686,102399,full_posterior,64,0.0023137665563581454,0.40694939220894866,128,test_prob_128,test_prob_128,2112,2,1.0004783122630978,1,0.17120591802315072,1.0,dynamics_h_0p01_stage_2,ok,fc9da6235fb1548d828cf68d55d93c2f858e835b161969d4cc33b00e5e83b603,shallow_m0064_r2,production_final
2,shallow,final_geometry_v15_20260930,4327fe4ece9317f6fd20fad18389a71e9b1f423b,32,0.7763854331095853,0.003527335795249845,True,0.773300148902035,4364.648268192892,4448.92982164488,10300.597783848896,822118be30066e2ad7805184a823770ccb2ca9a0d6000e559d8be6e5c136ec7b,0,True,,336,102399,full_posterior,64,0.0018411052658013803,0.7748427910058099,128,test_prob_256,test_prob_256,2112,2,1.0004673618193152,1,0.13492280786381908,1.0,dynamics_h_0p01_stage_2,ok,fc9da6235fb1548d828cf68d55d93c2f858e835b161969d4cc33b00e5e83b603,shallow_m0064_r2,production_final
2,shallow,final_geometry_v15_20260930,4327fe4ece9317f6fd20fad18389a71e9b1f423b,32,0.843432357474903,0.0026383778698110165,True,0.8405695570915235,4280.1014359834335,4612.591377728396,9728.073872835539,822118be30066e2ad7805184a823770ccb2ca9a0d6000e559d8be6e5c136ec7b,0,True,,504,102399,full_posterior,64,0.0013925869571544546,0.8420009572832133,128,test_prob_384,test_prob_384,2112,2,1.0013590397262104,1,0.10363005321996076,1.0,dynamics_h_0p01_stage_2,ok,fc9da6235fb1548d828cf68d55d93c2f858e835b161969d4cc33b00e5e83b603,shallow_m0064_r2,production_final
2,shallow,final_geometry_v15_20260930,4327fe4ece9317f6fd20fad18389a71e9b1f423b,32,0.39675752549962195,0.0046633270776892735,True,0.3883866024292865,3974.153452839217,4010.62424083923,10786.633841576964,822118be30066e2ad7805184a823770ccb2ca9a0d6000e559d8be6e5c136ec7b,0,True,,508,102399,full_posterior,64,0.002446059233236716,0.3925720639644543,128,test_prob_512,test_prob_512,2112,2,1.001402532998565,1,0.1738015230873565,1.0,dynamics_h_0p01_stage_2,ok,fc9da6235fb1548d828cf68d55d93c2f858e835b161969d4cc33b00e5e83b603,shallow_m0064_r2,production_final
2,shallow,final_geometry_v15_20260930,4327fe4ece9317f6fd20fad18389a71e9b1f423b,32,0.7183264001770108,0.004117940908600802,True,0.7254065174415768,3499.326404120827,3661.246881969637,8466.19957278498,822118be30066e2ad7805184a823770ccb2ca9a0d6000e559d8be6e5c136ec7b,0,True,,646,102399,full_posterior,64,0.0021663110147189493,0.7218664588092938,128,test_prob_640,test_prob_640,2112,2,1.0009137731335398,1,0.15289840002305483,1.0,dynamics_h_0p01_stage_2,ok,fc9da6235fb1548d828cf68d55d93c2f858e835b161969d4cc33b00e5e83b603,shallow_m0064_r2,production_final
2,shallow,final_geometry_v15_20260930,4327fe4ece9317f6fd20fad18389a71e9b1f423b,32,0.7314555045190778,0.0038341380403770294,True,0.7299289701203222,4304.372800281194,4383.328564171761,10139.60119981884,822118be30066e2ad7805184a823770ccb2ca9a0d6000e559d8be6e5c136ec7b,0,True,,328,102399,full_posterior,64,0.0020154111679385987,0.7306922373197,128,test_prob_768,test_prob_768,2112,2,1.00188792592549,1,0.14855944594163542,1.0,dynamics_h_0p01_stage_2,ok,fc9da6235fb1548d828cf68d55d93c2f858e835b161969d4cc33b00e5e83b603,shallow_m0064_r2,production_final
2,shallow,final_geometry_v15_20260930,4327fe4ece9317f6fd20fad18389a71e9b1f423b,32,0.4542300049185352,0.00484159322407705,True,0.4463267646426695,4131.064399675224,4147.022938131555,9492.346728402616,822118be30066e2ad7805184a823770ccb2ca9a0d6000e559d8be6e5c136ec7b,0,True,,316,102399,full_posterior,64,0.002555795348010875,0.45027838478060234,128,test_prob_896,test_prob_896,2112,2,1.0021687824952643,1,0.18202426442650202,1.0,dynamics_h_0p01_stage_2,ok,fc9da6235fb1548d828cf68d55d93c2f858e835b161969d4cc33b00e5e83b603,shallow_m0064_r2,production_final
2,shallow,final_geometry_v15_20260930,4327fe4ece9317f6fd20fad18389a71e9b1f423b,32,-0.04940360042635243,0.016639135606310283,True,-0.009708942794800572,4270.201612676432,4078.920574121074,5925.432701044744,822118be30066e2ad7805184a823770ccb2ca9a0d6000e559d8be6e5c136ec7b,0,True,,294,102399,full_posterior,64,0.008914504686983925,-0.029556271610576505,128,interaction_0,interaction_0,2112,2,1.0007886549127927,1,0.6235180850791483,1.0,dynamics_h_0p01_stage_2,ok,fc9da6235fb1548d828cf68d55d93c2f858e835b161969d4cc33b00e5e83b603,shallow_m0064_r2,production_final
2,shallow,final_geometry_v15_20260930,4327fe4ece9317f6fd20fad18389a71e9b1f423b,32,0.008284850246204106,0.0176643023175833,True,0.041682736179083996,3897.0302759870056,3725.5716526199662,5677.213493395967,822118be30066e2ad7805184a823770ccb2ca9a0d6000e559d8be6e5c136ec7b,0,True,,526,102399,full_posterior,64,0.00906459320332462,0.024983793212644056,128,interaction_1,interaction_1,2112,2,1.0030207482475477,1,0.6321748438611455,1.0,dynamics_h_0p01_stage_2,ok,fc9da6235fb1548d828cf68d55d93c2f858e835b161969d4cc33b00e5e83b603,shallow_m0064_r2,production_final
2,shallow,final_geometry_v15_20260930,4327fe4ece9317f6fd20fad18389a71e9b1f423b,32,-0.025142919250261936,0.016514272774869665,True,-0.037091629058653194,4143.1251141089015,3898.3304843264464,6010.616604224396,822118be30066e2ad7805184a823770ccb2ca9a0d6000e559d8be6e5c136ec7b,0,True,,400,102399,full_posterior,64,0.008786500480999061,-0.031117274154457582,128,interaction_2,interaction_2,2112,2,1.0007834083291725,1,0.6034383172299983,1.0,dynamics_h_0p01_stage_2,ok,fc9da6235fb1548d828cf68d55d93c2f858e835b161969d4cc33b00e5e83b603,shallow_m0064_r2,production_final
2,shallow,final_geometry_v15_20260930,4327fe4ece9317f6fd20fad18389a71e9b1f423b,32,-0.06786861420049412,0.018221513266021724,True,-0.09694956169346174,3496.2823850290956,3288.7820141899256,5060.979393022754,822118be30066e2ad7805184a823770ccb2ca9a0d6000e559d8be6e5c136ec7b,0,True,,546,102399,full_posterior,64,0.009483311242979617,-0.08240908794697795,128,interaction_3,interaction_3,2112,2,1.000975404889615,1,0.6360928723450898,1.0,dynamics_h_0p01_stage_2,ok,fc9da6235fb1548d828cf68d55d93c2f858e835b161969d4cc33b00e5e83b603,shallow_m0064_r2,production_final
2,shallow,final_geometry_v15_20260930,4327fe4ece9317f6fd20fad18389a71e9b1f423b,32,-0.6388924889611886,0.03371431841637503,True,-0.6209468905706262,1668.0934686748567,1659.4605759728518,3516.573363245712,822118be30066e2ad7805184a823770ccb2ca9a0d6000e559d8be6e5c136ec7b,0,True,,666,102399,full_posterior,64,0.01826437038831562,-0.6299196897659074,128,q_A,q_A,2112,2,1.0041943824686725,1,0.9628595969745832,1.0,dynamics_h_0p01_stage_2,ok,fc9da6235fb1548d828cf68d55d93c2f858e835b161969d4cc33b00e5e83b603,shallow_m0064_r2,production_final
2,shallow,final_geometry_v15_20260930,4327fe4ece9317f6fd20fad18389a71e9b1f423b,32,-0.041421630335378906,0.03548969773198671,True,-0.0433835041280719,1968.9220947462707,1964.950138419097,4004.1385772589456,822118be30066e2ad7805184a823770ccb2ca9a0d6000e559d8be6e5c136ec7b,0,True,,528,102399,full_posterior,64,0.019050323683663762,-0.0424025672317254,128,q_W,q_W,2112,2,1.0024981215412012,1,1.0197932611069216,1.0,dynamics_h_0p01_stage_2,ok,fc9da6235fb1548d828cf68d55d93c2f858e835b161969d4cc33b00e5e83b603,shallow_m0064_r2,production_final
2,shallow,final_geometry_v15_20260930,4327fe4ece9317f6fd20fad18389a71e9b1f423b,32,1.1072237739140731,0.005181586360908522,True,1.1143186111446266,4099.189983809663,4095.2319460397307,9252.106849295336,822118be30066e2ad7805184a823770ccb2ca9a0d6000e559d8be6e5c136ec7b,0,True,,280,102399,full_posterior,64,0.002661625488484104,1.1107711925293497,128,disp_A,disp_A,2112,2,1.0019451017494323,1,0.18587264083954805,1.0,dynamics_h_0p01_stage_2,ok,fc9da6235fb1548d828cf68d55d93c2f858e835b161969d4cc33b00e5e83b603,shallow_m0064_r2,production_final
2,shallow,final_geometry_v15_20260930,4327fe4ece9317f6fd20fad18389a71e9b1f423b,32,1.0010305713329721,0.0008935182204513241,True,1.0006240615224031,3556.6751361974148,3497.9290709770303,7442.581019033941,822118be30066e2ad7805184a823770ccb2ca9a0d6000e559d8be6e5c136ec7b,0,True,,804,102399,full_posterior,64,0.00046905059077726174,1.0008273164276877,128,disp_W1,disp_W1,2112,2,1.0014675724960558,1,0.031499312583041054,1.0,dynamics_h_0p01_stage_2,ok,fc9da6235fb1548d828cf68d55d93c2f858e835b161969d4cc33b00e5e83b603,shallow_m0064_r2,production_final
2,shallow,final_geometry_v15_20260930,4327fe4ece9317f6fd20fad18389a71e9b1f423b,32,66.26227750447913,0.11798841515408419,True,66.21016066665956,4217.691309782139,4224.745660734786,10617.475767434924,ef1550b23c2d8062c768a542a113e072d27c07791584badd980bc77784340006,0,True,,166,51199,full_posterior,64,0.0611831577139668,66.23621908556935,128,V,V,2112,2,1.0002754339682303,1,4.240140487822569,1.0,dynamics_h_0p02_stage_2,ok,fc9da6235fb1548d828cf68d55d93c2f858e835b161969d4cc33b00e5e83b603,shallow_m0064_r2,validation_or_superseded
2,shallow,final_geometry_v15_20260930,4327fe4ece9317f6fd20fad18389a71e9b1f423b,32,1126.523420956735,0.9517208024276265,True,1127.2680963291914,4006.953092246217,3998.8046642616882,8814.36426884469,ef1550b23c2d8062c768a542a113e072d27c07791584badd980bc77784340006,0,True,,146,51199,full_posterior,64,0.4724311430003356,1126.895758642963,128,U,U,2112,2,1.0006180074695699,1,32.230948273731556,1.0,dynamics_h_0p02_stage_2,ok,fc9da6235fb1548d828cf68d55d93c2f858e835b161969d4cc33b00e5e83b603,shallow_m0064_r2,validation_or_superseded
2,shallow,final_geometry_v15_20260930,4327fe4ece9317f6fd20fad18389a71e9b1f423b,32,-0.36469428471796256,0.01702429755805494,True,-0.3570016240610488,3518.2354994914263,3521.0777366386997,8419.757981336605,ef1550b23c2d8062c768a542a113e072d27c07791584badd980bc77784340006,0,True,,226,51199,full_posterior,64,0.009160255507693206,-0.3608479543895056,128,train_logit_0,train_logit_0,2112,2,1.001126166091237,1,0.5885114304010184,1.0,dynamics_h_0p02_stage_2,ok,fc9da6235fb1548d828cf68d55d93c2f858e835b161969d4cc33b00e5e83b603,shallow_m0064_r2,validation_or_superseded
2,shallow,final_geometry_v15_20260930,4327fe4ece9317f6fd20fad18389a71e9b1f423b,32,0.4527306139891421,0.01476812138020681,True,0.4339718080407129,4522.406881834633,4511.0789201530815,10815.203116286144,ef1550b23c2d8062c768a542a113e072d27c07791584badd980bc77784340006,0,True,,168,51199,full_posterior,64,0.007735457344379936,0.4433512110149275,128,train_logit_16,train_logit_16,2112,2,1.0009836671651775,1,0.5553342869708413,1.0,dynamics_h_0p02_stage_2,ok,fc9da6235fb1548d828cf68d55d93c2f858e835b161969d4cc33b00e5e83b603,shallow_m0064_r2,validation_or_superseded
2,shallow,final_geometry_v15_20260930,4327fe4ece9317f6fd20fad18389a71e9b1f423b,32,-0.6512045052599786,0.014615797566031015,True,-0.6117235129734907,4741.87270791812,4736.622666628511,11300.173770941512,ef1550b23c2d8062c768a542a113e072d27c07791584badd980bc77784340006,0,True,,182,51199,full_posterior,64,0.007361535067742899,-0.6314640091167348,128,train_logit_32,train_logit_32,2112,2,1.0022930737069131,1,0.5470250410071418,1.0,dynamics_h_0p02_stage_2,ok,fc9da6235fb1548d828cf68d55d93c2f858e835b161969d4cc33b00e5e83b603,shallow_m0064_r2,validation_or_superseded
2,shallow,final_geometry_v15_20260930,4327fe4ece9317f6fd20fad18389a71e9b1f423b,32,-1.0537677857803767,0.017370791692448952,True,-1.0426680278688287,3393.75141926956,3396.183462644332,9707.83728548308,ef1550b23c2d8062c768a542a113e072d27c07791584badd980bc77784340006,0,True,,268,51199,full_posterior,64,0.009170286306220798,-1.0482179068246027,128,train_logit_48,train_logit_48,2112,2,1.0013027360849345,1,0.5954327388382357,1.0,dynamics_h_0p02_stage_2,ok,fc9da6235fb1548d828cf68d55d93c2f858e835b161969d4cc33b00e5e83b603,shallow_m0064_r2,validation_or_superseded
2,shallow,final_geometry_v15_20260930,4327fe4ece9317f6fd20fad18389a71e9b1f423b,32,0.5160564312786602,0.015329557786014096,True,0.5228721234655481,4112.863845900692,4067.961198643464,9862.182503201566,ef1550b23c2d8062c768a542a113e072d27c07791584badd980bc77784340006,0,True,,286,51199,full_posterior,64,0.008130117172885299,0.5194642773721041,128,train_logit_64,train_logit_64,2112,2,1.0005872699450717,1,0.5576759528983293,1.0,dynamics_h_0p02_stage_2,ok,fc9da6235fb1548d828cf68d55d93c2f858e835b161969d4cc33b00e5e83b603,shallow_m0064_r2,validation_or_superseded
2,shallow,final_geometry_v15_20260930,4327fe4ece9317f6fd20fad18389a71e9b1f423b,32,-0.6630777536812762,0.014410536646738291,True,-0.6670370643631108,4517.519283962038,4515.739985650539,10183.370320691783,ef1550b23c2d8062c768a542a113e072d27c07791584badd980bc77784340006,0,True,,188,51199,full_posterior,64,0.007429985322217118,-0.6650574090221933,128,train_logit_80,train_logit_80,2112,2,1.0006792059068155,1,0.5489306608314054,1.0,dynamics_h_0p02_stage_2,ok,fc9da6235fb1548d828cf68d55d93c2f858e835b161969d4cc33b00e5e83b603,shallow_m0064_r2,validation_or_superseded
2,shallow,final_geometry_v15_20260930,4327fe4ece9317f6fd20fad18389a71e9b1f423b,32,-0.8923413543336797,0.014994273720517261,True,-0.90455035668613,3925.41161621552,3931.795041467626,10062.85389296279,ef1550b23c2d8062c768a542a113e072d27c07791584badd980bc77784340006,0,True,,280,51199,full_posterior,64,0.007718142233808719,-0.8984458555099049,128,train_logit_96,train_logit_96,2112,2,1.0004103178767574,1,0.5474869847822502,1.0,dynamics_h_0p02_stage_2,ok,fc9da6235fb1548d828cf68d55d93c2f858e835b161969d4cc33b00e5e83b603,shallow_m0064_r2,validation_or_superseded
2,shallow,final_geometry_v15_20260930,4327fe4ece9317f6fd20fad18389a71e9b1f423b,32,0.8525709425732146,0.013561242660243158,True,0.8463378408506311,4844.170211473258,4828.729003361199,11614.624380639543,ef1550b23c2d8062c768a542a113e072d27c07791584badd980bc77784340006,0,True,,186,51199,full_posterior,64,0.006945846633173448,0.849454391711923,128,train_logit_112,train_logit_112,2112,2,1.0004316910056616,1,0.5227772345756052,1.0,dynamics_h_0p02_stage_2,ok,fc9da6235fb1548d828cf68d55d93c2f858e835b161969d4cc33b00e5e83b603,shallow_m0064_r2,validation_or_superseded
2,shallow,final_geometry_v15_20260930,4327fe4ece9317f6fd20fad18389a71e9b1f423b,32,0.4201223994948663,0.004735910534915986,True,0.41033578375297636,3919.092193703976,3948.4637143509312,11169.776126576837,ef1550b23c2d8062c768a542a113e072d27c07791584badd980bc77784340006,0,True,,328,51199,full_posterior,64,0.002467544813320388,0.4152290916239214,128,test_prob_0,test_prob_0,2112,2,1.0025923982776175,1,0.17203460390449057,1.0,dynamics_h_0p02_stage_2,ok,fc9da6235fb1548d828cf68d55d93c2f858e835b161969d4cc33b00e5e83b603,shallow_m0064_r2,validation_or_superseded
2,shallow,final_geometry_v15_20260930,4327fe4ece9317f6fd20fad18389a71e9b1f423b,32,0.4098792785387905,0.004774124220505709,True,0.41475120825369766,4334.885393484148,4407.749038562156,9773.021943190559,ef1550b23c2d8062c768a542a113e072d27c07791584badd980bc77784340006,0,True,,252,51199,full_posterior,64,0.002406903960369446,0.412315243396244,128,test_prob_128,test_prob_128,2112,2,1.0011429748938323,1,0.1737665878524135,1.0,dynamics_h_0p02_stage_2,ok,fc9da6235fb1548d828cf68d55d93c2f858e835b161969d4cc33b00e5e83b603,shallow_m0064_r2,validation_or_superseded
2,shallow,final_geometry_v15_20260930,4327fe4ece9317f6fd20fad18389a71e9b1f423b,32,0.7760980630817187,0.00383462743452671,True,0.7724935496433305,3779.0959784848765,4016.613093026413,8813.81527958952,ef1550b23c2d8062c768a542a113e072d27c07791584badd980bc77784340006,0,True,,260,51199,full_posterior,64,0.0020140666340005267,0.7742958063625248,128,test_prob_256,test_prob_256,2112,2,1.0006030928857692,1,0.1355118899602462,1.0,dynamics_h_0p02_stage_2,ok,fc9da6235fb1548d828cf68d55d93c2f858e835b161969d4cc33b00e5e83b603,shallow_m0064_r2,validation_or_superseded
2,shallow,final_geometry_v15_20260930,4327fe4ece9317f6fd20fad18389a71e9b1f423b,32,0.8404425476132035,0.0027892899510261913,True,0.8372737775803502,4324.8011865016615,4682.855302016862,11025.689507192541,ef1550b23c2d8062c768a542a113e072d27c07791584badd980bc77784340006,0,True,,168,51199,full_posterior,64,0.0014375191745938272,0.8388581625967768,128,test_prob_384,test_prob_384,2112,2,1.0011123298602618,1,0.10574614100281145,1.0,dynamics_h_0p02_stage_2,ok,fc9da6235fb1548d828cf68d55d93c2f858e835b161969d4cc33b00e5e83b603,shallow_m0064_r2,validation_or_superseded
2,shallow,final_geometry_v15_20260930,4327fe4ece9317f6fd20fad18389a71e9b1f423b,32,0.38980585841497084,0.004810822827957037,True,0.3964620170006013,3768.6058482367025,3710.4605754463046,9135.889386176865,ef1550b23c2d8062c768a542a113e072d27c07791584badd980bc77784340006,0,True,,402,51199,full_posterior,64,0.0025608069403608986,0.39313393770778604,128,test_prob_512,test_prob_512,2112,2,1.0010221901989498,1,0.17265157637889542,1.0,dynamics_h_0p02_stage_2,ok,fc9da6235fb1548d828cf68d55d93c2f858e835b161969d4cc33b00e5e83b603,shallow_m0064_r2,validation_or_superseded
2,shallow,final_geometry_v15_20260930,4327fe4ece9317f6fd20fad18389a71e9b1f423b,32,0.717787686344999,0.004327562708540634,True,0.7211797978084824,3657.863472595478,3837.0684516514093,8373.556802994133,ef1550b23c2d8062c768a542a113e072d27c07791584badd980bc77784340006,0,True,,210,51199,full_posterior,64,0.0022395102545244064,0.7194837420767406,128,test_prob_640,test_prob_640,2112,2,1.0007841787383418,1,0.1532820366612135,1.0,dynamics_h_0p02_stage_2,ok,fc9da6235fb1548d828cf68d55d93c2f858e835b161969d4cc33b00e5e83b603,shallow_m0064_r2,validation_or_superseded
2,shallow,final_geometry_v15_20260930,4327fe4ece9317f6fd20fad18389a71e9b1f423b,32,0.7258582532989171,0.004187249014653232,True,0.7299505007974233,4017.375540569013,4094.995534199561,8981.835067449223,ef1550b23c2d8062c768a542a113e072d27c07791584badd980bc77784340006,0,True,,248,51199,full_posterior,64,0.002148649398692813,0.7279043770481703,128,test_prob_768,test_prob_768,2112,2,1.0005115025754547,1,0.15019094044586348,1.0,dynamics_h_0p02_stage_2,ok,fc9da6235fb1548d828cf68d55d93c2f858e835b161969d4cc33b00e5e83b603,shallow_m0064_r2,validation_or_superseded
2,shallow,final_geometry_v15_20260930,4327fe4ece9317f6fd20fad18389a71e9b1f423b,32,0.4399414912008177,0.0053502026667603154,True,0.45223008526409214,3737.673326973785,3782.9953177050515,9176.001482911568,ef1550b23c2d8062c768a542a113e072d27c07791584badd980bc77784340006,0,True,,430,51199,full_posterior,64,0.002698154739888312,0.44608578823245487,128,test_prob_896,test_prob_896,2112,2,1.0023170729296988,1,0.18229278760146542,1.0,dynamics_h_0p02_stage_2,ok,fc9da6235fb1548d828cf68d55d93c2f858e835b161969d4cc33b00e5e83b603,shallow_m0064_r2,validation_or_superseded
2,shallow,final_geometry_v15_20260930,4327fe4ece9317f6fd20fad18389a71e9b1f423b,32,-0.021500584070711627,0.018666235727363256,True,-0.012117126391031956,4119.474770795441,3913.3007838683957,5826.558700376793,ef1550b23c2d8062c768a542a113e072d27c07791584badd980bc77784340006,0,True,,136,51199,full_posterior,64,0.00946421732923874,-0.016808855230871795,128,interaction_0,interaction_0,2112,2,1.0007364345877618,1,0.6369609708528371,1.0,dynamics_h_0p02_stage_2,ok,fc9da6235fb1548d828cf68d55d93c2f858e835b161969d4cc33b00e5e83b603,shallow_m0064_r2,validation_or_superseded
2,shallow,final_geometry_v15_20260930,4327fe4ece9317f6fd20fad18389a71e9b1f423b,32,0.039576370337532064,0.018658881684225487,True,0.04905332224756072,3954.554241141813,3805.036161396127,5751.009210110681,ef1550b23c2d8062c768a542a113e072d27c07791584badd980bc77784340006,0,True,,134,51199,full_posterior,64,0.009465034668092884,0.04431484629254638,128,interaction_1,interaction_1,2112,2,1.0019936507793488,1,0.6273602873140861,1.0,dynamics_h_0p02_stage_2,ok,fc9da6235fb1548d828cf68d55d93c2f858e835b161969d4cc33b00e5e83b603,shallow_m0064_r2,validation_or_superseded
2,shallow,final_geometry_v15_20260930,4327fe4ece9317f6fd20fad18389a71e9b1f423b,32,-0.0618884051144165,0.017178518410844158,True,-0.053809198030946276,4558.604467873694,4453.65825205445,6795.569858894826,ef1550b23c2d8062c768a542a113e072d27c07791584badd980bc77784340006,0,True,,98,51199,full_posterior,64,0.00872355253039666,-0.05784880157268141,128,interaction_2,interaction_2,2112,2,1.001084150666255,1,0.6111188310159016,1.0,dynamics_h_0p02_stage_2,ok,fc9da6235fb1548d828cf68d55d93c2f858e835b161969d4cc33b00e5e83b603,shallow_m0064_r2,validation_or_superseded
2,shallow,final_geometry_v15_20260930,4327fe4ece9317f6fd20fad18389a71e9b1f423b,32,-0.07971073872937144,0.01842388558907753,True,-0.09618719242902327,3843.8782469926623,3682.5301074667937,5512.273220352606,ef1550b23c2d8062c768a542a113e072d27c07791584badd980bc77784340006,0,True,,362,51199,full_posterior,64,0.009380680036748608,-0.08794896557919736,128,interaction_3,interaction_3,2112,2,1.0010010584234956,1,0.6258235413819766,1.0,dynamics_h_0p02_stage_2,ok,fc9da6235fb1548d828cf68d55d93c2f858e835b161969d4cc33b00e5e83b603,shallow_m0064_r2,validation_or_superseded
2,shallow,final_geometry_v15_20260930,4327fe4ece9317f6fd20fad18389a71e9b1f423b,32,-0.618994882122282,0.035855662283050045,True,-0.6607291010141861,1795.5721813748205,1790.7407425459078,3728.506568883655,ef1550b23c2d8062c768a542a113e072d27c07791584badd980bc77784340006,0,True,,292,51199,full_posterior,64,0.019386883140656248,-0.6398619915682342,128,q_A,q_A,2112,2,1.0015160599353288,1,0.9539554258297461,1.0,dynamics_h_0p02_stage_2,ok,fc9da6235fb1548d828cf68d55d93c2f858e835b161969d4cc33b00e5e83b603,shallow_m0064_r2,validation_or_superseded
2,shallow,final_geometry_v15_20260930,4327fe4ece9317f6fd20fad18389a71e9b1f423b,32,-0.017502682141420933,0.03765684626321045,True,-0.018624454418591275,1898.1706428191317,1912.6043148306255,4474.130877949533,ef1550b23c2d8062c768a542a113e072d27c07791584badd980bc77784340006,0,True,,514,51199,full_posterior,64,0.01986777146827133,-0.0180635682800061,128,q_W,q_W,2112,2,1.0004922516108985,1,0.9965273202940225,1.0,dynamics_h_0p02_stage_2,ok,fc9da6235fb1548d828cf68d55d93c2f858e835b161969d4cc33b00e5e83b603,shallow_m0064_r2,validation_or_superseded
2,shallow,final_geometry_v15_20260930,4327fe4ece9317f6fd20fad18389a71e9b1f423b,32,1.1113559903822579,0.005557671387725109,True,1.1157367577602846,3495.0637461525175,3472.2294655394685,7684.8812941403685,ef1550b23c2d8062c768a542a113e072d27c07791584badd980bc77784340006,0,True,,186,51199,full_posterior,64,0.002915031873304008,1.1135463740712712,128,disp_A,disp_A,2112,2,1.0011941905767194,1,0.18554767410181938,1.0,dynamics_h_0p02_stage_2,ok,fc9da6235fb1548d828cf68d55d93c2f858e835b161969d4cc33b00e5e83b603,shallow_m0064_r2,validation_or_superseded
2,shallow,final_geometry_v15_20260930,4327fe4ece9317f6fd20fad18389a71e9b1f423b,32,1.000681398203148,0.0009188572328444815,True,1.0013226166154323,4010.813988633798,4001.248479392632,8733.384466383293,ef1550b23c2d8062c768a542a113e072d27c07791584badd980bc77784340006,0,True,,140,51199,full_posterior,64,0.00045614277014821206,1.0010020074092902,128,disp_W1,disp_W1,2112,2,1.0006018857835473,1,0.031072219197058396,1.0,dynamics_h_0p02_stage_2,ok,fc9da6235fb1548d828cf68d55d93c2f858e835b161969d4cc33b00e5e83b603,shallow_m0064_r2,validation_or_superseded
2,shallow,final_geometry_v15_20260930,4327fe4ece9317f6fd20fad18389a71e9b1f423b,32,70.91312340908215,0.09496088546830021,True,70.9112575291003,5124.611231265614,5122.796125735546,12758.16624682661,db597f3beb937cc7109ebaeed0b59491104a80f518eea9c625c5c86e56400ba1,0,True,,484,102399,full_posterior,256,0.049420638020559446,70.9121904690912,128,V,V,8448,0,1.0009613783236353,1,3.893753912385093,1.0,dynamics_h_0p01_stage_2,ok,5ffcf34dcb33edbff8ac327910bb107a5523c19a0d0683299bb0c37d97e4b101,shallow_m0256_r0,production_final
2,shallow,final_geometry_v15_20260930,4327fe4ece9317f6fd20fad18389a71e9b1f423b,32,4298.017046270623,1.8034429785688542,True,4297.193291966966,3965.962894795205,3971.7519188666506,9285.456639450293,db597f3beb937cc7109ebaeed0b59491104a80f518eea9c625c5c86e56400ba1,0,True,,294,102399,full_posterior,256,0.9453117304776211,4297.605169118795,128,U,U,8448,0,1.0018579067593396,1,65.03210753298701,1.0,dynamics_h_0p01_stage_2,ok,5ffcf34dcb33edbff8ac327910bb107a5523c19a0d0683299bb0c37d97e4b101,shallow_m0256_r0,production_final
2,shallow,final_geometry_v15_20260930,4327fe4ece9317f6fd20fad18389a71e9b1f423b,32,1.1799143657079394,0.01347882778555005,True,1.1804712377048607,5311.4454024238985,5300.55210919206,12294.674403846435,db597f3beb937cc7109ebaeed0b59491104a80f518eea9c625c5c86e56400ba1,0,True,,234,102399,full_posterior,256,0.0068654789838634685,1.1801928017063998,128,train_logit_0,train_logit_0,8448,0,1.0013449847684193,1,0.5441708111338525,1.0,dynamics_h_0p01_stage_2,ok,5ffcf34dcb33edbff8ac327910bb107a5523c19a0d0683299bb0c37d97e4b101,shallow_m0256_r0,production_final
2,shallow,final_geometry_v15_20260930,4327fe4ece9317f6fd20fad18389a71e9b1f423b,32,-0.012473728904516576,0.013145324098852367,True,-0.018622671451447855,5144.885242128297,5151.872634646615,12050.499673106106,db597f3beb937cc7109ebaeed0b59491104a80f518eea9c625c5c86e56400ba1,0,True,,426,102399,full_posterior,256,0.006703461527091043,-0.015548200177982212,128,train_logit_16,train_logit_16,8448,0,1.0007744539016237,1,0.5337635261664021,1.0,dynamics_h_0p01_stage_2,ok,5ffcf34dcb33edbff8ac327910bb107a5523c19a0d0683299bb0c37d97e4b101,shallow_m0256_r0,production_final
2,shallow,final_geometry_v15_20260930,4327fe4ece9317f6fd20fad18389a71e9b1f423b,32,0.6346379671492619,0.014720903811123329,True,0.6773482572332593,4418.129984241044,4416.186957040127,10803.692231276638,db597f3beb937cc7109ebaeed0b59491104a80f518eea9c625c5c86e56400ba1,0,True,,412,102399,full_posterior,256,0.007799263957128381,0.6559931121912606,128,train_logit_32,train_logit_32,8448,0,1.0012141682500586,1,0.5656669491660262,1.0,dynamics_h_0p01_stage_2,ok,5ffcf34dcb33edbff8ac327910bb107a5523c19a0d0683299bb0c37d97e4b101,shallow_m0256_r0,production_final
2,shallow,final_geometry_v15_20260930,4327fe4ece9317f6fd20fad18389a71e9b1f423b,32,0.5934006116563892,0.013949896356055964,True,0.5698189844228595,4663.1263510471645,4675.103176989584,11999.72906247983,db597f3beb937cc7109ebaeed0b59491104a80f518eea9c625c5c86e56400ba1,0,True,,470,102399,full_posterior,256,0.007366117088920148,0.5816097980396244,128,train_logit_48,train_logit_48,8448,0,1.0003587653226893,1,0.5530803213927789,1.0,dynamics_h_0p01_stage_2,ok,5ffcf34dcb33edbff8ac327910bb107a5523c19a0d0683299bb0c37d97e4b101,shallow_m0256_r0,production_final
2,shallow,final_geometry_v15_20260930,4327fe4ece9317f6fd20fad18389a71e9b1f423b,32,0.8300467547108507,0.013501076304445234,True,0.8496600825065663,4921.9105736637075,4911.837362309171,12231.013370030623,db597f3beb937cc7109ebaeed0b59491104a80f518eea9c625c5c86e56400ba1,0,True,,308,102399,full_posterior,256,0.007070151437178634,0.8398534186087084,128,train_logit_64,train_logit_64,8448,0,1.000586848798219,1,0.5429078835649485,1.0,dynamics_h_0p01_stage_2,ok,5ffcf34dcb33edbff8ac327910bb107a5523c19a0d0683299bb0c37d97e4b101,shallow_m0256_r0,production_final
2,shallow,final_geometry_v15_20260930,4327fe4ece9317f6fd20fad18389a71e9b1f423b,32,-1.1014026163604693,0.013693764515266082,True,-1.1061356731279555,4855.826409666679,4859.702990806022,12233.383506680404,db597f3beb937cc7109ebaeed0b59491104a80f518eea9c625c5c86e56400ba1,0,True,,344,102399,full_posterior,256,0.007183810554995006,-1.1037691447442115,128,train_logit_80,train_logit_80,8448,0,1.0005244764425312,1,0.5501836283880179,1.0,dynamics_h_0p01_stage_2,ok,5ffcf34dcb33edbff8ac327910bb107a5523c19a0d0683299bb0c37d97e4b101,shallow_m0256_r0,production_final
2,shallow,final_geometry_v15_20260930,4327fe4ece9317f6fd20fad18389a71e9b1f423b,32,0.7765787819544175,0.014018590533507905,True,0.7644493271109747,4781.697716657378,4776.700778629122,11905.530835097465,db597f3beb937cc7109ebaeed0b59491104a80f518eea9c625c5c86e56400ba1,0,True,,370,102399,full_posterior,256,0.007296835360587062,0.7705140545326961,128,train_logit_96,train_logit_96,8448,0,1.0005594226861563,1,0.5545189387975842,1.0,dynamics_h_0p01_stage_2,ok,5ffcf34dcb33edbff8ac327910bb107a5523c19a0d0683299bb0c37d97e4b101,shallow_m0256_r0,production_final
2,shallow,final_geometry_v15_20260930,4327fe4ece9317f6fd20fad18389a71e9b1f423b,32,0.29082818109913655,0.01290938987515075,True,0.2855442067340552,5152.084605062256,5144.729538968493,11406.64260166227,db597f3beb937cc7109ebaeed0b59491104a80f518eea9c625c5c86e56400ba1,0,True,,362,102399,full_posterior,256,0.006806097916775348,0.28818619391659595,128,train_logit_112,train_logit_112,8448,0,1.001553768361484,1,0.5289774325799811,1.0,dynamics_h_0p01_stage_2,ok,5ffcf34dcb33edbff8ac327910bb107a5523c19a0d0683299bb0c37d97e4b101,shallow_m0256_r0,production_final
2,shallow,final_geometry_v15_20260930,4327fe4ece9317f6fd20fad18389a71e9b1f423b,32,0.5032286602722089,0.004890896871966842,True,0.4961374483419678,4208.163976172316,4249.963429488627,10129.822897945127,db597f3beb937cc7109ebaeed0b59491104a80f518eea9c625c5c86e56400ba1,0,True,,356,102399,full_posterior,256,0.002565422997636726,0.49968305430708854,128,test_prob_0,test_prob_0,8448,0,1.0018231038444834,1,0.18297297286483916,1.0,dynamics_h_0p01_stage_2,ok,5ffcf34dcb33edbff8ac327910bb107a5523c19a0d0683299bb0c37d97e4b101,shallow_m0256_r0,production_final
2,shallow,final_geometry_v15_20260930,4327fe4ece9317f6fd20fad18389a71e9b1f423b,32,0.6697957635753514,0.004500093126335461,True,0.6745106895866022,3895.0222506794653,3975.2418296757915,9329.453586780182,db597f3beb937cc7109ebaeed0b59491104a80f518eea9c625c5c86e56400ba1,0,True,,284,102399,full_posterior,256,0.002371975105988363,0.6721532265809768,128,test_prob_128,test_prob_128,8448,0,1.0011727762239806,1,0.16667129388574625,1.0,dynamics_h_0p01_stage_2,ok,5ffcf34dcb33edbff8ac327910bb107a5523c19a0d0683299bb0c37d97e4b101,shallow_m0256_r0,production_final
2,shallow,final_geometry_v15_20260930,4327fe4ece9317f6fd20fad18389a71e9b1f423b,32,0.7071407154434753,0.003945176070787105,True,0.7066102155814385,4227.6426394883065,4353.832835653733,10120.05202638751,db597f3beb937cc7109ebaeed0b59491104a80f518eea9c625c5c86e56400ba1,0,True,,328,102399,full_posterior,256,0.0020717450136206574,0.7068754655124572,128,test_prob_256,test_prob_256,8448,0,1.0007310515670635,1,0.15194584504828684,1.0,dynamics_h_0p01_stage_2,ok,5ffcf34dcb33edbff8ac327910bb107a5523c19a0d0683299bb0c37d97e4b101,shallow_m0256_r0,production_final
2,shallow,final_geometry_v15_20260930,4327fe4ece9317f6fd20fad18389a71e9b1f423b,32,0.3032060162890048,0.0041683563430611375,True,0.29656352873377284,4213.656902193862,4292.039625507757,9978.35713059157,db597f3beb937cc7109ebaeed0b59491104a80f518eea9c625c5c86e56400ba1,0,True,,512,102399,full_posterior,256,0.0021692514758809836,0.2998847725113887,128,test_prob_384,test_prob_384,8448,0,1.0011368115299126,1,0.15825029413336672,1.0,dynamics_h_0p01_stage_2,ok,5ffcf34dcb33edbff8ac327910bb107a5523c19a0d0683299bb0c37d97e4b101,shallow_m0256_r0,production_final
2,shallow,final_geometry_v15_20260930,4327fe4ece9317f6fd20fad18389a71e9b1f423b,32,0.668581790768055,0.004149215553145764,True,0.6802790764001947,4541.801152087501,4577.937644401001,9727.930900879524,db597f3beb937cc7109ebaeed0b59491104a80f518eea9c625c5c86e56400ba1,0,True,,378,102399,full_posterior,256,0.002203809537542406,0.6744304335841249,128,test_prob_512,test_prob_512,8448,0,1.0017278667496186,1,0.160894869950339,1.0,dynamics_h_0p01_stage_2,ok,5ffcf34dcb33edbff8ac327910bb107a5523c19a0d0683299bb0c37d97e4b101,shallow_m0256_r0,production_final
2,shallow,final_geometry_v15_20260930,4327fe4ece9317f6fd20fad18389a71e9b1f423b,32,0.3515118522746128,0.004411629411837128,True,0.3541928236993885,4244.540293075611,4325.15717071264,9954.475933204594,db597f3beb937cc7109ebaeed0b59491104a80f518eea9c625c5c86e56400ba1,0,True,,484,102399,full_posterior,256,0.0022678066651966792,0.35285233798700055,128,test_prob_640,test_prob_640,8448,0,1.0010667896550576,1,0.16579751446782223,1.0,dynamics_h_0p01_stage_2,ok,5ffcf34dcb33edbff8ac327910bb107a5523c19a0d0683299bb0c37d97e4b101,shallow_m0256_r0,production_final
2,shallow,final_geometry_v15_20260930,4327fe4ece9317f6fd20fad18389a71e9b1f423b,32,0.5108148730118343,0.004679659948323765,True,0.5061920007802934,4429.075876470352,4452.224786909622,10512.999440813126,db597f3beb937cc7109ebaeed0b59491104a80f518eea9c625c5c86e56400ba1,0,True,,354,102399,full_posterior,256,0.0024813665822477847,0.5085034368960638,128,test_prob_768,test_prob_768,8448,0,1.001858580503976,1,0.1793647165915432,1.0,dynamics_h_0p01_stage_2,ok,5ffcf34dcb33edbff8ac327910bb107a5523c19a0d0683299bb0c37d97e4b101,shallow_m0256_r0,production_final
2,shallow,final_geometry_v15_20260930,4327fe4ece9317f6fd20fad18389a71e9b1f423b,32,0.48380096664769473,0.0047901248453794685,True,0.4865807722306589,3826.7053488780593,3878.1838034350853,8831.659785833248,db597f3beb937cc7109ebaeed0b59491104a80f518eea9c625c5c86e56400ba1,0,True,,540,102399,full_posterior,256,0.002532579277352769,0.48519086943917694,128,test_prob_896,test_prob_896,8448,0,1.000966091753766,1,0.18121273695352128,1.0,dynamics_h_0p01_stage_2,ok,5ffcf34dcb33edbff8ac327910bb107a5523c19a0d0683299bb0c37d97e4b101,shallow_m0256_r0,production_final
2,shallow,final_geometry_v15_20260930,4327fe4ece9317f6fd20fad18389a71e9b1f423b,32,0.02727254082872526,0.017625648636185185,True,0.06308623980695817,3846.067055287317,3538.455861830543,5503.883913800529,db597f3beb937cc7109ebaeed0b59491104a80f518eea9c625c5c86e56400ba1,0,True,,718,102399,full_posterior,256,0.00901455107533314,0.045179390317841725,128,interaction_0,interaction_0,8448,0,1.0010963394653014,1,0.6308107848817402,1.0,dynamics_h_0p01_stage_2,ok,5ffcf34dcb33edbff8ac327910bb107a5523c19a0d0683299bb0c37d97e4b101,shallow_m0256_r0,production_final
2,shallow,final_geometry_v15_20260930,4327fe4ece9317f6fd20fad18389a71e9b1f423b,32,-0.0034354807033450336,0.017585479837341354,True,0.012117545708214227,4122.966338529605,4011.3829779408798,6411.3117006021885,db597f3beb937cc7109ebaeed0b59491104a80f518eea9c625c5c86e56400ba1,0,True,,232,102399,full_posterior,256,0.009147860422674332,0.0043410325024345955,128,interaction_1,interaction_1,8448,0,1.0005466662598386,1,0.634077690808027,1.0,dynamics_h_0p01_stage_2,ok,5ffcf34dcb33edbff8ac327910bb107a5523c19a0d0683299bb0c37d97e4b101,shallow_m0256_r0,production_final
2,shallow,final_geometry_v15_20260930,4327fe4ece9317f6fd20fad18389a71e9b1f423b,32,0.011696924405510355,0.017574982647025728,True,0.030119857867224792,4034.974449681948,3889.594302933377,6369.35844030725,db597f3beb937cc7109ebaeed0b59491104a80f518eea9c625c5c86e56400ba1,0,True,,684,102399,full_posterior,256,0.009182859649484327,0.02090839113636757,128,interaction_2,interaction_2,8448,0,1.000957200825457,1,0.6354502354956134,1.0,dynamics_h_0p01_stage_2,ok,5ffcf34dcb33edbff8ac327910bb107a5523c19a0d0683299bb0c37d97e4b101,shallow_m0256_r0,production_final
2,shallow,final_geometry_v15_20260930,4327fe4ece9317f6fd20fad18389a71e9b1f423b,32,0.00783947972215761,0.018238914733002393,True,0.017092733640857064,4442.198222944739,4236.364783326104,6326.89260619842,db597f3beb937cc7109ebaeed0b59491104a80f518eea9c625c5c86e56400ba1,0,True,,194,102399,full_posterior,256,0.00933230278085916,0.012466106681507338,128,interaction_3,interaction_3,8448,0,1.000888497582307,1,0.6587425567350004,1.0,dynamics_h_0p01_stage_2,ok,5ffcf34dcb33edbff8ac327910bb107a5523c19a0d0683299bb0c37d97e4b101,shallow_m0256_r0,production_final
2,shallow,final_geometry_v15_20260930,4327fe4ece9317f6fd20fad18389a71e9b1f423b,32,-0.1714452492918168,0.034596315305614515,True,-0.2273233180972249,2020.49739255768,2019.4260013371193,4494.014124699289,db597f3beb937cc7109ebaeed0b59491104a80f518eea9c625c5c86e56400ba1,0,True,,542,102399,full_posterior,256,0.018669420688314682,-0.1993842836945208,128,q_A,q_A,8448,0,1.0048509303359856,1,0.9968639587681959,1.0,dynamics_h_0p01_stage_2,ok,5ffcf34dcb33edbff8ac327910bb107a5523c19a0d0683299bb0c37d97e4b101,shallow_m0256_r0,production_final
2,shallow,final_geometry_v15_20260930,4327fe4ece9317f6fd20fad18389a71e9b1f423b,32,-0.03631271400463385,0.03514744761451814,True,-0.02038502159248727,1903.4163895935742,1894.398260195441,4540.557078442318,db597f3beb937cc7109ebaeed0b59491104a80f518eea9c625c5c86e56400ba1,0,True,,626,102399,full_posterior,256,0.019050477857270244,-0.02834886779856058,128,q_W,q_W,8448,0,1.0036038465931671,1,1.0141614371207521,1.0,dynamics_h_0p01_stage_2,ok,5ffcf34dcb33edbff8ac327910bb107a5523c19a0d0683299bb0c37d97e4b101,shallow_m0256_r0,production_final
2,shallow,final_geometry_v15_20260930,4327fe4ece9317f6fd20fad18389a71e9b1f423b,32,1.0146279768861772,0.002478875223326325,True,1.0177750514819528,3933.59894575216,3899.3650740544963,8135.781787505541,db597f3beb937cc7109ebaeed0b59491104a80f518eea9c625c5c86e56400ba1,0,True,,356,102399,full_posterior,256,0.0012952047441757914,1.016201514184065,128,disp_A,disp_A,8448,0,1.000572791943897,1,0.08917296526564145,1.0,dynamics_h_0p01_stage_2,ok,5ffcf34dcb33edbff8ac327910bb107a5523c19a0d0683299bb0c37d97e4b101,shallow_m0256_r0,production_final
2,shallow,final_geometry_v15_20260930,4327fe4ece9317f6fd20fad18389a71e9b1f423b,32,1.0003006693896752,0.0004351388972239266,True,1.0000016669551213,3988.1018075428074,3994.4139064344868,9132.280536952832,db597f3beb937cc7109ebaeed0b59491104a80f518eea9c625c5c86e56400ba1,0,True,,296,102399,full_posterior,256,0.0002273098041359333,1.0001511681723985,128,disp_W1,disp_W1,8448,0,1.0021407206116064,1,0.01569443124742943,1.0,dynamics_h_0p01_stage_2,ok,5ffcf34dcb33edbff8ac327910bb107a5523c19a0d0683299bb0c37d97e4b101,shallow_m0256_r0,production_final
2,shallow,final_geometry_v15_20260930,4327fe4ece9317f6fd20fad18389a71e9b1f423b,32,70.8462085404877,0.09915650221349559,True,70.75293003241428,5092.777398709429,5146.997129803672,11543.171422296165,4c1f421861703241d6a8a8db76d6cf626d3ec7b1a922b205cd55d61519b73f9c,0,True,,184,51199,full_posterior,256,0.0505277020818025,70.79956928645099,128,V,V,8448,0,1.000958899406997,1,3.853352839805094,1.0,dynamics_h_0p02_stage_2,ok,5ffcf34dcb33edbff8ac327910bb107a5523c19a0d0683299bb0c37d97e4b101,shallow_m0256_r0,validation_or_superseded
2,shallow,final_geometry_v15_20260930,4327fe4ece9317f6fd20fad18389a71e9b1f423b,32,4300.575690189858,1.9185248597030644,True,4296.033172765062,4005.006209493035,3999.3822528542546,8364.033284570138,4c1f421861703241d6a8a8db76d6cf626d3ec7b1a922b205cd55d61519b73f9c,0,True,,120,51199,full_posterior,256,0.980369651542695,4298.304431477461,128,U,U,8448,0,1.0008955998089948,1,65.88585558455674,1.0,dynamics_h_0p02_stage_2,ok,5ffcf34dcb33edbff8ac327910bb107a5523c19a0d0683299bb0c37d97e4b101,shallow_m0256_r0,validation_or_superseded
2,shallow,final_geometry_v15_20260930,4327fe4ece9317f6fd20fad18389a71e9b1f423b,32,1.1571974446580722,0.014271242421685692,True,1.1901563195975817,4737.223233841087,4743.199148657925,10661.608737884424,4c1f421861703241d6a8a8db76d6cf626d3ec7b1a922b205cd55d61519b73f9c,0,True,,250,51199,full_posterior,256,0.007388424684477035,1.1736768821278267,128,train_logit_0,train_logit_0,8448,0,1.000812369785317,1,0.5440298555733675,1.0,dynamics_h_0p02_stage_2,ok,5ffcf34dcb33edbff8ac327910bb107a5523c19a0d0683299bb0c37d97e4b101,shallow_m0256_r0,validation_or_superseded
2,shallow,final_geometry_v15_20260930,4327fe4ece9317f6fd20fad18389a71e9b1f423b,32,-0.008051234023450727,0.014082711336152904,True,0.007540322742371711,4770.387487279957,4761.789609709088,11452.161647121828,4c1f421861703241d6a8a8db76d6cf626d3ec7b1a922b205cd55d61519b73f9c,0,True,,172,51199,full_posterior,256,0.007170059847760321,-0.0002554556405395073,128,train_logit_16,train_logit_16,8448,0,1.000664528240651,1,0.5417874232369727,1.0,dynamics_h_0p02_stage_2,ok,5ffcf34dcb33edbff8ac327910bb107a5523c19a0d0683299bb0c37d97e4b101,shallow_m0256_r0,validation_or_superseded
2,shallow,final_geometry_v15_20260930,4327fe4ece9317f6fd20fad18389a71e9b1f423b,32,0.6554992435424313,0.015102356495864796,True,0.6499324399778678,4480.852300402128,4478.783442545644,10647.542210788504,4c1f421861703241d6a8a8db76d6cf626d3ec7b1a922b205cd55d61519b73f9c,0,True,,186,51199,full_posterior,256,0.007840634816227265,0.6527158417601495,128,train_logit_32,train_logit_32,8448,0,1.0009155008915835,1,0.555563219405377,1.0,dynamics_h_0p02_stage_2,ok,5ffcf34dcb33edbff8ac327910bb107a5523c19a0d0683299bb0c37d97e4b101,shallow_m0256_r0,validation_or_superseded
2,shallow,final_geometry_v15_20260930,4327fe4ece9317f6fd20fad18389a71e9b1f423b,32,0.5919366918352225,0.015027446657530806,True,0.5777670438937207,4465.310742994791,4447.409290509874,10748.170127212721,4c1f421861703241d6a8a8db76d6cf626d3ec7b1a922b205cd55d61519b73f9c,0,True,,310,51199,full_posterior,256,0.007771130101510908,0.5848518678644715,128,train_logit_48,train_logit_48,8448,0,1.0003448973293665,1,0.5607661490740522,1.0,dynamics_h_0p02_stage_2,ok,5ffcf34dcb33edbff8ac327910bb107a5523c19a0d0683299bb0c37d97e4b101,shallow_m0256_r0,validation_or_superseded
2,shallow,final_geometry_v15_20260930,4327fe4ece9317f6fd20fad18389a71e9b1f423b,32,0.8722551153857981,0.014386162973755742,True,0.8542702926731605,4849.861091901081,4884.8770555232995,11635.25476853171,4c1f421861703241d6a8a8db76d6cf626d3ec7b1a922b205cd55d61519b73f9c,0,True,,252,51199,full_posterior,256,0.007541480806261676,0.8632627040294794,128,train_logit_64,train_logit_64,8448,0,1.0016843531931303,1,0.5489708996186149,1.0,dynamics_h_0p02_stage_2,ok,5ffcf34dcb33edbff8ac327910bb107a5523c19a0d0683299bb0c37d97e4b101,shallow_m0256_r0,validation_or_superseded
2,shallow,final_geometry_v15_20260930,4327fe4ece9317f6fd20fad18389a71e9b1f423b,32,-1.0976712223925431,0.014516471287044282,True,-1.108172355553957,5103.117514407943,5112.7046908188295,11781.901501128154,4c1f421861703241d6a8a8db76d6cf626d3ec7b1a922b205cd55d61519b73f9c,0,True,,192,51199,full_posterior,256,0.007330072692324461,-1.1029217889732503,128,train_logit_80,train_logit_80,8448,0,1.0004739111579877,1,0.5574423550586662,1.0,dynamics_h_0p02_stage_2,ok,5ffcf34dcb33edbff8ac327910bb107a5523c19a0d0683299bb0c37d97e4b101,shallow_m0256_r0,validation_or_superseded
2,shallow,final_geometry_v15_20260930,4327fe4ece9317f6fd20fad18389a71e9b1f423b,32,0.7516825037545335,0.015082768121358482,True,0.7532843318236658,4486.610286030568,4463.032133731176,9574.087777151843,4c1f421861703241d6a8a8db76d6cf626d3ec7b1a922b205cd55d61519b73f9c,0,True,,240,51199,full_posterior,256,0.007525701109646854,0.7524834177890996,128,train_logit_96,train_logit_96,8448,0,1.0007522281807013,1,0.5556003868101116,1.0,dynamics_h_0p02_stage_2,ok,5ffcf34dcb33edbff8ac327910bb107a5523c19a0d0683299bb0c37d97e4b101,shallow_m0256_r0,validation_or_superseded
2,shallow,final_geometry_v15_20260930,4327fe4ece9317f6fd20fad18389a71e9b1f423b,32,0.29985697792747745,0.013349054112386113,True,0.26292282020464935,5427.700373369312,5428.338701188334,11885.949681225877,4c1f421861703241d6a8a8db76d6cf626d3ec7b1a922b205cd55d61519b73f9c,0,True,,134,51199,full_posterior,256,0.007018297843752421,0.2813898990660633,128,train_logit_112,train_logit_112,8448,0,1.0019737696663058,1,0.5341578266616802,1.0,dynamics_h_0p02_stage_2,ok,5ffcf34dcb33edbff8ac327910bb107a5523c19a0d0683299bb0c37d97e4b101,shallow_m0256_r0,validation_or_superseded
2,shallow,final_geometry_v15_20260930,4327fe4ece9317f6fd20fad18389a71e9b1f423b,32,0.4992619309568729,0.004929528651997581,True,0.4986694328373798,4423.442977226377,4488.728395166959,10495.682387384124,4c1f421861703241d6a8a8db76d6cf626d3ec7b1a922b205cd55d61519b73f9c,0,True,,434,51199,full_posterior,256,0.0025510738393807234,0.4989656818971263,128,test_prob_0,test_prob_0,8448,0,1.0004304438973977,1,0.1803772125688814,1.0,dynamics_h_0p02_stage_2,ok,5ffcf34dcb33edbff8ac327910bb107a5523c19a0d0683299bb0c37d97e4b101,shallow_m0256_r0,validation_or_superseded
2,shallow,final_geometry_v15_20260930,4327fe4ece9317f6fd20fad18389a71e9b1f423b,32,0.6714666993614955,0.004642592825447483,True,0.6719517230650024,4170.237821549388,4175.843971787024,9711.23997197165,4c1f421861703241d6a8a8db76d6cf626d3ec7b1a922b205cd55d61519b73f9c,0,True,,272,51199,full_posterior,256,0.0024116760227363755,0.6717092112132491,128,test_prob_128,test_prob_128,8448,0,1.0008365344763919,1,0.16609649653121542,1.0,dynamics_h_0p02_stage_2,ok,5ffcf34dcb33edbff8ac327910bb107a5523c19a0d0683299bb0c37d97e4b101,shallow_m0256_r0,validation_or_superseded
2,shallow,final_geometry_v15_20260930,4327fe4ece9317f6fd20fad18389a71e9b1f423b,32,0.700946421405056,0.0041866078020907065,True,0.7016951620280402,4300.589663955413,4462.922080860165,10084.38691252496,4c1f421861703241d6a8a8db76d6cf626d3ec7b1a922b205cd55d61519b73f9c,0,True,,136,51199,full_posterior,256,0.002168434846252872,0.7013207917165479,128,test_prob_256,test_prob_256,8448,0,1.0008545881828395,1,0.1548636066949756,1.0,dynamics_h_0p02_stage_2,ok,5ffcf34dcb33edbff8ac327910bb107a5523c19a0d0683299bb0c37d97e4b101,shallow_m0256_r0,validation_or_superseded
2,shallow,final_geometry_v15_20260930,4327fe4ece9317f6fd20fad18389a71e9b1f423b,32,0.29735955148739174,0.004318531276290162,True,0.29510052192659253,4128.02249483545,4232.164700847108,9775.06287085246,4c1f421861703241d6a8a8db76d6cf626d3ec7b1a922b205cd55d61519b73f9c,0,True,,148,51199,full_posterior,256,0.002272312885167786,0.29623003670699216,128,test_prob_384,test_prob_384,8448,0,1.000695592695007,1,0.15510579943052563,1.0,dynamics_h_0p02_stage_2,ok,5ffcf34dcb33edbff8ac327910bb107a5523c19a0d0683299bb0c37d97e4b101,shallow_m0256_r0,validation_or_superseded
2,shallow,final_geometry_v15_20260930,4327fe4ece9317f6fd20fad18389a71e9b1f423b,32,0.6692695534095741,0.004477135944359852,True,0.6713128864312672,4378.477395940819,4434.725147361684,10650.3682294515,4c1f421861703241d6a8a8db76d6cf626d3ec7b1a922b205cd55d61519b73f9c,0,True,,152,51199,full_posterior,256,0.00229610682600618,0.670291219920421,128,test_prob_512,test_prob_512,8448,0,1.0010264909422817,1,0.1624245327290978,1.0,dynamics_h_0p02_stage_2,ok,5ffcf34dcb33edbff8ac327910bb107a5523c19a0d0683299bb0c37d97e4b101,shallow_m0256_r0,validation_or_superseded
2,shallow,final_geometry_v15_20260930,4327fe4ece9317f6fd20fad18389a71e9b1f423b,32,0.35625777403008724,0.0046329929030165026,True,0.35589690757416925,4187.140818276818,4228.724083236373,9856.59227579749,4c1f421861703241d6a8a8db76d6cf626d3ec7b1a922b205cd55d61519b73f9c,0,True,,168,51199,full_posterior,256,0.002434314831183842,0.3560773408021283,128,test_prob_640,test_prob_640,8448,0,1.001833424467048,1,0.16618917373184805,1.0,dynamics_h_0p02_stage_2,ok,5ffcf34dcb33edbff8ac327910bb107a5523c19a0d0683299bb0c37d97e4b101,shallow_m0256_r0,validation_or_superseded
2,shallow,final_geometry_v15_20260930,4327fe4ece9317f6fd20fad18389a71e9b1f423b,32,0.5074095525104818,0.004922869088781214,True,0.5028364352759626,4261.403335539326,4263.9961573407845,11032.362532139165,4c1f421861703241d6a8a8db76d6cf626d3ec7b1a922b205cd55d61519b73f9c,0,True,,192,51199,full_posterior,256,0.002568241366248281,0.5051229938932221,128,test_prob_768,test_prob_768,8448,0,1.0003639307523897,1,0.17924017464346262,1.0,dynamics_h_0p02_stage_2,ok,5ffcf34dcb33edbff8ac327910bb107a5523c19a0d0683299bb0c37d97e4b101,shallow_m0256_r0,validation_or_superseded
2,shallow,final_geometry_v15_20260930,4327fe4ece9317f6fd20fad18389a71e9b1f423b,32,0.48521233170154665,0.005076520282853589,True,0.49563605295411634,4047.910624452287,4079.0892717969823,9897.851479550025,4c1f421861703241d6a8a8db76d6cf626d3ec7b1a922b205cd55d61519b73f9c,0,True,,174,51199,full_posterior,256,0.0026276126322222625,0.49042419232783147,128,test_prob_896,test_prob_896,8448,0,1.001758177656392,1,0.1809853135321526,1.0,dynamics_h_0p02_stage_2,ok,5ffcf34dcb33edbff8ac327910bb107a5523c19a0d0683299bb0c37d97e4b101,shallow_m0256_r0,validation_or_superseded
2,shallow,final_geometry_v15_20260930,4327fe4ece9317f6fd20fad18389a71e9b1f423b,32,0.03660758393919419,0.017379401185991482,True,0.04300457543433327,4137.125663217242,3899.4129613492987,7196.340223462692,4c1f421861703241d6a8a8db76d6cf626d3ec7b1a922b205cd55d61519b73f9c,0,True,,300,51199,full_posterior,256,0.009005639665074118,0.03980607968676372,128,interaction_0,interaction_0,8448,0,1.0012636073194086,1,0.6141564123653311,1.0,dynamics_h_0p02_stage_2,ok,5ffcf34dcb33edbff8ac327910bb107a5523c19a0d0683299bb0c37d97e4b101,shallow_m0256_r0,validation_or_superseded
2,shallow,final_geometry_v15_20260930,4327fe4ece9317f6fd20fad18389a71e9b1f423b,32,0.00034113788607763567,0.018652816168126,True,0.003931600474495123,3974.8097699368677,3852.1848046861846,6040.864078955725,4c1f421861703241d6a8a8db76d6cf626d3ec7b1a922b205cd55d61519b73f9c,0,True,,148,51199,full_posterior,256,0.009729117654269353,0.002136369180286377,128,interaction_1,interaction_1,8448,0,1.0009604414100284,1,0.6360014961494692,1.0,dynamics_h_0p02_stage_2,ok,5ffcf34dcb33edbff8ac327910bb107a5523c19a0d0683299bb0c37d97e4b101,shallow_m0256_r0,validation_or_superseded
2,shallow,final_geometry_v15_20260930,4327fe4ece9317f6fd20fad18389a71e9b1f423b,32,0.023051161875539006,0.018080472611897352,True,0.02378170849928851,4124.958423690903,3982.2283165273147,6273.605941948944,4c1f421861703241d6a8a8db76d6cf626d3ec7b1a922b205cd55d61519b73f9c,0,True,,176,51199,full_posterior,256,0.00923190175050581,0.023416435187413754,128,interaction_2,interaction_2,8448,0,1.0008730286030043,1,0.6299681311419396,1.0,dynamics_h_0p02_stage_2,ok,5ffcf34dcb33edbff8ac327910bb107a5523c19a0d0683299bb0c37d97e4b101,shallow_m0256_r0,validation_or_superseded
2,shallow,final_geometry_v15_20260930,4327fe4ece9317f6fd20fad18389a71e9b1f423b,32,0.018190470098339014,0.019152747625758478,True,0.045312481985984136,3777.202614884542,3673.696871411105,6075.360812328904,4c1f421861703241d6a8a8db76d6cf626d3ec7b1a922b205cd55d61519b73f9c,0,True,,204,51199,full_posterior,256,0.009883961053061545,0.03175147604216158,128,interaction_3,interaction_3,8448,0,1.000993465413478,1,0.6450528928803398,1.0,dynamics_h_0p02_stage_2,ok,5ffcf34dcb33edbff8ac327910bb107a5523c19a0d0683299bb0c37d97e4b101,shallow_m0256_r0,validation_or_superseded
2,shallow,final_geometry_v15_20260930,4327fe4ece9317f6fd20fad18389a71e9b1f423b,32,-0.27438178218462705,0.03633244191411159,True,-0.17212976033605723,2070.8687780034015,2064.8845730330013,4583.689061625816,4c1f421861703241d6a8a8db76d6cf626d3ec7b1a922b205cd55d61519b73f9c,0,True,,260,51199,full_posterior,256,0.019190118090226076,-0.22325577126034216,128,q_A,q_A,8448,0,1.0034447021846753,1,0.9755958699214559,1.0,dynamics_h_0p02_stage_2,ok,5ffcf34dcb33edbff8ac327910bb107a5523c19a0d0683299bb0c37d97e4b101,shallow_m0256_r0,validation_or_superseded
2,shallow,final_geometry_v15_20260930,4327fe4ece9317f6fd20fad18389a71e9b1f423b,32,0.006292761173850364,0.037114129943588176,True,-0.05276996867679764,1992.6540479770613,1991.1147527951846,4430.693595399329,4c1f421861703241d6a8a8db76d6cf626d3ec7b1a922b205cd55d61519b73f9c,0,True,,278,51199,full_posterior,256,0.019382055643995873,-0.023238603751473637,128,q_W,q_W,8448,0,1.0033320529891891,1,0.9969933722155067,1.0,dynamics_h_0p02_stage_2,ok,5ffcf34dcb33edbff8ac327910bb107a5523c19a0d0683299bb0c37d97e4b101,shallow_m0256_r0,validation_or_superseded
2,shallow,final_geometry_v15_20260930,4327fe4ece9317f6fd20fad18389a71e9b1f423b,32,1.017799876792234,0.0025480504375274145,True,1.0170097306231372,3820.325429611709,3791.241988399057,8310.33357933004,4c1f421861703241d6a8a8db76d6cf626d3ec7b1a922b205cd55d61519b73f9c,0,True,,234,51199,full_posterior,256,0.0013050426000527022,1.0174048037076853,128,disp_A,disp_A,8448,0,1.0019602485672816,1,0.08814460501452907,1.0,dynamics_h_0p02_stage_2,ok,5ffcf34dcb33edbff8ac327910bb107a5523c19a0d0683299bb0c37d97e4b101,shallow_m0256_r0,validation_or_superseded
2,shallow,final_geometry_v15_20260930,4327fe4ece9317f6fd20fad18389a71e9b1f423b,32,1.000842553081046,0.00046352282557021734,True,0.9997810051789277,3960.613472678411,3955.3663368645507,8336.600353300644,4c1f421861703241d6a8a8db76d6cf626d3ec7b1a922b205cd55d61519b73f9c,0,True,,126,51199,full_posterior,256,0.00023701364869157168,1.000311779129987,128,disp_W1,disp_W1,8448,0,1.0008021922543637,1,0.01584522664426625,1.0,dynamics_h_0p02_stage_2,ok,5ffcf34dcb33edbff8ac327910bb107a5523c19a0d0683299bb0c37d97e4b101,shallow_m0256_r0,validation_or_superseded
2,shallow,final_geometry_v15_20260930,4327fe4ece9317f6fd20fad18389a71e9b1f423b,32,56.366458133253815,0.10284159523001823,True,56.20053733020973,4953.141161725509,4954.9604061239925,11913.634940854108,c3c24218a3cf0b38db09e41488b370dd06b4fd0032cf7a8d9da01024ebebce18,0,True,,384,102399,full_posterior,256,0.05457879149573977,56.28349773173178,128,V,V,8448,1,1.001649068198625,1,4.219527648595563,1.0,dynamics_h_0p01_stage_2,ok,8f5887633c4c57f2ac0982e01a15dae641286ed569accf33e93d0425c2b98209,shallow_m0256_r1,production_final
2,shallow,final_geometry_v15_20260930,4327fe4ece9317f6fd20fad18389a71e9b1f423b,32,4288.649577996878,1.7743641522703566,True,4285.52410700701,3881.1762350866707,3879.2261059585726,7854.752768878457,c3c24218a3cf0b38db09e41488b370dd06b4fd0032cf7a8d9da01024ebebce18,0,True,,516,102399,full_posterior,256,0.9274878909012011,4287.086842501945,128,U,U,8448,1,1.0012897253102773,1,64.40668459173094,1.0,dynamics_h_0p01_stage_2,ok,8f5887633c4c57f2ac0982e01a15dae641286ed569accf33e93d0425c2b98209,shallow_m0256_r1,production_final
2,shallow,final_geometry_v15_20260930,4327fe4ece9317f6fd20fad18389a71e9b1f423b,32,0.31006774163269535,0.014424043637622515,True,0.33416981924581135,4838.192260865447,4836.05066329474,11468.367851500232,c3c24218a3cf0b38db09e41488b370dd06b4fd0032cf7a8d9da01024ebebce18,0,True,,278,102399,full_posterior,256,0.007439920472758274,0.3221187804392533,128,train_logit_0,train_logit_0,8448,1,1.0006315798445122,1,0.5645931865226909,1.0,dynamics_h_0p01_stage_2,ok,8f5887633c4c57f2ac0982e01a15dae641286ed569accf33e93d0425c2b98209,shallow_m0256_r1,production_final
2,shallow,final_geometry_v15_20260930,4327fe4ece9317f6fd20fad18389a71e9b1f423b,32,0.8669245068204278,0.013611382762598115,True,0.8861381078456941,4903.035051164051,4884.871312626178,11649.907894294538,c3c24218a3cf0b38db09e41488b370dd06b4fd0032cf7a8d9da01024ebebce18,0,True,,600,102399,full_posterior,256,0.007042018363704275,0.8765313073330612,128,train_logit_16,train_logit_16,8448,1,1.0006797143725712,1,0.5496183356431474,1.0,dynamics_h_0p01_stage_2,ok,8f5887633c4c57f2ac0982e01a15dae641286ed569accf33e93d0425c2b98209,shallow_m0256_r1,production_final
2,shallow,final_geometry_v15_20260930,4327fe4ece9317f6fd20fad18389a71e9b1f423b,32,-0.01873736518463438,0.013535565457864725,True,-0.04506857628615132,5016.29302114898,5028.231980188442,12311.885437386301,c3c24218a3cf0b38db09e41488b370dd06b4fd0032cf7a8d9da01024ebebce18,0,True,,536,102399,full_posterior,256,0.007051799728987986,-0.031902970735392853,128,train_logit_32,train_logit_32,8448,1,1.0008029583471898,1,0.5514192092233775,1.0,dynamics_h_0p01_stage_2,ok,8f5887633c4c57f2ac0982e01a15dae641286ed569accf33e93d0425c2b98209,shallow_m0256_r1,production_final
2,shallow,final_geometry_v15_20260930,4327fe4ece9317f6fd20fad18389a71e9b1f423b,32,-1.2145069248078186,0.014819489828924441,True,-1.243692943947757,4256.004223091632,4280.423216191319,10020.346710503241,c3c24218a3cf0b38db09e41488b370dd06b4fd0032cf7a8d9da01024ebebce18,0,True,,470,102399,full_posterior,256,0.007911399152653795,-1.2290999343777878,128,train_logit_48,train_logit_48,8448,1,1.0018245461499118,1,0.5754963182817616,1.0,dynamics_h_0p01_stage_2,ok,8f5887633c4c57f2ac0982e01a15dae641286ed569accf33e93d0425c2b98209,shallow_m0256_r1,production_final
2,shallow,final_geometry_v15_20260930,4327fe4ece9317f6fd20fad18389a71e9b1f423b,32,0.9642644143240844,0.014308339903731974,True,0.9634175485427287,4802.246828225862,4819.472780146932,11245.093600925513,c3c24218a3cf0b38db09e41488b370dd06b4fd0032cf7a8d9da01024ebebce18,0,True,,342,102399,full_posterior,256,0.007456633178022124,0.9638409814334065,128,train_logit_64,train_logit_64,8448,1,1.00084355506276,1,0.562261970910372,1.0,dynamics_h_0p01_stage_2,ok,8f5887633c4c57f2ac0982e01a15dae641286ed569accf33e93d0425c2b98209,shallow_m0256_r1,production_final
2,shallow,final_geometry_v15_20260930,4327fe4ece9317f6fd20fad18389a71e9b1f423b,32,1.0178701786887594,0.014065897936040456,True,1.0631644410264935,4711.104409234141,4727.548901290927,11531.395063092723,c3c24218a3cf0b38db09e41488b370dd06b4fd0032cf7a8d9da01024ebebce18,0,True,,408,102399,full_posterior,256,0.007272339762852436,1.0405173098576266,128,train_logit_80,train_logit_80,8448,1,1.002560374619742,1,0.5600042930219147,1.0,dynamics_h_0p01_stage_2,ok,8f5887633c4c57f2ac0982e01a15dae641286ed569accf33e93d0425c2b98209,shallow_m0256_r1,production_final
2,shallow,final_geometry_v15_20260930,4327fe4ece9317f6fd20fad18389a71e9b1f423b,32,0.01269464837302946,0.014838617199864604,True,0.010730296978293254,4487.866669630071,4479.4846214921945,11277.239289351544,c3c24218a3cf0b38db09e41488b370dd06b4fd0032cf7a8d9da01024ebebce18,0,True,,450,102399,full_posterior,256,0.007804181874858597,0.01171247267566136,128,train_logit_96,train_logit_96,8448,1,1.000921425629366,1,0.5732730099532903,1.0,dynamics_h_0p01_stage_2,ok,8f5887633c4c57f2ac0982e01a15dae641286ed569accf33e93d0425c2b98209,shallow_m0256_r1,production_final
2,shallow,final_geometry_v15_20260930,4327fe4ece9317f6fd20fad18389a71e9b1f423b,32,-0.5536893190819943,0.013858454833205127,True,-0.585443974931224,4906.542647586712,4899.42787190065,11518.609330392097,c3c24218a3cf0b38db09e41488b370dd06b4fd0032cf7a8d9da01024ebebce18,0,True,,318,102399,full_posterior,256,0.007329599386828835,-0.5695666470066091,128,train_logit_112,train_logit_112,8448,1,1.0018480251871476,1,0.5598853645239161,1.0,dynamics_h_0p01_stage_2,ok,8f5887633c4c57f2ac0982e01a15dae641286ed569accf33e93d0425c2b98209,shallow_m0256_r1,production_final
2,shallow,final_geometry_v15_20260930,4327fe4ece9317f6fd20fad18389a71e9b1f423b,32,0.5325263127039573,0.004860956571532921,True,0.5171154736544262,4032.031015150981,4065.744561207107,9845.6981191098,c3c24218a3cf0b38db09e41488b370dd06b4fd0032cf7a8d9da01024ebebce18,0,True,,416,102399,full_posterior,256,0.0025088738082583804,0.5248208931791919,128,test_prob_0,test_prob_0,8448,1,1.0012048015137942,1,0.1809090060661161,1.0,dynamics_h_0p01_stage_2,ok,8f5887633c4c57f2ac0982e01a15dae641286ed569accf33e93d0425c2b98209,shallow_m0256_r1,production_final
2,shallow,final_geometry_v15_20260930,4327fe4ece9317f6fd20fad18389a71e9b1f423b,32,0.31469791864615093,0.004136693276307474,True,0.30599505352893663,4327.226853630953,4355.4875262411615,10766.40728312157,c3c24218a3cf0b38db09e41488b370dd06b4fd0032cf7a8d9da01024ebebce18,0,True,,542,102399,full_posterior,256,0.0021151395745706773,0.31034648608754384,128,test_prob_128,test_prob_128,8448,1,1.0010918504980408,1,0.15915742627865967,1.0,dynamics_h_0p01_stage_2,ok,8f5887633c4c57f2ac0982e01a15dae641286ed569accf33e93d0425c2b98209,shallow_m0256_r1,production_final
2,shallow,final_geometry_v15_20260930,4327fe4ece9317f6fd20fad18389a71e9b1f423b,32,0.44998932899500077,0.004712772085499084,True,0.4561896065492884,4355.92661096115,4437.4811913114245,9060.899959131915,c3c24218a3cf0b38db09e41488b370dd06b4fd0032cf7a8d9da01024ebebce18,0,True,,464,102399,full_posterior,256,0.0024404206567761365,0.45308946777214465,128,test_prob_256,test_prob_256,8448,1,1.000778327701577,1,0.1804973642539817,1.0,dynamics_h_0p01_stage_2,ok,8f5887633c4c57f2ac0982e01a15dae641286ed569accf33e93d0425c2b98209,shallow_m0256_r1,production_final
2,shallow,final_geometry_v15_20260930,4327fe4ece9317f6fd20fad18389a71e9b1f423b,32,0.7888490352924044,0.0030351253865127034,True,0.7858215732201314,4480.56699217488,4705.391702955483,10785.841772172756,c3c24218a3cf0b38db09e41488b370dd06b4fd0032cf7a8d9da01024ebebce18,0,True,,690,102399,full_posterior,256,0.0015898727371564864,0.7873353042562679,128,test_prob_384,test_prob_384,8448,1,1.0013542320314808,1,0.12236190652382904,1.0,dynamics_h_0p01_stage_2,ok,8f5887633c4c57f2ac0982e01a15dae641286ed569accf33e93d0425c2b98209,shallow_m0256_r1,production_final
2,shallow,final_geometry_v15_20260930,4327fe4ece9317f6fd20fad18389a71e9b1f423b,32,0.47375785373016394,0.004937137747130856,True,0.4751648989982658,3799.9175467130667,3860.7060629239754,8774.113416869155,c3c24218a3cf0b38db09e41488b370dd06b4fd0032cf7a8d9da01024ebebce18,0,True,,544,102399,full_posterior,256,0.002627499796705478,0.4744613763642149,128,test_prob_512,test_prob_512,8448,1,1.0004291378918237,1,0.18403349194823299,1.0,dynamics_h_0p01_stage_2,ok,8f5887633c4c57f2ac0982e01a15dae641286ed569accf33e93d0425c2b98209,shallow_m0256_r1,production_final
2,shallow,final_geometry_v15_20260930,4327fe4ece9317f6fd20fad18389a71e9b1f423b,32,0.5658451547089519,0.004850452437363632,True,0.5647542394031548,4088.2114222268237,4124.562316676132,9616.03379649842,c3c24218a3cf0b38db09e41488b370dd06b4fd0032cf7a8d9da01024ebebce18,0,True,,470,102399,full_posterior,256,0.0025554487182371075,0.5652996970560532,128,test_prob_640,test_prob_640,8448,1,1.0010122563152455,1,0.18270305927502353,1.0,dynamics_h_0p01_stage_2,ok,8f5887633c4c57f2ac0982e01a15dae641286ed569accf33e93d0425c2b98209,shallow_m0256_r1,production_final
2,shallow,final_geometry_v15_20260930,4327fe4ece9317f6fd20fad18389a71e9b1f423b,32,0.520152343939705,0.004877136953354415,True,0.5220124554595903,4009.1831508084083,4020.0437913467194,9563.014577666027,c3c24218a3cf0b38db09e41488b370dd06b4fd0032cf7a8d9da01024ebebce18,0,True,,444,102399,full_posterior,256,0.002565632793333019,0.5210823996996475,128,test_prob_768,test_prob_768,8448,1,1.0010125468794986,1,0.18211358602344546,1.0,dynamics_h_0p01_stage_2,ok,8f5887633c4c57f2ac0982e01a15dae641286ed569accf33e93d0425c2b98209,shallow_m0256_r1,production_final
2,shallow,final_geometry_v15_20260930,4327fe4ece9317f6fd20fad18389a71e9b1f423b,32,0.520113142410531,0.0049715591093779845,True,0.5094813403183027,4294.811292577894,4335.069294992934,9520.623336461851,c3c24218a3cf0b38db09e41488b370dd06b4fd0032cf7a8d9da01024ebebce18,0,True,,228,102399,full_posterior,256,0.002562072448432456,0.5147972413644166,128,test_prob_896,test_prob_896,8448,1,1.0009570080616075,1,0.1840918451290478,1.0,dynamics_h_0p01_stage_2,ok,8f5887633c4c57f2ac0982e01a15dae641286ed569accf33e93d0425c2b98209,shallow_m0256_r1,production_final
2,shallow,final_geometry_v15_20260930,4327fe4ece9317f6fd20fad18389a71e9b1f423b,32,0.03306982695643929,0.016900073185510192,True,0.014032691525211511,4351.315236296428,4177.149273458977,6096.367359910731,c3c24218a3cf0b38db09e41488b370dd06b4fd0032cf7a8d9da01024ebebce18,0,True,,344,102399,full_posterior,256,0.008624615396716278,0.023551259240825413,128,interaction_0,interaction_0,8448,1,1.0012261410603893,1,0.6213615947690255,1.0,dynamics_h_0p01_stage_2,ok,8f5887633c4c57f2ac0982e01a15dae641286ed569accf33e93d0425c2b98209,shallow_m0256_r1,production_final
2,shallow,final_geometry_v15_20260930,4327fe4ece9317f6fd20fad18389a71e9b1f423b,32,0.021625607453417076,0.01775963576915737,True,0.02218927820436085,4305.85037379741,4137.633860744952,6178.895894735987,c3c24218a3cf0b38db09e41488b370dd06b4fd0032cf7a8d9da01024ebebce18,0,True,,448,102399,full_posterior,256,0.009119424357531726,0.02190744282888896,128,interaction_1,interaction_1,8448,1,1.0016339560755625,1,0.6436947824767583,1.0,dynamics_h_0p01_stage_2,ok,8f5887633c4c57f2ac0982e01a15dae641286ed569accf33e93d0425c2b98209,shallow_m0256_r1,production_final
2,shallow,final_geometry_v15_20260930,4327fe4ece9317f6fd20fad18389a71e9b1f423b,32,-0.038453551592800575,0.01747164944225753,True,-0.019667966595230412,4390.98142705052,4127.489480041576,5975.578719842631,c3c24218a3cf0b38db09e41488b370dd06b4fd0032cf7a8d9da01024ebebce18,0,True,,408,102399,full_posterior,256,0.0090887475911855,-0.02906075909401548,128,interaction_2,interaction_2,8448,1,1.0005693861256393,1,0.6390431867121087,1.0,dynamics_h_0p01_stage_2,ok,8f5887633c4c57f2ac0982e01a15dae641286ed569accf33e93d0425c2b98209,shallow_m0256_r1,production_final
2,shallow,final_geometry_v15_20260930,4327fe4ece9317f6fd20fad18389a71e9b1f423b,32,-0.05029473239285426,0.01888371059252032,True,-0.06716498234366794,3984.6676549877793,3837.998691267996,5688.586080056381,c3c24218a3cf0b38db09e41488b370dd06b4fd0032cf7a8d9da01024ebebce18,0,True,,264,102399,full_posterior,256,0.00986446687156094,-0.058729857368261085,128,interaction_3,interaction_3,8448,1,1.000435794878583,1,0.6722322883422684,1.0,dynamics_h_0p01_stage_2,ok,8f5887633c4c57f2ac0982e01a15dae641286ed569accf33e93d0425c2b98209,shallow_m0256_r1,production_final
2,shallow,final_geometry_v15_20260930,4327fe4ece9317f6fd20fad18389a71e9b1f423b,32,0.46314704452752814,0.03498190011437208,True,0.44214489517544736,1836.4245232864862,1839.5011083965987,4308.271593310141,c3c24218a3cf0b38db09e41488b370dd06b4fd0032cf7a8d9da01024ebebce18,0,True,,700,102399,full_posterior,256,0.019060007685451446,0.45264596985148786,128,q_A,q_A,8448,1,1.001808282261464,1,1.0021167795995345,1.0,dynamics_h_0p01_stage_2,ok,8f5887633c4c57f2ac0982e01a15dae641286ed569accf33e93d0425c2b98209,shallow_m0256_r1,production_final
2,shallow,final_geometry_v15_20260930,4327fe4ece9317f6fd20fad18389a71e9b1f423b,32,-0.09167657549295898,0.03506567653200995,True,-0.07971388249913565,1875.515356947065,1855.5195361720396,4432.293328863999,c3c24218a3cf0b38db09e41488b370dd06b4fd0032cf7a8d9da01024ebebce18,0,True,,1226,102399,full_posterior,256,0.018879987801395284,-0.08569522899604733,128,q_W,q_W,8448,1,1.002122694049179,1,1.0167658452520223,1.0,dynamics_h_0p01_stage_2,ok,8f5887633c4c57f2ac0982e01a15dae641286ed569accf33e93d0425c2b98209,shallow_m0256_r1,production_final
2,shallow,final_geometry_v15_20260930,4327fe4ece9317f6fd20fad18389a71e9b1f423b,32,1.0504344788416178,0.002484682149783618,True,1.0510866708909916,4077.8205325209674,4066.538157987843,8963.50319570136,c3c24218a3cf0b38db09e41488b370dd06b4fd0032cf7a8d9da01024ebebce18,0,True,,360,102399,full_posterior,256,0.001311591351526387,1.0507605748663047,128,disp_A,disp_A,8448,1,1.0010229539142905,1,0.09056582213528716,1.0,dynamics_h_0p01_stage_2,ok,8f5887633c4c57f2ac0982e01a15dae641286ed569accf33e93d0425c2b98209,shallow_m0256_r1,production_final
2,shallow,final_geometry_v15_20260930,4327fe4ece9317f6fd20fad18389a71e9b1f423b,32,1.0004461685966546,0.0004296824623719064,True,0.9997032411627815,3801.537351738607,3794.8530214606617,7754.384559246213,c3c24218a3cf0b38db09e41488b370dd06b4fd0032cf7a8d9da01024ebebce18,0,True,,418,102399,full_posterior,256,0.0002244608093983098,1.0000747048797185,128,disp_W1,disp_W1,8448,1,1.0012439211577986,1,0.015549781295695016,1.0,dynamics_h_0p01_stage_2,ok,8f5887633c4c57f2ac0982e01a15dae641286ed569accf33e93d0425c2b98209,shallow_m0256_r1,production_final
2,shallow,final_geometry_v15_20260930,4327fe4ece9317f6fd20fad18389a71e9b1f423b,32,56.33432254042607,0.11075235056712532,True,56.4240700104066,4997.824636657041,4999.09138422064,12877.16413788553,aaa1959cbf4b71d236b96313c7510654d87ccac7aab478398a63c2530b769b97,0,True,,184,51199,full_posterior,256,0.056764299350777495,56.37919627541633,128,V,V,8448,1,1.0005713209282752,1,4.278278434437809,1.0,dynamics_h_0p02_stage_2,ok,8f5887633c4c57f2ac0982e01a15dae641286ed569accf33e93d0425c2b98209,shallow_m0256_r1,validation_or_superseded
2,shallow,final_geometry_v15_20260930,4327fe4ece9317f6fd20fad18389a71e9b1f423b,32,4287.137461273267,1.87734223611395,True,4285.360646827366,3997.9392535275856,3990.4538735636065,7922.200279922976,aaa1959cbf4b71d236b96313c7510654d87ccac7aab478398a63c2530b769b97,0,True,,134,51199,full_posterior,256,0.9677635944973182,4286.249054050316,128,U,U,8448,1,1.0019162252051903,1,65.37510348328101,1.0,dynamics_h_0p02_stage_2,ok,8f5887633c4c57f2ac0982e01a15dae641286ed569accf33e93d0425c2b98209,shallow_m0256_r1,validation_or_superseded
2,shallow,final_geometry_v15_20260930,4327fe4ece9317f6fd20fad18389a71e9b1f423b,32,0.33555570469608154,0.015065382230312997,True,0.3203239419996155,4825.220961274976,4820.546615898687,10299.907139151795,aaa1959cbf4b71d236b96313c7510654d87ccac7aab478398a63c2530b769b97,0,True,,154,51199,full_posterior,256,0.007545156024690588,0.32793982334784855,128,train_logit_0,train_logit_0,8448,1,1.0012956434405824,1,0.5580086465467102,1.0,dynamics_h_0p02_stage_2,ok,8f5887633c4c57f2ac0982e01a15dae641286ed569accf33e93d0425c2b98209,shallow_m0256_r1,validation_or_superseded
2,shallow,final_geometry_v15_20260930,4327fe4ece9317f6fd20fad18389a71e9b1f423b,32,0.865596918543114,0.014368630446049784,True,0.8887949356809333,4599.299914278014,4592.152383824547,10782.858743944036,aaa1959cbf4b71d236b96313c7510654d87ccac7aab478398a63c2530b769b97,0,True,,274,51199,full_posterior,256,0.007397520147031614,0.8771959271120235,128,train_logit_16,train_logit_16,8448,1,1.0005046809083809,1,0.549585830335316,1.0,dynamics_h_0p02_stage_2,ok,8f5887633c4c57f2ac0982e01a15dae641286ed569accf33e93d0425c2b98209,shallow_m0256_r1,validation_or_superseded
2,shallow,final_geometry_v15_20260930,4327fe4ece9317f6fd20fad18389a71e9b1f423b,32,-0.016427187910588684,0.014534684836935135,True,-0.03641568821409582,4749.543730172742,4756.275646481512,11430.947326663134,aaa1959cbf4b71d236b96313c7510654d87ccac7aab478398a63c2530b769b97,0,True,,192,51199,full_posterior,256,0.007385883673511426,-0.026421438062342255,128,train_logit_32,train_logit_32,8448,1,1.0007890129929198,1,0.5562809269113754,1.0,dynamics_h_0p02_stage_2,ok,8f5887633c4c57f2ac0982e01a15dae641286ed569accf33e93d0425c2b98209,shallow_m0256_r1,validation_or_superseded
2,shallow,final_geometry_v15_20260930,4327fe4ece9317f6fd20fad18389a71e9b1f423b,32,-1.2220886695189146,0.016006959225026738,True,-1.21445638974143,4394.86280818962,4394.631703678018,10437.615619014437,aaa1959cbf4b71d236b96313c7510654d87ccac7aab478398a63c2530b769b97,0,True,,136,51199,full_posterior,256,0.008260625242355199,-1.2182725296301724,128,train_logit_48,train_logit_48,8448,1,1.0005825450487933,1,0.5811194537244647,1.0,dynamics_h_0p02_stage_2,ok,8f5887633c4c57f2ac0982e01a15dae641286ed569accf33e93d0425c2b98209,shallow_m0256_r1,validation_or_superseded
2,shallow,final_geometry_v15_20260930,4327fe4ece9317f6fd20fad18389a71e9b1f423b,32,0.977668007371846,0.014960382488344186,True,0.9515311128355042,4495.7168641160515,4489.166523048904,10764.47328290809,aaa1959cbf4b71d236b96313c7510654d87ccac7aab478398a63c2530b769b97,0,True,,332,51199,full_posterior,256,0.007900268190555537,0.9645995601036751,128,train_logit_64,train_logit_64,8448,1,1.0007840680240598,1,0.5655127040027847,1.0,dynamics_h_0p02_stage_2,ok,8f5887633c4c57f2ac0982e01a15dae641286ed569accf33e93d0425c2b98209,shallow_m0256_r1,validation_or_superseded
2,shallow,final_geometry_v15_20260930,4327fe4ece9317f6fd20fad18389a71e9b1f423b,32,1.0367670198433314,0.015129408132832058,True,1.0332828101389115,4301.356255337866,4310.521127643827,10236.574950658918,aaa1959cbf4b71d236b96313c7510654d87ccac7aab478398a63c2530b769b97,0,True,,298,51199,full_posterior,256,0.007840727684204492,1.0350249149911215,128,train_logit_80,train_logit_80,8448,1,1.0006953353841934,1,0.5628306086365826,1.0,dynamics_h_0p02_stage_2,ok,8f5887633c4c57f2ac0982e01a15dae641286ed569accf33e93d0425c2b98209,shallow_m0256_r1,validation_or_superseded
2,shallow,final_geometry_v15_20260930,4327fe4ece9317f6fd20fad18389a71e9b1f423b,32,0.0010919070754889402,0.015037722635825661,True,-0.009198908115567981,4929.248487878013,4926.897484370014,10930.292999430241,aaa1959cbf4b71d236b96313c7510654d87ccac7aab478398a63c2530b769b97,0,True,,118,51199,full_posterior,256,0.0076453479974463254,-0.004053500520039518,128,train_logit_96,train_logit_96,8448,1,1.0009373433004773,1,0.5683183030056012,1.0,dynamics_h_0p02_stage_2,ok,8f5887633c4c57f2ac0982e01a15dae641286ed569accf33e93d0425c2b98209,shallow_m0256_r1,validation_or_superseded
2,shallow,final_geometry_v15_20260930,4327fe4ece9317f6fd20fad18389a71e9b1f423b,32,-0.5876000210918817,0.014591454508911271,True,-0.5770373213899362,5024.748113282835,5021.473615261563,10467.916087358419,aaa1959cbf4b71d236b96313c7510654d87ccac7aab478398a63c2530b769b97,0,True,,154,51199,full_posterior,256,0.007487802886789351,-0.5823186712409091,128,train_logit_112,train_logit_112,8448,1,1.0005568808672602,1,0.5587385006335309,1.0,dynamics_h_0p02_stage_2,ok,8f5887633c4c57f2ac0982e01a15dae641286ed569accf33e93d0425c2b98209,shallow_m0256_r1,validation_or_superseded
2,shallow,final_geometry_v15_20260930,4327fe4ece9317f6fd20fad18389a71e9b1f423b,32,0.5283129715405482,0.005043938561840028,True,0.5380027471255289,4274.1141433411985,4309.787912075609,10485.587157438136,aaa1959cbf4b71d236b96313c7510654d87ccac7aab478398a63c2530b769b97,0,True,,194,51199,full_posterior,256,0.0025797622860609278,0.5331578593330387,128,test_prob_0,test_prob_0,8448,1,1.0013573036245451,1,0.18232769325410778,1.0,dynamics_h_0p02_stage_2,ok,8f5887633c4c57f2ac0982e01a15dae641286ed569accf33e93d0425c2b98209,shallow_m0256_r1,validation_or_superseded
2,shallow,final_geometry_v15_20260930,4327fe4ece9317f6fd20fad18389a71e9b1f423b,32,0.31477854228339763,0.004286397793694882,True,0.3088885034648546,4674.295021325643,4819.388315754041,11024.648189909594,aaa1959cbf4b71d236b96313c7510654d87ccac7aab478398a63c2530b769b97,0,True,,176,51199,full_posterior,256,0.002164418211282483,0.31183352287412613,128,test_prob_128,test_prob_128,8448,1,1.0007797251244006,1,0.15906215613465002,1.0,dynamics_h_0p02_stage_2,ok,8f5887633c4c57f2ac0982e01a15dae641286ed569accf33e93d0425c2b98209,shallow_m0256_r1,validation_or_superseded
2,shallow,final_geometry_v15_20260930,4327fe4ece9317f6fd20fad18389a71e9b1f423b,32,0.45321255564914814,0.0049723972770678625,True,0.44914443950280325,4269.976157037344,4310.355014393159,9768.603608027275,aaa1959cbf4b71d236b96313c7510654d87ccac7aab478398a63c2530b769b97,0,True,,162,51199,full_posterior,256,0.0026327720035801724,0.4511784975759756,128,test_prob_256,test_prob_256,8448,1,1.0002853950174337,1,0.18114386983492123,1.0,dynamics_h_0p02_stage_2,ok,8f5887633c4c57f2ac0982e01a15dae641286ed569accf33e93d0425c2b98209,shallow_m0256_r1,validation_or_superseded
2,shallow,final_geometry_v15_20260930,4327fe4ece9317f6fd20fad18389a71e9b1f423b,32,0.7876397439243469,0.003234239635988104,True,0.7891891231929677,4770.011242445834,4954.2781214168745,11191.829639868109,aaa1959cbf4b71d236b96313c7510654d87ccac7aab478398a63c2530b769b97,0,True,,178,51199,full_posterior,256,0.0016194264398857975,0.7884144335586575,128,test_prob_384,test_prob_384,8448,1,1.0004504582495088,1,0.12382690370078675,1.0,dynamics_h_0p02_stage_2,ok,8f5887633c4c57f2ac0982e01a15dae641286ed569accf33e93d0425c2b98209,shallow_m0256_r1,validation_or_superseded
2,shallow,final_geometry_v15_20260930,4327fe4ece9317f6fd20fad18389a71e9b1f423b,32,0.476955765150677,0.005084236280068978,True,0.47871160452548045,4193.192025696828,4224.608781539965,10548.612848285262,aaa1959cbf4b71d236b96313c7510654d87ccac7aab478398a63c2530b769b97,0,True,,364,51199,full_posterior,256,0.002632354108927585,0.4778336848380787,128,test_prob_512,test_prob_512,8448,1,1.001019338512894,1,0.1829001283579699,1.0,dynamics_h_0p02_stage_2,ok,8f5887633c4c57f2ac0982e01a15dae641286ed569accf33e93d0425c2b98209,shallow_m0256_r1,validation_or_superseded
2,shallow,final_geometry_v15_20260930,4327fe4ece9317f6fd20fad18389a71e9b1f423b,32,0.5710271717873933,0.005093954877495797,True,0.5719688614675933,3962.2650741293874,3991.0518678434605,9402.212508754743,aaa1959cbf4b71d236b96313c7510654d87ccac7aab478398a63c2530b769b97,0,True,,392,51199,full_posterior,256,0.0026488230749890374,0.5714980166274933,128,test_prob_640,test_prob_640,8448,1,1.000856498422635,1,0.18225523333563456,1.0,dynamics_h_0p02_stage_2,ok,8f5887633c4c57f2ac0982e01a15dae641286ed569accf33e93d0425c2b98209,shallow_m0256_r1,validation_or_superseded
2,shallow,final_geometry_v15_20260930,4327fe4ece9317f6fd20fad18389a71e9b1f423b,32,0.5226200009595178,0.005081397122862656,True,0.5125390864315101,4016.1958947050407,4059.076114233412,9077.029912347438,aaa1959cbf4b71d236b96313c7510654d87ccac7aab478398a63c2530b769b97,0,True,,172,51199,full_posterior,256,0.002563957103951297,0.517579543695514,128,test_prob_768,test_prob_768,8448,1,1.0009882872479197,1,0.18062702788475674,1.0,dynamics_h_0p02_stage_2,ok,8f5887633c4c57f2ac0982e01a15dae641286ed569accf33e93d0425c2b98209,shallow_m0256_r1,validation_or_superseded
2,shallow,final_geometry_v15_20260930,4327fe4ece9317f6fd20fad18389a71e9b1f423b,32,0.5141620035911835,0.005066040067875556,True,0.5240053169421728,3832.2219283163477,3889.4273612517663,8609.019349798747,aaa1959cbf4b71d236b96313c7510654d87ccac7aab478398a63c2530b769b97,0,True,,374,51199,full_posterior,256,0.002644086076621687,0.5190836602666781,128,test_prob_896,test_prob_896,8448,1,1.001672769073712,1,0.18259995862153552,1.0,dynamics_h_0p02_stage_2,ok,8f5887633c4c57f2ac0982e01a15dae641286ed569accf33e93d0425c2b98209,shallow_m0256_r1,validation_or_superseded
2,shallow,final_geometry_v15_20260930,4327fe4ece9317f6fd20fad18389a71e9b1f423b,32,0.037751858201256525,0.01758943428980828,True,0.03019823754160468,4439.1340253524695,4259.427618810238,6877.726317981127,aaa1959cbf4b71d236b96313c7510654d87ccac7aab478398a63c2530b769b97,0,True,,108,51199,full_posterior,256,0.009085376465037586,0.033975047871430616,128,interaction_0,interaction_0,8448,1,1.0007625297458842,1,0.6261492864624068,1.0,dynamics_h_0p02_stage_2,ok,8f5887633c4c57f2ac0982e01a15dae641286ed569accf33e93d0425c2b98209,shallow_m0256_r1,validation_or_superseded
2,shallow,final_geometry_v15_20260930,4327fe4ece9317f6fd20fad18389a71e9b1f423b,32,0.0397575573765341,0.018836961969772855,True,0.05544157594467811,3797.94177208731,3619.8225443737865,4778.709122240871,aaa1959cbf4b71d236b96313c7510654d87ccac7aab478398a63c2530b769b97,0,True,,206,51199,full_posterior,256,0.009776817749275595,0.0475995666606061,128,interaction_1,interaction_1,8448,1,1.0006541722721276,1,0.6422173594859041,1.0,dynamics_h_0p02_stage_2,ok,8f5887633c4c57f2ac0982e01a15dae641286ed569accf33e93d0425c2b98209,shallow_m0256_r1,validation_or_superseded
2,shallow,final_geometry_v15_20260930,4327fe4ece9317f6fd20fad18389a71e9b1f423b,32,-0.022513021095227178,0.01931583862873375,True,-0.016981405077342884,3708.602236631822,3547.9166955669275,5172.03035353582,aaa1959cbf4b71d236b96313c7510654d87ccac7aab478398a63c2530b769b97,0,True,,414,51199,full_posterior,256,0.00995082081628486,-0.01974721308628503,128,interaction_2,interaction_2,8448,1,1.000591445218215,1,0.6436810163706315,1.0,dynamics_h_0p02_stage_2,ok,8f5887633c4c57f2ac0982e01a15dae641286ed569accf33e93d0425c2b98209,shallow_m0256_r1,validation_or_superseded
2,shallow,final_geometry_v15_20260930,4327fe4ece9317f6fd20fad18389a71e9b1f423b,32,-0.01881494913260369,0.01936192416745084,True,-0.044958433444388296,3663.774619251388,3500.3574772462503,5423.132382430409,aaa1959cbf4b71d236b96313c7510654d87ccac7aab478398a63c2530b769b97,0,True,,224,51199,full_posterior,256,0.010179365204114867,-0.03188669128849599,128,interaction_3,interaction_3,8448,1,1.0010837867294302,1,0.6587934288999027,1.0,dynamics_h_0p02_stage_2,ok,8f5887633c4c57f2ac0982e01a15dae641286ed569accf33e93d0425c2b98209,shallow_m0256_r1,validation_or_superseded
2,shallow,final_geometry_v15_20260930,4327fe4ece9317f6fd20fad18389a71e9b1f423b,32,0.5388476504474093,0.037042929115526084,True,0.5033708063818527,1882.4876520861187,1876.9739304566028,4234.3072291666695,aaa1959cbf4b71d236b96313c7510654d87ccac7aab478398a63c2530b769b97,0,True,,332,51199,full_posterior,256,0.01957403845823975,0.521109228414631,128,q_A,q_A,8448,1,1.0011539279949675,1,0.9807909975641995,1.0,dynamics_h_0p02_stage_2,ok,8f5887633c4c57f2ac0982e01a15dae641286ed569accf33e93d0425c2b98209,shallow_m0256_r1,validation_or_superseded
2,shallow,final_geometry_v15_20260930,4327fe4ece9317f6fd20fad18389a71e9b1f423b,32,-0.053699683367131386,0.03665403989387424,True,-0.12352127266394483,1871.9692931091477,1879.1606537170646,4032.092125383169,aaa1959cbf4b71d236b96313c7510654d87ccac7aab478398a63c2530b769b97,0,True,,510,51199,full_posterior,256,0.01937125292803473,-0.0886104780155381,128,q_W,q_W,8448,1,1.0016426987413949,1,0.9894658087553208,1.0,dynamics_h_0p02_stage_2,ok,8f5887633c4c57f2ac0982e01a15dae641286ed569accf33e93d0425c2b98209,shallow_m0256_r1,validation_or_superseded
2,shallow,final_geometry_v15_20260930,4327fe4ece9317f6fd20fad18389a71e9b1f423b,32,1.0492121030767192,0.0026473884170056055,True,1.046109012816364,4081.865817812234,4070.778056376147,8981.743540909189,aaa1959cbf4b71d236b96313c7510654d87ccac7aab478398a63c2530b769b97,0,True,,110,51199,full_posterior,256,0.0013618535045981262,1.0476605579465417,128,disp_A,disp_A,8448,1,1.0007658436160967,1,0.09036861224265692,1.0,dynamics_h_0p02_stage_2,ok,8f5887633c4c57f2ac0982e01a15dae641286ed569accf33e93d0425c2b98209,shallow_m0256_r1,validation_or_superseded
2,shallow,final_geometry_v15_20260930,4327fe4ece9317f6fd20fad18389a71e9b1f423b,32,1.0001230443210496,0.0004531207693174756,True,0.9997643122989415,3965.0171620682645,3958.418368758018,8175.5038054133765,aaa1959cbf4b71d236b96313c7510654d87ccac7aab478398a63c2530b769b97,0,True,,136,51199,full_posterior,256,0.00023482352813739802,0.9999436783099958,128,disp_W1,disp_W1,8448,1,1.0017933911048873,1,0.01572252004820818,1.0,dynamics_h_0p02_stage_2,ok,8f5887633c4c57f2ac0982e01a15dae641286ed569accf33e93d0425c2b98209,shallow_m0256_r1,validation_or_superseded
2,shallow,final_geometry_v15_20260930,4327fe4ece9317f6fd20fad18389a71e9b1f423b,32,64.61811001617562,0.09840629080600757,True,64.77466773413157,5236.953654110537,5260.977796019285,12478.726092697858,4249eabf37ec2244057d1eef206140dcc514d6e887324c0662943dd90fd1b66f,0,True,,326,102399,full_posterior,256,0.05097582998941658,64.6963888751536,128,V,V,8448,2,1.0006387898057998,1,4.003542410628709,1.0,dynamics_h_0p01_stage_2,ok,2b0a25edaba13f9bb4eae0a84a065effa6848903405ea8fc1871d85b581b5ff9,shallow_m0256_r2,production_final
2,shallow,final_geometry_v15_20260930,4327fe4ece9317f6fd20fad18389a71e9b1f423b,32,4292.088420898579,1.8505574416214368,True,4292.147951992487,3916.3708244446216,3919.896257497081,8173.438382051232,4249eabf37ec2244057d1eef206140dcc514d6e887324c0662943dd90fd1b66f,0,True,,336,102399,full_posterior,256,0.9610854128169856,4292.118186445531,128,U,U,8448,2,1.0009912614515348,1,65.86811521466045,1.0,dynamics_h_0p01_stage_2,ok,2b0a25edaba13f9bb4eae0a84a065effa6848903405ea8fc1871d85b581b5ff9,shallow_m0256_r2,production_final
2,shallow,final_geometry_v15_20260930,4327fe4ece9317f6fd20fad18389a71e9b1f423b,32,-0.429649471671273,0.015409015516993248,True,-0.42678428690892445,3973.002634371094,3954.328003566111,9471.695667208625,4249eabf37ec2244057d1eef206140dcc514d6e887324c0662943dd90fd1b66f,0,True,,446,102399,full_posterior,256,0.008061453907592477,-0.42821687929009866,128,train_logit_0,train_logit_0,8448,2,1.0014877150890764,1,0.5839141938436939,1.0,dynamics_h_0p01_stage_2,ok,2b0a25edaba13f9bb4eae0a84a065effa6848903405ea8fc1871d85b581b5ff9,shallow_m0256_r2,production_final
2,shallow,final_geometry_v15_20260930,4327fe4ece9317f6fd20fad18389a71e9b1f423b,32,0.34843468814523043,0.013408004020819483,True,0.33154276744893996,5243.822539108559,5234.504532517868,12876.137416559435,4249eabf37ec2244057d1eef206140dcc514d6e887324c0662943dd90fd1b66f,0,True,,248,102399,full_posterior,256,0.006942499828029571,0.3399887277970852,128,train_logit_16,train_logit_16,8448,2,1.0012567583364638,1,0.5437068109070793,1.0,dynamics_h_0p01_stage_2,ok,2b0a25edaba13f9bb4eae0a84a065effa6848903405ea8fc1871d85b581b5ff9,shallow_m0256_r2,production_final
2,shallow,final_geometry_v15_20260930,4327fe4ece9317f6fd20fad18389a71e9b1f423b,32,-0.6154672116411505,0.013326906676963741,True,-0.5933599486456594,5026.059949043264,4995.098838129224,10888.871045086998,4249eabf37ec2244057d1eef206140dcc514d6e887324c0662943dd90fd1b66f,0,True,,456,102399,full_posterior,256,0.007146573532914873,-0.6044135801434048,128,train_logit_32,train_logit_32,8448,2,1.0009752739575237,1,0.5431183306016337,1.0,dynamics_h_0p01_stage_2,ok,2b0a25edaba13f9bb4eae0a84a065effa6848903405ea8fc1871d85b581b5ff9,shallow_m0256_r2,production_final
2,shallow,final_geometry_v15_20260930,4327fe4ece9317f6fd20fad18389a71e9b1f423b,32,-1.113262837607088,0.015087966391698019,True,-1.0792309022383662,4472.557608058928,4466.449916870514,9892.09353556048,4249eabf37ec2244057d1eef206140dcc514d6e887324c0662943dd90fd1b66f,0,True,,320,102399,full_posterior,256,0.00791301303342155,-1.0962468699227275,128,train_logit_48,train_logit_48,8448,2,1.0013037544073946,1,0.5812531596026755,1.0,dynamics_h_0p01_stage_2,ok,2b0a25edaba13f9bb4eae0a84a065effa6848903405ea8fc1871d85b581b5ff9,shallow_m0256_r2,production_final
2,shallow,final_geometry_v15_20260930,4327fe4ece9317f6fd20fad18389a71e9b1f423b,32,0.5803472357726261,0.014420393744408143,True,0.5514159153855652,4572.9852553897845,4562.065516025803,9965.358345282075,4249eabf37ec2244057d1eef206140dcc514d6e887324c0662943dd90fd1b66f,0,True,,332,102399,full_posterior,256,0.007575150032150717,0.5658815755790955,128,train_logit_64,train_logit_64,8448,2,1.0013986195061875,1,0.555846154829725,1.0,dynamics_h_0p01_stage_2,ok,2b0a25edaba13f9bb4eae0a84a065effa6848903405ea8fc1871d85b581b5ff9,shallow_m0256_r2,production_final
2,shallow,final_geometry_v15_20260930,4327fe4ece9317f6fd20fad18389a71e9b1f423b,32,-0.6029367190564808,0.013632757355520927,True,-0.6163669181984957,5362.531913174209,5367.453653895307,11317.69889677002,4249eabf37ec2244057d1eef206140dcc514d6e887324c0662943dd90fd1b66f,0,True,,238,102399,full_posterior,256,0.006916646454312536,-0.6096518186274882,128,train_logit_80,train_logit_80,8448,2,1.000724095983185,1,0.5483982040422093,1.0,dynamics_h_0p01_stage_2,ok,2b0a25edaba13f9bb4eae0a84a065effa6848903405ea8fc1871d85b581b5ff9,shallow_m0256_r2,production_final
2,shallow,final_geometry_v15_20260930,4327fe4ece9317f6fd20fad18389a71e9b1f423b,32,-0.952801067610838,0.014221782794766217,True,-0.9593744330174663,4663.219366083278,4645.6227342205175,9967.008739976101,4249eabf37ec2244057d1eef206140dcc514d6e887324c0662943dd90fd1b66f,0,True,,336,102399,full_posterior,256,0.007385208626222394,-0.9560877503141524,128,train_logit_96,train_logit_96,8448,2,1.0004159685627942,1,0.5525092405546101,1.0,dynamics_h_0p01_stage_2,ok,2b0a25edaba13f9bb4eae0a84a065effa6848903405ea8fc1871d85b581b5ff9,shallow_m0256_r2,production_final
2,shallow,final_geometry_v15_20260930,4327fe4ece9317f6fd20fad18389a71e9b1f423b,32,0.7934554186517024,0.012511606347991503,True,0.8061406132615965,5826.826747885011,5803.455200743467,13497.901050706152,4249eabf37ec2244057d1eef206140dcc514d6e887324c0662943dd90fd1b66f,0,True,,378,102399,full_posterior,256,0.006405109263991523,0.7997980159566496,128,train_logit_112,train_logit_112,8448,2,1.0004403647985656,1,0.5217294174121805,1.0,dynamics_h_0p01_stage_2,ok,2b0a25edaba13f9bb4eae0a84a065effa6848903405ea8fc1871d85b581b5ff9,shallow_m0256_r2,production_final
2,shallow,final_geometry_v15_20260930,4327fe4ece9317f6fd20fad18389a71e9b1f423b,32,0.4295017375397469,0.004328879143476125,True,0.42429323543942243,4868.1867225078695,4872.8830042987975,11562.82305559255,4249eabf37ec2244057d1eef206140dcc514d6e887324c0662943dd90fd1b66f,0,True,,410,102399,full_posterior,256,0.0022552443652894714,0.42689748648958487,128,test_prob_0,test_prob_0,8448,2,1.0012268377934912,1,0.17110435105732216,1.0,dynamics_h_0p01_stage_2,ok,2b0a25edaba13f9bb4eae0a84a065effa6848903405ea8fc1871d85b581b5ff9,shallow_m0256_r2,production_final
2,shallow,final_geometry_v15_20260930,4327fe4ece9317f6fd20fad18389a71e9b1f423b,32,0.44232164179297156,0.004574701469852269,True,0.4435063024147477,4689.967884381064,4729.593632609297,10788.780990660634,4249eabf37ec2244057d1eef206140dcc514d6e887324c0662943dd90fd1b66f,0,True,,350,102399,full_posterior,256,0.0023407573702455124,0.4429139721038597,128,test_prob_128,test_prob_128,8448,2,1.0003639995920413,1,0.17600826769254105,1.0,dynamics_h_0p01_stage_2,ok,2b0a25edaba13f9bb4eae0a84a065effa6848903405ea8fc1871d85b581b5ff9,shallow_m0256_r2,production_final
2,shallow,final_geometry_v15_20260930,4327fe4ece9317f6fd20fad18389a71e9b1f423b,32,0.7521387778492222,0.0037183519548326925,True,0.7510838879536409,4658.310745450031,4814.473081801697,10795.31088865974,4249eabf37ec2244057d1eef206140dcc514d6e887324c0662943dd90fd1b66f,0,True,,556,102399,full_posterior,256,0.0019159925022110716,0.7516113329014317,128,test_prob_256,test_prob_256,8448,2,1.0001864247930587,1,0.142675737185213,1.0,dynamics_h_0p01_stage_2,ok,2b0a25edaba13f9bb4eae0a84a065effa6848903405ea8fc1871d85b581b5ff9,shallow_m0256_r2,production_final
2,shallow,final_geometry_v15_20260930,4327fe4ece9317f6fd20fad18389a71e9b1f423b,32,0.8513199745815967,0.0025880965756268606,True,0.8455440307857921,4374.3502192148735,4610.156933446326,10040.707088646188,4249eabf37ec2244057d1eef206140dcc514d6e887324c0662943dd90fd1b66f,0,True,,324,102399,full_posterior,256,0.0013533826527261188,0.8484320026836943,128,test_prob_384,test_prob_384,8448,2,1.001381958286648,1,0.10094412067587713,1.0,dynamics_h_0p01_stage_2,ok,2b0a25edaba13f9bb4eae0a84a065effa6848903405ea8fc1871d85b581b5ff9,shallow_m0256_r2,production_final
2,shallow,final_geometry_v15_20260930,4327fe4ece9317f6fd20fad18389a71e9b1f423b,32,0.39933745172675694,0.004407517056299853,True,0.39256528223798154,4506.735147717653,4480.932888650654,10837.121160175348,4249eabf37ec2244057d1eef206140dcc514d6e887324c0662943dd90fd1b66f,0,True,,406,102399,full_posterior,256,0.0023001428053588914,0.39595136698236927,128,test_prob_512,test_prob_512,8448,2,1.0011292489608727,1,0.17204122983825362,1.0,dynamics_h_0p01_stage_2,ok,2b0a25edaba13f9bb4eae0a84a065effa6848903405ea8fc1871d85b581b5ff9,shallow_m0256_r2,production_final
2,shallow,final_geometry_v15_20260930,4327fe4ece9317f6fd20fad18389a71e9b1f423b,32,0.7390358631288788,0.003712202921272475,True,0.7365520477082654,4857.842762898857,5076.180217810085,10496.169279664662,4249eabf37ec2244057d1eef206140dcc514d6e887324c0662943dd90fd1b66f,0,True,,328,102399,full_posterior,256,0.001903119928204289,0.7377939554185722,128,test_prob_640,test_prob_640,8448,2,1.001602148871825,1,0.1452962883133324,1.0,dynamics_h_0p01_stage_2,ok,2b0a25edaba13f9bb4eae0a84a065effa6848903405ea8fc1871d85b581b5ff9,shallow_m0256_r2,production_final
2,shallow,final_geometry_v15_20260930,4327fe4ece9317f6fd20fad18389a71e9b1f423b,32,0.7352732367584041,0.0039041514512126413,True,0.7350353052339212,4617.956564990256,4727.9153634013455,10517.695921335862,4249eabf37ec2244057d1eef206140dcc514d6e887324c0662943dd90fd1b66f,0,True,,264,102399,full_posterior,256,0.002005823652545136,0.7351542709961625,128,test_prob_768,test_prob_768,8448,2,1.0007688959016716,1,0.14886975428412091,1.0,dynamics_h_0p01_stage_2,ok,2b0a25edaba13f9bb4eae0a84a065effa6848903405ea8fc1871d85b581b5ff9,shallow_m0256_r2,production_final
2,shallow,final_geometry_v15_20260930,4327fe4ece9317f6fd20fad18389a71e9b1f423b,32,0.40194936643035495,0.004637803150811143,True,0.4018290265048522,4320.953555046068,4406.078638657203,9064.99181612989,4249eabf37ec2244057d1eef206140dcc514d6e887324c0662943dd90fd1b66f,0,True,,672,102399,full_posterior,256,0.0023985224376213594,0.4018891964676036,128,test_prob_896,test_prob_896,8448,2,1.0003381825309463,1,0.1774038632756715,1.0,dynamics_h_0p01_stage_2,ok,2b0a25edaba13f9bb4eae0a84a065effa6848903405ea8fc1871d85b581b5ff9,shallow_m0256_r2,production_final
2,shallow,final_geometry_v15_20260930,4327fe4ece9317f6fd20fad18389a71e9b1f423b,32,-0.03537910117661699,0.016795480841608448,True,-0.02267669729324371,4319.337755285896,4149.1263359634795,6846.128846258014,4249eabf37ec2244057d1eef206140dcc514d6e887324c0662943dd90fd1b66f,0,True,,318,102399,full_posterior,256,0.008762160509366027,-0.029027899234930342,128,interaction_0,interaction_0,8448,2,1.0007416905843671,1,0.6142320881282477,1.0,dynamics_h_0p01_stage_2,ok,2b0a25edaba13f9bb4eae0a84a065effa6848903405ea8fc1871d85b581b5ff9,shallow_m0256_r2,production_final
2,shallow,final_geometry_v15_20260930,4327fe4ece9317f6fd20fad18389a71e9b1f423b,32,0.019499346906950293,0.016777992756277393,True,0.009031683860440256,4232.978063176194,4008.2340412250705,5811.384248610696,4249eabf37ec2244057d1eef206140dcc514d6e887324c0662943dd90fd1b66f,0,True,,342,102399,full_posterior,256,0.00883403942909619,0.01426551538369527,128,interaction_1,interaction_1,8448,2,1.000867536304602,1,0.6134736517951096,1.0,dynamics_h_0p01_stage_2,ok,2b0a25edaba13f9bb4eae0a84a065effa6848903405ea8fc1871d85b581b5ff9,shallow_m0256_r2,production_final
2,shallow,final_geometry_v15_20260930,4327fe4ece9317f6fd20fad18389a71e9b1f423b,32,-0.021644861587159617,0.017515024614297978,True,-0.026022096729052823,4262.049525021163,4083.0946467821827,6319.4710762598725,4249eabf37ec2244057d1eef206140dcc514d6e887324c0662943dd90fd1b66f,0,True,,246,102399,full_posterior,256,0.009048180072323246,-0.023833479158106213,128,interaction_2,interaction_2,8448,2,1.000606661390522,1,0.6328587104530103,1.0,dynamics_h_0p01_stage_2,ok,2b0a25edaba13f9bb4eae0a84a065effa6848903405ea8fc1871d85b581b5ff9,shallow_m0256_r2,production_final
2,shallow,final_geometry_v15_20260930,4327fe4ece9317f6fd20fad18389a71e9b1f423b,32,-0.022084940388487042,0.0162799431544207,True,-0.04092586606748989,4596.221564674901,4444.5236783896935,7137.0737899266205,4249eabf37ec2244057d1eef206140dcc514d6e887324c0662943dd90fd1b66f,0,True,,386,102399,full_posterior,256,0.008359546031802459,-0.03150540322798847,128,interaction_3,interaction_3,8448,2,1.0006239433225472,1,0.6165559788353022,1.0,dynamics_h_0p01_stage_2,ok,2b0a25edaba13f9bb4eae0a84a065effa6848903405ea8fc1871d85b581b5ff9,shallow_m0256_r2,production_final
2,shallow,final_geometry_v15_20260930,4327fe4ece9317f6fd20fad18389a71e9b1f423b,32,-0.16150265629938004,0.03522532518541548,True,-0.19345288314481077,1900.9578063059753,1893.0558156775567,3997.462900893517,4249eabf37ec2244057d1eef206140dcc514d6e887324c0662943dd90fd1b66f,0,True,,480,102399,full_posterior,256,0.019183234686388648,-0.17747776972209536,128,q_A,q_A,8448,2,1.0011759812287717,1,1.0149591238527829,1.0,dynamics_h_0p01_stage_2,ok,2b0a25edaba13f9bb4eae0a84a065effa6848903405ea8fc1871d85b581b5ff9,shallow_m0256_r2,production_final
2,shallow,final_geometry_v15_20260930,4327fe4ece9317f6fd20fad18389a71e9b1f423b,32,-0.016263020012531014,0.03480435192371957,True,-0.014542746525108593,1788.2293178947405,1781.813479778926,4720.295436024354,4249eabf37ec2244057d1eef206140dcc514d6e887324c0662943dd90fd1b66f,0,True,,806,102399,full_posterior,256,0.018877182434160047,-0.015402883268819804,128,q_W,q_W,8448,2,1.0018422609371047,1,1.000145051872734,1.0,dynamics_h_0p01_stage_2,ok,2b0a25edaba13f9bb4eae0a84a065effa6848903405ea8fc1871d85b581b5ff9,shallow_m0256_r2,production_final
2,shallow,final_geometry_v15_20260930,4327fe4ece9317f6fd20fad18389a71e9b1f423b,32,1.0333877693972067,0.002390317961883405,True,1.030564680631353,4490.563963101725,4478.407214904867,9310.137784949142,4249eabf37ec2244057d1eef206140dcc514d6e887324c0662943dd90fd1b66f,0,True,,182,102399,full_posterior,256,0.0012184596013246067,1.0319762250142799,128,disp_A,disp_A,8448,2,1.0003353585117156,1,0.08834748197089975,1.0,dynamics_h_0p01_stage_2,ok,2b0a25edaba13f9bb4eae0a84a065effa6848903405ea8fc1871d85b581b5ff9,shallow_m0256_r2,production_final
2,shallow,final_geometry_v15_20260930,4327fe4ece9317f6fd20fad18389a71e9b1f423b,32,0.9998038760741115,0.0004434133594809339,True,0.9998684094574076,3884.4123076027217,3888.1468700695577,8269.181667623505,4249eabf37ec2244057d1eef206140dcc514d6e887324c0662943dd90fd1b66f,0,True,,344,102399,full_posterior,256,0.00023047461914634947,0.9998361427657592,128,disp_W1,disp_W1,8448,2,1.0011050400222548,1,0.015819683064186157,1.0,dynamics_h_0p01_stage_2,ok,2b0a25edaba13f9bb4eae0a84a065effa6848903405ea8fc1871d85b581b5ff9,shallow_m0256_r2,production_final
2,shallow,final_geometry_v15_20260930,4327fe4ece9317f6fd20fad18389a71e9b1f423b,32,64.75685272692805,0.10211561020451322,True,64.79898400667429,5039.512724884236,5009.830582269947,11019.580440061853,aed4bd6a5c3abe2abe94e1a0dcd43892f55e5d104279a60b38c992085443150d,0,True,,360,51199,full_posterior,256,0.05257235533114739,64.77791836680117,128,V,V,8448,2,1.0009760483508199,1,4.0112733551562405,1.0,dynamics_h_0p02_stage_2,ok,2b0a25edaba13f9bb4eae0a84a065effa6848903405ea8fc1871d85b581b5ff9,shallow_m0256_r2,validation_or_superseded
2,shallow,final_geometry_v15_20260930,4327fe4ece9317f6fd20fad18389a71e9b1f423b,32,4291.750312729515,1.8727056255727594,True,4292.308304441274,4127.610011479327,4104.127608613811,9226.044476404493,aed4bd6a5c3abe2abe94e1a0dcd43892f55e5d104279a60b38c992085443150d,0,True,,288,51199,full_posterior,256,0.9713668265107276,4292.029308585395,128,U,U,8448,2,1.0005619587973196,1,64.99752941969864,1.0,dynamics_h_0p02_stage_2,ok,2b0a25edaba13f9bb4eae0a84a065effa6848903405ea8fc1871d85b581b5ff9,shallow_m0256_r2,validation_or_superseded
2,shallow,final_geometry_v15_20260930,4327fe4ece9317f6fd20fad18389a71e9b1f423b,32,-0.4408172972146835,0.015625070285851153,True,-0.42430069331091275,4177.557969259984,4178.840346003401,10478.75838226102,aed4bd6a5c3abe2abe94e1a0dcd43892f55e5d104279a60b38c992085443150d,0,True,,220,51199,full_posterior,256,0.008260930441176328,-0.43255899526279806,128,train_logit_0,train_logit_0,8448,2,1.0011867840967243,1,0.5769772848549081,1.0,dynamics_h_0p02_stage_2,ok,2b0a25edaba13f9bb4eae0a84a065effa6848903405ea8fc1871d85b581b5ff9,shallow_m0256_r2,validation_or_superseded
2,shallow,final_geometry_v15_20260930,4327fe4ece9317f6fd20fad18389a71e9b1f423b,32,0.33362441442939955,0.01461100966972766,True,0.3511260800646134,4623.687165013795,4624.76712356656,10332.12243450147,aed4bd6a5c3abe2abe94e1a0dcd43892f55e5d104279a60b38c992085443150d,0,True,,200,51199,full_posterior,256,0.007472125704633496,0.3423752472470064,128,train_logit_16,train_logit_16,8448,2,1.0007348975342614,1,0.548267810464407,1.0,dynamics_h_0p02_stage_2,ok,2b0a25edaba13f9bb4eae0a84a065effa6848903405ea8fc1871d85b581b5ff9,shallow_m0256_r2,validation_or_superseded
2,shallow,final_geometry_v15_20260930,4327fe4ece9317f6fd20fad18389a71e9b1f423b,32,-0.5836431190165553,0.014051006583425703,True,-0.6058205779666912,4772.576911804127,4746.4918990951155,10227.312254073897,aed4bd6a5c3abe2abe94e1a0dcd43892f55e5d104279a60b38c992085443150d,0,True,,214,51199,full_posterior,256,0.0073443037159900805,-0.5947318484916232,128,train_logit_32,train_logit_32,8448,2,1.0014406994871294,1,0.538406063651983,1.0,dynamics_h_0p02_stage_2,ok,2b0a25edaba13f9bb4eae0a84a065effa6848903405ea8fc1871d85b581b5ff9,shallow_m0256_r2,validation_or_superseded
2,shallow,final_geometry_v15_20260930,4327fe4ece9317f6fd20fad18389a71e9b1f423b,32,-1.070704746700091,0.0159072692607461,True,-1.081687405923499,4198.545824629854,4193.052295849407,10087.865617885165,aed4bd6a5c3abe2abe94e1a0dcd43892f55e5d104279a60b38c992085443150d,0,True,,186,51199,full_posterior,256,0.008245931513125632,-1.076196076311795,128,train_logit_48,train_logit_48,8448,2,1.0004220445747485,1,0.577431056057742,1.0,dynamics_h_0p02_stage_2,ok,2b0a25edaba13f9bb4eae0a84a065effa6848903405ea8fc1871d85b581b5ff9,shallow_m0256_r2,validation_or_superseded
2,shallow,final_geometry_v15_20260930,4327fe4ece9317f6fd20fad18389a71e9b1f423b,32,0.5809686638574846,0.014682470424522094,True,0.5612306005588273,4921.7289440105105,4912.833703117116,11340.046308926718,aed4bd6a5c3abe2abe94e1a0dcd43892f55e5d104279a60b38c992085443150d,0,True,,130,51199,full_posterior,256,0.007570011187217239,0.571099632208156,128,train_logit_64,train_logit_64,8448,2,1.0006519593620895,1,0.5544700632133861,1.0,dynamics_h_0p02_stage_2,ok,2b0a25edaba13f9bb4eae0a84a065effa6848903405ea8fc1871d85b581b5ff9,shallow_m0256_r2,validation_or_superseded
2,shallow,final_geometry_v15_20260930,4327fe4ece9317f6fd20fad18389a71e9b1f423b,32,-0.6172308427103692,0.014668793590829326,True,-0.6414975837660082,4365.79722380943,4367.85728477374,11247.04637259422,aed4bd6a5c3abe2abe94e1a0dcd43892f55e5d104279a60b38c992085443150d,0,True,,424,51199,full_posterior,256,0.007479908327612462,-0.6293642132381888,128,train_logit_80,train_logit_80,8448,2,1.0007537194522633,1,0.5524651827386503,1.0,dynamics_h_0p02_stage_2,ok,2b0a25edaba13f9bb4eae0a84a065effa6848903405ea8fc1871d85b581b5ff9,shallow_m0256_r2,validation_or_superseded
2,shallow,final_geometry_v15_20260930,4327fe4ece9317f6fd20fad18389a71e9b1f423b,32,-0.9444068291055866,0.014471283220214808,True,-0.9522426771361183,4935.46820091006,4925.6913637158705,11274.865907617535,aed4bd6a5c3abe2abe94e1a0dcd43892f55e5d104279a60b38c992085443150d,0,True,,178,51199,full_posterior,256,0.007331214763736338,-0.9483247531208525,128,train_logit_96,train_logit_96,8448,2,1.0006995073708103,1,0.5492923653613515,1.0,dynamics_h_0p02_stage_2,ok,2b0a25edaba13f9bb4eae0a84a065effa6848903405ea8fc1871d85b581b5ff9,shallow_m0256_r2,validation_or_superseded
2,shallow,final_geometry_v15_20260930,4327fe4ece9317f6fd20fad18389a71e9b1f423b,32,0.7761001362042621,0.012871857566307885,True,0.805067528800581,5479.351131277449,5479.861796921201,12872.95911615367,aed4bd6a5c3abe2abe94e1a0dcd43892f55e5d104279a60b38c992085443150d,0,True,,172,51199,full_posterior,256,0.006590577952691697,0.7905838325024216,128,train_logit_112,train_logit_112,8448,2,1.0010377925241245,1,0.5243698902904709,1.0,dynamics_h_0p02_stage_2,ok,2b0a25edaba13f9bb4eae0a84a065effa6848903405ea8fc1871d85b581b5ff9,shallow_m0256_r2,validation_or_superseded
2,shallow,final_geometry_v15_20260930,4327fe4ece9317f6fd20fad18389a71e9b1f423b,32,0.42476125814136223,0.004701575811114773,True,0.429605056500952,4131.032219567671,4166.397591374493,10557.857198038528,aed4bd6a5c3abe2abe94e1a0dcd43892f55e5d104279a60b38c992085443150d,0,True,,216,51199,full_posterior,256,0.0024639133501837313,0.42718315732115714,128,test_prob_0,test_prob_0,8448,2,1.0002960774504712,1,0.17327741395921809,1.0,dynamics_h_0p02_stage_2,ok,2b0a25edaba13f9bb4eae0a84a065effa6848903405ea8fc1871d85b581b5ff9,shallow_m0256_r2,validation_or_superseded
2,shallow,final_geometry_v15_20260930,4327fe4ece9317f6fd20fad18389a71e9b1f423b,32,0.44511565237194634,0.004609472276447015,True,0.4401660798434711,4293.616782713358,4309.131288466001,11542.871375337103,aed4bd6a5c3abe2abe94e1a0dcd43892f55e5d104279a60b38c992085443150d,0,True,,380,51199,full_posterior,256,0.0024234151930887,0.4426408661077088,128,test_prob_128,test_prob_128,8448,2,1.0008194612937442,1,0.1744379082727131,1.0,dynamics_h_0p02_stage_2,ok,2b0a25edaba13f9bb4eae0a84a065effa6848903405ea8fc1871d85b581b5ff9,shallow_m0256_r2,validation_or_superseded
2,shallow,final_geometry_v15_20260930,4327fe4ece9317f6fd20fad18389a71e9b1f423b,32,0.7522110869717197,0.003997542930675824,True,0.7542752006800556,3463.148166260875,3564.6689867154223,8804.57495775496,aed4bd6a5c3abe2abe94e1a0dcd43892f55e5d104279a60b38c992085443150d,0,True,,882,51199,full_posterior,256,0.0021106443041072113,0.7532431438258879,128,test_prob_256,test_prob_256,8448,2,1.002098553589554,1,0.14312558537779663,1.0,dynamics_h_0p02_stage_2,ok,2b0a25edaba13f9bb4eae0a84a065effa6848903405ea8fc1871d85b581b5ff9,shallow_m0256_r2,validation_or_superseded
2,shallow,final_geometry_v15_20260930,4327fe4ece9317f6fd20fad18389a71e9b1f423b,32,0.8489998641634351,0.0026091186680834615,True,0.8463950751771091,4355.936216366846,4746.91421949556,10621.561563648189,aed4bd6a5c3abe2abe94e1a0dcd43892f55e5d104279a60b38c992085443150d,0,True,,286,51199,full_posterior,256,0.0013692681179139968,0.8476974696702719,128,test_prob_384,test_prob_384,8448,2,1.0011678208489323,1,0.1004322554225578,1.0,dynamics_h_0p02_stage_2,ok,2b0a25edaba13f9bb4eae0a84a065effa6848903405ea8fc1871d85b581b5ff9,shallow_m0256_r2,validation_or_superseded
2,shallow,final_geometry_v15_20260930,4327fe4ece9317f6fd20fad18389a71e9b1f423b,32,0.40365784176728076,0.004855912139037166,True,0.4019138665183553,4055.8049880072454,4100.748663401168,9531.360158669448,aed4bd6a5c3abe2abe94e1a0dcd43892f55e5d104279a60b38c992085443150d,0,True,,368,51199,full_posterior,256,0.0025213537659500578,0.4027858541428182,128,test_prob_512,test_prob_512,8448,2,1.0015068552596247,1,0.17391252668043908,1.0,dynamics_h_0p02_stage_2,ok,2b0a25edaba13f9bb4eae0a84a065effa6848903405ea8fc1871d85b581b5ff9,shallow_m0256_r2,validation_or_superseded
2,shallow,final_geometry_v15_20260930,4327fe4ece9317f6fd20fad18389a71e9b1f423b,32,0.739122690502578,0.004103432077719161,True,0.7393565299917572,4217.188514452081,4131.0475855420555,9696.939988284657,aed4bd6a5c3abe2abe94e1a0dcd43892f55e5d104279a60b38c992085443150d,0,True,,442,51199,full_posterior,256,0.0021069814900756545,0.7392396102471674,128,test_prob_640,test_prob_640,8448,2,1.0003059065533422,1,0.147594095460867,1.0,dynamics_h_0p02_stage_2,ok,2b0a25edaba13f9bb4eae0a84a065effa6848903405ea8fc1871d85b581b5ff9,shallow_m0256_r2,validation_or_superseded
2,shallow,final_geometry_v15_20260930,4327fe4ece9317f6fd20fad18389a71e9b1f423b,32,0.7372879598309098,0.003985056532086284,True,0.7365369615134643,4349.8751969767545,4614.138627155613,9938.52182923076,aed4bd6a5c3abe2abe94e1a0dcd43892f55e5d104279a60b38c992085443150d,0,True,,126,51199,full_posterior,256,0.002103902908933717,0.736912460672187,128,test_prob_768,test_prob_768,8448,2,1.000921716119054,1,0.14786543978108208,1.0,dynamics_h_0p02_stage_2,ok,2b0a25edaba13f9bb4eae0a84a065effa6848903405ea8fc1871d85b581b5ff9,shallow_m0256_r2,validation_or_superseded
2,shallow,final_geometry_v15_20260930,4327fe4ece9317f6fd20fad18389a71e9b1f423b,32,0.40228008175888397,0.0049187950190856975,True,0.40465009330528157,3956.8332517487474,4008.1249745357845,10210.840191206798,aed4bd6a5c3abe2abe94e1a0dcd43892f55e5d104279a60b38c992085443150d,0,True,,276,51199,full_posterior,256,0.002551737195489198,0.4034650875320828,128,test_prob_896,test_prob_896,8448,2,1.000658647658726,1,0.1762488281362664,1.0,dynamics_h_0p02_stage_2,ok,2b0a25edaba13f9bb4eae0a84a065effa6848903405ea8fc1871d85b581b5ff9,shallow_m0256_r2,validation_or_superseded
2,shallow,final_geometry_v15_20260930,4327fe4ece9317f6fd20fad18389a71e9b1f423b,32,-0.017120146285524305,0.016598284927852872,True,-0.005290863118663709,4755.871255754972,4590.676097439337,7210.965628282532,aed4bd6a5c3abe2abe94e1a0dcd43892f55e5d104279a60b38c992085443150d,0,True,,150,51199,full_posterior,256,0.008509849537791374,-0.01120550470209401,128,interaction_0,interaction_0,8448,2,1.0014649561324356,1,0.6095839978051729,1.0,dynamics_h_0p02_stage_2,ok,2b0a25edaba13f9bb4eae0a84a065effa6848903405ea8fc1871d85b581b5ff9,shallow_m0256_r2,validation_or_superseded
2,shallow,final_geometry_v15_20260930,4327fe4ece9317f6fd20fad18389a71e9b1f423b,32,0.0046997273294644305,0.017401579622823852,True,0.03073557228339058,4412.518803414678,4213.836244898501,6357.900708305836,aed4bd6a5c3abe2abe94e1a0dcd43892f55e5d104279a60b38c992085443150d,0,True,,136,51199,full_posterior,256,0.008938666952290786,0.017717649806427503,128,interaction_1,interaction_1,8448,2,1.0019014366550938,1,0.6138838734992671,1.0,dynamics_h_0p02_stage_2,ok,2b0a25edaba13f9bb4eae0a84a065effa6848903405ea8fc1871d85b581b5ff9,shallow_m0256_r2,validation_or_superseded
2,shallow,final_geometry_v15_20260930,4327fe4ece9317f6fd20fad18389a71e9b1f423b,32,0.0029845681327320133,0.017751566176211042,True,-0.01941765975421063,4470.4506735168925,4260.831970470899,6088.556564289453,aed4bd6a5c3abe2abe94e1a0dcd43892f55e5d104279a60b38c992085443150d,0,True,,110,51199,full_posterior,256,0.009090111248695921,-0.00821654581073931,128,interaction_2,interaction_2,8448,2,1.001343666940291,1,0.6197392430303155,1.0,dynamics_h_0p02_stage_2,ok,2b0a25edaba13f9bb4eae0a84a065effa6848903405ea8fc1871d85b581b5ff9,shallow_m0256_r2,validation_or_superseded
2,shallow,final_geometry_v15_20260930,4327fe4ece9317f6fd20fad18389a71e9b1f423b,32,-0.03404571373586057,0.017917129443011156,True,-0.036331002437635145,4092.5521338109806,3898.610681427971,5328.396993419102,aed4bd6a5c3abe2abe94e1a0dcd43892f55e5d104279a60b38c992085443150d,0,True,,202,51199,full_posterior,256,0.009227243013293668,-0.03518835808674786,128,interaction_3,interaction_3,8448,2,1.0006643174631351,1,0.6238033637600672,1.0,dynamics_h_0p02_stage_2,ok,2b0a25edaba13f9bb4eae0a84a065effa6848903405ea8fc1871d85b581b5ff9,shallow_m0256_r2,validation_or_superseded
2,shallow,final_geometry_v15_20260930,4327fe4ece9317f6fd20fad18389a71e9b1f423b,32,-0.23822921959978097,0.03661750498319776,True,-0.21823163857273953,1921.7870559986236,1915.279742231302,4013.1741858125806,aed4bd6a5c3abe2abe94e1a0dcd43892f55e5d104279a60b38c992085443150d,0,True,,290,51199,full_posterior,256,0.01971677262526432,-0.2282304290862603,128,q_A,q_A,8448,2,1.0005154283505322,1,0.9858505500979658,1.0,dynamics_h_0p02_stage_2,ok,2b0a25edaba13f9bb4eae0a84a065effa6848903405ea8fc1871d85b581b5ff9,shallow_m0256_r2,validation_or_superseded
2,shallow,final_geometry_v15_20260930,4327fe4ece9317f6fd20fad18389a71e9b1f423b,32,0.012174781988938626,0.037055916482681826,True,0.027224657648324352,2055.1473363945197,2049.9879843706863,4826.647907400925,aed4bd6a5c3abe2abe94e1a0dcd43892f55e5d104279a60b38c992085443150d,0,True,,312,51199,full_posterior,256,0.019553270325010357,0.01969971981863149,128,q_W,q_W,8448,2,1.000342705586035,1,1.009898357985713,1.0,dynamics_h_0p02_stage_2,ok,2b0a25edaba13f9bb4eae0a84a065effa6848903405ea8fc1871d85b581b5ff9,shallow_m0256_r2,validation_or_superseded
2,shallow,final_geometry_v15_20260930,4327fe4ece9317f6fd20fad18389a71e9b1f423b,32,1.0321538094684228,0.002522334288068008,True,1.0296572817211418,4103.297277727718,4110.260025421018,9663.586176012173,aed4bd6a5c3abe2abe94e1a0dcd43892f55e5d104279a60b38c992085443150d,0,True,,138,51199,full_posterior,256,0.0012836557014587605,1.0309055455947824,128,disp_A,disp_A,8448,2,1.000718949566201,1,0.08806910957349279,1.0,dynamics_h_0p02_stage_2,ok,2b0a25edaba13f9bb4eae0a84a065effa6848903405ea8fc1871d85b581b5ff9,shallow_m0256_r2,validation_or_superseded
2,shallow,final_geometry_v15_20260930,4327fe4ece9317f6fd20fad18389a71e9b1f423b,32,0.9997260186500557,0.00045374921421547455,True,0.9999299776304429,4092.0514132097305,4076.639332657439,9053.543316577809,aed4bd6a5c3abe2abe94e1a0dcd43892f55e5d104279a60b38c992085443150d,0,True,,284,51199,full_posterior,256,0.00023645273136725686,0.9998279981402491,128,disp_W1,disp_W1,8448,2,1.0006973268587722,1,0.01567733222709568,1.0,dynamics_h_0p02_stage_2,ok,2b0a25edaba13f9bb4eae0a84a065effa6848903405ea8fc1871d85b581b5ff9,shallow_m0256_r2,validation_or_superseded
2,shallow,final_geometry_v15_20260930,4327fe4ece9317f6fd20fad18389a71e9b1f423b,32,70.16135179631064,0.0908528676988147,True,70.15544224426236,5647.375154074033,5657.90875292161,13672.801084630055,e2017cad3b17a071ee7b7614968ab2408d9b37eae47773c2035786756e05b49f,0,True,,194,102399,full_posterior,1024,0.04804715884750207,70.1583970202865,128,V,V,33792,0,1.0005917356291913,1,3.825551841103354,1.0,dynamics_h_0p01_stage_2,ok,02cdf7a9fb4a8ebea158d555e3da7f259fe2d98afd52f242938d3e8f57697d6a,shallow_m1024_r0,production_final
2,shallow,final_geometry_v15_20260930,4327fe4ece9317f6fd20fad18389a71e9b1f423b,32,16967.42352513887,3.497365169983067,True,16968.669177249823,4091.102701001058,4091.6143803796635,9028.1045427474,e2017cad3b17a071ee7b7614968ab2408d9b37eae47773c2035786756e05b49f,0,True,,408,102399,full_posterior,1024,1.819090378891615,16968.04635119435,128,U,U,33792,0,1.0013870536972131,1,127.58181665679595,1.0,dynamics_h_0p01_stage_2,ok,02cdf7a9fb4a8ebea158d555e3da7f259fe2d98afd52f242938d3e8f57697d6a,shallow_m1024_r0,production_final
2,shallow,final_geometry_v15_20260930,4327fe4ece9317f6fd20fad18389a71e9b1f423b,32,1.2150694761887875,0.013915301666786539,True,1.221273853894013,4426.518885432608,4434.6192962331415,10352.168989784384,e2017cad3b17a071ee7b7614968ab2408d9b37eae47773c2035786756e05b49f,0,True,,654,102399,full_posterior,1024,0.007311594346683316,1.2181716650414005,128,train_logit_0,train_logit_0,33792,0,1.0017129934622004,1,0.551852127077014,1.0,dynamics_h_0p01_stage_2,ok,02cdf7a9fb4a8ebea158d555e3da7f259fe2d98afd52f242938d3e8f57697d6a,shallow_m1024_r0,production_final
2,shallow,final_geometry_v15_20260930,4327fe4ece9317f6fd20fad18389a71e9b1f423b,32,0.011555101989635566,0.012981547001088964,True,-0.01105375723263566,5365.604701315129,5357.881062676948,12694.6308940193,e2017cad3b17a071ee7b7614968ab2408d9b37eae47773c2035786756e05b49f,0,True,,306,102399,full_posterior,1024,0.006758162758563462,0.00025067237849995345,128,train_logit_16,train_logit_16,33792,0,1.0013633023096349,1,0.530478576716894,1.0,dynamics_h_0p01_stage_2,ok,02cdf7a9fb4a8ebea158d555e3da7f259fe2d98afd52f242938d3e8f57697d6a,shallow_m1024_r0,production_final
2,shallow,final_geometry_v15_20260930,4327fe4ece9317f6fd20fad18389a71e9b1f423b,32,0.6847752824102664,0.014304401957826425,True,0.7160382408647966,4489.676428175562,4473.178518114716,10733.677513423547,e2017cad3b17a071ee7b7614968ab2408d9b37eae47773c2035786756e05b49f,0,True,,604,102399,full_posterior,1024,0.007549646219834382,0.7004067616375315,128,train_logit_32,train_logit_32,33792,0,1.00133426547261,1,0.556087977427718,1.0,dynamics_h_0p01_stage_2,ok,02cdf7a9fb4a8ebea158d555e3da7f259fe2d98afd52f242938d3e8f57697d6a,shallow_m1024_r0,production_final
2,shallow,final_geometry_v15_20260930,4327fe4ece9317f6fd20fad18389a71e9b1f423b,32,0.557794208214721,0.014060428008630877,True,0.5535233117043235,4683.141779234862,4665.285293747579,10959.213073566696,e2017cad3b17a071ee7b7614968ab2408d9b37eae47773c2035786756e05b49f,0,True,,396,102399,full_posterior,1024,0.007240918651592589,0.5556587599595224,128,train_logit_48,train_logit_48,33792,0,1.0003257417392832,1,0.5542136974808647,1.0,dynamics_h_0p01_stage_2,ok,02cdf7a9fb4a8ebea158d555e3da7f259fe2d98afd52f242938d3e8f57697d6a,shallow_m1024_r0,production_final
2,shallow,final_geometry_v15_20260930,4327fe4ece9317f6fd20fad18389a71e9b1f423b,32,0.7787171795933296,0.013403752274909258,True,0.7741011902060023,4961.364550211452,4936.6148911742985,10849.087850993443,e2017cad3b17a071ee7b7614968ab2408d9b37eae47773c2035786756e05b49f,0,True,,552,102399,full_posterior,1024,0.006927572380559929,0.7764091848996659,128,train_logit_64,train_logit_64,33792,0,1.0004352291799596,1,0.5409111000521709,1.0,dynamics_h_0p01_stage_2,ok,02cdf7a9fb4a8ebea158d555e3da7f259fe2d98afd52f242938d3e8f57697d6a,shallow_m1024_r0,production_final
2,shallow,final_geometry_v15_20260930,4327fe4ece9317f6fd20fad18389a71e9b1f423b,32,-1.0909155441995873,0.01462958487605047,True,-1.1000748586161806,4530.19328140743,4521.620561353701,10848.71238694432,e2017cad3b17a071ee7b7614968ab2408d9b37eae47773c2035786756e05b49f,0,True,,268,102399,full_posterior,1024,0.007707599056648154,-1.0954952014078843,128,train_logit_80,train_logit_80,33792,0,1.0009992987966618,1,0.5641630785773992,1.0,dynamics_h_0p01_stage_2,ok,02cdf7a9fb4a8ebea158d555e3da7f259fe2d98afd52f242938d3e8f57697d6a,shallow_m1024_r0,production_final
2,shallow,final_geometry_v15_20260930,4327fe4ece9317f6fd20fad18389a71e9b1f423b,32,0.7577982131788492,0.014152945871518977,True,0.7403135126684495,4808.924724635133,4796.897836518075,10697.371846588407,e2017cad3b17a071ee7b7614968ab2408d9b37eae47773c2035786756e05b49f,0,True,,318,102399,full_posterior,1024,0.007448094055118238,0.7490558629236495,128,train_logit_96,train_logit_96,33792,0,1.0009372025038847,1,0.5578072407591437,1.0,dynamics_h_0p01_stage_2,ok,02cdf7a9fb4a8ebea158d555e3da7f259fe2d98afd52f242938d3e8f57697d6a,shallow_m1024_r0,production_final
2,shallow,final_geometry_v15_20260930,4327fe4ece9317f6fd20fad18389a71e9b1f423b,32,0.3531866930418275,0.013002780635484745,True,0.32546077056673184,5195.3611866734755,5196.530410646029,12369.756957921976,e2017cad3b17a071ee7b7614968ab2408d9b37eae47773c2035786756e05b49f,0,True,,312,102399,full_posterior,1024,0.006789931576352901,0.3393237318042797,128,train_logit_112,train_logit_112,33792,0,1.0012876371238173,1,0.5312743808361124,1.0,dynamics_h_0p01_stage_2,ok,02cdf7a9fb4a8ebea158d555e3da7f259fe2d98afd52f242938d3e8f57697d6a,shallow_m1024_r0,production_final
2,shallow,final_geometry_v15_20260930,4327fe4ece9317f6fd20fad18389a71e9b1f423b,32,0.5179203455563948,0.004728683185666713,True,0.5192060629694512,4347.368413289875,4402.0664622464565,9709.917747314423,e2017cad3b17a071ee7b7614968ab2408d9b37eae47773c2035786756e05b49f,0,True,,378,102399,full_posterior,1024,0.0024779418047223252,0.518563204262923,128,test_prob_0,test_prob_0,33792,0,1.000717280260121,1,0.18052910765093877,1.0,dynamics_h_0p01_stage_2,ok,02cdf7a9fb4a8ebea158d555e3da7f259fe2d98afd52f242938d3e8f57697d6a,shallow_m1024_r0,production_final
2,shallow,final_geometry_v15_20260930,4327fe4ece9317f6fd20fad18389a71e9b1f423b,32,0.644992984924632,0.004510141196109399,True,0.6426172961661778,4471.399081598536,4572.190226291341,9744.36436245819,e2017cad3b17a071ee7b7614968ab2408d9b37eae47773c2035786756e05b49f,0,True,,284,102399,full_posterior,1024,0.002306526174512403,0.6438051405454049,128,test_prob_128,test_prob_128,33792,0,1.0010977783714818,1,0.17114116184809858,1.0,dynamics_h_0p01_stage_2,ok,02cdf7a9fb4a8ebea158d555e3da7f259fe2d98afd52f242938d3e8f57697d6a,shallow_m1024_r0,production_final
2,shallow,final_geometry_v15_20260930,4327fe4ece9317f6fd20fad18389a71e9b1f423b,32,0.7162862527599354,0.0038255170991826847,True,0.7079556474300067,4491.426396798416,4624.652457742332,10896.90511902056,e2017cad3b17a071ee7b7614968ab2408d9b37eae47773c2035786756e05b49f,0,True,,444,102399,full_posterior,1024,0.0019856080280826775,0.712120950094971,128,test_prob_256,test_prob_256,33792,0,1.0008949398598879,1,0.1493812798504712,1.0,dynamics_h_0p01_stage_2,ok,02cdf7a9fb4a8ebea158d555e3da7f259fe2d98afd52f242938d3e8f57697d6a,shallow_m1024_r0,production_final
2,shallow,final_geometry_v15_20260930,4327fe4ece9317f6fd20fad18389a71e9b1f423b,32,0.2989938877036337,0.003998107797223376,True,0.29820217977642177,4694.27322122738,4775.6873845749415,10865.973587307904,e2017cad3b17a071ee7b7614968ab2408d9b37eae47773c2035786756e05b49f,0,True,,296,102399,full_posterior,1024,0.0021041076286703207,0.29859803374002764,128,test_prob_384,test_prob_384,33792,0,1.0005579657735855,1,0.15694332964195085,1.0,dynamics_h_0p01_stage_2,ok,02cdf7a9fb4a8ebea158d555e3da7f259fe2d98afd52f242938d3e8f57697d6a,shallow_m1024_r0,production_final
2,shallow,final_geometry_v15_20260930,4327fe4ece9317f6fd20fad18389a71e9b1f423b,32,0.6445413411168383,0.0043347097474533205,True,0.6489183974410736,4296.2762933668955,4381.419146584967,11082.099274357703,e2017cad3b17a071ee7b7614968ab2408d9b37eae47773c2035786756e05b49f,0,True,,356,102399,full_posterior,1024,0.0022872413106489096,0.6467298692789558,128,test_prob_512,test_prob_512,33792,0,1.0011489546100196,1,0.1676900700128752,1.0,dynamics_h_0p01_stage_2,ok,02cdf7a9fb4a8ebea158d555e3da7f259fe2d98afd52f242938d3e8f57697d6a,shallow_m1024_r0,production_final
2,shallow,final_geometry_v15_20260930,4327fe4ece9317f6fd20fad18389a71e9b1f423b,32,0.3539986358174976,0.004293324841708124,True,0.34484199908235236,4039.2898057338607,4152.664831135924,10802.938843283137,e2017cad3b17a071ee7b7614968ab2408d9b37eae47773c2035786756e05b49f,0,True,,572,102399,full_posterior,1024,0.0022635989775256714,0.34942031744992486,128,test_prob_640,test_prob_640,33792,0,1.0009422789305416,1,0.16539117390982364,1.0,dynamics_h_0p01_stage_2,ok,02cdf7a9fb4a8ebea158d555e3da7f259fe2d98afd52f242938d3e8f57697d6a,shallow_m1024_r0,production_final
2,shallow,final_geometry_v15_20260930,4327fe4ece9317f6fd20fad18389a71e9b1f423b,32,0.5075037247896274,0.004657144980091642,True,0.5047416674809999,4124.82842815393,4141.99589828124,9939.83792762923,e2017cad3b17a071ee7b7614968ab2408d9b37eae47773c2035786756e05b49f,0,True,,432,102399,full_posterior,1024,0.0024291300599664552,0.5061226961353134,128,test_prob_768,test_prob_768,33792,0,1.0005860719468804,1,0.17882323453415344,1.0,dynamics_h_0p01_stage_2,ok,02cdf7a9fb4a8ebea158d555e3da7f259fe2d98afd52f242938d3e8f57697d6a,shallow_m1024_r0,production_final
2,shallow,final_geometry_v15_20260930,4327fe4ece9317f6fd20fad18389a71e9b1f423b,32,0.5076011264390431,0.004671419336179278,True,0.5088321179248227,4613.65491376184,4653.095608950016,10456.499125981585,e2017cad3b17a071ee7b7614968ab2408d9b37eae47773c2035786756e05b49f,0,True,,336,102399,full_posterior,1024,0.002433622483828406,0.508216622181933,128,test_prob_896,test_prob_896,33792,0,1.0003643615432407,1,0.18078810867373254,1.0,dynamics_h_0p01_stage_2,ok,02cdf7a9fb4a8ebea158d555e3da7f259fe2d98afd52f242938d3e8f57697d6a,shallow_m1024_r0,production_final
2,shallow,final_geometry_v15_20260930,4327fe4ece9317f6fd20fad18389a71e9b1f423b,32,0.02027598126665796,0.017337462176660896,True,0.020357910682650977,3944.3352506614942,3715.119000520049,6191.2344490565365,e2017cad3b17a071ee7b7614968ab2408d9b37eae47773c2035786756e05b49f,0,True,,584,102399,full_posterior,1024,0.009077464950436766,0.020316945974654478,128,interaction_0,interaction_0,33792,0,1.0008013528776984,1,0.6298758288578872,1.0,dynamics_h_0p01_stage_2,ok,02cdf7a9fb4a8ebea158d555e3da7f259fe2d98afd52f242938d3e8f57697d6a,shallow_m1024_r0,production_final
2,shallow,final_geometry_v15_20260930,4327fe4ece9317f6fd20fad18389a71e9b1f423b,32,0.0019577521768049146,0.017629162832577015,True,-0.0083156132878972,4247.424103066374,4084.23580631083,6331.721437908918,e2017cad3b17a071ee7b7614968ab2408d9b37eae47773c2035786756e05b49f,0,True,,312,102399,full_posterior,1024,0.009105205347991705,-0.0031789305555461433,128,interaction_1,interaction_1,33792,0,1.0002216237398842,1,0.6365364255714143,1.0,dynamics_h_0p01_stage_2,ok,02cdf7a9fb4a8ebea158d555e3da7f259fe2d98afd52f242938d3e8f57697d6a,shallow_m1024_r0,production_final
2,shallow,final_geometry_v15_20260930,4327fe4ece9317f6fd20fad18389a71e9b1f423b,32,0.015448477395195958,0.017164903850738007,True,-0.00419431624300024,4368.139404786692,4210.457356292003,6925.343947100192,e2017cad3b17a071ee7b7614968ab2408d9b37eae47773c2035786756e05b49f,0,True,,320,102399,full_posterior,1024,0.008920449895209792,0.005627080576097859,128,interaction_2,interaction_2,33792,0,1.0004386076913823,1,0.6235814795793572,1.0,dynamics_h_0p01_stage_2,ok,02cdf7a9fb4a8ebea158d555e3da7f259fe2d98afd52f242938d3e8f57697d6a,shallow_m1024_r0,production_final
2,shallow,final_geometry_v15_20260930,4327fe4ece9317f6fd20fad18389a71e9b1f423b,32,0.017289667363303615,0.0172146510559738,True,0.02395277047440986,4401.857210450426,4283.651477524742,6962.090110608961,e2017cad3b17a071ee7b7614968ab2408d9b37eae47773c2035786756e05b49f,0,True,,244,102399,full_posterior,1024,0.008996030648732344,0.020621218918856744,128,interaction_3,interaction_3,33792,0,1.0009445622090922,1,0.6296451868148901,1.0,dynamics_h_0p01_stage_2,ok,02cdf7a9fb4a8ebea158d555e3da7f259fe2d98afd52f242938d3e8f57697d6a,shallow_m1024_r0,production_final
2,shallow,final_geometry_v15_20260930,4327fe4ece9317f6fd20fad18389a71e9b1f423b,32,-0.1344192938511574,0.03382327369476266,True,-0.13123754093574036,1752.3968270184944,1751.5257882305384,4560.926731456698,e2017cad3b17a071ee7b7614968ab2408d9b37eae47773c2035786756e05b49f,0,True,,1340,102399,full_posterior,1024,0.018442079942524798,-0.13282841739344886,128,q_A,q_A,33792,0,1.0016644308950675,1,0.998912408763348,1.0,dynamics_h_0p01_stage_2,ok,02cdf7a9fb4a8ebea158d555e3da7f259fe2d98afd52f242938d3e8f57697d6a,shallow_m1024_r0,production_final
2,shallow,final_geometry_v15_20260930,4327fe4ece9317f6fd20fad18389a71e9b1f423b,32,-0.019739300971123645,0.03398089281581361,True,0.0038791228831005554,1934.1845640149575,1911.0118405868782,4486.949877571186,e2017cad3b17a071ee7b7614968ab2408d9b37eae47773c2035786756e05b49f,0,True,,1188,102399,full_posterior,1024,0.01833865200306412,-0.007930089044011544,128,q_W,q_W,33792,0,1.0017531313602472,1,0.9866505690874321,1.0,dynamics_h_0p01_stage_2,ok,02cdf7a9fb4a8ebea158d555e3da7f259fe2d98afd52f242938d3e8f57697d6a,shallow_m1024_r0,production_final
2,shallow,final_geometry_v15_20260930,4327fe4ece9317f6fd20fad18389a71e9b1f423b,32,1.005086404841468,0.0012090221713964532,True,1.004119789774023,4378.142520277855,4379.779541123971,9183.860620415951,e2017cad3b17a071ee7b7614968ab2408d9b37eae47773c2035786756e05b49f,0,True,,172,102399,full_posterior,1024,0.0006231722292103128,1.0046030973077453,128,disp_A,disp_A,33792,0,1.001306279970804,1,0.04430857151681844,1.0,dynamics_h_0p01_stage_2,ok,02cdf7a9fb4a8ebea158d555e3da7f259fe2d98afd52f242938d3e8f57697d6a,shallow_m1024_r0,production_final
2,shallow,final_geometry_v15_20260930,4327fe4ece9317f6fd20fad18389a71e9b1f423b,32,0.9999180867958821,0.00021105545845711993,True,1.0000246827783974,4085.2577175627853,4085.1236869611066,8953.88337979491,e2017cad3b17a071ee7b7614968ab2408d9b37eae47773c2035786756e05b49f,0,True,,402,102399,full_posterior,1024,0.00010975231173142547,0.9999713847871398,128,disp_W1,disp_W1,33792,0,1.0012461492572213,1,0.00767382232443595,1.0,dynamics_h_0p01_stage_2,ok,02cdf7a9fb4a8ebea158d555e3da7f259fe2d98afd52f242938d3e8f57697d6a,shallow_m1024_r0,production_final
2,shallow,final_geometry_v15_20260930,4327fe4ece9317f6fd20fad18389a71e9b1f423b,32,70.06856809533453,0.13267206414649604,True,70.18878854850112,2453.189701343111,2469.3186870405825,6086.551770173615,695649e43e92a5dbc72c5f5af66436d0d716e4fe75d84666ec8b9ea7e35cc7e1,0,True,,164,25599,full_posterior,1024,0.07063010528333451,70.12867832191783,128,V,V,33792,0,1.0011531157284035,1,3.8354697259046473,1.0,dynamics_h_0p02_stage_1,ok,02cdf7a9fb4a8ebea158d555e3da7f259fe2d98afd52f242938d3e8f57697d6a,shallow_m1024_r0,validation_or_superseded
2,shallow,final_geometry_v15_20260930,4327fe4ece9317f6fd20fad18389a71e9b1f423b,32,16972.229621916085,5.214936222875451,True,16963.2513736625,1994.1749117921115,1992.981710219643,3973.98353486862,695649e43e92a5dbc72c5f5af66436d0d716e4fe75d84666ec8b9ea7e35cc7e1,0,True,,108,25599,full_posterior,1024,2.6735161226246267,16967.740497789295,128,U,U,33792,0,1.0031067980119488,1,130.2953636314497,1.0,dynamics_h_0p02_stage_1,ok,02cdf7a9fb4a8ebea158d555e3da7f259fe2d98afd52f242938d3e8f57697d6a,shallow_m1024_r0,validation_or_superseded
2,shallow,final_geometry_v15_20260930,4327fe4ece9317f6fd20fad18389a71e9b1f423b,32,1.2176627430120524,0.019287718191749247,True,1.2032910399224164,2612.1126305300177,2623.0382089444006,6432.773087174283,695649e43e92a5dbc72c5f5af66436d0d716e4fe75d84666ec8b9ea7e35cc7e1,0,True,,202,25599,full_posterior,1024,0.009993882323903925,1.2104768914672346,128,train_logit_0,train_logit_0,33792,0,1.0018072310238428,1,0.5456752973825612,1.0,dynamics_h_0p02_stage_1,ok,02cdf7a9fb4a8ebea158d555e3da7f259fe2d98afd52f242938d3e8f57697d6a,shallow_m1024_r0,validation_or_superseded
2,shallow,final_geometry_v15_20260930,4327fe4ece9317f6fd20fad18389a71e9b1f423b,32,0.002324026647416483,0.01876869199674538,True,-0.029607189657757133,2484.361602175464,2488.1733030442438,5313.713463199912,695649e43e92a5dbc72c5f5af66436d0d716e4fe75d84666ec8b9ea7e35cc7e1,0,True,,152,25599,full_posterior,1024,0.009798139851005432,-0.013641581505170324,128,train_logit_16,train_logit_16,33792,0,1.0019720367244258,1,0.5370537819662602,1.0,dynamics_h_0p02_stage_1,ok,02cdf7a9fb4a8ebea158d555e3da7f259fe2d98afd52f242938d3e8f57697d6a,shallow_m1024_r0,validation_or_superseded
2,shallow,final_geometry_v15_20260930,4327fe4ece9317f6fd20fad18389a71e9b1f423b,32,0.7220068368986502,0.020426919428572464,True,0.7224041869726637,2320.345170064525,2320.5924182008157,5502.104904548921,695649e43e92a5dbc72c5f5af66436d0d716e4fe75d84666ec8b9ea7e35cc7e1,0,True,,174,25599,full_posterior,1024,0.010429121150861618,0.722205511935657,128,train_logit_32,train_logit_32,33792,0,1.0025052900289395,1,0.5594468657277774,1.0,dynamics_h_0p02_stage_1,ok,02cdf7a9fb4a8ebea158d555e3da7f259fe2d98afd52f242938d3e8f57697d6a,shallow_m1024_r0,validation_or_superseded
2,shallow,final_geometry_v15_20260930,4327fe4ece9317f6fd20fad18389a71e9b1f423b,32,0.5581343680597622,0.020485408691164327,True,0.551172968730683,2165.9249898255566,2163.081379111715,5279.603158637123,695649e43e92a5dbc72c5f5af66436d0d716e4fe75d84666ec8b9ea7e35cc7e1,0,True,,278,25599,full_posterior,1024,0.010705063032252087,0.5546536683952227,128,train_logit_48,train_logit_48,33792,0,1.002380986926568,1,0.562117139845908,1.0,dynamics_h_0p02_stage_1,ok,02cdf7a9fb4a8ebea158d555e3da7f259fe2d98afd52f242938d3e8f57697d6a,shallow_m1024_r0,validation_or_superseded
2,shallow,final_geometry_v15_20260930,4327fe4ece9317f6fd20fad18389a71e9b1f423b,32,0.788179948418279,0.018641793339042312,True,0.7979290016683143,2493.6220143328173,2500.439046281818,6289.916542267157,695649e43e92a5dbc72c5f5af66436d0d716e4fe75d84666ec8b9ea7e35cc7e1,0,True,,196,25599,full_posterior,1024,0.009755533770488555,0.7930544750432966,128,train_logit_64,train_logit_64,33792,0,1.0005385493771515,1,0.5355439957221694,1.0,dynamics_h_0p02_stage_1,ok,02cdf7a9fb4a8ebea158d555e3da7f259fe2d98afd52f242938d3e8f57697d6a,shallow_m1024_r0,validation_or_superseded
2,shallow,final_geometry_v15_20260930,4327fe4ece9317f6fd20fad18389a71e9b1f423b,32,-1.1223986629780847,0.020795188121090734,True,-1.1038160208658652,2166.5775414839236,2160.61279498872,4388.161939891844,695649e43e92a5dbc72c5f5af66436d0d716e4fe75d84666ec8b9ea7e35cc7e1,0,True,,168,25599,full_posterior,1024,0.011127972552032121,-1.113107341921975,128,train_logit_80,train_logit_80,33792,0,1.0009227934593843,1,0.5639114859942203,1.0,dynamics_h_0p02_stage_1,ok,02cdf7a9fb4a8ebea158d555e3da7f259fe2d98afd52f242938d3e8f57697d6a,shallow_m1024_r0,validation_or_superseded
2,shallow,final_geometry_v15_20260930,4327fe4ece9317f6fd20fad18389a71e9b1f423b,32,0.7594629019346963,0.020530697524888446,True,0.7552098420645411,2310.709144477375,2310.961487598777,5368.71183963841,695649e43e92a5dbc72c5f5af66436d0d716e4fe75d84666ec8b9ea7e35cc7e1,0,True,,150,25599,full_posterior,1024,0.010740793936442172,0.7573363719996187,128,train_logit_96,train_logit_96,33792,0,1.0004168189742029,1,0.5575208418695604,1.0,dynamics_h_0p02_stage_1,ok,02cdf7a9fb4a8ebea158d555e3da7f259fe2d98afd52f242938d3e8f57697d6a,shallow_m1024_r0,validation_or_superseded
2,shallow,final_geometry_v15_20260930,4327fe4ece9317f6fd20fad18389a71e9b1f423b,32,0.32741939120547775,0.018505396140889644,True,0.3235163567178974,2626.604933683432,2626.7906468436418,6036.19402345021,695649e43e92a5dbc72c5f5af66436d0d716e4fe75d84666ec8b9ea7e35cc7e1,0,True,,138,25599,full_posterior,1024,0.00959096750062751,0.3254678739616877,128,train_logit_112,train_logit_112,33792,0,1.0009855091425657,1,0.5326079792915314,1.0,dynamics_h_0p02_stage_1,ok,02cdf7a9fb4a8ebea158d555e3da7f259fe2d98afd52f242938d3e8f57697d6a,shallow_m1024_r0,validation_or_superseded
2,shallow,final_geometry_v15_20260930,4327fe4ece9317f6fd20fad18389a71e9b1f423b,32,0.5174729141322505,0.006942659371312775,True,0.5135234870417681,2092.1608439430674,2073.546990284473,5420.175798191649,695649e43e92a5dbc72c5f5af66436d0d716e4fe75d84666ec8b9ea7e35cc7e1,0,True,,170,25599,full_posterior,1024,0.0036276054169115174,0.5154982005870093,128,test_prob_0,test_prob_0,33792,0,1.0009383552737119,1,0.18197726349704452,1.0,dynamics_h_0p02_stage_1,ok,02cdf7a9fb4a8ebea158d555e3da7f259fe2d98afd52f242938d3e8f57697d6a,shallow_m1024_r0,validation_or_superseded
2,shallow,final_geometry_v15_20260930,4327fe4ece9317f6fd20fad18389a71e9b1f423b,32,0.6484608940844416,0.006431233558820273,True,0.6453705573384363,1631.11547821515,1670.4515029653435,4742.175349463706,695649e43e92a5dbc72c5f5af66436d0d716e4fe75d84666ec8b9ea7e35cc7e1,0,True,,444,25599,full_posterior,1024,0.0034439835483988227,0.646915725711439,128,test_prob_128,test_prob_128,33792,0,1.0024751531535654,1,0.1693044760744535,1.0,dynamics_h_0p02_stage_1,ok,02cdf7a9fb4a8ebea158d555e3da7f259fe2d98afd52f242938d3e8f57697d6a,shallow_m1024_r0,validation_or_superseded
2,shallow,final_geometry_v15_20260930,4327fe4ece9317f6fd20fad18389a71e9b1f423b,32,0.7148701363445634,0.005697373381966591,True,0.7021392906874911,2045.35251678881,2065.653240831859,4564.192263080572,695649e43e92a5dbc72c5f5af66436d0d716e4fe75d84666ec8b9ea7e35cc7e1,0,True,,202,25599,full_posterior,1024,0.0030179048733151165,0.7085047135160271,128,test_prob_256,test_prob_256,33792,0,1.0017203355720457,1,0.15348932434274776,1.0,dynamics_h_0p02_stage_1,ok,02cdf7a9fb4a8ebea158d555e3da7f259fe2d98afd52f242938d3e8f57697d6a,shallow_m1024_r0,validation_or_superseded
2,shallow,final_geometry_v15_20260930,4327fe4ece9317f6fd20fad18389a71e9b1f423b,32,0.3013615493457749,0.0060726664655962985,True,0.2972098756783854,2126.5356285463463,2188.5347563766322,5093.279666640525,695649e43e92a5dbc72c5f5af66436d0d716e4fe75d84666ec8b9ea7e35cc7e1,0,True,,122,25599,full_posterior,1024,0.0031530293122514516,0.29928571251208014,128,test_prob_384,test_prob_384,33792,0,1.0014158845793195,1,0.1596549576503586,1.0,dynamics_h_0p02_stage_1,ok,02cdf7a9fb4a8ebea158d555e3da7f259fe2d98afd52f242938d3e8f57697d6a,shallow_m1024_r0,validation_or_superseded
2,shallow,final_geometry_v15_20260930,4327fe4ece9317f6fd20fad18389a71e9b1f423b,32,0.6469283606375353,0.006141379883668895,True,0.6494849037538225,2223.0961804875164,2239.7513277930925,4776.034499446206,695649e43e92a5dbc72c5f5af66436d0d716e4fe75d84666ec8b9ea7e35cc7e1,0,True,,196,25599,full_posterior,1024,0.0031973343544996146,0.6482066321956789,128,test_prob_512,test_prob_512,33792,0,1.001877933824754,1,0.16568702238779692,1.0,dynamics_h_0p02_stage_1,ok,02cdf7a9fb4a8ebea158d555e3da7f259fe2d98afd52f242938d3e8f57697d6a,shallow_m1024_r0,validation_or_superseded
2,shallow,final_geometry_v15_20260930,4327fe4ece9317f6fd20fad18389a71e9b1f423b,32,0.3546642717246944,0.0061951255909922015,True,0.3445652360761926,2099.536704360245,2217.5468972834947,4422.622694065743,695649e43e92a5dbc72c5f5af66436d0d716e4fe75d84666ec8b9ea7e35cc7e1,0,True,,240,25599,full_posterior,1024,0.0032385396360609035,0.3496147539004435,128,test_prob_640,test_prob_640,33792,0,1.001962252708665,1,0.16510093550370758,1.0,dynamics_h_0p02_stage_1,ok,02cdf7a9fb4a8ebea158d555e3da7f259fe2d98afd52f242938d3e8f57697d6a,shallow_m1024_r0,validation_or_superseded
2,shallow,final_geometry_v15_20260930,4327fe4ece9317f6fd20fad18389a71e9b1f423b,32,0.5052852863824348,0.006632894802477285,True,0.5072929520713023,2272.594402193492,2308.7209487097757,4984.558733866617,695649e43e92a5dbc72c5f5af66436d0d716e4fe75d84666ec8b9ea7e35cc7e1,0,True,,114,25599,full_posterior,1024,0.0035300638420824623,0.5062891192268684,128,test_prob_768,test_prob_768,33792,0,1.0025353884857686,1,0.18003097250391545,1.0,dynamics_h_0p02_stage_1,ok,02cdf7a9fb4a8ebea158d555e3da7f259fe2d98afd52f242938d3e8f57697d6a,shallow_m1024_r0,validation_or_superseded
2,shallow,final_geometry_v15_20260930,4327fe4ece9317f6fd20fad18389a71e9b1f423b,32,0.5037390221774275,0.006799463354691348,True,0.5123317012384505,2120.186777026753,2115.1454918214995,5378.998463691746,695649e43e92a5dbc72c5f5af66436d0d716e4fe75d84666ec8b9ea7e35cc7e1,0,True,,142,25599,full_posterior,1024,0.0035523224079280816,0.5080353617079391,128,test_prob_896,test_prob_896,33792,0,1.001354352736518,1,0.1819588301061896,1.0,dynamics_h_0p02_stage_1,ok,02cdf7a9fb4a8ebea158d555e3da7f259fe2d98afd52f242938d3e8f57697d6a,shallow_m1024_r0,validation_or_superseded
2,shallow,final_geometry_v15_20260930,4327fe4ece9317f6fd20fad18389a71e9b1f423b,32,0.0559683956984288,0.02467495072314722,True,-0.010877792965464865,1959.5113192070878,1873.4263315894273,2863.9792205639847,695649e43e92a5dbc72c5f5af66436d0d716e4fe75d84666ec8b9ea7e35cc7e1,0,True,,184,25599,full_posterior,1024,0.013204299634568047,0.022545301366481963,128,interaction_0,interaction_0,33792,0,1.0036928119269195,1,0.636704964403943,1.0,dynamics_h_0p02_stage_1,ok,02cdf7a9fb4a8ebea158d555e3da7f259fe2d98afd52f242938d3e8f57697d6a,shallow_m1024_r0,validation_or_superseded
2,shallow,final_geometry_v15_20260930,4327fe4ece9317f6fd20fad18389a71e9b1f423b,32,-0.012731584914840832,0.023652750831853885,True,-0.00022779993657872478,2381.7567018825207,2278.1365460369507,3491.5091843023856,695649e43e92a5dbc72c5f5af66436d0d716e4fe75d84666ec8b9ea7e35cc7e1,0,True,,96,25599,full_posterior,1024,0.012838392365127588,-0.006479692425709778,128,interaction_1,interaction_1,33792,0,1.0019347195953352,1,0.633876818287647,1.0,dynamics_h_0p02_stage_1,ok,02cdf7a9fb4a8ebea158d555e3da7f259fe2d98afd52f242938d3e8f57697d6a,shallow_m1024_r0,validation_or_superseded
2,shallow,final_geometry_v15_20260930,4327fe4ece9317f6fd20fad18389a71e9b1f423b,32,0.05430558942991323,0.02302145265789124,True,0.02531692906099711,2448.3183161721104,2360.3994230693716,3747.204337520608,695649e43e92a5dbc72c5f5af66436d0d716e4fe75d84666ec8b9ea7e35cc7e1,0,True,,92,25599,full_posterior,1024,0.011824828719401954,0.03981125924545517,128,interaction_2,interaction_2,33792,0,1.0013756610634854,1,0.616435801810448,1.0,dynamics_h_0p02_stage_1,ok,02cdf7a9fb4a8ebea158d555e3da7f259fe2d98afd52f242938d3e8f57697d6a,shallow_m1024_r0,validation_or_superseded
2,shallow,final_geometry_v15_20260930,4327fe4ece9317f6fd20fad18389a71e9b1f423b,32,0.01484461731467296,0.024126914774834148,True,-0.0022793046983875733,2150.357715087835,2075.4856673737436,3110.8676076077427,695649e43e92a5dbc72c5f5af66436d0d716e4fe75d84666ec8b9ea7e35cc7e1,0,True,,310,25599,full_posterior,1024,0.012556827438271561,0.006282656308142693,128,interaction_3,interaction_3,33792,0,1.0024700559087092,1,0.6279626294502194,1.0,dynamics_h_0p02_stage_1,ok,02cdf7a9fb4a8ebea158d555e3da7f259fe2d98afd52f242938d3e8f57697d6a,shallow_m1024_r0,validation_or_superseded
2,shallow,final_geometry_v15_20260930,4327fe4ece9317f6fd20fad18389a71e9b1f423b,32,-0.19347026302616663,0.04693650962852683,True,-0.09569110832254328,1010.7692800236279,1008.2493353771551,2253.1992504280292,695649e43e92a5dbc72c5f5af66436d0d716e4fe75d84666ec8b9ea7e35cc7e1,0,True,,294,25599,full_posterior,1024,0.025885404807457265,-0.14458068567435495,128,q_A,q_A,33792,0,1.003959569694803,1,0.9738839026915167,1.0,dynamics_h_0p02_stage_1,ok,02cdf7a9fb4a8ebea158d555e3da7f259fe2d98afd52f242938d3e8f57697d6a,shallow_m1024_r0,validation_or_superseded
2,shallow,final_geometry_v15_20260930,4327fe4ece9317f6fd20fad18389a71e9b1f423b,32,-0.032453623035569625,0.0488153037438677,True,0.015607230285857372,1049.6659323874524,1044.1450772233798,2202.2594233285195,695649e43e92a5dbc72c5f5af66436d0d716e4fe75d84666ec8b9ea7e35cc7e1,0,True,,254,25599,full_posterior,1024,0.02604626990712962,-0.008423196374856126,128,q_W,q_W,33792,0,1.00522826309692,1,1.0039996949228023,1.0,dynamics_h_0p02_stage_1,ok,02cdf7a9fb4a8ebea158d555e3da7f259fe2d98afd52f242938d3e8f57697d6a,shallow_m1024_r0,validation_or_superseded
2,shallow,final_geometry_v15_20260930,4327fe4ece9317f6fd20fad18389a71e9b1f423b,32,1.0040732861252162,0.0018130720972349458,True,1.003375690005664,1946.9166250293933,1942.71147316026,4408.708552019206,695649e43e92a5dbc72c5f5af66436d0d716e4fe75d84666ec8b9ea7e35cc7e1,0,True,,140,25599,full_posterior,1024,0.0009429639053757341,1.00372448806544,128,disp_A,disp_A,33792,0,1.0012301454790697,1,0.04473372256243388,1.0,dynamics_h_0p02_stage_1,ok,02cdf7a9fb4a8ebea158d555e3da7f259fe2d98afd52f242938d3e8f57697d6a,shallow_m1024_r0,validation_or_superseded
2,shallow,final_geometry_v15_20260930,4327fe4ece9317f6fd20fad18389a71e9b1f423b,32,1.0002487506912012,0.0003143422065538334,True,0.9997152241107848,1962.2546328128306,1963.4672243037342,4094.100782286225,695649e43e92a5dbc72c5f5af66436d0d716e4fe75d84666ec8b9ea7e35cc7e1,0,True,,110,25599,full_posterior,1024,0.00016200890086549133,0.999981987400993,128,disp_W1,disp_W1,33792,0,1.0030007866122077,1,0.007840688690543334,1.0,dynamics_h_0p02_stage_1,ok,02cdf7a9fb4a8ebea158d555e3da7f259fe2d98afd52f242938d3e8f57697d6a,shallow_m1024_r0,validation_or_superseded
2,shallow,final_geometry_v15_20260930,4327fe4ece9317f6fd20fad18389a71e9b1f423b,32,56.54432621282049,0.10564257694540635,True,56.714820570079894,4783.128674453501,4820.168955233112,11494.992454445215,1ba5ed6b2d648eaf1fb0f8fdbee5782deaa8ea3260d998a4e873fcfd5e6d8eef,0,True,,312,102399,full_posterior,1024,0.05494256395435616,56.629573391450194,128,V,V,33792,1,1.0011049708812505,1,4.233757330730214,1.0,dynamics_h_0p01_stage_2,ok,75855771a1231e62e6e66f10e2f0fc9a96b653fa2c1e6c16aa05920b18f8825c,shallow_m1024_r1,production_final
2,shallow,final_geometry_v15_20260930,4327fe4ece9317f6fd20fad18389a71e9b1f423b,32,16955.911372035865,3.6732754174199447,True,16958.150872002745,4013.8471925210856,4014.131006167545,8367.454849504958,1ba5ed6b2d648eaf1fb0f8fdbee5782deaa8ea3260d998a4e873fcfd5e6d8eef,0,True,,262,102399,full_posterior,1024,1.9083762008092302,16957.0311220193,128,U,U,33792,1,1.0004581251162274,1,131.16690263513283,1.0,dynamics_h_0p01_stage_2,ok,75855771a1231e62e6e66f10e2f0fc9a96b653fa2c1e6c16aa05920b18f8825c,shallow_m1024_r1,production_final
2,shallow,final_geometry_v15_20260930,4327fe4ece9317f6fd20fad18389a71e9b1f423b,32,0.3965924049484708,0.01441080317365909,True,0.3875741709095528,4842.745334646954,4790.289644183557,11095.97298735588,1ba5ed6b2d648eaf1fb0f8fdbee5782deaa8ea3260d998a4e873fcfd5e6d8eef,0,True,,686,102399,full_posterior,1024,0.007470296363983534,0.3920832879290117,128,train_logit_0,train_logit_0,33792,1,1.0014280118836927,1,0.5616844319868529,1.0,dynamics_h_0p01_stage_2,ok,75855771a1231e62e6e66f10e2f0fc9a96b653fa2c1e6c16aa05920b18f8825c,shallow_m1024_r1,production_final
2,shallow,final_geometry_v15_20260930,4327fe4ece9317f6fd20fad18389a71e9b1f423b,32,0.8106709189429355,0.01335652452888333,True,0.8410161599016341,5087.418417127926,5080.839187464296,11503.152949469899,1ba5ed6b2d648eaf1fb0f8fdbee5782deaa8ea3260d998a4e873fcfd5e6d8eef,0,True,,302,102399,full_posterior,1024,0.006966577816515612,0.8258435394222847,128,train_logit_16,train_logit_16,33792,1,1.0008494944606852,1,0.5401152604205591,1.0,dynamics_h_0p01_stage_2,ok,75855771a1231e62e6e66f10e2f0fc9a96b653fa2c1e6c16aa05920b18f8825c,shallow_m1024_r1,production_final
2,shallow,final_geometry_v15_20260930,4327fe4ece9317f6fd20fad18389a71e9b1f423b,32,-0.11335594527386932,0.013744978897239527,True,-0.1109110394100832,5118.256398968555,5111.505596994187,12311.190663534644,1ba5ed6b2d648eaf1fb0f8fdbee5782deaa8ea3260d998a4e873fcfd5e6d8eef,0,True,,398,102399,full_posterior,1024,0.006997506135791122,-0.11213349234197623,128,train_logit_32,train_logit_32,33792,1,1.0005230232085418,1,0.5497171584798871,1.0,dynamics_h_0p01_stage_2,ok,75855771a1231e62e6e66f10e2f0fc9a96b653fa2c1e6c16aa05920b18f8825c,shallow_m1024_r1,production_final
2,shallow,final_geometry_v15_20260930,4327fe4ece9317f6fd20fad18389a71e9b1f423b,32,-1.2502694578000417,0.015365190409951568,True,-1.2310551122010838,4565.5098155585065,4562.475561237487,10829.322788655141,1ba5ed6b2d648eaf1fb0f8fdbee5782deaa8ea3260d998a4e873fcfd5e6d8eef,0,True,,334,102399,full_posterior,1024,0.008039115550309213,-1.2406622850005626,128,train_logit_48,train_logit_48,33792,1,1.0008006808190435,1,0.5799370767533281,1.0,dynamics_h_0p01_stage_2,ok,75855771a1231e62e6e66f10e2f0fc9a96b653fa2c1e6c16aa05920b18f8825c,shallow_m1024_r1,production_final
2,shallow,final_geometry_v15_20260930,4327fe4ece9317f6fd20fad18389a71e9b1f423b,32,0.9266231238021456,0.01407773364464353,True,0.932671359690509,5062.170606298831,5055.8572785246,10469.710746557215,1ba5ed6b2d648eaf1fb0f8fdbee5782deaa8ea3260d998a4e873fcfd5e6d8eef,0,True,,224,102399,full_posterior,1024,0.0072363252229607974,0.929647241746327,128,train_logit_64,train_logit_64,33792,1,1.00061703404623,1,0.5569056343951324,1.0,dynamics_h_0p01_stage_2,ok,75855771a1231e62e6e66f10e2f0fc9a96b653fa2c1e6c16aa05920b18f8825c,shallow_m1024_r1,production_final
2,shallow,final_geometry_v15_20260930,4327fe4ece9317f6fd20fad18389a71e9b1f423b,32,0.9767415356178585,0.014212067658131664,True,0.967222333308571,4755.838375697985,4750.323441794607,11512.278983680213,1ba5ed6b2d648eaf1fb0f8fdbee5782deaa8ea3260d998a4e873fcfd5e6d8eef,0,True,,372,102399,full_posterior,1024,0.007494516696035144,0.9719819344632143,128,train_logit_80,train_logit_80,33792,1,1.0002681505177553,1,0.5562850332964411,1.0,dynamics_h_0p01_stage_2,ok,75855771a1231e62e6e66f10e2f0fc9a96b653fa2c1e6c16aa05920b18f8825c,shallow_m1024_r1,production_final
2,shallow,final_geometry_v15_20260930,4327fe4ece9317f6fd20fad18389a71e9b1f423b,32,0.04635534462199434,0.014682716287559175,True,0.02658662531600195,5000.879182138111,4987.755930758805,10518.764539288784,1ba5ed6b2d648eaf1fb0f8fdbee5782deaa8ea3260d998a4e873fcfd5e6d8eef,0,True,,192,102399,full_posterior,1024,0.007487498990949305,0.03647098496899815,128,train_logit_96,train_logit_96,33792,1,1.0005418627964564,1,0.5675954561995906,1.0,dynamics_h_0p01_stage_2,ok,75855771a1231e62e6e66f10e2f0fc9a96b653fa2c1e6c16aa05920b18f8825c,shallow_m1024_r1,production_final
2,shallow,final_geometry_v15_20260930,4327fe4ece9317f6fd20fad18389a71e9b1f423b,32,-0.5706881958749807,0.013916616162223538,True,-0.5647155880106984,5091.876715974027,5098.51765725331,12019.987912625491,1ba5ed6b2d648eaf1fb0f8fdbee5782deaa8ea3260d998a4e873fcfd5e6d8eef,0,True,,358,102399,full_posterior,1024,0.007294785847509432,-0.5677018919428395,128,train_logit_112,train_logit_112,33792,1,1.0010128830595626,1,0.5546517686455699,1.0,dynamics_h_0p01_stage_2,ok,75855771a1231e62e6e66f10e2f0fc9a96b653fa2c1e6c16aa05920b18f8825c,shallow_m1024_r1,production_final
2,shallow,final_geometry_v15_20260930,4327fe4ece9317f6fd20fad18389a71e9b1f423b,32,0.5300484117708469,0.004770417290922308,True,0.5232877326698882,4365.205731385159,4421.038224142525,9174.85813685951,1ba5ed6b2d648eaf1fb0f8fdbee5782deaa8ea3260d998a4e873fcfd5e6d8eef,0,True,,294,102399,full_posterior,1024,0.0024534535809890737,0.5266680722203676,128,test_prob_0,test_prob_0,33792,1,1.000839422140882,1,0.18019175785210065,1.0,dynamics_h_0p01_stage_2,ok,75855771a1231e62e6e66f10e2f0fc9a96b653fa2c1e6c16aa05920b18f8825c,shallow_m1024_r1,production_final
2,shallow,final_geometry_v15_20260930,4327fe4ece9317f6fd20fad18389a71e9b1f423b,32,0.31211470471413294,0.004059683767440197,True,0.3052782875962131,4644.332957011301,4713.846634999166,10821.464635178185,1ba5ed6b2d648eaf1fb0f8fdbee5782deaa8ea3260d998a4e873fcfd5e6d8eef,0,True,,292,102399,full_posterior,1024,0.0021334858504483824,0.30869649615517303,128,test_prob_128,test_prob_128,33792,1,1.0007656641354963,1,0.156500481066032,1.0,dynamics_h_0p01_stage_2,ok,75855771a1231e62e6e66f10e2f0fc9a96b653fa2c1e6c16aa05920b18f8825c,shallow_m1024_r1,production_final
2,shallow,final_geometry_v15_20260930,4327fe4ece9317f6fd20fad18389a71e9b1f423b,32,0.44503050334588123,0.004810163128998934,True,0.4562195091924545,4426.502029726702,4434.017354660773,10798.857745379946,1ba5ed6b2d648eaf1fb0f8fdbee5782deaa8ea3260d998a4e873fcfd5e6d8eef,0,True,,288,102399,full_posterior,1024,0.0024877819818630974,0.45062500626916796,128,test_prob_256,test_prob_256,33792,1,1.0017984777402165,1,0.18032980355588218,1.0,dynamics_h_0p01_stage_2,ok,75855771a1231e62e6e66f10e2f0fc9a96b653fa2c1e6c16aa05920b18f8825c,shallow_m1024_r1,production_final
2,shallow,final_geometry_v15_20260930,4327fe4ece9317f6fd20fad18389a71e9b1f423b,32,0.7861792114465775,0.003244078316947679,True,0.7869468690167042,4531.050056509303,4703.640351017497,10545.784932850009,1ba5ed6b2d648eaf1fb0f8fdbee5782deaa8ea3260d998a4e873fcfd5e6d8eef,0,True,,288,102399,full_posterior,1024,0.0016834888210385888,0.7865630402316408,128,test_prob_384,test_prob_384,33792,1,1.0003761785349659,1,0.12610462848458268,1.0,dynamics_h_0p01_stage_2,ok,75855771a1231e62e6e66f10e2f0fc9a96b653fa2c1e6c16aa05920b18f8825c,shallow_m1024_r1,production_final
2,shallow,final_geometry_v15_20260930,4327fe4ece9317f6fd20fad18389a71e9b1f423b,32,0.4876943568136732,0.004880070084471136,True,0.4820249577555368,4192.498769568622,4202.652570318961,9425.930288536487,1ba5ed6b2d648eaf1fb0f8fdbee5782deaa8ea3260d998a4e873fcfd5e6d8eef,0,True,,316,102399,full_posterior,1024,0.0025654845894637983,0.48485965728460484,128,test_prob_512,test_prob_512,33792,1,1.0003881765392746,1,0.18276027662456665,1.0,dynamics_h_0p01_stage_2,ok,75855771a1231e62e6e66f10e2f0fc9a96b653fa2c1e6c16aa05920b18f8825c,shallow_m1024_r1,production_final
2,shallow,final_geometry_v15_20260930,4327fe4ece9317f6fd20fad18389a71e9b1f423b,32,0.5979514848223603,0.0048033957742647316,True,0.5977887450664092,4228.487747302502,4271.931006858597,10023.295088387064,1ba5ed6b2d648eaf1fb0f8fdbee5782deaa8ea3260d998a4e873fcfd5e6d8eef,0,True,,298,102399,full_posterior,1024,0.002470040090994186,0.5978701149443847,128,test_prob_640,test_prob_640,33792,1,1.000949699476919,1,0.17741030218726792,1.0,dynamics_h_0p01_stage_2,ok,75855771a1231e62e6e66f10e2f0fc9a96b653fa2c1e6c16aa05920b18f8825c,shallow_m1024_r1,production_final
2,shallow,final_geometry_v15_20260930,4327fe4ece9317f6fd20fad18389a71e9b1f423b,32,0.5268495327014034,0.004613115377545066,True,0.5135980695014515,4393.965779965401,4426.730146932794,10828.873526843892,1ba5ed6b2d648eaf1fb0f8fdbee5782deaa8ea3260d998a4e873fcfd5e6d8eef,0,True,,428,102399,full_posterior,1024,0.0024228965341537402,0.5202238011014275,128,test_prob_768,test_prob_768,33792,1,1.0008866373384935,1,0.17874462737451358,1.0,dynamics_h_0p01_stage_2,ok,75855771a1231e62e6e66f10e2f0fc9a96b653fa2c1e6c16aa05920b18f8825c,shallow_m1024_r1,production_final
2,shallow,final_geometry_v15_20260930,4327fe4ece9317f6fd20fad18389a71e9b1f423b,32,0.49526160133477676,0.004768236445021056,True,0.4955007160366,4548.260928925028,4585.474797390577,9938.795431469523,1ba5ed6b2d648eaf1fb0f8fdbee5782deaa8ea3260d998a4e873fcfd5e6d8eef,0,True,,292,102399,full_posterior,1024,0.0024441871922746923,0.4953811586856885,128,test_prob_896,test_prob_896,33792,1,1.0014803558699907,1,0.18178854537094336,1.0,dynamics_h_0p01_stage_2,ok,75855771a1231e62e6e66f10e2f0fc9a96b653fa2c1e6c16aa05920b18f8825c,shallow_m1024_r1,production_final
2,shallow,final_geometry_v15_20260930,4327fe4ece9317f6fd20fad18389a71e9b1f423b,32,0.022408081449445456,0.016822349137378727,True,0.010694890988920498,4405.845112655564,4257.051765028205,6177.16005710203,1ba5ed6b2d648eaf1fb0f8fdbee5782deaa8ea3260d998a4e873fcfd5e6d8eef,0,True,,294,102399,full_posterior,1024,0.008728055113335338,0.016551486219182975,128,interaction_0,interaction_0,33792,1,1.0014735186749368,1,0.6234961671185919,1.0,dynamics_h_0p01_stage_2,ok,75855771a1231e62e6e66f10e2f0fc9a96b653fa2c1e6c16aa05920b18f8825c,shallow_m1024_r1,production_final
2,shallow,final_geometry_v15_20260930,4327fe4ece9317f6fd20fad18389a71e9b1f423b,32,0.03384405139189426,0.01787572866092496,True,0.012535448275069139,4277.474096728531,4122.0737969019,6502.229901124729,1ba5ed6b2d648eaf1fb0f8fdbee5782deaa8ea3260d998a4e873fcfd5e6d8eef,0,True,,206,102399,full_posterior,1024,0.009243362571866904,0.023189749833481703,128,interaction_1,interaction_1,33792,1,1.0006302629053447,1,0.6468543172678095,1.0,dynamics_h_0p01_stage_2,ok,75855771a1231e62e6e66f10e2f0fc9a96b653fa2c1e6c16aa05920b18f8825c,shallow_m1024_r1,production_final
2,shallow,final_geometry_v15_20260930,4327fe4ece9317f6fd20fad18389a71e9b1f423b,32,-0.020768641288141758,0.01694735141739986,True,0.00607498100805789,4079.8722029279465,3973.647605430291,6987.126957041549,1ba5ed6b2d648eaf1fb0f8fdbee5782deaa8ea3260d998a4e873fcfd5e6d8eef,0,True,,442,102399,full_posterior,1024,0.00873443641029723,-0.007346830140041933,128,interaction_2,interaction_2,33792,1,1.001392074804112,1,0.6156673217471443,1.0,dynamics_h_0p01_stage_2,ok,75855771a1231e62e6e66f10e2f0fc9a96b653fa2c1e6c16aa05920b18f8825c,shallow_m1024_r1,production_final
2,shallow,final_geometry_v15_20260930,4327fe4ece9317f6fd20fad18389a71e9b1f423b,32,-0.0182391218420971,0.017506047397421207,True,-0.025981787622443197,4331.61071786397,4198.949114608191,5961.39769745558,1ba5ed6b2d648eaf1fb0f8fdbee5782deaa8ea3260d998a4e873fcfd5e6d8eef,0,True,,694,102399,full_posterior,1024,0.009097198418857156,-0.022110454732270152,128,interaction_3,interaction_3,33792,1,1.0007771232391764,1,0.6395462023027809,1.0,dynamics_h_0p01_stage_2,ok,75855771a1231e62e6e66f10e2f0fc9a96b653fa2c1e6c16aa05920b18f8825c,shallow_m1024_r1,production_final
2,shallow,final_geometry_v15_20260930,4327fe4ece9317f6fd20fad18389a71e9b1f423b,32,0.23317852568594843,0.034522703721472175,True,0.27344366039193846,1962.4098601504318,1964.7333932278607,4373.9037424464495,1ba5ed6b2d648eaf1fb0f8fdbee5782deaa8ea3260d998a4e873fcfd5e6d8eef,0,True,,954,102399,full_posterior,1024,0.018583480872241875,0.2533110930389434,128,q_A,q_A,33792,1,1.0029350090490121,1,1.002433338095468,1.0,dynamics_h_0p01_stage_2,ok,75855771a1231e62e6e66f10e2f0fc9a96b653fa2c1e6c16aa05920b18f8825c,shallow_m1024_r1,production_final
2,shallow,final_geometry_v15_20260930,4327fe4ece9317f6fd20fad18389a71e9b1f423b,32,-0.06062100044853908,0.034596760166580406,True,0.024640148855303447,1890.7427140693637,1886.831589483456,4466.628677382467,1ba5ed6b2d648eaf1fb0f8fdbee5782deaa8ea3260d998a4e873fcfd5e6d8eef,0,True,,680,102399,full_posterior,1024,0.018758427044616836,-0.017990425796617814,128,q_W,q_W,33792,1,1.0024765354853857,1,1.0030211987776223,1.0,dynamics_h_0p01_stage_2,ok,75855771a1231e62e6e66f10e2f0fc9a96b653fa2c1e6c16aa05920b18f8825c,shallow_m1024_r1,production_final
2,shallow,final_geometry_v15_20260930,4327fe4ece9317f6fd20fad18389a71e9b1f423b,32,1.0114275046357821,0.0012275056336897242,True,1.013462174306939,3910.1726910055368,3870.9059216843807,8816.745895412028,1ba5ed6b2d648eaf1fb0f8fdbee5782deaa8ea3260d998a4e873fcfd5e6d8eef,0,True,,432,102399,full_posterior,1024,0.0006383157565405216,1.0124448394713605,128,disp_A,disp_A,33792,1,1.0014738225447186,1,0.04448659130439296,1.0,dynamics_h_0p01_stage_2,ok,75855771a1231e62e6e66f10e2f0fc9a96b653fa2c1e6c16aa05920b18f8825c,shallow_m1024_r1,production_final
2,shallow,final_geometry_v15_20260930,4327fe4ece9317f6fd20fad18389a71e9b1f423b,32,0.9998483986480422,0.0002202108156587534,True,0.9999110973014838,4051.914483820967,4051.077335453191,8528.604649480954,1ba5ed6b2d648eaf1fb0f8fdbee5782deaa8ea3260d998a4e873fcfd5e6d8eef,0,True,,254,102399,full_posterior,1024,0.00011418849103419991,0.999879747974763,128,disp_W1,disp_W1,33792,1,1.0004355701673777,1,0.007863051780272995,1.0,dynamics_h_0p01_stage_2,ok,75855771a1231e62e6e66f10e2f0fc9a96b653fa2c1e6c16aa05920b18f8825c,shallow_m1024_r1,production_final
2,shallow,final_geometry_v15_20260930,4327fe4ece9317f6fd20fad18389a71e9b1f423b,32,56.32659805834676,0.10672842214953501,True,56.54127692360876,5419.9789703676615,5443.8514904344465,13831.905432841597,44b83303b6b8bc34fe9e4b04e1e8cf3ff198871f508553998ed22b378ac85977,0,True,,140,51199,full_posterior,1024,0.05504123612145491,56.43393749097779,128,V,V,33792,1,1.0004629981502826,1,4.2449456599471,1.0,dynamics_h_0p02_stage_2,ok,75855771a1231e62e6e66f10e2f0fc9a96b653fa2c1e6c16aa05920b18f8825c,shallow_m1024_r1,validation_or_superseded
2,shallow,final_geometry_v15_20260930,4327fe4ece9317f6fd20fad18389a71e9b1f423b,32,16959.83008776322,3.846598122094805,True,16962.679373505696,4030.2199648280957,4027.3637164585393,7741.7061385190755,44b83303b6b8bc34fe9e4b04e1e8cf3ff198871f508553998ed22b378ac85977,0,True,,114,51199,full_posterior,1024,1.9189888273124984,16961.254730634457,128,U,U,33792,1,1.0007662910917607,1,131.3301019409343,1.0,dynamics_h_0p02_stage_2,ok,75855771a1231e62e6e66f10e2f0fc9a96b653fa2c1e6c16aa05920b18f8825c,shallow_m1024_r1,validation_or_superseded
2,shallow,final_geometry_v15_20260930,4327fe4ece9317f6fd20fad18389a71e9b1f423b,32,0.4068291290982633,0.014529847732067188,True,0.3997672068247611,5132.336220574566,5118.689068950738,11446.726881808454,44b83303b6b8bc34fe9e4b04e1e8cf3ff198871f508553998ed22b378ac85977,0,True,,108,51199,full_posterior,1024,0.007565401383622067,0.4032981679615121,128,train_logit_0,train_logit_0,33792,1,1.000788793051705,1,0.5603845343402597,1.0,dynamics_h_0p02_stage_2,ok,75855771a1231e62e6e66f10e2f0fc9a96b653fa2c1e6c16aa05920b18f8825c,shallow_m1024_r1,validation_or_superseded
2,shallow,final_geometry_v15_20260930,4327fe4ece9317f6fd20fad18389a71e9b1f423b,32,0.8135283867091657,0.014246275912169929,True,0.8230688322261531,5196.358472995316,5196.149877736151,11787.255480485,44b83303b6b8bc34fe9e4b04e1e8cf3ff198871f508553998ed22b378ac85977,0,True,,106,51199,full_posterior,1024,0.007125094004368943,0.8182986094676593,128,train_logit_16,train_logit_16,33792,1,1.0002595899556384,1,0.5471958930648515,1.0,dynamics_h_0p02_stage_2,ok,75855771a1231e62e6e66f10e2f0fc9a96b653fa2c1e6c16aa05920b18f8825c,shallow_m1024_r1,validation_or_superseded
2,shallow,final_geometry_v15_20260930,4327fe4ece9317f6fd20fad18389a71e9b1f423b,32,-0.1276053342322453,0.013809694690500293,True,-0.14940572645278866,4887.164205350433,4883.5206394392635,11188.91285005678,44b83303b6b8bc34fe9e4b04e1e8cf3ff198871f508553998ed22b378ac85977,0,True,,248,51199,full_posterior,1024,0.00715895577930468,-0.13850553034251695,128,train_logit_32,train_logit_32,33792,1,1.0020052026949662,1,0.5391984103916028,1.0,dynamics_h_0p02_stage_2,ok,75855771a1231e62e6e66f10e2f0fc9a96b653fa2c1e6c16aa05920b18f8825c,shallow_m1024_r1,validation_or_superseded
2,shallow,final_geometry_v15_20260930,4327fe4ece9317f6fd20fad18389a71e9b1f423b,32,-1.253142622404799,0.015127872536550529,True,-1.2527340006171312,4834.683651029968,4825.485076105345,11312.075038879953,44b83303b6b8bc34fe9e4b04e1e8cf3ff198871f508553998ed22b378ac85977,0,True,,174,51199,full_posterior,1024,0.007942112578175127,-1.2529383115109651,128,train_logit_48,train_logit_48,33792,1,1.0007483108428044,1,0.574120279062836,1.0,dynamics_h_0p02_stage_2,ok,75855771a1231e62e6e66f10e2f0fc9a96b653fa2c1e6c16aa05920b18f8825c,shallow_m1024_r1,validation_or_superseded
2,shallow,final_geometry_v15_20260930,4327fe4ece9317f6fd20fad18389a71e9b1f423b,32,0.9264042301302399,0.014810723669030175,True,0.911375542332247,4928.180767012781,4934.729300884166,11257.670527740876,44b83303b6b8bc34fe9e4b04e1e8cf3ff198871f508553998ed22b378ac85977,0,True,,226,51199,full_posterior,1024,0.007747935158947743,0.9188898862312436,128,train_logit_64,train_logit_64,33792,1,1.0007368458797243,1,0.5695954750888925,1.0,dynamics_h_0p02_stage_2,ok,75855771a1231e62e6e66f10e2f0fc9a96b653fa2c1e6c16aa05920b18f8825c,shallow_m1024_r1,validation_or_superseded
2,shallow,final_geometry_v15_20260930,4327fe4ece9317f6fd20fad18389a71e9b1f423b,32,1.014545912191822,0.01422626295885959,True,0.9976720685058951,5176.836151635407,5159.922109832907,11108.89646935042,44b83303b6b8bc34fe9e4b04e1e8cf3ff198871f508553998ed22b378ac85977,0,True,,212,51199,full_posterior,1024,0.0072903668936231845,1.0061089903488587,128,train_logit_80,train_logit_80,33792,1,1.000601028004684,1,0.5548270167274005,1.0,dynamics_h_0p02_stage_2,ok,75855771a1231e62e6e66f10e2f0fc9a96b653fa2c1e6c16aa05920b18f8825c,shallow_m1024_r1,validation_or_superseded
2,shallow,final_geometry_v15_20260930,4327fe4ece9317f6fd20fad18389a71e9b1f423b,32,0.05611872767741763,0.014767417245932066,True,0.022031904605179124,5200.992949193944,5193.773723033568,10217.515490463627,44b83303b6b8bc34fe9e4b04e1e8cf3ff198871f508553998ed22b378ac85977,0,True,,104,51199,full_posterior,1024,0.007481524583825306,0.039075316141298375,128,train_logit_96,train_logit_96,33792,1,1.0013503423944465,1,0.560965630157796,1.0,dynamics_h_0p02_stage_2,ok,75855771a1231e62e6e66f10e2f0fc9a96b653fa2c1e6c16aa05920b18f8825c,shallow_m1024_r1,validation_or_superseded
2,shallow,final_geometry_v15_20260930,4327fe4ece9317f6fd20fad18389a71e9b1f423b,32,-0.5887440762997371,0.014682726731185997,True,-0.5835298823162612,5012.028089682914,5007.010129789264,10927.392815525418,44b83303b6b8bc34fe9e4b04e1e8cf3ff198871f508553998ed22b378ac85977,0,True,,134,51199,full_posterior,1024,0.007411821201758214,-0.5861369793079991,128,train_logit_112,train_logit_112,33792,1,1.0010781345190862,1,0.5578405664821807,1.0,dynamics_h_0p02_stage_2,ok,75855771a1231e62e6e66f10e2f0fc9a96b653fa2c1e6c16aa05920b18f8825c,shallow_m1024_r1,validation_or_superseded
2,shallow,final_geometry_v15_20260930,4327fe4ece9317f6fd20fad18389a71e9b1f423b,32,0.5251317851059675,0.004972493622783037,True,0.5270012324125908,4333.342794232435,4391.183719008497,10131.106178314058,44b83303b6b8bc34fe9e4b04e1e8cf3ff198871f508553998ed22b378ac85977,0,True,,180,51199,full_posterior,1024,0.0025873266546420724,0.5260665087592791,128,test_prob_0,test_prob_0,33792,1,1.000785326267021,1,0.18029328829922905,1.0,dynamics_h_0p02_stage_2,ok,75855771a1231e62e6e66f10e2f0fc9a96b653fa2c1e6c16aa05920b18f8825c,shallow_m1024_r1,validation_or_superseded
2,shallow,final_geometry_v15_20260930,4327fe4ece9317f6fd20fad18389a71e9b1f423b,32,0.3090846398948758,0.004252801799750493,True,0.30381142853913956,4578.374774823171,4615.554509710518,11109.053770600418,44b83303b6b8bc34fe9e4b04e1e8cf3ff198871f508553998ed22b378ac85977,0,True,,166,51199,full_posterior,1024,0.0021697339923871664,0.30644803421700767,128,test_prob_128,test_prob_128,33792,1,1.001436676923799,1,0.15679769333526683,1.0,dynamics_h_0p02_stage_2,ok,75855771a1231e62e6e66f10e2f0fc9a96b653fa2c1e6c16aa05920b18f8825c,shallow_m1024_r1,validation_or_superseded
2,shallow,final_geometry_v15_20260930,4327fe4ece9317f6fd20fad18389a71e9b1f423b,32,0.4432987661267271,0.005078400577505655,True,0.45197513978071546,3823.4386386202295,3921.216656876181,9363.945679801243,44b83303b6b8bc34fe9e4b04e1e8cf3ff198871f508553998ed22b378ac85977,0,True,,368,51199,full_posterior,1024,0.0026418369817299485,0.4476369529537213,128,test_prob_256,test_prob_256,33792,1,1.0012414615448857,1,0.1805779256434982,1.0,dynamics_h_0p02_stage_2,ok,75855771a1231e62e6e66f10e2f0fc9a96b653fa2c1e6c16aa05920b18f8825c,shallow_m1024_r1,validation_or_superseded
2,shallow,final_geometry_v15_20260930,4327fe4ece9317f6fd20fad18389a71e9b1f423b,32,0.7858753362700996,0.0032960990923480045,True,0.7847846211714085,4606.885776136061,4676.462277887786,10715.093852226377,44b83303b6b8bc34fe9e4b04e1e8cf3ff198871f508553998ed22b378ac85977,0,True,,224,51199,full_posterior,1024,0.0016927191291639368,0.7853299787207542,128,test_prob_384,test_prob_384,33792,1,1.0006881152010656,1,0.12411417963347571,1.0,dynamics_h_0p02_stage_2,ok,75855771a1231e62e6e66f10e2f0fc9a96b653fa2c1e6c16aa05920b18f8825c,shallow_m1024_r1,validation_or_superseded
2,shallow,final_geometry_v15_20260930,4327fe4ece9317f6fd20fad18389a71e9b1f423b,32,0.48951171249739567,0.005220020148696726,True,0.4922475883987591,4048.4497969594518,4077.8970117155072,9834.042934902558,44b83303b6b8bc34fe9e4b04e1e8cf3ff198871f508553998ed22b378ac85977,0,True,,190,51199,full_posterior,1024,0.002656227395716616,0.4908796504480773,128,test_prob_512,test_prob_512,33792,1,1.0011051699929412,1,0.1830488319874671,1.0,dynamics_h_0p02_stage_2,ok,75855771a1231e62e6e66f10e2f0fc9a96b653fa2c1e6c16aa05920b18f8825c,shallow_m1024_r1,validation_or_superseded
2,shallow,final_geometry_v15_20260930,4327fe4ece9317f6fd20fad18389a71e9b1f423b,32,0.6080827921061872,0.004969739702652724,True,0.6020400888582207,4091.1640502983323,4174.31761462715,9612.401326996287,44b83303b6b8bc34fe9e4b04e1e8cf3ff198871f508553998ed22b378ac85977,0,True,,150,51199,full_posterior,1024,0.00259940256781322,0.605061440482204,128,test_prob_640,test_prob_640,33792,1,1.000844102450768,1,0.17620747170284545,1.0,dynamics_h_0p02_stage_2,ok,75855771a1231e62e6e66f10e2f0fc9a96b653fa2c1e6c16aa05920b18f8825c,shallow_m1024_r1,validation_or_superseded
2,shallow,final_geometry_v15_20260930,4327fe4ece9317f6fd20fad18389a71e9b1f423b,32,0.5208935918030214,0.004849403558206508,True,0.5182516394491149,4671.270968100738,4731.386299860607,10245.518022537904,44b83303b6b8bc34fe9e4b04e1e8cf3ff198871f508553998ed22b378ac85977,0,True,,166,51199,full_posterior,1024,0.002468039685953518,0.5195726156260683,128,test_prob_768,test_prob_768,33792,1,1.0006902955215717,1,0.17945251524350744,1.0,dynamics_h_0p02_stage_2,ok,75855771a1231e62e6e66f10e2f0fc9a96b653fa2c1e6c16aa05920b18f8825c,shallow_m1024_r1,validation_or_superseded
2,shallow,final_geometry_v15_20260930,4327fe4ece9317f6fd20fad18389a71e9b1f423b,32,0.49155719737699305,0.004988934141235448,True,0.494536236601102,4454.732192414466,4543.1880588014465,9625.088734208846,44b83303b6b8bc34fe9e4b04e1e8cf3ff198871f508553998ed22b378ac85977,0,True,,254,51199,full_posterior,1024,0.0025696179535994903,0.49304671698904756,128,test_prob_896,test_prob_896,33792,1,1.0004043720420368,1,0.18244920762136144,1.0,dynamics_h_0p02_stage_2,ok,75855771a1231e62e6e66f10e2f0fc9a96b653fa2c1e6c16aa05920b18f8825c,shallow_m1024_r1,validation_or_superseded
2,shallow,final_geometry_v15_20260930,4327fe4ece9317f6fd20fad18389a71e9b1f423b,32,0.025564154853836375,0.01912313506510535,True,-0.0010971270573272762,3944.6786167881623,3686.374590940733,5686.19185430328,44b83303b6b8bc34fe9e4b04e1e8cf3ff198871f508553998ed22b378ac85977,0,True,,208,51199,full_posterior,1024,0.009859977186131106,0.012233513898254547,128,interaction_0,interaction_0,33792,1,1.0013586593154016,1,0.6390460655147119,1.0,dynamics_h_0p02_stage_2,ok,75855771a1231e62e6e66f10e2f0fc9a96b653fa2c1e6c16aa05920b18f8825c,shallow_m1024_r1,validation_or_superseded
2,shallow,final_geometry_v15_20260930,4327fe4ece9317f6fd20fad18389a71e9b1f423b,32,0.024133647180696792,0.01766963101685621,True,0.009071556251620573,4426.221206672264,4259.32901238057,6558.015731330879,44b83303b6b8bc34fe9e4b04e1e8cf3ff198871f508553998ed22b378ac85977,0,True,,114,51199,full_posterior,1024,0.009007766319406738,0.016602601716158683,128,interaction_1,interaction_1,33792,1,1.000730077653498,1,0.6284677472176672,1.0,dynamics_h_0p02_stage_2,ok,75855771a1231e62e6e66f10e2f0fc9a96b653fa2c1e6c16aa05920b18f8825c,shallow_m1024_r1,validation_or_superseded
2,shallow,final_geometry_v15_20260930,4327fe4ece9317f6fd20fad18389a71e9b1f423b,32,-0.02415943335069417,0.018143301670290723,True,-0.030094991804051393,4413.819901772102,4263.631263209574,6973.1200643247985,44b83303b6b8bc34fe9e4b04e1e8cf3ff198871f508553998ed22b378ac85977,0,True,,144,51199,full_posterior,1024,0.009224922275955323,-0.027127212577372776,128,interaction_2,interaction_2,33792,1,1.0014226064820912,1,0.6305530504058973,1.0,dynamics_h_0p02_stage_2,ok,75855771a1231e62e6e66f10e2f0fc9a96b653fa2c1e6c16aa05920b18f8825c,shallow_m1024_r1,validation_or_superseded
2,shallow,final_geometry_v15_20260930,4327fe4ece9317f6fd20fad18389a71e9b1f423b,32,-0.0170662294089017,0.017551625394050637,True,-0.018919544092984172,4413.29508997849,4255.950573050927,6185.856589774858,44b83303b6b8bc34fe9e4b04e1e8cf3ff198871f508553998ed22b378ac85977,0,True,,160,51199,full_posterior,1024,0.009057680697319674,-0.01799288675094294,128,interaction_3,interaction_3,33792,1,1.000911492989748,1,0.6231066431776482,1.0,dynamics_h_0p02_stage_2,ok,75855771a1231e62e6e66f10e2f0fc9a96b653fa2c1e6c16aa05920b18f8825c,shallow_m1024_r1,validation_or_superseded
2,shallow,final_geometry_v15_20260930,4327fe4ece9317f6fd20fad18389a71e9b1f423b,32,0.30636842656428454,0.03771012294624705,True,0.20580933967189727,1778.2475459045727,1782.1369882705735,4527.737307035886,44b83303b6b8bc34fe9e4b04e1e8cf3ff198871f508553998ed22b378ac85977,0,True,,378,51199,full_posterior,1024,0.01997591647767025,0.2560888831180908,128,q_A,q_A,33792,1,1.0020459670793636,1,0.9989856477858902,1.0,dynamics_h_0p02_stage_2,ok,75855771a1231e62e6e66f10e2f0fc9a96b653fa2c1e6c16aa05920b18f8825c,shallow_m1024_r1,validation_or_superseded
2,shallow,final_geometry_v15_20260930,4327fe4ece9317f6fd20fad18389a71e9b1f423b,32,-0.045589298684025496,0.03738812831525401,True,-0.032972284086363234,1997.952221926256,1997.1484173580577,4343.2124765385115,44b83303b6b8bc34fe9e4b04e1e8cf3ff198871f508553998ed22b378ac85977,0,True,,372,51199,full_posterior,1024,0.01975118706055551,-0.039280791385194365,128,q_W,q_W,33792,1,1.0012473091884218,1,1.009968213243355,1.0,dynamics_h_0p02_stage_2,ok,75855771a1231e62e6e66f10e2f0fc9a96b653fa2c1e6c16aa05920b18f8825c,shallow_m1024_r1,validation_or_superseded
2,shallow,final_geometry_v15_20260930,4327fe4ece9317f6fd20fad18389a71e9b1f423b,32,1.0118570865328693,0.00129998376192411,True,1.0123219723259707,4036.4133075750174,4030.847017310332,8402.727708039994,44b83303b6b8bc34fe9e4b04e1e8cf3ff198871f508553998ed22b378ac85977,0,True,,128,51199,full_posterior,1024,0.0006457792440873571,1.01208952942942,128,disp_A,disp_A,33792,1,1.0008192369470275,1,0.04463979809900451,1.0,dynamics_h_0p02_stage_2,ok,75855771a1231e62e6e66f10e2f0fc9a96b653fa2c1e6c16aa05920b18f8825c,shallow_m1024_r1,validation_or_superseded
2,shallow,final_geometry_v15_20260930,4327fe4ece9317f6fd20fad18389a71e9b1f423b,32,1.0000874427124051,0.00022912950184092465,True,1.0002337186737789,4081.038331809004,4078.734092735737,8053.721914321283,44b83303b6b8bc34fe9e4b04e1e8cf3ff198871f508553998ed22b378ac85977,0,True,,110,51199,full_posterior,1024,0.00011416755951993163,1.0001605806930918,128,disp_W1,disp_W1,33792,1,1.0007270222052145,1,0.00788118380201261,1.0,dynamics_h_0p02_stage_2,ok,75855771a1231e62e6e66f10e2f0fc9a96b653fa2c1e6c16aa05920b18f8825c,shallow_m1024_r1,validation_or_superseded
2,shallow,final_geometry_v15_20260930,4327fe4ece9317f6fd20fad18389a71e9b1f423b,32,65.38500566848089,0.09658036092292414,True,65.34214738671493,5549.295529635626,5564.9270916496,12676.643204417718,65c31b43cc8bbecafa99293d37af058acc314ea0328e19d56d42efd6354d837e,0,True,,276,102399,full_posterior,1024,0.049835157405985216,65.3635765275979,128,V,V,33792,2,1.000169456323495,1,3.9701406148863327,1.0,dynamics_h_0p01_stage_2,ok,61fa5b97160a40ea4623d9b0909f5c6bd1efc198e054db5ea14dff80a68ca165,shallow_m1024_r2,production_final
2,shallow,final_geometry_v15_20260930,4327fe4ece9317f6fd20fad18389a71e9b1f423b,32,16961.01087632322,3.628972002495362,True,16964.313198102867,3984.1435401421154,3982.482865732748,9157.810598810793,65c31b43cc8bbecafa99293d37af058acc314ea0328e19d56d42efd6354d837e,0,True,,270,102399,full_posterior,1024,1.9127902889461295,16962.662037213046,128,U,U,33792,2,1.0006251689678292,1,130.41648979670003,1.0,dynamics_h_0p01_stage_2,ok,61fa5b97160a40ea4623d9b0909f5c6bd1efc198e054db5ea14dff80a68ca165,shallow_m1024_r2,production_final
2,shallow,final_geometry_v15_20260930,4327fe4ece9317f6fd20fad18389a71e9b1f423b,32,-0.32858113438751213,0.014681022108439277,True,-0.31954587942185503,4170.599272986457,4180.0821596186715,10757.824630270741,65c31b43cc8bbecafa99293d37af058acc314ea0328e19d56d42efd6354d837e,0,True,,570,102399,full_posterior,1024,0.007573558823498891,-0.32406350690468355,128,train_logit_0,train_logit_0,33792,2,1.0008176297878724,1,0.5705793599505217,1.0,dynamics_h_0p01_stage_2,ok,61fa5b97160a40ea4623d9b0909f5c6bd1efc198e054db5ea14dff80a68ca165,shallow_m1024_r2,production_final
2,shallow,final_geometry_v15_20260930,4327fe4ece9317f6fd20fad18389a71e9b1f423b,32,0.32824863640905805,0.013591600625516181,True,0.33270089542679526,4575.079907914282,4583.139865033298,11064.78101228549,65c31b43cc8bbecafa99293d37af058acc314ea0328e19d56d42efd6354d837e,0,True,,550,102399,full_posterior,1024,0.007104668098517366,0.33047476591792674,128,train_logit_16,train_logit_16,33792,2,1.0006649891167574,1,0.5429945220948822,1.0,dynamics_h_0p01_stage_2,ok,61fa5b97160a40ea4623d9b0909f5c6bd1efc198e054db5ea14dff80a68ca165,shallow_m1024_r2,production_final
2,shallow,final_geometry_v15_20260930,4327fe4ece9317f6fd20fad18389a71e9b1f423b,32,-0.5865805990719869,0.012863579979884998,True,-0.5944942926732595,5600.667294821803,5590.933085960851,11951.777858817013,65c31b43cc8bbecafa99293d37af058acc314ea0328e19d56d42efd6354d837e,0,True,,194,102399,full_posterior,1024,0.006603855031856034,-0.5905374458726232,128,train_logit_32,train_logit_32,33792,2,1.000459605037196,1,0.532440980172549,1.0,dynamics_h_0p01_stage_2,ok,61fa5b97160a40ea4623d9b0909f5c6bd1efc198e054db5ea14dff80a68ca165,shallow_m1024_r2,production_final
2,shallow,final_geometry_v15_20260930,4327fe4ece9317f6fd20fad18389a71e9b1f423b,32,-1.064623862428434,0.014897698113909627,True,-1.0761394122621812,4355.152333519316,4369.296472116994,10130.1603956784,65c31b43cc8bbecafa99293d37af058acc314ea0328e19d56d42efd6354d837e,0,True,,530,102399,full_posterior,1024,0.00779581148628974,-1.0703816373453074,128,train_logit_48,train_logit_48,33792,2,1.000545685785466,1,0.5733468183836146,1.0,dynamics_h_0p01_stage_2,ok,61fa5b97160a40ea4623d9b0909f5c6bd1efc198e054db5ea14dff80a68ca165,shallow_m1024_r2,production_final
2,shallow,final_geometry_v15_20260930,4327fe4ece9317f6fd20fad18389a71e9b1f423b,32,0.5631725999850419,0.013655447877664198,True,0.5754705771751906,4918.543658781986,4911.540910457669,11804.264766628952,65c31b43cc8bbecafa99293d37af058acc314ea0328e19d56d42efd6354d837e,0,True,,350,102399,full_posterior,1024,0.007160280792924776,0.5693215885801165,128,train_logit_64,train_logit_64,33792,2,1.0004787322834159,1,0.5523951755903486,1.0,dynamics_h_0p01_stage_2,ok,61fa5b97160a40ea4623d9b0909f5c6bd1efc198e054db5ea14dff80a68ca165,shallow_m1024_r2,production_final
2,shallow,final_geometry_v15_20260930,4327fe4ece9317f6fd20fad18389a71e9b1f423b,32,-0.6187111165410797,0.013562763319696417,True,-0.6103415060450175,5129.928822082862,5121.637734668784,12615.833986094578,65c31b43cc8bbecafa99293d37af058acc314ea0328e19d56d42efd6354d837e,0,True,,242,102399,full_posterior,1024,0.006989481452875934,-0.6145263112930487,128,train_logit_80,train_logit_80,33792,2,1.0006970019392032,1,0.543133566927256,1.0,dynamics_h_0p01_stage_2,ok,61fa5b97160a40ea4623d9b0909f5c6bd1efc198e054db5ea14dff80a68ca165,shallow_m1024_r2,production_final
2,shallow,final_geometry_v15_20260930,4327fe4ece9317f6fd20fad18389a71e9b1f423b,32,-0.9217523178167712,0.013777576416873147,True,-0.9142438307806542,4914.765399131855,4886.1798795799705,10411.368336042675,65c31b43cc8bbecafa99293d37af058acc314ea0328e19d56d42efd6354d837e,0,True,,294,102399,full_posterior,1024,0.007148725116081728,-0.9179980742987129,128,train_logit_96,train_logit_96,33792,2,1.0001705234346752,1,0.546876570845171,1.0,dynamics_h_0p01_stage_2,ok,61fa5b97160a40ea4623d9b0909f5c6bd1efc198e054db5ea14dff80a68ca165,shallow_m1024_r2,production_final
2,shallow,final_geometry_v15_20260930,4327fe4ece9317f6fd20fad18389a71e9b1f423b,32,0.7705182709800249,0.012740350081454011,True,0.7506879379107838,5249.0324702865,5244.22227107465,12875.235759974641,65c31b43cc8bbecafa99293d37af058acc314ea0328e19d56d42efd6354d837e,0,True,,478,102399,full_posterior,1024,0.006577361553297994,0.7606031044454045,128,train_logit_112,train_logit_112,33792,2,1.0009047491202034,1,0.5201882571487336,1.0,dynamics_h_0p01_stage_2,ok,61fa5b97160a40ea4623d9b0909f5c6bd1efc198e054db5ea14dff80a68ca165,shallow_m1024_r2,production_final
2,shallow,final_geometry_v15_20260930,4327fe4ece9317f6fd20fad18389a71e9b1f423b,32,0.41261445181603607,0.004384863756508271,True,0.4110990033401315,4669.562781740682,4718.877313962086,10631.005132845348,65c31b43cc8bbecafa99293d37af058acc314ea0328e19d56d42efd6354d837e,0,True,,250,102399,full_posterior,1024,0.002299044582358508,0.41185672757808356,128,test_prob_0,test_prob_0,33792,2,1.0007695414725295,1,0.17147523544253082,1.0,dynamics_h_0p01_stage_2,ok,61fa5b97160a40ea4623d9b0909f5c6bd1efc198e054db5ea14dff80a68ca165,shallow_m1024_r2,production_final
2,shallow,final_geometry_v15_20260930,4327fe4ece9317f6fd20fad18389a71e9b1f423b,32,0.43663169696294024,0.004407100658199776,True,0.4252616950526192,4192.15786712597,4257.06441079959,11501.655135701507,65c31b43cc8bbecafa99293d37af058acc314ea0328e19d56d42efd6354d837e,0,True,,758,102399,full_posterior,1024,0.002308495176046877,0.43094669600777985,128,test_prob_128,test_prob_128,33792,2,1.0013143577464303,1,0.1720839891439203,1.0,dynamics_h_0p01_stage_2,ok,61fa5b97160a40ea4623d9b0909f5c6bd1efc198e054db5ea14dff80a68ca165,shallow_m1024_r2,production_final
2,shallow,final_geometry_v15_20260930,4327fe4ece9317f6fd20fad18389a71e9b1f423b,32,0.7472802650805913,0.0036194476795101964,True,0.7472732083050012,4760.11408401244,4866.027247850825,10156.043403809877,65c31b43cc8bbecafa99293d37af058acc314ea0328e19d56d42efd6354d837e,0,True,,244,102399,full_posterior,1024,0.0018894341024050722,0.7472767366927962,128,test_prob_256,test_prob_256,33792,2,1.0003496924580464,1,0.14139667578594897,1.0,dynamics_h_0p01_stage_2,ok,61fa5b97160a40ea4623d9b0909f5c6bd1efc198e054db5ea14dff80a68ca165,shallow_m1024_r2,production_final
2,shallow,final_geometry_v15_20260930,4327fe4ece9317f6fd20fad18389a71e9b1f423b,32,0.8470157652979631,0.0025259435086563455,True,0.851385876095668,4273.319388659574,4493.417606307317,10611.67901002839,65c31b43cc8bbecafa99293d37af058acc314ea0328e19d56d42efd6354d837e,0,True,,474,102399,full_posterior,1024,0.00131683967726382,0.8492008206968157,128,test_prob_384,test_prob_384,33792,2,1.0007451104260223,1,0.09966472444670921,1.0,dynamics_h_0p01_stage_2,ok,61fa5b97160a40ea4623d9b0909f5c6bd1efc198e054db5ea14dff80a68ca165,shallow_m1024_r2,production_final
2,shallow,final_geometry_v15_20260930,4327fe4ece9317f6fd20fad18389a71e9b1f423b,32,0.39831061538497736,0.004379059024591112,True,0.39702937656897963,4311.624645768933,4303.296638933049,11340.968434454788,65c31b43cc8bbecafa99293d37af058acc314ea0328e19d56d42efd6354d837e,0,True,,506,102399,full_posterior,1024,0.0023052611273492694,0.3976699959769783,128,test_prob_512,test_prob_512,33792,2,1.0004609470360497,1,0.1698297676384204,1.0,dynamics_h_0p01_stage_2,ok,61fa5b97160a40ea4623d9b0909f5c6bd1efc198e054db5ea14dff80a68ca165,shallow_m1024_r2,production_final
2,shallow,final_geometry_v15_20260930,4327fe4ece9317f6fd20fad18389a71e9b1f423b,32,0.7464694591960306,0.0037118223781385192,True,0.74972739389373,4377.86259431504,4500.386197430114,9968.843924415627,65c31b43cc8bbecafa99293d37af058acc314ea0328e19d56d42efd6354d837e,0,True,,308,102399,full_posterior,1024,0.0019423454034503483,0.7480984265448802,128,test_prob_640,test_prob_640,33792,2,1.0007089791741437,1,0.14184362533226436,1.0,dynamics_h_0p01_stage_2,ok,61fa5b97160a40ea4623d9b0909f5c6bd1efc198e054db5ea14dff80a68ca165,shallow_m1024_r2,production_final
2,shallow,final_geometry_v15_20260930,4327fe4ece9317f6fd20fad18389a71e9b1f423b,32,0.7400026624271071,0.0038135745017246125,True,0.7336019416240057,4348.457826102101,4461.79845199117,10197.336572475506,65c31b43cc8bbecafa99293d37af058acc314ea0328e19d56d42efd6354d837e,0,True,,362,102399,full_posterior,1024,0.001990980661488402,0.7368023020255563,128,test_prob_768,test_prob_768,33792,2,1.0014614742740848,1,0.14624545994162255,1.0,dynamics_h_0p01_stage_2,ok,61fa5b97160a40ea4623d9b0909f5c6bd1efc198e054db5ea14dff80a68ca165,shallow_m1024_r2,production_final
2,shallow,final_geometry_v15_20260930,4327fe4ece9317f6fd20fad18389a71e9b1f423b,32,0.4453833556823901,0.00482301812784905,True,0.4472824484337299,4010.936984704287,4023.915404079688,10052.731980250252,65c31b43cc8bbecafa99293d37af058acc314ea0328e19d56d42efd6354d837e,0,True,,692,102399,full_posterior,1024,0.002550826606370849,0.44633290205806,128,test_prob_896,test_prob_896,33792,2,1.0016844020578524,1,0.18107320080521114,1.0,dynamics_h_0p01_stage_2,ok,61fa5b97160a40ea4623d9b0909f5c6bd1efc198e054db5ea14dff80a68ca165,shallow_m1024_r2,production_final
2,shallow,final_geometry_v15_20260930,4327fe4ece9317f6fd20fad18389a71e9b1f423b,32,-0.012223262733470014,0.017108156028416123,True,-0.010074142857376725,4282.4644866018825,4104.958320156066,6297.410827717152,65c31b43cc8bbecafa99293d37af058acc314ea0328e19d56d42efd6354d837e,0,True,,250,102399,full_posterior,1024,0.009048324372780029,-0.011148702795423373,128,interaction_0,interaction_0,33792,2,1.001430227037726,1,0.6248535222994818,1.0,dynamics_h_0p01_stage_2,ok,61fa5b97160a40ea4623d9b0909f5c6bd1efc198e054db5ea14dff80a68ca165,shallow_m1024_r2,production_final
2,shallow,final_geometry_v15_20260930,4327fe4ece9317f6fd20fad18389a71e9b1f423b,32,0.0346978611749602,0.01699611724166684,True,0.01866886094833694,3934.312733075525,3702.652714030613,5850.01286362823,65c31b43cc8bbecafa99293d37af058acc314ea0328e19d56d42efd6354d837e,0,True,,610,102399,full_posterior,1024,0.008841691224131917,0.026683361061648564,128,interaction_1,interaction_1,33792,2,1.001512998126971,1,0.6135620066422002,1.0,dynamics_h_0p01_stage_2,ok,61fa5b97160a40ea4623d9b0909f5c6bd1efc198e054db5ea14dff80a68ca165,shallow_m1024_r2,production_final
2,shallow,final_geometry_v15_20260930,4327fe4ece9317f6fd20fad18389a71e9b1f423b,32,-0.008888211478548682,0.01693844110677223,True,-0.00252759619778113,4687.131796441008,4478.173583360925,6132.263643481745,65c31b43cc8bbecafa99293d37af058acc314ea0328e19d56d42efd6354d837e,0,True,,226,102399,full_posterior,1024,0.008602340655808755,-0.005707903838164905,128,interaction_2,interaction_2,33792,2,1.0006636837281786,1,0.6199924154919738,1.0,dynamics_h_0p01_stage_2,ok,61fa5b97160a40ea4623d9b0909f5c6bd1efc198e054db5ea14dff80a68ca165,shallow_m1024_r2,production_final
2,shallow,final_geometry_v15_20260930,4327fe4ece9317f6fd20fad18389a71e9b1f423b,32,-0.010140564774003108,0.016843549919976844,True,-0.012236373721453399,4427.944784165904,4266.0486768313785,7011.7655821830795,65c31b43cc8bbecafa99293d37af058acc314ea0328e19d56d42efd6354d837e,0,True,,220,102399,full_posterior,1024,0.008825657144855765,-0.011188469247728256,128,interaction_3,interaction_3,33792,2,1.0011317229964347,1,0.6199187998346055,1.0,dynamics_h_0p01_stage_2,ok,61fa5b97160a40ea4623d9b0909f5c6bd1efc198e054db5ea14dff80a68ca165,shallow_m1024_r2,production_final
2,shallow,final_geometry_v15_20260930,4327fe4ece9317f6fd20fad18389a71e9b1f423b,32,-0.16462224924233304,0.034514653167987956,True,-0.11943274467473103,2043.7720242938722,2039.349181314033,4403.47249970454,65c31b43cc8bbecafa99293d37af058acc314ea0328e19d56d42efd6354d837e,0,True,,424,102399,full_posterior,1024,0.018522954384017097,-0.14202749695853206,128,q_A,q_A,33792,2,1.00324555151551,1,0.9966724404154542,1.0,dynamics_h_0p01_stage_2,ok,61fa5b97160a40ea4623d9b0909f5c6bd1efc198e054db5ea14dff80a68ca165,shallow_m1024_r2,production_final
2,shallow,final_geometry_v15_20260930,4327fe4ece9317f6fd20fad18389a71e9b1f423b,32,0.008679858816039188,0.034261368480577974,True,0.021474196764208534,2031.399914902396,2036.6963588191948,4429.690028269142,65c31b43cc8bbecafa99293d37af058acc314ea0328e19d56d42efd6354d837e,0,True,,658,102399,full_posterior,1024,0.018412218270477322,0.015077027790123858,128,q_W,q_W,33792,2,1.0015685506808862,1,0.9950213976301472,1.0,dynamics_h_0p01_stage_2,ok,61fa5b97160a40ea4623d9b0909f5c6bd1efc198e054db5ea14dff80a68ca165,shallow_m1024_r2,production_final
2,shallow,final_geometry_v15_20260930,4327fe4ece9317f6fd20fad18389a71e9b1f423b,32,1.0087985334987861,0.001250320367256744,True,1.0073162721845517,4093.9159490670977,4088.2928990272976,8888.440032188562,65c31b43cc8bbecafa99293d37af058acc314ea0328e19d56d42efd6354d837e,0,True,,250,102399,full_posterior,1024,0.0006545172864655963,1.008057402841669,128,disp_A,disp_A,33792,2,1.0007583631506314,1,0.04489579953513859,1.0,dynamics_h_0p01_stage_2,ok,61fa5b97160a40ea4623d9b0909f5c6bd1efc198e054db5ea14dff80a68ca165,shallow_m1024_r2,production_final
2,shallow,final_geometry_v15_20260930,4327fe4ece9317f6fd20fad18389a71e9b1f423b,32,0.999702210785117,0.0002179557650996266,True,0.9999527050389199,4021.6536119485286,4020.5417619350296,9221.73234538586,65c31b43cc8bbecafa99293d37af058acc314ea0328e19d56d42efd6354d837e,0,True,,266,102399,full_posterior,1024,0.00011393712710738345,0.9998274579120182,128,disp_W1,disp_W1,33792,2,1.0006251887995463,1,0.007825965529758694,1.0,dynamics_h_0p01_stage_2,ok,61fa5b97160a40ea4623d9b0909f5c6bd1efc198e054db5ea14dff80a68ca165,shallow_m1024_r2,production_final
2,shallow,final_geometry_v15_20260930,4327fe4ece9317f6fd20fad18389a71e9b1f423b,32,65.30560640793732,0.10050564164750123,True,65.35750363271815,5201.376342181605,5214.02303889668,12988.70095812366,3c33ab97068dd5945a282db5d37da09715405593a7f159763e25828fdf3e6101,0,True,,304,51199,full_posterior,1024,0.051717280046475134,65.33155502032774,128,V,V,33792,2,1.0009654834992738,1,3.9712870120524775,1.0,dynamics_h_0p02_stage_2,ok,61fa5b97160a40ea4623d9b0909f5c6bd1efc198e054db5ea14dff80a68ca165,shallow_m1024_r2,validation_or_superseded
2,shallow,final_geometry_v15_20260930,4327fe4ece9317f6fd20fad18389a71e9b1f423b,32,16965.36752217238,3.8842366902522754,True,16958.35154399307,3691.070699635272,3695.0051621570096,7672.764697741889,3c33ab97068dd5945a282db5d37da09715405593a7f159763e25828fdf3e6101,0,True,,174,51199,full_posterior,1024,1.9766983932466886,16961.859533082723,128,U,U,33792,2,1.000815358560114,1,130.05282263552948,1.0,dynamics_h_0p02_stage_2,ok,61fa5b97160a40ea4623d9b0909f5c6bd1efc198e054db5ea14dff80a68ca165,shallow_m1024_r2,validation_or_superseded
2,shallow,final_geometry_v15_20260930,4327fe4ece9317f6fd20fad18389a71e9b1f423b,32,-0.35377169324220253,0.014776973375246855,True,-0.3218444722101775,4980.307146078446,4983.520076836413,10932.032644878695,3c33ab97068dd5945a282db5d37da09715405593a7f159763e25828fdf3e6101,0,True,,112,51199,full_posterior,1024,0.007619248625525334,-0.33780808272619006,128,train_logit_0,train_logit_0,33792,2,1.0018201191800977,1,0.563897546456586,1.0,dynamics_h_0p02_stage_2,ok,61fa5b97160a40ea4623d9b0909f5c6bd1efc198e054db5ea14dff80a68ca165,shallow_m1024_r2,validation_or_superseded
2,shallow,final_geometry_v15_20260930,4327fe4ece9317f6fd20fad18389a71e9b1f423b,32,0.34343709154189805,0.014113470724293253,True,0.35255924061882277,4859.056283631901,4852.695019281982,11644.123741156685,3c33ab97068dd5945a282db5d37da09715405593a7f159763e25828fdf3e6101,0,True,,228,51199,full_posterior,1024,0.007198532065944048,0.3479981660803604,128,train_logit_16,train_logit_16,33792,2,1.0006385704898608,1,0.5407712722892262,1.0,dynamics_h_0p02_stage_2,ok,61fa5b97160a40ea4623d9b0909f5c6bd1efc198e054db5ea14dff80a68ca165,shallow_m1024_r2,validation_or_superseded
2,shallow,final_geometry_v15_20260930,4327fe4ece9317f6fd20fad18389a71e9b1f423b,32,-0.5901428763508462,0.012933085781664029,True,-0.5748452713011628,5852.960616998448,5845.759289806662,13259.990765529394,3c33ab97068dd5945a282db5d37da09715405593a7f159763e25828fdf3e6101,0,True,,96,51199,full_posterior,1024,0.006587143012473768,-0.5824940738260045,128,train_logit_32,train_logit_32,33792,2,1.0011153530650743,1,0.5273763327635881,1.0,dynamics_h_0p02_stage_2,ok,61fa5b97160a40ea4623d9b0909f5c6bd1efc198e054db5ea14dff80a68ca165,shallow_m1024_r2,validation_or_superseded
2,shallow,final_geometry_v15_20260930,4327fe4ece9317f6fd20fad18389a71e9b1f423b,32,-1.090710212342317,0.015791866345375383,True,-1.08528786667731,4594.861882666207,4593.925384207753,10350.806556279804,3c33ab97068dd5945a282db5d37da09715405593a7f159763e25828fdf3e6101,0,True,,128,51199,full_posterior,1024,0.00805147589223481,-1.0879990395098134,128,train_logit_48,train_logit_48,33792,2,1.000971811546787,1,0.5802285318991598,1.0,dynamics_h_0p02_stage_2,ok,61fa5b97160a40ea4623d9b0909f5c6bd1efc198e054db5ea14dff80a68ca165,shallow_m1024_r2,validation_or_superseded
2,shallow,final_geometry_v15_20260930,4327fe4ece9317f6fd20fad18389a71e9b1f423b,32,0.6010235953020557,0.014262401875627972,True,0.5759091044128963,4935.802614209707,4923.335527601909,11335.947454576692,3c33ab97068dd5945a282db5d37da09715405593a7f159763e25828fdf3e6101,0,True,,160,51199,full_posterior,1024,0.007355180253380832,0.588466349857476,128,train_logit_64,train_logit_64,33792,2,1.0009415216479587,1,0.5469961397194507,1.0,dynamics_h_0p02_stage_2,ok,61fa5b97160a40ea4623d9b0909f5c6bd1efc198e054db5ea14dff80a68ca165,shallow_m1024_r2,validation_or_superseded
2,shallow,final_geometry_v15_20260930,4327fe4ece9317f6fd20fad18389a71e9b1f423b,32,-0.596200268016105,0.014453640754841594,True,-0.6099104183403756,4789.351417871433,4792.382516858452,11044.653170359583,3c33ab97068dd5945a282db5d37da09715405593a7f159763e25828fdf3e6101,0,True,,148,51199,full_posterior,1024,0.007329707571251415,-0.6030553431782404,128,train_logit_80,train_logit_80,33792,2,1.0005826843034094,1,0.5464872763813485,1.0,dynamics_h_0p02_stage_2,ok,61fa5b97160a40ea4623d9b0909f5c6bd1efc198e054db5ea14dff80a68ca165,shallow_m1024_r2,validation_or_superseded
2,shallow,final_geometry_v15_20260930,4327fe4ece9317f6fd20fad18389a71e9b1f423b,32,-0.9125957754255193,0.014083372874223137,True,-0.9236898860192548,5187.249150422668,5167.6887660291,10822.636071489826,3c33ab97068dd5945a282db5d37da09715405593a7f159763e25828fdf3e6101,0,True,,242,51199,full_posterior,1024,0.007393476903504073,-0.9181428307223869,128,train_logit_96,train_logit_96,33792,2,1.000701627680303,1,0.5455572459682791,1.0,dynamics_h_0p02_stage_2,ok,61fa5b97160a40ea4623d9b0909f5c6bd1efc198e054db5ea14dff80a68ca165,shallow_m1024_r2,validation_or_superseded
2,shallow,final_geometry_v15_20260930,4327fe4ece9317f6fd20fad18389a71e9b1f423b,32,0.7654436364639234,0.013024716377764011,True,0.7605783917288342,5429.364916334505,5416.968988957887,12010.779214438071,3c33ab97068dd5945a282db5d37da09715405593a7f159763e25828fdf3e6101,0,True,,156,51199,full_posterior,1024,0.00674674704996919,0.7630110140963788,128,train_logit_112,train_logit_112,33792,2,1.0010427926722694,1,0.5195167044818709,1.0,dynamics_h_0p02_stage_2,ok,61fa5b97160a40ea4623d9b0909f5c6bd1efc198e054db5ea14dff80a68ca165,shallow_m1024_r2,validation_or_superseded
2,shallow,final_geometry_v15_20260930,4327fe4ece9317f6fd20fad18389a71e9b1f423b,32,0.4161563364587988,0.004532222987970879,True,0.4110583356293732,4420.815152896302,4449.185696339798,10624.522421602072,3c33ab97068dd5945a282db5d37da09715405593a7f159763e25828fdf3e6101,0,True,,200,51199,full_posterior,1024,0.00237360748799304,0.41360733604408606,128,test_prob_0,test_prob_0,33792,2,1.0011304186590793,1,0.17156617387716258,1.0,dynamics_h_0p02_stage_2,ok,61fa5b97160a40ea4623d9b0909f5c6bd1efc198e054db5ea14dff80a68ca165,shallow_m1024_r2,validation_or_superseded
2,shallow,final_geometry_v15_20260930,4327fe4ece9317f6fd20fad18389a71e9b1f423b,32,0.435012647384536,0.004516103212010118,True,0.42699097290582366,4857.556345634069,4845.440350904095,11405.573925295112,3c33ab97068dd5945a282db5d37da09715405593a7f159763e25828fdf3e6101,0,True,,274,51199,full_posterior,1024,0.0023512948242645814,0.4310018101451799,128,test_prob_128,test_prob_128,33792,2,1.0009529904386392,1,0.1728480715594304,1.0,dynamics_h_0p02_stage_2,ok,61fa5b97160a40ea4623d9b0909f5c6bd1efc198e054db5ea14dff80a68ca165,shallow_m1024_r2,validation_or_superseded
2,shallow,final_geometry_v15_20260930,4327fe4ece9317f6fd20fad18389a71e9b1f423b,32,0.74831056870397,0.0037697637384333893,True,0.7465069709342375,4495.102214568605,4661.082875387643,10868.35089395119,3c33ab97068dd5945a282db5d37da09715405593a7f159763e25828fdf3e6101,0,True,,230,51199,full_posterior,1024,0.0019177013735745564,0.7474087698191039,128,test_prob_256,test_prob_256,33792,2,1.000472175292737,1,0.14102947513976655,1.0,dynamics_h_0p02_stage_2,ok,61fa5b97160a40ea4623d9b0909f5c6bd1efc198e054db5ea14dff80a68ca165,shallow_m1024_r2,validation_or_superseded
2,shallow,final_geometry_v15_20260930,4327fe4ece9317f6fd20fad18389a71e9b1f423b,32,0.8494641805623128,0.0026414996743078117,True,0.8495163543646197,4177.462219224021,4463.051025883133,9376.947142229767,3c33ab97068dd5945a282db5d37da09715405593a7f159763e25828fdf3e6101,0,True,,200,51199,full_posterior,1024,0.0013810908687566122,0.8494902674634662,128,test_prob_384,test_prob_384,33792,2,1.0007425260629068,1,0.09980807277412287,1.0,dynamics_h_0p02_stage_2,ok,61fa5b97160a40ea4623d9b0909f5c6bd1efc198e054db5ea14dff80a68ca165,shallow_m1024_r2,validation_or_superseded
2,shallow,final_geometry_v15_20260930,4327fe4ece9317f6fd20fad18389a71e9b1f423b,32,0.403155533462464,0.004782526350486011,True,0.39603509996696834,4218.586919283404,4253.075614040713,10609.511982152695,3c33ab97068dd5945a282db5d37da09715405593a7f159763e25828fdf3e6101,0,True,,154,51199,full_posterior,1024,0.002495866412665445,0.39959531671471615,128,test_prob_512,test_prob_512,33792,2,1.0008646442754376,1,0.17257341110976274,1.0,dynamics_h_0p02_stage_2,ok,61fa5b97160a40ea4623d9b0909f5c6bd1efc198e054db5ea14dff80a68ca165,shallow_m1024_r2,validation_or_superseded
2,shallow,final_geometry_v15_20260930,4327fe4ece9317f6fd20fad18389a71e9b1f423b,32,0.7429021015289885,0.004011933872811988,True,0.7457047714875188,4157.970542465379,4375.498113390552,9566.191257356453,3c33ab97068dd5945a282db5d37da09715405593a7f159763e25828fdf3e6101,0,True,,228,51199,full_posterior,1024,0.002047786017304748,0.7443034365082538,128,test_prob_640,test_prob_640,33792,2,1.001400238297305,1,0.1459680852240529,1.0,dynamics_h_0p02_stage_2,ok,61fa5b97160a40ea4623d9b0909f5c6bd1efc198e054db5ea14dff80a68ca165,shallow_m1024_r2,validation_or_superseded
2,shallow,final_geometry_v15_20260930,4327fe4ece9317f6fd20fad18389a71e9b1f423b,32,0.7392134078828875,0.004035111958533029,True,0.7374994616308881,4088.1968029772224,4146.92269776798,9614.915552546698,3c33ab97068dd5945a282db5d37da09715405593a7f159763e25828fdf3e6101,0,True,,176,51199,full_posterior,1024,0.0020844796594720145,0.738356434756888,128,test_prob_768,test_prob_768,33792,2,1.0004363780754284,1,0.14556708576081864,1.0,dynamics_h_0p02_stage_2,ok,61fa5b97160a40ea4623d9b0909f5c6bd1efc198e054db5ea14dff80a68ca165,shallow_m1024_r2,validation_or_superseded
2,shallow,final_geometry_v15_20260930,4327fe4ece9317f6fd20fad18389a71e9b1f423b,32,0.4399667654989591,0.005115299285875728,True,0.44446675281501036,3842.953801241199,3842.510263676381,10037.595544162727,3c33ab97068dd5945a282db5d37da09715405593a7f159763e25828fdf3e6101,0,True,,236,51199,full_posterior,1024,0.0027022248718094706,0.4422167591569846,128,test_prob_896,test_prob_896,33792,2,1.0008483784705369,1,0.18161768960430663,1.0,dynamics_h_0p02_stage_2,ok,61fa5b97160a40ea4623d9b0909f5c6bd1efc198e054db5ea14dff80a68ca165,shallow_m1024_r2,validation_or_superseded
2,shallow,final_geometry_v15_20260930,4327fe4ece9317f6fd20fad18389a71e9b1f423b,32,0.016573618746407035,0.017915826785279636,True,0.004091831570387735,4489.488659558757,4308.135954814237,6880.988635312237,3c33ab97068dd5945a282db5d37da09715405593a7f159763e25828fdf3e6101,0,True,,110,51199,full_posterior,1024,0.009130103832099242,0.010332725158397386,128,interaction_0,interaction_0,33792,2,1.0007443219694185,1,0.6313827725657948,1.0,dynamics_h_0p02_stage_2,ok,61fa5b97160a40ea4623d9b0909f5c6bd1efc198e054db5ea14dff80a68ca165,shallow_m1024_r2,validation_or_superseded
2,shallow,final_geometry_v15_20260930,4327fe4ece9317f6fd20fad18389a71e9b1f423b,32,0.039994882892734084,0.01885629006292213,True,0.003084336593953469,3920.819734425747,3677.790261332274,5417.161459521321,3c33ab97068dd5945a282db5d37da09715405593a7f159763e25828fdf3e6101,0,True,,270,51199,full_posterior,1024,0.009669799943266888,0.021539609743343777,128,interaction_1,interaction_1,33792,2,1.0017267281842854,1,0.6357475347307601,1.0,dynamics_h_0p02_stage_2,ok,61fa5b97160a40ea4623d9b0909f5c6bd1efc198e054db5ea14dff80a68ca165,shallow_m1024_r2,validation_or_superseded
2,shallow,final_geometry_v15_20260930,4327fe4ece9317f6fd20fad18389a71e9b1f423b,32,-0.03583886731826342,0.01726270128839252,True,-0.012903787694037074,4676.229246083709,4505.1233306202,6944.909233005509,3c33ab97068dd5945a282db5d37da09715405593a7f159763e25828fdf3e6101,0,True,,98,51199,full_posterior,1024,0.00875091765635974,-0.024371327506150245,128,interaction_2,interaction_2,33792,2,1.0007203123060098,1,0.6159441851229877,1.0,dynamics_h_0p02_stage_2,ok,61fa5b97160a40ea4623d9b0909f5c6bd1efc198e054db5ea14dff80a68ca165,shallow_m1024_r2,validation_or_superseded
2,shallow,final_geometry_v15_20260930,4327fe4ece9317f6fd20fad18389a71e9b1f423b,32,-0.008024819747900484,0.018286309276268405,True,-0.023526821961750235,4314.2634667180455,4113.331735897123,6710.407731086853,3c33ab97068dd5945a282db5d37da09715405593a7f159763e25828fdf3e6101,0,True,,158,51199,full_posterior,1024,0.009373943986402471,-0.01577582085482536,128,interaction_3,interaction_3,33792,2,1.0005092963112445,1,0.6403348174326694,1.0,dynamics_h_0p02_stage_2,ok,61fa5b97160a40ea4623d9b0909f5c6bd1efc198e054db5ea14dff80a68ca165,shallow_m1024_r2,validation_or_superseded
2,shallow,final_geometry_v15_20260930,4327fe4ece9317f6fd20fad18389a71e9b1f423b,32,-0.07414927369278562,0.038483940250022663,True,-0.08971920283796075,1947.8897379642137,1934.4323289165225,4535.411616724791,3c33ab97068dd5945a282db5d37da09715405593a7f159763e25828fdf3e6101,0,True,,364,51199,full_posterior,1024,0.020428985915387117,-0.0819342382653732,128,q_A,q_A,33792,2,1.0015008890408958,1,1.0255193951706556,1.0,dynamics_h_0p02_stage_2,ok,61fa5b97160a40ea4623d9b0909f5c6bd1efc198e054db5ea14dff80a68ca165,shallow_m1024_r2,validation_or_superseded
2,shallow,final_geometry_v15_20260930,4327fe4ece9317f6fd20fad18389a71e9b1f423b,32,-0.01388886540336725,0.037152607726381064,True,-0.03857536310917889,1814.667723748224,1831.22900204314,4259.574039024434,3c33ab97068dd5945a282db5d37da09715405593a7f159763e25828fdf3e6101,0,True,,806,51199,full_posterior,1024,0.019780493039078688,-0.026232114256273066,128,q_W,q_W,33792,2,1.0058464313384017,1,0.994569133912725,1.0,dynamics_h_0p02_stage_2,ok,61fa5b97160a40ea4623d9b0909f5c6bd1efc198e054db5ea14dff80a68ca165,shallow_m1024_r2,validation_or_superseded
2,shallow,final_geometry_v15_20260930,4327fe4ece9317f6fd20fad18389a71e9b1f423b,32,1.0080566610346287,0.0012715669618547194,True,1.0075645339957036,4034.640119924194,4014.4300469931713,9168.481077074879,3c33ab97068dd5945a282db5d37da09715405593a7f159763e25828fdf3e6101,0,True,,176,51199,full_posterior,1024,0.0006637393435053498,1.007810597515166,128,disp_A,disp_A,33792,2,1.000737729694146,1,0.04413487675041462,1.0,dynamics_h_0p02_stage_2,ok,61fa5b97160a40ea4623d9b0909f5c6bd1efc198e054db5ea14dff80a68ca165,shallow_m1024_r2,validation_or_superseded
2,shallow,final_geometry_v15_20260930,4327fe4ece9317f6fd20fad18389a71e9b1f423b,32,0.9999961490060246,0.00023187396114778442,True,0.9995801390963471,3744.9784731632094,3753.3048663492,7598.1788358510075,3c33ab97068dd5945a282db5d37da09715405593a7f159763e25828fdf3e6101,0,True,,174,51199,full_posterior,1024,0.0001177991777492847,0.9997881440511861,128,disp_W1,disp_W1,33792,2,1.0007148502443581,1,0.007801315502949939,1.0,dynamics_h_0p02_stage_2,ok,61fa5b97160a40ea4623d9b0909f5c6bd1efc198e054db5ea14dff80a68ca165,shallow_m1024_r2,validation_or_superseded
2,shallow,final_geometry_v15_20260930,4327fe4ece9317f6fd20fad18389a71e9b1f423b,32,69.92554700885847,0.08779929028435614,True,69.971724427595,5728.12123872257,5773.471755924297,12321.095257691066,716f82a4d32f5766e4a42e897396d994db572eb1891080247638fa1c4a0c6777,0,True,,408,204799,full_posterior,4096,0.045290128837623095,69.94863571822675,128,V,V,135168,0,1.0004281646093147,1,3.8214371451140563,1.0,dynamics_h_0p005_stage_2,ok,8a6220ba8b63029337f3aba7bf23ad58f356eb9ebe1053d6e3e3fcf5e1c55e2a,shallow_m4096_r0,validation_or_superseded
2,shallow,final_geometry_v15_20260930,4327fe4ece9317f6fd20fad18389a71e9b1f423b,32,67668.42885849277,6.818055703554547,True,67650.36410608521,4175.432788395267,4178.634195470464,9226.20713195444,716f82a4d32f5766e4a42e897396d994db572eb1891080247638fa1c4a0c6777,0,True,,508,204799,full_posterior,4096,3.632676889846895,67659.39648228895,128,U,U,135168,0,1.001939716104395,1,262.1479572755953,1.0,dynamics_h_0p005_stage_2,ok,8a6220ba8b63029337f3aba7bf23ad58f356eb9ebe1053d6e3e3fcf5e1c55e2a,shallow_m4096_r0,validation_or_superseded
2,shallow,final_geometry_v15_20260930,4327fe4ece9317f6fd20fad18389a71e9b1f423b,32,1.2081397598358854,0.013126274367786,True,1.2245228155162413,4852.624908113472,4852.089382055202,10065.005716657386,716f82a4d32f5766e4a42e897396d994db572eb1891080247638fa1c4a0c6777,0,True,,1076,204799,full_posterior,4096,0.006881333993774061,1.2163312876760635,128,train_logit_0,train_logit_0,135168,0,1.0008172792216927,1,0.546836508691266,1.0,dynamics_h_0p005_stage_2,ok,8a6220ba8b63029337f3aba7bf23ad58f356eb9ebe1053d6e3e3fcf5e1c55e2a,shallow_m4096_r0,validation_or_superseded
2,shallow,final_geometry_v15_20260930,4327fe4ece9317f6fd20fad18389a71e9b1f423b,32,0.005706851421333099,0.012302047340825982,True,0.00841009345116054,5156.556557864871,5131.8756693879695,12361.881717912302,716f82a4d32f5766e4a42e897396d994db572eb1891080247638fa1c4a0c6777,0,True,,852,204799,full_posterior,4096,0.006505473195856929,0.007058472436246819,128,train_logit_16,train_logit_16,135168,0,1.0005133878245958,1,0.5321139236705794,1.0,dynamics_h_0p005_stage_2,ok,8a6220ba8b63029337f3aba7bf23ad58f356eb9ebe1053d6e3e3fcf5e1c55e2a,shallow_m4096_r0,validation_or_superseded
2,shallow,final_geometry_v15_20260930,4327fe4ece9317f6fd20fad18389a71e9b1f423b,32,0.7346752160158226,0.013471817398844312,True,0.7498827673436014,4964.121446825874,4955.936887568275,11352.229756291797,716f82a4d32f5766e4a42e897396d994db572eb1891080247638fa1c4a0c6777,0,True,,432,204799,full_posterior,4096,0.007171863531731277,0.742278991679712,128,train_logit_32,train_logit_32,135168,0,1.0004949491791817,1,0.5555201535927528,1.0,dynamics_h_0p005_stage_2,ok,8a6220ba8b63029337f3aba7bf23ad58f356eb9ebe1053d6e3e3fcf5e1c55e2a,shallow_m4096_r0,validation_or_superseded
2,shallow,final_geometry_v15_20260930,4327fe4ece9317f6fd20fad18389a71e9b1f423b,32,0.552150624748324,0.013244214367505548,True,0.5483491315317744,5111.10740552592,5111.0919523522125,10794.548416444813,716f82a4d32f5766e4a42e897396d994db572eb1891080247638fa1c4a0c6777,0,True,,860,204799,full_posterior,4096,0.006941279282099282,0.5502498781400493,128,train_logit_48,train_logit_48,135168,0,1.0002073293338083,1,0.5508935921541172,1.0,dynamics_h_0p005_stage_2,ok,8a6220ba8b63029337f3aba7bf23ad58f356eb9ebe1053d6e3e3fcf5e1c55e2a,shallow_m4096_r0,validation_or_superseded
2,shallow,final_geometry_v15_20260930,4327fe4ece9317f6fd20fad18389a71e9b1f423b,32,0.784392174703617,0.012669655036988095,True,0.7933252554755122,5086.597721900097,5098.5163538496145,12066.118369110938,716f82a4d32f5766e4a42e897396d994db572eb1891080247638fa1c4a0c6777,0,True,,688,204799,full_posterior,4096,0.006655345582913526,0.7888587150895648,128,train_logit_64,train_logit_64,135168,0,1.000799095705678,1,0.54060152793361,1.0,dynamics_h_0p005_stage_2,ok,8a6220ba8b63029337f3aba7bf23ad58f356eb9ebe1053d6e3e3fcf5e1c55e2a,shallow_m4096_r0,validation_or_superseded
2,shallow,final_geometry_v15_20260930,4327fe4ece9317f6fd20fad18389a71e9b1f423b,32,-1.0895846188197589,0.013249452848017679,True,-1.1093799631996877,5128.508159756266,5122.867451041443,11764.551336266473,716f82a4d32f5766e4a42e897396d994db572eb1891080247638fa1c4a0c6777,0,True,,490,204799,full_posterior,4096,0.006970185783619601,-1.099482291009723,128,train_logit_80,train_logit_80,135168,0,1.0002950139107039,1,0.5530136394821938,1.0,dynamics_h_0p005_stage_2,ok,8a6220ba8b63029337f3aba7bf23ad58f356eb9ebe1053d6e3e3fcf5e1c55e2a,shallow_m4096_r0,validation_or_superseded
2,shallow,final_geometry_v15_20260930,4327fe4ece9317f6fd20fad18389a71e9b1f423b,32,0.7766986811586232,0.013279082921637545,True,0.7522738261474102,5200.13870662471,5192.856896087235,9860.501668881448,716f82a4d32f5766e4a42e897396d994db572eb1891080247638fa1c4a0c6777,0,True,,804,204799,full_posterior,4096,0.0068685504236743284,0.7644862536530167,128,train_logit_96,train_logit_96,135168,0,1.0005004193756941,1,0.5506399607830164,1.0,dynamics_h_0p005_stage_2,ok,8a6220ba8b63029337f3aba7bf23ad58f356eb9ebe1053d6e3e3fcf5e1c55e2a,shallow_m4096_r0,validation_or_superseded
2,shallow,final_geometry_v15_20260930,4327fe4ece9317f6fd20fad18389a71e9b1f423b,32,0.3388476514868437,0.012329850808613459,True,0.34377114417722837,5284.31328672314,5281.828246111321,12126.313587222137,716f82a4d32f5766e4a42e897396d994db572eb1891080247638fa1c4a0c6777,0,True,,762,204799,full_posterior,4096,0.0063640074644392,0.34130939783203607,128,train_logit_112,train_logit_112,135168,0,1.00059922399126,1,0.5296531758022279,1.0,dynamics_h_0p005_stage_2,ok,8a6220ba8b63029337f3aba7bf23ad58f356eb9ebe1053d6e3e3fcf5e1c55e2a,shallow_m4096_r0,validation_or_superseded
2,shallow,final_geometry_v15_20260930,4327fe4ece9317f6fd20fad18389a71e9b1f423b,32,0.5246608088517261,0.004532467662654417,True,0.5176933079511468,4131.971703571293,4138.073357151123,9826.028766517606,716f82a4d32f5766e4a42e897396d994db572eb1891080247638fa1c4a0c6777,0,True,,1164,204799,full_posterior,4096,0.0024346097460008894,0.5211770584014365,128,test_prob_0,test_prob_0,135168,0,1.0012050271748887,1,0.18168425371766692,1.0,dynamics_h_0p005_stage_2,ok,8a6220ba8b63029337f3aba7bf23ad58f356eb9ebe1053d6e3e3fcf5e1c55e2a,shallow_m4096_r0,validation_or_superseded
2,shallow,final_geometry_v15_20260930,4327fe4ece9317f6fd20fad18389a71e9b1f423b,32,0.6460803870895659,0.004236794436323257,True,0.6420790065834523,4402.590581204402,4471.088054864663,10396.797694389199,716f82a4d32f5766e4a42e897396d994db572eb1891080247638fa1c4a0c6777,0,True,,648,204799,full_posterior,4096,0.0022173107805170036,0.6440796968365092,128,test_prob_128,test_prob_128,135168,0,1.0015085306746654,1,0.17059416693567273,1.0,dynamics_h_0p005_stage_2,ok,8a6220ba8b63029337f3aba7bf23ad58f356eb9ebe1053d6e3e3fcf5e1c55e2a,shallow_m4096_r0,validation_or_superseded
2,shallow,final_geometry_v15_20260930,4327fe4ece9317f6fd20fad18389a71e9b1f423b,32,0.7143060912782179,0.003725398403834877,True,0.7115367334362847,4538.493378831807,4497.340060640636,9798.83312538685,716f82a4d32f5766e4a42e897396d994db572eb1891080247638fa1c4a0c6777,0,True,,928,204799,full_posterior,4096,0.0019626581758574605,0.7129214123572509,128,test_prob_256,test_prob_256,135168,0,1.000332462675454,1,0.1517316511057161,1.0,dynamics_h_0p005_stage_2,ok,8a6220ba8b63029337f3aba7bf23ad58f356eb9ebe1053d6e3e3fcf5e1c55e2a,shallow_m4096_r0,validation_or_superseded
2,shallow,final_geometry_v15_20260930,4327fe4ece9317f6fd20fad18389a71e9b1f423b,32,0.30876882704185593,0.003990329803157826,True,0.3024798652181484,4255.434266426465,4245.75872557498,9919.311234901088,716f82a4d32f5766e4a42e897396d994db572eb1891080247638fa1c4a0c6777,0,True,,796,204799,full_posterior,4096,0.0021186505787059123,0.3056243461300021,128,test_prob_384,test_prob_384,135168,0,1.0004205712780774,1,0.158189300383718,1.0,dynamics_h_0p005_stage_2,ok,8a6220ba8b63029337f3aba7bf23ad58f356eb9ebe1053d6e3e3fcf5e1c55e2a,shallow_m4096_r0,validation_or_superseded
2,shallow,final_geometry_v15_20260930,4327fe4ece9317f6fd20fad18389a71e9b1f423b,32,0.6463056144654356,0.004123879545628159,True,0.6468856327305892,4520.830914360029,4579.930527000663,11295.50661662035,716f82a4d32f5766e4a42e897396d994db572eb1891080247638fa1c4a0c6777,0,True,,604,204799,full_posterior,4096,0.0021981705145099856,0.6465956235980124,128,test_prob_512,test_prob_512,135168,0,1.000485810628916,1,0.1674820043957808,1.0,dynamics_h_0p005_stage_2,ok,8a6220ba8b63029337f3aba7bf23ad58f356eb9ebe1053d6e3e3fcf5e1c55e2a,shallow_m4096_r0,validation_or_superseded
2,shallow,final_geometry_v15_20260930,4327fe4ece9317f6fd20fad18389a71e9b1f423b,32,0.3466404968717704,0.003996596459257888,True,0.3436180806574647,4713.686222574657,4797.8072304504985,11086.567997554068,716f82a4d32f5766e4a42e897396d994db572eb1891080247638fa1c4a0c6777,0,True,,712,204799,full_posterior,4096,0.0021033721973156136,0.34512928876461757,128,test_prob_640,test_prob_640,135168,0,1.0007521386129654,1,0.16329686725929737,1.0,dynamics_h_0p005_stage_2,ok,8a6220ba8b63029337f3aba7bf23ad58f356eb9ebe1053d6e3e3fcf5e1c55e2a,shallow_m4096_r0,validation_or_superseded
2,shallow,final_geometry_v15_20260930,4327fe4ece9317f6fd20fad18389a71e9b1f423b,32,0.5123719255309402,0.0045066339165642155,True,0.5097507615546205,3987.5499224862706,3968.742350977224,9395.665758946347,716f82a4d32f5766e4a42e897396d994db572eb1891080247638fa1c4a0c6777,0,True,,1262,204799,full_posterior,4096,0.0023524750629171196,0.5110613435427801,128,test_prob_768,test_prob_768,135168,0,1.0007207096581703,1,0.1806658123798668,1.0,dynamics_h_0p005_stage_2,ok,8a6220ba8b63029337f3aba7bf23ad58f356eb9ebe1053d6e3e3fcf5e1c55e2a,shallow_m4096_r0,validation_or_superseded
2,shallow,final_geometry_v15_20260930,4327fe4ece9317f6fd20fad18389a71e9b1f423b,32,0.5061853694961159,0.004600003932309964,True,0.5065457552905893,4050.4818722234327,4099.217272118729,9608.368890130838,716f82a4d32f5766e4a42e897396d994db572eb1891080247638fa1c4a0c6777,0,True,,1002,204799,full_posterior,4096,0.0024179188080007577,0.5063655623933525,128,test_prob_896,test_prob_896,135168,0,1.0011633668499866,1,0.18177446784502413,1.0,dynamics_h_0p005_stage_2,ok,8a6220ba8b63029337f3aba7bf23ad58f356eb9ebe1053d6e3e3fcf5e1c55e2a,shallow_m4096_r0,validation_or_superseded
2,shallow,final_geometry_v15_20260930,4327fe4ece9317f6fd20fad18389a71e9b1f423b,32,-0.0027266388225580316,0.0167678884121236,True,0.00016327208491199479,4509.465272694506,4273.651874977606,6175.82932751604,716f82a4d32f5766e4a42e897396d994db572eb1891080247638fa1c4a0c6777,0,True,,420,204799,full_posterior,4096,0.008819118133466027,-0.0012816833688230188,128,interaction_0,interaction_0,135168,0,1.0003750537459866,1,0.6431749764408937,1.0,dynamics_h_0p005_stage_2,ok,8a6220ba8b63029337f3aba7bf23ad58f356eb9ebe1053d6e3e3fcf5e1c55e2a,shallow_m4096_r0,validation_or_superseded
2,shallow,final_geometry_v15_20260930,4327fe4ece9317f6fd20fad18389a71e9b1f423b,32,0.015124018554825796,0.016493835613497897,True,-0.022967909283779283,4272.406836807269,4157.506792059978,6251.032852695696,716f82a4d32f5766e4a42e897396d994db572eb1891080247638fa1c4a0c6777,0,True,,534,204799,full_posterior,4096,0.008650437935539485,-0.003921945364476747,128,interaction_1,interaction_1,135168,0,1.0011979259801567,1,0.6316118041821603,1.0,dynamics_h_0p005_stage_2,ok,8a6220ba8b63029337f3aba7bf23ad58f356eb9ebe1053d6e3e3fcf5e1c55e2a,shallow_m4096_r0,validation_or_superseded
2,shallow,final_geometry_v15_20260930,4327fe4ece9317f6fd20fad18389a71e9b1f423b,32,-0.007997024014140682,0.016081653727451576,True,-0.004017997923576685,4569.196246383883,4355.020540828293,6465.631814200555,716f82a4d32f5766e4a42e897396d994db572eb1891080247638fa1c4a0c6777,0,True,,518,204799,full_posterior,4096,0.008478035902632053,-0.006007510968858687,128,interaction_2,interaction_2,135168,0,1.0012066316102501,1,0.6237530687635925,1.0,dynamics_h_0p005_stage_2,ok,8a6220ba8b63029337f3aba7bf23ad58f356eb9ebe1053d6e3e3fcf5e1c55e2a,shallow_m4096_r0,validation_or_superseded
2,shallow,final_geometry_v15_20260930,4327fe4ece9317f6fd20fad18389a71e9b1f423b,32,0.015508736939014651,0.01582630829966352,True,0.01349978760895316,4558.634074728665,4381.401620950988,6324.455625926827,716f82a4d32f5766e4a42e897396d994db572eb1891080247638fa1c4a0c6777,0,True,,492,204799,full_posterior,4096,0.008503076298901914,0.014504262273983905,128,interaction_3,interaction_3,135168,0,1.0010115098806558,1,0.6210717544641912,1.0,dynamics_h_0p005_stage_2,ok,8a6220ba8b63029337f3aba7bf23ad58f356eb9ebe1053d6e3e3fcf5e1c55e2a,shallow_m4096_r0,validation_or_superseded
2,shallow,final_geometry_v15_20260930,4327fe4ece9317f6fd20fad18389a71e9b1f423b,32,-0.028783931527745044,0.029990062817118808,True,-0.01412484036199875,2091.3247138354077,2082.937974897165,4560.09341100957,716f82a4d32f5766e4a42e897396d994db572eb1891080247638fa1c4a0c6777,0,True,,2010,204799,full_posterior,4096,0.016459596367699045,-0.02145438594487189,128,q_A,q_A,135168,0,1.0016645718852488,1,0.9688787558199872,1.0,dynamics_h_0p005_stage_2,ok,8a6220ba8b63029337f3aba7bf23ad58f356eb9ebe1053d6e3e3fcf5e1c55e2a,shallow_m4096_r0,validation_or_superseded
2,shallow,final_geometry_v15_20260930,4327fe4ece9317f6fd20fad18389a71e9b1f423b,32,0.031007406746322515,0.03054715124459055,True,0.034830367151457334,2143.9792439835187,2106.622832050951,5039.263893766504,716f82a4d32f5766e4a42e897396d994db572eb1891080247638fa1c4a0c6777,0,True,,2220,204799,full_posterior,4096,0.016680314462876957,0.03291888694888992,128,q_W,q_W,135168,0,1.0019651136352212,1,0.9812532559017471,1.0,dynamics_h_0p005_stage_2,ok,8a6220ba8b63029337f3aba7bf23ad58f356eb9ebe1053d6e3e3fcf5e1c55e2a,shallow_m4096_r0,validation_or_superseded
2,shallow,final_geometry_v15_20260930,4327fe4ece9317f6fd20fad18389a71e9b1f423b,32,1.0009234771904556,0.0005755756053260861,True,1.001787364973476,4171.689502332232,4173.8617886046695,9687.246789053119,716f82a4d32f5766e4a42e897396d994db572eb1891080247638fa1c4a0c6777,0,True,,1000,204799,full_posterior,4096,0.0003006960189971125,1.0013554210819655,128,disp_A,disp_A,135168,0,1.0008526214345943,1,0.022045045269993502,1.0,dynamics_h_0p005_stage_2,ok,8a6220ba8b63029337f3aba7bf23ad58f356eb9ebe1053d6e3e3fcf5e1c55e2a,shallow_m4096_r0,validation_or_superseded
2,shallow,final_geometry_v15_20260930,4327fe4ece9317f6fd20fad18389a71e9b1f423b,32,1.0001924443084391,0.00010231073703675453,True,0.9998890969572746,4196.926018959648,4200.161049242038,9225.652839229911,716f82a4d32f5766e4a42e897396d994db572eb1891080247638fa1c4a0c6777,0,True,,510,204799,full_posterior,4096,5.4447356467269957e-05,1.0000407706328565,128,disp_W1,disp_W1,135168,0,1.0022774408107813,1,0.003934011619543064,1.0,dynamics_h_0p005_stage_2,ok,8a6220ba8b63029337f3aba7bf23ad58f356eb9ebe1053d6e3e3fcf5e1c55e2a,shallow_m4096_r0,validation_or_superseded
2,shallow,final_geometry_v15_20260930,4327fe4ece9317f6fd20fad18389a71e9b1f423b,32,69.90863184187211,0.08922895182379252,True,70.0261781475293,5709.119269687706,5745.356636138787,13349.16477537729,5eeddbc393d63b7d3fbc867f539f2d7395eac85f469014fe61df0e7b731376b2,0,True,,370,102399,full_posterior,4096,0.046132810980130175,69.96740499470071,128,V,V,135168,0,1.0006542312293591,1,3.7718913926703057,1.0,dynamics_h_0p01_stage_2,ok,8a6220ba8b63029337f3aba7bf23ad58f356eb9ebe1053d6e3e3fcf5e1c55e2a,shallow_m4096_r0,production_final
2,shallow,final_geometry_v15_20260930,4327fe4ece9317f6fd20fad18389a71e9b1f423b,32,67652.02893074456,7.184160554846789,True,67659.13536981797,4158.012526564978,4145.468063387857,9332.200067133792,5eeddbc393d63b7d3fbc867f539f2d7395eac85f469014fe61df0e7b731376b2,0,True,,338,102399,full_posterior,4096,3.6832132272139373,67655.58215028126,128,U,U,135168,0,1.0005057252579106,1,260.6164355617724,1.0,dynamics_h_0p01_stage_2,ok,8a6220ba8b63029337f3aba7bf23ad58f356eb9ebe1053d6e3e3fcf5e1c55e2a,shallow_m4096_r0,production_final
2,shallow,final_geometry_v15_20260930,4327fe4ece9317f6fd20fad18389a71e9b1f423b,32,1.245372526143193,0.013936928204149256,True,1.2436490577428336,4946.988145824936,4936.864884460183,10569.671339752045,5eeddbc393d63b7d3fbc867f539f2d7395eac85f469014fe61df0e7b731376b2,0,True,,222,102399,full_posterior,4096,0.007281854656795964,1.2445107919430134,128,train_logit_0,train_logit_0,135168,0,1.0007548465576965,1,0.5529997645748791,1.0,dynamics_h_0p01_stage_2,ok,8a6220ba8b63029337f3aba7bf23ad58f356eb9ebe1053d6e3e3fcf5e1c55e2a,shallow_m4096_r0,production_final
2,shallow,final_geometry_v15_20260930,4327fe4ece9317f6fd20fad18389a71e9b1f423b,32,0.013467402615061588,0.013228167113280453,True,0.003714087926573149,5044.025677227294,5031.721142269457,11893.41530348523,5eeddbc393d63b7d3fbc867f539f2d7395eac85f469014fe61df0e7b731376b2,0,True,,428,102399,full_posterior,4096,0.006965247300287124,0.008590745270817365,128,train_logit_16,train_logit_16,135168,0,1.000475133439949,1,0.5401626548692046,1.0,dynamics_h_0p01_stage_2,ok,8a6220ba8b63029337f3aba7bf23ad58f356eb9ebe1053d6e3e3fcf5e1c55e2a,shallow_m4096_r0,production_final
2,shallow,final_geometry_v15_20260930,4327fe4ece9317f6fd20fad18389a71e9b1f423b,32,0.7483572883008841,0.01456676062586026,True,0.7443581627094055,4638.515790135997,4630.389396411092,10518.599099718047,5eeddbc393d63b7d3fbc867f539f2d7395eac85f469014fe61df0e7b731376b2,0,True,,336,102399,full_posterior,4096,0.007522394192477499,0.7463577255051449,128,train_logit_32,train_logit_32,135168,0,1.0008401343263362,1,0.5612978988687987,1.0,dynamics_h_0p01_stage_2,ok,8a6220ba8b63029337f3aba7bf23ad58f356eb9ebe1053d6e3e3fcf5e1c55e2a,shallow_m4096_r0,production_final
2,shallow,final_geometry_v15_20260930,4327fe4ece9317f6fd20fad18389a71e9b1f423b,32,0.5463895977074757,0.01361094729697126,True,0.5665241296327043,4967.769500060299,4953.265173769668,12063.08315676932,5eeddbc393d63b7d3fbc867f539f2d7395eac85f469014fe61df0e7b731376b2,0,True,,368,102399,full_posterior,4096,0.0070737204636288666,0.5564568636700902,128,train_logit_48,train_logit_48,135168,0,1.0017299415423104,1,0.5453227572000618,1.0,dynamics_h_0p01_stage_2,ok,8a6220ba8b63029337f3aba7bf23ad58f356eb9ebe1053d6e3e3fcf5e1c55e2a,shallow_m4096_r0,production_final
2,shallow,final_geometry_v15_20260930,4327fe4ece9317f6fd20fad18389a71e9b1f423b,32,0.7853820776142751,0.013350201843600997,True,0.803240536516588,5007.090297929455,5002.481523500656,11866.297745265556,5eeddbc393d63b7d3fbc867f539f2d7395eac85f469014fe61df0e7b731376b2,0,True,,340,102399,full_posterior,4096,0.006823929767005478,0.7943113070654318,128,train_logit_64,train_logit_64,135168,0,1.0005839483553816,1,0.5356848107778245,1.0,dynamics_h_0p01_stage_2,ok,8a6220ba8b63029337f3aba7bf23ad58f356eb9ebe1053d6e3e3fcf5e1c55e2a,shallow_m4096_r0,production_final
2,shallow,final_geometry_v15_20260930,4327fe4ece9317f6fd20fad18389a71e9b1f423b,32,-1.1034891699048228,0.014410536650816276,True,-1.1011092915871827,4495.828209086805,4506.52211300948,10890.900039640286,5eeddbc393d63b7d3fbc867f539f2d7395eac85f469014fe61df0e7b731376b2,0,True,,460,102399,full_posterior,4096,0.007504539079567253,-1.1022992307460024,128,train_logit_80,train_logit_80,135168,0,1.000574212763997,1,0.557650967358442,1.0,dynamics_h_0p01_stage_2,ok,8a6220ba8b63029337f3aba7bf23ad58f356eb9ebe1053d6e3e3fcf5e1c55e2a,shallow_m4096_r0,production_final
2,shallow,final_geometry_v15_20260930,4327fe4ece9317f6fd20fad18389a71e9b1f423b,32,0.770633545643709,0.013948582435461144,True,0.7528025487450983,4732.456996820977,4722.7884484711885,10630.557909473497,5eeddbc393d63b7d3fbc867f539f2d7395eac85f469014fe61df0e7b731376b2,0,True,,354,102399,full_posterior,4096,0.007268912401109185,0.7617180471944036,128,train_logit_96,train_logit_96,135168,0,1.0010300503765546,1,0.5572860562608618,1.0,dynamics_h_0p01_stage_2,ok,8a6220ba8b63029337f3aba7bf23ad58f356eb9ebe1053d6e3e3fcf5e1c55e2a,shallow_m4096_r0,production_final
2,shallow,final_geometry_v15_20260930,4327fe4ece9317f6fd20fad18389a71e9b1f423b,32,0.3546443885516136,0.012882549031211471,True,0.35151085250339775,5417.148024280306,5382.622263480374,12558.309198316381,5eeddbc393d63b7d3fbc867f539f2d7395eac85f469014fe61df0e7b731376b2,0,True,,606,102399,full_posterior,4096,0.006597187607502406,0.35307762052750574,128,train_logit_112,train_logit_112,135168,0,1.0004586186953137,1,0.5319506399849806,1.0,dynamics_h_0p01_stage_2,ok,8a6220ba8b63029337f3aba7bf23ad58f356eb9ebe1053d6e3e3fcf5e1c55e2a,shallow_m4096_r0,production_final
2,shallow,final_geometry_v15_20260930,4327fe4ece9317f6fd20fad18389a71e9b1f423b,32,0.5244869344039931,0.004726654191362083,True,0.515673208088176,4355.872073164189,4392.126385703913,11082.38345931221,5eeddbc393d63b7d3fbc867f539f2d7395eac85f469014fe61df0e7b731376b2,0,True,,466,102399,full_posterior,4096,0.0024779062179205347,0.5200800712460846,128,test_prob_0,test_prob_0,135168,0,1.0020167586487767,1,0.18165546488287343,1.0,dynamics_h_0p01_stage_2,ok,8a6220ba8b63029337f3aba7bf23ad58f356eb9ebe1053d6e3e3fcf5e1c55e2a,shallow_m4096_r0,production_final
2,shallow,final_geometry_v15_20260930,4327fe4ece9317f6fd20fad18389a71e9b1f423b,32,0.6432541897383124,0.004451828011446678,True,0.6522757924923672,4272.394679420162,4313.088825500973,10663.051736410485,5eeddbc393d63b7d3fbc867f539f2d7395eac85f469014fe61df0e7b731376b2,0,True,,396,102399,full_posterior,4096,0.0023655901730050264,0.6477649911153398,128,test_prob_128,test_prob_128,135168,0,1.0008444741639468,1,0.1694309017634792,1.0,dynamics_h_0p01_stage_2,ok,8a6220ba8b63029337f3aba7bf23ad58f356eb9ebe1053d6e3e3fcf5e1c55e2a,shallow_m4096_r0,production_final
2,shallow,final_geometry_v15_20260930,4327fe4ece9317f6fd20fad18389a71e9b1f423b,32,0.7176834995305047,0.003863839734807073,True,0.7154794154899717,4115.081867986859,4215.963631661842,9774.381036617895,5eeddbc393d63b7d3fbc867f539f2d7395eac85f469014fe61df0e7b731376b2,0,True,,674,102399,full_posterior,4096,0.0020421156414938187,0.7165814575102379,128,test_prob_256,test_prob_256,135168,0,1.000375727035724,1,0.1495691633659995,1.0,dynamics_h_0p01_stage_2,ok,8a6220ba8b63029337f3aba7bf23ad58f356eb9ebe1053d6e3e3fcf5e1c55e2a,shallow_m4096_r0,production_final
2,shallow,final_geometry_v15_20260930,4327fe4ece9317f6fd20fad18389a71e9b1f423b,32,0.30710535680548956,0.004184577917294124,True,0.30481014814212704,4363.444413761213,4498.459517288143,9969.527017099352,5eeddbc393d63b7d3fbc867f539f2d7395eac85f469014fe61df0e7b731376b2,0,True,,252,102399,full_posterior,4096,0.0021717835788525384,0.3059577524738083,128,test_prob_384,test_prob_384,135168,0,1.0008186784275774,1,0.1587948421511163,1.0,dynamics_h_0p01_stage_2,ok,8a6220ba8b63029337f3aba7bf23ad58f356eb9ebe1053d6e3e3fcf5e1c55e2a,shallow_m4096_r0,production_final
2,shallow,final_geometry_v15_20260930,4327fe4ece9317f6fd20fad18389a71e9b1f423b,32,0.6420092496375349,0.004373760682561917,True,0.6464617527232965,4164.491473909256,4208.2712780378515,10969.547720627668,5eeddbc393d63b7d3fbc867f539f2d7395eac85f469014fe61df0e7b731376b2,0,True,,482,102399,full_posterior,4096,0.0022946757690530672,0.6442355011804157,128,test_prob_512,test_prob_512,135168,0,1.0009552057160038,1,0.1661981682963194,1.0,dynamics_h_0p01_stage_2,ok,8a6220ba8b63029337f3aba7bf23ad58f356eb9ebe1053d6e3e3fcf5e1c55e2a,shallow_m4096_r0,production_final
2,shallow,final_geometry_v15_20260930,4327fe4ece9317f6fd20fad18389a71e9b1f423b,32,0.3444985038703707,0.004261350921935901,True,0.3466649864359408,4750.626192177142,4797.879413024948,10648.907408926041,5eeddbc393d63b7d3fbc867f539f2d7395eac85f469014fe61df0e7b731376b2,0,True,,248,102399,full_posterior,4096,0.0022167722418610617,0.34558174515315576,128,test_prob_640,test_prob_640,135168,0,1.0011346305021211,1,0.16464181941859635,1.0,dynamics_h_0p01_stage_2,ok,8a6220ba8b63029337f3aba7bf23ad58f356eb9ebe1053d6e3e3fcf5e1c55e2a,shallow_m4096_r0,production_final
2,shallow,final_geometry_v15_20260930,4327fe4ece9317f6fd20fad18389a71e9b1f423b,32,0.5070517093985272,0.004649342888075639,True,0.5104048630765934,4657.473588048846,4690.985654415961,10770.581960088513,5eeddbc393d63b7d3fbc867f539f2d7395eac85f469014fe61df0e7b731376b2,0,True,,560,102399,full_posterior,4096,0.002453985038446479,0.5087282862375602,128,test_prob_768,test_prob_768,135168,0,1.0009798444473785,1,0.18128922405876707,1.0,dynamics_h_0p01_stage_2,ok,8a6220ba8b63029337f3aba7bf23ad58f356eb9ebe1053d6e3e3fcf5e1c55e2a,shallow_m4096_r0,production_final
2,shallow,final_geometry_v15_20260930,4327fe4ece9317f6fd20fad18389a71e9b1f423b,32,0.513672459465219,0.004611487753459543,True,0.5023062214003402,4757.987655815668,4816.710587336366,10299.499972942445,5eeddbc393d63b7d3fbc867f539f2d7395eac85f469014fe61df0e7b731376b2,0,True,,374,102399,full_posterior,4096,0.002410413490660772,0.5079893404327797,128,test_prob_896,test_prob_896,135168,0,1.0019064285992263,1,0.1800213012437915,1.0,dynamics_h_0p01_stage_2,ok,8a6220ba8b63029337f3aba7bf23ad58f356eb9ebe1053d6e3e3fcf5e1c55e2a,shallow_m4096_r0,production_final
2,shallow,final_geometry_v15_20260930,4327fe4ece9317f6fd20fad18389a71e9b1f423b,32,0.010267611119692504,0.016976351894574485,True,0.002939666044927805,4269.656392955251,4111.529372433121,7167.22590569747,5eeddbc393d63b7d3fbc867f539f2d7395eac85f469014fe61df0e7b731376b2,0,True,,694,102399,full_posterior,4096,0.009002495711806719,0.006603638582310155,128,interaction_0,interaction_0,135168,0,1.0019387420753627,1,0.6287650791680157,1.0,dynamics_h_0p01_stage_2,ok,8a6220ba8b63029337f3aba7bf23ad58f356eb9ebe1053d6e3e3fcf5e1c55e2a,shallow_m4096_r0,production_final
2,shallow,final_geometry_v15_20260930,4327fe4ece9317f6fd20fad18389a71e9b1f423b,32,-0.018012007732924818,0.017263809002224906,True,0.029731671325215477,4358.169678758138,4185.665547648738,6544.696931180411,5eeddbc393d63b7d3fbc867f539f2d7395eac85f469014fe61df0e7b731376b2,0,True,,308,102399,full_posterior,4096,0.008996830711916178,0.005859831796145331,128,interaction_1,interaction_1,135168,0,1.0013494642057095,1,0.6320925502544119,1.0,dynamics_h_0p01_stage_2,ok,8a6220ba8b63029337f3aba7bf23ad58f356eb9ebe1053d6e3e3fcf5e1c55e2a,shallow_m4096_r0,production_final
2,shallow,final_geometry_v15_20260930,4327fe4ece9317f6fd20fad18389a71e9b1f423b,32,0.0014317176731910631,0.01674914893551711,True,0.0025233004074194875,4287.7707462355465,4171.9749142832725,7047.556335130475,5eeddbc393d63b7d3fbc867f539f2d7395eac85f469014fe61df0e7b731376b2,0,True,,638,102399,full_posterior,4096,0.008798844558458632,0.0019775090403052757,128,interaction_2,interaction_2,135168,0,1.0003362251543622,1,0.6262462991548473,1.0,dynamics_h_0p01_stage_2,ok,8a6220ba8b63029337f3aba7bf23ad58f356eb9ebe1053d6e3e3fcf5e1c55e2a,shallow_m4096_r0,production_final
2,shallow,final_geometry_v15_20260930,4327fe4ece9317f6fd20fad18389a71e9b1f423b,32,0.023506143502258676,0.016601511290458757,True,-0.0056630155893804355,4529.393004486673,4320.004059326069,7084.208829839948,5eeddbc393d63b7d3fbc867f539f2d7395eac85f469014fe61df0e7b731376b2,0,True,,346,102399,full_posterior,4096,0.008722873152087566,0.008921563956439123,128,interaction_3,interaction_3,135168,0,1.0017433239187357,1,0.6187097687119615,1.0,dynamics_h_0p01_stage_2,ok,8a6220ba8b63029337f3aba7bf23ad58f356eb9ebe1053d6e3e3fcf5e1c55e2a,shallow_m4096_r0,production_final
2,shallow,final_geometry_v15_20260930,4327fe4ece9317f6fd20fad18389a71e9b1f423b,32,0.04040504452110505,0.035720553813900255,True,-0.03439230508697874,1708.0346073737833,1725.270476021242,3610.833390045431,5eeddbc393d63b7d3fbc867f539f2d7395eac85f469014fe61df0e7b731376b2,0,True,,1438,102399,full_posterior,4096,0.019416051303592703,0.003006369717063154,128,q_A,q_A,135168,0,1.0032515237460888,1,1.0184660186606795,1.0,dynamics_h_0p01_stage_2,ok,8a6220ba8b63029337f3aba7bf23ad58f356eb9ebe1053d6e3e3fcf5e1c55e2a,shallow_m4096_r0,production_final
2,shallow,final_geometry_v15_20260930,4327fe4ece9317f6fd20fad18389a71e9b1f423b,32,0.06548551337678776,0.0344831541647335,True,-0.07160791522508618,1979.8379433238404,1994.0931518321165,4334.319375236352,5eeddbc393d63b7d3fbc867f539f2d7395eac85f469014fe61df0e7b731376b2,0,True,,698,102399,full_posterior,4096,0.01853929526527289,-0.0030612009241492077,128,q_W,q_W,135168,0,1.0033122941478179,1,1.0009999958820859,1.0,dynamics_h_0p01_stage_2,ok,8a6220ba8b63029337f3aba7bf23ad58f356eb9ebe1053d6e3e3fcf5e1c55e2a,shallow_m4096_r0,production_final
2,shallow,final_geometry_v15_20260930,4327fe4ece9317f6fd20fad18389a71e9b1f423b,32,1.001461836063159,0.0006153780356408055,True,1.0009100106243503,4231.961328051808,4222.781091189595,9309.220948336315,5eeddbc393d63b7d3fbc867f539f2d7395eac85f469014fe61df0e7b731376b2,0,True,,216,102399,full_posterior,4096,0.00031633960392471873,1.001185923343755,128,disp_A,disp_A,135168,0,1.0004259870587071,1,0.022238108286942088,1.0,dynamics_h_0p01_stage_2,ok,8a6220ba8b63029337f3aba7bf23ad58f356eb9ebe1053d6e3e3fcf5e1c55e2a,shallow_m4096_r0,production_final
2,shallow,final_geometry_v15_20260930,4327fe4ece9317f6fd20fad18389a71e9b1f423b,32,0.9999256356604818,0.00010702163803027636,True,1.0000495222459682,4216.044547737209,4202.515416513262,9456.411339243177,5eeddbc393d63b7d3fbc867f539f2d7395eac85f469014fe61df0e7b731376b2,0,True,,276,102399,full_posterior,4096,5.492493570561035e-05,0.9999875789532249,128,disp_W1,disp_W1,135168,0,1.0006568482738967,1,0.0039018327951716916,1.0,dynamics_h_0p01_stage_2,ok,8a6220ba8b63029337f3aba7bf23ad58f356eb9ebe1053d6e3e3fcf5e1c55e2a,shallow_m4096_r0,production_final
2,shallow,final_geometry_v15_20260930,4327fe4ece9317f6fd20fad18389a71e9b1f423b,32,70.14673595454504,0.09233823337420317,True,69.95726458738842,5473.127825196796,5481.738900241236,13270.211795085872,988cad91d81cd602d1a7d2796f9ce0dc77f5f95c1ff606584500709b94575fe3,0,True,,252,51199,full_posterior,4096,0.04900306167315722,70.05200027096673,128,V,V,135168,0,1.0009067075418132,1,3.832505812424656,1.0,dynamics_h_0p02_stage_2,ok,8a6220ba8b63029337f3aba7bf23ad58f356eb9ebe1053d6e3e3fcf5e1c55e2a,shallow_m4096_r0,validation_or_superseded
2,shallow,final_geometry_v15_20260930,4327fe4ece9317f6fd20fad18389a71e9b1f423b,32,67656.18102298338,7.355866290302149,True,67669.68812869472,4125.059374409172,4121.716723811101,9179.856851421824,988cad91d81cd602d1a7d2796f9ce0dc77f5f95c1ff606584500709b94575fe3,0,True,,124,51199,full_posterior,4096,3.887494029710805,67662.93457583904,128,U,U,135168,0,1.0009527429347929,1,258.90374743887276,1.0,dynamics_h_0p02_stage_2,ok,8a6220ba8b63029337f3aba7bf23ad58f356eb9ebe1053d6e3e3fcf5e1c55e2a,shallow_m4096_r0,validation_or_superseded
2,shallow,final_geometry_v15_20260930,4327fe4ece9317f6fd20fad18389a71e9b1f423b,32,1.214261970122455,0.014353782277663821,True,1.2098778058500725,4938.36903927806,4910.720179398334,11183.036026858015,988cad91d81cd602d1a7d2796f9ce0dc77f5f95c1ff606584500709b94575fe3,0,True,,236,51199,full_posterior,4096,0.007432178962785215,1.212069887986264,128,train_logit_0,train_logit_0,135168,0,1.0004647203413,1,0.5475768220315915,1.0,dynamics_h_0p02_stage_2,ok,8a6220ba8b63029337f3aba7bf23ad58f356eb9ebe1053d6e3e3fcf5e1c55e2a,shallow_m4096_r0,validation_or_superseded
2,shallow,final_geometry_v15_20260930,4327fe4ece9317f6fd20fad18389a71e9b1f423b,32,0.015231179452696674,0.014079731121764043,True,0.006057115193795066,4516.183314833904,4506.376586608046,9792.683253652987,988cad91d81cd602d1a7d2796f9ce0dc77f5f95c1ff606584500709b94575fe3,0,True,,242,51199,full_posterior,4096,0.007334397250761755,0.010644147323245865,128,train_logit_16,train_logit_16,135168,0,1.0016361842975388,1,0.539024491589257,1.0,dynamics_h_0p02_stage_2,ok,8a6220ba8b63029337f3aba7bf23ad58f356eb9ebe1053d6e3e3fcf5e1c55e2a,shallow_m4096_r0,validation_or_superseded
2,shallow,final_geometry_v15_20260930,4327fe4ece9317f6fd20fad18389a71e9b1f423b,32,0.7331769880896276,0.014752769036580304,True,0.7560018622692176,4847.479703115151,4815.032063993367,11323.261389852027,988cad91d81cd602d1a7d2796f9ce0dc77f5f95c1ff606584500709b94575fe3,0,True,,280,51199,full_posterior,4096,0.007656251575033093,0.7445894251794226,128,train_logit_32,train_logit_32,135168,0,1.000548836460652,1,0.5630596490800884,1.0,dynamics_h_0p02_stage_2,ok,8a6220ba8b63029337f3aba7bf23ad58f356eb9ebe1053d6e3e3fcf5e1c55e2a,shallow_m4096_r0,validation_or_superseded
2,shallow,final_geometry_v15_20260930,4327fe4ece9317f6fd20fad18389a71e9b1f423b,32,0.5561329472807099,0.014449175706675567,True,0.5374214648351212,4931.185083588766,4925.744338154991,10688.274972404068,988cad91d81cd602d1a7d2796f9ce0dc77f5f95c1ff606584500709b94575fe3,0,True,,140,51199,full_posterior,4096,0.00726395881687879,0.5467772060579157,128,train_logit_48,train_logit_48,135168,0,1.0010412570304656,1,0.5489672952219504,1.0,dynamics_h_0p02_stage_2,ok,8a6220ba8b63029337f3aba7bf23ad58f356eb9ebe1053d6e3e3fcf5e1c55e2a,shallow_m4096_r0,validation_or_superseded
2,shallow,final_geometry_v15_20260930,4327fe4ece9317f6fd20fad18389a71e9b1f423b,32,0.7800974420061929,0.013878995303996809,True,0.7932939471855813,4616.9718273932585,4646.912915106684,12220.041453723014,988cad91d81cd602d1a7d2796f9ce0dc77f5f95c1ff606584500709b94575fe3,0,True,,382,51199,full_posterior,4096,0.0072495747866545045,0.7866956945958872,128,train_logit_64,train_logit_64,135168,0,1.0005643336909547,1,0.5389770334721905,1.0,dynamics_h_0p02_stage_2,ok,8a6220ba8b63029337f3aba7bf23ad58f356eb9ebe1053d6e3e3fcf5e1c55e2a,shallow_m4096_r0,validation_or_superseded
2,shallow,final_geometry_v15_20260930,4327fe4ece9317f6fd20fad18389a71e9b1f423b,32,-1.0778564859093012,0.014919768356718524,True,-1.090409018939633,4864.258182556118,4837.905643880877,10909.47594364124,988cad91d81cd602d1a7d2796f9ce0dc77f5f95c1ff606584500709b94575fe3,0,True,,234,51199,full_posterior,4096,0.0076078111225196575,-1.084132752424467,128,train_logit_80,train_logit_80,135168,0,1.0005722378103676,1,0.557409036173085,1.0,dynamics_h_0p02_stage_2,ok,8a6220ba8b63029337f3aba7bf23ad58f356eb9ebe1053d6e3e3fcf5e1c55e2a,shallow_m4096_r0,validation_or_superseded
2,shallow,final_geometry_v15_20260930,4327fe4ece9317f6fd20fad18389a71e9b1f423b,32,0.763417866815861,0.014412864779962745,True,0.7794410742716373,5247.208178690989,5242.265496513221,11112.98441921,988cad91d81cd602d1a7d2796f9ce0dc77f5f95c1ff606584500709b94575fe3,0,True,,90,51199,full_posterior,4096,0.007210132543828899,0.771429470543749,128,train_logit_96,train_logit_96,135168,0,1.000541734018856,1,0.5565727177012985,1.0,dynamics_h_0p02_stage_2,ok,8a6220ba8b63029337f3aba7bf23ad58f356eb9ebe1053d6e3e3fcf5e1c55e2a,shallow_m4096_r0,validation_or_superseded
2,shallow,final_geometry_v15_20260930,4327fe4ece9317f6fd20fad18389a71e9b1f423b,32,0.34878381269263997,0.013132355444953597,True,0.34714396650251317,5629.650277057444,5621.622664495939,12738.989291138665,988cad91d81cd602d1a7d2796f9ce0dc77f5f95c1ff606584500709b94575fe3,0,True,,152,51199,full_posterior,4096,0.006529590228654225,0.3479638895975764,128,train_logit_112,train_logit_112,135168,0,1.000358246414482,1,0.523770477873255,1.0,dynamics_h_0p02_stage_2,ok,8a6220ba8b63029337f3aba7bf23ad58f356eb9ebe1053d6e3e3fcf5e1c55e2a,shallow_m4096_r0,validation_or_superseded
2,shallow,final_geometry_v15_20260930,4327fe4ece9317f6fd20fad18389a71e9b1f423b,32,0.5263466647266397,0.005133032531852337,True,0.5262977101016978,3958.01811561919,3989.8160429263967,9355.919698378519,988cad91d81cd602d1a7d2796f9ce0dc77f5f95c1ff606584500709b94575fe3,0,True,,230,51199,full_posterior,4096,0.0026995811313527407,0.5263221874141688,128,test_prob_0,test_prob_0,135168,0,1.0004775639142796,1,0.18150742071057369,1.0,dynamics_h_0p02_stage_2,ok,8a6220ba8b63029337f3aba7bf23ad58f356eb9ebe1053d6e3e3fcf5e1c55e2a,shallow_m4096_r0,validation_or_superseded
2,shallow,final_geometry_v15_20260930,4327fe4ece9317f6fd20fad18389a71e9b1f423b,32,0.6445484064186879,0.0047115853015940855,True,0.6418413302092939,4231.200296432022,4277.911907516044,9789.884124523298,988cad91d81cd602d1a7d2796f9ce0dc77f5f95c1ff606584500709b94575fe3,0,True,,330,51199,full_posterior,4096,0.002395169384712815,0.6431948683139911,128,test_prob_128,test_prob_128,135168,0,1.0010237137116513,1,0.16964845290700414,1.0,dynamics_h_0p02_stage_2,ok,8a6220ba8b63029337f3aba7bf23ad58f356eb9ebe1053d6e3e3fcf5e1c55e2a,shallow_m4096_r0,validation_or_superseded
2,shallow,final_geometry_v15_20260930,4327fe4ece9317f6fd20fad18389a71e9b1f423b,32,0.7105003616343997,0.004066379099277481,True,0.7085351849265616,4270.719635200131,4414.624656135963,10180.112420144855,988cad91d81cd602d1a7d2796f9ce0dc77f5f95c1ff606584500709b94575fe3,0,True,,156,51199,full_posterior,4096,0.0020868012589145887,0.7095177732804805,128,test_prob_256,test_prob_256,135168,0,1.0007426480732562,1,0.15062054060361663,1.0,dynamics_h_0p02_stage_2,ok,8a6220ba8b63029337f3aba7bf23ad58f356eb9ebe1053d6e3e3fcf5e1c55e2a,shallow_m4096_r0,validation_or_superseded
2,shallow,final_geometry_v15_20260930,4327fe4ece9317f6fd20fad18389a71e9b1f423b,32,0.30742905529773396,0.0041523629124931806,True,0.31002108426681435,4545.234891570253,4670.394258470155,10534.839977649715,988cad91d81cd602d1a7d2796f9ce0dc77f5f95c1ff606584500709b94575fe3,0,True,,166,51199,full_posterior,4096,0.002177069348893937,0.3087250697822741,128,test_prob_384,test_prob_384,135168,0,1.0009927478350227,1,0.15831270856117263,1.0,dynamics_h_0p02_stage_2,ok,8a6220ba8b63029337f3aba7bf23ad58f356eb9ebe1053d6e3e3fcf5e1c55e2a,shallow_m4096_r0,validation_or_superseded
2,shallow,final_geometry_v15_20260930,4327fe4ece9317f6fd20fad18389a71e9b1f423b,32,0.6486479438377188,0.004475734463991192,True,0.6524274037128107,4656.7512350363595,4622.177782934392,10495.849114409484,988cad91d81cd602d1a7d2796f9ce0dc77f5f95c1ff606584500709b94575fe3,0,True,,188,51199,full_posterior,4096,0.0023191791792320973,0.6505376737752647,128,test_prob_512,test_prob_512,135168,0,1.0010266881488223,1,0.1658059396460892,1.0,dynamics_h_0p02_stage_2,ok,8a6220ba8b63029337f3aba7bf23ad58f356eb9ebe1053d6e3e3fcf5e1c55e2a,shallow_m4096_r0,validation_or_superseded
2,shallow,final_geometry_v15_20260930,4327fe4ece9317f6fd20fad18389a71e9b1f423b,32,0.34996745971072923,0.004277428396376888,True,0.34538156699084177,4974.06465050641,5077.324549432803,11363.56964595155,988cad91d81cd602d1a7d2796f9ce0dc77f5f95c1ff606584500709b94575fe3,0,True,,148,51199,full_posterior,4096,0.0022192749447387996,0.3476745133507855,128,test_prob_640,test_prob_640,135168,0,1.0019428617205004,1,0.16348011201187693,1.0,dynamics_h_0p02_stage_2,ok,8a6220ba8b63029337f3aba7bf23ad58f356eb9ebe1053d6e3e3fcf5e1c55e2a,shallow_m4096_r0,validation_or_superseded
2,shallow,final_geometry_v15_20260930,4327fe4ece9317f6fd20fad18389a71e9b1f423b,32,0.5108773926997309,0.005015813379043864,True,0.5074182667572785,3879.8988053002704,3894.531267309129,10009.771856137384,988cad91d81cd602d1a7d2796f9ce0dc77f5f95c1ff606584500709b94575fe3,0,True,,252,51199,full_posterior,4096,0.002570401324244184,0.5091478297285047,128,test_prob_768,test_prob_768,135168,0,1.0005324211292612,1,0.1805604934984833,1.0,dynamics_h_0p02_stage_2,ok,8a6220ba8b63029337f3aba7bf23ad58f356eb9ebe1053d6e3e3fcf5e1c55e2a,shallow_m4096_r0,validation_or_superseded
2,shallow,final_geometry_v15_20260930,4327fe4ece9317f6fd20fad18389a71e9b1f423b,32,0.5071947758708544,0.004896208700285228,True,0.5121432914868916,4529.237315921187,4557.693898857287,9935.866471380818,988cad91d81cd602d1a7d2796f9ce0dc77f5f95c1ff606584500709b94575fe3,0,True,,160,51199,full_posterior,4096,0.002522188651299308,0.509669033678873,128,test_prob_896,test_prob_896,135168,0,1.0005928831119324,1,0.18056651935625506,1.0,dynamics_h_0p02_stage_2,ok,8a6220ba8b63029337f3aba7bf23ad58f356eb9ebe1053d6e3e3fcf5e1c55e2a,shallow_m4096_r0,validation_or_superseded
2,shallow,final_geometry_v15_20260930,4327fe4ece9317f6fd20fad18389a71e9b1f423b,32,0.017396179704885984,0.01763020113445517,True,0.02365520495357825,4195.800469722783,3996.9409548070075,6777.033692931277,988cad91d81cd602d1a7d2796f9ce0dc77f5f95c1ff606584500709b94575fe3,0,True,,306,51199,full_posterior,4096,0.009341343592826179,0.02052569232923212,128,interaction_0,interaction_0,135168,0,1.0008967584747421,1,0.6262701191126742,1.0,dynamics_h_0p02_stage_2,ok,8a6220ba8b63029337f3aba7bf23ad58f356eb9ebe1053d6e3e3fcf5e1c55e2a,shallow_m4096_r0,validation_or_superseded
2,shallow,final_geometry_v15_20260930,4327fe4ece9317f6fd20fad18389a71e9b1f423b,32,0.0032584570855660744,0.017934030672733744,True,0.016364555902820283,4211.481472431861,4080.8635216332377,6735.5485533602805,988cad91d81cd602d1a7d2796f9ce0dc77f5f95c1ff606584500709b94575fe3,0,True,,130,51199,full_posterior,4096,0.009085701472476056,0.009811506494193175,128,interaction_1,interaction_1,135168,0,1.00105231760353,1,0.6249020383197336,1.0,dynamics_h_0p02_stage_2,ok,8a6220ba8b63029337f3aba7bf23ad58f356eb9ebe1053d6e3e3fcf5e1c55e2a,shallow_m4096_r0,validation_or_superseded
2,shallow,final_geometry_v15_20260930,4327fe4ece9317f6fd20fad18389a71e9b1f423b,32,0.010088654742482954,0.016677265356178344,True,0.0016078609288482193,4927.854683181859,4746.18226050281,7235.3004147244465,988cad91d81cd602d1a7d2796f9ce0dc77f5f95c1ff606584500709b94575fe3,0,True,,86,51199,full_posterior,4096,0.008337829295095633,0.005848257835665588,128,interaction_2,interaction_2,135168,0,1.000708857931688,1,0.6109866503455599,1.0,dynamics_h_0p02_stage_2,ok,8a6220ba8b63029337f3aba7bf23ad58f356eb9ebe1053d6e3e3fcf5e1c55e2a,shallow_m4096_r0,validation_or_superseded
2,shallow,final_geometry_v15_20260930,4327fe4ece9317f6fd20fad18389a71e9b1f423b,32,0.0022443486327105434,0.016825574427084985,True,0.01680620531612641,4565.293728454981,4429.978699778579,7017.985108620421,988cad91d81cd602d1a7d2796f9ce0dc77f5f95c1ff606584500709b94575fe3,0,True,,124,51199,full_posterior,4096,0.00883715627087072,0.00952527697441848,128,interaction_3,interaction_3,135168,0,1.0007682970128768,1,0.6113123667997079,1.0,dynamics_h_0p02_stage_2,ok,8a6220ba8b63029337f3aba7bf23ad58f356eb9ebe1053d6e3e3fcf5e1c55e2a,shallow_m4096_r0,validation_or_superseded
2,shallow,final_geometry_v15_20260930,4327fe4ece9317f6fd20fad18389a71e9b1f423b,32,-0.008472909828359614,0.036947820713058875,True,-0.0290973048706624,2010.5168201768372,2002.706928312223,4116.5628652315845,988cad91d81cd602d1a7d2796f9ce0dc77f5f95c1ff606584500709b94575fe3,0,True,,264,51199,full_posterior,4096,0.019386867927668368,-0.018785107349511013,128,q_A,q_A,135168,0,1.0013373774181291,1,0.9943409275153202,1.0,dynamics_h_0p02_stage_2,ok,8a6220ba8b63029337f3aba7bf23ad58f356eb9ebe1053d6e3e3fcf5e1c55e2a,shallow_m4096_r0,validation_or_superseded
2,shallow,final_geometry_v15_20260930,4327fe4ece9317f6fd20fad18389a71e9b1f423b,32,-0.04309162742296298,0.03665109473453888,True,-5.9708382754695145e-05,1946.3624878345993,1938.4500701106658,4860.2340793988415,988cad91d81cd602d1a7d2796f9ce0dc77f5f95c1ff606584500709b94575fe3,0,True,,294,51199,full_posterior,4096,0.01952770442330592,-0.021575667902858836,128,q_W,q_W,135168,0,1.0018625645693755,1,0.9876093010895175,1.0,dynamics_h_0p02_stage_2,ok,8a6220ba8b63029337f3aba7bf23ad58f356eb9ebe1053d6e3e3fcf5e1c55e2a,shallow_m4096_r0,validation_or_superseded
2,shallow,final_geometry_v15_20260930,4327fe4ece9317f6fd20fad18389a71e9b1f423b,32,1.0016465948546738,0.0006363042982615771,True,1.000879310570085,4241.017729876393,4235.059740677138,9175.845131370193,988cad91d81cd602d1a7d2796f9ce0dc77f5f95c1ff606584500709b94575fe3,0,True,,98,51199,full_posterior,4096,0.00032504498271849363,1.0012629527123795,128,disp_A,disp_A,135168,0,1.0008691455831313,1,0.021855406078719497,1.0,dynamics_h_0p02_stage_2,ok,8a6220ba8b63029337f3aba7bf23ad58f356eb9ebe1053d6e3e3fcf5e1c55e2a,shallow_m4096_r0,validation_or_superseded
2,shallow,final_geometry_v15_20260930,4327fe4ece9317f6fd20fad18389a71e9b1f423b,32,0.9999795846674568,0.00011105644016035034,True,1.0002125554818695,4095.855098161579,4092.5477403458426,9051.696319162824,988cad91d81cd602d1a7d2796f9ce0dc77f5f95c1ff606584500709b94575fe3,0,True,,132,51199,full_posterior,4096,5.855221310198707e-05,1.0000960700746633,128,disp_W1,disp_W1,135168,0,1.000983588908815,1,0.0039044052689243846,1.0,dynamics_h_0p02_stage_2,ok,8a6220ba8b63029337f3aba7bf23ad58f356eb9ebe1053d6e3e3fcf5e1c55e2a,shallow_m4096_r0,validation_or_superseded
2,shallow,final_geometry_v15_20260930,4327fe4ece9317f6fd20fad18389a71e9b1f423b,32,56.68980334861959,0.0980750401183738,True,56.562638212037854,5284.692618443855,5317.5794356976585,12083.492422627764,7244aecffa509d1523ad6d9548c54524932aababceb94bfe08022223d9c87345,0,True,,1088,204799,full_posterior,4096,0.05163111686334591,56.62622078032874,128,V,V,135168,1,1.000373757868459,1,4.252376680892993,1.0,dynamics_h_0p005_stage_2,ok,2d18a154c082aebdf0c7dff9779adbab12358b1b72ad29a412f3643b39e3fb64,shallow_m4096_r1,validation_or_superseded
2,shallow,final_geometry_v15_20260930,4327fe4ece9317f6fd20fad18389a71e9b1f423b,32,67652.53013202873,6.579965530951864,True,67646.86979620034,4541.297816823067,4543.806984757452,10169.107290425862,7244aecffa509d1523ad6d9548c54524932aababceb94bfe08022223d9c87345,0,True,,370,204799,full_posterior,4096,3.4366537486206488,67649.69996411454,128,U,U,135168,1,1.0004590207197745,1,257.0724708006833,1.0,dynamics_h_0p005_stage_2,ok,2d18a154c082aebdf0c7dff9779adbab12358b1b72ad29a412f3643b39e3fb64,shallow_m4096_r1,validation_or_superseded
2,shallow,final_geometry_v15_20260930,4327fe4ece9317f6fd20fad18389a71e9b1f423b,32,0.395976417876186,0.013433024411132588,True,0.3931001460147284,4994.695052851249,4992.585629434089,10736.899175459295,7244aecffa509d1523ad6d9548c54524932aababceb94bfe08022223d9c87345,0,True,,548,204799,full_posterior,4096,0.007018384267780078,0.3945382819454572,128,train_logit_0,train_logit_0,135168,1,1.0015503717463166,1,0.5581823612743543,1.0,dynamics_h_0p005_stage_2,ok,2d18a154c082aebdf0c7dff9779adbab12358b1b72ad29a412f3643b39e3fb64,shallow_m4096_r1,validation_or_superseded
2,shallow,final_geometry_v15_20260930,4327fe4ece9317f6fd20fad18389a71e9b1f423b,32,0.8304255264415121,0.012476637498988,True,0.8496524504988333,5033.781189798936,5030.086996365968,11579.768263585953,7244aecffa509d1523ad6d9548c54524932aababceb94bfe08022223d9c87345,0,True,,768,204799,full_posterior,4096,0.00650354931060123,0.8400389884701732,128,train_logit_16,train_logit_16,135168,1,1.0008465334218823,1,0.5317539979301523,1.0,dynamics_h_0p005_stage_2,ok,2d18a154c082aebdf0c7dff9779adbab12358b1b72ad29a412f3643b39e3fb64,shallow_m4096_r1,validation_or_superseded
2,shallow,final_geometry_v15_20260930,4327fe4ece9317f6fd20fad18389a71e9b1f423b,32,-0.07733241793405811,0.013120738804223216,True,-0.07315721349245202,4802.938932679485,4809.79905345212,11621.096161120153,7244aecffa509d1523ad6d9548c54524932aababceb94bfe08022223d9c87345,0,True,,968,204799,full_posterior,4096,0.006914355347826884,-0.07524481571325506,128,train_logit_32,train_logit_32,135168,1,1.0004103871533498,1,0.5509006351571406,1.0,dynamics_h_0p005_stage_2,ok,2d18a154c082aebdf0c7dff9779adbab12358b1b72ad29a412f3643b39e3fb64,shallow_m4096_r1,validation_or_superseded
2,shallow,final_geometry_v15_20260930,4327fe4ece9317f6fd20fad18389a71e9b1f423b,32,-1.2067138956766177,0.013911559640706853,True,-1.1754519315714946,4887.9006789175955,4884.264578929103,10763.435494591798,7244aecffa509d1523ad6d9548c54524932aababceb94bfe08022223d9c87345,0,True,,502,204799,full_posterior,4096,0.007358337697118231,-1.191082913624056,128,train_logit_48,train_logit_48,135168,1,1.001320346070441,1,0.571698311427425,1.0,dynamics_h_0p005_stage_2,ok,2d18a154c082aebdf0c7dff9779adbab12358b1b72ad29a412f3643b39e3fb64,shallow_m4096_r1,validation_or_superseded
2,shallow,final_geometry_v15_20260930,4327fe4ece9317f6fd20fad18389a71e9b1f423b,32,0.9516291330106199,0.013745456751612662,True,0.9844654129493215,5065.5876411553,5064.176993346125,10219.942192246746,7244aecffa509d1523ad6d9548c54524932aababceb94bfe08022223d9c87345,0,True,,540,204799,full_posterior,4096,0.007212666406882545,0.9680472729799706,128,train_logit_64,train_logit_64,135168,1,1.0008545034625804,1,0.568502277382568,1.0,dynamics_h_0p005_stage_2,ok,2d18a154c082aebdf0c7dff9779adbab12358b1b72ad29a412f3643b39e3fb64,shallow_m4096_r1,validation_or_superseded
2,shallow,final_geometry_v15_20260930,4327fe4ece9317f6fd20fad18389a71e9b1f423b,32,0.9254984350856822,0.013009480035678735,True,0.9367036723244031,5011.145552027177,5017.762386113917,11822.967917818794,7244aecffa509d1523ad6d9548c54524932aababceb94bfe08022223d9c87345,0,True,,608,204799,full_posterior,4096,0.00688544456996773,0.931101053705043,128,train_logit_80,train_logit_80,135168,1,1.0003377135455778,1,0.5479486359934189,1.0,dynamics_h_0p005_stage_2,ok,2d18a154c082aebdf0c7dff9779adbab12358b1b72ad29a412f3643b39e3fb64,shallow_m4096_r1,validation_or_superseded
2,shallow,final_geometry_v15_20260930,4327fe4ece9317f6fd20fad18389a71e9b1f423b,32,0.05768731058578599,0.013767397127044534,True,0.053093253716271785,4685.28389781576,4682.12448073028,11048.955581126991,7244aecffa509d1523ad6d9548c54524932aababceb94bfe08022223d9c87345,0,True,,678,204799,full_posterior,4096,0.007260123781152102,0.055390282151028876,128,train_logit_96,train_logit_96,135168,1,1.0007052949779476,1,0.5614607943462286,1.0,dynamics_h_0p005_stage_2,ok,2d18a154c082aebdf0c7dff9779adbab12358b1b72ad29a412f3643b39e3fb64,shallow_m4096_r1,validation_or_superseded
2,shallow,final_geometry_v15_20260930,4327fe4ece9317f6fd20fad18389a71e9b1f423b,32,-0.5645940586907637,0.013334552171346804,True,-0.5695725149581389,5225.6256621531775,5217.832435395632,11643.272421747643,7244aecffa509d1523ad6d9548c54524932aababceb94bfe08022223d9c87345,0,True,,450,204799,full_posterior,4096,0.00707360632707583,-0.5670832868244515,128,train_logit_112,train_logit_112,135168,1,1.0003085587917888,1,0.553414181586631,1.0,dynamics_h_0p005_stage_2,ok,2d18a154c082aebdf0c7dff9779adbab12358b1b72ad29a412f3643b39e3fb64,shallow_m4096_r1,validation_or_superseded
2,shallow,final_geometry_v15_20260930,4327fe4ece9317f6fd20fad18389a71e9b1f423b,32,0.5316219638143092,0.004485718359779946,True,0.5286067774694844,4489.398511322749,4512.634651745119,10893.683956237965,7244aecffa509d1523ad6d9548c54524932aababceb94bfe08022223d9c87345,0,True,,504,204799,full_posterior,4096,0.0023516702858198918,0.5301143706418966,128,test_prob_0,test_prob_0,135168,1,1.0006451494489972,1,0.18014362996207633,1.0,dynamics_h_0p005_stage_2,ok,2d18a154c082aebdf0c7dff9779adbab12358b1b72ad29a412f3643b39e3fb64,shallow_m4096_r1,validation_or_superseded
2,shallow,final_geometry_v15_20260930,4327fe4ece9317f6fd20fad18389a71e9b1f423b,32,0.3120472541200669,0.0038731819023350403,True,0.3074868375186067,4524.780301436733,4650.028755048838,10613.759591501419,7244aecffa509d1523ad6d9548c54524932aababceb94bfe08022223d9c87345,0,True,,752,204799,full_posterior,4096,0.0020291625407884775,0.30976704581933673,128,test_prob_128,test_prob_128,135168,1,1.000906990487308,1,0.1569512186150182,1.0,dynamics_h_0p005_stage_2,ok,2d18a154c082aebdf0c7dff9779adbab12358b1b72ad29a412f3643b39e3fb64,shallow_m4096_r1,validation_or_superseded
2,shallow,final_geometry_v15_20260930,4327fe4ece9317f6fd20fad18389a71e9b1f423b,32,0.45912783693975634,0.004480034507162022,True,0.4486480848822802,4144.571902092347,4191.598021994602,9902.25652789532,7244aecffa509d1523ad6d9548c54524932aababceb94bfe08022223d9c87345,0,True,,884,204799,full_posterior,4096,0.002382567417099473,0.4538879609110183,128,test_prob_256,test_prob_256,135168,1,1.0008370239433573,1,0.17930084938459204,1.0,dynamics_h_0p005_stage_2,ok,2d18a154c082aebdf0c7dff9779adbab12358b1b72ad29a412f3643b39e3fb64,shallow_m4096_r1,validation_or_superseded
2,shallow,final_geometry_v15_20260930,4327fe4ece9317f6fd20fad18389a71e9b1f423b,32,0.7926665728269991,0.002835978658936625,True,0.7933048216730036,5128.458307666146,5348.245285136399,12137.24137825541,7244aecffa509d1523ad6d9548c54524932aababceb94bfe08022223d9c87345,0,True,,494,204799,full_posterior,4096,0.0015126752167069334,0.7929856972500011,128,test_prob_384,test_prob_384,135168,1,1.0006206541085498,1,0.1214038791961541,1.0,dynamics_h_0p005_stage_2,ok,2d18a154c082aebdf0c7dff9779adbab12358b1b72ad29a412f3643b39e3fb64,shallow_m4096_r1,validation_or_superseded
2,shallow,final_geometry_v15_20260930,4327fe4ece9317f6fd20fad18389a71e9b1f423b,32,0.4946063979712184,0.004490282064702445,True,0.4887664709636229,4513.969542391768,4529.750588524721,10439.95153938567,7244aecffa509d1523ad6d9548c54524932aababceb94bfe08022223d9c87345,0,True,,638,204799,full_posterior,4096,0.0023876366616468188,0.49168643446742083,128,test_prob_512,test_prob_512,135168,1,1.0004180207785558,1,0.18089356526816067,1.0,dynamics_h_0p005_stage_2,ok,2d18a154c082aebdf0c7dff9779adbab12358b1b72ad29a412f3643b39e3fb64,shallow_m4096_r1,validation_or_superseded
2,shallow,final_geometry_v15_20260930,4327fe4ece9317f6fd20fad18389a71e9b1f423b,32,0.5969181743188758,0.004513307798725639,True,0.6008655025061551,3985.1469433522548,4006.920083106166,9928.182348560558,7244aecffa509d1523ad6d9548c54524932aababceb94bfe08022223d9c87345,0,True,,812,204799,full_posterior,4096,0.002377064566927007,0.5988918384125157,128,test_prob_640,test_prob_640,135168,1,1.0016795579483817,1,0.17810742958217576,1.0,dynamics_h_0p005_stage_2,ok,2d18a154c082aebdf0c7dff9779adbab12358b1b72ad29a412f3643b39e3fb64,shallow_m4096_r1,validation_or_superseded
2,shallow,final_geometry_v15_20260930,4327fe4ece9317f6fd20fad18389a71e9b1f423b,32,0.5216845990851873,0.004395488254792296,True,0.5238024018827643,4641.721935552816,4631.727296906056,10975.470493593568,7244aecffa509d1523ad6d9548c54524932aababceb94bfe08022223d9c87345,0,True,,798,204799,full_posterior,4096,0.002345625268420114,0.522743500483976,128,test_prob_768,test_prob_768,135168,1,1.000697140789839,1,0.17828127205606717,1.0,dynamics_h_0p005_stage_2,ok,2d18a154c082aebdf0c7dff9779adbab12358b1b72ad29a412f3643b39e3fb64,shallow_m4096_r1,validation_or_superseded
2,shallow,final_geometry_v15_20260930,4327fe4ece9317f6fd20fad18389a71e9b1f423b,32,0.4965229720195083,0.004469164247222829,True,0.49383585623508913,4194.302195483293,4155.9172035436995,10531.46713047081,7244aecffa509d1523ad6d9548c54524932aababceb94bfe08022223d9c87345,0,True,,976,204799,full_posterior,4096,0.0024018304624376335,0.4951794141272989,128,test_prob_896,test_prob_896,135168,1,1.0004197032473539,1,0.1808765444753588,1.0,dynamics_h_0p005_stage_2,ok,2d18a154c082aebdf0c7dff9779adbab12358b1b72ad29a412f3643b39e3fb64,shallow_m4096_r1,validation_or_superseded
2,shallow,final_geometry_v15_20260930,4327fe4ece9317f6fd20fad18389a71e9b1f423b,32,-0.01817300578911778,0.016311802955443884,True,-0.015186155415757272,4252.458374496061,4113.719153265354,6455.021418037084,7244aecffa509d1523ad6d9548c54524932aababceb94bfe08022223d9c87345,0,True,,428,204799,full_posterior,4096,0.008712833851262834,-0.016679580602437526,128,interaction_0,interaction_0,135168,1,1.0009078559851134,1,0.6250904381989394,1.0,dynamics_h_0p005_stage_2,ok,2d18a154c082aebdf0c7dff9779adbab12358b1b72ad29a412f3643b39e3fb64,shallow_m4096_r1,validation_or_superseded
2,shallow,final_geometry_v15_20260930,4327fe4ece9317f6fd20fad18389a71e9b1f423b,32,-0.0007257300532963745,0.016537822404638792,True,0.017567858639289963,4516.7096378496135,4330.929712639072,6535.991785571939,7244aecffa509d1523ad6d9548c54524932aababceb94bfe08022223d9c87345,0,True,,452,204799,full_posterior,4096,0.00880291703483763,0.008421064292996789,128,interaction_1,interaction_1,135168,1,1.0010953211805131,1,0.6414240407811905,1.0,dynamics_h_0p005_stage_2,ok,2d18a154c082aebdf0c7dff9779adbab12358b1b72ad29a412f3643b39e3fb64,shallow_m4096_r1,validation_or_superseded
2,shallow,final_geometry_v15_20260930,4327fe4ece9317f6fd20fad18389a71e9b1f423b,32,-0.012672229840173698,0.01616945323701269,True,-0.023107899759670286,4084.7107388099757,3924.3801394536003,6448.4269845045665,7244aecffa509d1523ad6d9548c54524932aababceb94bfe08022223d9c87345,0,True,,888,204799,full_posterior,4096,0.008398964549752046,-0.01789006479992199,128,interaction_2,interaction_2,135168,1,1.0011306358189824,1,0.6254702309109454,1.0,dynamics_h_0p005_stage_2,ok,2d18a154c082aebdf0c7dff9779adbab12358b1b72ad29a412f3643b39e3fb64,shallow_m4096_r1,validation_or_superseded
2,shallow,final_geometry_v15_20260930,4327fe4ece9317f6fd20fad18389a71e9b1f423b,32,-0.017372107079423306,0.01592719922893448,True,0.013049411665502234,4486.968381146233,4381.387909526795,6181.171595182785,7244aecffa509d1523ad6d9548c54524932aababceb94bfe08022223d9c87345,0,True,,982,204799,full_posterior,4096,0.008331057281782886,-0.00216134770696054,128,interaction_3,interaction_3,135168,1,1.0004932342502209,1,0.6263877503803431,1.0,dynamics_h_0p005_stage_2,ok,2d18a154c082aebdf0c7dff9779adbab12358b1b72ad29a412f3643b39e3fb64,shallow_m4096_r1,validation_or_superseded
2,shallow,final_geometry_v15_20260930,4327fe4ece9317f6fd20fad18389a71e9b1f423b,32,0.10155094072552888,0.03093883118598425,True,0.017721772666411235,1892.5839169862595,1895.8727900400145,4512.981176566488,7244aecffa509d1523ad6d9548c54524932aababceb94bfe08022223d9c87345,0,True,,1330,204799,full_posterior,4096,0.017227649628506387,0.059636356695970054,128,q_A,q_A,135168,1,1.002021393555951,1,0.9920064192772272,1.0,dynamics_h_0p005_stage_2,ok,2d18a154c082aebdf0c7dff9779adbab12358b1b72ad29a412f3643b39e3fb64,shallow_m4096_r1,validation_or_superseded
2,shallow,final_geometry_v15_20260930,4327fe4ece9317f6fd20fad18389a71e9b1f423b,32,-0.027904503148169914,0.031045407776287493,True,0.0037557230005384767,1970.5360927304093,1968.7416003245437,4148.8756614820895,7244aecffa509d1523ad6d9548c54524932aababceb94bfe08022223d9c87345,0,True,,1238,204799,full_posterior,4096,0.017156302896579236,-0.012074390073815739,128,q_W,q_W,135168,1,1.0020409998521191,1,0.9941130628435737,1.0,dynamics_h_0p005_stage_2,ok,2d18a154c082aebdf0c7dff9779adbab12358b1b72ad29a412f3643b39e3fb64,shallow_m4096_r1,validation_or_superseded
2,shallow,final_geometry_v15_20260930,4327fe4ece9317f6fd20fad18389a71e9b1f423b,32,1.0028683290833742,0.0005692958213033107,True,1.0030909607958405,4066.817090872812,4089.5018708376783,9506.107844098073,7244aecffa509d1523ad6d9548c54524932aababceb94bfe08022223d9c87345,0,True,,1218,204799,full_posterior,4096,0.0003007425367221221,1.0029796449396078,128,disp_A,disp_A,135168,1,1.0001826892726435,1,0.021917369054364234,1.0,dynamics_h_0p005_stage_2,ok,2d18a154c082aebdf0c7dff9779adbab12358b1b72ad29a412f3643b39e3fb64,shallow_m4096_r1,validation_or_superseded
2,shallow,final_geometry_v15_20260930,4327fe4ece9317f6fd20fad18389a71e9b1f423b,32,1.0000910337939048,9.90901039349071e-05,True,0.9999996470684575,4578.03124772203,4580.401196991066,10117.24107701811,7244aecffa509d1523ad6d9548c54524932aababceb94bfe08022223d9c87345,0,True,,352,204799,full_posterior,4096,5.15385614385391e-05,1.0000453404311809,128,disp_W1,disp_W1,135168,1,1.0004462218636285,1,0.003868358235892,1.0,dynamics_h_0p005_stage_2,ok,2d18a154c082aebdf0c7dff9779adbab12358b1b72ad29a412f3643b39e3fb64,shallow_m4096_r1,validation_or_superseded
2,shallow,final_geometry_v15_20260930,4327fe4ece9317f6fd20fad18389a71e9b1f423b,32,56.83927775131227,0.10483199841524489,True,56.573116022778706,5212.7184904977175,5248.565547261087,12497.784938032872,e1a2e3725fcaa0ece76a02838c95541351514212e35ba5d0f08f00275fab5647,0,True,,348,102399,full_posterior,4096,0.05415807684780605,56.70619688704548,128,V,V,135168,1,1.0007041333907216,1,4.251178110516697,1.0,dynamics_h_0p01_stage_2,ok,2d18a154c082aebdf0c7dff9779adbab12358b1b72ad29a412f3643b39e3fb64,shallow_m4096_r1,production_final
2,shallow,final_geometry_v15_20260930,4327fe4ece9317f6fd20fad18389a71e9b1f423b,32,67648.39564985459,7.312333775417024,True,67637.71901413305,3881.4786008043866,3870.0978311932754,8457.172039287172,e1a2e3725fcaa0ece76a02838c95541351514212e35ba5d0f08f00275fab5647,0,True,,296,102399,full_posterior,4096,3.825279332883261,67643.05733199384,128,U,U,135168,1,1.0007200115057757,1,261.0265569523348,1.0,dynamics_h_0p01_stage_2,ok,2d18a154c082aebdf0c7dff9779adbab12358b1b72ad29a412f3643b39e3fb64,shallow_m4096_r1,production_final
2,shallow,final_geometry_v15_20260930,4327fe4ece9317f6fd20fad18389a71e9b1f423b,32,0.41106461751497814,0.013705534565593041,True,0.4108417125434906,5339.561321645717,5332.408740172092,11418.600481557402,e1a2e3725fcaa0ece76a02838c95541351514212e35ba5d0f08f00275fab5647,0,True,,238,102399,full_posterior,4096,0.007086228943911299,0.4109531650292343,128,train_logit_0,train_logit_0,135168,1,1.000566470034763,1,0.5505290049349109,1.0,dynamics_h_0p01_stage_2,ok,2d18a154c082aebdf0c7dff9779adbab12358b1b72ad29a412f3643b39e3fb64,shallow_m4096_r1,production_final
2,shallow,final_geometry_v15_20260930,4327fe4ece9317f6fd20fad18389a71e9b1f423b,32,0.8412825511770795,0.01345381376117683,True,0.8448879648433963,5080.280753656073,5080.304678989526,11821.103599867762,e1a2e3725fcaa0ece76a02838c95541351514212e35ba5d0f08f00275fab5647,0,True,,324,102399,full_posterior,4096,0.006963086660262036,0.8430852580102378,128,train_logit_16,train_logit_16,135168,1,1.00039701436623,1,0.536962852136473,1.0,dynamics_h_0p01_stage_2,ok,2d18a154c082aebdf0c7dff9779adbab12358b1b72ad29a412f3643b39e3fb64,shallow_m4096_r1,production_final
2,shallow,final_geometry_v15_20260930,4327fe4ece9317f6fd20fad18389a71e9b1f423b,32,-0.09465098360922111,0.013506011419353385,True,-0.06857653681113715,5330.965496128788,5325.740355536291,11913.642240160056,e1a2e3725fcaa0ece76a02838c95541351514212e35ba5d0f08f00275fab5647,0,True,,250,102399,full_posterior,4096,0.007029731208631356,-0.08161376021017912,128,train_logit_32,train_logit_32,135168,1,1.00077232464049,1,0.5479589413495296,1.0,dynamics_h_0p01_stage_2,ok,2d18a154c082aebdf0c7dff9779adbab12358b1b72ad29a412f3643b39e3fb64,shallow_m4096_r1,production_final
2,shallow,final_geometry_v15_20260930,4327fe4ece9317f6fd20fad18389a71e9b1f423b,32,-1.2076390961264785,0.014474169022268816,True,-1.185989385152211,5077.089119627096,5081.88947171793,11483.977082777095,e1a2e3725fcaa0ece76a02838c95541351514212e35ba5d0f08f00275fab5647,0,True,,204,102399,full_posterior,4096,0.007445820785298246,-1.1968142406393447,128,train_logit_48,train_logit_48,135168,1,1.0015362023669867,1,0.5696601384774939,1.0,dynamics_h_0p01_stage_2,ok,2d18a154c082aebdf0c7dff9779adbab12358b1b72ad29a412f3643b39e3fb64,shallow_m4096_r1,production_final
2,shallow,final_geometry_v15_20260930,4327fe4ece9317f6fd20fad18389a71e9b1f423b,32,0.9688328581765289,0.014581484350419475,True,0.9698384258889337,4724.383923871539,4710.7937133982105,9783.257722787988,e1a2e3725fcaa0ece76a02838c95541351514212e35ba5d0f08f00275fab5647,0,True,,260,102399,full_posterior,4096,0.0075140181775842745,0.969335642032731,128,train_logit_64,train_logit_64,135168,1,1.0004937222742312,1,0.5666447725227833,1.0,dynamics_h_0p01_stage_2,ok,2d18a154c082aebdf0c7dff9779adbab12358b1b72ad29a412f3643b39e3fb64,shallow_m4096_r1,production_final
2,shallow,final_geometry_v15_20260930,4327fe4ece9317f6fd20fad18389a71e9b1f423b,32,0.9196203999792748,0.013689163649373885,True,0.9305193963020286,5053.0774220975545,5057.521616949559,11911.45240295867,e1a2e3725fcaa0ece76a02838c95541351514212e35ba5d0f08f00275fab5647,0,True,,286,102399,full_posterior,4096,0.007157339369042001,0.9250698981406518,128,train_logit_80,train_logit_80,135168,1,1.0006526504997133,1,0.5473941450730403,1.0,dynamics_h_0p01_stage_2,ok,2d18a154c082aebdf0c7dff9779adbab12358b1b72ad29a412f3643b39e3fb64,shallow_m4096_r1,production_final
2,shallow,final_geometry_v15_20260930,4327fe4ece9317f6fd20fad18389a71e9b1f423b,32,0.05496668753830372,0.014565870196208119,True,0.021706438274411953,4603.424673350657,4596.6681676281905,10785.328588915567,e1a2e3725fcaa0ece76a02838c95541351514212e35ba5d0f08f00275fab5647,0,True,,348,102399,full_posterior,4096,0.0075593611126621085,0.038336562906357834,128,train_logit_96,train_logit_96,135168,1,1.0014189040465082,1,0.5616190890116463,1.0,dynamics_h_0p01_stage_2,ok,2d18a154c082aebdf0c7dff9779adbab12358b1b72ad29a412f3643b39e3fb64,shallow_m4096_r1,production_final
2,shallow,final_geometry_v15_20260930,4327fe4ece9317f6fd20fad18389a71e9b1f423b,32,-0.5373567511947542,0.014030070828754513,True,-0.5903557505410736,4632.560128073728,4637.825911163848,11202.112841210723,e1a2e3725fcaa0ece76a02838c95541351514212e35ba5d0f08f00275fab5647,0,True,,510,102399,full_posterior,4096,0.0073123682179356934,-0.5638562508679138,128,train_logit_112,train_logit_112,135168,1,1.0021253070599845,1,0.5566132661202164,1.0,dynamics_h_0p01_stage_2,ok,2d18a154c082aebdf0c7dff9779adbab12358b1b72ad29a412f3643b39e3fb64,shallow_m4096_r1,production_final
2,shallow,final_geometry_v15_20260930,4327fe4ece9317f6fd20fad18389a71e9b1f423b,32,0.5324598961059941,0.004705488877954261,True,0.5358897456601739,4547.220900930801,4565.934821871758,10543.930676795784,e1a2e3725fcaa0ece76a02838c95541351514212e35ba5d0f08f00275fab5647,0,True,,236,102399,full_posterior,4096,0.0024607170639966112,0.534174820883084,128,test_prob_0,test_prob_0,135168,1,1.001683758238132,1,0.17874695913739283,1.0,dynamics_h_0p01_stage_2,ok,2d18a154c082aebdf0c7dff9779adbab12358b1b72ad29a412f3643b39e3fb64,shallow_m4096_r1,production_final
2,shallow,final_geometry_v15_20260930,4327fe4ece9317f6fd20fad18389a71e9b1f423b,32,0.3150101185031912,0.004050328974236671,True,0.3096875530575415,4689.803979518863,4806.823827480131,11161.470323497115,e1a2e3725fcaa0ece76a02838c95541351514212e35ba5d0f08f00275fab5647,0,True,,246,102399,full_posterior,4096,0.0020662282760847894,0.3123488357803663,128,test_prob_128,test_prob_128,135168,1,1.0007633075347386,1,0.1572147429899842,1.0,dynamics_h_0p01_stage_2,ok,2d18a154c082aebdf0c7dff9779adbab12358b1b72ad29a412f3643b39e3fb64,shallow_m4096_r1,production_final
2,shallow,final_geometry_v15_20260930,4327fe4ece9317f6fd20fad18389a71e9b1f423b,32,0.4566743934886215,0.004714543381401755,True,0.45265562641106194,4588.516642148139,4640.5724981191115,9764.314464914569,e1a2e3725fcaa0ece76a02838c95541351514212e35ba5d0f08f00275fab5647,0,True,,236,102399,full_posterior,4096,0.002413949018025521,0.45466500994984166,128,test_prob_256,test_prob_256,135168,1,1.0011365078709469,1,0.17899014019528786,1.0,dynamics_h_0p01_stage_2,ok,2d18a154c082aebdf0c7dff9779adbab12358b1b72ad29a412f3643b39e3fb64,shallow_m4096_r1,production_final
2,shallow,final_geometry_v15_20260930,4327fe4ece9317f6fd20fad18389a71e9b1f423b,32,0.7860818730706036,0.003151006805189498,True,0.7908564565406678,4826.652599757821,4900.101073691845,10583.044715851142,e1a2e3725fcaa0ece76a02838c95541351514212e35ba5d0f08f00275fab5647,0,True,,306,102399,full_posterior,4096,0.0016142233687148544,0.7884691648056354,128,test_prob_384,test_prob_384,135168,1,1.000508020658955,1,0.1244743288173448,1.0,dynamics_h_0p01_stage_2,ok,2d18a154c082aebdf0c7dff9779adbab12358b1b72ad29a412f3643b39e3fb64,shallow_m4096_r1,production_final
2,shallow,final_geometry_v15_20260930,4327fe4ece9317f6fd20fad18389a71e9b1f423b,32,0.49197301359534046,0.00492862625616614,True,0.4866297997534773,4182.194704090547,4219.793134497405,9184.980069822122,e1a2e3725fcaa0ece76a02838c95541351514212e35ba5d0f08f00275fab5647,0,True,,450,102399,full_posterior,4096,0.0026108459643816428,0.4893014066744088,128,test_prob_512,test_prob_512,135168,1,1.0007480338464017,1,0.18326709398037858,1.0,dynamics_h_0p01_stage_2,ok,2d18a154c082aebdf0c7dff9779adbab12358b1b72ad29a412f3643b39e3fb64,shallow_m4096_r1,production_final
2,shallow,final_geometry_v15_20260930,4327fe4ece9317f6fd20fad18389a71e9b1f423b,32,0.6029313457728019,0.004771810905183153,True,0.5937376946454874,4155.212143517351,4183.736465456019,9235.85816770329,e1a2e3725fcaa0ece76a02838c95541351514212e35ba5d0f08f00275fab5647,0,True,,330,102399,full_posterior,4096,0.00246947687691173,0.5983345202091447,128,test_prob_640,test_prob_640,135168,1,1.000907430954947,1,0.17624891496599862,1.0,dynamics_h_0p01_stage_2,ok,2d18a154c082aebdf0c7dff9779adbab12358b1b72ad29a412f3643b39e3fb64,shallow_m4096_r1,production_final
2,shallow,final_geometry_v15_20260930,4327fe4ece9317f6fd20fad18389a71e9b1f423b,32,0.5144490983002497,0.004602637161639894,True,0.5234636182657502,4274.554200501646,4326.440842501362,10225.307520365464,e1a2e3725fcaa0ece76a02838c95541351514212e35ba5d0f08f00275fab5647,0,True,,474,102399,full_posterior,4096,0.0024424764655352703,0.5189563582829999,128,test_prob_768,test_prob_768,135168,1,1.0021281007065796,1,0.17818612741278642,1.0,dynamics_h_0p01_stage_2,ok,2d18a154c082aebdf0c7dff9779adbab12358b1b72ad29a412f3643b39e3fb64,shallow_m4096_r1,production_final
2,shallow,final_geometry_v15_20260930,4327fe4ece9317f6fd20fad18389a71e9b1f423b,32,0.4942833900115211,0.00483320278517732,True,0.4971993504958154,4167.856605315266,4211.06933197647,9675.262905639602,e1a2e3725fcaa0ece76a02838c95541351514212e35ba5d0f08f00275fab5647,0,True,,482,102399,full_posterior,4096,0.002559390210418763,0.4957413702536683,128,test_prob_896,test_prob_896,135168,1,1.0010575768729215,1,0.1820356793552748,1.0,dynamics_h_0p01_stage_2,ok,2d18a154c082aebdf0c7dff9779adbab12358b1b72ad29a412f3643b39e3fb64,shallow_m4096_r1,production_final
2,shallow,final_geometry_v15_20260930,4327fe4ece9317f6fd20fad18389a71e9b1f423b,32,-0.011110557078651781,0.017075682069768425,True,0.03205783591848744,4583.720122784268,4433.87880875109,6811.464003164099,e1a2e3725fcaa0ece76a02838c95541351514212e35ba5d0f08f00275fab5647,0,True,,316,102399,full_posterior,4096,0.008655847375968688,0.010473639419917824,128,interaction_0,interaction_0,135168,1,1.0014681174392055,1,0.6321734364417978,1.0,dynamics_h_0p01_stage_2,ok,2d18a154c082aebdf0c7dff9779adbab12358b1b72ad29a412f3643b39e3fb64,shallow_m4096_r1,production_final
2,shallow,final_geometry_v15_20260930,4327fe4ece9317f6fd20fad18389a71e9b1f423b,32,-0.018058956518282737,0.017125809793760265,True,-0.008355183171765517,4653.119943690626,4442.346168779138,6172.848134914586,e1a2e3725fcaa0ece76a02838c95541351514212e35ba5d0f08f00275fab5647,0,True,,228,102399,full_posterior,4096,0.008861320455974557,-0.013207069845024129,128,interaction_1,interaction_1,135168,1,1.0016880529686274,1,0.6362778957589723,1.0,dynamics_h_0p01_stage_2,ok,2d18a154c082aebdf0c7dff9779adbab12358b1b72ad29a412f3643b39e3fb64,shallow_m4096_r1,production_final
2,shallow,final_geometry_v15_20260930,4327fe4ece9317f6fd20fad18389a71e9b1f423b,32,0.004623298071396341,0.016874562190434577,True,0.006351592564633921,4344.873367217934,4190.0117646285535,6531.756005022941,e1a2e3725fcaa0ece76a02838c95541351514212e35ba5d0f08f00275fab5647,0,True,,490,102399,full_posterior,4096,0.008836700367377732,0.0054874453180151295,128,interaction_2,interaction_2,135168,1,1.0019927660828298,1,0.6236610996782052,1.0,dynamics_h_0p01_stage_2,ok,2d18a154c082aebdf0c7dff9779adbab12358b1b72ad29a412f3643b39e3fb64,shallow_m4096_r1,production_final
2,shallow,final_geometry_v15_20260930,4327fe4ece9317f6fd20fad18389a71e9b1f423b,32,-0.026993055257013978,0.017093005178128066,True,-0.02047985584157742,4579.9159976282235,4371.525966864541,6358.487060011215,e1a2e3725fcaa0ece76a02838c95541351514212e35ba5d0f08f00275fab5647,0,True,,214,102399,full_posterior,4096,0.008787346728685419,-0.0237364555492957,128,interaction_3,interaction_3,135168,1,1.0006539418148583,1,0.625277861420296,1.0,dynamics_h_0p01_stage_2,ok,2d18a154c082aebdf0c7dff9779adbab12358b1b72ad29a412f3643b39e3fb64,shallow_m4096_r1,production_final
2,shallow,final_geometry_v15_20260930,4327fe4ece9317f6fd20fad18389a71e9b1f423b,32,0.02613185692399713,0.03468289792287295,True,0.07312009796983884,2075.358258795572,2070.8673256809316,4763.653606444343,e1a2e3725fcaa0ece76a02838c95541351514212e35ba5d0f08f00275fab5647,0,True,,420,102399,full_posterior,4096,0.018704410589284483,0.049625977446917977,128,q_A,q_A,135168,1,1.0029410286621163,1,1.0025618354403096,1.0,dynamics_h_0p01_stage_2,ok,2d18a154c082aebdf0c7dff9779adbab12358b1b72ad29a412f3643b39e3fb64,shallow_m4096_r1,production_final
2,shallow,final_geometry_v15_20260930,4327fe4ece9317f6fd20fad18389a71e9b1f423b,32,-0.012002464665990696,0.03355532858985449,True,-0.027065811047698885,2198.459005795086,2202.27917364241,4219.516233051958,e1a2e3725fcaa0ece76a02838c95541351514212e35ba5d0f08f00275fab5647,0,True,,404,102399,full_posterior,4096,0.0180081542575086,-0.0195341378568448,128,q_W,q_W,135168,1,1.0016651708001718,1,0.9831765088929246,1.0,dynamics_h_0p01_stage_2,ok,2d18a154c082aebdf0c7dff9779adbab12358b1b72ad29a412f3643b39e3fb64,shallow_m4096_r1,production_final
2,shallow,final_geometry_v15_20260930,4327fe4ece9317f6fd20fad18389a71e9b1f423b,32,1.003530148494194,0.000637816569317523,True,1.0034399634266828,3604.582297269018,3628.9731013835667,8299.557349408817,e1a2e3725fcaa0ece76a02838c95541351514212e35ba5d0f08f00275fab5647,0,True,,564,102399,full_posterior,4096,0.0003304296752646915,1.0034850559604385,128,disp_A,disp_A,135168,1,1.001968104916694,1,0.02247601355168013,1.0,dynamics_h_0p01_stage_2,ok,2d18a154c082aebdf0c7dff9779adbab12358b1b72ad29a412f3643b39e3fb64,shallow_m4096_r1,production_final
2,shallow,final_geometry_v15_20260930,4327fe4ece9317f6fd20fad18389a71e9b1f423b,32,1.0000049839475582,0.00011008191037874571,True,0.9998489510042178,3887.6119399495406,3874.9477868091217,8453.881648460363,e1a2e3725fcaa0ece76a02838c95541351514212e35ba5d0f08f00275fab5647,0,True,,294,102399,full_posterior,4096,5.732635047173983e-05,0.9999269674758877,128,disp_W1,disp_W1,135168,1,1.0006800866895733,1,0.003922969045288208,1.0,dynamics_h_0p01_stage_2,ok,2d18a154c082aebdf0c7dff9779adbab12358b1b72ad29a412f3643b39e3fb64,shallow_m4096_r1,production_final
2,shallow,final_geometry_v15_20260930,4327fe4ece9317f6fd20fad18389a71e9b1f423b,32,56.68977015866202,0.1069003026529099,True,56.687880717495474,5262.489161179575,5241.032438408155,12691.742500479408,200718884598203961bbe0b2a41eba08a7468d8b52e7977617445fdba9c96451,0,True,,152,51199,full_posterior,4096,0.05488689322053017,56.68882543807874,128,V,V,135168,1,1.000963376564724,1,4.23252184408815,1.0,dynamics_h_0p02_stage_2,ok,2d18a154c082aebdf0c7dff9779adbab12358b1b72ad29a412f3643b39e3fb64,shallow_m4096_r1,validation_or_superseded
2,shallow,final_geometry_v15_20260930,4327fe4ece9317f6fd20fad18389a71e9b1f423b,32,67656.49505979916,7.7053986525853535,True,67652.80611963775,3829.0153681970996,3834.9261241924596,8446.586043930474,200718884598203961bbe0b2a41eba08a7468d8b52e7977617445fdba9c96451,0,True,,160,51199,full_posterior,4096,3.9782240330969603,67654.65058971844,128,U,U,135168,1,1.00105065790052,1,262.9601604769059,1.0,dynamics_h_0p02_stage_2,ok,2d18a154c082aebdf0c7dff9779adbab12358b1b72ad29a412f3643b39e3fb64,shallow_m4096_r1,validation_or_superseded
2,shallow,final_geometry_v15_20260930,4327fe4ece9317f6fd20fad18389a71e9b1f423b,32,0.4072092819590197,0.014836521874123204,True,0.3895750224522114,4754.871921641679,4738.100565996641,10990.612239019672,200718884598203961bbe0b2a41eba08a7468d8b52e7977617445fdba9c96451,0,True,,152,51199,full_posterior,4096,0.007540868788576784,0.39839215220561564,128,train_logit_0,train_logit_0,135168,1,1.0008806904699221,1,0.558725221702731,1.0,dynamics_h_0p02_stage_2,ok,2d18a154c082aebdf0c7dff9779adbab12358b1b72ad29a412f3643b39e3fb64,shallow_m4096_r1,validation_or_superseded
2,shallow,final_geometry_v15_20260930,4327fe4ece9317f6fd20fad18389a71e9b1f423b,32,0.8439100515805618,0.013780933361877986,True,0.8283761809483215,4913.677392372105,4878.808259651731,11050.1922911307,200718884598203961bbe0b2a41eba08a7468d8b52e7977617445fdba9c96451,0,True,,308,51199,full_posterior,4096,0.007146017329224727,0.8361431162644415,128,train_logit_16,train_logit_16,135168,1,1.0008601149626002,1,0.5371574482901708,1.0,dynamics_h_0p02_stage_2,ok,2d18a154c082aebdf0c7dff9779adbab12358b1b72ad29a412f3643b39e3fb64,shallow_m4096_r1,validation_or_superseded
2,shallow,final_geometry_v15_20260930,4327fe4ece9317f6fd20fad18389a71e9b1f423b,32,-0.05714320079389093,0.014475844167575483,True,-0.0965221087835462,4478.624110291766,4458.554005457918,11661.153152339566,200718884598203961bbe0b2a41eba08a7468d8b52e7977617445fdba9c96451,0,True,,276,51199,full_posterior,4096,0.007529779942062221,-0.07683265478871856,128,train_logit_32,train_logit_32,135168,1,1.0009583363715242,1,0.5490934501008222,1.0,dynamics_h_0p02_stage_2,ok,2d18a154c082aebdf0c7dff9779adbab12358b1b72ad29a412f3643b39e3fb64,shallow_m4096_r1,validation_or_superseded
2,shallow,final_geometry_v15_20260930,4327fe4ece9317f6fd20fad18389a71e9b1f423b,32,-1.1699886201581562,0.015112021560483786,True,-1.1988984712094186,4785.98821552943,4788.569501071952,11034.094222157251,200718884598203961bbe0b2a41eba08a7468d8b52e7977617445fdba9c96451,0,True,,126,51199,full_posterior,4096,0.007770971774749228,-1.1844435456837876,128,train_logit_48,train_logit_48,135168,1,1.0004476964949531,1,0.5748229893911329,1.0,dynamics_h_0p02_stage_2,ok,2d18a154c082aebdf0c7dff9779adbab12358b1b72ad29a412f3643b39e3fb64,shallow_m4096_r1,validation_or_superseded
2,shallow,final_geometry_v15_20260930,4327fe4ece9317f6fd20fad18389a71e9b1f423b,32,0.9748542226688677,0.014546896434704332,True,0.9467623299200757,5156.27800591845,5149.72785856325,11805.827980476894,200718884598203961bbe0b2a41eba08a7468d8b52e7977617445fdba9c96451,0,True,,106,51199,full_posterior,4096,0.007371050587172275,0.9608082762944717,128,train_logit_64,train_logit_64,135168,1,1.001277517466899,1,0.5610212571760278,1.0,dynamics_h_0p02_stage_2,ok,2d18a154c082aebdf0c7dff9779adbab12358b1b72ad29a412f3643b39e3fb64,shallow_m4096_r1,validation_or_superseded
2,shallow,final_geometry_v15_20260930,4327fe4ece9317f6fd20fad18389a71e9b1f423b,32,0.946653305795842,0.01423265133642625,True,0.9328325980235043,4844.214201709743,4859.178714598179,11812.29770376347,200718884598203961bbe0b2a41eba08a7468d8b52e7977617445fdba9c96451,0,True,,220,51199,full_posterior,4096,0.007371139562201241,0.9397429519096729,128,train_logit_80,train_logit_80,135168,1,1.0003936595879892,1,0.5494878348392478,1.0,dynamics_h_0p02_stage_2,ok,2d18a154c082aebdf0c7dff9779adbab12358b1b72ad29a412f3643b39e3fb64,shallow_m4096_r1,validation_or_superseded
2,shallow,final_geometry_v15_20260930,4327fe4ece9317f6fd20fad18389a71e9b1f423b,32,0.04069453883492642,0.014910651062523829,True,0.04017687669430894,4718.913726715483,4705.746445523418,10214.558592611224,200718884598203961bbe0b2a41eba08a7468d8b52e7977617445fdba9c96451,0,True,,220,51199,full_posterior,4096,0.007686626311851855,0.040435707764617676,128,train_logit_96,train_logit_96,135168,1,1.0003058380965726,1,0.5613121669107481,1.0,dynamics_h_0p02_stage_2,ok,2d18a154c082aebdf0c7dff9779adbab12358b1b72ad29a412f3643b39e3fb64,shallow_m4096_r1,validation_or_superseded
2,shallow,final_geometry_v15_20260930,4327fe4ece9317f6fd20fad18389a71e9b1f423b,32,-0.5606245480402217,0.01493684696940134,True,-0.5731978356780398,4623.191698822886,4600.2852685569715,10671.626072204597,200718884598203961bbe0b2a41eba08a7468d8b52e7977617445fdba9c96451,0,True,,200,51199,full_posterior,4096,0.007615081644260707,-0.5669111918591306,128,train_logit_112,train_logit_112,135168,1,1.0016204895447653,1,0.5559205441015306,1.0,dynamics_h_0p02_stage_2,ok,2d18a154c082aebdf0c7dff9779adbab12358b1b72ad29a412f3643b39e3fb64,shallow_m4096_r1,validation_or_superseded
2,shallow,final_geometry_v15_20260930,4327fe4ece9317f6fd20fad18389a71e9b1f423b,32,0.5273136199851969,0.004969148219965511,True,0.5347706890123173,4250.747880670893,4232.893691860089,9365.688931786402,200718884598203961bbe0b2a41eba08a7468d8b52e7977617445fdba9c96451,0,True,,404,51199,full_posterior,4096,0.002561822462575713,0.5310421544987571,128,test_prob_0,test_prob_0,135168,1,1.0004850217036045,1,0.17968694280936828,1.0,dynamics_h_0p02_stage_2,ok,2d18a154c082aebdf0c7dff9779adbab12358b1b72ad29a412f3643b39e3fb64,shallow_m4096_r1,validation_or_superseded
2,shallow,final_geometry_v15_20260930,4327fe4ece9317f6fd20fad18389a71e9b1f423b,32,0.31007759578911687,0.004154970219810015,True,0.3086601793750613,4989.907929729894,5060.248844526339,10983.104591456568,200718884598203961bbe0b2a41eba08a7468d8b52e7977617445fdba9c96451,0,True,,242,51199,full_posterior,4096,0.0020966826968353567,0.3093688875820891,128,test_prob_128,test_prob_128,135168,1,1.000356760099537,1,0.15557214852991832,1.0,dynamics_h_0p02_stage_2,ok,2d18a154c082aebdf0c7dff9779adbab12358b1b72ad29a412f3643b39e3fb64,shallow_m4096_r1,validation_or_superseded
2,shallow,final_geometry_v15_20260930,4327fe4ece9317f6fd20fad18389a71e9b1f423b,32,0.4595375393566101,0.0048826024751762636,True,0.45677052205971674,4317.4446347622215,4327.858291958986,10614.867199684048,200718884598203961bbe0b2a41eba08a7468d8b52e7977617445fdba9c96451,0,True,,242,51199,full_posterior,4096,0.002488435884266688,0.45815403070816346,128,test_prob_256,test_prob_256,135168,1,1.0008923367142992,1,0.17842526471889197,1.0,dynamics_h_0p02_stage_2,ok,2d18a154c082aebdf0c7dff9779adbab12358b1b72ad29a412f3643b39e3fb64,shallow_m4096_r1,validation_or_superseded
2,shallow,final_geometry_v15_20260930,4327fe4ece9317f6fd20fad18389a71e9b1f423b,32,0.7922275848187162,0.003254350473229136,True,0.7880503478708358,4774.415552241259,4967.708344097306,11258.61128153259,200718884598203961bbe0b2a41eba08a7468d8b52e7977617445fdba9c96451,0,True,,124,51199,full_posterior,4096,0.0016650345739828716,0.790138966344776,128,test_prob_384,test_prob_384,135168,1,1.000994055947004,1,0.1235319491854858,1.0,dynamics_h_0p02_stage_2,ok,2d18a154c082aebdf0c7dff9779adbab12358b1b72ad29a412f3643b39e3fb64,shallow_m4096_r1,validation_or_superseded
2,shallow,final_geometry_v15_20260930,4327fe4ece9317f6fd20fad18389a71e9b1f423b,32,0.4927986586366264,0.005097146357366228,True,0.490537239304855,3806.0993952339636,3860.1125620021785,8976.923300337921,200718884598203961bbe0b2a41eba08a7468d8b52e7977617445fdba9c96451,0,True,,778,51199,full_posterior,4096,0.0025854468034274226,0.4916679489707407,128,test_prob_512,test_prob_512,135168,1,1.0011995395962434,1,0.18121384200871143,1.0,dynamics_h_0p02_stage_2,ok,2d18a154c082aebdf0c7dff9779adbab12358b1b72ad29a412f3643b39e3fb64,shallow_m4096_r1,validation_or_superseded
2,shallow,final_geometry_v15_20260930,4327fe4ece9317f6fd20fad18389a71e9b1f423b,32,0.5980333349715117,0.0050301315916410705,True,0.6048040096670928,4072.9827480590707,4129.474191074305,9705.344752697589,200718884598203961bbe0b2a41eba08a7468d8b52e7977617445fdba9c96451,0,True,,144,51199,full_posterior,4096,0.002566666214964221,0.6014186723193021,128,test_prob_640,test_prob_640,135168,1,1.001004542883804,1,0.17799413366421565,1.0,dynamics_h_0p02_stage_2,ok,2d18a154c082aebdf0c7dff9779adbab12358b1b72ad29a412f3643b39e3fb64,shallow_m4096_r1,validation_or_superseded
2,shallow,final_geometry_v15_20260930,4327fe4ece9317f6fd20fad18389a71e9b1f423b,32,0.5237226256791416,0.0049918594920508675,True,0.5192072599369845,4326.960932816517,4359.4961524218215,10126.37518588857,200718884598203961bbe0b2a41eba08a7468d8b52e7977617445fdba9c96451,0,True,,168,51199,full_posterior,4096,0.002529325503057841,0.5214649428080631,128,test_prob_768,test_prob_768,135168,1,1.0004037539474977,1,0.1796770903087829,1.0,dynamics_h_0p02_stage_2,ok,2d18a154c082aebdf0c7dff9779adbab12358b1b72ad29a412f3643b39e3fb64,shallow_m4096_r1,validation_or_superseded
2,shallow,final_geometry_v15_20260930,4327fe4ece9317f6fd20fad18389a71e9b1f423b,32,0.49848945920218446,0.004976743625592307,True,0.49800284253073746,3834.9436617461206,3887.123317921952,9374.06381368579,200718884598203961bbe0b2a41eba08a7468d8b52e7977617445fdba9c96451,0,True,,618,51199,full_posterior,4096,0.002608018331006169,0.49824615086646096,128,test_prob_896,test_prob_896,135168,1,1.001215822202175,1,0.18022462870299472,1.0,dynamics_h_0p02_stage_2,ok,2d18a154c082aebdf0c7dff9779adbab12358b1b72ad29a412f3643b39e3fb64,shallow_m4096_r1,validation_or_superseded
2,shallow,final_geometry_v15_20260930,4327fe4ece9317f6fd20fad18389a71e9b1f423b,32,0.010353175584369307,0.016753566490443576,True,0.016445367438685247,4674.594893281819,4535.035182288093,6930.717524437649,200718884598203961bbe0b2a41eba08a7468d8b52e7977617445fdba9c96451,0,True,,100,51199,full_posterior,4096,0.008622962097179958,0.013399271511527276,128,interaction_0,interaction_0,135168,1,1.0006782259419786,1,0.6112361387002332,1.0,dynamics_h_0p02_stage_2,ok,2d18a154c082aebdf0c7dff9779adbab12358b1b72ad29a412f3643b39e3fb64,shallow_m4096_r1,validation_or_superseded
2,shallow,final_geometry_v15_20260930,4327fe4ece9317f6fd20fad18389a71e9b1f423b,32,-0.0074206743170952775,0.016848350597022468,True,-0.0018535166594457215,4810.696115573474,4612.741380621621,6827.107953058265,200718884598203961bbe0b2a41eba08a7468d8b52e7977617445fdba9c96451,0,True,,102,51199,full_posterior,4096,0.00834757325763832,-0.0046370954882705,128,interaction_1,interaction_1,135168,1,1.0010975016775299,1,0.6188934344054524,1.0,dynamics_h_0p02_stage_2,ok,2d18a154c082aebdf0c7dff9779adbab12358b1b72ad29a412f3643b39e3fb64,shallow_m4096_r1,validation_or_superseded
2,shallow,final_geometry_v15_20260930,4327fe4ece9317f6fd20fad18389a71e9b1f423b,32,0.00868980255249094,0.018501026893637744,True,-0.007872795939093555,3958.3348398577564,3829.021970553945,6494.750706839686,200718884598203961bbe0b2a41eba08a7468d8b52e7977617445fdba9c96451,0,True,,220,51199,full_posterior,4096,0.009517161417144744,0.0004085033066986926,128,interaction_2,interaction_2,135168,1,1.0011541117726455,1,0.6357299886158828,1.0,dynamics_h_0p02_stage_2,ok,2d18a154c082aebdf0c7dff9779adbab12358b1b72ad29a412f3643b39e3fb64,shallow_m4096_r1,validation_or_superseded
2,shallow,final_geometry_v15_20260930,4327fe4ece9317f6fd20fad18389a71e9b1f423b,32,-0.011355881553341243,0.018599253480597867,True,0.0031382175918701176,3986.8960851665133,3790.408768827846,5487.179856738283,200718884598203961bbe0b2a41eba08a7468d8b52e7977617445fdba9c96451,0,True,,176,51199,full_posterior,4096,0.009466093388749906,-0.004108831980735565,128,interaction_3,interaction_3,135168,1,1.0016366977505753,1,0.6298027053773191,1.0,dynamics_h_0p02_stage_2,ok,2d18a154c082aebdf0c7dff9779adbab12358b1b72ad29a412f3643b39e3fb64,shallow_m4096_r1,validation_or_superseded
2,shallow,final_geometry_v15_20260930,4327fe4ece9317f6fd20fad18389a71e9b1f423b,32,0.023174188566852362,0.03859496630208268,True,0.07001940798559297,1736.6493254802742,1730.0650800269286,3972.6798050607404,200718884598203961bbe0b2a41eba08a7468d8b52e7977617445fdba9c96451,0,True,,336,51199,full_posterior,4096,0.020764780032389463,0.04659679827622267,128,q_A,q_A,135168,1,1.0017772215699512,1,1.0140672405426099,1.0,dynamics_h_0p02_stage_2,ok,2d18a154c082aebdf0c7dff9779adbab12358b1b72ad29a412f3643b39e3fb64,shallow_m4096_r1,validation_or_superseded
2,shallow,final_geometry_v15_20260930,4327fe4ece9317f6fd20fad18389a71e9b1f423b,32,-0.022525653571431114,0.037708895853389435,True,-0.02023493757659495,2041.63158258626,2025.6530171260606,4694.357643330715,200718884598203961bbe0b2a41eba08a7468d8b52e7977617445fdba9c96451,0,True,,236,51199,full_posterior,4096,0.019902525784019017,-0.021380295574013025,128,q_W,q_W,135168,1,1.0007073025035176,1,1.0138792801217111,1.0,dynamics_h_0p02_stage_2,ok,2d18a154c082aebdf0c7dff9779adbab12358b1b72ad29a412f3643b39e3fb64,shallow_m4096_r1,validation_or_superseded
2,shallow,final_geometry_v15_20260930,4327fe4ece9317f6fd20fad18389a71e9b1f423b,32,1.002034364817869,0.000636049254397723,True,1.0030016700905078,4031.0163544078873,4033.2070550884628,9169.810935606747,200718884598203961bbe0b2a41eba08a7468d8b52e7977617445fdba9c96451,0,True,,202,51199,full_posterior,4096,0.0003215106573534414,1.0025180174541881,128,disp_A,disp_A,135168,1,1.0010309417138041,1,0.02183884431244125,1.0,dynamics_h_0p02_stage_2,ok,2d18a154c082aebdf0c7dff9779adbab12358b1b72ad29a412f3643b39e3fb64,shallow_m4096_r1,validation_or_superseded
2,shallow,final_geometry_v15_20260930,4327fe4ece9317f6fd20fad18389a71e9b1f423b,32,1.0001775956801375,0.00011525243429718703,True,1.0000911074611647,3880.8190367926877,3884.0626641298336,8214.603347274184,200718884598203961bbe0b2a41eba08a7468d8b52e7977617445fdba9c96451,0,True,,152,51199,full_posterior,4096,5.9655005810761456e-05,1.0001343515706511,128,disp_W1,disp_W1,135168,1,1.0008815157463786,1,0.003954853899186823,1.0,dynamics_h_0p02_stage_2,ok,2d18a154c082aebdf0c7dff9779adbab12358b1b72ad29a412f3643b39e3fb64,shallow_m4096_r1,validation_or_superseded
2,shallow,final_geometry_v15_20260930,4327fe4ece9317f6fd20fad18389a71e9b1f423b,32,65.45089865890883,0.09071044510796031,True,65.63073706925485,5145.695413896776,5191.201747024284,13026.108764905648,451e6460141267a0117079f7dd5ec76f988a000f308f991740e990f926ceaf60,0,True,,942,204799,full_posterior,4096,0.047322521470102505,65.54081786408186,128,V,V,135168,2,1.0004805899145104,1,3.910646829307022,1.0,dynamics_h_0p005_stage_2,ok,8c615bef38ec1c9a9068713982d858e21e32dae4d6bf4d65ddce5685b8944212,shallow_m4096_r2,validation_or_superseded
2,shallow,final_geometry_v15_20260930,4327fe4ece9317f6fd20fad18389a71e9b1f423b,32,67644.35878016979,6.811642386658451,True,67644.98526305448,3762.535841961268,3766.03320072761,9098.076837393202,451e6460141267a0117079f7dd5ec76f988a000f308f991740e990f926ceaf60,0,True,,1140,204799,full_posterior,4096,3.5768589919687996,67644.67202161215,128,U,U,135168,2,1.0006369025409598,1,260.62132177770025,1.0,dynamics_h_0p005_stage_2,ok,8c615bef38ec1c9a9068713982d858e21e32dae4d6bf4d65ddce5685b8944212,shallow_m4096_r2,validation_or_superseded
2,shallow,final_geometry_v15_20260930,4327fe4ece9317f6fd20fad18389a71e9b1f423b,32,-0.3672098385069006,0.01368238647576552,True,-0.3581731759128289,4880.388203721394,4879.529002941655,11631.577126792516,451e6460141267a0117079f7dd5ec76f988a000f308f991740e990f926ceaf60,0,True,,644,204799,full_posterior,4096,0.007116649611168356,-0.36269150720986454,128,train_logit_0,train_logit_0,135168,2,1.0011353710486204,1,0.5656703318902107,1.0,dynamics_h_0p005_stage_2,ok,8c615bef38ec1c9a9068713982d858e21e32dae4d6bf4d65ddce5685b8944212,shallow_m4096_r2,validation_or_superseded
2,shallow,final_geometry_v15_20260930,4327fe4ece9317f6fd20fad18389a71e9b1f423b,32,0.3767710893250114,0.013299299196898467,True,0.3655472444097706,4681.221876298348,4675.698448664643,11930.815475426834,451e6460141267a0117079f7dd5ec76f988a000f308f991740e990f926ceaf60,0,True,,740,204799,full_posterior,4096,0.006942108561699712,0.37115916686739103,128,train_logit_16,train_logit_16,135168,2,1.0004511934721878,1,0.5510196513658939,1.0,dynamics_h_0p005_stage_2,ok,8c615bef38ec1c9a9068713982d858e21e32dae4d6bf4d65ddce5685b8944212,shallow_m4096_r2,validation_or_superseded
2,shallow,final_geometry_v15_20260930,4327fe4ece9317f6fd20fad18389a71e9b1f423b,32,-0.5910558091942929,0.012491471608904393,True,-0.5769107911799812,5663.3695107006415,5656.864767827239,12724.829128254623,451e6460141267a0117079f7dd5ec76f988a000f308f991740e990f926ceaf60,0,True,,368,204799,full_posterior,4096,0.006507158237473588,-0.5839833001871373,128,train_logit_32,train_logit_32,135168,2,1.000548811789983,1,0.5377376507586185,1.0,dynamics_h_0p005_stage_2,ok,8c615bef38ec1c9a9068713982d858e21e32dae4d6bf4d65ddce5685b8944212,shallow_m4096_r2,validation_or_superseded
2,shallow,final_geometry_v15_20260930,4327fe4ece9317f6fd20fad18389a71e9b1f423b,32,-1.0639187453151855,0.01409681242155795,True,-1.0279227872085428,4790.772539977059,4788.321418571999,10239.814234115789,451e6460141267a0117079f7dd5ec76f988a000f308f991740e990f926ceaf60,0,True,,694,204799,full_posterior,4096,0.007450822357191311,-1.0459207662618644,128,train_logit_48,train_logit_48,135168,2,1.0008321980306736,1,0.573851937892462,1.0,dynamics_h_0p005_stage_2,ok,8c615bef38ec1c9a9068713982d858e21e32dae4d6bf4d65ddce5685b8944212,shallow_m4096_r2,validation_or_superseded
2,shallow,final_geometry_v15_20260930,4327fe4ece9317f6fd20fad18389a71e9b1f423b,32,0.6068070184684679,0.013407766033186828,True,0.5972066462939581,4846.756081390327,4827.199872523469,11179.599249748246,451e6460141267a0117079f7dd5ec76f988a000f308f991740e990f926ceaf60,0,True,,588,204799,full_posterior,4096,0.007145653347972964,0.6020068323812129,128,train_logit_64,train_logit_64,135168,2,1.0006334383104816,1,0.5561220801864362,1.0,dynamics_h_0p005_stage_2,ok,8c615bef38ec1c9a9068713982d858e21e32dae4d6bf4d65ddce5685b8944212,shallow_m4096_r2,validation_or_superseded
2,shallow,final_geometry_v15_20260930,4327fe4ece9317f6fd20fad18389a71e9b1f423b,32,-0.5872602223245955,0.013101219142317577,True,-0.5967591153534006,4882.392094757829,4873.554503963384,10149.368660819167,451e6460141267a0117079f7dd5ec76f988a000f308f991740e990f926ceaf60,0,True,,812,204799,full_posterior,4096,0.00692926826969394,-0.5920096688389981,128,train_logit_80,train_logit_80,135168,2,1.0008779835841772,1,0.5488671266246634,1.0,dynamics_h_0p005_stage_2,ok,8c615bef38ec1c9a9068713982d858e21e32dae4d6bf4d65ddce5685b8944212,shallow_m4096_r2,validation_or_superseded
2,shallow,final_geometry_v15_20260930,4327fe4ece9317f6fd20fad18389a71e9b1f423b,32,-0.8876223658671387,0.012922552463745945,True,-0.8678100785708892,5105.396791136091,5094.667151780921,11972.247659948382,451e6460141267a0117079f7dd5ec76f988a000f308f991740e990f926ceaf60,0,True,,466,204799,full_posterior,4096,0.0067670776259342365,-0.8777162222190141,128,train_logit_96,train_logit_96,135168,2,1.0008095461648239,1,0.5404653653093343,1.0,dynamics_h_0p005_stage_2,ok,8c615bef38ec1c9a9068713982d858e21e32dae4d6bf4d65ddce5685b8944212,shallow_m4096_r2,validation_or_superseded
2,shallow,final_geometry_v15_20260930,4327fe4ece9317f6fd20fad18389a71e9b1f423b,32,0.7310275150838017,0.012220247506609334,True,0.7294821995580008,4946.628082592889,4938.455876596223,12736.72527129582,451e6460141267a0117079f7dd5ec76f988a000f308f991740e990f926ceaf60,0,True,,1282,204799,full_posterior,4096,0.006288007928547247,0.7302548573209015,128,train_logit_112,train_logit_112,135168,2,1.000343749461389,1,0.5241752825014195,1.0,dynamics_h_0p005_stage_2,ok,8c615bef38ec1c9a9068713982d858e21e32dae4d6bf4d65ddce5685b8944212,shallow_m4096_r2,validation_or_superseded
2,shallow,final_geometry_v15_20260930,4327fe4ece9317f6fd20fad18389a71e9b1f423b,32,0.42681884121485913,0.004132349362905671,True,0.42713014275050065,4615.119536718056,4708.290600379118,10415.973442526045,451e6460141267a0117079f7dd5ec76f988a000f308f991740e990f926ceaf60,0,True,,1282,204799,full_posterior,4096,0.0021572101421854,0.42697449198267995,128,test_prob_0,test_prob_0,135168,2,1.001085968207868,1,0.17058690435959528,1.0,dynamics_h_0p005_stage_2,ok,8c615bef38ec1c9a9068713982d858e21e32dae4d6bf4d65ddce5685b8944212,shallow_m4096_r2,validation_or_superseded
2,shallow,final_geometry_v15_20260930,4327fe4ece9317f6fd20fad18389a71e9b1f423b,32,0.4319769977713443,0.004147393827778457,True,0.4361006897988014,4883.362700234397,4899.737094714516,11223.58942457156,451e6460141267a0117079f7dd5ec76f988a000f308f991740e990f926ceaf60,0,True,,830,204799,full_posterior,4096,0.002166989567827963,0.4340388437850728,128,test_prob_128,test_prob_128,135168,2,1.0005321465658785,1,0.1719342711911817,1.0,dynamics_h_0p005_stage_2,ok,8c615bef38ec1c9a9068713982d858e21e32dae4d6bf4d65ddce5685b8944212,shallow_m4096_r2,validation_or_superseded
2,shallow,final_geometry_v15_20260930,4327fe4ece9317f6fd20fad18389a71e9b1f423b,32,0.7496305731845251,0.003491670760013877,True,0.7472292025861499,4238.673731267709,4419.913787340655,11005.940123140996,451e6460141267a0117079f7dd5ec76f988a000f308f991740e990f926ceaf60,0,True,,1334,204799,full_posterior,4096,0.001840540687197809,0.7484298878853379,128,test_prob_256,test_prob_256,135168,2,1.001090868677268,1,0.1425525345986118,1.0,dynamics_h_0p005_stage_2,ok,8c615bef38ec1c9a9068713982d858e21e32dae4d6bf4d65ddce5685b8944212,shallow_m4096_r2,validation_or_superseded
2,shallow,final_geometry_v15_20260930,4327fe4ece9317f6fd20fad18389a71e9b1f423b,32,0.8469964360452142,0.002399044581900944,True,0.8477937782405846,4626.737332058438,4809.311765381157,10966.036061980345,451e6460141267a0117079f7dd5ec76f988a000f308f991740e990f926ceaf60,0,True,,814,204799,full_posterior,4096,0.0012652884240761733,0.8473951071428993,128,test_prob_384,test_prob_384,135168,2,1.000859746426518,1,0.10136521531433593,1.0,dynamics_h_0p005_stage_2,ok,8c615bef38ec1c9a9068713982d858e21e32dae4d6bf4d65ddce5685b8944212,shallow_m4096_r2,validation_or_superseded
2,shallow,final_geometry_v15_20260930,4327fe4ece9317f6fd20fad18389a71e9b1f423b,32,0.42087914733609344,0.004204071167103532,True,0.4210488027658327,4316.0432755974825,4425.059480729921,10303.861485513786,451e6460141267a0117079f7dd5ec76f988a000f308f991740e990f926ceaf60,0,True,,1822,204799,full_posterior,4096,0.002206422750232299,0.4209639750509631,128,test_prob_512,test_prob_512,135168,2,1.001633666309047,1,0.17262297064384938,1.0,dynamics_h_0p005_stage_2,ok,8c615bef38ec1c9a9068713982d858e21e32dae4d6bf4d65ddce5685b8944212,shallow_m4096_r2,validation_or_superseded
2,shallow,final_geometry_v15_20260930,4327fe4ece9317f6fd20fad18389a71e9b1f423b,32,0.7420687407223499,0.0036742378053702188,True,0.7378252324857385,4100.831280190553,4098.216154633017,8671.221143907474,451e6460141267a0117079f7dd5ec76f988a000f308f991740e990f926ceaf60,0,True,,988,204799,full_posterior,4096,0.0019423435462166583,0.7399469866040442,128,test_prob_640,test_prob_640,135168,2,1.0013500056491005,1,0.1465428759913078,1.0,dynamics_h_0p005_stage_2,ok,8c615bef38ec1c9a9068713982d858e21e32dae4d6bf4d65ddce5685b8944212,shallow_m4096_r2,validation_or_superseded
2,shallow,final_geometry_v15_20260930,4327fe4ece9317f6fd20fad18389a71e9b1f423b,32,0.7385043634352693,0.0034891250231555773,True,0.7405923257821692,4211.0817969405,4396.9416916392875,9953.721740552757,451e6460141267a0117079f7dd5ec76f988a000f308f991740e990f926ceaf60,0,True,,1490,204799,full_posterior,4096,0.00184044444727772,0.7395483446087191,128,test_prob_768,test_prob_768,135168,2,1.000334198856409,1,0.14367198155843283,1.0,dynamics_h_0p005_stage_2,ok,8c615bef38ec1c9a9068713982d858e21e32dae4d6bf4d65ddce5685b8944212,shallow_m4096_r2,validation_or_superseded
2,shallow,final_geometry_v15_20260930,4327fe4ece9317f6fd20fad18389a71e9b1f423b,32,0.4388143662682698,0.004516836864008698,True,0.43565578046174325,4339.485174762246,4387.4228075457,9003.500765010986,451e6460141267a0117079f7dd5ec76f988a000f308f991740e990f926ceaf60,0,True,,1068,204799,full_posterior,4096,0.002348840204433818,0.4372350733650067,128,test_prob_896,test_prob_896,135168,2,1.0016448450831483,1,0.17951249036350084,1.0,dynamics_h_0p005_stage_2,ok,8c615bef38ec1c9a9068713982d858e21e32dae4d6bf4d65ddce5685b8944212,shallow_m4096_r2,validation_or_superseded
2,shallow,final_geometry_v15_20260930,4327fe4ece9317f6fd20fad18389a71e9b1f423b,32,0.0013240248841799274,0.01566173030205835,True,0.005008802222715243,4214.964430447576,4064.352966895621,6687.810658479128,451e6460141267a0117079f7dd5ec76f988a000f308f991740e990f926ceaf60,0,True,,884,204799,full_posterior,4096,0.00831185518565228,0.0031664135534475845,128,interaction_0,interaction_0,135168,2,1.0010266446524996,1,0.6143767682932091,1.0,dynamics_h_0p005_stage_2,ok,8c615bef38ec1c9a9068713982d858e21e32dae4d6bf4d65ddce5685b8944212,shallow_m4096_r2,validation_or_superseded
2,shallow,final_geometry_v15_20260930,4327fe4ece9317f6fd20fad18389a71e9b1f423b,32,0.00044403842492849095,0.015629667480971245,True,0.007987721229439602,4299.117171821715,4174.236693842603,7004.845475340187,451e6460141267a0117079f7dd5ec76f988a000f308f991740e990f926ceaf60,0,True,,644,204799,full_posterior,4096,0.008360274658260121,0.004215879827184047,128,interaction_1,interaction_1,135168,2,1.0016625480613501,1,0.6166536093809796,1.0,dynamics_h_0p005_stage_2,ok,8c615bef38ec1c9a9068713982d858e21e32dae4d6bf4d65ddce5685b8944212,shallow_m4096_r2,validation_or_superseded
2,shallow,final_geometry_v15_20260930,4327fe4ece9317f6fd20fad18389a71e9b1f423b,32,-0.018178945548385263,0.016367763750310415,True,-0.024373918665802952,4278.894422880791,4135.839906678759,6181.589030846434,451e6460141267a0117079f7dd5ec76f988a000f308f991740e990f926ceaf60,0,True,,494,204799,full_posterior,4096,0.00866131057869989,-0.0212764321070941,128,interaction_2,interaction_2,135168,2,1.0006068908688193,1,0.6271659541115524,1.0,dynamics_h_0p005_stage_2,ok,8c615bef38ec1c9a9068713982d858e21e32dae4d6bf4d65ddce5685b8944212,shallow_m4096_r2,validation_or_superseded
2,shallow,final_geometry_v15_20260930,4327fe4ece9317f6fd20fad18389a71e9b1f423b,32,-0.012749832466358699,0.016044971675936662,True,-0.018492392711463815,4266.793611586201,4126.252105418859,6778.408291670285,451e6460141267a0117079f7dd5ec76f988a000f308f991740e990f926ceaf60,0,True,,1010,204799,full_posterior,4096,0.008566135747711987,-0.015621112588911256,128,interaction_3,interaction_3,135168,2,1.000743577363645,1,0.6261701611421339,1.0,dynamics_h_0p005_stage_2,ok,8c615bef38ec1c9a9068713982d858e21e32dae4d6bf4d65ddce5685b8944212,shallow_m4096_r2,validation_or_superseded
2,shallow,final_geometry_v15_20260930,4327fe4ece9317f6fd20fad18389a71e9b1f423b,32,0.03452855947620558,0.031309628451460764,True,0.04502553981132126,1864.9884750963824,1879.8530327838284,4554.079694813297,451e6460141267a0117079f7dd5ec76f988a000f308f991740e990f926ceaf60,0,True,,1608,204799,full_posterior,4096,0.01736007473029967,0.03977704964376344,128,q_A,q_A,135168,2,1.0005520013593647,1,0.9997213425610831,1.0,dynamics_h_0p005_stage_2,ok,8c615bef38ec1c9a9068713982d858e21e32dae4d6bf4d65ddce5685b8944212,shallow_m4096_r2,validation_or_superseded
2,shallow,final_geometry_v15_20260930,4327fe4ece9317f6fd20fad18389a71e9b1f423b,32,0.011545659966267085,0.0305991792325533,True,0.04716108920277751,2077.176916680648,2075.520837857326,5067.559215869739,451e6460141267a0117079f7dd5ec76f988a000f308f991740e990f926ceaf60,0,True,,1432,204799,full_posterior,4096,0.016803076290171255,0.0293533745845223,128,q_W,q_W,135168,2,1.0014384645232468,1,0.9855543584560369,1.0,dynamics_h_0p005_stage_2,ok,8c615bef38ec1c9a9068713982d858e21e32dae4d6bf4d65ddce5685b8944212,shallow_m4096_r2,validation_or_superseded
2,shallow,final_geometry_v15_20260930,4327fe4ece9317f6fd20fad18389a71e9b1f423b,32,1.001298080331716,0.0005733750882611617,True,1.0019019206584145,4133.240381555337,4134.8871991006545,9584.453469638343,451e6460141267a0117079f7dd5ec76f988a000f308f991740e990f926ceaf60,0,True,,456,204799,full_posterior,4096,0.000304863861532123,1.0016000004950651,128,disp_A,disp_A,135168,2,1.0007615563657903,1,0.021985476176691117,1.0,dynamics_h_0p005_stage_2,ok,8c615bef38ec1c9a9068713982d858e21e32dae4d6bf4d65ddce5685b8944212,shallow_m4096_r2,validation_or_superseded
2,shallow,final_geometry_v15_20260930,4327fe4ece9317f6fd20fad18389a71e9b1f423b,32,0.9998817354277274,0.00010218517651557395,True,0.9998696806713377,3897.3574149922133,3905.9447667619143,9037.329600526607,451e6460141267a0117079f7dd5ec76f988a000f308f991740e990f926ceaf60,0,True,,1128,204799,full_posterior,4096,5.359726523404004e-05,0.9998757080495324,128,disp_W1,disp_W1,135168,2,1.0005868924677979,1,0.003911484196567466,1.0,dynamics_h_0p005_stage_2,ok,8c615bef38ec1c9a9068713982d858e21e32dae4d6bf4d65ddce5685b8944212,shallow_m4096_r2,validation_or_superseded
2,shallow,final_geometry_v15_20260930,4327fe4ece9317f6fd20fad18389a71e9b1f423b,32,65.57481513586924,0.09628625542712906,True,65.45566610676197,5375.213450504577,5410.979864622622,13586.755383016714,75f510444b90135c5003f8e540871cfef4e3b09c0d0135dfbd6dbf9c0ede1f98,0,True,,366,102399,full_posterior,4096,0.04931345736516983,65.51524062131558,128,V,V,135168,2,1.0010820853801876,1,3.957290121546601,1.0,dynamics_h_0p01_stage_2,ok,8c615bef38ec1c9a9068713982d858e21e32dae4d6bf4d65ddce5685b8944212,shallow_m4096_r2,production_final
2,shallow,final_geometry_v15_20260930,4327fe4ece9317f6fd20fad18389a71e9b1f423b,32,67653.93534983297,7.275630701807321,True,67664.03531755386,4032.6510666319587,4036.047189274153,8996.32093642376,75f510444b90135c5003f8e540871cfef4e3b09c0d0135dfbd6dbf9c0ede1f98,0,True,,288,102399,full_posterior,4096,3.7100415049350786,67658.98533369343,128,U,U,135168,2,1.0018808097300074,1,260.8563453601846,1.0,dynamics_h_0p01_stage_2,ok,8c615bef38ec1c9a9068713982d858e21e32dae4d6bf4d65ddce5685b8944212,shallow_m4096_r2,production_final
2,shallow,final_geometry_v15_20260930,4327fe4ece9317f6fd20fad18389a71e9b1f423b,32,-0.3419481969359541,0.015079016255734308,True,-0.3269973110000215,4424.328889996067,4411.29445815175,9328.817465667058,75f510444b90135c5003f8e540871cfef4e3b09c0d0135dfbd6dbf9c0ede1f98,0,True,,342,102399,full_posterior,4096,0.007691490659410773,-0.3344727539679877,128,train_logit_0,train_logit_0,135168,2,1.000376106478213,1,0.5722784802605217,1.0,dynamics_h_0p01_stage_2,ok,8c615bef38ec1c9a9068713982d858e21e32dae4d6bf4d65ddce5685b8944212,shallow_m4096_r2,production_final
2,shallow,final_geometry_v15_20260930,4327fe4ece9317f6fd20fad18389a71e9b1f423b,32,0.37668612529199824,0.013552458410460861,True,0.36840597537802966,5059.977771470892,5054.896350785525,11712.33370624506,75f510444b90135c5003f8e540871cfef4e3b09c0d0135dfbd6dbf9c0ede1f98,0,True,,304,102399,full_posterior,4096,0.007166505901863878,0.372546050335014,128,train_logit_16,train_logit_16,135168,2,1.0008176031272311,1,0.5433449899502757,1.0,dynamics_h_0p01_stage_2,ok,8c615bef38ec1c9a9068713982d858e21e32dae4d6bf4d65ddce5685b8944212,shallow_m4096_r2,production_final
2,shallow,final_geometry_v15_20260930,4327fe4ece9317f6fd20fad18389a71e9b1f423b,32,-0.5892997762919694,0.01329964018739029,True,-0.5853660008275849,5104.596938494175,5077.218086838312,11690.229355905018,75f510444b90135c5003f8e540871cfef4e3b09c0d0135dfbd6dbf9c0ede1f98,0,True,,464,102399,full_posterior,4096,0.006927021979766772,-0.5873328885597772,128,train_logit_32,train_logit_32,135168,2,1.0009892196708525,1,0.5333276187071225,1.0,dynamics_h_0p01_stage_2,ok,8c615bef38ec1c9a9068713982d858e21e32dae4d6bf4d65ddce5685b8944212,shallow_m4096_r2,production_final
2,shallow,final_geometry_v15_20260930,4327fe4ece9317f6fd20fad18389a71e9b1f423b,32,-1.0580934726310542,0.01517109301397327,True,-1.0662495371348673,4631.61533282209,4632.208007850666,10368.699346637486,75f510444b90135c5003f8e540871cfef4e3b09c0d0135dfbd6dbf9c0ede1f98,0,True,,230,102399,full_posterior,4096,0.0077870716888908,-1.0621715048829607,128,train_logit_48,train_logit_48,135168,2,1.000940079624463,1,0.5733371445979244,1.0,dynamics_h_0p01_stage_2,ok,8c615bef38ec1c9a9068713982d858e21e32dae4d6bf4d65ddce5685b8944212,shallow_m4096_r2,production_final
2,shallow,final_geometry_v15_20260930,4327fe4ece9317f6fd20fad18389a71e9b1f423b,32,0.5984802078670789,0.014053841468898858,True,0.5973650197585239,4612.207545342882,4599.129767020916,10037.98186465349,75f510444b90135c5003f8e540871cfef4e3b09c0d0135dfbd6dbf9c0ede1f98,0,True,,296,102399,full_posterior,4096,0.007401311628472321,0.5979226138128014,128,train_logit_64,train_logit_64,135168,2,1.0004975061645607,1,0.5460174945663364,1.0,dynamics_h_0p01_stage_2,ok,8c615bef38ec1c9a9068713982d858e21e32dae4d6bf4d65ddce5685b8944212,shallow_m4096_r2,production_final
2,shallow,final_geometry_v15_20260930,4327fe4ece9317f6fd20fad18389a71e9b1f423b,32,-0.6018295426049236,0.013843031841163641,True,-0.590710301504514,4850.166916049344,4855.789888309416,12179.505250128956,75f510444b90135c5003f8e540871cfef4e3b09c0d0135dfbd6dbf9c0ede1f98,0,True,,368,102399,full_posterior,4096,0.007209770960749467,-0.5962699220547187,128,train_logit_80,train_logit_80,135168,2,1.0002973000010347,1,0.5510128240923223,1.0,dynamics_h_0p01_stage_2,ok,8c615bef38ec1c9a9068713982d858e21e32dae4d6bf4d65ddce5685b8944212,shallow_m4096_r2,production_final
2,shallow,final_geometry_v15_20260930,4327fe4ece9317f6fd20fad18389a71e9b1f423b,32,-0.8842750600131566,0.013717951021950732,True,-0.9056223504382794,4412.245339601686,4422.681726142518,12238.697314865123,75f510444b90135c5003f8e540871cfef4e3b09c0d0135dfbd6dbf9c0ede1f98,0,True,,614,102399,full_posterior,4096,0.007105850881860679,-0.894948705225718,128,train_logit_96,train_logit_96,135168,2,1.0017248299154191,1,0.541544961335546,1.0,dynamics_h_0p01_stage_2,ok,8c615bef38ec1c9a9068713982d858e21e32dae4d6bf4d65ddce5685b8944212,shallow_m4096_r2,production_final
2,shallow,final_geometry_v15_20260930,4327fe4ece9317f6fd20fad18389a71e9b1f423b,32,0.7491683201068148,0.012649316406489693,True,0.7478328488303895,5643.123759485089,5642.260538312122,12946.789263831699,75f510444b90135c5003f8e540871cfef4e3b09c0d0135dfbd6dbf9c0ede1f98,0,True,,220,102399,full_posterior,4096,0.0064337048180130385,0.748500584468602,128,train_logit_112,train_logit_112,135168,2,1.0006228079104238,1,0.5215985776299892,1.0,dynamics_h_0p01_stage_2,ok,8c615bef38ec1c9a9068713982d858e21e32dae4d6bf4d65ddce5685b8944212,shallow_m4096_r2,production_final
2,shallow,final_geometry_v15_20260930,4327fe4ece9317f6fd20fad18389a71e9b1f423b,32,0.4254048070362437,0.004461661891801543,True,0.4267317401127685,4612.511328585725,4620.339962679081,11289.019205764065,75f510444b90135c5003f8e540871cfef4e3b09c0d0135dfbd6dbf9c0ede1f98,0,True,,436,102399,full_posterior,4096,0.002297167382527283,0.4260682735745061,128,test_prob_0,test_prob_0,135168,2,1.0004850200859656,1,0.17198881597047563,1.0,dynamics_h_0p01_stage_2,ok,8c615bef38ec1c9a9068713982d858e21e32dae4d6bf4d65ddce5685b8944212,shallow_m4096_r2,production_final
2,shallow,final_geometry_v15_20260930,4327fe4ece9317f6fd20fad18389a71e9b1f423b,32,0.43252590822406917,0.004410306009068856,True,0.43985972763749714,4412.953596163246,4436.967221840017,10640.558058957156,75f510444b90135c5003f8e540871cfef4e3b09c0d0135dfbd6dbf9c0ede1f98,0,True,,360,102399,full_posterior,4096,0.002337988243902936,0.4361928179307831,128,test_prob_128,test_prob_128,135168,2,1.0019230874788778,1,0.17286807106190763,1.0,dynamics_h_0p01_stage_2,ok,8c615bef38ec1c9a9068713982d858e21e32dae4d6bf4d65ddce5685b8944212,shallow_m4096_r2,production_final
2,shallow,final_geometry_v15_20260930,4327fe4ece9317f6fd20fad18389a71e9b1f423b,32,0.741940984209081,0.0037670854210320242,True,0.7388702490167026,4570.822435995896,4643.309962873586,11095.91036138429,75f510444b90135c5003f8e540871cfef4e3b09c0d0135dfbd6dbf9c0ede1f98,0,True,,286,102399,full_posterior,4096,0.0019405282302076756,0.7404056166128917,128,test_prob_256,test_prob_256,135168,2,1.000954390186476,1,0.14513746365465138,1.0,dynamics_h_0p01_stage_2,ok,8c615bef38ec1c9a9068713982d858e21e32dae4d6bf4d65ddce5685b8944212,shallow_m4096_r2,production_final
2,shallow,final_geometry_v15_20260930,4327fe4ece9317f6fd20fad18389a71e9b1f423b,32,0.8476845902657536,0.0025440589114796987,True,0.8489270697636089,4732.011656317955,5006.660391711306,10601.151712447056,75f510444b90135c5003f8e540871cfef4e3b09c0d0135dfbd6dbf9c0ede1f98,0,True,,276,102399,full_posterior,4096,0.0013008495908107094,0.8483058300146812,128,test_prob_384,test_prob_384,135168,2,1.0005514769031978,1,0.10013374452224574,1.0,dynamics_h_0p01_stage_2,ok,8c615bef38ec1c9a9068713982d858e21e32dae4d6bf4d65ddce5685b8944212,shallow_m4096_r2,production_final
2,shallow,final_geometry_v15_20260930,4327fe4ece9317f6fd20fad18389a71e9b1f423b,32,0.41133224170129057,0.004441060883170629,True,0.40742790330438294,4724.306327405172,4767.802197364356,12135.553007534929,75f510444b90135c5003f8e540871cfef4e3b09c0d0135dfbd6dbf9c0ede1f98,0,True,,356,102399,full_posterior,4096,0.0022859292454751427,0.4093800725028369,128,test_prob_512,test_prob_512,135168,2,1.00034568375495,1,0.17207778654280284,1.0,dynamics_h_0p01_stage_2,ok,8c615bef38ec1c9a9068713982d858e21e32dae4d6bf4d65ddce5685b8944212,shallow_m4096_r2,production_final
2,shallow,final_geometry_v15_20260930,4327fe4ece9317f6fd20fad18389a71e9b1f423b,32,0.742928227810285,0.0038976049977830413,True,0.7395075879454959,4137.071314678646,4256.259735075105,9268.191917298243,75f510444b90135c5003f8e540871cfef4e3b09c0d0135dfbd6dbf9c0ede1f98,0,True,,406,102399,full_posterior,4096,0.002001641188600155,0.7412179078778907,128,test_prob_640,test_prob_640,135168,2,1.000873954523448,1,0.14656746883116425,1.0,dynamics_h_0p01_stage_2,ok,8c615bef38ec1c9a9068713982d858e21e32dae4d6bf4d65ddce5685b8944212,shallow_m4096_r2,production_final
2,shallow,final_geometry_v15_20260930,4327fe4ece9317f6fd20fad18389a71e9b1f423b,32,0.735063353462645,0.0038439684316742793,True,0.7404493348908716,4386.974750333188,4458.484837905635,9565.340712120113,75f510444b90135c5003f8e540871cfef4e3b09c0d0135dfbd6dbf9c0ede1f98,0,True,,322,102399,full_posterior,4096,0.0020154774975440926,0.7377563441767581,128,test_prob_768,test_prob_768,135168,2,1.000499500846001,1,0.1464204961896159,1.0,dynamics_h_0p01_stage_2,ok,8c615bef38ec1c9a9068713982d858e21e32dae4d6bf4d65ddce5685b8944212,shallow_m4096_r2,production_final
2,shallow,final_geometry_v15_20260930,4327fe4ece9317f6fd20fad18389a71e9b1f423b,32,0.4433757134962899,0.004939789344608576,True,0.4361652947432832,4173.194464030812,4211.554262793263,9341.790784725441,75f510444b90135c5003f8e540871cfef4e3b09c0d0135dfbd6dbf9c0ede1f98,0,True,,504,102399,full_posterior,4096,0.0025490598144537933,0.4397705041197866,128,test_prob_896,test_prob_896,135168,2,1.0008387947878248,1,0.18206254543373473,1.0,dynamics_h_0p01_stage_2,ok,8c615bef38ec1c9a9068713982d858e21e32dae4d6bf4d65ddce5685b8944212,shallow_m4096_r2,production_final
2,shallow,final_geometry_v15_20260930,4327fe4ece9317f6fd20fad18389a71e9b1f423b,32,-0.0005356154864302942,0.017205326272064354,True,0.0020612012313408995,4548.871403941623,4400.307321519008,6740.6429307564495,75f510444b90135c5003f8e540871cfef4e3b09c0d0135dfbd6dbf9c0ede1f98,0,True,,220,102399,full_posterior,4096,0.008769168046771423,0.0007627928724553048,128,interaction_0,interaction_0,135168,2,1.0017042878270714,1,0.628584804196269,1.0,dynamics_h_0p01_stage_2,ok,8c615bef38ec1c9a9068713982d858e21e32dae4d6bf4d65ddce5685b8944212,shallow_m4096_r2,production_final
2,shallow,final_geometry_v15_20260930,4327fe4ece9317f6fd20fad18389a71e9b1f423b,32,0.007012746924368296,0.016913166101928313,True,-0.01615165853981168,4703.060204180621,4538.6219756210885,7065.041585949038,75f510444b90135c5003f8e540871cfef4e3b09c0d0135dfbd6dbf9c0ede1f98,0,True,,204,102399,full_posterior,4096,0.008521908318080671,-0.004569455807721693,128,interaction_1,interaction_1,135168,2,1.0007384287307282,1,0.6244488120469984,1.0,dynamics_h_0p01_stage_2,ok,8c615bef38ec1c9a9068713982d858e21e32dae4d6bf4d65ddce5685b8944212,shallow_m4096_r2,production_final
2,shallow,final_geometry_v15_20260930,4327fe4ece9317f6fd20fad18389a71e9b1f423b,32,-0.003543220393847839,0.016917267882954164,True,-0.01422669831746699,4421.647955885136,4252.0037751657255,6528.847462034785,75f510444b90135c5003f8e540871cfef4e3b09c0d0135dfbd6dbf9c0ede1f98,0,True,,364,102399,full_posterior,4096,0.008623317957523252,-0.008884959355657413,128,interaction_2,interaction_2,135168,2,1.000696861070823,1,0.6261637846515552,1.0,dynamics_h_0p01_stage_2,ok,8c615bef38ec1c9a9068713982d858e21e32dae4d6bf4d65ddce5685b8944212,shallow_m4096_r2,production_final
2,shallow,final_geometry_v15_20260930,4327fe4ece9317f6fd20fad18389a71e9b1f423b,32,-0.029386645799892336,0.01707734657842787,True,-0.006800643741383318,4669.553508332899,4497.46331193922,7207.216517090374,75f510444b90135c5003f8e540871cfef4e3b09c0d0135dfbd6dbf9c0ede1f98,0,True,,198,102399,full_posterior,4096,0.008783439276029712,-0.018093644770637823,128,interaction_3,interaction_3,135168,2,1.0005674942855318,1,0.6301329816514076,1.0,dynamics_h_0p01_stage_2,ok,8c615bef38ec1c9a9068713982d858e21e32dae4d6bf4d65ddce5685b8944212,shallow_m4096_r2,production_final
2,shallow,final_geometry_v15_20260930,4327fe4ece9317f6fd20fad18389a71e9b1f423b,32,0.04491675566647871,0.03484130269518486,True,0.01899152459784724,2072.9043222797145,2070.0564589826895,4335.700918941421,75f510444b90135c5003f8e540871cfef4e3b09c0d0135dfbd6dbf9c0ede1f98,0,True,,410,102399,full_posterior,4096,0.0188083415129838,0.031954140132162974,128,q_A,q_A,135168,2,1.0013129653721489,1,1.011395652015079,1.0,dynamics_h_0p01_stage_2,ok,8c615bef38ec1c9a9068713982d858e21e32dae4d6bf4d65ddce5685b8944212,shallow_m4096_r2,production_final
2,shallow,final_geometry_v15_20260930,4327fe4ece9317f6fd20fad18389a71e9b1f423b,32,-0.022612269802735875,0.03462313644458578,True,-0.051627852240224,2157.1046418271117,2155.947945189744,4257.13981295093,75f510444b90135c5003f8e540871cfef4e3b09c0d0135dfbd6dbf9c0ede1f98,0,True,,396,102399,full_posterior,4096,0.018537175182270927,-0.03712006102147994,128,q_W,q_W,135168,2,1.002741391698078,1,1.0015361676547205,1.0,dynamics_h_0p01_stage_2,ok,8c615bef38ec1c9a9068713982d858e21e32dae4d6bf4d65ddce5685b8944212,shallow_m4096_r2,production_final
2,shallow,final_geometry_v15_20260930,4327fe4ece9317f6fd20fad18389a71e9b1f423b,32,1.0020852106847264,0.000606053776065776,True,1.0022242830879902,4316.3704104644485,4319.299375072677,9102.976788005913,75f510444b90135c5003f8e540871cfef4e3b09c0d0135dfbd6dbf9c0ede1f98,0,True,,244,102399,full_posterior,4096,0.0003115464073310927,1.0021547468863585,128,disp_A,disp_A,135168,2,1.0008713301033787,1,0.02204546882518532,1.0,dynamics_h_0p01_stage_2,ok,8c615bef38ec1c9a9068713982d858e21e32dae4d6bf4d65ddce5685b8944212,shallow_m4096_r2,production_final
2,shallow,final_geometry_v15_20260930,4327fe4ece9317f6fd20fad18389a71e9b1f423b,32,1.000001373645245,0.00011001773635379332,True,1.0001529589795362,4020.562307226198,4022.204844233547,9014.178582278182,75f510444b90135c5003f8e540871cfef4e3b09c0d0135dfbd6dbf9c0ede1f98,0,True,,290,102399,full_posterior,4096,5.6050364546515655e-05,1.0000771663123906,128,disp_W1,disp_W1,135168,2,1.0018878977072319,1,0.003928567985599243,1.0,dynamics_h_0p01_stage_2,ok,8c615bef38ec1c9a9068713982d858e21e32dae4d6bf4d65ddce5685b8944212,shallow_m4096_r2,production_final
2,shallow,final_geometry_v15_20260930,4327fe4ece9317f6fd20fad18389a71e9b1f423b,32,65.51772259406839,0.09793323165130724,True,65.43589448910812,5189.039346981859,5203.607933615807,12555.080672754822,d45e09bd326d6b9e0a712a1338a1af3e3cb8b2fcb6d6e851829dd2997c86316e,0,True,,536,51199,full_posterior,4096,0.050498829279187286,65.47680854158826,128,V,V,135168,2,1.0010148323497168,1,3.9411540562658436,1.0,dynamics_h_0p02_stage_2,ok,8c615bef38ec1c9a9068713982d858e21e32dae4d6bf4d65ddce5685b8944212,shallow_m4096_r2,validation_or_superseded
2,shallow,final_geometry_v15_20260930,4327fe4ece9317f6fd20fad18389a71e9b1f423b,32,67649.81487801296,7.725489416413059,True,67647.96944131106,3589.2847840523177,3572.8961706746995,9128.721919672726,d45e09bd326d6b9e0a712a1338a1af3e3cb8b2fcb6d6e851829dd2997c86316e,0,True,,344,51199,full_posterior,4096,3.984158200329813,67648.89215966199,128,U,U,135168,2,1.000633249885933,1,262.4681157623552,1.0,dynamics_h_0p02_stage_2,ok,8c615bef38ec1c9a9068713982d858e21e32dae4d6bf4d65ddce5685b8944212,shallow_m4096_r2,validation_or_superseded
2,shallow,final_geometry_v15_20260930,4327fe4ece9317f6fd20fad18389a71e9b1f423b,32,-0.3627912108608385,0.015537700057730999,True,-0.3590344514443262,4762.110526702158,4762.197044209292,9819.206857566676,d45e09bd326d6b9e0a712a1338a1af3e3cb8b2fcb6d6e851829dd2997c86316e,0,True,,152,51199,full_posterior,4096,0.007778731856176046,-0.3609128311525824,128,train_logit_0,train_logit_0,135168,2,1.0005833220378608,1,0.5685297264511715,1.0,dynamics_h_0p02_stage_2,ok,8c615bef38ec1c9a9068713982d858e21e32dae4d6bf4d65ddce5685b8944212,shallow_m4096_r2,validation_or_superseded
2,shallow,final_geometry_v15_20260930,4327fe4ece9317f6fd20fad18389a71e9b1f423b,32,0.3792552444441927,0.013935587913173059,True,0.3728570179850881,4964.1825298693775,4962.744218532277,11444.633058967736,d45e09bd326d6b9e0a712a1338a1af3e3cb8b2fcb6d6e851829dd2997c86316e,0,True,,352,51199,full_posterior,4096,0.007261688133875582,0.3760561312146403,128,train_logit_16,train_logit_16,135168,2,1.0009410621940715,1,0.5471677175639187,1.0,dynamics_h_0p02_stage_2,ok,8c615bef38ec1c9a9068713982d858e21e32dae4d6bf4d65ddce5685b8944212,shallow_m4096_r2,validation_or_superseded
2,shallow,final_geometry_v15_20260930,4327fe4ece9317f6fd20fad18389a71e9b1f423b,32,-0.5949813754402855,0.013364577456209286,True,-0.6035357114011911,5425.569991013445,5411.40322283111,11041.438008600422,d45e09bd326d6b9e0a712a1338a1af3e3cb8b2fcb6d6e851829dd2997c86316e,0,True,,130,51199,full_posterior,4096,0.006907574918868124,-0.5992585434207384,128,train_logit_32,train_logit_32,135168,2,1.000194481834117,1,0.531757304907796,1.0,dynamics_h_0p02_stage_2,ok,8c615bef38ec1c9a9068713982d858e21e32dae4d6bf4d65ddce5685b8944212,shallow_m4096_r2,validation_or_superseded
2,shallow,final_geometry_v15_20260930,4327fe4ece9317f6fd20fad18389a71e9b1f423b,32,-1.0679315116178854,0.01539880820264314,True,-1.0796011786974626,4507.630609655696,4503.155694663759,10913.541388099806,d45e09bd326d6b9e0a712a1338a1af3e3cb8b2fcb6d6e851829dd2997c86316e,0,True,,298,51199,full_posterior,4096,0.007843311230394969,-1.0737663451576738,128,train_logit_48,train_logit_48,135168,2,1.0019242261193484,1,0.5722793533998296,1.0,dynamics_h_0p02_stage_2,ok,8c615bef38ec1c9a9068713982d858e21e32dae4d6bf4d65ddce5685b8944212,shallow_m4096_r2,validation_or_superseded
2,shallow,final_geometry_v15_20260930,4327fe4ece9317f6fd20fad18389a71e9b1f423b,32,0.6136610878456354,0.014602463791480797,True,0.6185642884181867,4851.028558919402,4850.814446685119,11478.929643093512,d45e09bd326d6b9e0a712a1338a1af3e3cb8b2fcb6d6e851829dd2997c86316e,0,True,,182,51199,full_posterior,4096,0.007463232120013501,0.6161126881319111,128,train_logit_64,train_logit_64,135168,2,1.0006554893260344,1,0.5570196601704644,1.0,dynamics_h_0p02_stage_2,ok,8c615bef38ec1c9a9068713982d858e21e32dae4d6bf4d65ddce5685b8944212,shallow_m4096_r2,validation_or_superseded
2,shallow,final_geometry_v15_20260930,4327fe4ece9317f6fd20fad18389a71e9b1f423b,32,-0.594166771855968,0.01369719090340957,True,-0.604640289803655,4966.162053863214,4966.172166519947,11629.297966283119,d45e09bd326d6b9e0a712a1338a1af3e3cb8b2fcb6d6e851829dd2997c86316e,0,True,,292,51199,full_posterior,4096,0.007085023151548947,-0.5994035308298117,128,train_logit_80,train_logit_80,135168,2,1.0007086401618557,1,0.5445144484300626,1.0,dynamics_h_0p02_stage_2,ok,8c615bef38ec1c9a9068713982d858e21e32dae4d6bf4d65ddce5685b8944212,shallow_m4096_r2,validation_or_superseded
2,shallow,final_geometry_v15_20260930,4327fe4ece9317f6fd20fad18389a71e9b1f423b,32,-0.8835354291121166,0.013918433829361964,True,-0.8855290550039067,4792.251384739387,4774.302932913256,12146.187749585577,d45e09bd326d6b9e0a712a1338a1af3e3cb8b2fcb6d6e851829dd2997c86316e,0,True,,562,51199,full_posterior,4096,0.007108828708742241,-0.8845322420580117,128,train_logit_96,train_logit_96,135168,2,1.0011754781821043,1,0.5395885887332174,1.0,dynamics_h_0p02_stage_2,ok,8c615bef38ec1c9a9068713982d858e21e32dae4d6bf4d65ddce5685b8944212,shallow_m4096_r2,validation_or_superseded
2,shallow,final_geometry_v15_20260930,4327fe4ece9317f6fd20fad18389a71e9b1f423b,32,0.740876054778219,0.013114311916791013,True,0.7296667818422707,5397.635644390861,5385.358037258307,11481.860767201628,d45e09bd326d6b9e0a712a1338a1af3e3cb8b2fcb6d6e851829dd2997c86316e,0,True,,198,51199,full_posterior,4096,0.006634956544450647,0.7352714183102449,128,train_logit_112,train_logit_112,135168,2,1.0010023658539273,1,0.5182301123659319,1.0,dynamics_h_0p02_stage_2,ok,8c615bef38ec1c9a9068713982d858e21e32dae4d6bf4d65ddce5685b8944212,shallow_m4096_r2,validation_or_superseded
2,shallow,final_geometry_v15_20260930,4327fe4ece9317f6fd20fad18389a71e9b1f423b,32,0.4139002259671443,0.004542305531411154,True,0.4226008271431185,4641.423837478824,4662.826168470925,11414.641742405687,d45e09bd326d6b9e0a712a1338a1af3e3cb8b2fcb6d6e851829dd2997c86316e,0,True,,170,51199,full_posterior,4096,0.0023815071838316462,0.4182505265551313,128,test_prob_0,test_prob_0,135168,2,1.0014616102294094,1,0.17145121504548602,1.0,dynamics_h_0p02_stage_2,ok,8c615bef38ec1c9a9068713982d858e21e32dae4d6bf4d65ddce5685b8944212,shallow_m4096_r2,validation_or_superseded
2,shallow,final_geometry_v15_20260930,4327fe4ece9317f6fd20fad18389a71e9b1f423b,32,0.43249173672716457,0.00456931791571586,True,0.4363028079697607,4739.0327521751515,4695.932877289194,11436.754595652084,d45e09bd326d6b9e0a712a1338a1af3e3cb8b2fcb6d6e851829dd2997c86316e,0,True,,338,51199,full_posterior,4096,0.002294719545338045,0.43439727234846254,128,test_prob_128,test_prob_128,135168,2,1.0008035317144897,1,0.17175810191814517,1.0,dynamics_h_0p02_stage_2,ok,8c615bef38ec1c9a9068713982d858e21e32dae4d6bf4d65ddce5685b8944212,shallow_m4096_r2,validation_or_superseded
2,shallow,final_geometry_v15_20260930,4327fe4ece9317f6fd20fad18389a71e9b1f423b,32,0.7509185160241045,0.003892730887663808,True,0.7519353848628312,4293.393809296251,4450.120978131257,9897.105409376582,d45e09bd326d6b9e0a712a1338a1af3e3cb8b2fcb6d6e851829dd2997c86316e,0,True,,222,51199,full_posterior,4096,0.0020050521006691677,0.7514269504434679,128,test_prob_256,test_prob_256,135168,2,1.0006695951454097,1,0.14131680208599565,1.0,dynamics_h_0p02_stage_2,ok,8c615bef38ec1c9a9068713982d858e21e32dae4d6bf4d65ddce5685b8944212,shallow_m4096_r2,validation_or_superseded
2,shallow,final_geometry_v15_20260930,4327fe4ece9317f6fd20fad18389a71e9b1f423b,32,0.8483602316000972,0.002570736843123463,True,0.8529800285774632,4593.995676796722,4902.9319736224215,10556.200880547642,d45e09bd326d6b9e0a712a1338a1af3e3cb8b2fcb6d6e851829dd2997c86316e,0,True,,206,51199,full_posterior,4096,0.0013169056311220977,0.8506701300887802,128,test_prob_384,test_prob_384,135168,2,1.0008253236828046,1,0.09817024169139905,1.0,dynamics_h_0p02_stage_2,ok,8c615bef38ec1c9a9068713982d858e21e32dae4d6bf4d65ddce5685b8944212,shallow_m4096_r2,validation_or_superseded
2,shallow,final_geometry_v15_20260930,4327fe4ece9317f6fd20fad18389a71e9b1f423b,32,0.41396304577101617,0.004798135384161445,True,0.4209762222075408,4363.687503507591,4348.525128888824,10541.903746954295,d45e09bd326d6b9e0a712a1338a1af3e3cb8b2fcb6d6e851829dd2997c86316e,0,True,,156,51199,full_posterior,4096,0.0024769717519881208,0.4174696339892784,128,test_prob_512,test_prob_512,135168,2,1.0021773650488002,1,0.17409884314936988,1.0,dynamics_h_0p02_stage_2,ok,8c615bef38ec1c9a9068713982d858e21e32dae4d6bf4d65ddce5685b8944212,shallow_m4096_r2,validation_or_superseded
2,shallow,final_geometry_v15_20260930,4327fe4ece9317f6fd20fad18389a71e9b1f423b,32,0.7403599176902547,0.003848617007195332,True,0.7459373948909162,4210.013763020674,4382.134892058471,9526.930488559092,d45e09bd326d6b9e0a712a1338a1af3e3cb8b2fcb6d6e851829dd2997c86316e,0,True,,156,51199,full_posterior,4096,0.0020305766668008447,0.7431486562905855,128,test_prob_640,test_prob_640,135168,2,1.0009165217777232,1,0.14345058626066368,1.0,dynamics_h_0p02_stage_2,ok,8c615bef38ec1c9a9068713982d858e21e32dae4d6bf4d65ddce5685b8944212,shallow_m4096_r2,validation_or_superseded
2,shallow,final_geometry_v15_20260930,4327fe4ece9317f6fd20fad18389a71e9b1f423b,32,0.7388700011604005,0.0038747270298627886,True,0.739018073230203,4383.831441090444,4565.03699946478,9776.205459296905,d45e09bd326d6b9e0a712a1338a1af3e3cb8b2fcb6d6e851829dd2997c86316e,0,True,,158,51199,full_posterior,4096,0.002008081808145133,0.7389440371953018,128,test_prob_768,test_prob_768,135168,2,1.0007146596327434,1,0.14564032724904538,1.0,dynamics_h_0p02_stage_2,ok,8c615bef38ec1c9a9068713982d858e21e32dae4d6bf4d65ddce5685b8944212,shallow_m4096_r2,validation_or_superseded
2,shallow,final_geometry_v15_20260930,4327fe4ece9317f6fd20fad18389a71e9b1f423b,32,0.44970075504782775,0.005144571587675027,True,0.4446356350297944,3960.780563345529,4022.297845367172,9059.929314147355,d45e09bd326d6b9e0a712a1338a1af3e3cb8b2fcb6d6e851829dd2997c86316e,0,True,,192,51199,full_posterior,4096,0.0026338375095452046,0.44716819503881106,128,test_prob_896,test_prob_896,135168,2,1.0007323978777496,1,0.18062748873619033,1.0,dynamics_h_0p02_stage_2,ok,8c615bef38ec1c9a9068713982d858e21e32dae4d6bf4d65ddce5685b8944212,shallow_m4096_r2,validation_or_superseded
2,shallow,final_geometry_v15_20260930,4327fe4ece9317f6fd20fad18389a71e9b1f423b,32,0.015644722124890938,0.017416305974690936,True,-0.022837460521007106,4506.053806333876,4334.481941512811,7078.844214929956,d45e09bd326d6b9e0a712a1338a1af3e3cb8b2fcb6d6e851829dd2997c86316e,0,True,,124,51199,full_posterior,4096,0.008818420485257567,-0.003596369198058088,128,interaction_0,interaction_0,135168,2,1.0010144310190061,1,0.619937693827111,1.0,dynamics_h_0p02_stage_2,ok,8c615bef38ec1c9a9068713982d858e21e32dae4d6bf4d65ddce5685b8944212,shallow_m4096_r2,validation_or_superseded
2,shallow,final_geometry_v15_20260930,4327fe4ece9317f6fd20fad18389a71e9b1f423b,32,-0.021856552782426156,0.01673609925914063,True,-0.005657238681924648,4915.110637455645,4754.80019664149,7752.58815733401,d45e09bd326d6b9e0a712a1338a1af3e3cb8b2fcb6d6e851829dd2997c86316e,0,True,,94,51199,full_posterior,4096,0.0084898850451938,-0.0137568957321754,128,interaction_1,interaction_1,135168,2,1.0010997795981955,1,0.6122931446656251,1.0,dynamics_h_0p02_stage_2,ok,8c615bef38ec1c9a9068713982d858e21e32dae4d6bf4d65ddce5685b8944212,shallow_m4096_r2,validation_or_superseded
2,shallow,final_geometry_v15_20260930,4327fe4ece9317f6fd20fad18389a71e9b1f423b,32,-0.03146329257713183,0.017812355773322276,True,0.0020238079374071795,4566.214421014307,4330.769943376817,6242.0391515983665,d45e09bd326d6b9e0a712a1338a1af3e3cb8b2fcb6d6e851829dd2997c86316e,0,True,,96,51199,full_posterior,4096,0.008930687924082937,-0.014719742319862329,128,interaction_2,interaction_2,135168,2,1.0015856548716506,1,0.623710506522837,1.0,dynamics_h_0p02_stage_2,ok,8c615bef38ec1c9a9068713982d858e21e32dae4d6bf4d65ddce5685b8944212,shallow_m4096_r2,validation_or_superseded
2,shallow,final_geometry_v15_20260930,4327fe4ece9317f6fd20fad18389a71e9b1f423b,32,-0.03158344171945189,0.017397387053732987,True,-0.025847196871528578,4609.630098357453,4464.44339971236,6627.506683958199,d45e09bd326d6b9e0a712a1338a1af3e3cb8b2fcb6d6e851829dd2997c86316e,0,True,,116,51199,full_posterior,4096,0.009082365519848116,-0.028715319295490246,128,interaction_3,interaction_3,135168,2,1.001310087733937,1,0.6249948265313837,1.0,dynamics_h_0p02_stage_2,ok,8c615bef38ec1c9a9068713982d858e21e32dae4d6bf4d65ddce5685b8944212,shallow_m4096_r2,validation_or_superseded
2,shallow,final_geometry_v15_20260930,4327fe4ece9317f6fd20fad18389a71e9b1f423b,32,0.0872926455538964,0.0373543886433917,True,0.10785365815431365,1893.4343001332588,1893.0489918890275,4351.6922849144285,d45e09bd326d6b9e0a712a1338a1af3e3cb8b2fcb6d6e851829dd2997c86316e,0,True,,294,51199,full_posterior,4096,0.019997660313795566,0.09757315185410502,128,q_A,q_A,135168,2,1.0016347812054647,1,0.9946884795629711,1.0,dynamics_h_0p02_stage_2,ok,8c615bef38ec1c9a9068713982d858e21e32dae4d6bf4d65ddce5685b8944212,shallow_m4096_r2,validation_or_superseded
2,shallow,final_geometry_v15_20260930,4327fe4ece9317f6fd20fad18389a71e9b1f423b,32,-0.04448522115063267,0.037235960268681756,True,-0.0302251754432838,2105.2591221116763,2097.341715952065,4299.690236660078,d45e09bd326d6b9e0a712a1338a1af3e3cb8b2fcb6d6e851829dd2997c86316e,0,True,,196,51199,full_posterior,4096,0.0198487087170976,-0.03735519829695824,128,q_W,q_W,135168,2,1.0009946535496068,1,1.0105943651657885,1.0,dynamics_h_0p02_stage_2,ok,8c615bef38ec1c9a9068713982d858e21e32dae4d6bf4d65ddce5685b8944212,shallow_m4096_r2,validation_or_superseded
2,shallow,final_geometry_v15_20260930,4327fe4ece9317f6fd20fad18389a71e9b1f423b,32,1.0010407966694905,0.0006467115437920453,True,1.0011386673571445,4132.421672404595,4114.589155515658,8373.69456810672,d45e09bd326d6b9e0a712a1338a1af3e3cb8b2fcb6d6e851829dd2997c86316e,0,True,,116,51199,full_posterior,4096,0.0003244320093178692,1.0010897320133174,128,disp_A,disp_A,135168,2,1.0008719050266601,1,0.022171861998906046,1.0,dynamics_h_0p02_stage_2,ok,8c615bef38ec1c9a9068713982d858e21e32dae4d6bf4d65ddce5685b8944212,shallow_m4096_r2,validation_or_superseded
2,shallow,final_geometry_v15_20260930,4327fe4ece9317f6fd20fad18389a71e9b1f423b,32,0.9999720093359339,0.00011548025129178931,True,0.9999420403453751,3557.5705665255346,3546.5211495926624,8789.913634986327,d45e09bd326d6b9e0a712a1338a1af3e3cb8b2fcb6d6e851829dd2997c86316e,0,True,,350,51199,full_posterior,4096,5.969105812340465e-05,0.9999570248406545,128,disp_W1,disp_W1,135168,2,1.0006347567583906,1,0.0039370557518452086,1.0,dynamics_h_0p02_stage_2,ok,8c615bef38ec1c9a9068713982d858e21e32dae4d6bf4d65ddce5685b8944212,shallow_m4096_r2,validation_or_superseded
3,deep,final_geometry_v15_20260930,4327fe4ece9317f6fd20fad18389a71e9b1f423b,32,72.9664585278277,0.10917152985474822,True,72.92037408468333,3350.279102442198,3344.8063271233805,9118.24841741072,cfd402acd9944c34ab29ba4acb1b71fa49ebb351210a369cc3cc948e765f42b2,0,True,,1662,204799,full_posterior,32,0.058389049754881316,72.9434163062555,128,V,V,2080,0,1.0007976819743896,1,4.233357108034917,1.0,dynamics_h_0p005_stage_2,ok,af056e127c02b019412d5384149e30d1e6c85b146336ef076ef6b326c05fe260,deep_m0032_r0,validation_or_superseded
3,deep,final_geometry_v15_20260930,4327fe4ece9317f6fd20fad18389a71e9b1f423b,32,1116.6278489807148,0.8460644813386603,True,1115.7041058172663,4051.880062778315,4043.651618518765,9205.575972236333,cfd402acd9944c34ab29ba4acb1b71fa49ebb351210a369cc3cc948e765f42b2,0,True,,620,204799,full_posterior,32,0.4435074501986949,1116.165977398991,128,U,U,2080,0,1.000414282312879,1,32.15950261200243,1.0,dynamics_h_0p005_stage_2,ok,af056e127c02b019412d5384149e30d1e6c85b146336ef076ef6b326c05fe260,deep_m0032_r0,validation_or_superseded
3,deep,final_geometry_v15_20260930,4327fe4ece9317f6fd20fad18389a71e9b1f423b,32,0.8918951042751762,0.010610664172654239,True,0.9029415281944243,4455.478885122111,4452.156537648644,12775.044680935127,cfd402acd9944c34ab29ba4acb1b71fa49ebb351210a369cc3cc948e765f42b2,0,True,,1258,204799,full_posterior,32,0.005605054212368682,0.8974183162348001,128,train_logit_0,train_logit_0,2080,0,1.0005017941046883,1,0.4645166555480861,1.0,dynamics_h_0p005_stage_2,ok,af056e127c02b019412d5384149e30d1e6c85b146336ef076ef6b326c05fe260,deep_m0032_r0,validation_or_superseded
3,deep,final_geometry_v15_20260930,4327fe4ece9317f6fd20fad18389a71e9b1f423b,32,0.05620475054238876,0.010505247917074856,True,0.03732798993607731,5252.337677393431,5249.771870298283,12829.878523334162,cfd402acd9944c34ab29ba4acb1b71fa49ebb351210a369cc3cc948e765f42b2,0,True,,774,204799,full_posterior,32,0.005601507125478578,0.04676637023923303,128,train_logit_16,train_logit_16,2080,0,1.0003146139148402,1,0.4724426856151104,1.0,dynamics_h_0p005_stage_2,ok,af056e127c02b019412d5384149e30d1e6c85b146336ef076ef6b326c05fe260,deep_m0032_r0,validation_or_superseded
3,deep,final_geometry_v15_20260930,4327fe4ece9317f6fd20fad18389a71e9b1f423b,32,0.6067348128408605,0.011342446913577728,True,0.606144931465944,4766.232608287991,4752.598709139224,11956.832513087422,cfd402acd9944c34ab29ba4acb1b71fa49ebb351210a369cc3cc948e765f42b2,0,True,,1128,204799,full_posterior,32,0.005953516970266739,0.6064398721534022,128,train_logit_32,train_logit_32,2080,0,1.0004112849846714,1,0.4877324388935153,1.0,dynamics_h_0p005_stage_2,ok,af056e127c02b019412d5384149e30d1e6c85b146336ef076ef6b326c05fe260,deep_m0032_r0,validation_or_superseded
3,deep,final_geometry_v15_20260930,4327fe4ece9317f6fd20fad18389a71e9b1f423b,32,0.3329999380476324,0.011236255798386227,True,0.32035140842241333,4826.829672436013,4810.851735019781,12560.527109398286,cfd402acd9944c34ab29ba4acb1b71fa49ebb351210a369cc3cc948e765f42b2,0,True,,974,204799,full_posterior,32,0.005967979895266584,0.3266756732350228,128,train_logit_48,train_logit_48,2080,0,1.0006882151789922,1,0.4892360516365652,1.0,dynamics_h_0p005_stage_2,ok,af056e127c02b019412d5384149e30d1e6c85b146336ef076ef6b326c05fe260,deep_m0032_r0,validation_or_superseded
3,deep,final_geometry_v15_20260930,4327fe4ece9317f6fd20fad18389a71e9b1f423b,32,0.6830802346127455,0.010382290242700898,True,0.6827033211224297,5307.82373630131,5302.714918815538,13725.056519388074,cfd402acd9944c34ab29ba4acb1b71fa49ebb351210a369cc3cc948e765f42b2,0,True,,694,204799,full_posterior,32,0.005567776879969826,0.6828917778675876,128,train_logit_64,train_logit_64,2080,0,1.0001713546038538,1,0.4684316273378982,1.0,dynamics_h_0p005_stage_2,ok,af056e127c02b019412d5384149e30d1e6c85b146336ef076ef6b326c05fe260,deep_m0032_r0,validation_or_superseded
3,deep,final_geometry_v15_20260930,4327fe4ece9317f6fd20fad18389a71e9b1f423b,32,-0.8294329658870939,0.011086332563270287,True,-0.8281093956650531,4655.215313568674,4625.889579456156,10770.420118053195,cfd402acd9944c34ab29ba4acb1b71fa49ebb351210a369cc3cc948e765f42b2,0,True,,1132,204799,full_posterior,32,0.005786973370734593,-0.8287711807760739,128,train_logit_80,train_logit_80,2080,0,1.0006335573258387,1,0.4779231709768441,1.0,dynamics_h_0p005_stage_2,ok,af056e127c02b019412d5384149e30d1e6c85b146336ef076ef6b326c05fe260,deep_m0032_r0,validation_or_superseded
3,deep,final_geometry_v15_20260930,4327fe4ece9317f6fd20fad18389a71e9b1f423b,32,0.625533149138311,0.010715377042154256,True,0.6256914613048585,5229.837576777741,5236.878234618339,12554.461055759763,cfd402acd9944c34ab29ba4acb1b71fa49ebb351210a369cc3cc948e765f42b2,0,True,,1232,204799,full_posterior,32,0.005711226538348074,0.6256123052215851,128,train_logit_96,train_logit_96,2080,0,1.0003459475752503,1,0.47593775869425875,1.0,dynamics_h_0p005_stage_2,ok,af056e127c02b019412d5384149e30d1e6c85b146336ef076ef6b326c05fe260,deep_m0032_r0,validation_or_superseded
3,deep,final_geometry_v15_20260930,4327fe4ece9317f6fd20fad18389a71e9b1f423b,32,0.19696380222563026,0.010575772009202958,True,0.21635570353636832,5297.9387255034235,5272.85973568056,13906.387089897797,cfd402acd9944c34ab29ba4acb1b71fa49ebb351210a369cc3cc948e765f42b2,0,True,,1110,204799,full_posterior,32,0.005620473534516247,0.20665975288099936,128,train_logit_112,train_logit_112,2080,0,1.001190353127729,1,0.4720461441436555,1.0,dynamics_h_0p005_stage_2,ok,af056e127c02b019412d5384149e30d1e6c85b146336ef076ef6b326c05fe260,deep_m0032_r0,validation_or_superseded
3,deep,final_geometry_v15_20260930,4327fe4ece9317f6fd20fad18389a71e9b1f423b,32,0.525313272116233,0.003942036368543841,True,0.5183055309376647,3710.7641343142795,3758.010060675644,10386.720295351122,cfd402acd9944c34ab29ba4acb1b71fa49ebb351210a369cc3cc948e765f42b2,0,True,,2134,204799,full_posterior,32,0.002090279246735868,0.5218094015269488,128,test_prob_0,test_prob_0,2080,0,1.002208098947883,1,0.16395745575430726,1.0,dynamics_h_0p005_stage_2,ok,af056e127c02b019412d5384149e30d1e6c85b146336ef076ef6b326c05fe260,deep_m0032_r0,validation_or_superseded
3,deep,final_geometry_v15_20260930,4327fe4ece9317f6fd20fad18389a71e9b1f423b,32,0.6004441045033065,0.003879344250613735,True,0.6031243394835808,4040.911350573603,4083.9407263405465,10588.818967778065,cfd402acd9944c34ab29ba4acb1b71fa49ebb351210a369cc3cc948e765f42b2,0,True,,1064,204799,full_posterior,32,0.0020549222084935777,0.6017842219934433,128,test_prob_128,test_prob_128,2080,0,1.0011142509187905,1,0.16016887721613207,1.0,dynamics_h_0p005_stage_2,ok,af056e127c02b019412d5384149e30d1e6c85b146336ef076ef6b326c05fe260,deep_m0032_r0,validation_or_superseded
3,deep,final_geometry_v15_20260930,4327fe4ece9317f6fd20fad18389a71e9b1f423b,32,0.6175584762759132,0.0034938923007626,True,0.6169764741695478,4725.783757367225,4806.719357411368,12303.803148441106,cfd402acd9944c34ab29ba4acb1b71fa49ebb351210a369cc3cc948e765f42b2,0,True,,728,204799,full_posterior,32,0.0018244801966152842,0.6172674752227307,128,test_prob_256,test_prob_256,2080,0,1.0006157350311158,1,0.1501611263961354,1.0,dynamics_h_0p005_stage_2,ok,af056e127c02b019412d5384149e30d1e6c85b146336ef076ef6b326c05fe260,deep_m0032_r0,validation_or_superseded
3,deep,final_geometry_v15_20260930,4327fe4ece9317f6fd20fad18389a71e9b1f423b,32,0.31118960257084205,0.0033841208591605296,True,0.31218489930094717,4051.844692770518,3977.8700274892717,10252.742820360705,cfd402acd9944c34ab29ba4acb1b71fa49ebb351210a369cc3cc948e765f42b2,0,True,,1318,204799,full_posterior,32,0.0018078017859109077,0.3116872509358946,128,test_prob_384,test_prob_384,2080,0,1.0007626652792811,1,0.14207984395569773,1.0,dynamics_h_0p005_stage_2,ok,af056e127c02b019412d5384149e30d1e6c85b146336ef076ef6b326c05fe260,deep_m0032_r0,validation_or_superseded
3,deep,final_geometry_v15_20260930,4327fe4ece9317f6fd20fad18389a71e9b1f423b,32,0.6222210294168425,0.0035507672542219445,True,0.6251213512631577,4860.70792558951,4914.558302169382,11385.714438651734,cfd402acd9944c34ab29ba4acb1b71fa49ebb351210a369cc3cc948e765f42b2,0,True,,676,204799,full_posterior,32,0.001846046354081941,0.6236711903400006,128,test_prob_512,test_prob_512,2080,0,1.001436456804758,1,0.15257078196654364,1.0,dynamics_h_0p005_stage_2,ok,af056e127c02b019412d5384149e30d1e6c85b146336ef076ef6b326c05fe260,deep_m0032_r0,validation_or_superseded
3,deep,final_geometry_v15_20260930,4327fe4ece9317f6fd20fad18389a71e9b1f423b,32,0.393970255151536,0.003621212636878918,True,0.3936706819298707,4623.8222251544275,4622.339077365907,11768.748722359356,cfd402acd9944c34ab29ba4acb1b71fa49ebb351210a369cc3cc948e765f42b2,0,True,,1348,204799,full_posterior,32,0.001919553568850642,0.39382046854070324,128,test_prob_640,test_prob_640,2080,0,1.0005534805115055,1,0.1546177451798723,1.0,dynamics_h_0p005_stage_2,ok,af056e127c02b019412d5384149e30d1e6c85b146336ef076ef6b326c05fe260,deep_m0032_r0,validation_or_superseded
3,deep,final_geometry_v15_20260930,4327fe4ece9317f6fd20fad18389a71e9b1f423b,32,0.5245003333631304,0.0038181212376665477,True,0.5199331982315152,4616.974419081103,4609.481266735844,11733.319638009745,cfd402acd9944c34ab29ba4acb1b71fa49ebb351210a369cc3cc948e765f42b2,0,True,,946,204799,full_posterior,32,0.0020308673827074664,0.5222167657973228,128,test_prob_768,test_prob_768,2080,0,1.0011262125077565,1,0.16247109244071192,1.0,dynamics_h_0p005_stage_2,ok,af056e127c02b019412d5384149e30d1e6c85b146336ef076ef6b326c05fe260,deep_m0032_r0,validation_or_superseded
3,deep,final_geometry_v15_20260930,4327fe4ece9317f6fd20fad18389a71e9b1f423b,32,0.5526717412579163,0.0038081199981830306,True,0.5461865677768283,4551.33712358669,4578.951903437098,10453.369111149528,cfd402acd9944c34ab29ba4acb1b71fa49ebb351210a369cc3cc948e765f42b2,0,True,,682,204799,full_posterior,32,0.002042858016924428,0.5494291545173722,128,test_prob_896,test_prob_896,2080,0,1.0007327323506832,1,0.16070269055511974,1.0,dynamics_h_0p005_stage_2,ok,af056e127c02b019412d5384149e30d1e6c85b146336ef076ef6b326c05fe260,deep_m0032_r0,validation_or_superseded
3,deep,final_geometry_v15_20260930,4327fe4ece9317f6fd20fad18389a71e9b1f423b,32,-0.0016299427011455872,0.01778920546618727,True,0.003702683586980502,3988.0004639119998,3869.0286405836864,5374.873339162567,cfd402acd9944c34ab29ba4acb1b71fa49ebb351210a369cc3cc948e765f42b2,0,True,,1264,204799,full_posterior,32,0.009323057261771779,0.0010363704429174536,128,interaction_0,interaction_0,2080,0,1.000791787157277,1,0.6677171436806139,1.0,dynamics_h_0p005_stage_2,ok,af056e127c02b019412d5384149e30d1e6c85b146336ef076ef6b326c05fe260,deep_m0032_r0,validation_or_superseded
3,deep,final_geometry_v15_20260930,4327fe4ece9317f6fd20fad18389a71e9b1f423b,32,0.01879399673583007,0.018240027301141215,True,0.023491030340303067,4004.078342067332,3820.1123945906043,5152.592258673447,cfd402acd9944c34ab29ba4acb1b71fa49ebb351210a369cc3cc948e765f42b2,0,True,,524,204799,full_posterior,32,0.009632566707257144,0.02114251353806657,128,interaction_1,interaction_1,2080,0,1.0012343449366479,1,0.6836635322314739,1.0,dynamics_h_0p005_stage_2,ok,af056e127c02b019412d5384149e30d1e6c85b146336ef076ef6b326c05fe260,deep_m0032_r0,validation_or_superseded
3,deep,final_geometry_v15_20260930,4327fe4ece9317f6fd20fad18389a71e9b1f423b,32,0.024540447952586628,0.01877093066514063,True,0.027373023391118724,3367.6992628103103,3211.4592578162155,4787.604434468496,cfd402acd9944c34ab29ba4acb1b71fa49ebb351210a369cc3cc948e765f42b2,0,True,,768,204799,full_posterior,32,0.010006762089011528,0.025956735671852638,128,interaction_2,interaction_2,2080,0,1.0012874610923286,1,0.6870901344789847,1.0,dynamics_h_0p005_stage_2,ok,af056e127c02b019412d5384149e30d1e6c85b146336ef076ef6b326c05fe260,deep_m0032_r0,validation_or_superseded
3,deep,final_geometry_v15_20260930,4327fe4ece9317f6fd20fad18389a71e9b1f423b,32,0.00532204996250092,0.01826514514155013,True,-0.0065215457069852,3845.0187579811177,3709.9322634765585,5778.442795813638,cfd402acd9944c34ab29ba4acb1b71fa49ebb351210a369cc3cc948e765f42b2,0,True,,588,204799,full_posterior,32,0.009818047261616211,-0.0005997478722421426,128,interaction_3,interaction_3,2080,0,1.0014684608350286,1,0.6845528676606063,1.0,dynamics_h_0p005_stage_2,ok,af056e127c02b019412d5384149e30d1e6c85b146336ef076ef6b326c05fe260,deep_m0032_r0,validation_or_superseded
3,deep,final_geometry_v15_20260930,4327fe4ece9317f6fd20fad18389a71e9b1f423b,32,0.12465648910870997,0.03500538468075096,True,0.09397666028784198,1305.4338995745086,1280.8957113476251,2822.8264146062784,cfd402acd9944c34ab29ba4acb1b71fa49ebb351210a369cc3cc948e765f42b2,0,True,,3382,204799,full_posterior,32,0.019515475953117593,0.10931657469827595,128,q_A,q_A,2080,0,1.0029955790371992,1,1.0607365157943658,1.0,dynamics_h_0p005_stage_2,ok,af056e127c02b019412d5384149e30d1e6c85b146336ef076ef6b326c05fe260,deep_m0032_r0,validation_or_superseded
3,deep,final_geometry_v15_20260930,4327fe4ece9317f6fd20fad18389a71e9b1f423b,32,0.006889630042162074,0.030161068527037718,True,0.023324946815079784,2102.4005851449224,2104.591675505293,4464.277005740457,cfd402acd9944c34ab29ba4acb1b71fa49ebb351210a369cc3cc948e765f42b2,0,True,,1198,204799,full_posterior,32,0.016542380896490492,0.015107288428620951,128,q_W,q_W,2080,0,1.0015719336814202,1,0.9693895137948605,1.0,dynamics_h_0p005_stage_2,ok,af056e127c02b019412d5384149e30d1e6c85b146336ef076ef6b326c05fe260,deep_m0032_r0,validation_or_superseded
3,deep,final_geometry_v15_20260930,4327fe4ece9317f6fd20fad18389a71e9b1f423b,32,1.1519032782997447,0.007058088608181951,True,1.156072954685379,3783.8650959667,3814.6320980388623,8575.897027782226,cfd402acd9944c34ab29ba4acb1b71fa49ebb351210a369cc3cc948e765f42b2,0,True,,884,204799,full_posterior,32,0.003774652292118798,1.1539881164925618,128,disp_A,disp_A,2080,0,1.001173494250586,1,0.2657265309144407,1.0,dynamics_h_0p005_stage_2,ok,af056e127c02b019412d5384149e30d1e6c85b146336ef076ef6b326c05fe260,deep_m0032_r0,validation_or_superseded
3,deep,final_geometry_v15_20260930,4327fe4ece9317f6fd20fad18389a71e9b1f423b,32,1.0000032185906143,0.0011739016990113314,True,1.0005536867208769,3922.6864764302773,3908.9631896146066,8149.971147439558,cfd402acd9944c34ab29ba4acb1b71fa49ebb351210a369cc3cc948e765f42b2,0,True,,616,204799,full_posterior,32,0.0006201793832882082,1.0002784526557456,128,disp_W1,disp_W1,2080,0,1.001143890585003,1,0.04434648619065194,1.0,dynamics_h_0p005_stage_2,ok,af056e127c02b019412d5384149e30d1e6c85b146336ef076ef6b326c05fe260,deep_m0032_r0,validation_or_superseded
3,deep,final_geometry_v15_20260930,4327fe4ece9317f6fd20fad18389a71e9b1f423b,32,1.0024009571908137,0.0011430903582485379,True,1.0000060094854064,4049.5689178272346,4035.0486107001248,9110.00541767128,cfd402acd9944c34ab29ba4acb1b71fa49ebb351210a369cc3cc948e765f42b2,0,True,,826,204799,full_posterior,32,0.0006053793541090087,1.00120348333811,128,disp_W2,disp_W2,2080,0,1.0013033257548096,1,0.04391232397503779,1.0,dynamics_h_0p005_stage_2,ok,af056e127c02b019412d5384149e30d1e6c85b146336ef076ef6b326c05fe260,deep_m0032_r0,validation_or_superseded
3,deep,final_geometry_v15_20260930,4327fe4ece9317f6fd20fad18389a71e9b1f423b,32,73.0619995330643,0.11576500880854802,True,72.9998385399646,3334.8585519168237,3357.4559296123684,8384.205530448053,c3981e313e36d7d446ada2410808927f842cb77d50a0f411db041d0a1a2ba6e6,0,True,,1304,102399,full_posterior,32,0.06111900905468537,73.03091903651445,128,V,V,2080,0,1.0007415923611467,1,4.2475704537411945,1.0,dynamics_h_0p01_stage_2,ok,af056e127c02b019412d5384149e30d1e6c85b146336ef076ef6b326c05fe260,deep_m0032_r0,production_final
3,deep,final_geometry_v15_20260930,4327fe4ece9317f6fd20fad18389a71e9b1f423b,32,1117.5863417917653,0.8826929834477146,True,1116.7941887607913,3923.657938099685,3920.9090146474095,9853.133180621484,c3981e313e36d7d446ada2410808927f842cb77d50a0f411db041d0a1a2ba6e6,0,True,,360,102399,full_posterior,32,0.45974139386080004,1117.190265276278,128,U,U,2080,0,1.0007276582693703,1,32.18528071361859,1.0,dynamics_h_0p01_stage_2,ok,af056e127c02b019412d5384149e30d1e6c85b146336ef076ef6b326c05fe260,deep_m0032_r0,production_final
3,deep,final_geometry_v15_20260930,4327fe4ece9317f6fd20fad18389a71e9b1f423b,32,0.8996210320228327,0.011121167118394795,True,0.9019383857293559,5275.042435520234,5257.224365381455,12713.514503472172,c3981e313e36d7d446ada2410808927f842cb77d50a0f411db041d0a1a2ba6e6,0,True,,336,102399,full_posterior,32,0.005766314561205451,0.9007797088760943,128,train_logit_0,train_logit_0,2080,0,1.0003017370789544,1,0.46340229548514134,1.0,dynamics_h_0p01_stage_2,ok,af056e127c02b019412d5384149e30d1e6c85b146336ef076ef6b326c05fe260,deep_m0032_r0,production_final
3,deep,final_geometry_v15_20260930,4327fe4ece9317f6fd20fad18389a71e9b1f423b,32,0.04253180099431342,0.011163255690188919,True,0.03768827486316338,5332.9127253488505,5346.903588881694,13512.332541860478,c3981e313e36d7d446ada2410808927f842cb77d50a0f411db041d0a1a2ba6e6,0,True,,400,102399,full_posterior,32,0.005809495114752891,0.04011003792873841,128,train_logit_16,train_logit_16,2080,0,1.0006186484497006,1,0.4712486362944168,1.0,dynamics_h_0p01_stage_2,ok,af056e127c02b019412d5384149e30d1e6c85b146336ef076ef6b326c05fe260,deep_m0032_r0,production_final
3,deep,final_geometry_v15_20260930,4327fe4ece9317f6fd20fad18389a71e9b1f423b,32,0.600371195097243,0.01118117943188107,True,0.6097235644739355,5338.815849296539,5319.90491869062,13348.611558682021,c3981e313e36d7d446ada2410808927f842cb77d50a0f411db041d0a1a2ba6e6,0,True,,670,102399,full_posterior,32,0.005927875477554471,0.6050473797855892,128,train_logit_32,train_logit_32,2080,0,1.000331563003635,1,0.47517065980585005,1.0,dynamics_h_0p01_stage_2,ok,af056e127c02b019412d5384149e30d1e6c85b146336ef076ef6b326c05fe260,deep_m0032_r0,production_final
3,deep,final_geometry_v15_20260930,4327fe4ece9317f6fd20fad18389a71e9b1f423b,32,0.33879321411266616,0.011321690914614376,True,0.33900746095667883,5309.044522460892,5294.314068545611,12902.093654461312,c3981e313e36d7d446ada2410808927f842cb77d50a0f411db041d0a1a2ba6e6,0,True,,374,102399,full_posterior,32,0.005959903375678518,0.3389003375346725,128,train_logit_48,train_logit_48,2080,0,1.0010165448824293,1,0.4829765888658987,1.0,dynamics_h_0p01_stage_2,ok,af056e127c02b019412d5384149e30d1e6c85b146336ef076ef6b326c05fe260,deep_m0032_r0,production_final
3,deep,final_geometry_v15_20260930,4327fe4ece9317f6fd20fad18389a71e9b1f423b,32,0.6822910120511672,0.01084261065301545,True,0.6644102314441699,5659.903779294486,5645.988579929164,14970.676946522188,c3981e313e36d7d446ada2410808927f842cb77d50a0f411db041d0a1a2ba6e6,0,True,,526,102399,full_posterior,32,0.005621062442906817,0.6733506217476688,128,train_logit_64,train_logit_64,2080,0,1.0008973402785561,1,0.4658257741249076,1.0,dynamics_h_0p01_stage_2,ok,af056e127c02b019412d5384149e30d1e6c85b146336ef076ef6b326c05fe260,deep_m0032_r0,production_final
3,deep,final_geometry_v15_20260930,4327fe4ece9317f6fd20fad18389a71e9b1f423b,32,-0.8192827096647051,0.01133517261844033,True,-0.8312710690330727,5034.910650424738,4965.317076448159,12853.958585940436,c3981e313e36d7d446ada2410808927f842cb77d50a0f411db041d0a1a2ba6e6,0,True,,562,102399,full_posterior,32,0.005991425722444528,-0.825276889348889,128,train_logit_80,train_logit_80,2080,0,1.0004329508990621,1,0.4754549845619472,1.0,dynamics_h_0p01_stage_2,ok,af056e127c02b019412d5384149e30d1e6c85b146336ef076ef6b326c05fe260,deep_m0032_r0,production_final
3,deep,final_geometry_v15_20260930,4327fe4ece9317f6fd20fad18389a71e9b1f423b,32,0.6363753468268585,0.01142408212725013,True,0.6330474521375262,5509.331255118087,5504.6548797546575,14328.125793411687,c3981e313e36d7d446ada2410808927f842cb77d50a0f411db041d0a1a2ba6e6,0,True,,228,102399,full_posterior,32,0.005924604146186402,0.6347113994821924,128,train_logit_96,train_logit_96,2080,0,1.0004283047319726,1,0.4741141459242827,1.0,dynamics_h_0p01_stage_2,ok,af056e127c02b019412d5384149e30d1e6c85b146336ef076ef6b326c05fe260,deep_m0032_r0,production_final
3,deep,final_geometry_v15_20260930,4327fe4ece9317f6fd20fad18389a71e9b1f423b,32,0.22100533226247104,0.01111386820911341,True,0.20315910503164653,5139.161559532518,5153.261149785143,12820.624464321148,c3981e313e36d7d446ada2410808927f842cb77d50a0f411db041d0a1a2ba6e6,0,True,,498,102399,full_posterior,32,0.005812112939668178,0.21208221864705887,128,train_logit_112,train_logit_112,2080,0,1.0009158428008913,1,0.46877141556697277,1.0,dynamics_h_0p01_stage_2,ok,af056e127c02b019412d5384149e30d1e6c85b146336ef076ef6b326c05fe260,deep_m0032_r0,production_final
3,deep,final_geometry_v15_20260930,4327fe4ece9317f6fd20fad18389a71e9b1f423b,32,0.5220938695400431,0.004133426076559515,True,0.523767970077376,4414.574043874246,4425.862632851669,11390.791619938504,c3981e313e36d7d446ada2410808927f842cb77d50a0f411db041d0a1a2ba6e6,0,True,,398,102399,full_posterior,32,0.00215078154584012,0.5229309198087096,128,test_prob_0,test_prob_0,2080,0,1.0010600951145543,1,0.16292332088929007,1.0,dynamics_h_0p01_stage_2,ok,af056e127c02b019412d5384149e30d1e6c85b146336ef076ef6b326c05fe260,deep_m0032_r0,production_final
3,deep,final_geometry_v15_20260930,4327fe4ece9317f6fd20fad18389a71e9b1f423b,32,0.6081370204991984,0.0040326421720638175,True,0.6079529644789083,4399.238647558275,4493.463994218627,10677.205298884848,c3981e313e36d7d446ada2410808927f842cb77d50a0f411db041d0a1a2ba6e6,0,True,,370,102399,full_posterior,32,0.0021341697822543624,0.6080449924890533,128,test_prob_128,test_prob_128,2080,0,1.001632407879575,1,0.158085741391267,1.0,dynamics_h_0p01_stage_2,ok,af056e127c02b019412d5384149e30d1e6c85b146336ef076ef6b326c05fe260,deep_m0032_r0,production_final
3,deep,final_geometry_v15_20260930,4327fe4ece9317f6fd20fad18389a71e9b1f423b,32,0.621798924267101,0.0037247247529607038,True,0.6240472950163389,4647.327543922948,4738.73490068645,10478.393947584833,c3981e313e36d7d446ada2410808927f842cb77d50a0f411db041d0a1a2ba6e6,0,True,,472,102399,full_posterior,32,0.0019837183169632727,0.6229231096417202,128,test_prob_256,test_prob_256,2080,0,1.0006183555524406,1,0.15034700295370074,1.0,dynamics_h_0p01_stage_2,ok,af056e127c02b019412d5384149e30d1e6c85b146336ef076ef6b326c05fe260,deep_m0032_r0,production_final
3,deep,final_geometry_v15_20260930,4327fe4ece9317f6fd20fad18389a71e9b1f423b,32,0.31554764607555696,0.003535233797737785,True,0.3112360178902602,4465.195681711095,4509.586561470816,11389.338827329895,c3981e313e36d7d446ada2410808927f842cb77d50a0f411db041d0a1a2ba6e6,0,True,,428,102399,full_posterior,32,0.0018691669476098075,0.3133918319829087,128,test_prob_384,test_prob_384,2080,0,1.0007682529439446,1,0.14164467609236286,1.0,dynamics_h_0p01_stage_2,ok,af056e127c02b019412d5384149e30d1e6c85b146336ef076ef6b326c05fe260,deep_m0032_r0,production_final
3,deep,final_geometry_v15_20260930,4327fe4ece9317f6fd20fad18389a71e9b1f423b,32,0.6241776213036774,0.0038891698865652414,True,0.6292277463143412,4299.852691723932,4382.345889280082,10676.653728487325,c3981e313e36d7d446ada2410808927f842cb77d50a0f411db041d0a1a2ba6e6,0,True,,798,102399,full_posterior,32,0.002030865911064215,0.6267026838090094,128,test_prob_512,test_prob_512,2080,0,1.0007732790195145,1,0.15237751484311193,1.0,dynamics_h_0p01_stage_2,ok,af056e127c02b019412d5384149e30d1e6c85b146336ef076ef6b326c05fe260,deep_m0032_r0,production_final
3,deep,final_geometry_v15_20260930,4327fe4ece9317f6fd20fad18389a71e9b1f423b,32,0.3934890001376317,0.0038202678253721764,True,0.3927279744441721,4772.626407428452,4804.891438547329,12550.324987355923,c3981e313e36d7d446ada2410808927f842cb77d50a0f411db041d0a1a2ba6e6,0,True,,482,102399,full_posterior,32,0.001963953774926208,0.393108487290902,128,test_prob_640,test_prob_640,2080,0,1.0001637979452696,1,0.1544557142876884,1.0,dynamics_h_0p01_stage_2,ok,af056e127c02b019412d5384149e30d1e6c85b146336ef076ef6b326c05fe260,deep_m0032_r0,production_final
3,deep,final_geometry_v15_20260930,4327fe4ece9317f6fd20fad18389a71e9b1f423b,32,0.5162025552004758,0.004099104783962638,True,0.5221057276791502,4252.451766483787,4245.153042768092,10462.552233918797,c3981e313e36d7d446ada2410808927f842cb77d50a0f411db041d0a1a2ba6e6,0,True,,444,102399,full_posterior,32,0.002205904592435416,0.5191541414398129,128,test_prob_768,test_prob_768,2080,0,1.000390894854119,1,0.1625487713901891,1.0,dynamics_h_0p01_stage_2,ok,af056e127c02b019412d5384149e30d1e6c85b146336ef076ef6b326c05fe260,deep_m0032_r0,production_final
3,deep,final_geometry_v15_20260930,4327fe4ece9317f6fd20fad18389a71e9b1f423b,32,0.5489675120853497,0.004040415810123525,True,0.5481051894749989,4962.778579775032,4997.963834434648,11471.766711520253,c3981e313e36d7d446ada2410808927f842cb77d50a0f411db041d0a1a2ba6e6,0,True,,268,102399,full_posterior,32,0.0021238075493683565,0.5485363507801742,128,test_prob_896,test_prob_896,2080,0,1.0004630608252485,1,0.1620511541361163,1.0,dynamics_h_0p01_stage_2,ok,af056e127c02b019412d5384149e30d1e6c85b146336ef076ef6b326c05fe260,deep_m0032_r0,production_final
3,deep,final_geometry_v15_20260930,4327fe4ece9317f6fd20fad18389a71e9b1f423b,32,0.007423826325489511,0.018287883209341306,True,-0.0015596224285528316,4078.619760256885,3915.66524269984,5461.881109110534,c3981e313e36d7d446ada2410808927f842cb77d50a0f411db041d0a1a2ba6e6,0,True,,534,102399,full_posterior,32,0.00947389073579757,0.0029321019484683407,128,interaction_0,interaction_0,2080,0,1.0007777321492162,1,0.6541164506927826,1.0,dynamics_h_0p01_stage_2,ok,af056e127c02b019412d5384149e30d1e6c85b146336ef076ef6b326c05fe260,deep_m0032_r0,production_final
3,deep,final_geometry_v15_20260930,4327fe4ece9317f6fd20fad18389a71e9b1f423b,32,0.006467739876401984,0.019678875564747882,True,-0.0022967278799802095,3690.8096489672143,3534.072617646665,5469.372305237334,c3981e313e36d7d446ada2410808927f842cb77d50a0f411db041d0a1a2ba6e6,0,True,,284,102399,full_posterior,32,0.010403231418486186,0.002085505998210884,128,interaction_1,interaction_1,2080,0,1.0009124941697256,1,0.6801799247341157,1.0,dynamics_h_0p01_stage_2,ok,af056e127c02b019412d5384149e30d1e6c85b146336ef076ef6b326c05fe260,deep_m0032_r0,production_final
3,deep,final_geometry_v15_20260930,4327fe4ece9317f6fd20fad18389a71e9b1f423b,32,0.03337241631446683,0.019623257446298992,True,0.0013568036072644173,3751.688814003126,3619.1495134413085,5024.336281886482,c3981e313e36d7d446ada2410808927f842cb77d50a0f411db041d0a1a2ba6e6,0,True,,350,102399,full_posterior,32,0.01010014035344765,0.01736460996086563,128,interaction_2,interaction_2,2080,0,1.001886058518908,1,0.6808679017337905,1.0,dynamics_h_0p01_stage_2,ok,af056e127c02b019412d5384149e30d1e6c85b146336ef076ef6b326c05fe260,deep_m0032_r0,production_final
3,deep,final_geometry_v15_20260930,4327fe4ece9317f6fd20fad18389a71e9b1f423b,32,-0.006401321935574225,0.019460918448927597,True,0.027710621150662407,3787.8030974822464,3666.1532712930884,5750.010022348374,c3981e313e36d7d446ada2410808927f842cb77d50a0f411db041d0a1a2ba6e6,0,True,,236,102399,full_posterior,32,0.009914074396037066,0.010654649607544088,128,interaction_3,interaction_3,2080,0,1.0010136860617957,1,0.6692559218110462,1.0,dynamics_h_0p01_stage_2,ok,af056e127c02b019412d5384149e30d1e6c85b146336ef076ef6b326c05fe260,deep_m0032_r0,production_final
3,deep,final_geometry_v15_20260930,4327fe4ece9317f6fd20fad18389a71e9b1f423b,32,0.1565721119804423,0.037746607361381045,True,0.16496215906747022,1532.8350654719459,1548.4439808331917,3252.824410133508,c3981e313e36d7d446ada2410808927f842cb77d50a0f411db041d0a1a2ba6e6,0,True,,768,102399,full_posterior,32,0.020763890465680484,0.16076713552395627,128,q_A,q_A,2080,0,1.0053304149385707,1,1.0398321545204958,1.0,dynamics_h_0p01_stage_2,ok,af056e127c02b019412d5384149e30d1e6c85b146336ef076ef6b326c05fe260,deep_m0032_r0,production_final
3,deep,final_geometry_v15_20260930,4327fe4ece9317f6fd20fad18389a71e9b1f423b,32,0.02048010619355505,0.03464589178632076,True,-0.0020491120850600186,2095.431883569415,2084.0637895465647,4197.116186113684,c3981e313e36d7d446ada2410808927f842cb77d50a0f411db041d0a1a2ba6e6,0,True,,456,102399,full_posterior,32,0.018652080073883123,0.009215497054247518,128,q_W,q_W,2080,0,1.0023417057630848,1,1.0011514484964534,1.0,dynamics_h_0p01_stage_2,ok,af056e127c02b019412d5384149e30d1e6c85b146336ef076ef6b326c05fe260,deep_m0032_r0,production_final
3,deep,final_geometry_v15_20260930,4327fe4ece9317f6fd20fad18389a71e9b1f423b,32,1.150239901021692,0.007593161892329626,True,1.1417389761983734,3719.035645942682,3689.0358613648964,7951.966892617183,c3981e313e36d7d446ada2410808927f842cb77d50a0f411db041d0a1a2ba6e6,0,True,,318,102399,full_posterior,32,0.00405941007126112,1.1459894386100329,128,disp_A,disp_A,2080,0,1.0010810295610573,1,0.26725459451797734,1.0,dynamics_h_0p01_stage_2,ok,af056e127c02b019412d5384149e30d1e6c85b146336ef076ef6b326c05fe260,deep_m0032_r0,production_final
3,deep,final_geometry_v15_20260930,4327fe4ece9317f6fd20fad18389a71e9b1f423b,32,1.0012896880276616,0.0012012394369937446,True,1.0006944632761279,3981.9407163813107,3986.027120976437,9233.031606723589,c3981e313e36d7d446ada2410808927f842cb77d50a0f411db041d0a1a2ba6e6,0,True,,408,102399,full_posterior,32,0.0006222758928554615,1.0009920756518949,128,disp_W1,disp_W1,2080,0,1.00059718647914,1,0.04380023165044939,1.0,dynamics_h_0p01_stage_2,ok,af056e127c02b019412d5384149e30d1e6c85b146336ef076ef6b326c05fe260,deep_m0032_r0,production_final
3,deep,final_geometry_v15_20260930,4327fe4ece9317f6fd20fad18389a71e9b1f423b,32,1.002851921039436,0.0012301578219283118,True,1.0022870339927243,3904.9720445019943,3892.3693765988196,8406.49721359121,c3981e313e36d7d446ada2410808927f842cb77d50a0f411db041d0a1a2ba6e6,0,True,,302,102399,full_posterior,32,0.0006471379370526124,1.0025694775160803,128,disp_W2,disp_W2,2080,0,1.0006477467256063,1,0.04425106986090524,1.0,dynamics_h_0p01_stage_2,ok,af056e127c02b019412d5384149e30d1e6c85b146336ef076ef6b326c05fe260,deep_m0032_r0,production_final
3,deep,final_geometry_v15_20260930,4327fe4ece9317f6fd20fad18389a71e9b1f423b,32,73.11248555918567,0.12285043886663943,True,72.9281179220963,3349.33613883986,3362.12327934191,8556.022897916637,41d63e28db09e50cf291420173d046c9adb4bf9d0b96bdf73f4e1c6042179ae6,0,True,,340,51199,full_posterior,32,0.06435984835454973,73.02030174064097,128,V,V,2080,0,1.0014736348385052,1,4.181050856911247,1.0,dynamics_h_0p02_stage_2,ok,af056e127c02b019412d5384149e30d1e6c85b146336ef076ef6b326c05fe260,deep_m0032_r0,validation_or_superseded
3,deep,final_geometry_v15_20260930,4327fe4ece9317f6fd20fad18389a71e9b1f423b,32,1116.2250646446416,0.9302865205838811,True,1117.1713383586953,4010.1748594241117,4017.3578783434446,9243.030446821846,41d63e28db09e50cf291420173d046c9adb4bf9d0b96bdf73f4e1c6042179ae6,0,True,,206,51199,full_posterior,32,0.4718987411156466,1116.6982015016686,128,U,U,2080,0,1.0006076483749242,1,32.32855650447164,1.0,dynamics_h_0p02_stage_2,ok,af056e127c02b019412d5384149e30d1e6c85b146336ef076ef6b326c05fe260,deep_m0032_r0,validation_or_superseded
3,deep,final_geometry_v15_20260930,4327fe4ece9317f6fd20fad18389a71e9b1f423b,32,0.8865472862562268,0.0118847936785325,True,0.9085356640654153,4965.23043264118,4944.024864137267,13159.043954825782,41d63e28db09e50cf291420173d046c9adb4bf9d0b96bdf73f4e1c6042179ae6,0,True,,226,51199,full_posterior,32,0.006117379296280089,0.897541475160821,128,train_logit_0,train_logit_0,2080,0,1.000666125688796,1,0.46952607002054286,1.0,dynamics_h_0p02_stage_2,ok,af056e127c02b019412d5384149e30d1e6c85b146336ef076ef6b326c05fe260,deep_m0032_r0,validation_or_superseded
3,deep,final_geometry_v15_20260930,4327fe4ece9317f6fd20fad18389a71e9b1f423b,32,0.03701362373616678,0.011672211673365641,True,0.04580509257350594,5205.327902067107,5197.429055046289,13480.937907930162,41d63e28db09e50cf291420173d046c9adb4bf9d0b96bdf73f4e1c6042179ae6,0,True,,202,51199,full_posterior,32,0.00595181463246967,0.04140935815483635,128,train_logit_16,train_logit_16,2080,0,1.0005836874170027,1,0.46875369084159685,1.0,dynamics_h_0p02_stage_2,ok,af056e127c02b019412d5384149e30d1e6c85b146336ef076ef6b326c05fe260,deep_m0032_r0,validation_or_superseded
3,deep,final_geometry_v15_20260930,4327fe4ece9317f6fd20fad18389a71e9b1f423b,32,0.5958211059358142,0.01152392058728859,True,0.5957939529144005,5308.449969286924,5282.495333498833,13521.21836870684,41d63e28db09e50cf291420173d046c9adb4bf9d0b96bdf73f4e1c6042179ae6,0,True,,216,51199,full_posterior,32,0.006032846889113751,0.5958075294251074,128,train_logit_32,train_logit_32,2080,0,1.0005616825000176,1,0.4737248337572228,1.0,dynamics_h_0p02_stage_2,ok,af056e127c02b019412d5384149e30d1e6c85b146336ef076ef6b326c05fe260,deep_m0032_r0,validation_or_superseded
3,deep,final_geometry_v15_20260930,4327fe4ece9317f6fd20fad18389a71e9b1f423b,32,0.3216526185863288,0.012131341018725763,True,0.3378758881590326,5145.922635134026,5138.370688458405,12420.288988786579,41d63e28db09e50cf291420173d046c9adb4bf9d0b96bdf73f4e1c6042179ae6,0,True,,248,51199,full_posterior,32,0.006337227862494403,0.32976425337268067,128,train_logit_48,train_logit_48,2080,0,1.0004482980119875,1,0.4860916626802449,1.0,dynamics_h_0p02_stage_2,ok,af056e127c02b019412d5384149e30d1e6c85b146336ef076ef6b326c05fe260,deep_m0032_r0,validation_or_superseded
3,deep,final_geometry_v15_20260930,4327fe4ece9317f6fd20fad18389a71e9b1f423b,32,0.6765208809488392,0.012024240872542087,True,0.6870637006231846,5039.355868072264,5034.088443636202,12061.251006175276,41d63e28db09e50cf291420173d046c9adb4bf9d0b96bdf73f4e1c6042179ae6,0,True,,198,51199,full_posterior,32,0.006215708935172449,0.6817922907860118,128,train_logit_64,train_logit_64,2080,0,1.0003221072432213,1,0.47505321987313154,1.0,dynamics_h_0p02_stage_2,ok,af056e127c02b019412d5384149e30d1e6c85b146336ef076ef6b326c05fe260,deep_m0032_r0,validation_or_superseded
3,deep,final_geometry_v15_20260930,4327fe4ece9317f6fd20fad18389a71e9b1f423b,32,-0.83095089193972,0.012140252027702915,True,-0.8318547117486319,5047.857202943678,5064.070278533596,12484.784126315155,41d63e28db09e50cf291420173d046c9adb4bf9d0b96bdf73f4e1c6042179ae6,0,True,,196,51199,full_posterior,32,0.006212275260425361,-0.8314028018441759,128,train_logit_80,train_logit_80,2080,0,1.0011394024615712,1,0.47699744047319365,1.0,dynamics_h_0p02_stage_2,ok,af056e127c02b019412d5384149e30d1e6c85b146336ef076ef6b326c05fe260,deep_m0032_r0,validation_or_superseded
3,deep,final_geometry_v15_20260930,4327fe4ece9317f6fd20fad18389a71e9b1f423b,32,0.6246414710028292,0.011599868179145673,True,0.6230535035245358,5478.302069853741,5486.4042377592505,13850.934064761997,41d63e28db09e50cf291420173d046c9adb4bf9d0b96bdf73f4e1c6042179ae6,0,True,,270,51199,full_posterior,32,0.006014292923809857,0.6238474872636823,128,train_logit_96,train_logit_96,2080,0,1.0009485405047467,1,0.4716810637106646,1.0,dynamics_h_0p02_stage_2,ok,af056e127c02b019412d5384149e30d1e6c85b146336ef076ef6b326c05fe260,deep_m0032_r0,validation_or_superseded
3,deep,final_geometry_v15_20260930,4327fe4ece9317f6fd20fad18389a71e9b1f423b,32,0.19245416612633234,0.01252451466055541,True,0.20003945475293883,4130.349962596587,4132.946503027814,12278.684018851709,41d63e28db09e50cf291420173d046c9adb4bf9d0b96bdf73f4e1c6042179ae6,0,True,,340,51199,full_posterior,32,0.0066379086171489445,0.19624681043963554,128,train_logit_112,train_logit_112,2080,0,1.000711403830904,1,0.4773367690645619,1.0,dynamics_h_0p02_stage_2,ok,af056e127c02b019412d5384149e30d1e6c85b146336ef076ef6b326c05fe260,deep_m0032_r0,validation_or_superseded
3,deep,final_geometry_v15_20260930,4327fe4ece9317f6fd20fad18389a71e9b1f423b,32,0.5224305579230696,0.004440145996152737,True,0.5179169659037687,4134.031433034404,4179.403956451011,10328.194865348076,41d63e28db09e50cf291420173d046c9adb4bf9d0b96bdf73f4e1c6042179ae6,0,True,,358,51199,full_posterior,32,0.0022860660498617053,0.5201737619134191,128,test_prob_0,test_prob_0,2080,0,1.0007189640434162,1,0.1630643410755762,1.0,dynamics_h_0p02_stage_2,ok,af056e127c02b019412d5384149e30d1e6c85b146336ef076ef6b326c05fe260,deep_m0032_r0,validation_or_superseded
3,deep,final_geometry_v15_20260930,4327fe4ece9317f6fd20fad18389a71e9b1f423b,32,0.5997533206667179,0.004204537754143432,True,0.611482703290334,4207.870806247554,4262.23976174027,10447.23525018725,41d63e28db09e50cf291420173d046c9adb4bf9d0b96bdf73f4e1c6042179ae6,0,True,,338,51199,full_posterior,32,0.0021544560278713436,0.6056180119785262,128,test_prob_128,test_prob_128,2080,0,1.0018043890636852,1,0.15798405967023593,1.0,dynamics_h_0p02_stage_2,ok,af056e127c02b019412d5384149e30d1e6c85b146336ef076ef6b326c05fe260,deep_m0032_r0,validation_or_superseded
3,deep,final_geometry_v15_20260930,4327fe4ece9317f6fd20fad18389a71e9b1f423b,32,0.6155215378896378,0.0040136786222447025,True,0.6269144704711871,4048.2474726402384,4047.6231557549168,11439.775854220716,41d63e28db09e50cf291420173d046c9adb4bf9d0b96bdf73f4e1c6042179ae6,0,True,,330,51199,full_posterior,32,0.0021096025966996384,0.6212180041804125,128,test_prob_256,test_prob_256,2080,0,1.0016283973907947,1,0.1515816729057087,1.0,dynamics_h_0p02_stage_2,ok,af056e127c02b019412d5384149e30d1e6c85b146336ef076ef6b326c05fe260,deep_m0032_r0,validation_or_superseded
3,deep,final_geometry_v15_20260930,4327fe4ece9317f6fd20fad18389a71e9b1f423b,32,0.31560857510891593,0.0036894093548404056,True,0.3112345790738403,4107.17469504883,4303.004289890986,10938.562510630234,41d63e28db09e50cf291420173d046c9adb4bf9d0b96bdf73f4e1c6042179ae6,0,True,,338,51199,full_posterior,32,0.0018940877507707245,0.31342157709137813,128,test_prob_384,test_prob_384,2080,0,1.0012013603396936,1,0.14062518488991535,1.0,dynamics_h_0p02_stage_2,ok,af056e127c02b019412d5384149e30d1e6c85b146336ef076ef6b326c05fe260,deep_m0032_r0,validation_or_superseded
3,deep,final_geometry_v15_20260930,4327fe4ece9317f6fd20fad18389a71e9b1f423b,32,0.6227921532536161,0.004035053920872337,True,0.6376057179858464,4052.6753077847634,4078.112355933578,10936.136921020689,41d63e28db09e50cf291420173d046c9adb4bf9d0b96bdf73f4e1c6042179ae6,0,True,,312,51199,full_posterior,32,0.0021043373965899405,0.6301989356197314,128,test_prob_512,test_prob_512,2080,0,1.00242672096855,1,0.1512778826845284,1.0,dynamics_h_0p02_stage_2,ok,af056e127c02b019412d5384149e30d1e6c85b146336ef076ef6b326c05fe260,deep_m0032_r0,validation_or_superseded
3,deep,final_geometry_v15_20260930,4327fe4ece9317f6fd20fad18389a71e9b1f423b,32,0.39005771524713057,0.0040407566400522425,True,0.3912520555272312,4586.532412935539,4578.298473062748,11596.610758050067,41d63e28db09e50cf291420173d046c9adb4bf9d0b96bdf73f4e1c6042179ae6,0,True,,396,51199,full_posterior,32,0.0020503747969171007,0.3906548853871808,128,test_prob_640,test_prob_640,2080,0,1.0008002869063501,1,0.1530238868382743,1.0,dynamics_h_0p02_stage_2,ok,af056e127c02b019412d5384149e30d1e6c85b146336ef076ef6b326c05fe260,deep_m0032_r0,validation_or_superseded
3,deep,final_geometry_v15_20260930,4327fe4ece9317f6fd20fad18389a71e9b1f423b,32,0.5244428809606678,0.004405065523073583,True,0.5170451977528099,4091.643350535909,4144.9762973699535,10098.862877629526,41d63e28db09e50cf291420173d046c9adb4bf9d0b96bdf73f4e1c6042179ae6,0,True,,418,51199,full_posterior,32,0.0022593918065085873,0.5207440393567387,128,test_prob_768,test_prob_768,2080,0,1.0013564758326927,1,0.16196409404932657,1.0,dynamics_h_0p02_stage_2,ok,af056e127c02b019412d5384149e30d1e6c85b146336ef076ef6b326c05fe260,deep_m0032_r0,validation_or_superseded
3,deep,final_geometry_v15_20260930,4327fe4ece9317f6fd20fad18389a71e9b1f423b,32,0.5519648433288628,0.004181163930296931,True,0.5528767248661096,4222.500173753596,4288.018864192719,10127.684706256916,41d63e28db09e50cf291420173d046c9adb4bf9d0b96bdf73f4e1c6042179ae6,0,True,,300,51199,full_posterior,32,0.0021805512293606374,0.5524207840974863,128,test_prob_896,test_prob_896,2080,0,1.001614459791778,1,0.1611632694454537,1.0,dynamics_h_0p02_stage_2,ok,af056e127c02b019412d5384149e30d1e6c85b146336ef076ef6b326c05fe260,deep_m0032_r0,validation_or_superseded
3,deep,final_geometry_v15_20260930,4327fe4ece9317f6fd20fad18389a71e9b1f423b,32,0.010932107044935064,0.020667809300061322,True,-0.005359342909861342,3751.778291563671,3611.9874597824733,5339.079869811324,41d63e28db09e50cf291420173d046c9adb4bf9d0b96bdf73f4e1c6042179ae6,0,True,,198,51199,full_posterior,32,0.010521368783227066,0.0027863820675368607,128,interaction_0,interaction_0,2080,0,1.0021149182765892,1,0.6814758378549624,1.0,dynamics_h_0p02_stage_2,ok,af056e127c02b019412d5384149e30d1e6c85b146336ef076ef6b326c05fe260,deep_m0032_r0,validation_or_superseded
3,deep,final_geometry_v15_20260930,4327fe4ece9317f6fd20fad18389a71e9b1f423b,32,0.018776343902185647,0.021063590429646308,True,-0.01591239001489296,3180.677145300754,3016.9071247590905,4570.006154372658,41d63e28db09e50cf291420173d046c9adb4bf9d0b96bdf73f4e1c6042179ae6,0,True,,350,51199,full_posterior,32,0.010770781453206727,0.001431976943646343,128,interaction_1,interaction_1,2080,0,1.0011676007451997,1,0.6743928602613694,1.0,dynamics_h_0p02_stage_2,ok,af056e127c02b019412d5384149e30d1e6c85b146336ef076ef6b326c05fe260,deep_m0032_r0,validation_or_superseded
3,deep,final_geometry_v15_20260930,4327fe4ece9317f6fd20fad18389a71e9b1f423b,32,0.0069361373353947296,0.020232502441474537,True,0.013600354009157236,3783.735968092769,3649.1046421227716,5314.812666921187,41d63e28db09e50cf291420173d046c9adb4bf9d0b96bdf73f4e1c6042179ae6,0,True,,164,51199,full_posterior,32,0.010304880808965937,0.010268245672275987,128,interaction_2,interaction_2,2080,0,1.0004216050339734,1,0.6704832805776194,1.0,dynamics_h_0p02_stage_2,ok,af056e127c02b019412d5384149e30d1e6c85b146336ef076ef6b326c05fe260,deep_m0032_r0,validation_or_superseded
3,deep,final_geometry_v15_20260930,4327fe4ece9317f6fd20fad18389a71e9b1f423b,32,0.03276266040265331,0.02029679818735032,True,0.03724558831823373,3705.1136094128083,3562.739768375906,5059.2164224904855,41d63e28db09e50cf291420173d046c9adb4bf9d0b96bdf73f4e1c6042179ae6,0,True,,158,51199,full_posterior,32,0.010763310264386209,0.03500412436044354,128,interaction_3,interaction_3,2080,0,1.000896671099475,1,0.6753402250147158,1.0,dynamics_h_0p02_stage_2,ok,af056e127c02b019412d5384149e30d1e6c85b146336ef076ef6b326c05fe260,deep_m0032_r0,validation_or_superseded
3,deep,final_geometry_v15_20260930,4327fe4ece9317f6fd20fad18389a71e9b1f423b,32,0.04810275019238982,0.0432356037683882,False,0.24807875713935515,1260.276914325279,1270.2871926913615,2874.224392127552,41d63e28db09e50cf291420173d046c9adb4bf9d0b96bdf73f4e1c6042179ae6,0,True,,462,51199,full_posterior,32,0.023623700829632596,0.14809075366587246,128,q_A,q_A,2080,0,1.009073843782014,1,1.056735412133679,1.0,dynamics_h_0p02_stage_2,ok,af056e127c02b019412d5384149e30d1e6c85b146336ef076ef6b326c05fe260,deep_m0032_r0,validation_or_superseded
3,deep,final_geometry_v15_20260930,4327fe4ece9317f6fd20fad18389a71e9b1f423b,32,-0.004112334687993942,0.037369025841555846,True,-0.0021402159877083947,1999.7441341186245,1993.7091589689808,4041.76103298586,41d63e28db09e50cf291420173d046c9adb4bf9d0b96bdf73f4e1c6042179ae6,0,True,,374,51199,full_posterior,32,0.01995084116453425,-0.0031262753378511754,128,q_W,q_W,2080,0,1.0012587900758276,1,1.004611768955186,1.0,dynamics_h_0p02_stage_2,ok,af056e127c02b019412d5384149e30d1e6c85b146336ef076ef6b326c05fe260,deep_m0032_r0,validation_or_superseded
3,deep,final_geometry_v15_20260930,4327fe4ece9317f6fd20fad18389a71e9b1f423b,32,1.1413104336067708,0.007793981018706292,True,1.1413430653356846,3704.318259763,3650.5453321727578,7332.69914653128,41d63e28db09e50cf291420173d046c9adb4bf9d0b96bdf73f4e1c6042179ae6,0,True,,172,51199,full_posterior,32,0.0040147066244320155,1.1413267494712276,128,disp_A,disp_A,2080,0,1.0024565716684104,1,0.2631138934588051,1.0,dynamics_h_0p02_stage_2,ok,af056e127c02b019412d5384149e30d1e6c85b146336ef076ef6b326c05fe260,deep_m0032_r0,validation_or_superseded
3,deep,final_geometry_v15_20260930,4327fe4ece9317f6fd20fad18389a71e9b1f423b,32,0.9998386418256832,0.0012645777867398861,True,1.0009403741413074,4174.038403650811,4152.459150324751,8705.286170732876,41d63e28db09e50cf291420173d046c9adb4bf9d0b96bdf73f4e1c6042179ae6,0,True,,170,51199,full_posterior,32,0.0006427953020212521,1.000389507983495,128,disp_W1,disp_W1,2080,0,1.0004201965538577,1,0.04408308620186877,1.0,dynamics_h_0p02_stage_2,ok,af056e127c02b019412d5384149e30d1e6c85b146336ef076ef6b326c05fe260,deep_m0032_r0,validation_or_superseded
3,deep,final_geometry_v15_20260930,4327fe4ece9317f6fd20fad18389a71e9b1f423b,32,1.001824663150386,0.0012671263753795735,True,1.002930194982185,4058.351973741179,4054.049304152915,8577.249921629149,41d63e28db09e50cf291420173d046c9adb4bf9d0b96bdf73f4e1c6042179ae6,0,True,,166,51199,full_posterior,32,0.0006475683552851684,1.0023774290662855,128,disp_W2,disp_W2,2080,0,1.0008155094631812,1,0.04408872275426815,1.0,dynamics_h_0p02_stage_2,ok,af056e127c02b019412d5384149e30d1e6c85b146336ef076ef6b326c05fe260,deep_m0032_r0,validation_or_superseded
3,deep,final_geometry_v15_20260930,4327fe4ece9317f6fd20fad18389a71e9b1f423b,32,59.07170950470916,0.10822791700029119,True,59.07990248956207,5873.7270783419335,5855.893764534616,15890.26638006487,d73a649efd1effa354d80a14e4d0e73f21dc1d356b034cc8d88cfd0839d7a112,0,True,,2062,409599,full_posterior,32,0.0567087763425261,59.07580599713561,128,V,V,2080,1,1.000379481987909,1,5.30936727360774,1.0,dynamics_h_0p005_stage_3,ok,662315e3af404632a903759afc0db53d7616be0be60d5bbeff2faff490855fed,deep_m0032_r1,validation_or_superseded
3,deep,final_geometry_v15_20260930,4327fe4ece9317f6fd20fad18389a71e9b1f423b,32,1108.7867924750387,0.6186858997001543,True,1109.0301528346843,8279.109163410742,8270.978038210347,18363.575451153145,d73a649efd1effa354d80a14e4d0e73f21dc1d356b034cc8d88cfd0839d7a112,0,True,,1050,409599,full_posterior,32,0.32291078301018544,1108.908472654862,128,U,U,2080,1,1.0003122023361442,1,32.042132733521484,1.0,dynamics_h_0p005_stage_3,ok,662315e3af404632a903759afc0db53d7616be0be60d5bbeff2faff490855fed,deep_m0032_r1,validation_or_superseded
3,deep,final_geometry_v15_20260930,4327fe4ece9317f6fd20fad18389a71e9b1f423b,32,0.27469488728691915,0.009570360258022064,True,0.2653748996949659,10094.320801950496,10071.3752141848,25103.567849677045,d73a649efd1effa354d80a14e4d0e73f21dc1d356b034cc8d88cfd0839d7a112,0,True,,922,409599,full_posterior,32,0.0050203297152992005,0.2700348934909425,128,train_logit_0,train_logit_0,2080,1,1.0005182046306182,1,0.5510388722190179,1.0,dynamics_h_0p005_stage_3,ok,662315e3af404632a903759afc0db53d7616be0be60d5bbeff2faff490855fed,deep_m0032_r1,validation_or_superseded
3,deep,final_geometry_v15_20260930,4327fe4ece9317f6fd20fad18389a71e9b1f423b,32,0.7852999891761523,0.009483949791766429,True,0.7658132220261539,8598.325908963403,8573.572658060775,24163.360295564456,d73a649efd1effa354d80a14e4d0e73f21dc1d356b034cc8d88cfd0839d7a112,0,True,,1652,409599,full_posterior,32,0.00497956008774403,0.7755566056011527,128,train_logit_16,train_logit_16,2080,1,1.001213222445742,1,0.5404853373061745,1.0,dynamics_h_0p005_stage_3,ok,662315e3af404632a903759afc0db53d7616be0be60d5bbeff2faff490855fed,deep_m0032_r1,validation_or_superseded
3,deep,final_geometry_v15_20260930,4327fe4ece9317f6fd20fad18389a71e9b1f423b,32,-0.045448066657413515,0.009195414102163025,True,-0.06422993292503507,9631.491450412328,9644.204315135506,23793.258893207807,d73a649efd1effa354d80a14e4d0e73f21dc1d356b034cc8d88cfd0839d7a112,0,True,,1652,409599,full_posterior,32,0.004801731639024002,-0.054838999791224266,128,train_logit_32,train_logit_32,2080,1,1.0005052935774592,1,0.5356630713394225,1.0,dynamics_h_0p005_stage_3,ok,662315e3af404632a903759afc0db53d7616be0be60d5bbeff2faff490855fed,deep_m0032_r1,validation_or_superseded
3,deep,final_geometry_v15_20260930,4327fe4ece9317f6fd20fad18389a71e9b1f423b,32,-1.0671482079445804,0.009494762362841266,True,-1.0607904829966472,8925.580820504518,8930.23451878292,21774.348195203893,d73a649efd1effa354d80a14e4d0e73f21dc1d356b034cc8d88cfd0839d7a112,0,True,,978,409599,full_posterior,32,0.0049748938601880234,-1.0639693454706136,128,train_logit_48,train_logit_48,2080,1,1.0003467422255645,1,0.5317538366179436,1.0,dynamics_h_0p005_stage_3,ok,662315e3af404632a903759afc0db53d7616be0be60d5bbeff2faff490855fed,deep_m0032_r1,validation_or_superseded
3,deep,final_geometry_v15_20260930,4327fe4ece9317f6fd20fad18389a71e9b1f423b,32,0.8220913489220675,0.009286400851046879,True,0.8296708200235997,9160.374553549027,9157.736879025768,24373.573974105904,d73a649efd1effa354d80a14e4d0e73f21dc1d356b034cc8d88cfd0839d7a112,0,True,,966,409599,full_posterior,32,0.004858956043667078,0.8258810844728336,128,train_logit_64,train_logit_64,2080,1,1.000423821812999,1,0.5322272443376885,1.0,dynamics_h_0p005_stage_3,ok,662315e3af404632a903759afc0db53d7616be0be60d5bbeff2faff490855fed,deep_m0032_r1,validation_or_superseded
3,deep,final_geometry_v15_20260930,4327fe4ece9317f6fd20fad18389a71e9b1f423b,32,0.8051776395779262,0.009280145158109725,True,0.8077624749797984,9582.521877575835,9594.707836322637,23432.21941797597,d73a649efd1effa354d80a14e4d0e73f21dc1d356b034cc8d88cfd0839d7a112,0,True,,1306,409599,full_posterior,32,0.004811824118620037,0.8064700572788623,128,train_logit_80,train_logit_80,2080,1,1.000251727592085,1,0.5306005583631224,1.0,dynamics_h_0p005_stage_3,ok,662315e3af404632a903759afc0db53d7616be0be60d5bbeff2faff490855fed,deep_m0032_r1,validation_or_superseded
3,deep,final_geometry_v15_20260930,4327fe4ece9317f6fd20fad18389a71e9b1f423b,32,-0.05004815096449062,0.009877390390815748,True,-0.03496166498264691,8271.765709916117,8276.126026910146,22285.670032318598,d73a649efd1effa354d80a14e4d0e73f21dc1d356b034cc8d88cfd0839d7a112,0,True,,1390,409599,full_posterior,32,0.00521794232630012,-0.042504907973568776,128,train_logit_96,train_logit_96,2080,1,1.0002220900494008,1,0.5535546300133881,1.0,dynamics_h_0p005_stage_3,ok,662315e3af404632a903759afc0db53d7616be0be60d5bbeff2faff490855fed,deep_m0032_r1,validation_or_superseded
3,deep,final_geometry_v15_20260930,4327fe4ece9317f6fd20fad18389a71e9b1f423b,32,-0.42374483040672695,0.00965204143281427,True,-0.4051880795484081,9310.161447359149,9314.67318516208,23614.081609293753,d73a649efd1effa354d80a14e4d0e73f21dc1d356b034cc8d88cfd0839d7a112,0,True,,1260,409599,full_posterior,32,0.005041983549254106,-0.41446645497756757,128,train_logit_112,train_logit_112,2080,1,1.0003535066933318,1,0.5547913691152591,1.0,dynamics_h_0p005_stage_3,ok,662315e3af404632a903759afc0db53d7616be0be60d5bbeff2faff490855fed,deep_m0032_r1,validation_or_superseded
3,deep,final_geometry_v15_20260930,4327fe4ece9317f6fd20fad18389a71e9b1f423b,32,0.5022071344554709,0.0032112131638261853,True,0.5014828409347253,9200.158802790927,9265.574124578876,22255.315351943034,d73a649efd1effa354d80a14e4d0e73f21dc1d356b034cc8d88cfd0839d7a112,0,True,,2198,409599,full_posterior,32,0.0016791647881421769,0.5018449876950986,128,test_prob_0,test_prob_0,2080,1,1.0001695879752919,1,0.17962781532925667,1.0,dynamics_h_0p005_stage_3,ok,662315e3af404632a903759afc0db53d7616be0be60d5bbeff2faff490855fed,deep_m0032_r1,validation_or_superseded
3,deep,final_geometry_v15_20260930,4327fe4ece9317f6fd20fad18389a71e9b1f423b,32,0.4098563672194486,0.00311164208186031,True,0.412037777639809,8619.250770475195,8661.557694101108,21886.52815745598,d73a649efd1effa354d80a14e4d0e73f21dc1d356b034cc8d88cfd0839d7a112,0,True,,770,409599,full_posterior,32,0.0016262247712542748,0.41094707242962913,128,test_prob_128,test_prob_128,2080,1,1.0004868256516668,1,0.17248658362539016,1.0,dynamics_h_0p005_stage_3,ok,662315e3af404632a903759afc0db53d7616be0be60d5bbeff2faff490855fed,deep_m0032_r1,validation_or_superseded
3,deep,final_geometry_v15_20260930,4327fe4ece9317f6fd20fad18389a71e9b1f423b,32,0.4030314707567531,0.003127537220309593,True,0.3912795439714328,8058.520453961144,8084.075116795822,21913.086417747232,d73a649efd1effa354d80a14e4d0e73f21dc1d356b034cc8d88cfd0839d7a112,0,True,,1280,409599,full_posterior,32,0.0016757023180288117,0.3971555073640932,128,test_prob_256,test_prob_256,2080,1,1.0012632876745866,1,0.1716838837588043,1.0,dynamics_h_0p005_stage_3,ok,662315e3af404632a903759afc0db53d7616be0be60d5bbeff2faff490855fed,deep_m0032_r1,validation_or_superseded
3,deep,final_geometry_v15_20260930,4327fe4ece9317f6fd20fad18389a71e9b1f423b,32,0.7767642038947596,0.0022377192437765406,True,0.7755901788768722,8454.069332664014,8849.646981045798,21983.739069751642,d73a649efd1effa354d80a14e4d0e73f21dc1d356b034cc8d88cfd0839d7a112,0,True,,1558,409599,full_posterior,32,0.0011727865958523532,0.7761771913858162,128,test_prob_384,test_prob_384,2080,1,1.0003489119619924,1,0.12650868834774404,1.0,dynamics_h_0p005_stage_3,ok,662315e3af404632a903759afc0db53d7616be0be60d5bbeff2faff490855fed,deep_m0032_r1,validation_or_superseded
3,deep,final_geometry_v15_20260930,4327fe4ece9317f6fd20fad18389a71e9b1f423b,32,0.5120276986255343,0.003253578179938789,True,0.5131505494586731,7726.272089738362,7806.674615267319,19259.96377592297,d73a649efd1effa354d80a14e4d0e73f21dc1d356b034cc8d88cfd0839d7a112,0,True,,1510,409599,full_posterior,32,0.0017054015480939245,0.5125891240421031,128,test_prob_512,test_prob_512,2080,1,1.0002572941518963,1,0.17811477913451787,1.0,dynamics_h_0p005_stage_3,ok,662315e3af404632a903759afc0db53d7616be0be60d5bbeff2faff490855fed,deep_m0032_r1,validation_or_superseded
3,deep,final_geometry_v15_20260930,4327fe4ece9317f6fd20fad18389a71e9b1f423b,32,0.6074354762895754,0.0032558327860385252,True,0.6056745984366124,7475.1582394181905,7599.7326523199645,19281.147658879003,d73a649efd1effa354d80a14e4d0e73f21dc1d356b034cc8d88cfd0839d7a112,0,True,,1980,409599,full_posterior,32,0.0017185315297058089,0.6065550373630941,128,test_prob_640,test_prob_640,2080,1,1.0006943518486593,1,0.17470172925666358,1.0,dynamics_h_0p005_stage_3,ok,662315e3af404632a903759afc0db53d7616be0be60d5bbeff2faff490855fed,deep_m0032_r1,validation_or_superseded
3,deep,final_geometry_v15_20260930,4327fe4ece9317f6fd20fad18389a71e9b1f423b,32,0.5379013361581275,0.0032168381352978993,True,0.5361696081498633,8262.282378221871,8344.065143863943,20432.964456524547,d73a649efd1effa354d80a14e4d0e73f21dc1d356b034cc8d88cfd0839d7a112,0,True,,954,409599,full_posterior,32,0.0016872991812281043,0.5370354721539953,128,test_prob_768,test_prob_768,2080,1,1.0002230746566205,1,0.17758064262834766,1.0,dynamics_h_0p005_stage_3,ok,662315e3af404632a903759afc0db53d7616be0be60d5bbeff2faff490855fed,deep_m0032_r1,validation_or_superseded
3,deep,final_geometry_v15_20260930,4327fe4ece9317f6fd20fad18389a71e9b1f423b,32,0.4783552898844446,0.0032246848360736225,True,0.4769480285969149,8721.168469041977,8831.99978050871,22258.75390155632,d73a649efd1effa354d80a14e4d0e73f21dc1d356b034cc8d88cfd0839d7a112,0,True,,1208,409599,full_posterior,32,0.0016789742127990743,0.4776516592406797,128,test_prob_896,test_prob_896,2080,1,1.0004126856683948,1,0.17863836256858975,1.0,dynamics_h_0p005_stage_3,ok,662315e3af404632a903759afc0db53d7616be0be60d5bbeff2faff490855fed,deep_m0032_r1,validation_or_superseded
3,deep,final_geometry_v15_20260930,4327fe4ece9317f6fd20fad18389a71e9b1f423b,32,0.1414282604233606,0.015651064412194857,True,0.14203751334968004,6625.491524080443,6131.03515220172,8283.521875570987,d73a649efd1effa354d80a14e4d0e73f21dc1d356b034cc8d88cfd0839d7a112,0,True,,958,409599,full_posterior,32,0.008312718353356932,0.14173288688652042,128,interaction_0,interaction_0,2080,1,1.0005834998211465,1,0.7366720644300062,1.0,dynamics_h_0p005_stage_3,ok,662315e3af404632a903759afc0db53d7616be0be60d5bbeff2faff490855fed,deep_m0032_r1,validation_or_superseded
3,deep,final_geometry_v15_20260930,4327fe4ece9317f6fd20fad18389a71e9b1f423b,32,0.11894051974261517,0.0154845712141996,True,0.13537747133140202,6705.766300698901,6311.715666788908,8865.854037288314,d73a649efd1effa354d80a14e4d0e73f21dc1d356b034cc8d88cfd0839d7a112,0,True,,804,409599,full_posterior,32,0.008212743122882544,0.12715899553700866,128,interaction_1,interaction_1,2080,1,1.0005260774406721,1,0.7325240356981989,1.0,dynamics_h_0p005_stage_3,ok,662315e3af404632a903759afc0db53d7616be0be60d5bbeff2faff490855fed,deep_m0032_r1,validation_or_superseded
3,deep,final_geometry_v15_20260930,4327fe4ece9317f6fd20fad18389a71e9b1f423b,32,0.1253862117855462,0.014934284750043091,True,0.11760805933844473,6943.880271339846,6596.063272765377,9122.704869703908,d73a649efd1effa354d80a14e4d0e73f21dc1d356b034cc8d88cfd0839d7a112,0,True,,810,409599,full_posterior,32,0.007941600602504342,0.12149713556199551,128,interaction_2,interaction_2,2080,1,1.0013164088884785,1,0.7261925768874091,1.0,dynamics_h_0p005_stage_3,ok,662315e3af404632a903759afc0db53d7616be0be60d5bbeff2faff490855fed,deep_m0032_r1,validation_or_superseded
3,deep,final_geometry_v15_20260930,4327fe4ece9317f6fd20fad18389a71e9b1f423b,32,0.13230454640702502,0.015997330989539635,True,0.13319621052853,6301.8974725384005,5978.648629468303,8383.503402730057,d73a649efd1effa354d80a14e4d0e73f21dc1d356b034cc8d88cfd0839d7a112,0,True,,1870,409599,full_posterior,32,0.008497840515116548,0.13275037846777749,128,interaction_3,interaction_3,2080,1,1.000723444203559,1,0.7486679835115639,1.0,dynamics_h_0p005_stage_3,ok,662315e3af404632a903759afc0db53d7616be0be60d5bbeff2faff490855fed,deep_m0032_r1,validation_or_superseded
3,deep,final_geometry_v15_20260930,4327fe4ece9317f6fd20fad18389a71e9b1f423b,32,0.34799949007277997,0.030476788228972623,True,0.38158037357387997,2330.7631871835083,2318.3482126473955,4535.052253404259,d73a649efd1effa354d80a14e4d0e73f21dc1d356b034cc8d88cfd0839d7a112,0,True,,1996,409599,full_posterior,32,0.01700938413392122,0.36478993182332986,128,q_A,q_A,2080,1,1.0026173807102565,1,1.1396622710400734,1.0,dynamics_h_0p005_stage_3,ok,662315e3af404632a903759afc0db53d7616be0be60d5bbeff2faff490855fed,deep_m0032_r1,validation_or_superseded
3,deep,final_geometry_v15_20260930,4327fe4ece9317f6fd20fad18389a71e9b1f423b,32,-0.13244848717681112,0.02397883513770241,True,-0.10904409685057986,4001.029384227315,4004.367926871644,9191.722262260451,d73a649efd1effa354d80a14e4d0e73f21dc1d356b034cc8d88cfd0839d7a112,0,True,,1320,409599,full_posterior,32,0.012874047447290364,-0.12074629201369552,128,q_W,q_W,2080,1,1.0006332716496533,1,0.9858090296643094,1.0,dynamics_h_0p005_stage_3,ok,662315e3af404632a903759afc0db53d7616be0be60d5bbeff2faff490855fed,deep_m0032_r1,validation_or_superseded
3,deep,final_geometry_v15_20260930,4327fe4ece9317f6fd20fad18389a71e9b1f423b,32,1.3687769649866142,0.005844865409994126,True,1.3609793616862789,7068.879146706495,7098.593273545651,16862.850622907794,d73a649efd1effa354d80a14e4d0e73f21dc1d356b034cc8d88cfd0839d7a112,0,True,,1076,409599,full_posterior,32,0.003058548554329495,1.3648781633364473,128,disp_A,disp_A,2080,1,1.000407726339134,1,0.2930961675518837,1.0,dynamics_h_0p005_stage_3,ok,662315e3af404632a903759afc0db53d7616be0be60d5bbeff2faff490855fed,deep_m0032_r1,validation_or_superseded
3,deep,final_geometry_v15_20260930,4327fe4ece9317f6fd20fad18389a71e9b1f423b,32,1.0017061492793626,0.0008517990494111124,True,1.0024207072567912,7856.2010315059415,7838.479358019724,18099.838042350915,d73a649efd1effa354d80a14e4d0e73f21dc1d356b034cc8d88cfd0839d7a112,0,True,,1212,409599,full_posterior,32,0.00044436602351523514,1.0020634282680765,128,disp_W1,disp_W1,2080,1,1.0003353956079961,1,0.043969406637598345,1.0,dynamics_h_0p005_stage_3,ok,662315e3af404632a903759afc0db53d7616be0be60d5bbeff2faff490855fed,deep_m0032_r1,validation_or_superseded
3,deep,final_geometry_v15_20260930,4327fe4ece9317f6fd20fad18389a71e9b1f423b,32,1.005744341991231,0.000871783762105159,True,1.0057327703958299,7987.641872929201,7983.187616837484,17918.08902374777,d73a649efd1effa354d80a14e4d0e73f21dc1d356b034cc8d88cfd0839d7a112,0,True,,600,409599,full_posterior,32,0.00045592800102580295,1.0057385561935301,128,disp_W2,disp_W2,2080,1,1.0005892025859067,1,0.04440251686107004,1.0,dynamics_h_0p005_stage_3,ok,662315e3af404632a903759afc0db53d7616be0be60d5bbeff2faff490855fed,deep_m0032_r1,validation_or_superseded
3,deep,final_geometry_v15_20260930,4327fe4ece9317f6fd20fad18389a71e9b1f423b,32,59.02005035614121,0.1121889912189007,True,59.328250818894396,6701.22952481278,6701.486685810315,16354.36286957923,a4f1deb03ebac7680343345dbe04314973750f53dfb4636fc2040125204ab8c5,0,True,,462,204799,full_posterior,32,0.05788424453630449,59.174150587517836,128,V,V,2080,1,1.0010646211342338,1,5.281646181831884,1.0,dynamics_h_0p01_stage_3,ok,662315e3af404632a903759afc0db53d7616be0be60d5bbeff2faff490855fed,deep_m0032_r1,production_final
3,deep,final_geometry_v15_20260930,4327fe4ece9317f6fd20fad18389a71e9b1f423b,32,1109.3838734959559,0.657056974043091,True,1108.715454151869,8275.292643731207,8274.13493996227,18759.72308316137,a4f1deb03ebac7680343345dbe04314973750f53dfb4636fc2040125204ab8c5,0,True,,336,204799,full_posterior,32,0.33581274012140805,1109.0496638239124,128,U,U,2080,1,1.0005174360148192,1,32.32529997514503,1.0,dynamics_h_0p01_stage_3,ok,662315e3af404632a903759afc0db53d7616be0be60d5bbeff2faff490855fed,deep_m0032_r1,production_final
3,deep,final_geometry_v15_20260930,4327fe4ece9317f6fd20fad18389a71e9b1f423b,32,0.263011282249828,0.010533870855884227,True,0.2726735730897159,8235.618915366926,8236.747515695912,22015.36775771335,a4f1deb03ebac7680343345dbe04314973750f53dfb4636fc2040125204ab8c5,0,True,,628,204799,full_posterior,32,0.005533442724109263,0.2678424276697718,128,train_logit_0,train_logit_0,2080,1,1.0002037358014468,1,0.5576148728816411,1.0,dynamics_h_0p01_stage_3,ok,662315e3af404632a903759afc0db53d7616be0be60d5bbeff2faff490855fed,deep_m0032_r1,production_final
3,deep,final_geometry_v15_20260930,4327fe4ece9317f6fd20fad18389a71e9b1f423b,32,0.7713668927619175,0.00993468730253787,True,0.7766533046834131,9115.605687314935,9114.724303002413,21839.881332334877,a4f1deb03ebac7680343345dbe04314973750f53dfb4636fc2040125204ab8c5,0,True,,490,204799,full_posterior,32,0.0051695851061763914,0.7740100987226652,128,train_logit_16,train_logit_16,2080,1,1.0004326613851278,1,0.5375521509513485,1.0,dynamics_h_0p01_stage_3,ok,662315e3af404632a903759afc0db53d7616be0be60d5bbeff2faff490855fed,deep_m0032_r1,production_final
3,deep,final_geometry_v15_20260930,4327fe4ece9317f6fd20fad18389a71e9b1f423b,32,-0.05989526987436267,0.00958074956644021,True,-0.053562322000637784,10737.54772251366,10727.93705556992,26212.482634613283,a4f1deb03ebac7680343345dbe04314973750f53dfb4636fc2040125204ab8c5,0,True,,304,204799,full_posterior,32,0.004828188395870371,-0.05672879593750022,128,train_logit_32,train_logit_32,2080,1,1.0004009594053227,1,0.5331218064674937,1.0,dynamics_h_0p01_stage_3,ok,662315e3af404632a903759afc0db53d7616be0be60d5bbeff2faff490855fed,deep_m0032_r1,production_final
3,deep,final_geometry_v15_20260930,4327fe4ece9317f6fd20fad18389a71e9b1f423b,32,-1.0751212142415256,0.009912107289600182,True,-1.0518430088971977,8821.993383666757,8828.97160834389,23447.81226057523,a4f1deb03ebac7680343345dbe04314973750f53dfb4636fc2040125204ab8c5,0,True,,542,204799,full_posterior,32,0.00515977727744476,-1.0634821115693622,128,train_logit_48,train_logit_48,2080,1,1.0009529291620862,1,0.5305284389804241,1.0,dynamics_h_0p01_stage_3,ok,662315e3af404632a903759afc0db53d7616be0be60d5bbeff2faff490855fed,deep_m0032_r1,production_final
3,deep,final_geometry_v15_20260930,4327fe4ece9317f6fd20fad18389a71e9b1f423b,32,0.8232191658165733,0.009670257410458391,True,0.8129322085493584,9346.17644666478,9349.351033028552,23777.915390585935,a4f1deb03ebac7680343345dbe04314973750f53dfb4636fc2040125204ab8c5,0,True,,450,204799,full_posterior,32,0.005095436462944964,0.8180756871829655,128,train_logit_64,train_logit_64,2080,1,1.000314090681654,1,0.5315632222691286,1.0,dynamics_h_0p01_stage_3,ok,662315e3af404632a903759afc0db53d7616be0be60d5bbeff2faff490855fed,deep_m0032_r1,production_final
3,deep,final_geometry_v15_20260930,4327fe4ece9317f6fd20fad18389a71e9b1f423b,32,0.8220950330129064,0.009690255889144711,True,0.8009120957088615,9586.666514304181,9584.66471369648,23516.221919427375,a4f1deb03ebac7680343345dbe04314973750f53dfb4636fc2040125204ab8c5,0,True,,444,204799,full_posterior,32,0.0050045727675086735,0.811503564360884,128,train_logit_80,train_logit_80,2080,1,1.0003298395732256,1,0.5295898775812818,1.0,dynamics_h_0p01_stage_3,ok,662315e3af404632a903759afc0db53d7616be0be60d5bbeff2faff490855fed,deep_m0032_r1,production_final
3,deep,final_geometry_v15_20260930,4327fe4ece9317f6fd20fad18389a71e9b1f423b,32,-0.05898535622256311,0.010648945075221359,True,-0.032722398664153836,7862.8833416765,7873.410301636367,19606.080596475007,a4f1deb03ebac7680343345dbe04314973750f53dfb4636fc2040125204ab8c5,0,True,,1030,204799,full_posterior,32,0.005546740041509884,-0.04585387744335849,128,train_logit_96,train_logit_96,2080,1,1.0006571544773164,1,0.5550509060748267,1.0,dynamics_h_0p01_stage_3,ok,662315e3af404632a903759afc0db53d7616be0be60d5bbeff2faff490855fed,deep_m0032_r1,production_final
3,deep,final_geometry_v15_20260930,4327fe4ece9317f6fd20fad18389a71e9b1f423b,32,-0.40100905426845374,0.010560290122270187,True,-0.40831674376281024,8341.114327488052,8328.429037400716,21529.495380925488,a4f1deb03ebac7680343345dbe04314973750f53dfb4636fc2040125204ab8c5,0,True,,912,204799,full_posterior,32,0.005495956316239977,-0.40466289901563207,128,train_logit_112,train_logit_112,2080,1,1.0003459942681123,1,0.5554926109077328,1.0,dynamics_h_0p01_stage_3,ok,662315e3af404632a903759afc0db53d7616be0be60d5bbeff2faff490855fed,deep_m0032_r1,production_final
3,deep,final_geometry_v15_20260930,4327fe4ece9317f6fd20fad18389a71e9b1f423b,32,0.505233724167925,0.0034672694545396926,True,0.5046448565891822,8116.201636140859,8186.750256424535,20383.32029754808,a4f1deb03ebac7680343345dbe04314973750f53dfb4636fc2040125204ab8c5,0,True,,520,204799,full_posterior,32,0.0018125777708118255,0.5049392903785535,128,test_prob_0,test_prob_0,2080,1,1.0002077211617764,1,0.17970175419633128,1.0,dynamics_h_0p01_stage_3,ok,662315e3af404632a903759afc0db53d7616be0be60d5bbeff2faff490855fed,deep_m0032_r1,production_final
3,deep,final_geometry_v15_20260930,4327fe4ece9317f6fd20fad18389a71e9b1f423b,32,0.40818557635951686,0.0033395876984099494,True,0.40907123036222914,7947.029007181754,8029.730845407537,20092.351091889188,a4f1deb03ebac7680343345dbe04314973750f53dfb4636fc2040125204ab8c5,0,True,,538,204799,full_posterior,32,0.0017484682439382101,0.4086284033608731,128,test_prob_128,test_prob_128,2080,1,1.00028004486481,1,0.17308287502621877,1.0,dynamics_h_0p01_stage_3,ok,662315e3af404632a903759afc0db53d7616be0be60d5bbeff2faff490855fed,deep_m0032_r1,production_final
3,deep,final_geometry_v15_20260930,4327fe4ece9317f6fd20fad18389a71e9b1f423b,32,0.39933930237443344,0.0033081983725952295,True,0.3994653609952744,8187.332674460576,8210.088304048635,20782.08165401508,a4f1deb03ebac7680343345dbe04314973750f53dfb4636fc2040125204ab8c5,0,True,,596,204799,full_posterior,32,0.0017200799361363434,0.3994023316848541,128,test_prob_256,test_prob_256,2080,1,1.0002848468693326,1,0.17160523683687665,1.0,dynamics_h_0p01_stage_3,ok,662315e3af404632a903759afc0db53d7616be0be60d5bbeff2faff490855fed,deep_m0032_r1,production_final
3,deep,final_geometry_v15_20260930,4327fe4ece9317f6fd20fad18389a71e9b1f423b,32,0.7797595312827589,0.0022825242534542972,True,0.7760924730924273,8972.384372829585,9345.340465127094,23144.34491623402,a4f1deb03ebac7680343345dbe04314973750f53dfb4636fc2040125204ab8c5,0,True,,562,204799,full_posterior,32,0.0011860896490241675,0.7779260021875932,128,test_prob_384,test_prob_384,2080,1,1.0002425412878493,1,0.1241865373222233,1.0,dynamics_h_0p01_stage_3,ok,662315e3af404632a903759afc0db53d7616be0be60d5bbeff2faff490855fed,deep_m0032_r1,production_final
3,deep,final_geometry_v15_20260930,4327fe4ece9317f6fd20fad18389a71e9b1f423b,32,0.5158308200404665,0.003432847361509416,True,0.5125614564419653,7878.803582859162,7925.558107602665,20965.835593498752,a4f1deb03ebac7680343345dbe04314973750f53dfb4636fc2040125204ab8c5,0,True,,776,204799,full_posterior,32,0.001800782719578085,0.5141961382412156,128,test_prob_512,test_prob_512,2080,1,1.0009951506888697,1,0.17875080700802226,1.0,dynamics_h_0p01_stage_3,ok,662315e3af404632a903759afc0db53d7616be0be60d5bbeff2faff490855fed,deep_m0032_r1,production_final
3,deep,final_geometry_v15_20260930,4327fe4ece9317f6fd20fad18389a71e9b1f423b,32,0.6103413307819125,0.003257388484885961,True,0.6060283653017833,8621.549552795408,8745.95311162002,20413.578015472922,a4f1deb03ebac7680343345dbe04314973750f53dfb4636fc2040125204ab8c5,0,True,,456,204799,full_posterior,32,0.0016920361166399783,0.6081848480418479,128,test_prob_640,test_prob_640,2080,1,1.0003250690225225,1,0.17211336507663316,1.0,dynamics_h_0p01_stage_3,ok,662315e3af404632a903759afc0db53d7616be0be60d5bbeff2faff490855fed,deep_m0032_r1,production_final
3,deep,final_geometry_v15_20260930,4327fe4ece9317f6fd20fad18389a71e9b1f423b,32,0.5382257239746902,0.0034696373430714734,True,0.535391789801919,7836.564102568788,7840.4693552052695,20638.585525962855,a4f1deb03ebac7680343345dbe04314973750f53dfb4636fc2040125204ab8c5,0,True,,570,204799,full_posterior,32,0.0018021170568724581,0.5368087568883047,128,test_prob_768,test_prob_768,2080,1,1.0004941729819508,1,0.1777366894032765,1.0,dynamics_h_0p01_stage_3,ok,662315e3af404632a903759afc0db53d7616be0be60d5bbeff2faff490855fed,deep_m0032_r1,production_final
3,deep,final_geometry_v15_20260930,4327fe4ece9317f6fd20fad18389a71e9b1f423b,32,0.4799827955031823,0.0033476390439928527,True,0.4757134690955533,8551.207318316021,8571.026018930126,22127.574742432756,a4f1deb03ebac7680343345dbe04314973750f53dfb4636fc2040125204ab8c5,0,True,,446,204799,full_posterior,32,0.0017507959703940883,0.47784813229936796,128,test_prob_896,test_prob_896,2080,1,1.0003206884163292,1,0.17786383847585197,1.0,dynamics_h_0p01_stage_3,ok,662315e3af404632a903759afc0db53d7616be0be60d5bbeff2faff490855fed,deep_m0032_r1,production_final
3,deep,final_geometry_v15_20260930,4327fe4ece9317f6fd20fad18389a71e9b1f423b,32,0.12357191389482614,0.016106091300286843,True,0.1164342381457426,5955.431605309033,5579.11599436438,7636.3501742067265,a4f1deb03ebac7680343345dbe04314973750f53dfb4636fc2040125204ab8c5,0,True,,540,204799,full_posterior,32,0.008529428404713983,0.1200030760202843,128,interaction_0,interaction_0,2080,1,1.0013237711333567,1,0.7223266923052339,1.0,dynamics_h_0p01_stage_3,ok,662315e3af404632a903759afc0db53d7616be0be60d5bbeff2faff490855fed,deep_m0032_r1,production_final
3,deep,final_geometry_v15_20260930,4327fe4ece9317f6fd20fad18389a71e9b1f423b,32,0.14524397894051191,0.017273939611509838,True,0.15883019771130802,6312.105240332086,5808.90478981046,7318.19560538181,a4f1deb03ebac7680343345dbe04314973750f53dfb4636fc2040125204ab8c5,0,True,,508,204799,full_posterior,32,0.009040685372457296,0.15203708832590998,128,interaction_1,interaction_1,2080,1,1.0004733089764601,1,0.7516346867610442,1.0,dynamics_h_0p01_stage_3,ok,662315e3af404632a903759afc0db53d7616be0be60d5bbeff2faff490855fed,deep_m0032_r1,production_final
3,deep,final_geometry_v15_20260930,4327fe4ece9317f6fd20fad18389a71e9b1f423b,32,0.1585258230552626,0.016565024194518527,True,0.1341592032083906,6512.3961163544,6203.311594085009,9181.026774768448,a4f1deb03ebac7680343345dbe04314973750f53dfb4636fc2040125204ab8c5,0,True,,474,204799,full_posterior,32,0.008623670350076499,0.14634251313182658,128,interaction_2,interaction_2,2080,1,1.000446750425126,1,0.735609411140766,1.0,dynamics_h_0p01_stage_3,ok,662315e3af404632a903759afc0db53d7616be0be60d5bbeff2faff490855fed,deep_m0032_r1,production_final
3,deep,final_geometry_v15_20260930,4327fe4ece9317f6fd20fad18389a71e9b1f423b,32,0.12025046276578678,0.015776854029713964,True,0.1302814593631336,6977.111076780608,6584.510647873135,9390.874644734662,a4f1deb03ebac7680343345dbe04314973750f53dfb4636fc2040125204ab8c5,0,True,,362,204799,full_posterior,32,0.008198709592019422,0.12526596106446017,128,interaction_3,interaction_3,2080,1,1.0004487899366168,1,0.723228324767003,1.0,dynamics_h_0p01_stage_3,ok,662315e3af404632a903759afc0db53d7616be0be60d5bbeff2faff490855fed,deep_m0032_r1,production_final
3,deep,final_geometry_v15_20260930,4327fe4ece9317f6fd20fad18389a71e9b1f423b,32,0.3434963478290037,0.03562832726542034,True,0.326721230139675,2012.8018881624193,2001.5128808609952,4603.224255190029,a4f1deb03ebac7680343345dbe04314973750f53dfb4636fc2040125204ab8c5,0,True,,1176,204799,full_posterior,32,0.019677260564614527,0.3351087889843393,128,q_A,q_A,2080,1,1.0014655779913908,1,1.1683327433619266,1.0,dynamics_h_0p01_stage_3,ok,662315e3af404632a903759afc0db53d7616be0be60d5bbeff2faff490855fed,deep_m0032_r1,production_final
3,deep,final_geometry_v15_20260930,4327fe4ece9317f6fd20fad18389a71e9b1f423b,32,-0.15874317201102642,0.02595194738342096,True,-0.17555091768927308,4138.100455196441,4137.037761353794,8807.504672060455,a4f1deb03ebac7680343345dbe04314973750f53dfb4636fc2040125204ab8c5,0,True,,926,204799,full_posterior,32,0.01345810713876417,-0.16714704485014978,128,q_W,q_W,2080,1,1.0008671647791667,1,0.9959645166678188,1.0,dynamics_h_0p01_stage_3,ok,662315e3af404632a903759afc0db53d7616be0be60d5bbeff2faff490855fed,deep_m0032_r1,production_final
3,deep,final_geometry_v15_20260930,4327fe4ece9317f6fd20fad18389a71e9b1f423b,32,1.3745661005647392,0.006061140850535342,True,1.3595600884285963,7517.0428954839335,7555.699628490803,16091.364096123272,a4f1deb03ebac7680343345dbe04314973750f53dfb4636fc2040125204ab8c5,0,True,,450,204799,full_posterior,32,0.0030903276294180215,1.3670630944966684,128,disp_A,disp_A,2080,1,1.0007839611649516,1,0.29052764157351946,1.0,dynamics_h_0p01_stage_3,ok,662315e3af404632a903759afc0db53d7616be0be60d5bbeff2faff490855fed,deep_m0032_r1,production_final
3,deep,final_geometry_v15_20260930,4327fe4ece9317f6fd20fad18389a71e9b1f423b,32,1.0018968635778085,0.0009044295850031881,True,1.0012237065415375,8079.046742247481,8075.056563486855,18171.059350505107,a4f1deb03ebac7680343345dbe04314973750f53dfb4636fc2040125204ab8c5,0,True,,386,204799,full_posterior,32,0.0004650594487398155,1.0015602850596728,128,disp_W1,disp_W1,2080,1,1.0005884090856925,1,0.04414914578232983,1.0,dynamics_h_0p01_stage_3,ok,662315e3af404632a903759afc0db53d7616be0be60d5bbeff2faff490855fed,deep_m0032_r1,production_final
3,deep,final_geometry_v15_20260930,4327fe4ece9317f6fd20fad18389a71e9b1f423b,32,1.0066397878494941,0.0008858272899858287,True,1.0058744222047844,8555.294823239718,8539.490907198626,18042.723060837154,a4f1deb03ebac7680343345dbe04314973750f53dfb4636fc2040125204ab8c5,0,True,,282,204799,full_posterior,32,0.0004516479849856652,1.006257105027139,128,disp_W2,disp_W2,2080,1,1.0003801430799104,1,0.04415113391806965,1.0,dynamics_h_0p01_stage_3,ok,662315e3af404632a903759afc0db53d7616be0be60d5bbeff2faff490855fed,deep_m0032_r1,production_final
3,deep,final_geometry_v15_20260930,4327fe4ece9317f6fd20fad18389a71e9b1f423b,32,59.353253978065005,0.16199362686326224,True,59.14219346571274,3202.425979146633,3200.2223511304096,8191.443778596498,a6ebfb9f286f0e2f1f0df47ef0e22696b5879dfacbc3b55ceba1d4b1deb18ce1,0,True,,224,51199,full_posterior,32,0.08262589647531157,59.24772372188885,128,V,V,2080,1,1.001455816448705,1,5.265289386661542,1.0,dynamics_h_0p02_stage_2,ok,662315e3af404632a903759afc0db53d7616be0be60d5bbeff2faff490855fed,deep_m0032_r1,validation_or_superseded
3,deep,final_geometry_v15_20260930,4327fe4ece9317f6fd20fad18389a71e9b1f423b,32,1110.2291526921558,0.9342217259739823,True,1109.8215007396227,3945.431076477756,3939.9155706668344,8618.462911665567,a6ebfb9f286f0e2f1f0df47ef0e22696b5879dfacbc3b55ceba1d4b1deb18ce1,0,True,,128,51199,full_posterior,32,0.4793270603259069,1110.0253267158892,128,U,U,2080,1,1.000680112928501,1,32.02922880492725,1.0,dynamics_h_0p02_stage_2,ok,662315e3af404632a903759afc0db53d7616be0be60d5bbeff2faff490855fed,deep_m0032_r1,validation_or_superseded
3,deep,final_geometry_v15_20260930,4327fe4ece9317f6fd20fad18389a71e9b1f423b,32,0.2670586716465218,0.014948016284670752,True,0.25891897763003613,3974.036267409972,3973.610049622344,11274.94532329855,a6ebfb9f286f0e2f1f0df47ef0e22696b5879dfacbc3b55ceba1d4b1deb18ce1,0,True,,418,51199,full_posterior,32,0.007877705246261982,0.26298882463827894,128,train_logit_0,train_logit_0,2080,1,1.0003975021914098,1,0.5582502851088161,1.0,dynamics_h_0p02_stage_2,ok,662315e3af404632a903759afc0db53d7616be0be60d5bbeff2faff490855fed,deep_m0032_r1,validation_or_superseded
3,deep,final_geometry_v15_20260930,4327fe4ece9317f6fd20fad18389a71e9b1f423b,32,0.7594971671660063,0.014457597911163913,True,0.7810048953862886,4056.1952373363647,4077.1718332783507,10948.642537199135,a6ebfb9f286f0e2f1f0df47ef0e22696b5879dfacbc3b55ceba1d4b1deb18ce1,0,True,,360,51199,full_posterior,32,0.00751027598709718,0.7702510312761472,128,train_logit_16,train_logit_16,2080,1,1.0004941116485553,1,0.5383523392351471,1.0,dynamics_h_0p02_stage_2,ok,662315e3af404632a903759afc0db53d7616be0be60d5bbeff2faff490855fed,deep_m0032_r1,validation_or_superseded
3,deep,final_geometry_v15_20260930,4327fe4ece9317f6fd20fad18389a71e9b1f423b,32,-0.06726519003325987,0.014252268658862725,True,-0.06152614699756292,4185.280969716552,4182.6670055766845,11732.056038196011,a6ebfb9f286f0e2f1f0df47ef0e22696b5879dfacbc3b55ceba1d4b1deb18ce1,0,True,,228,51199,full_posterior,32,0.00742248552136826,-0.0643956685154114,128,train_logit_32,train_logit_32,2080,1,1.0002320073798525,1,0.5399618755061093,1.0,dynamics_h_0p02_stage_2,ok,662315e3af404632a903759afc0db53d7616be0be60d5bbeff2faff490855fed,deep_m0032_r1,validation_or_superseded
3,deep,final_geometry_v15_20260930,4327fe4ece9317f6fd20fad18389a71e9b1f423b,32,-1.0565402692645305,0.01433577722643007,True,-1.043167453490062,4510.584242470317,4512.535008789454,11849.78636273372,a6ebfb9f286f0e2f1f0df47ef0e22696b5879dfacbc3b55ceba1d4b1deb18ce1,0,True,,284,51199,full_posterior,32,0.007235750207093166,-1.0498538613772959,128,train_logit_48,train_logit_48,2080,1,1.0005757987429227,1,0.5377687369974324,1.0,dynamics_h_0p02_stage_2,ok,662315e3af404632a903759afc0db53d7616be0be60d5bbeff2faff490855fed,deep_m0032_r1,validation_or_superseded
3,deep,final_geometry_v15_20260930,4327fe4ece9317f6fd20fad18389a71e9b1f423b,32,0.8055140794716797,0.014310069404447226,True,0.8240502487414123,4052.7127058364845,4022.5235788836253,11424.11237495625,a6ebfb9f286f0e2f1f0df47ef0e22696b5879dfacbc3b55ceba1d4b1deb18ce1,0,True,,300,51199,full_posterior,32,0.007510146251738311,0.8147821641065459,128,train_logit_64,train_logit_64,2080,1,1.0010171896813023,1,0.5373960941078828,1.0,dynamics_h_0p02_stage_2,ok,662315e3af404632a903759afc0db53d7616be0be60d5bbeff2faff490855fed,deep_m0032_r1,validation_or_superseded
3,deep,final_geometry_v15_20260930,4327fe4ece9317f6fd20fad18389a71e9b1f423b,32,0.8391238509870582,0.013948830923712855,True,0.8129118135517873,4675.635001680748,4668.0169521924045,11225.322204038743,a6ebfb9f286f0e2f1f0df47ef0e22696b5879dfacbc3b55ceba1d4b1deb18ce1,0,True,,208,51199,full_posterior,32,0.0072767017382898945,0.8260178322694232,128,train_logit_80,train_logit_80,2080,1,1.000809874011881,1,0.5361336217305303,1.0,dynamics_h_0p02_stage_2,ok,662315e3af404632a903759afc0db53d7616be0be60d5bbeff2faff490855fed,deep_m0032_r1,validation_or_superseded
3,deep,final_geometry_v15_20260930,4327fe4ece9317f6fd20fad18389a71e9b1f423b,32,-0.03509473801231048,0.014354435967868066,True,-0.047195844574242994,4550.563859380147,4541.3495181616845,11745.740996820023,a6ebfb9f286f0e2f1f0df47ef0e22696b5879dfacbc3b55ceba1d4b1deb18ce1,0,True,,190,51199,full_posterior,32,0.007426144215207648,-0.04114529129327674,128,train_logit_96,train_logit_96,2080,1,1.0009861822714725,1,0.5493020199955867,1.0,dynamics_h_0p02_stage_2,ok,662315e3af404632a903759afc0db53d7616be0be60d5bbeff2faff490855fed,deep_m0032_r1,validation_or_superseded
3,deep,final_geometry_v15_20260930,4327fe4ece9317f6fd20fad18389a71e9b1f423b,32,-0.4060582334052373,0.01469539196915302,True,-0.427171296809982,4618.8137192000695,4622.063265334923,10833.841890368767,a6ebfb9f286f0e2f1f0df47ef0e22696b5879dfacbc3b55ceba1d4b1deb18ce1,0,True,,224,51199,full_posterior,32,0.0075085466510422085,-0.4166147651076097,128,train_logit_112,train_logit_112,2080,1,1.0010608009477997,1,0.5551222130876416,1.0,dynamics_h_0p02_stage_2,ok,662315e3af404632a903759afc0db53d7616be0be60d5bbeff2faff490855fed,deep_m0032_r1,validation_or_superseded
3,deep,final_geometry_v15_20260930,4327fe4ece9317f6fd20fad18389a71e9b1f423b,32,0.49948774983816735,0.0048343092109685935,True,0.4952962151051407,4245.370524123495,4251.998214261415,10778.65497860978,a6ebfb9f286f0e2f1f0df47ef0e22696b5879dfacbc3b55ceba1d4b1deb18ce1,0,True,,190,51199,full_posterior,32,0.002530453544461759,0.4973919824716541,128,test_prob_0,test_prob_0,2080,1,1.0010654604123557,1,0.18015036002047305,1.0,dynamics_h_0p02_stage_2,ok,662315e3af404632a903759afc0db53d7616be0be60d5bbeff2faff490855fed,deep_m0032_r1,validation_or_superseded
3,deep,final_geometry_v15_20260930,4327fe4ece9317f6fd20fad18389a71e9b1f423b,32,0.4104510975729003,0.004591611776958025,True,0.4024562891821638,4503.922107692417,4515.239368037592,11534.564532014321,a6ebfb9f286f0e2f1f0df47ef0e22696b5879dfacbc3b55ceba1d4b1deb18ce1,0,True,,304,51199,full_posterior,32,0.0023557617087612667,0.4064536933775322,128,test_prob_128,test_prob_128,2080,1,1.0014210955146594,1,0.17136020144442157,1.0,dynamics_h_0p02_stage_2,ok,662315e3af404632a903759afc0db53d7616be0be60d5bbeff2faff490855fed,deep_m0032_r1,validation_or_superseded
3,deep,final_geometry_v15_20260930,4327fe4ece9317f6fd20fad18389a71e9b1f423b,32,0.39675828315992573,0.0047306184358327655,True,0.39775632657578447,3994.1947132029695,4035.9740810373396,9973.859621772412,a6ebfb9f286f0e2f1f0df47ef0e22696b5879dfacbc3b55ceba1d4b1deb18ce1,0,True,,206,51199,full_posterior,32,0.0025118827842221677,0.3972573048678551,128,test_prob_256,test_prob_256,2080,1,1.0007168614589226,1,0.17296503417707768,1.0,dynamics_h_0p02_stage_2,ok,662315e3af404632a903759afc0db53d7616be0be60d5bbeff2faff490855fed,deep_m0032_r1,validation_or_superseded
3,deep,final_geometry_v15_20260930,4327fe4ece9317f6fd20fad18389a71e9b1f423b,32,0.7761819644698338,0.003239150192068072,True,0.7793471937514225,4620.781691148068,4872.897724661545,12252.497924182424,a6ebfb9f286f0e2f1f0df47ef0e22696b5879dfacbc3b55ceba1d4b1deb18ce1,0,True,,212,51199,full_posterior,32,0.001644704765232858,0.7777645791106279,128,test_prob_384,test_prob_384,2080,1,1.0011316158300774,1,0.1251849872868283,1.0,dynamics_h_0p02_stage_2,ok,662315e3af404632a903759afc0db53d7616be0be60d5bbeff2faff490855fed,deep_m0032_r1,validation_or_superseded
3,deep,final_geometry_v15_20260930,4327fe4ece9317f6fd20fad18389a71e9b1f423b,32,0.5132724109776577,0.004959333708705149,True,0.5094075483479314,3750.7499118814258,3765.863934976714,11071.09174084475,a6ebfb9f286f0e2f1f0df47ef0e22696b5879dfacbc3b55ceba1d4b1deb18ce1,0,True,,276,51199,full_posterior,32,0.002576770509327802,0.5113399796627948,128,test_prob_512,test_prob_512,2080,1,1.0009144862262125,1,0.17833036396675717,1.0,dynamics_h_0p02_stage_2,ok,662315e3af404632a903759afc0db53d7616be0be60d5bbeff2faff490855fed,deep_m0032_r1,validation_or_superseded
3,deep,final_geometry_v15_20260930,4327fe4ece9317f6fd20fad18389a71e9b1f423b,32,0.6076135805490392,0.0050246760364499495,True,0.5993157875222794,3553.8391005926064,3629.2854062526685,8712.134059521652,a6ebfb9f286f0e2f1f0df47ef0e22696b5879dfacbc3b55ceba1d4b1deb18ce1,0,True,,234,51199,full_posterior,32,0.00266858783479534,0.6034646840356594,128,test_prob_640,test_prob_640,2080,1,1.001343900370691,1,0.17734363950205048,1.0,dynamics_h_0p02_stage_2,ok,662315e3af404632a903759afc0db53d7616be0be60d5bbeff2faff490855fed,deep_m0032_r1,validation_or_superseded
3,deep,final_geometry_v15_20260930,4327fe4ece9317f6fd20fad18389a71e9b1f423b,32,0.5418870181348118,0.004945971315899571,True,0.5441375566099029,3657.3833812691696,3685.7117326922603,10129.028704663635,a6ebfb9f286f0e2f1f0df47ef0e22696b5879dfacbc3b55ceba1d4b1deb18ce1,0,True,,278,51199,full_posterior,32,0.0026513095061870455,0.5430122873723573,128,test_prob_768,test_prob_768,2080,1,1.0013773403264332,1,0.17816189958009107,1.0,dynamics_h_0p02_stage_2,ok,662315e3af404632a903759afc0db53d7616be0be60d5bbeff2faff490855fed,deep_m0032_r1,validation_or_superseded
3,deep,final_geometry_v15_20260930,4327fe4ece9317f6fd20fad18389a71e9b1f423b,32,0.476397873813398,0.004908554196552492,True,0.4687507843262211,3905.125864806491,3968.8091949384952,9852.621847086442,a6ebfb9f286f0e2f1f0df47ef0e22696b5879dfacbc3b55ceba1d4b1deb18ce1,0,True,,344,51199,full_posterior,32,0.0025721768802246096,0.4725743290698096,128,test_prob_896,test_prob_896,2080,1,1.0015129141746975,1,0.179325381184101,1.0,dynamics_h_0p02_stage_2,ok,662315e3af404632a903759afc0db53d7616be0be60d5bbeff2faff490855fed,deep_m0032_r1,validation_or_superseded
3,deep,final_geometry_v15_20260930,4327fe4ece9317f6fd20fad18389a71e9b1f423b,32,0.13608746793243237,0.022216496901687213,True,0.12840969355067122,3335.633747539216,3179.1190795599646,4705.34132793456,a6ebfb9f286f0e2f1f0df47ef0e22696b5879dfacbc3b55ceba1d4b1deb18ce1,0,True,,316,51199,full_posterior,32,0.011258637053713539,0.13224858074155182,128,interaction_0,interaction_0,2080,1,1.0016531925368173,1,0.7068680076254962,1.0,dynamics_h_0p02_stage_2,ok,662315e3af404632a903759afc0db53d7616be0be60d5bbeff2faff490855fed,deep_m0032_r1,validation_or_superseded
3,deep,final_geometry_v15_20260930,4327fe4ece9317f6fd20fad18389a71e9b1f423b,32,0.1445079244483399,0.023875434039749587,True,0.11734980990742767,3146.7414347111057,2937.9583433946887,3713.9159535860363,a6ebfb9f286f0e2f1f0df47ef0e22696b5879dfacbc3b55ceba1d4b1deb18ce1,0,True,,216,51199,full_posterior,32,0.012821980711040853,0.13092886717788377,128,interaction_1,interaction_1,2080,1,1.0007267374479831,1,0.7476824487220378,1.0,dynamics_h_0p02_stage_2,ok,662315e3af404632a903759afc0db53d7616be0be60d5bbeff2faff490855fed,deep_m0032_r1,validation_or_superseded
3,deep,final_geometry_v15_20260930,4327fe4ece9317f6fd20fad18389a71e9b1f423b,32,0.142633638801253,0.02347484084159166,True,0.12497950884588808,3102.9371982967523,2896.492740068842,4280.426783808233,a6ebfb9f286f0e2f1f0df47ef0e22696b5879dfacbc3b55ceba1d4b1deb18ce1,0,True,,464,51199,full_posterior,32,0.012334360365950894,0.13380657382357058,128,interaction_2,interaction_2,2080,1,1.0012039811569395,1,0.7432491747322119,1.0,dynamics_h_0p02_stage_2,ok,662315e3af404632a903759afc0db53d7616be0be60d5bbeff2faff490855fed,deep_m0032_r1,validation_or_superseded
3,deep,final_geometry_v15_20260930,4327fe4ece9317f6fd20fad18389a71e9b1f423b,32,0.14236198184961688,0.022838826254092993,True,0.11029905102645915,3158.8183357903245,3037.0222649235834,4486.872001350565,a6ebfb9f286f0e2f1f0df47ef0e22696b5879dfacbc3b55ceba1d4b1deb18ce1,0,True,,382,51199,full_posterior,32,0.012034922523206521,0.126330516438038,128,interaction_3,interaction_3,2080,1,1.001581252190776,1,0.7263983092934072,1.0,dynamics_h_0p02_stage_2,ok,662315e3af404632a903759afc0db53d7616be0be60d5bbeff2faff490855fed,deep_m0032_r1,validation_or_superseded
3,deep,final_geometry_v15_20260930,4327fe4ece9317f6fd20fad18389a71e9b1f423b,32,0.3030818377686231,0.050464495879578956,True,0.3423407665743269,1031.096858712327,1034.288420442164,2277.1480599853794,a6ebfb9f286f0e2f1f0df47ef0e22696b5879dfacbc3b55ceba1d4b1deb18ce1,0,True,,524,51199,full_posterior,32,0.028233488864014743,0.32271130217147503,128,q_A,q_A,2080,1,1.003936837049719,1,1.1768644251005902,1.0,dynamics_h_0p02_stage_2,ok,662315e3af404632a903759afc0db53d7616be0be60d5bbeff2faff490855fed,deep_m0032_r1,validation_or_superseded
3,deep,final_geometry_v15_20260930,4327fe4ece9317f6fd20fad18389a71e9b1f423b,32,-0.1441223952996035,0.03745392078436075,True,-0.15578369638733464,1970.9745359795304,1967.5085184658615,5107.5676922375515,a6ebfb9f286f0e2f1f0df47ef0e22696b5879dfacbc3b55ceba1d4b1deb18ce1,0,True,,390,51199,full_posterior,32,0.019877342603519036,-0.14995304584346905,128,q_W,q_W,2080,1,1.0026686832667353,1,1.000083445658326,1.0,dynamics_h_0p02_stage_2,ok,662315e3af404632a903759afc0db53d7616be0be60d5bbeff2faff490855fed,deep_m0032_r1,validation_or_superseded
3,deep,final_geometry_v15_20260930,4327fe4ece9317f6fd20fad18389a71e9b1f423b,32,1.3708586839906376,0.008549893682599879,True,1.374100943308006,3937.923374997025,3923.439952670119,8122.057065476004,a6ebfb9f286f0e2f1f0df47ef0e22696b5879dfacbc3b55ceba1d4b1deb18ce1,0,True,,118,51199,full_posterior,32,0.004352539327869926,1.3724798136493217,128,disp_A,disp_A,2080,1,1.0010669017876028,1,0.2897439418972589,1.0,dynamics_h_0p02_stage_2,ok,662315e3af404632a903759afc0db53d7616be0be60d5bbeff2faff490855fed,deep_m0032_r1,validation_or_superseded
3,deep,final_geometry_v15_20260930,4327fe4ece9317f6fd20fad18389a71e9b1f423b,32,1.002217792594056,0.001303337145696019,True,1.0020002290348748,3733.111574726944,3742.6448309990533,8488.928139415568,a6ebfb9f286f0e2f1f0df47ef0e22696b5879dfacbc3b55ceba1d4b1deb18ce1,0,True,,228,51199,full_posterior,32,0.0006593852368012124,1.0021090108144657,128,disp_W1,disp_W1,2080,1,1.0009143924775732,1,0.04402194551048422,1.0,dynamics_h_0p02_stage_2,ok,662315e3af404632a903759afc0db53d7616be0be60d5bbeff2faff490855fed,deep_m0032_r1,validation_or_superseded
3,deep,final_geometry_v15_20260930,4327fe4ece9317f6fd20fad18389a71e9b1f423b,32,1.0074348632071957,0.0012987234499520013,True,1.007167138506105,3858.6373224024837,3838.507976005056,8343.638382886726,a6ebfb9f286f0e2f1f0df47ef0e22696b5879dfacbc3b55ceba1d4b1deb18ce1,0,True,,200,51199,full_posterior,32,0.0006521492957317029,1.0073010008566505,128,disp_W2,disp_W2,2080,1,1.0012219033427512,1,0.044372419063420696,1.0,dynamics_h_0p02_stage_2,ok,662315e3af404632a903759afc0db53d7616be0be60d5bbeff2faff490855fed,deep_m0032_r1,validation_or_superseded
3,deep,final_geometry_v15_20260930,4327fe4ece9317f6fd20fad18389a71e9b1f423b,32,70.36867654988744,0.11966941097822459,True,70.24966729922794,3201.4109083033677,3196.135823809941,8553.573301861445,14eeb703081df8250f25aa1cb40db63327adbc1eb7e032a329bc62baa80183c5,0,True,,1220,204799,full_posterior,32,0.06482259625532752,70.30917192455762,128,V,V,2080,2,1.0007810116794813,1,4.610567868188392,1.0,dynamics_h_0p005_stage_2,ok,e1bd5b82d8da839a2fc5ffa8fd46793eab0e499a09e69bcda3048c51750c1a05,deep_m0032_r2,validation_or_superseded
3,deep,final_geometry_v15_20260930,4327fe4ece9317f6fd20fad18389a71e9b1f423b,32,1116.6879720460222,0.8418054434252285,True,1116.3198917483446,3855.4063299548616,3827.101292828553,8522.188466809539,14eeb703081df8250f25aa1cb40db63327adbc1eb7e032a329bc62baa80183c5,0,True,,1044,204799,full_posterior,32,0.4434357367429069,1116.5039318971837,128,U,U,2080,2,1.0015049120071662,1,32.217498843719895,1.0,dynamics_h_0p005_stage_2,ok,e1bd5b82d8da839a2fc5ffa8fd46793eab0e499a09e69bcda3048c51750c1a05,deep_m0032_r2,validation_or_superseded
3,deep,final_geometry_v15_20260930,4327fe4ece9317f6fd20fad18389a71e9b1f423b,32,-0.13361255982748163,0.012129288519056161,True,-0.13330558147690297,4494.962576528561,4481.632325726077,10781.87884839826,14eeb703081df8250f25aa1cb40db63327adbc1eb7e032a329bc62baa80183c5,0,True,,914,204799,full_posterior,32,0.006421923683226815,-0.13345907065219234,128,train_logit_0,train_logit_0,2080,2,1.0008568258541781,1,0.5088504260258823,1.0,dynamics_h_0p005_stage_2,ok,e1bd5b82d8da839a2fc5ffa8fd46793eab0e499a09e69bcda3048c51750c1a05,deep_m0032_r2,validation_or_superseded
3,deep,final_geometry_v15_20260930,4327fe4ece9317f6fd20fad18389a71e9b1f423b,32,0.27158506555912604,0.011058383722387074,True,0.2692515923912985,5033.167559336809,5021.920275225531,13447.41020067372,14eeb703081df8250f25aa1cb40db63327adbc1eb7e032a329bc62baa80183c5,0,True,,1122,204799,full_posterior,32,0.0059038915145785895,0.2704183289752122,128,train_logit_16,train_logit_16,2080,2,1.0004128621573727,1,0.4912970052499956,1.0,dynamics_h_0p005_stage_2,ok,e1bd5b82d8da839a2fc5ffa8fd46793eab0e499a09e69bcda3048c51750c1a05,deep_m0032_r2,validation_or_superseded
3,deep,final_geometry_v15_20260930,4327fe4ece9317f6fd20fad18389a71e9b1f423b,32,-0.5358379568628173,0.010454583809252675,True,-0.5240216857045169,5869.554434093008,5856.542633942695,14476.967002810556,14eeb703081df8250f25aa1cb40db63327adbc1eb7e032a329bc62baa80183c5,0,True,,800,204799,full_posterior,32,0.005599582566737001,-0.529929821283667,128,train_logit_32,train_logit_32,2080,2,1.0004653122335518,1,0.47986072610578784,1.0,dynamics_h_0p005_stage_2,ok,e1bd5b82d8da839a2fc5ffa8fd46793eab0e499a09e69bcda3048c51750c1a05,deep_m0032_r2,validation_or_superseded
3,deep,final_geometry_v15_20260930,4327fe4ece9317f6fd20fad18389a71e9b1f423b,32,-0.8801278844102595,0.011866105361565352,True,-0.8807116814854906,4640.376104483313,4641.491090096585,11817.913721747964,14eeb703081df8250f25aa1cb40db63327adbc1eb7e032a329bc62baa80183c5,0,True,,986,204799,full_posterior,32,0.006247271918335716,-0.8804197829478747,128,train_logit_48,train_logit_48,2080,2,1.0005727124514736,1,0.5031490277246826,1.0,dynamics_h_0p005_stage_2,ok,e1bd5b82d8da839a2fc5ffa8fd46793eab0e499a09e69bcda3048c51750c1a05,deep_m0032_r2,validation_or_superseded
3,deep,final_geometry_v15_20260930,4327fe4ece9317f6fd20fad18389a71e9b1f423b,32,0.28685527173237974,0.011272136404540284,True,0.3085395969965731,5025.258882963244,5027.9936194048705,12056.786327241047,14eeb703081df8250f25aa1cb40db63327adbc1eb7e032a329bc62baa80183c5,0,True,,788,204799,full_posterior,32,0.005967798462563917,0.2976974343644764,128,train_logit_64,train_logit_64,2080,2,1.000951473529519,1,0.49436505613612214,1.0,dynamics_h_0p005_stage_2,ok,e1bd5b82d8da839a2fc5ffa8fd46793eab0e499a09e69bcda3048c51750c1a05,deep_m0032_r2,validation_or_superseded
3,deep,final_geometry_v15_20260930,4327fe4ece9317f6fd20fad18389a71e9b1f423b,32,-0.5766173342396089,0.01121431170871324,True,-0.5775063162198915,4735.983499649367,4740.524310982968,12662.728953046233,14eeb703081df8250f25aa1cb40db63327adbc1eb7e032a329bc62baa80183c5,0,True,,890,204799,full_posterior,32,0.005972643821396555,-0.5770618252297499,128,train_logit_80,train_logit_80,2080,2,1.001586692702815,1,0.49154748670618964,1.0,dynamics_h_0p005_stage_2,ok,e1bd5b82d8da839a2fc5ffa8fd46793eab0e499a09e69bcda3048c51750c1a05,deep_m0032_r2,validation_or_superseded
3,deep,final_geometry_v15_20260930,4327fe4ece9317f6fd20fad18389a71e9b1f423b,32,-0.7652828296896719,0.011130347057136291,True,-0.7657768178596187,5106.2698200502045,5097.890875882481,11348.70146183495,14eeb703081df8250f25aa1cb40db63327adbc1eb7e032a329bc62baa80183c5,0,True,,578,204799,full_posterior,32,0.005871913678569613,-0.7655298237746454,128,train_logit_96,train_logit_96,2080,2,1.0006835916964527,1,0.48520264634246507,1.0,dynamics_h_0p005_stage_2,ok,e1bd5b82d8da839a2fc5ffa8fd46793eab0e499a09e69bcda3048c51750c1a05,deep_m0032_r2,validation_or_superseded
3,deep,final_geometry_v15_20260930,4327fe4ece9317f6fd20fad18389a71e9b1f423b,32,0.7175737402344718,0.010302577860977314,True,0.7231508716935916,5899.9656999981835,5887.806153858331,13081.91713078621,14eeb703081df8250f25aa1cb40db63327adbc1eb7e032a329bc62baa80183c5,0,True,,556,204799,full_posterior,32,0.005383805421392841,0.7203623059640318,128,train_logit_112,train_logit_112,2080,2,1.000411578777764,1,0.4681426848344619,1.0,dynamics_h_0p005_stage_2,ok,e1bd5b82d8da839a2fc5ffa8fd46793eab0e499a09e69bcda3048c51750c1a05,deep_m0032_r2,validation_or_superseded
3,deep,final_geometry_v15_20260930,4327fe4ece9317f6fd20fad18389a71e9b1f423b,32,0.45025483366955954,0.0037240313856106754,True,0.4478234491295759,4737.9024430963045,4758.67928508782,11268.940356664718,14eeb703081df8250f25aa1cb40db63327adbc1eb7e032a329bc62baa80183c5,0,True,,1014,204799,full_posterior,32,0.0019824968958185776,0.4490391413995674,128,test_prob_0,test_prob_0,2080,2,1.0010046337345861,1,0.16057205757953283,1.0,dynamics_h_0p005_stage_2,ok,e1bd5b82d8da839a2fc5ffa8fd46793eab0e499a09e69bcda3048c51750c1a05,deep_m0032_r2,validation_or_superseded
3,deep,final_geometry_v15_20260930,4327fe4ece9317f6fd20fad18389a71e9b1f423b,32,0.426246024121696,0.003716659380189585,True,0.42704887220630583,4599.2840033236225,4586.624075163653,12662.661583097799,14eeb703081df8250f25aa1cb40db63327adbc1eb7e032a329bc62baa80183c5,0,True,,1046,204799,full_posterior,32,0.001972570503723635,0.42664744816400074,128,test_prob_128,test_prob_128,2080,2,1.0010138496669647,1,0.16039819001182934,1.0,dynamics_h_0p005_stage_2,ok,e1bd5b82d8da839a2fc5ffa8fd46793eab0e499a09e69bcda3048c51750c1a05,deep_m0032_r2,validation_or_superseded
3,deep,final_geometry_v15_20260930,4327fe4ece9317f6fd20fad18389a71e9b1f423b,32,0.7039814416035606,0.0033438173232738736,True,0.7095897154491023,3914.477522767999,3906.131709161804,11000.063339636421,14eeb703081df8250f25aa1cb40db63327adbc1eb7e032a329bc62baa80183c5,0,True,,1514,204799,full_posterior,32,0.0017849662501823681,0.7067855785263313,128,test_prob_256,test_prob_256,2080,2,1.000593050672424,1,0.14077791154098235,1.0,dynamics_h_0p005_stage_2,ok,e1bd5b82d8da839a2fc5ffa8fd46793eab0e499a09e69bcda3048c51750c1a05,deep_m0032_r2,validation_or_superseded
3,deep,final_geometry_v15_20260930,4327fe4ece9317f6fd20fad18389a71e9b1f423b,32,0.7892170541941665,0.0025242025767220513,True,0.7871702020125214,4733.1772658536065,5005.041527307748,11612.532516512105,14eeb703081df8250f25aa1cb40db63327adbc1eb7e032a329bc62baa80183c5,0,True,,716,204799,full_posterior,32,0.0013253263594867114,0.7881936281033438,128,test_prob_384,test_prob_384,2080,2,1.0005694665557943,1,0.10952162371923305,1.0,dynamics_h_0p005_stage_2,ok,e1bd5b82d8da839a2fc5ffa8fd46793eab0e499a09e69bcda3048c51750c1a05,deep_m0032_r2,validation_or_superseded
3,deep,final_geometry_v15_20260930,4327fe4ece9317f6fd20fad18389a71e9b1f423b,32,0.3905915424596447,0.0036115123785465065,True,0.38857800608623166,4713.183832075314,4735.494009931451,12297.99708178632,14eeb703081df8250f25aa1cb40db63327adbc1eb7e032a329bc62baa80183c5,0,True,,1052,204799,full_posterior,32,0.0018972803942086372,0.38958477427293814,128,test_prob_512,test_prob_512,2080,2,1.0004055465475457,1,0.15433439959701653,1.0,dynamics_h_0p005_stage_2,ok,e1bd5b82d8da839a2fc5ffa8fd46793eab0e499a09e69bcda3048c51750c1a05,deep_m0032_r2,validation_or_superseded
3,deep,final_geometry_v15_20260930,4327fe4ece9317f6fd20fad18389a71e9b1f423b,32,0.7129962631479749,0.0032763713326070553,True,0.7122385382873863,4469.478559316202,4522.491162344107,10902.969942706188,14eeb703081df8250f25aa1cb40db63327adbc1eb7e032a329bc62baa80183c5,0,True,,968,204799,full_posterior,32,0.0017414591129050786,0.7126174007176808,128,test_prob_640,test_prob_640,2080,2,1.0003475061713778,1,0.13840654352332574,1.0,dynamics_h_0p005_stage_2,ok,e1bd5b82d8da839a2fc5ffa8fd46793eab0e499a09e69bcda3048c51750c1a05,deep_m0032_r2,validation_or_superseded
3,deep,final_geometry_v15_20260930,4327fe4ece9317f6fd20fad18389a71e9b1f423b,32,0.6679276680271066,0.0035294229534043237,True,0.6699992332644856,4248.859095935591,4340.1008557549685,10908.675261941475,14eeb703081df8250f25aa1cb40db63327adbc1eb7e032a329bc62baa80183c5,0,True,,694,204799,full_posterior,32,0.0019054953693064894,0.6689634506457963,128,test_prob_768,test_prob_768,2080,2,1.0007824356398276,1,0.14865056915287878,1.0,dynamics_h_0p005_stage_2,ok,e1bd5b82d8da839a2fc5ffa8fd46793eab0e499a09e69bcda3048c51750c1a05,deep_m0032_r2,validation_or_superseded
3,deep,final_geometry_v15_20260930,4327fe4ece9317f6fd20fad18389a71e9b1f423b,32,0.45618863489310413,0.00392209812998341,True,0.46104603986353454,4605.874717400925,4642.405020462682,11776.808117928196,14eeb703081df8250f25aa1cb40db63327adbc1eb7e032a329bc62baa80183c5,0,True,,836,204799,full_posterior,32,0.002042096801869167,0.4586173373783195,128,test_prob_896,test_prob_896,2080,2,1.0005688682953373,1,0.16447228424889845,1.0,dynamics_h_0p005_stage_2,ok,e1bd5b82d8da839a2fc5ffa8fd46793eab0e499a09e69bcda3048c51750c1a05,deep_m0032_r2,validation_or_superseded
3,deep,final_geometry_v15_20260930,4327fe4ece9317f6fd20fad18389a71e9b1f423b,32,-0.03526006644952451,0.01791829714730403,True,-0.05124182480355874,4098.992213437589,3926.6090047889506,5673.186638361576,14eeb703081df8250f25aa1cb40db63327adbc1eb7e032a329bc62baa80183c5,0,True,,432,204799,full_posterior,32,0.009611500461315627,-0.04325094562654165,128,interaction_0,interaction_0,2080,2,1.0009779206716878,1,0.6720722920651846,1.0,dynamics_h_0p005_stage_2,ok,e1bd5b82d8da839a2fc5ffa8fd46793eab0e499a09e69bcda3048c51750c1a05,deep_m0032_r2,validation_or_superseded
3,deep,final_geometry_v15_20260930,4327fe4ece9317f6fd20fad18389a71e9b1f423b,32,-0.05489657097272759,0.018961843933321374,True,-0.051960458880624213,3314.15704270926,3138.4141055792666,5078.47804235757,14eeb703081df8250f25aa1cb40db63327adbc1eb7e032a329bc62baa80183c5,0,True,,1170,204799,full_posterior,32,0.010171531737901364,-0.0534285149266759,128,interaction_1,interaction_1,2080,2,1.0011810067219444,1,0.695221601229548,1.0,dynamics_h_0p005_stage_2,ok,e1bd5b82d8da839a2fc5ffa8fd46793eab0e499a09e69bcda3048c51750c1a05,deep_m0032_r2,validation_or_superseded
3,deep,final_geometry_v15_20260930,4327fe4ece9317f6fd20fad18389a71e9b1f423b,32,-0.03874902396364093,0.01870649651757141,True,-0.055503692701843105,3621.314159825457,3582.0509447118393,5299.61712245771,14eeb703081df8250f25aa1cb40db63327adbc1eb7e032a329bc62baa80183c5,0,True,,782,204799,full_posterior,32,0.009881589083890694,-0.04712635833274201,128,interaction_2,interaction_2,2080,2,1.0016450361321105,1,0.692469852776877,1.0,dynamics_h_0p005_stage_2,ok,e1bd5b82d8da839a2fc5ffa8fd46793eab0e499a09e69bcda3048c51750c1a05,deep_m0032_r2,validation_or_superseded
3,deep,final_geometry_v15_20260930,4327fe4ece9317f6fd20fad18389a71e9b1f423b,32,-0.06021100720957361,0.018121021972758194,True,-0.017968719341438424,3793.1021313359493,3668.326866511903,5647.454955122836,14eeb703081df8250f25aa1cb40db63327adbc1eb7e032a329bc62baa80183c5,0,True,,528,204799,full_posterior,32,0.009550239570346284,-0.039089863275506016,128,interaction_3,interaction_3,2080,2,1.0019787634939232,1,0.6753173166471859,1.0,dynamics_h_0p005_stage_2,ok,e1bd5b82d8da839a2fc5ffa8fd46793eab0e499a09e69bcda3048c51750c1a05,deep_m0032_r2,validation_or_superseded
3,deep,final_geometry_v15_20260930,4327fe4ece9317f6fd20fad18389a71e9b1f423b,32,0.1715478542188295,0.03614488720075101,True,0.19842279856798037,1397.2948583634764,1382.5897621590223,3212.602184263486,14eeb703081df8250f25aa1cb40db63327adbc1eb7e032a329bc62baa80183c5,0,True,,2060,204799,full_posterior,32,0.020230691466523235,0.1849853263934049,128,q_A,q_A,2080,2,1.003916771445734,1,1.090894454059463,1.0,dynamics_h_0p005_stage_2,ok,e1bd5b82d8da839a2fc5ffa8fd46793eab0e499a09e69bcda3048c51750c1a05,deep_m0032_r2,validation_or_superseded
3,deep,final_geometry_v15_20260930,4327fe4ece9317f6fd20fad18389a71e9b1f423b,32,0.0722748091480506,0.031025395660142174,True,0.009658124385471083,1982.1797518088201,1977.5857351377767,3889.819248058227,14eeb703081df8250f25aa1cb40db63327adbc1eb7e032a329bc62baa80183c5,0,True,,1246,204799,full_posterior,32,0.016936093223632334,0.04096646676676085,128,q_W,q_W,2080,2,1.002375481612684,1,0.9936496673645789,1.0,dynamics_h_0p005_stage_2,ok,e1bd5b82d8da839a2fc5ffa8fd46793eab0e499a09e69bcda3048c51750c1a05,deep_m0032_r2,validation_or_superseded
3,deep,final_geometry_v15_20260930,4327fe4ece9317f6fd20fad18389a71e9b1f423b,32,1.199540786947225,0.007071354485116434,True,1.1889725179829786,3743.8309441104107,3724.078797555719,8871.255125207643,14eeb703081df8250f25aa1cb40db63327adbc1eb7e032a329bc62baa80183c5,0,True,,1062,204799,full_posterior,32,0.0037432752469662854,1.194256652465102,128,disp_A,disp_A,2080,2,1.000980274921976,1,0.27015651343670344,1.0,dynamics_h_0p005_stage_2,ok,e1bd5b82d8da839a2fc5ffa8fd46793eab0e499a09e69bcda3048c51750c1a05,deep_m0032_r2,validation_or_superseded
3,deep,final_geometry_v15_20260930,4327fe4ece9317f6fd20fad18389a71e9b1f423b,32,1.002354124818976,0.0011676339362604122,True,1.0020725554527525,3805.6841429630626,3782.9521046797054,8181.752093515369,14eeb703081df8250f25aa1cb40db63327adbc1eb7e032a329bc62baa80183c5,0,True,,1042,204799,full_posterior,32,0.0006146400049131327,1.002213340135864,128,disp_W1,disp_W1,2080,2,1.0003730739941201,1,0.044316807450498104,1.0,dynamics_h_0p005_stage_2,ok,e1bd5b82d8da839a2fc5ffa8fd46793eab0e499a09e69bcda3048c51750c1a05,deep_m0032_r2,validation_or_superseded
3,deep,final_geometry_v15_20260930,4327fe4ece9317f6fd20fad18389a71e9b1f423b,32,1.003752599604811,0.0011614165909316534,True,1.003877960487462,4175.010502759584,4175.306346332511,9113.973275211514,14eeb703081df8250f25aa1cb40db63327adbc1eb7e032a329bc62baa80183c5,0,True,,438,204799,full_posterior,32,0.0006093031598396308,1.0038152800461364,128,disp_W2,disp_W2,2080,2,1.0015003777762022,1,0.04432423417543791,1.0,dynamics_h_0p005_stage_2,ok,e1bd5b82d8da839a2fc5ffa8fd46793eab0e499a09e69bcda3048c51750c1a05,deep_m0032_r2,validation_or_superseded
3,deep,final_geometry_v15_20260930,4327fe4ece9317f6fd20fad18389a71e9b1f423b,32,70.37431335271404,0.13004794245009815,True,70.53263505080295,3309.256508180758,3298.9965885040156,8544.606645765027,74b1cdd48aebf572176c6ea81488a0174ce262b6e90b258c8a8cc0c89551cfa1,0,True,,518,102399,full_posterior,32,0.06901469937324188,70.45347420175852,128,V,V,2080,2,1.0008134165218208,1,4.594903693319069,1.0,dynamics_h_0p01_stage_2,ok,e1bd5b82d8da839a2fc5ffa8fd46793eab0e499a09e69bcda3048c51750c1a05,deep_m0032_r2,production_final
3,deep,final_geometry_v15_20260930,4327fe4ece9317f6fd20fad18389a71e9b1f423b,32,1116.618221836226,0.8986285731071594,True,1116.6800302090087,3594.021356220334,3588.5423492924665,8664.030491706624,74b1cdd48aebf572176c6ea81488a0174ce262b6e90b258c8a8cc0c89551cfa1,0,True,,502,102399,full_posterior,32,0.4682530385505579,1116.6491260226173,128,U,U,2080,2,1.0016684057288754,1,32.11776696009948,1.0,dynamics_h_0p01_stage_2,ok,e1bd5b82d8da839a2fc5ffa8fd46793eab0e499a09e69bcda3048c51750c1a05,deep_m0032_r2,production_final
3,deep,final_geometry_v15_20260930,4327fe4ece9317f6fd20fad18389a71e9b1f423b,32,-0.13487369312250944,0.013010047063271754,True,-0.13386408582702009,4326.512170993808,4338.234118125104,11151.342437694046,74b1cdd48aebf572176c6ea81488a0174ce262b6e90b258c8a8cc0c89551cfa1,0,True,,476,102399,full_posterior,32,0.006797204663137667,-0.1343688894747647,128,train_logit_0,train_logit_0,2080,2,1.000757640108009,1,0.5142684545141571,1.0,dynamics_h_0p01_stage_2,ok,e1bd5b82d8da839a2fc5ffa8fd46793eab0e499a09e69bcda3048c51750c1a05,deep_m0032_r2,production_final
3,deep,final_geometry_v15_20260930,4327fe4ece9317f6fd20fad18389a71e9b1f423b,32,0.26455652276735486,0.011943075954348964,True,0.2691540874795717,5021.068627451302,5018.030393108267,11960.030562682607,74b1cdd48aebf572176c6ea81488a0174ce262b6e90b258c8a8cc0c89551cfa1,0,True,,496,102399,full_posterior,32,0.006105052585285463,0.2668553051234633,128,train_logit_16,train_logit_16,2080,2,1.0006163683592517,1,0.4932429165142106,1.0,dynamics_h_0p01_stage_2,ok,e1bd5b82d8da839a2fc5ffa8fd46793eab0e499a09e69bcda3048c51750c1a05,deep_m0032_r2,production_final
3,deep,final_geometry_v15_20260930,4327fe4ece9317f6fd20fad18389a71e9b1f423b,32,-0.5109262124927099,0.011236195043890113,True,-0.5147133620784766,5421.44026172294,5429.099501679795,15183.780932077863,74b1cdd48aebf572176c6ea81488a0174ce262b6e90b258c8a8cc0c89551cfa1,0,True,,370,102399,full_posterior,32,0.005927104698713069,-0.5128197872855931,128,train_logit_32,train_logit_32,2080,2,1.0007257930211426,1,0.47987327256248835,1.0,dynamics_h_0p01_stage_2,ok,e1bd5b82d8da839a2fc5ffa8fd46793eab0e499a09e69bcda3048c51750c1a05,deep_m0032_r2,production_final
3,deep,final_geometry_v15_20260930,4327fe4ece9317f6fd20fad18389a71e9b1f423b,32,-0.887833228114918,0.012660383269168978,True,-0.8681458840355322,4798.139138443774,4802.500330365554,11845.015282488848,74b1cdd48aebf572176c6ea81488a0174ce262b6e90b258c8a8cc0c89551cfa1,0,True,,394,102399,full_posterior,32,0.006556628982996964,-0.8779895560752251,128,train_logit_48,train_logit_48,2080,2,1.0003458043718492,1,0.5051934111397567,1.0,dynamics_h_0p01_stage_2,ok,e1bd5b82d8da839a2fc5ffa8fd46793eab0e499a09e69bcda3048c51750c1a05,deep_m0032_r2,production_final
3,deep,final_geometry_v15_20260930,4327fe4ece9317f6fd20fad18389a71e9b1f423b,32,0.3076156583575231,0.012085588753672362,True,0.28173489597098755,4767.817414983065,4740.214835951317,12045.606377446244,74b1cdd48aebf572176c6ea81488a0174ce262b6e90b258c8a8cc0c89551cfa1,0,True,,564,102399,full_posterior,32,0.0062450332327710556,0.29467527716425534,128,train_logit_64,train_logit_64,2080,2,1.000784508359004,1,0.49195030047280236,1.0,dynamics_h_0p01_stage_2,ok,e1bd5b82d8da839a2fc5ffa8fd46793eab0e499a09e69bcda3048c51750c1a05,deep_m0032_r2,production_final
3,deep,final_geometry_v15_20260930,4327fe4ece9317f6fd20fad18389a71e9b1f423b,32,-0.5768043088405702,0.011645544656535,True,-0.5787009667326537,5411.809808624644,5408.579415983198,12940.666964656199,74b1cdd48aebf572176c6ea81488a0174ce262b6e90b258c8a8cc0c89551cfa1,0,True,,412,102399,full_posterior,32,0.0060737272504387185,-0.5777526377866119,128,train_logit_80,train_logit_80,2080,2,1.0006061688236483,1,0.48880265311672866,1.0,dynamics_h_0p01_stage_2,ok,e1bd5b82d8da839a2fc5ffa8fd46793eab0e499a09e69bcda3048c51750c1a05,deep_m0032_r2,production_final
3,deep,final_geometry_v15_20260930,4327fe4ece9317f6fd20fad18389a71e9b1f423b,32,-0.7490595603073286,0.012203666314764865,True,-0.7389676289185698,4785.078170727636,4769.932026974949,10748.010193193359,74b1cdd48aebf572176c6ea81488a0174ce262b6e90b258c8a8cc0c89551cfa1,0,True,,532,102399,full_posterior,32,0.006233399438759748,-0.744013594612949,128,train_logit_96,train_logit_96,2080,2,1.0014159222977679,1,0.49025046854462334,1.0,dynamics_h_0p01_stage_2,ok,e1bd5b82d8da839a2fc5ffa8fd46793eab0e499a09e69bcda3048c51750c1a05,deep_m0032_r2,production_final
3,deep,final_geometry_v15_20260930,4327fe4ece9317f6fd20fad18389a71e9b1f423b,32,0.7175967961042631,0.010906358768221451,True,0.7213464445306305,5381.572727091766,5401.161205253701,14458.439231781616,74b1cdd48aebf572176c6ea81488a0174ce262b6e90b258c8a8cc0c89551cfa1,0,True,,426,102399,full_posterior,32,0.005766506412439434,0.7194716203174467,128,train_logit_112,train_logit_112,2080,2,1.0009234090990389,1,0.47153362415587846,1.0,dynamics_h_0p01_stage_2,ok,e1bd5b82d8da839a2fc5ffa8fd46793eab0e499a09e69bcda3048c51750c1a05,deep_m0032_r2,production_final
3,deep,final_geometry_v15_20260930,4327fe4ece9317f6fd20fad18389a71e9b1f423b,32,0.44861912995959047,0.0040615467657739,True,0.45456283590315844,4766.665945784713,4774.115714538152,11129.10546336246,74b1cdd48aebf572176c6ea81488a0174ce262b6e90b258c8a8cc0c89551cfa1,0,True,,660,102399,full_posterior,32,0.002101197839251248,0.4515909829313744,128,test_prob_0,test_prob_0,2080,2,1.0014400657920586,1,0.16076756566048248,1.0,dynamics_h_0p01_stage_2,ok,e1bd5b82d8da839a2fc5ffa8fd46793eab0e499a09e69bcda3048c51750c1a05,deep_m0032_r2,production_final
3,deep,final_geometry_v15_20260930,4327fe4ece9317f6fd20fad18389a71e9b1f423b,32,0.42722956069830154,0.0039181960783982684,True,0.4286672698683176,4700.482072013336,4739.305539596763,11930.966204611403,74b1cdd48aebf572176c6ea81488a0174ce262b6e90b258c8a8cc0c89551cfa1,0,True,,428,102399,full_posterior,32,0.0020617632977334333,0.4279484152833095,128,test_prob_128,test_prob_128,2080,2,1.0005867370360464,1,0.15924982930499312,1.0,dynamics_h_0p01_stage_2,ok,e1bd5b82d8da839a2fc5ffa8fd46793eab0e499a09e69bcda3048c51750c1a05,deep_m0032_r2,production_final
3,deep,final_geometry_v15_20260930,4327fe4ece9317f6fd20fad18389a71e9b1f423b,32,0.7053502927287412,0.0035326773257556123,True,0.7033685546103764,4566.12038904845,4652.096891178826,12202.441358853963,74b1cdd48aebf572176c6ea81488a0174ce262b6e90b258c8a8cc0c89551cfa1,0,True,,478,102399,full_posterior,32,0.0018335380179103679,0.7043594236695586,128,test_prob_256,test_prob_256,2080,2,1.0009112555583122,1,0.13964491132396598,1.0,dynamics_h_0p01_stage_2,ok,e1bd5b82d8da839a2fc5ffa8fd46793eab0e499a09e69bcda3048c51750c1a05,deep_m0032_r2,production_final
3,deep,final_geometry_v15_20260930,4327fe4ece9317f6fd20fad18389a71e9b1f423b,32,0.7884121742815534,0.0027057285360172737,True,0.7868636893408792,4912.664329067333,5016.489149276208,12164.742622098287,74b1cdd48aebf572176c6ea81488a0174ce262b6e90b258c8a8cc0c89551cfa1,0,True,,404,102399,full_posterior,32,0.0014257632819244855,0.7876379318112167,128,test_prob_384,test_prob_384,2080,2,1.0007460459983313,1,0.1102448206549155,1.0,dynamics_h_0p01_stage_2,ok,e1bd5b82d8da839a2fc5ffa8fd46793eab0e499a09e69bcda3048c51750c1a05,deep_m0032_r2,production_final
3,deep,final_geometry_v15_20260930,4327fe4ece9317f6fd20fad18389a71e9b1f423b,32,0.38923742160193264,0.0038878864220843043,True,0.38682653343510975,3946.681948874626,3951.069765498214,11392.696803415196,74b1cdd48aebf572176c6ea81488a0174ce262b6e90b258c8a8cc0c89551cfa1,0,True,,944,102399,full_posterior,32,0.0020391662933887775,0.38803197751852125,128,test_prob_512,test_prob_512,2080,2,1.0015522989442713,1,0.15437844434734013,1.0,dynamics_h_0p01_stage_2,ok,e1bd5b82d8da839a2fc5ffa8fd46793eab0e499a09e69bcda3048c51750c1a05,deep_m0032_r2,production_final
3,deep,final_geometry_v15_20260930,4327fe4ece9317f6fd20fad18389a71e9b1f423b,32,0.7114686594424107,0.0033814235845765397,True,0.7052551389879851,4937.0134721887025,5070.439144084304,10797.407017904485,74b1cdd48aebf572176c6ea81488a0174ce262b6e90b258c8a8cc0c89551cfa1,0,True,,330,102399,full_posterior,32,0.001790989423927292,0.7083618992151979,128,test_prob_640,test_prob_640,2080,2,1.0006661365595633,1,0.13812478001816622,1.0,dynamics_h_0p01_stage_2,ok,e1bd5b82d8da839a2fc5ffa8fd46793eab0e499a09e69bcda3048c51750c1a05,deep_m0032_r2,production_final
3,deep,final_geometry_v15_20260930,4327fe4ece9317f6fd20fad18389a71e9b1f423b,32,0.6679721036506898,0.0036587554404139276,True,0.6664908486098109,5117.721830680531,5179.468348892577,12196.125227340346,74b1cdd48aebf572176c6ea81488a0174ce262b6e90b258c8a8cc0c89551cfa1,0,True,,260,102399,full_posterior,32,0.001882407142456771,0.6672314761302504,128,test_prob_768,test_prob_768,2080,2,1.0009728145958774,1,0.147639174569579,1.0,dynamics_h_0p01_stage_2,ok,e1bd5b82d8da839a2fc5ffa8fd46793eab0e499a09e69bcda3048c51750c1a05,deep_m0032_r2,production_final
3,deep,final_geometry_v15_20260930,4327fe4ece9317f6fd20fad18389a71e9b1f423b,32,0.45518769997672387,0.004249180746755145,True,0.45331987079302544,4541.977188647099,4550.9522734056345,11144.38337640286,74b1cdd48aebf572176c6ea81488a0174ce262b6e90b258c8a8cc0c89551cfa1,0,True,,266,102399,full_posterior,32,0.0022223447813976387,0.45425378538487476,128,test_prob_896,test_prob_896,2080,2,1.0011808582684985,1,0.16480748329589134,1.0,dynamics_h_0p01_stage_2,ok,e1bd5b82d8da839a2fc5ffa8fd46793eab0e499a09e69bcda3048c51750c1a05,deep_m0032_r2,production_final
3,deep,final_geometry_v15_20260930,4327fe4ece9317f6fd20fad18389a71e9b1f423b,32,-0.040304187462738644,0.0193907890773548,True,-0.07135223626086536,3628.232937965252,3537.041294419654,5887.065050594665,74b1cdd48aebf572176c6ea81488a0174ce262b6e90b258c8a8cc0c89551cfa1,0,True,,608,102399,full_posterior,32,0.010207568547750213,-0.055828211861802,128,interaction_0,interaction_0,2080,2,1.000724345143715,1,0.6775131751996105,1.0,dynamics_h_0p01_stage_2,ok,e1bd5b82d8da839a2fc5ffa8fd46793eab0e499a09e69bcda3048c51750c1a05,deep_m0032_r2,production_final
3,deep,final_geometry_v15_20260930,4327fe4ece9317f6fd20fad18389a71e9b1f423b,32,-0.01960346474454534,0.019867099924574437,True,-0.04449860320231942,3452.826668550931,3358.947711656316,5151.325903002132,74b1cdd48aebf572176c6ea81488a0174ce262b6e90b258c8a8cc0c89551cfa1,0,True,,416,102399,full_posterior,32,0.010510493632665442,-0.032051033973432376,128,interaction_1,interaction_1,2080,2,1.0015976367252384,1,0.6928116043495395,1.0,dynamics_h_0p01_stage_2,ok,e1bd5b82d8da839a2fc5ffa8fd46793eab0e499a09e69bcda3048c51750c1a05,deep_m0032_r2,production_final
3,deep,final_geometry_v15_20260930,4327fe4ece9317f6fd20fad18389a71e9b1f423b,32,-0.05063802374371185,0.019715831949975126,True,-0.0455189597415778,3640.4481603821896,3567.0653827547426,5713.049051912739,74b1cdd48aebf572176c6ea81488a0174ce262b6e90b258c8a8cc0c89551cfa1,0,True,,916,102399,full_posterior,32,0.010228953857719937,-0.04807849174264482,128,interaction_2,interaction_2,2080,2,1.0006086992436551,1,0.6884280456660168,1.0,dynamics_h_0p01_stage_2,ok,e1bd5b82d8da839a2fc5ffa8fd46793eab0e499a09e69bcda3048c51750c1a05,deep_m0032_r2,production_final
3,deep,final_geometry_v15_20260930,4327fe4ece9317f6fd20fad18389a71e9b1f423b,32,-0.029387012625486982,0.01950717318294413,True,-0.03381081579050323,3397.0920741626733,3214.943587488608,4999.588843670655,74b1cdd48aebf572176c6ea81488a0174ce262b6e90b258c8a8cc0c89551cfa1,0,True,,1032,102399,full_posterior,32,0.010311679563958507,-0.0315989142079951,128,interaction_3,interaction_3,2080,2,1.001193988919885,1,0.6793224838837957,1.0,dynamics_h_0p01_stage_2,ok,e1bd5b82d8da839a2fc5ffa8fd46793eab0e499a09e69bcda3048c51750c1a05,deep_m0032_r2,production_final
3,deep,final_geometry_v15_20260930,4327fe4ece9317f6fd20fad18389a71e9b1f423b,32,0.2124982867668266,0.0405741777971212,True,0.13365106792557652,1303.6880662058068,1294.0834167810447,3058.859123589909,74b1cdd48aebf572176c6ea81488a0174ce262b6e90b258c8a8cc0c89551cfa1,0,True,,700,102399,full_posterior,32,0.022363573549993316,0.1730746773462015,128,q_A,q_A,2080,2,1.0027947876699501,1,1.0864016976453397,1.0,dynamics_h_0p01_stage_2,ok,e1bd5b82d8da839a2fc5ffa8fd46793eab0e499a09e69bcda3048c51750c1a05,deep_m0032_r2,production_final
3,deep,final_geometry_v15_20260930,4327fe4ece9317f6fd20fad18389a71e9b1f423b,32,0.03294569954708901,0.034909015693800116,True,0.11608871143133975,2044.0546057734,2037.5737575315936,4406.191233174126,74b1cdd48aebf572176c6ea81488a0174ce262b6e90b258c8a8cc0c89551cfa1,0,True,,436,102399,full_posterior,32,0.018707099051570107,0.07451720548921438,128,q_W,q_W,2080,2,1.0018360260434944,1,1.0064801827336376,1.0,dynamics_h_0p01_stage_2,ok,e1bd5b82d8da839a2fc5ffa8fd46793eab0e499a09e69bcda3048c51750c1a05,deep_m0032_r2,production_final
3,deep,final_geometry_v15_20260930,4327fe4ece9317f6fd20fad18389a71e9b1f423b,32,1.1952971883154633,0.007908031009410961,True,1.189165033163569,3642.2720447820657,3614.5870982750644,7997.450179043845,74b1cdd48aebf572176c6ea81488a0174ce262b6e90b258c8a8cc0c89551cfa1,0,True,,300,102399,full_posterior,32,0.004129471614449955,1.1922311107395163,128,disp_A,disp_A,2080,2,1.0003092160913365,1,0.27321858344758027,1.0,dynamics_h_0p01_stage_2,ok,e1bd5b82d8da839a2fc5ffa8fd46793eab0e499a09e69bcda3048c51750c1a05,deep_m0032_r2,production_final
3,deep,final_geometry_v15_20260930,4327fe4ece9317f6fd20fad18389a71e9b1f423b,32,1.0015145159875884,0.0012220458219919838,True,1.0012063452265145,3738.75390383033,3739.4734172907088,8726.289764191419,74b1cdd48aebf572176c6ea81488a0174ce262b6e90b258c8a8cc0c89551cfa1,0,True,,560,102399,full_posterior,32,0.0006348204227733989,1.0013604306070516,128,disp_W1,disp_W1,2080,2,1.001424554132546,1,0.0439539319302103,1.0,dynamics_h_0p01_stage_2,ok,e1bd5b82d8da839a2fc5ffa8fd46793eab0e499a09e69bcda3048c51750c1a05,deep_m0032_r2,production_final
3,deep,final_geometry_v15_20260930,4327fe4ece9317f6fd20fad18389a71e9b1f423b,32,1.0045775806344122,0.0012461779707169046,True,1.0048888786554944,3620.4491870674046,3592.4196864769356,8784.532794854797,74b1cdd48aebf572176c6ea81488a0174ce262b6e90b258c8a8cc0c89551cfa1,0,True,,1458,102399,full_posterior,32,0.0006456477712354819,1.0047332296449536,128,disp_W2,disp_W2,2080,2,1.0020029520045373,1,0.04442213796416967,1.0,dynamics_h_0p01_stage_2,ok,e1bd5b82d8da839a2fc5ffa8fd46793eab0e499a09e69bcda3048c51750c1a05,deep_m0032_r2,production_final
3,deep,final_geometry_v15_20260930,4327fe4ece9317f6fd20fad18389a71e9b1f423b,32,70.19998825336693,0.13750522849934363,True,70.45841775323946,3450.073738158056,3441.947115707435,8639.04519791601,3b2e0f888c249b028eb58bd0127f54b8d9f202ba1cbeb1cf983ea7881bab56cf,0,True,,180,51199,full_posterior,32,0.07205256641070105,70.3292030033032,128,V,V,2080,2,1.0022507420048585,1,4.5977977861732,1.0,dynamics_h_0p02_stage_2,ok,e1bd5b82d8da839a2fc5ffa8fd46793eab0e499a09e69bcda3048c51750c1a05,deep_m0032_r2,validation_or_superseded
3,deep,final_geometry_v15_20260930,4327fe4ece9317f6fd20fad18389a71e9b1f423b,32,1116.3275581163055,0.8998054305888814,True,1117.7812311609443,4258.4479188123805,4259.761883997466,8843.334476969114,3b2e0f888c249b028eb58bd0127f54b8d9f202ba1cbeb1cf983ea7881bab56cf,0,True,,110,51199,full_posterior,32,0.4649365484419874,1117.0543946386251,128,U,U,2080,2,1.0004621400572529,1,31.903326732449038,1.0,dynamics_h_0p02_stage_2,ok,e1bd5b82d8da839a2fc5ffa8fd46793eab0e499a09e69bcda3048c51750c1a05,deep_m0032_r2,validation_or_superseded
3,deep,final_geometry_v15_20260930,4327fe4ece9317f6fd20fad18389a71e9b1f423b,32,-0.13333277141209396,0.013781115637998824,True,-0.14218907828881897,4460.520397809701,4457.028577572043,11224.845727032674,3b2e0f888c249b028eb58bd0127f54b8d9f202ba1cbeb1cf983ea7881bab56cf,0,True,,206,51199,full_posterior,32,0.007236364431973623,-0.13776092485045646,128,train_logit_0,train_logit_0,2080,2,1.0010429202289555,1,0.5175048691536366,1.0,dynamics_h_0p02_stage_2,ok,e1bd5b82d8da839a2fc5ffa8fd46793eab0e499a09e69bcda3048c51750c1a05,deep_m0032_r2,validation_or_superseded
3,deep,final_geometry_v15_20260930,4327fe4ece9317f6fd20fad18389a71e9b1f423b,32,0.28980384460661013,0.012520563817325315,True,0.2626284448312879,4810.798329744906,4815.445211888895,11005.716982055414,3b2e0f888c249b028eb58bd0127f54b8d9f202ba1cbeb1cf983ea7881bab56cf,0,True,,224,51199,full_posterior,32,0.006507801005524233,0.2762161447189489,128,train_logit_16,train_logit_16,2080,2,1.0021053037407606,1,0.49193219441409536,1.0,dynamics_h_0p02_stage_2,ok,e1bd5b82d8da839a2fc5ffa8fd46793eab0e499a09e69bcda3048c51750c1a05,deep_m0032_r2,validation_or_superseded
3,deep,final_geometry_v15_20260930,4327fe4ece9317f6fd20fad18389a71e9b1f423b,32,-0.5278263079168168,0.011646158408609246,True,-0.5316736641779981,5625.743722910513,5607.132084308871,14017.245407115452,3b2e0f888c249b028eb58bd0127f54b8d9f202ba1cbeb1cf983ea7881bab56cf,0,True,,192,51199,full_posterior,32,0.0060166487283804596,-0.5297499860474074,128,train_logit_32,train_logit_32,2080,2,1.0011308683498186,1,0.4766956757749316,1.0,dynamics_h_0p02_stage_2,ok,e1bd5b82d8da839a2fc5ffa8fd46793eab0e499a09e69bcda3048c51750c1a05,deep_m0032_r2,validation_or_superseded
3,deep,final_geometry_v15_20260930,4327fe4ece9317f6fd20fad18389a71e9b1f423b,32,-0.8876936564817847,0.01299246859791014,True,-0.8602468680148446,5024.260914877914,5008.732757190121,12168.248892252679,3b2e0f888c249b028eb58bd0127f54b8d9f202ba1cbeb1cf983ea7881bab56cf,0,True,,162,51199,full_posterior,32,0.0067729100618053335,-0.8739702622483146,128,train_logit_48,train_logit_48,2080,2,1.001296216251656,1,0.5017310504036083,1.0,dynamics_h_0p02_stage_2,ok,e1bd5b82d8da839a2fc5ffa8fd46793eab0e499a09e69bcda3048c51750c1a05,deep_m0032_r2,validation_or_superseded
3,deep,final_geometry_v15_20260930,4327fe4ece9317f6fd20fad18389a71e9b1f423b,32,0.30379851976824507,0.013047244597628072,True,0.27770619166139576,4886.168394300601,4890.525217005352,12550.40297553155,3b2e0f888c249b028eb58bd0127f54b8d9f202ba1cbeb1cf983ea7881bab56cf,0,True,,176,51199,full_posterior,32,0.006654654089889531,0.2907523557148204,128,train_logit_64,train_logit_64,2080,2,1.001177833766458,1,0.49928146215468633,1.0,dynamics_h_0p02_stage_2,ok,e1bd5b82d8da839a2fc5ffa8fd46793eab0e499a09e69bcda3048c51750c1a05,deep_m0032_r2,validation_or_superseded
3,deep,final_geometry_v15_20260930,4327fe4ece9317f6fd20fad18389a71e9b1f423b,32,-0.583528073564174,0.012001355512017413,True,-0.5742213323119255,5276.199416886655,5280.514820695183,12918.313453259754,3b2e0f888c249b028eb58bd0127f54b8d9f202ba1cbeb1cf983ea7881bab56cf,0,True,,188,51199,full_posterior,32,0.006163938163325083,-0.5788747029380499,128,train_logit_80,train_logit_80,2080,2,1.0002581779296875,1,0.4817356061829223,1.0,dynamics_h_0p02_stage_2,ok,e1bd5b82d8da839a2fc5ffa8fd46793eab0e499a09e69bcda3048c51750c1a05,deep_m0032_r2,validation_or_superseded
3,deep,final_geometry_v15_20260930,4327fe4ece9317f6fd20fad18389a71e9b1f423b,32,-0.7563226388997467,0.012484087875203193,True,-0.7471142939991027,4895.6653878263105,4869.98642217657,12431.467586347382,3b2e0f888c249b028eb58bd0127f54b8d9f202ba1cbeb1cf983ea7881bab56cf,0,True,,230,51199,full_posterior,32,0.00647735062073426,-0.7517184664494245,128,train_logit_96,train_logit_96,2080,2,1.0007424741358082,1,0.4904645886962329,1.0,dynamics_h_0p02_stage_2,ok,e1bd5b82d8da839a2fc5ffa8fd46793eab0e499a09e69bcda3048c51750c1a05,deep_m0032_r2,validation_or_superseded
3,deep,final_geometry_v15_20260930,4327fe4ece9317f6fd20fad18389a71e9b1f423b,32,0.723038224954241,0.011208469299196338,True,0.7245865210713831,5643.745364092264,5636.545500857094,14486.815263009805,3b2e0f888c249b028eb58bd0127f54b8d9f202ba1cbeb1cf983ea7881bab56cf,0,True,,224,51199,full_posterior,32,0.005752151422402959,0.723812373012812,128,train_logit_112,train_logit_112,2080,2,1.0002323406926463,1,0.46245746297356294,1.0,dynamics_h_0p02_stage_2,ok,e1bd5b82d8da839a2fc5ffa8fd46793eab0e499a09e69bcda3048c51750c1a05,deep_m0032_r2,validation_or_superseded
3,deep,final_geometry_v15_20260930,4327fe4ece9317f6fd20fad18389a71e9b1f423b,32,0.448400817372109,0.004158026571232174,True,0.4505676920878722,4768.643660224093,4722.402475786731,12302.476133958164,3b2e0f888c249b028eb58bd0127f54b8d9f202ba1cbeb1cf983ea7881bab56cf,0,True,,340,51199,full_posterior,32,0.0021783210074944677,0.44948425472999065,128,test_prob_0,test_prob_0,2080,2,1.001567527854297,1,0.1606049663214382,1.0,dynamics_h_0p02_stage_2,ok,e1bd5b82d8da839a2fc5ffa8fd46793eab0e499a09e69bcda3048c51750c1a05,deep_m0032_r2,validation_or_superseded
3,deep,final_geometry_v15_20260930,4327fe4ece9317f6fd20fad18389a71e9b1f423b,32,0.4314013442246381,0.0042773922383526775,True,0.4271409603230619,4583.165392869369,4606.318265551242,11821.110556424763,3b2e0f888c249b028eb58bd0127f54b8d9f202ba1cbeb1cf983ea7881bab56cf,0,True,,172,51199,full_posterior,32,0.0022143124128019445,0.4292711522738501,128,test_prob_128,test_prob_128,2080,2,1.0004903580556626,1,0.16255755029882885,1.0,dynamics_h_0p02_stage_2,ok,e1bd5b82d8da839a2fc5ffa8fd46793eab0e499a09e69bcda3048c51750c1a05,deep_m0032_r2,validation_or_superseded
3,deep,final_geometry_v15_20260930,4327fe4ece9317f6fd20fad18389a71e9b1f423b,32,0.7055592113180207,0.0037532603427450784,True,0.7074395376806086,4289.638045109831,4344.405503074732,10802.855697222889,3b2e0f888c249b028eb58bd0127f54b8d9f202ba1cbeb1cf983ea7881bab56cf,0,True,,232,51199,full_posterior,32,0.0019661794688550158,0.7064993744993144,128,test_prob_256,test_prob_256,2080,2,1.0018871443529775,1,0.14042603782921706,1.0,dynamics_h_0p02_stage_2,ok,e1bd5b82d8da839a2fc5ffa8fd46793eab0e499a09e69bcda3048c51750c1a05,deep_m0032_r2,validation_or_superseded
3,deep,final_geometry_v15_20260930,4327fe4ece9317f6fd20fad18389a71e9b1f423b,32,0.7906574851150999,0.0028198750850247116,True,0.7842518206349012,4704.779672985444,4797.024594219725,12465.708481489377,3b2e0f888c249b028eb58bd0127f54b8d9f202ba1cbeb1cf983ea7881bab56cf,0,True,,242,51199,full_posterior,32,0.001472193212709289,0.7874546528750008,128,test_prob_384,test_prob_384,2080,2,1.0013549505984085,1,0.10997373061315716,1.0,dynamics_h_0p02_stage_2,ok,e1bd5b82d8da839a2fc5ffa8fd46793eab0e499a09e69bcda3048c51750c1a05,deep_m0032_r2,validation_or_superseded
3,deep,final_geometry_v15_20260930,4327fe4ece9317f6fd20fad18389a71e9b1f423b,32,0.38868687042294214,0.003917615976871237,True,0.38840232091251875,4655.875663295762,4667.34481688571,11014.729821994424,3b2e0f888c249b028eb58bd0127f54b8d9f202ba1cbeb1cf983ea7881bab56cf,0,True,,186,51199,full_posterior,32,0.0020366824053448473,0.3885445956677306,128,test_prob_512,test_prob_512,2080,2,1.0006353576247036,1,0.15200919636154472,1.0,dynamics_h_0p02_stage_2,ok,e1bd5b82d8da839a2fc5ffa8fd46793eab0e499a09e69bcda3048c51750c1a05,deep_m0032_r2,validation_or_superseded
3,deep,final_geometry_v15_20260930,4327fe4ece9317f6fd20fad18389a71e9b1f423b,32,0.7107351058650293,0.003588918975799588,True,0.7029755812684306,4745.10838813463,4803.712799325319,10594.209156931227,3b2e0f888c249b028eb58bd0127f54b8d9f202ba1cbeb1cf983ea7881bab56cf,0,True,,180,51199,full_posterior,32,0.0019061785061753392,0.7068553435667301,128,test_prob_640,test_prob_640,2080,2,1.0011810889654273,1,0.13935006069176092,1.0,dynamics_h_0p02_stage_2,ok,e1bd5b82d8da839a2fc5ffa8fd46793eab0e499a09e69bcda3048c51750c1a05,deep_m0032_r2,validation_or_superseded
3,deep,final_geometry_v15_20260930,4327fe4ece9317f6fd20fad18389a71e9b1f423b,32,0.6701573846093837,0.003884587608154117,True,0.6706653672726312,4534.615289184505,4654.485918874882,10779.878732456278,3b2e0f888c249b028eb58bd0127f54b8d9f202ba1cbeb1cf983ea7881bab56cf,0,True,,176,51199,full_posterior,32,0.0020231426645732145,0.6704113759410073,128,test_prob_768,test_prob_768,2080,2,1.0007697418317005,1,0.147607839013877,1.0,dynamics_h_0p02_stage_2,ok,e1bd5b82d8da839a2fc5ffa8fd46793eab0e499a09e69bcda3048c51750c1a05,deep_m0032_r2,validation_or_superseded
3,deep,final_geometry_v15_20260930,4327fe4ece9317f6fd20fad18389a71e9b1f423b,32,0.45609730529704506,0.004304566994598255,True,0.455357384437564,4500.702990368296,4511.07782988831,11057.602714053335,3b2e0f888c249b028eb58bd0127f54b8d9f202ba1cbeb1cf983ea7881bab56cf,0,True,,206,51199,full_posterior,32,0.002234622140060149,0.45572734486730454,128,test_prob_896,test_prob_896,2080,2,1.0004246659630287,1,0.16268527694413604,1.0,dynamics_h_0p02_stage_2,ok,e1bd5b82d8da839a2fc5ffa8fd46793eab0e499a09e69bcda3048c51750c1a05,deep_m0032_r2,validation_or_superseded
3,deep,final_geometry_v15_20260930,4327fe4ece9317f6fd20fad18389a71e9b1f423b,32,-0.04447362812018578,0.020158878363017906,True,-0.06441457036896822,3882.8402030948696,3731.6929813023066,5592.580368137788,3b2e0f888c249b028eb58bd0127f54b8d9f202ba1cbeb1cf983ea7881bab56cf,0,True,,142,51199,full_posterior,32,0.010553718168018146,-0.054444099244577,128,interaction_0,interaction_0,2080,2,1.0016517877570517,1,0.6816117514182115,1.0,dynamics_h_0p02_stage_2,ok,e1bd5b82d8da839a2fc5ffa8fd46793eab0e499a09e69bcda3048c51750c1a05,deep_m0032_r2,validation_or_superseded
3,deep,final_geometry_v15_20260930,4327fe4ece9317f6fd20fad18389a71e9b1f423b,32,-0.038065527691242516,0.02123561501204716,True,-0.052670832806129074,3645.72188370506,3517.501787585869,5041.579916926101,3b2e0f888c249b028eb58bd0127f54b8d9f202ba1cbeb1cf983ea7881bab56cf,0,True,,170,51199,full_posterior,32,0.011061419690893066,-0.045368180248685795,128,interaction_1,interaction_1,2080,2,1.0011965410487484,1,0.6920458661329023,1.0,dynamics_h_0p02_stage_2,ok,e1bd5b82d8da839a2fc5ffa8fd46793eab0e499a09e69bcda3048c51750c1a05,deep_m0032_r2,validation_or_superseded
3,deep,final_geometry_v15_20260930,4327fe4ece9317f6fd20fad18389a71e9b1f423b,32,-0.06100454889167138,0.0203303089651313,True,-0.050810740439118776,3708.3266654833856,3502.8219310637105,4410.022450644329,3b2e0f888c249b028eb58bd0127f54b8d9f202ba1cbeb1cf983ea7881bab56cf,0,True,,258,51199,full_posterior,32,0.010352646304863978,-0.05590764466539508,128,interaction_2,interaction_2,2080,2,1.001111304616463,1,0.6719626864786561,1.0,dynamics_h_0p02_stage_2,ok,e1bd5b82d8da839a2fc5ffa8fd46793eab0e499a09e69bcda3048c51750c1a05,deep_m0032_r2,validation_or_superseded
3,deep,final_geometry_v15_20260930,4327fe4ece9317f6fd20fad18389a71e9b1f423b,32,-0.058796509530253234,0.020569303774313125,True,-0.043262814943574125,3875.087306170717,3693.5689946175953,5466.182173474983,3b2e0f888c249b028eb58bd0127f54b8d9f202ba1cbeb1cf983ea7881bab56cf,0,True,,128,51199,full_posterior,32,0.01042740965579668,-0.05102966223691368,128,interaction_3,interaction_3,2080,2,1.001150851383753,1,0.6816358925801803,1.0,dynamics_h_0p02_stage_2,ok,e1bd5b82d8da839a2fc5ffa8fd46793eab0e499a09e69bcda3048c51750c1a05,deep_m0032_r2,validation_or_superseded
3,deep,final_geometry_v15_20260930,4327fe4ece9317f6fd20fad18389a71e9b1f423b,32,0.19209680379611294,0.04505925035973313,True,0.09911219431811187,1228.9699089949918,1224.681949440083,2844.1200407982387,3b2e0f888c249b028eb58bd0127f54b8d9f202ba1cbeb1cf983ea7881bab56cf,0,True,,1034,51199,full_posterior,32,0.024482014042869097,0.1456044990571124,128,q_A,q_A,2080,2,1.003613231609363,1,1.089368354921755,1.0,dynamics_h_0p02_stage_2,ok,e1bd5b82d8da839a2fc5ffa8fd46793eab0e499a09e69bcda3048c51750c1a05,deep_m0032_r2,validation_or_superseded
3,deep,final_geometry_v15_20260930,4327fe4ece9317f6fd20fad18389a71e9b1f423b,32,0.051015840521609145,0.0374187192052453,True,0.040247462076680535,1922.9120619403216,1918.1214865727902,4092.118542995993,3b2e0f888c249b028eb58bd0127f54b8d9f202ba1cbeb1cf983ea7881bab56cf,0,True,,230,51199,full_posterior,32,0.020163239957077216,0.04563165129914484,128,q_W,q_W,2080,2,1.0034906570077513,1,1.002823447364926,1.0,dynamics_h_0p02_stage_2,ok,e1bd5b82d8da839a2fc5ffa8fd46793eab0e499a09e69bcda3048c51750c1a05,deep_m0032_r2,validation_or_superseded
3,deep,final_geometry_v15_20260930,4327fe4ece9317f6fd20fad18389a71e9b1f423b,32,1.2007624759618347,0.007950388160186677,True,1.1984293146689087,3790.193767642687,3758.4711457433427,8373.594400843156,3b2e0f888c249b028eb58bd0127f54b8d9f202ba1cbeb1cf983ea7881bab56cf,0,True,,242,51199,full_posterior,32,0.004180322943817723,1.1995958953153716,128,disp_A,disp_A,2080,2,1.0013340918166036,1,0.27292900846603774,1.0,dynamics_h_0p02_stage_2,ok,e1bd5b82d8da839a2fc5ffa8fd46793eab0e499a09e69bcda3048c51750c1a05,deep_m0032_r2,validation_or_superseded
3,deep,final_geometry_v15_20260930,4327fe4ece9317f6fd20fad18389a71e9b1f423b,32,1.0029395129149687,0.0012435237986171417,True,1.0030890925952456,4163.104285482647,4155.465537650532,9168.385489974184,3b2e0f888c249b028eb58bd0127f54b8d9f202ba1cbeb1cf983ea7881bab56cf,0,True,,176,51199,full_posterior,32,0.000654063801691692,1.0030143027551075,128,disp_W1,disp_W1,2080,2,1.0012795721405217,1,0.04389514222676103,1.0,dynamics_h_0p02_stage_2,ok,e1bd5b82d8da839a2fc5ffa8fd46793eab0e499a09e69bcda3048c51750c1a05,deep_m0032_r2,validation_or_superseded
3,deep,final_geometry_v15_20260930,4327fe4ece9317f6fd20fad18389a71e9b1f423b,32,1.0027545695997755,0.0012506273771911306,True,1.0050123612582749,4158.015196614203,4145.8655184055415,8912.372736026155,3b2e0f888c249b028eb58bd0127f54b8d9f202ba1cbeb1cf983ea7881bab56cf,0,True,,144,51199,full_posterior,32,0.0006477728500020362,1.003883465429025,128,disp_W2,disp_W2,2080,2,1.0023725986978127,1,0.04433787781190121,1.0,dynamics_h_0p02_stage_2,ok,e1bd5b82d8da839a2fc5ffa8fd46793eab0e499a09e69bcda3048c51750c1a05,deep_m0032_r2,validation_or_superseded
3,deep,final_geometry_v15_20260930,4327fe4ece9317f6fd20fad18389a71e9b1f423b,32,74.56189458338258,0.10146833645886155,True,74.72982713776477,4388.365688104096,4392.272892802914,10974.577471012972,c425740c6ef89fbc802305187be5ae316069b92195e81914fc19cdaa54d3b35f,0,True,,432,102399,full_posterior,64,0.05321564389825151,74.6458608605737,128,V,V,6208,0,1.001002248944251,1,3.935389807427444,1.0,dynamics_h_0p01_stage_2,ok,981c8c16f8288893162866a44dc7f238a562d94baba61c4736c9e2c0a9aaafac,deep_m0064_r0,production_final
3,deep,final_geometry_v15_20260930,4327fe4ece9317f6fd20fad18389a71e9b1f423b,32,3182.4285818825088,1.5461658875723823,True,3182.3829106656076,4121.707040014208,4110.531560836965,8834.535891750493,c425740c6ef89fbc802305187be5ae316069b92195e81914fc19cdaa54d3b35f,0,True,,256,102399,full_posterior,64,0.8022478806781144,3182.405746274058,128,U,U,6208,0,1.0015127771857575,1,55.66182257980979,1.0,dynamics_h_0p01_stage_2,ok,981c8c16f8288893162866a44dc7f238a562d94baba61c4736c9e2c0a9aaafac,deep_m0064_r0,production_final
3,deep,final_geometry_v15_20260930,4327fe4ece9317f6fd20fad18389a71e9b1f423b,32,0.8652023077168813,0.01050632137664098,True,0.8642608331668895,5318.109924621156,5296.418741073429,14549.629778888226,c425740c6ef89fbc802305187be5ae316069b92195e81914fc19cdaa54d3b35f,0,True,,648,102399,full_posterior,64,0.00556358375075204,0.8647315704418852,128,train_logit_0,train_logit_0,6208,0,1.0014058277012399,1,0.45517336362241884,1.0,dynamics_h_0p01_stage_2,ok,981c8c16f8288893162866a44dc7f238a562d94baba61c4736c9e2c0a9aaafac,deep_m0064_r0,production_final
3,deep,final_geometry_v15_20260930,4327fe4ece9317f6fd20fad18389a71e9b1f423b,32,-0.010428824142495857,0.010162859753667089,True,-0.014615276746856866,6549.736919359195,6524.149543525767,15461.423304314914,c425740c6ef89fbc802305187be5ae316069b92195e81914fc19cdaa54d3b35f,0,True,,388,102399,full_posterior,64,0.005262201940655885,-0.012522050444676363,128,train_logit_16,train_logit_16,6208,0,1.0005088600546277,1,0.4550970513958447,1.0,dynamics_h_0p01_stage_2,ok,981c8c16f8288893162866a44dc7f238a562d94baba61c4736c9e2c0a9aaafac,deep_m0064_r0,production_final
3,deep,final_geometry_v15_20260930,4327fe4ece9317f6fd20fad18389a71e9b1f423b,32,0.41435641693415254,0.0108429868238037,True,0.4254440412661004,5890.862089134318,5890.518259940505,14246.866078108222,c425740c6ef89fbc802305187be5ae316069b92195e81914fc19cdaa54d3b35f,0,True,,306,102399,full_posterior,64,0.0055558495314148955,0.41990022910012664,128,train_logit_32,train_logit_32,6208,0,1.0007997435599467,1,0.4644917592478892,1.0,dynamics_h_0p01_stage_2,ok,981c8c16f8288893162866a44dc7f238a562d94baba61c4736c9e2c0a9aaafac,deep_m0064_r0,production_final
3,deep,final_geometry_v15_20260930,4327fe4ece9317f6fd20fad18389a71e9b1f423b,32,0.3595080354957871,0.010871061802285604,True,0.36272350898294214,5844.709328962735,5833.290063984166,13330.005788576158,c425740c6ef89fbc802305187be5ae316069b92195e81914fc19cdaa54d3b35f,0,True,,294,102399,full_posterior,64,0.005667706558291021,0.36111577223936464,128,train_logit_48,train_logit_48,6208,0,1.0007815584544786,1,0.46537544233996325,1.0,dynamics_h_0p01_stage_2,ok,981c8c16f8288893162866a44dc7f238a562d94baba61c4736c9e2c0a9aaafac,deep_m0064_r0,production_final
3,deep,final_geometry_v15_20260930,4327fe4ece9317f6fd20fad18389a71e9b1f423b,32,0.586910411694502,0.010470839041124922,True,0.572087453590473,6169.723361225649,6145.355284031016,15739.866503295383,c425740c6ef89fbc802305187be5ae316069b92195e81914fc19cdaa54d3b35f,0,True,,306,102399,full_posterior,64,0.005378996610589137,0.5794989326424874,128,train_logit_64,train_logit_64,6208,0,1.0012907643750413,1,0.45738485434513704,1.0,dynamics_h_0p01_stage_2,ok,981c8c16f8288893162866a44dc7f238a562d94baba61c4736c9e2c0a9aaafac,deep_m0064_r0,production_final
3,deep,final_geometry_v15_20260930,4327fe4ece9317f6fd20fad18389a71e9b1f423b,32,-0.7187274361794406,0.01081886928217371,True,-0.7043190920222784,5914.676782489761,5900.783581251561,14560.133277707315,c425740c6ef89fbc802305187be5ae316069b92195e81914fc19cdaa54d3b35f,0,True,,372,102399,full_posterior,64,0.005513796551562084,-0.7115232641008595,128,train_logit_80,train_logit_80,6208,0,1.000935809002397,1,0.46186639819806474,1.0,dynamics_h_0p01_stage_2,ok,981c8c16f8288893162866a44dc7f238a562d94baba61c4736c9e2c0a9aaafac,deep_m0064_r0,production_final
3,deep,final_geometry_v15_20260930,4327fe4ece9317f6fd20fad18389a71e9b1f423b,32,0.5483701102292353,0.010695776282978294,True,0.5485940355389478,5985.139449369157,5975.209438674224,13554.105022361819,c425740c6ef89fbc802305187be5ae316069b92195e81914fc19cdaa54d3b35f,0,True,,272,102399,full_posterior,64,0.0056184912224502195,0.5484820728840917,128,train_logit_96,train_logit_96,6208,0,1.000507602761697,1,0.4622505232936137,1.0,dynamics_h_0p01_stage_2,ok,981c8c16f8288893162866a44dc7f238a562d94baba61c4736c9e2c0a9aaafac,deep_m0064_r0,production_final
3,deep,final_geometry_v15_20260930,4327fe4ece9317f6fd20fad18389a71e9b1f423b,32,0.25399595120940643,0.010323543352235792,True,0.2307247759780922,6085.613918630557,6093.640901373692,15377.749450531079,c425740c6ef89fbc802305187be5ae316069b92195e81914fc19cdaa54d3b35f,0,True,,270,102399,full_posterior,64,0.005426939466670625,0.24236036359374924,128,train_logit_112,train_logit_112,6208,0,1.000889750197832,1,0.4531376441408535,1.0,dynamics_h_0p01_stage_2,ok,981c8c16f8288893162866a44dc7f238a562d94baba61c4736c9e2c0a9aaafac,deep_m0064_r0,production_final
3,deep,final_geometry_v15_20260930,4327fe4ece9317f6fd20fad18389a71e9b1f423b,32,0.493095968708151,0.0037537561574934163,True,0.4976155915915973,5376.813286284245,5400.872757664079,13605.78295754867,c425740c6ef89fbc802305187be5ae316069b92195e81914fc19cdaa54d3b35f,0,True,,470,102399,full_posterior,64,0.0019232868524424497,0.4953557801498741,128,test_prob_0,test_prob_0,6208,0,1.000556806143982,1,0.15511399416134752,1.0,dynamics_h_0p01_stage_2,ok,981c8c16f8288893162866a44dc7f238a562d94baba61c4736c9e2c0a9aaafac,deep_m0064_r0,production_final
3,deep,final_geometry_v15_20260930,4327fe4ece9317f6fd20fad18389a71e9b1f423b,32,0.6157843201381552,0.00367414304231534,True,0.6098928350202748,5317.709691750281,5413.339605293386,12194.268226779255,c425740c6ef89fbc802305187be5ae316069b92195e81914fc19cdaa54d3b35f,0,True,,370,102399,full_posterior,64,0.0019053501997928698,0.612838577579215,128,test_prob_128,test_prob_128,6208,0,1.0006455431934815,1,0.1511569888115449,1.0,dynamics_h_0p01_stage_2,ok,981c8c16f8288893162866a44dc7f238a562d94baba61c4736c9e2c0a9aaafac,deep_m0064_r0,production_final
3,deep,final_geometry_v15_20260930,4327fe4ece9317f6fd20fad18389a71e9b1f423b,32,0.6402966481381307,0.003390533652349144,True,0.6448582933864644,4983.546712378662,5148.582886396407,12882.339186564503,c425740c6ef89fbc802305187be5ae316069b92195e81914fc19cdaa54d3b35f,0,True,,548,102399,full_posterior,64,0.0017429917735498092,0.6425774707622977,128,test_prob_256,test_prob_256,6208,0,1.001630544464617,1,0.14250941158777783,1.0,dynamics_h_0p01_stage_2,ok,981c8c16f8288893162866a44dc7f238a562d94baba61c4736c9e2c0a9aaafac,deep_m0064_r0,production_final
3,deep,final_geometry_v15_20260930,4327fe4ece9317f6fd20fad18389a71e9b1f423b,32,0.33796865771468776,0.00335020620451213,True,0.3368619858962192,5117.583192435616,5139.031230421087,13189.572140001177,c425740c6ef89fbc802305187be5ae316069b92195e81914fc19cdaa54d3b35f,0,True,,508,102399,full_posterior,64,0.0017574787553360706,0.3374153218054534,128,test_prob_384,test_prob_384,6208,0,1.0008094558963967,1,0.14035948057889505,1.0,dynamics_h_0p01_stage_2,ok,981c8c16f8288893162866a44dc7f238a562d94baba61c4736c9e2c0a9aaafac,deep_m0064_r0,production_final
3,deep,final_geometry_v15_20260930,4327fe4ece9317f6fd20fad18389a71e9b1f423b,32,0.5953696726064233,0.003600969569444407,True,0.6011311458313304,5418.4725525144195,5465.999845381236,13014.347029528253,c425740c6ef89fbc802305187be5ae316069b92195e81914fc19cdaa54d3b35f,0,True,,258,102399,full_posterior,64,0.0018463962723683993,0.5982504092188768,128,test_prob_512,test_prob_512,6208,0,1.0010138523431755,1,0.1502562538613723,1.0,dynamics_h_0p01_stage_2,ok,981c8c16f8288893162866a44dc7f238a562d94baba61c4736c9e2c0a9aaafac,deep_m0064_r0,production_final
3,deep,final_geometry_v15_20260930,4327fe4ece9317f6fd20fad18389a71e9b1f423b,32,0.3810974005101031,0.0034704014417119462,True,0.37706682228618144,5736.385971986795,5797.189806634824,13302.841869280868,c425740c6ef89fbc802305187be5ae316069b92195e81914fc19cdaa54d3b35f,0,True,,226,102399,full_posterior,64,0.001773147759692734,0.37908211139814235,128,test_prob_640,test_prob_640,6208,0,1.0004528239657837,1,0.14607827240789642,1.0,dynamics_h_0p01_stage_2,ok,981c8c16f8288893162866a44dc7f238a562d94baba61c4736c9e2c0a9aaafac,deep_m0064_r0,production_final
3,deep,final_geometry_v15_20260930,4327fe4ece9317f6fd20fad18389a71e9b1f423b,32,0.5215684020009124,0.003656881769899942,True,0.5202739522509128,5796.077531768725,5842.525972913926,13149.974664812567,c425740c6ef89fbc802305187be5ae316069b92195e81914fc19cdaa54d3b35f,0,True,,282,102399,full_posterior,64,0.0018724587753491547,0.5209211771259128,128,test_prob_768,test_prob_768,6208,0,1.0004819117045187,1,0.15464586428983865,1.0,dynamics_h_0p01_stage_2,ok,981c8c16f8288893162866a44dc7f238a562d94baba61c4736c9e2c0a9aaafac,deep_m0064_r0,production_final
3,deep,final_geometry_v15_20260930,4327fe4ece9317f6fd20fad18389a71e9b1f423b,32,0.5116910425309805,0.003696086577515096,True,0.5157898721667484,5303.581407910969,5352.825415692583,13594.909699792153,c425740c6ef89fbc802305187be5ae316069b92195e81914fc19cdaa54d3b35f,0,True,,648,102399,full_posterior,64,0.0019517569077871515,0.5137404573488646,128,test_prob_896,test_prob_896,6208,0,1.0010645786272856,1,0.15608550290163956,1.0,dynamics_h_0p01_stage_2,ok,981c8c16f8288893162866a44dc7f238a562d94baba61c4736c9e2c0a9aaafac,deep_m0064_r0,production_final
3,deep,final_geometry_v15_20260930,4327fe4ece9317f6fd20fad18389a71e9b1f423b,32,0.040097000810000595,0.017410578124288135,True,0.03157977145083975,4342.929062493756,4180.449403310498,6080.956074585042,c425740c6ef89fbc802305187be5ae316069b92195e81914fc19cdaa54d3b35f,0,True,,322,102399,full_posterior,64,0.009103018284398882,0.03583838613042018,128,interaction_0,interaction_0,6208,0,1.0014782166525102,1,0.6383505180614597,1.0,dynamics_h_0p01_stage_2,ok,981c8c16f8288893162866a44dc7f238a562d94baba61c4736c9e2c0a9aaafac,deep_m0064_r0,production_final
3,deep,final_geometry_v15_20260930,4327fe4ece9317f6fd20fad18389a71e9b1f423b,32,0.025408192595486778,0.018043167907891147,True,0.023453840295248062,3856.1096495803736,3687.213905072942,5905.0762610931,c425740c6ef89fbc802305187be5ae316069b92195e81914fc19cdaa54d3b35f,0,True,,486,102399,full_posterior,64,0.009465375151392173,0.02443101644536741,128,interaction_1,interaction_1,6208,0,1.0009959223747629,1,0.6487196624010662,1.0,dynamics_h_0p01_stage_2,ok,981c8c16f8288893162866a44dc7f238a562d94baba61c4736c9e2c0a9aaafac,deep_m0064_r0,production_final
3,deep,final_geometry_v15_20260930,4327fe4ece9317f6fd20fad18389a71e9b1f423b,32,0.04561271913632587,0.01889987514859085,True,0.05416427900310138,4079.35703938853,3930.849536074959,6265.209875764369,c425740c6ef89fbc802305187be5ae316069b92195e81914fc19cdaa54d3b35f,0,True,,224,102399,full_posterior,64,0.009697507520224661,0.04988849906971362,128,interaction_2,interaction_2,6208,0,1.0014870295187979,1,0.6625918704595928,1.0,dynamics_h_0p01_stage_2,ok,981c8c16f8288893162866a44dc7f238a562d94baba61c4736c9e2c0a9aaafac,deep_m0064_r0,production_final
3,deep,final_geometry_v15_20260930,4327fe4ece9317f6fd20fad18389a71e9b1f423b,32,0.008931076157150657,0.017603280739682016,True,0.05969565377972625,3693.327564802784,3585.6450407111415,5425.879827961652,c425740c6ef89fbc802305187be5ae316069b92195e81914fc19cdaa54d3b35f,0,True,,634,102399,full_posterior,64,0.009213178114973544,0.03431336496843846,128,interaction_3,interaction_3,6208,0,1.001653699900818,1,0.6313236009565132,1.0,dynamics_h_0p01_stage_2,ok,981c8c16f8288893162866a44dc7f238a562d94baba61c4736c9e2c0a9aaafac,deep_m0064_r0,production_final
3,deep,final_geometry_v15_20260930,4327fe4ece9317f6fd20fad18389a71e9b1f423b,32,0.06928183650034883,0.03619704291910135,True,0.04813691804001456,1651.4640944253595,1658.06987166139,3640.616340639667,c425740c6ef89fbc802305187be5ae316069b92195e81914fc19cdaa54d3b35f,0,True,,1298,102399,full_posterior,64,0.019532801663972255,0.0587093772701817,128,q_A,q_A,6208,0,1.0009154636142645,1,1.0230772507986332,1.0,dynamics_h_0p01_stage_2,ok,981c8c16f8288893162866a44dc7f238a562d94baba61c4736c9e2c0a9aaafac,deep_m0064_r0,production_final
3,deep,final_geometry_v15_20260930,4327fe4ece9317f6fd20fad18389a71e9b1f423b,32,-0.028776692862021926,0.034246026428558396,True,0.0024441518122305574,2126.482556358778,2114.879866308249,3814.117650793777,c425740c6ef89fbc802305187be5ae316069b92195e81914fc19cdaa54d3b35f,0,True,,414,102399,full_posterior,64,0.01850147752915938,-0.01316627052489568,128,q_W,q_W,6208,0,1.001407376050879,1,0.9984017843463326,1.0,dynamics_h_0p01_stage_2,ok,981c8c16f8288893162866a44dc7f238a562d94baba61c4736c9e2c0a9aaafac,deep_m0064_r0,production_final
3,deep,final_geometry_v15_20260930,4327fe4ece9317f6fd20fad18389a71e9b1f423b,32,1.0743629881442887,0.0050030250251282375,True,1.0670500772535256,3880.8064184533296,3889.9473888110683,9053.96382311147,c425740c6ef89fbc802305187be5ae316069b92195e81914fc19cdaa54d3b35f,0,True,,306,102399,full_posterior,64,0.0026374740244632018,1.0707065326989071,128,disp_A,disp_A,6208,0,1.000823550364523,1,0.18005812913861713,1.0,dynamics_h_0p01_stage_2,ok,981c8c16f8288893162866a44dc7f238a562d94baba61c4736c9e2c0a9aaafac,deep_m0064_r0,production_final
3,deep,final_geometry_v15_20260930,4327fe4ece9317f6fd20fad18389a71e9b1f423b,32,1.0004679408415336,0.0008830546032792238,True,1.000610316614229,4075.1485049368835,4068.636045026275,8385.195539115524,c425740c6ef89fbc802305187be5ae316069b92195e81914fc19cdaa54d3b35f,0,True,,234,102399,full_posterior,64,0.00045904245442038506,1.0005391287278815,128,disp_W1,disp_W1,6208,0,1.000947579709576,1,0.031408589480309286,1.0,dynamics_h_0p01_stage_2,ok,981c8c16f8288893162866a44dc7f238a562d94baba61c4736c9e2c0a9aaafac,deep_m0064_r0,production_final
3,deep,final_geometry_v15_20260930,4327fe4ece9317f6fd20fad18389a71e9b1f423b,32,1.000492138797255,0.0006100085777433672,True,1.0004309164271283,3983.982974355812,3976.927842026813,8152.000004224235,c425740c6ef89fbc802305187be5ae316069b92195e81914fc19cdaa54d3b35f,0,True,,306,102399,full_posterior,64,0.0003175403788403393,1.000461527612192,128,disp_W2,disp_W2,6208,0,1.000772852187165,1,0.02199426652964525,1.0,dynamics_h_0p01_stage_2,ok,981c8c16f8288893162866a44dc7f238a562d94baba61c4736c9e2c0a9aaafac,deep_m0064_r0,production_final
3,deep,final_geometry_v15_20260930,4327fe4ece9317f6fd20fad18389a71e9b1f423b,32,74.58309727548964,0.10396740713993005,True,74.62955392628918,4610.0885066202045,4611.6273451970765,11675.89333088606,87bd2e7a5e38746866db282febb4d8513a499c33b31084950053a42f895546c0,0,True,,194,51199,full_posterior,64,0.054136654556822913,74.60632560088942,128,V,V,6208,0,1.0011850194058876,1,3.9109605822391997,1.0,dynamics_h_0p02_stage_2,ok,981c8c16f8288893162866a44dc7f238a562d94baba61c4736c9e2c0a9aaafac,deep_m0064_r0,validation_or_superseded
3,deep,final_geometry_v15_20260930,4327fe4ece9317f6fd20fad18389a71e9b1f423b,32,3183.141240175547,1.6515318154044898,True,3182.0601411276516,3797.210996275897,3795.5991779030514,8888.468289716579,87bd2e7a5e38746866db282febb4d8513a499c33b31084950053a42f895546c0,0,True,,178,51199,full_posterior,64,0.8529610174791988,3182.6006906515995,128,U,U,6208,0,1.0004902792820691,1,56.02395113286325,1.0,dynamics_h_0p02_stage_2,ok,981c8c16f8288893162866a44dc7f238a562d94baba61c4736c9e2c0a9aaafac,deep_m0064_r0,validation_or_superseded
3,deep,final_geometry_v15_20260930,4327fe4ece9317f6fd20fad18389a71e9b1f423b,32,0.8658733369469814,0.01065281406860992,True,0.8607292975828869,6279.539879641406,6266.572326209104,13913.12181630258,87bd2e7a5e38746866db282febb4d8513a499c33b31084950053a42f895546c0,0,True,,110,51199,full_posterior,64,0.005566560438629531,0.8633013172649342,128,train_logit_0,train_logit_0,6208,0,1.000491834805766,1,0.4566918605108807,1.0,dynamics_h_0p02_stage_2,ok,981c8c16f8288893162866a44dc7f238a562d94baba61c4736c9e2c0a9aaafac,deep_m0064_r0,validation_or_superseded
3,deep,final_geometry_v15_20260930,4327fe4ece9317f6fd20fad18389a71e9b1f423b,32,-0.00804186054677618,0.01053046901899762,True,-0.0016937318756234292,6129.294582192999,6106.286195287286,14169.222950311409,87bd2e7a5e38746866db282febb4d8513a499c33b31084950053a42f895546c0,0,True,,188,51199,full_posterior,64,0.005512698918793955,-0.004867796211199804,128,train_logit_16,train_logit_16,6208,0,1.0001862841796554,1,0.45161079952107286,1.0,dynamics_h_0p02_stage_2,ok,981c8c16f8288893162866a44dc7f238a562d94baba61c4736c9e2c0a9aaafac,deep_m0064_r0,validation_or_superseded
3,deep,final_geometry_v15_20260930,4327fe4ece9317f6fd20fad18389a71e9b1f423b,32,0.41299295340688963,0.011148619521989511,True,0.41519322964839844,5824.260605260252,5818.446166775335,12860.232440168667,87bd2e7a5e38746866db282febb4d8513a499c33b31084950053a42f895546c0,0,True,,140,51199,full_posterior,64,0.005677830376917658,0.41409309152764406,128,train_logit_32,train_logit_32,6208,0,1.0002439713199438,1,0.46670778487115644,1.0,dynamics_h_0p02_stage_2,ok,981c8c16f8288893162866a44dc7f238a562d94baba61c4736c9e2c0a9aaafac,deep_m0064_r0,validation_or_superseded
3,deep,final_geometry_v15_20260930,4327fe4ece9317f6fd20fad18389a71e9b1f423b,32,0.37117715352555003,0.010936099934324582,True,0.38235968280224325,5958.8431719641485,5978.966665892069,14568.463454478879,87bd2e7a5e38746866db282febb4d8513a499c33b31084950053a42f895546c0,0,True,,248,51199,full_posterior,64,0.005626994146257677,0.3767684181638966,128,train_logit_48,train_logit_48,6208,0,1.000226124370077,1,0.4632087830710427,1.0,dynamics_h_0p02_stage_2,ok,981c8c16f8288893162866a44dc7f238a562d94baba61c4736c9e2c0a9aaafac,deep_m0064_r0,validation_or_superseded
3,deep,final_geometry_v15_20260930,4327fe4ece9317f6fd20fad18389a71e9b1f423b,32,0.591088618940648,0.011087709248713055,True,0.5884330276171207,5811.117495802692,5799.631264068409,13343.973765252933,87bd2e7a5e38746866db282febb4d8513a499c33b31084950053a42f895546c0,0,True,,196,51199,full_posterior,64,0.005651624241431376,0.5897608232788845,128,train_logit_64,train_logit_64,6208,0,1.0004592752103285,1,0.458463242399921,1.0,dynamics_h_0p02_stage_2,ok,981c8c16f8288893162866a44dc7f238a562d94baba61c4736c9e2c0a9aaafac,deep_m0064_r0,validation_or_superseded
3,deep,final_geometry_v15_20260930,4327fe4ece9317f6fd20fad18389a71e9b1f423b,32,-0.7119081759858694,0.011226663029399326,True,-0.7064428962644572,5416.641805131227,5417.696314715474,13754.346911040298,87bd2e7a5e38746866db282febb4d8513a499c33b31084950053a42f895546c0,0,True,,242,51199,full_posterior,64,0.005923284808421953,-0.7091755361251635,128,train_logit_80,train_logit_80,6208,0,1.0004714547163922,1,0.46413469670341945,1.0,dynamics_h_0p02_stage_2,ok,981c8c16f8288893162866a44dc7f238a562d94baba61c4736c9e2c0a9aaafac,deep_m0064_r0,validation_or_superseded
3,deep,final_geometry_v15_20260930,4327fe4ece9317f6fd20fad18389a71e9b1f423b,32,0.5601258023718206,0.010860848252016513,True,0.558627302225016,5779.595975319372,5769.444092512144,13640.33462875786,87bd2e7a5e38746866db282febb4d8513a499c33b31084950053a42f895546c0,0,True,,134,51199,full_posterior,64,0.005759813442934236,0.5593765522984184,128,train_logit_96,train_logit_96,6208,0,1.0002550110906383,1,0.4591785570609774,1.0,dynamics_h_0p02_stage_2,ok,981c8c16f8288893162866a44dc7f238a562d94baba61c4736c9e2c0a9aaafac,deep_m0064_r0,validation_or_superseded
3,deep,final_geometry_v15_20260930,4327fe4ece9317f6fd20fad18389a71e9b1f423b,32,0.2544476004135069,0.010855744659293242,True,0.261829221274313,5670.341531120203,5651.4448326896145,15216.49231038391,87bd2e7a5e38746866db282febb4d8513a499c33b31084950053a42f895546c0,0,True,,232,51199,full_posterior,64,0.005646786714629072,0.25813841084390987,128,train_logit_112,train_logit_112,6208,0,1.001088393618038,1,0.4553304729727611,1.0,dynamics_h_0p02_stage_2,ok,981c8c16f8288893162866a44dc7f238a562d94baba61c4736c9e2c0a9aaafac,deep_m0064_r0,validation_or_superseded
3,deep,final_geometry_v15_20260930,4327fe4ece9317f6fd20fad18389a71e9b1f423b,32,0.49238801445912095,0.0038439577516295145,True,0.48316617646469145,5394.064492718883,5438.645381424011,13357.748334763766,87bd2e7a5e38746866db282febb4d8513a499c33b31084950053a42f895546c0,0,True,,180,51199,full_posterior,64,0.0019949123202689586,0.4877770954619063,128,test_prob_0,test_prob_0,6208,0,1.0009118348740342,1,0.15649202580898344,1.0,dynamics_h_0p02_stage_2,ok,981c8c16f8288893162866a44dc7f238a562d94baba61c4736c9e2c0a9aaafac,deep_m0064_r0,validation_or_superseded
3,deep,final_geometry_v15_20260930,4327fe4ece9317f6fd20fad18389a71e9b1f423b,32,0.6147346352428845,0.0036823973922544334,True,0.6178962496475523,5311.27863361936,5355.510150553957,13422.915841411756,87bd2e7a5e38746866db282febb4d8513a499c33b31084950053a42f895546c0,0,True,,184,51199,full_posterior,64,0.0019625435834045514,0.6163154424452184,128,test_prob_128,test_prob_128,6208,0,1.0010163437366992,1,0.1499112832474139,1.0,dynamics_h_0p02_stage_2,ok,981c8c16f8288893162866a44dc7f238a562d94baba61c4736c9e2c0a9aaafac,deep_m0064_r0,validation_or_superseded
3,deep,final_geometry_v15_20260930,4327fe4ece9317f6fd20fad18389a71e9b1f423b,32,0.6423774825290804,0.0034937698068635875,True,0.6425460016689181,5307.848907779216,5367.408286574737,13287.213120043192,87bd2e7a5e38746866db282febb4d8513a499c33b31084950053a42f895546c0,0,True,,204,51199,full_posterior,64,0.0018125622525398976,0.6424617420989992,128,test_prob_256,test_prob_256,6208,0,1.0002636956083755,1,0.14202029196844163,1.0,dynamics_h_0p02_stage_2,ok,981c8c16f8288893162866a44dc7f238a562d94baba61c4736c9e2c0a9aaafac,deep_m0064_r0,validation_or_superseded
3,deep,final_geometry_v15_20260930,4327fe4ece9317f6fd20fad18389a71e9b1f423b,32,0.3350343645068874,0.003438444336194737,True,0.33663911686880005,4887.221265132596,4904.040572671998,12851.234575030276,87bd2e7a5e38746866db282febb4d8513a499c33b31084950053a42f895546c0,0,True,,440,51199,full_posterior,64,0.0017968824799380592,0.3358367406878437,128,test_prob_384,test_prob_384,6208,0,1.000940545381935,1,0.1392545580296504,1.0,dynamics_h_0p02_stage_2,ok,981c8c16f8288893162866a44dc7f238a562d94baba61c4736c9e2c0a9aaafac,deep_m0064_r0,validation_or_superseded
3,deep,final_geometry_v15_20260930,4327fe4ece9317f6fd20fad18389a71e9b1f423b,32,0.6029429520728791,0.0036945511831124214,True,0.5956967704759443,5303.361276627387,5353.983605744086,12796.94230006557,87bd2e7a5e38746866db282febb4d8513a499c33b31084950053a42f895546c0,0,True,,140,51199,full_posterior,64,0.0019281794347431908,0.5993198612744116,128,test_prob_512,test_prob_512,6208,0,1.00035450040834,1,0.1497263240548705,1.0,dynamics_h_0p02_stage_2,ok,981c8c16f8288893162866a44dc7f238a562d94baba61c4736c9e2c0a9aaafac,deep_m0064_r0,validation_or_superseded
3,deep,final_geometry_v15_20260930,4327fe4ece9317f6fd20fad18389a71e9b1f423b,32,0.38573826709479614,0.0036172712019795525,True,0.38206621926422135,5116.102824282382,5372.613200792331,11558.521092328423,87bd2e7a5e38746866db282febb4d8513a499c33b31084950053a42f895546c0,0,True,,336,51199,full_posterior,64,0.0018756539715528231,0.3839022431795087,128,test_prob_640,test_prob_640,6208,0,1.0012042315153244,1,0.14683487629496556,1.0,dynamics_h_0p02_stage_2,ok,981c8c16f8288893162866a44dc7f238a562d94baba61c4736c9e2c0a9aaafac,deep_m0064_r0,validation_or_superseded
3,deep,final_geometry_v15_20260930,4327fe4ece9317f6fd20fad18389a71e9b1f423b,32,0.5215107524134157,0.003734341752315641,True,0.5236858971196612,5841.543705398723,5829.437001385905,14330.247894060944,87bd2e7a5e38746866db282febb4d8513a499c33b31084950053a42f895546c0,0,True,,122,51199,full_posterior,64,0.00197141280513739,0.5225983247665384,128,test_prob_768,test_prob_768,6208,0,1.00028814241957,1,0.1540946987334389,1.0,dynamics_h_0p02_stage_2,ok,981c8c16f8288893162866a44dc7f238a562d94baba61c4736c9e2c0a9aaafac,deep_m0064_r0,validation_or_superseded
3,deep,final_geometry_v15_20260930,4327fe4ece9317f6fd20fad18389a71e9b1f423b,32,0.5098927496029395,0.0039040878308158854,True,0.5139721302637302,5112.462893698518,5146.710712079442,12400.205297048318,87bd2e7a5e38746866db282febb4d8513a499c33b31084950053a42f895546c0,0,True,,216,51199,full_posterior,64,0.002061731809845752,0.5119324399333349,128,test_prob_896,test_prob_896,6208,0,1.0005683610437357,1,0.1555829531274256,1.0,dynamics_h_0p02_stage_2,ok,981c8c16f8288893162866a44dc7f238a562d94baba61c4736c9e2c0a9aaafac,deep_m0064_r0,validation_or_superseded
3,deep,final_geometry_v15_20260930,4327fe4ece9317f6fd20fad18389a71e9b1f423b,32,0.024487562194692475,0.018148423471083138,True,0.03935269135220277,3846.6532901093374,3717.424534615341,6008.75358433638,87bd2e7a5e38746866db282febb4d8513a499c33b31084950053a42f895546c0,0,True,,204,51199,full_posterior,64,0.009585601242798348,0.031920126773447625,128,interaction_0,interaction_0,6208,0,1.0015597954601982,1,0.6350449526499832,1.0,dynamics_h_0p02_stage_2,ok,981c8c16f8288893162866a44dc7f238a562d94baba61c4736c9e2c0a9aaafac,deep_m0064_r0,validation_or_superseded
3,deep,final_geometry_v15_20260930,4327fe4ece9317f6fd20fad18389a71e9b1f423b,32,0.050732186830940725,0.019400629137447802,True,0.015326452050800087,4026.9415238634815,3803.0881133406124,5715.159894794319,87bd2e7a5e38746866db282febb4d8513a499c33b31084950053a42f895546c0,0,True,,236,51199,full_posterior,64,0.009901571425794505,0.033029319440870404,128,interaction_1,interaction_1,6208,0,1.0006162412781643,1,0.6582336006650594,1.0,dynamics_h_0p02_stage_2,ok,981c8c16f8288893162866a44dc7f238a562d94baba61c4736c9e2c0a9aaafac,deep_m0064_r0,validation_or_superseded
3,deep,final_geometry_v15_20260930,4327fe4ece9317f6fd20fad18389a71e9b1f423b,32,0.013180809021604702,0.018827781220233854,True,0.0019489371939390232,4273.998916911068,4109.94999234097,5826.8532054554935,87bd2e7a5e38746866db282febb4d8513a499c33b31084950053a42f895546c0,0,True,,108,51199,full_posterior,64,0.009582523896726987,0.007564873107771863,128,interaction_2,interaction_2,6208,0,1.0010827128745365,1,0.6484045822833162,1.0,dynamics_h_0p02_stage_2,ok,981c8c16f8288893162866a44dc7f238a562d94baba61c4736c9e2c0a9aaafac,deep_m0064_r0,validation_or_superseded
3,deep,final_geometry_v15_20260930,4327fe4ece9317f6fd20fad18389a71e9b1f423b,32,0.03793973159255177,0.01838562291908606,True,0.02185012123360873,4095.2941528474253,3984.1976722156805,6436.614485848933,87bd2e7a5e38746866db282febb4d8513a499c33b31084950053a42f895546c0,0,True,,178,51199,full_posterior,64,0.009634127477954927,0.029894926413080246,128,interaction_3,interaction_3,6208,0,1.001039273821817,1,0.6409611269297651,1.0,dynamics_h_0p02_stage_2,ok,981c8c16f8288893162866a44dc7f238a562d94baba61c4736c9e2c0a9aaafac,deep_m0064_r0,validation_or_superseded
3,deep,final_geometry_v15_20260930,4327fe4ece9317f6fd20fad18389a71e9b1f423b,32,0.06862137542775402,0.04059088718291942,True,0.024554937903351767,1580.7932752652177,1577.7840452244398,3689.7644847355373,87bd2e7a5e38746866db282febb4d8513a499c33b31084950053a42f895546c0,0,True,,338,51199,full_posterior,64,0.021429539305303103,0.04658815666555292,128,q_A,q_A,6208,0,1.0049039981474581,1,1.028251560192045,1.0,dynamics_h_0p02_stage_2,ok,981c8c16f8288893162866a44dc7f238a562d94baba61c4736c9e2c0a9aaafac,deep_m0064_r0,validation_or_superseded
3,deep,final_geometry_v15_20260930,4327fe4ece9317f6fd20fad18389a71e9b1f423b,32,-0.007090716188734508,0.03700881135313242,True,0.04579735224221279,2049.229122279473,2036.2156740334501,4465.523398852465,87bd2e7a5e38746866db282febb4d8513a499c33b31084950053a42f895546c0,0,True,,278,51199,full_posterior,64,0.019270129834274136,0.019353318026739147,128,q_W,q_W,6208,0,1.0016051323917974,1,0.9962360628879138,1.0,dynamics_h_0p02_stage_2,ok,981c8c16f8288893162866a44dc7f238a562d94baba61c4736c9e2c0a9aaafac,deep_m0064_r0,validation_or_superseded
3,deep,final_geometry_v15_20260930,4327fe4ece9317f6fd20fad18389a71e9b1f423b,32,1.07146050167958,0.0052922775013619795,True,1.0721833562793994,4064.7237841452375,4055.5775042324594,8094.288561469593,87bd2e7a5e38746866db282febb4d8513a499c33b31084950053a42f895546c0,0,True,,128,51199,full_posterior,64,0.0026925976221625967,1.0718219289794897,128,disp_A,disp_A,6208,0,1.0012085335420864,1,0.1825492256598403,1.0,dynamics_h_0p02_stage_2,ok,981c8c16f8288893162866a44dc7f238a562d94baba61c4736c9e2c0a9aaafac,deep_m0064_r0,validation_or_superseded
3,deep,final_geometry_v15_20260930,4327fe4ece9317f6fd20fad18389a71e9b1f423b,32,1.0006719968858555,0.0009277972526908478,True,1.0006039581757507,3785.7840130510554,3786.202405348009,8420.752314531403,87bd2e7a5e38746866db282febb4d8513a499c33b31084950053a42f895546c0,0,True,,176,51199,full_posterior,64,0.00048215044593004027,1.000637977530803,128,disp_W1,disp_W1,6208,0,1.0002164512528304,1,0.03136991050088624,1.0,dynamics_h_0p02_stage_2,ok,981c8c16f8288893162866a44dc7f238a562d94baba61c4736c9e2c0a9aaafac,deep_m0064_r0,validation_or_superseded
3,deep,final_geometry_v15_20260930,4327fe4ece9317f6fd20fad18389a71e9b1f423b,32,1.0007730869312472,0.0006603493072021014,True,1.0002452473771744,3844.091933214579,3838.1049190404915,8332.471956246432,87bd2e7a5e38746866db282febb4d8513a499c33b31084950053a42f895546c0,0,True,,178,51199,full_posterior,64,0.00033503078273313633,1.0005091671542108,128,disp_W2,disp_W2,6208,0,1.0007532027893742,1,0.022337893275961758,1.0,dynamics_h_0p02_stage_2,ok,981c8c16f8288893162866a44dc7f238a562d94baba61c4736c9e2c0a9aaafac,deep_m0064_r0,validation_or_superseded
3,deep,final_geometry_v15_20260930,4327fe4ece9317f6fd20fad18389a71e9b1f423b,32,60.55126549335896,0.12521212541006863,True,60.50925667052655,4225.492180413922,4237.437427156358,10323.256709434683,59beb161d147e59330a34df2512a0eb546d1434c8fd78cd51061a45e604219ed,0,True,,412,102399,full_posterior,64,0.06535761643556276,60.530261081942754,128,V,V,6208,1,1.000352868036055,1,4.782995622383581,1.0,dynamics_h_0p01_stage_2,ok,cffc441cee2bd015a78c885c0750263a0ede3b1b8b3eb5af88b7ed906fea8e96,deep_m0064_r1,production_final
3,deep,final_geometry_v15_20260930,4327fe4ece9317f6fd20fad18389a71e9b1f423b,32,3175.487642708728,1.4904604473844953,True,3175.9789514133126,4373.688864751661,4362.899290377507,9230.573242627126,59beb161d147e59330a34df2512a0eb546d1434c8fd78cd51061a45e604219ed,0,True,,228,102399,full_posterior,64,0.7532873640704646,3175.733297061019,128,U,U,6208,1,1.0009853406215012,1,54.9356714307556,1.0,dynamics_h_0p01_stage_2,ok,cffc441cee2bd015a78c885c0750263a0ede3b1b8b3eb5af88b7ed906fea8e96,deep_m0064_r1,production_final
3,deep,final_geometry_v15_20260930,4327fe4ece9317f6fd20fad18389a71e9b1f423b,32,0.24355044508021234,0.011811092727263012,True,0.2359657518893996,5500.810830988197,5523.968984489325,13979.537837288583,59beb161d147e59330a34df2512a0eb546d1434c8fd78cd51061a45e604219ed,0,True,,648,102399,full_posterior,64,0.006188041689764017,0.23975809848480595,128,train_logit_0,train_logit_0,6208,1,1.0003925779550427,1,0.5041438671131809,1.0,dynamics_h_0p01_stage_2,ok,cffc441cee2bd015a78c885c0750263a0ede3b1b8b3eb5af88b7ed906fea8e96,deep_m0064_r1,production_final
3,deep,final_geometry_v15_20260930,4327fe4ece9317f6fd20fad18389a71e9b1f423b,32,0.6449906106183252,0.011937902778102178,True,0.6518840029392103,5551.707588374444,5531.320574193042,12714.225369513464,59beb161d147e59330a34df2512a0eb546d1434c8fd78cd51061a45e604219ed,0,True,,428,102399,full_posterior,64,0.006193333592027621,0.6484373067787677,128,train_logit_16,train_logit_16,6208,1,1.0003699159986357,1,0.4997600915198473,1.0,dynamics_h_0p01_stage_2,ok,cffc441cee2bd015a78c885c0750263a0ede3b1b8b3eb5af88b7ed906fea8e96,deep_m0064_r1,production_final
3,deep,final_geometry_v15_20260930,4327fe4ece9317f6fd20fad18389a71e9b1f423b,32,-0.033524035049987674,0.011515204625623368,True,-0.029463941169804247,5237.203618764635,5232.788986566427,13016.553911053368,59beb161d147e59330a34df2512a0eb546d1434c8fd78cd51061a45e604219ed,0,True,,674,102399,full_posterior,64,0.006182889125284222,-0.03149398810989597,128,train_logit_32,train_logit_32,6208,1,1.0003554916716975,1,0.49549600817284767,1.0,dynamics_h_0p01_stage_2,ok,cffc441cee2bd015a78c885c0750263a0ede3b1b8b3eb5af88b7ed906fea8e96,deep_m0064_r1,production_final
3,deep,final_geometry_v15_20260930,4327fe4ece9317f6fd20fad18389a71e9b1f423b,32,-1.0224066600794353,0.012028913150892995,True,-1.0338990761837892,5266.599091321672,5264.011645257792,12014.743272013791,59beb161d147e59330a34df2512a0eb546d1434c8fd78cd51061a45e604219ed,0,True,,286,102399,full_posterior,64,0.00626369324510142,-1.028152868131612,128,train_logit_48,train_logit_48,6208,1,1.000481180746407,1,0.4981762442369452,1.0,dynamics_h_0p01_stage_2,ok,cffc441cee2bd015a78c885c0750263a0ede3b1b8b3eb5af88b7ed906fea8e96,deep_m0064_r1,production_final
3,deep,final_geometry_v15_20260930,4327fe4ece9317f6fd20fad18389a71e9b1f423b,32,0.7509946982244955,0.011511246240637306,True,0.7518162703106321,5658.964396373051,5650.263283902161,13993.329130523547,59beb161d147e59330a34df2512a0eb546d1434c8fd78cd51061a45e604219ed,0,True,,348,102399,full_posterior,64,0.005877092277660574,0.7514054842675637,128,train_logit_64,train_logit_64,6208,1,1.0003990600159987,1,0.4929707152565971,1.0,dynamics_h_0p01_stage_2,ok,cffc441cee2bd015a78c885c0750263a0ede3b1b8b3eb5af88b7ed906fea8e96,deep_m0064_r1,production_final
3,deep,final_geometry_v15_20260930,4327fe4ece9317f6fd20fad18389a71e9b1f423b,32,0.7720200139647578,0.011106623873960764,True,0.7846097948590769,5716.847087163605,5707.542592266281,15157.558758187355,59beb161d147e59330a34df2512a0eb546d1434c8fd78cd51061a45e604219ed,0,True,,456,102399,full_posterior,64,0.005841207037400475,0.7783149044119174,128,train_logit_80,train_logit_80,6208,1,1.0004504599290884,1,0.4855928139743946,1.0,dynamics_h_0p01_stage_2,ok,cffc441cee2bd015a78c885c0750263a0ede3b1b8b3eb5af88b7ed906fea8e96,deep_m0064_r1,production_final
3,deep,final_geometry_v15_20260930,4327fe4ece9317f6fd20fad18389a71e9b1f423b,32,0.012662706198694135,0.01235116435618388,True,9.423087047832345e-05,4638.22521668413,4644.848895750091,13063.516220992404,59beb161d147e59330a34df2512a0eb546d1434c8fd78cd51061a45e604219ed,0,True,,604,102399,full_posterior,64,0.006353433082290663,0.00637846853458623,128,train_logit_96,train_logit_96,6208,1,1.001031358558755,1,0.5065289462870017,1.0,dynamics_h_0p01_stage_2,ok,cffc441cee2bd015a78c885c0750263a0ede3b1b8b3eb5af88b7ed906fea8e96,deep_m0064_r1,production_final
3,deep,final_geometry_v15_20260930,4327fe4ece9317f6fd20fad18389a71e9b1f423b,32,-0.2887682050740269,0.011847767064612626,True,-0.30422832752535195,5520.559075209233,5527.6325155775885,13999.773467537329,59beb161d147e59330a34df2512a0eb546d1434c8fd78cd51061a45e604219ed,0,True,,274,102399,full_posterior,64,0.00618912837621622,-0.2964982662996894,128,train_logit_112,train_logit_112,6208,1,1.0008833390753273,1,0.49972083032832715,1.0,dynamics_h_0p01_stage_2,ok,cffc441cee2bd015a78c885c0750263a0ede3b1b8b3eb5af88b7ed906fea8e96,deep_m0064_r1,production_final
3,deep,final_geometry_v15_20260930,4327fe4ece9317f6fd20fad18389a71e9b1f423b,32,0.5370940230737562,0.003992076045253996,True,0.5276948138727701,4629.83518917003,4617.234381043428,13656.818369429735,59beb161d147e59330a34df2512a0eb546d1434c8fd78cd51061a45e604219ed,0,True,,550,102399,full_posterior,64,0.0021237679537428537,0.5323944184732631,128,test_prob_0,test_prob_0,6208,1,1.0006946019090077,1,0.16437097479573184,1.0,dynamics_h_0p01_stage_2,ok,cffc441cee2bd015a78c885c0750263a0ede3b1b8b3eb5af88b7ed906fea8e96,deep_m0064_r1,production_final
3,deep,final_geometry_v15_20260930,4327fe4ece9317f6fd20fad18389a71e9b1f423b,32,0.3608155984791377,0.0037309460892259384,True,0.3573503590828946,5059.564807504138,5151.251895265206,12347.320405537734,59beb161d147e59330a34df2512a0eb546d1434c8fd78cd51061a45e604219ed,0,True,,334,102399,full_posterior,64,0.0019101055840084348,0.3590829787810162,128,test_prob_128,test_prob_128,6208,1,1.0003726993542867,1,0.15258594687347526,1.0,dynamics_h_0p01_stage_2,ok,cffc441cee2bd015a78c885c0750263a0ede3b1b8b3eb5af88b7ed906fea8e96,deep_m0064_r1,production_final
3,deep,final_geometry_v15_20260930,4327fe4ece9317f6fd20fad18389a71e9b1f423b,32,0.44249692462317897,0.0039992528596464,True,0.44228243888225605,5200.407835542018,5216.2785596054255,11915.972244936576,59beb161d147e59330a34df2512a0eb546d1434c8fd78cd51061a45e604219ed,0,True,,452,102399,full_posterior,64,0.0020824143969775896,0.44238968175271753,128,test_prob_256,test_prob_256,6208,1,1.0006554196205506,1,0.16519131066054787,1.0,dynamics_h_0p01_stage_2,ok,cffc441cee2bd015a78c885c0750263a0ede3b1b8b3eb5af88b7ed906fea8e96,deep_m0064_r1,production_final
3,deep,final_geometry_v15_20260930,4327fe4ece9317f6fd20fad18389a71e9b1f423b,32,0.7555545523939189,0.002848257437088529,True,0.7624333079398482,5408.5747153175025,5657.838844557244,12630.744453567786,59beb161d147e59330a34df2512a0eb546d1434c8fd78cd51061a45e604219ed,0,True,,378,102399,full_posterior,64,0.0015090159883547273,0.7589939301668837,128,test_prob_384,test_prob_384,6208,1,1.001039994252436,1,0.1221551688644291,1.0,dynamics_h_0p01_stage_2,ok,cffc441cee2bd015a78c885c0750263a0ede3b1b8b3eb5af88b7ed906fea8e96,deep_m0064_r1,production_final
3,deep,final_geometry_v15_20260930,4327fe4ece9317f6fd20fad18389a71e9b1f423b,32,0.47504992926703354,0.0040940066829657,True,0.47592149604110395,4913.613274867037,4900.3391001100335,12014.81282644185,59beb161d147e59330a34df2512a0eb546d1434c8fd78cd51061a45e604219ed,0,True,,780,102399,full_posterior,64,0.0021438033649928715,0.4754857126540691,128,test_prob_512,test_prob_512,6208,1,1.0003471584454184,1,0.16696653650152019,1.0,dynamics_h_0p01_stage_2,ok,cffc441cee2bd015a78c885c0750263a0ede3b1b8b3eb5af88b7ed906fea8e96,deep_m0064_r1,production_final
3,deep,final_geometry_v15_20260930,4327fe4ece9317f6fd20fad18389a71e9b1f423b,32,0.570577457793043,0.004187313590031742,True,0.5646943682666409,4525.855743308175,4520.890199020514,11688.274719618765,59beb161d147e59330a34df2512a0eb546d1434c8fd78cd51061a45e604219ed,0,True,,498,102399,full_posterior,64,0.0022018502366891873,0.5676359130298418,128,test_prob_640,test_prob_640,6208,1,1.0009297862737718,1,0.16581963145374706,1.0,dynamics_h_0p01_stage_2,ok,cffc441cee2bd015a78c885c0750263a0ede3b1b8b3eb5af88b7ed906fea8e96,deep_m0064_r1,production_final
3,deep,final_geometry_v15_20260930,4327fe4ece9317f6fd20fad18389a71e9b1f423b,32,0.48483717400972653,0.003973779274068691,True,0.4831284479957118,5397.831838167596,5423.553733762793,12751.594724358423,59beb161d147e59330a34df2512a0eb546d1434c8fd78cd51061a45e604219ed,0,True,,264,102399,full_posterior,64,0.0020419539010986657,0.4839828110027191,128,test_prob_768,test_prob_768,6208,1,1.0006165261768378,1,0.164403942934801,1.0,dynamics_h_0p01_stage_2,ok,cffc441cee2bd015a78c885c0750263a0ede3b1b8b3eb5af88b7ed906fea8e96,deep_m0064_r1,production_final
3,deep,final_geometry_v15_20260930,4327fe4ece9317f6fd20fad18389a71e9b1f423b,32,0.5409862201304795,0.004096058803311158,True,0.5465960326301165,4338.87542568818,4412.428161307006,11293.569088281894,59beb161d147e59330a34df2512a0eb546d1434c8fd78cd51061a45e604219ed,0,True,,600,102399,full_posterior,64,0.0021633050530892872,0.5437911263802984,128,test_prob_896,test_prob_896,6208,1,1.000569009839265,1,0.16598684915412093,1.0,dynamics_h_0p01_stage_2,ok,cffc441cee2bd015a78c885c0750263a0ede3b1b8b3eb5af88b7ed906fea8e96,deep_m0064_r1,production_final
3,deep,final_geometry_v15_20260930,4327fe4ece9317f6fd20fad18389a71e9b1f423b,32,0.05631549487527439,0.019487158027150873,True,0.07207227276221961,3829.8873790091943,3687.4336469049726,5608.394312079027,59beb161d147e59330a34df2512a0eb546d1434c8fd78cd51061a45e604219ed,0,True,,324,102399,full_posterior,64,0.01025387336362989,0.06419388381874698,128,interaction_0,interaction_0,6208,1,1.0014362077175365,1,0.6881235616801054,1.0,dynamics_h_0p01_stage_2,ok,cffc441cee2bd015a78c885c0750263a0ede3b1b8b3eb5af88b7ed906fea8e96,deep_m0064_r1,production_final
3,deep,final_geometry_v15_20260930,4327fe4ece9317f6fd20fad18389a71e9b1f423b,32,0.06344935194434546,0.019732436512395028,True,0.07714484852641167,3422.0492090892594,3250.439598421781,5072.1263908283245,59beb161d147e59330a34df2512a0eb546d1434c8fd78cd51061a45e604219ed,0,True,,502,102399,full_posterior,64,0.010541462983492216,0.07029710023537857,128,interaction_1,interaction_1,6208,1,1.0015801426259359,1,0.6826744223627067,1.0,dynamics_h_0p01_stage_2,ok,cffc441cee2bd015a78c885c0750263a0ede3b1b8b3eb5af88b7ed906fea8e96,deep_m0064_r1,production_final
3,deep,final_geometry_v15_20260930,4327fe4ece9317f6fd20fad18389a71e9b1f423b,32,0.047741856543435136,0.02064666385389414,True,0.06947514949168382,3541.3863793930955,3339.0797946727253,4530.627681459117,59beb161d147e59330a34df2512a0eb546d1434c8fd78cd51061a45e604219ed,0,True,,428,102399,full_posterior,64,0.010723284316714335,0.05860850301755947,128,interaction_2,interaction_2,6208,1,1.0013173212131439,1,0.7038175525249787,1.0,dynamics_h_0p01_stage_2,ok,cffc441cee2bd015a78c885c0750263a0ede3b1b8b3eb5af88b7ed906fea8e96,deep_m0064_r1,production_final
3,deep,final_geometry_v15_20260930,4327fe4ece9317f6fd20fad18389a71e9b1f423b,32,0.06448805376818278,0.020560519574647055,True,0.08000769891266762,3600.1399837249137,3433.276042228548,4950.847465216971,59beb161d147e59330a34df2512a0eb546d1434c8fd78cd51061a45e604219ed,0,True,,282,102399,full_posterior,64,0.010877781852434374,0.07224787634042519,128,interaction_3,interaction_3,6208,1,1.000993765185769,1,0.6974324368289414,1.0,dynamics_h_0p01_stage_2,ok,cffc441cee2bd015a78c885c0750263a0ede3b1b8b3eb5af88b7ed906fea8e96,deep_m0064_r1,production_final
3,deep,final_geometry_v15_20260930,4327fe4ece9317f6fd20fad18389a71e9b1f423b,32,0.16510793955174916,0.04026713652470978,True,0.21265448430978776,1310.4966088080866,1309.0667486427362,3094.590556295251,59beb161d147e59330a34df2512a0eb546d1434c8fd78cd51061a45e604219ed,0,True,,792,102399,full_posterior,64,0.022155669446489272,0.18888121193076848,128,q_A,q_A,6208,1,1.0020350360971821,1,1.093013861751108,1.0,dynamics_h_0p01_stage_2,ok,cffc441cee2bd015a78c885c0750263a0ede3b1b8b3eb5af88b7ed906fea8e96,deep_m0064_r1,production_final
3,deep,final_geometry_v15_20260930,4327fe4ece9317f6fd20fad18389a71e9b1f423b,32,-0.13492571427869784,0.03432299506458779,True,-0.13610237728726238,2191.953015492651,2190.03097561242,4639.035176692287,59beb161d147e59330a34df2512a0eb546d1434c8fd78cd51061a45e604219ed,0,True,,366,102399,full_posterior,64,0.0183605635004742,-0.13551404578298004,128,q_W,q_W,6208,1,1.001245513196574,1,0.9995863261566593,1.0,dynamics_h_0p01_stage_2,ok,cffc441cee2bd015a78c885c0750263a0ede3b1b8b3eb5af88b7ed906fea8e96,deep_m0064_r1,production_final
3,deep,final_geometry_v15_20260930,4327fe4ece9317f6fd20fad18389a71e9b1f423b,32,1.2011231559100268,0.005472370045313447,True,1.2056711844946664,4024.76318656791,4015.434797106602,8899.240881046655,59beb161d147e59330a34df2512a0eb546d1434c8fd78cd51061a45e604219ed,0,True,,310,102399,full_posterior,64,0.0027738105000393773,1.203397170202347,128,disp_A,disp_A,6208,1,1.0019257401073467,1,0.1943302923145483,1.0,dynamics_h_0p01_stage_2,ok,cffc441cee2bd015a78c885c0750263a0ede3b1b8b3eb5af88b7ed906fea8e96,deep_m0064_r1,production_final
3,deep,final_geometry_v15_20260930,4327fe4ece9317f6fd20fad18389a71e9b1f423b,32,1.001073558416424,0.0008768735938119615,True,1.0012272151734878,3869.3823343357617,3841.8215592640154,8803.690436765666,59beb161d147e59330a34df2512a0eb546d1434c8fd78cd51061a45e604219ed,0,True,,398,102399,full_posterior,64,0.00045870132808301816,1.0011503867949556,128,disp_W1,disp_W1,6208,1,1.0009871125106478,1,0.03149157678388657,1.0,dynamics_h_0p01_stage_2,ok,cffc441cee2bd015a78c885c0750263a0ede3b1b8b3eb5af88b7ed906fea8e96,deep_m0064_r1,production_final
3,deep,final_geometry_v15_20260930,4327fe4ece9317f6fd20fad18389a71e9b1f423b,32,1.0016606994178856,0.0006102615960321462,True,1.001773217041653,3982.9049069852545,3978.160691327836,8709.058580265584,59beb161d147e59330a34df2512a0eb546d1434c8fd78cd51061a45e604219ed,0,True,,460,102399,full_posterior,64,0.0003151211688106382,1.001716958229769,128,disp_W2,disp_W2,6208,1,1.0004644527824886,1,0.022073759800220773,1.0,dynamics_h_0p01_stage_2,ok,cffc441cee2bd015a78c885c0750263a0ede3b1b8b3eb5af88b7ed906fea8e96,deep_m0064_r1,production_final
3,deep,final_geometry_v15_20260930,4327fe4ece9317f6fd20fad18389a71e9b1f423b,32,60.52217386019105,0.13288787048771908,True,60.69969567289459,4218.556766556528,4215.100612362851,9788.229112170013,16f90fa96fd42672b1b3e52e74db498c96fa2cf07fe3fa186e800bed3dd5803a,0,True,,228,51199,full_posterior,64,0.06820982532633861,60.61093476654284,128,V,V,6208,1,1.0009868872614252,1,4.82730943659879,1.0,dynamics_h_0p02_stage_2,ok,cffc441cee2bd015a78c885c0750263a0ede3b1b8b3eb5af88b7ed906fea8e96,deep_m0064_r1,validation_or_superseded
3,deep,final_geometry_v15_20260930,4327fe4ece9317f6fd20fad18389a71e9b1f423b,32,3175.3235595261667,1.6274950086037931,True,3175.04825177151,3758.701541118407,3745.192462121608,8133.03863687046,16f90fa96fd42672b1b3e52e74db498c96fa2cf07fe3fa186e800bed3dd5803a,0,True,,228,51199,full_posterior,64,0.8448443094960276,3175.185905648838,128,U,U,6208,1,1.000880365267189,1,55.805429617685796,1.0,dynamics_h_0p02_stage_2,ok,cffc441cee2bd015a78c885c0750263a0ede3b1b8b3eb5af88b7ed906fea8e96,deep_m0064_r1,validation_or_superseded
3,deep,final_geometry_v15_20260930,4327fe4ece9317f6fd20fad18389a71e9b1f423b,32,0.23459326898825403,0.012751577614729628,True,0.23544564110006874,5259.989791474224,5238.698425814917,12451.241473562975,16f90fa96fd42672b1b3e52e74db498c96fa2cf07fe3fa186e800bed3dd5803a,0,True,,234,51199,full_posterior,64,0.006639625105346839,0.23501945504416138,128,train_logit_0,train_logit_0,6208,1,1.0003529539252767,1,0.509830262038741,1.0,dynamics_h_0p02_stage_2,ok,cffc441cee2bd015a78c885c0750263a0ede3b1b8b3eb5af88b7ed906fea8e96,deep_m0064_r1,validation_or_superseded
3,deep,final_geometry_v15_20260930,4327fe4ece9317f6fd20fad18389a71e9b1f423b,32,0.6382465154102693,0.012035137689162324,True,0.6258723174816838,5864.870828033497,5857.25017315741,12890.087254732174,16f90fa96fd42672b1b3e52e74db498c96fa2cf07fe3fa186e800bed3dd5803a,0,True,,128,51199,full_posterior,64,0.006213310086230053,0.6320594164459764,128,train_logit_16,train_logit_16,6208,1,1.0009592813406092,1,0.49615009023551526,1.0,dynamics_h_0p02_stage_2,ok,cffc441cee2bd015a78c885c0750263a0ede3b1b8b3eb5af88b7ed906fea8e96,deep_m0064_r1,validation_or_superseded
3,deep,final_geometry_v15_20260930,4327fe4ece9317f6fd20fad18389a71e9b1f423b,32,-0.029597709756097688,0.011755810290784686,True,-0.03580007483835316,5664.3659651395765,5649.978181987516,14093.58645254969,16f90fa96fd42672b1b3e52e74db498c96fa2cf07fe3fa186e800bed3dd5803a,0,True,,228,51199,full_posterior,64,0.005968523155780018,-0.032698892297225425,128,train_logit_32,train_logit_32,6208,1,1.000776859316353,1,0.48947285896982295,1.0,dynamics_h_0p02_stage_2,ok,cffc441cee2bd015a78c885c0750263a0ede3b1b8b3eb5af88b7ed906fea8e96,deep_m0064_r1,validation_or_superseded
3,deep,final_geometry_v15_20260930,4327fe4ece9317f6fd20fad18389a71e9b1f423b,32,-1.0303062867992343,0.012281439884290719,True,-1.032069382602594,5499.040158128548,5502.017094537723,12879.058353841809,16f90fa96fd42672b1b3e52e74db498c96fa2cf07fe3fa186e800bed3dd5803a,0,True,,210,51199,full_posterior,64,0.0062649430737457875,-1.031187834700914,128,train_logit_48,train_logit_48,6208,1,1.0004433098318763,1,0.49735688397940664,1.0,dynamics_h_0p02_stage_2,ok,cffc441cee2bd015a78c885c0750263a0ede3b1b8b3eb5af88b7ed906fea8e96,deep_m0064_r1,validation_or_superseded
3,deep,final_geometry_v15_20260930,4327fe4ece9317f6fd20fad18389a71e9b1f423b,32,0.758420281304881,0.012210520124967778,True,0.7310725706679004,4880.013731951585,4871.627699198367,12317.451367401156,16f90fa96fd42672b1b3e52e74db498c96fa2cf07fe3fa186e800bed3dd5803a,0,True,,382,51199,full_posterior,64,0.006448605157344417,0.7447464259863907,128,train_logit_64,train_logit_64,6208,1,1.002124763394687,1,0.495125181405429,1.0,dynamics_h_0p02_stage_2,ok,cffc441cee2bd015a78c885c0750263a0ede3b1b8b3eb5af88b7ed906fea8e96,deep_m0064_r1,validation_or_superseded
3,deep,final_geometry_v15_20260930,4327fe4ece9317f6fd20fad18389a71e9b1f423b,32,0.7668699085906178,0.012377040460019712,True,0.788727655722735,4828.259880357978,4847.783435768757,12944.249873950965,16f90fa96fd42672b1b3e52e74db498c96fa2cf07fe3fa186e800bed3dd5803a,0,True,,284,51199,full_posterior,64,0.006338710226244279,0.7777987821566765,128,train_logit_80,train_logit_80,6208,1,1.0006122152227501,1,0.4904655532933214,1.0,dynamics_h_0p02_stage_2,ok,cffc441cee2bd015a78c885c0750263a0ede3b1b8b3eb5af88b7ed906fea8e96,deep_m0064_r1,validation_or_superseded
3,deep,final_geometry_v15_20260930,4327fe4ece9317f6fd20fad18389a71e9b1f423b,32,0.005867385833273164,0.012497346549294793,True,0.006320634243244732,5568.469719725351,5545.471275077682,13187.364506907257,16f90fa96fd42672b1b3e52e74db498c96fa2cf07fe3fa186e800bed3dd5803a,0,True,,140,51199,full_posterior,64,0.006302639460596472,0.006094010038258947,128,train_logit_96,train_logit_96,6208,1,1.0007275099442876,1,0.5079213005841499,1.0,dynamics_h_0p02_stage_2,ok,cffc441cee2bd015a78c885c0750263a0ede3b1b8b3eb5af88b7ed906fea8e96,deep_m0064_r1,validation_or_superseded
3,deep,final_geometry_v15_20260930,4327fe4ece9317f6fd20fad18389a71e9b1f423b,32,-0.28908227390379787,0.012099551630968252,True,-0.286937172758306,5468.156804960059,5482.447844146864,13923.604127991384,16f90fa96fd42672b1b3e52e74db498c96fa2cf07fe3fa186e800bed3dd5803a,0,True,,210,51199,full_posterior,64,0.006307224697141031,-0.288009723331052,128,train_logit_112,train_logit_112,6208,1,1.001771507876401,1,0.4984101668184564,1.0,dynamics_h_0p02_stage_2,ok,cffc441cee2bd015a78c885c0750263a0ede3b1b8b3eb5af88b7ed906fea8e96,deep_m0064_r1,validation_or_superseded
3,deep,final_geometry_v15_20260930,4327fe4ece9317f6fd20fad18389a71e9b1f423b,32,0.5323997189312698,0.004196867243427571,True,0.5291563311256818,5415.427133802094,5427.7955662763525,12454.266230776517,16f90fa96fd42672b1b3e52e74db498c96fa2cf07fe3fa186e800bed3dd5803a,0,True,,156,51199,full_posterior,64,0.0021045066943287056,0.5307780250284757,128,test_prob_0,test_prob_0,6208,1,1.0011041171614847,1,0.16516692270707842,1.0,dynamics_h_0p02_stage_2,ok,cffc441cee2bd015a78c885c0750263a0ede3b1b8b3eb5af88b7ed906fea8e96,deep_m0064_r1,validation_or_superseded
3,deep,final_geometry_v15_20260930,4327fe4ece9317f6fd20fad18389a71e9b1f423b,32,0.3615036530742035,0.003923059645312885,True,0.36464986380398057,4921.523582186164,4982.437841539774,12192.805121297719,16f90fa96fd42672b1b3e52e74db498c96fa2cf07fe3fa186e800bed3dd5803a,0,True,,176,51199,full_posterior,64,0.00204171753148917,0.36307675843909193,128,test_prob_128,test_prob_128,6208,1,1.0009118943189013,1,0.1540480619836301,1.0,dynamics_h_0p02_stage_2,ok,cffc441cee2bd015a78c885c0750263a0ede3b1b8b3eb5af88b7ed906fea8e96,deep_m0064_r1,validation_or_superseded
3,deep,final_geometry_v15_20260930,4327fe4ece9317f6fd20fad18389a71e9b1f423b,32,0.43722813469715915,0.004277966910179595,True,0.44420610580908376,4871.744432923202,4936.77981721261,11554.963037152012,16f90fa96fd42672b1b3e52e74db498c96fa2cf07fe3fa186e800bed3dd5803a,0,True,,182,51199,full_posterior,64,0.0021312092504522113,0.44071712025312143,128,test_prob_256,test_prob_256,6208,1,1.0012047118577763,1,0.16463807762037402,1.0,dynamics_h_0p02_stage_2,ok,cffc441cee2bd015a78c885c0750263a0ede3b1b8b3eb5af88b7ed906fea8e96,deep_m0064_r1,validation_or_superseded
3,deep,final_geometry_v15_20260930,4327fe4ece9317f6fd20fad18389a71e9b1f423b,32,0.7570445967661671,0.002950450254864357,True,0.7588566197083558,5312.124228937852,5612.865380928608,12259.495493803728,16f90fa96fd42672b1b3e52e74db498c96fa2cf07fe3fa186e800bed3dd5803a,0,True,,234,51199,full_posterior,64,0.001538283311595323,0.7579506082372611,128,test_prob_384,test_prob_384,6208,1,1.000452105898272,1,0.12170299905811954,1.0,dynamics_h_0p02_stage_2,ok,cffc441cee2bd015a78c885c0750263a0ede3b1b8b3eb5af88b7ed906fea8e96,deep_m0064_r1,validation_or_superseded
3,deep,final_geometry_v15_20260930,4327fe4ece9317f6fd20fad18389a71e9b1f423b,32,0.47706206666456624,0.00431804332640749,True,0.4784859715863073,4843.765579260748,4862.797051161626,13099.421857920684,16f90fa96fd42672b1b3e52e74db498c96fa2cf07fe3fa186e800bed3dd5803a,0,True,,274,51199,full_posterior,64,0.0022406324667977183,0.4777740191254368,128,test_prob_512,test_prob_512,6208,1,1.0008038289565906,1,0.16620707731521445,1.0,dynamics_h_0p02_stage_2,ok,cffc441cee2bd015a78c885c0750263a0ede3b1b8b3eb5af88b7ed906fea8e96,deep_m0064_r1,validation_or_superseded
3,deep,final_geometry_v15_20260930,4327fe4ece9317f6fd20fad18389a71e9b1f423b,32,0.5711861121801192,0.004229304473804971,True,0.5710099754474541,5064.707414828075,5031.375457464013,12664.665081548997,16f90fa96fd42672b1b3e52e74db498c96fa2cf07fe3fa186e800bed3dd5803a,0,True,,210,51199,full_posterior,64,0.002177392514297008,0.5710980438137867,128,test_prob_640,test_prob_640,6208,1,1.001166250190544,1,0.16469746387835005,1.0,dynamics_h_0p02_stage_2,ok,cffc441cee2bd015a78c885c0750263a0ede3b1b8b3eb5af88b7ed906fea8e96,deep_m0064_r1,validation_or_superseded
3,deep,final_geometry_v15_20260930,4327fe4ece9317f6fd20fad18389a71e9b1f423b,32,0.48755241616738315,0.004172064882404171,True,0.48233265329317143,5123.66503680503,5150.913224122215,12645.92795049212,16f90fa96fd42672b1b3e52e74db498c96fa2cf07fe3fa186e800bed3dd5803a,0,True,,168,51199,full_posterior,64,0.0021636394568879157,0.4849425347302773,128,test_prob_768,test_prob_768,6208,1,1.0004874985831944,1,0.1639517691981533,1.0,dynamics_h_0p02_stage_2,ok,cffc441cee2bd015a78c885c0750263a0ede3b1b8b3eb5af88b7ed906fea8e96,deep_m0064_r1,validation_or_superseded
3,deep,final_geometry_v15_20260930,4327fe4ece9317f6fd20fad18389a71e9b1f423b,32,0.5422566914720767,0.004205078450076054,True,0.5382358797442478,5196.663399029721,5205.209690713322,12876.373251292358,16f90fa96fd42672b1b3e52e74db498c96fa2cf07fe3fa186e800bed3dd5803a,0,True,,208,51199,full_posterior,64,0.002155510834610226,0.5402462856081622,128,test_prob_896,test_prob_896,6208,1,1.0006505394245047,1,0.16556736788478435,1.0,dynamics_h_0p02_stage_2,ok,cffc441cee2bd015a78c885c0750263a0ede3b1b8b3eb5af88b7ed906fea8e96,deep_m0064_r1,validation_or_superseded
3,deep,final_geometry_v15_20260930,4327fe4ece9317f6fd20fad18389a71e9b1f423b,32,0.056679485200787,0.02074900758691479,True,0.07411295631598883,3973.735599412646,3796.6815323375417,5264.810050809843,16f90fa96fd42672b1b3e52e74db498c96fa2cf07fe3fa186e800bed3dd5803a,0,True,,132,51199,full_posterior,64,0.010690465421594806,0.0653962207583879,128,interaction_0,interaction_0,6208,1,1.001267046986889,1,0.694628517022093,1.0,dynamics_h_0p02_stage_2,ok,cffc441cee2bd015a78c885c0750263a0ede3b1b8b3eb5af88b7ed906fea8e96,deep_m0064_r1,validation_or_superseded
3,deep,final_geometry_v15_20260930,4327fe4ece9317f6fd20fad18389a71e9b1f423b,32,0.04377829981855976,0.020266358636399334,True,0.04759905241654968,3537.8210557900834,3449.1059538608747,5446.324670464659,16f90fa96fd42672b1b3e52e74db498c96fa2cf07fe3fa186e800bed3dd5803a,0,True,,174,51199,full_posterior,64,0.010646498371299962,0.04568867611755473,128,interaction_1,interaction_1,6208,1,1.0006839706384296,1,0.6804917269655157,1.0,dynamics_h_0p02_stage_2,ok,cffc441cee2bd015a78c885c0750263a0ede3b1b8b3eb5af88b7ed906fea8e96,deep_m0064_r1,validation_or_superseded
3,deep,final_geometry_v15_20260930,4327fe4ece9317f6fd20fad18389a71e9b1f423b,32,0.07813892467622385,0.02141609453597917,True,0.0652590351354765,3719.214709156074,3542.734360068175,4685.94080216889,16f90fa96fd42672b1b3e52e74db498c96fa2cf07fe3fa186e800bed3dd5803a,0,True,,118,51199,full_posterior,64,0.010582970995649877,0.07169897990585018,128,interaction_2,interaction_2,6208,1,1.001057651390199,1,0.6987127948307278,1.0,dynamics_h_0p02_stage_2,ok,cffc441cee2bd015a78c885c0750263a0ede3b1b8b3eb5af88b7ed906fea8e96,deep_m0064_r1,validation_or_superseded
3,deep,final_geometry_v15_20260930,4327fe4ece9317f6fd20fad18389a71e9b1f423b,32,0.04054456503456593,0.0207690904741624,True,0.07447194882207055,3577.9373175836904,3423.4680839835205,5043.672051120781,16f90fa96fd42672b1b3e52e74db498c96fa2cf07fe3fa186e800bed3dd5803a,0,True,,174,51199,full_posterior,64,0.010999917330061228,0.057508256928318235,128,interaction_3,interaction_3,6208,1,1.0018332438427962,1,0.684836125899432,1.0,dynamics_h_0p02_stage_2,ok,cffc441cee2bd015a78c885c0750263a0ede3b1b8b3eb5af88b7ed906fea8e96,deep_m0064_r1,validation_or_superseded
3,deep,final_geometry_v15_20260930,4327fe4ece9317f6fd20fad18389a71e9b1f423b,32,0.2924769201971085,0.044735094894233864,True,0.15596316482284148,1421.0408191857885,1415.4098291230605,2757.490791974551,16f90fa96fd42672b1b3e52e74db498c96fa2cf07fe3fa186e800bed3dd5803a,0,True,,286,51199,full_posterior,64,0.0243125951965351,0.22422004250997496,128,q_A,q_A,6208,1,1.0029772711124252,1,1.090670064669096,1.0,dynamics_h_0p02_stage_2,ok,cffc441cee2bd015a78c885c0750263a0ede3b1b8b3eb5af88b7ed906fea8e96,deep_m0064_r1,validation_or_superseded
3,deep,final_geometry_v15_20260930,4327fe4ece9317f6fd20fad18389a71e9b1f423b,32,-0.05328547164083701,0.037499563851786835,True,-0.10310876835856402,2075.593442238748,2075.566775479502,4121.409981335531,16f90fa96fd42672b1b3e52e74db498c96fa2cf07fe3fa186e800bed3dd5803a,0,True,,220,51199,full_posterior,64,0.019677409419009733,-0.07819711999970051,128,q_W,q_W,6208,1,1.0031951726744304,1,1.0024041240270203,1.0,dynamics_h_0p02_stage_2,ok,cffc441cee2bd015a78c885c0750263a0ede3b1b8b3eb5af88b7ed906fea8e96,deep_m0064_r1,validation_or_superseded
3,deep,final_geometry_v15_20260930,4327fe4ece9317f6fd20fad18389a71e9b1f423b,32,1.1985562696041618,0.005599799759602699,True,1.2028593097894458,4068.5777594549536,4023.369276510652,7960.270363360891,16f90fa96fd42672b1b3e52e74db498c96fa2cf07fe3fa186e800bed3dd5803a,0,True,,232,51199,full_posterior,64,0.0028736539433814436,1.200707789696804,128,disp_A,disp_A,6208,1,1.001280358423847,1,0.19651149344802096,1.0,dynamics_h_0p02_stage_2,ok,cffc441cee2bd015a78c885c0750263a0ede3b1b8b3eb5af88b7ed906fea8e96,deep_m0064_r1,validation_or_superseded
3,deep,final_geometry_v15_20260930,4327fe4ece9317f6fd20fad18389a71e9b1f423b,32,1.0002431939784093,0.0009325541227090914,True,0.9999366318013329,3366.8543091682454,3357.6600088885616,7763.138549427379,16f90fa96fd42672b1b3e52e74db498c96fa2cf07fe3fa186e800bed3dd5803a,0,True,,242,51199,full_posterior,64,0.0004819561479607382,1.0000899128898713,128,disp_W1,disp_W1,6208,1,1.0009983318103535,1,0.031200107080514662,1.0,dynamics_h_0p02_stage_2,ok,cffc441cee2bd015a78c885c0750263a0ede3b1b8b3eb5af88b7ed906fea8e96,deep_m0064_r1,validation_or_superseded
3,deep,final_geometry_v15_20260930,4327fe4ece9317f6fd20fad18389a71e9b1f423b,32,1.002050075392945,0.0006652858107402289,True,1.0019150132914003,3689.4341226811052,3685.745650113391,7857.359110423938,16f90fa96fd42672b1b3e52e74db498c96fa2cf07fe3fa186e800bed3dd5803a,0,True,,136,51199,full_posterior,64,0.0003443856595195251,1.0019825443421728,128,disp_W2,disp_W2,6208,1,1.0015426108772933,1,0.02236122418661502,1.0,dynamics_h_0p02_stage_2,ok,cffc441cee2bd015a78c885c0750263a0ede3b1b8b3eb5af88b7ed906fea8e96,deep_m0064_r1,validation_or_superseded
3,deep,final_geometry_v15_20260930,4327fe4ece9317f6fd20fad18389a71e9b1f423b,32,70.242530187586,0.10355578620543097,True,70.39535070476319,5055.017842680861,5062.697622708524,12303.397607687868,b805c7fff1e7078c23282a5d5aa160d3793608efb74d92fba16d3b28621e1ae9,0,True,,344,102399,full_posterior,64,0.05423313815021127,70.31894044617457,128,V,V,6208,2,1.000685390729329,1,4.192369762767353,1.0,dynamics_h_0p01_stage_2,ok,5e7e9d9b0e46c28d13a71799ccda6b52c4855a61024370dac3c38fe8cb82e7c3,deep_m0064_r2,production_final
3,deep,final_geometry_v15_20260930,4327fe4ece9317f6fd20fad18389a71e9b1f423b,32,3182.6772950181075,1.5734468263477288,True,3180.3403638029704,3943.5161218096955,3963.2758127771726,8888.480253598002,b805c7fff1e7078c23282a5d5aa160d3793608efb74d92fba16d3b28621e1ae9,0,True,,446,102399,full_posterior,64,0.8056493042600439,3181.508829410539,128,U,U,6208,2,1.0004240908678588,1,56.17375356439853,1.0,dynamics_h_0p01_stage_2,ok,5e7e9d9b0e46c28d13a71799ccda6b52c4855a61024370dac3c38fe8cb82e7c3,deep_m0064_r2,production_final
3,deep,final_geometry_v15_20260930,4327fe4ece9317f6fd20fad18389a71e9b1f423b,32,-0.23908684018394166,0.011807323050710802,True,-0.2639580889665039,5273.508100183502,5268.783415239746,12909.110026640968,b805c7fff1e7078c23282a5d5aa160d3793608efb74d92fba16d3b28621e1ae9,0,True,,866,102399,full_posterior,64,0.006155332593082114,-0.25152246457522287,128,train_logit_0,train_logit_0,6208,2,1.000990885167241,1,0.48959889684951935,1.0,dynamics_h_0p01_stage_2,ok,5e7e9d9b0e46c28d13a71799ccda6b52c4855a61024370dac3c38fe8cb82e7c3,deep_m0064_r2,production_final
3,deep,final_geometry_v15_20260930,4327fe4ece9317f6fd20fad18389a71e9b1f423b,32,0.33943253446983923,0.010845563430931095,True,0.3109453344435094,5891.2582900175485,5883.48660102197,14559.514748789597,b805c7fff1e7078c23282a5d5aa160d3793608efb74d92fba16d3b28621e1ae9,0,True,,268,102399,full_posterior,64,0.005706377870261293,0.32518893445667424,128,train_logit_16,train_logit_16,6208,2,1.0017800529921175,1,0.46788984589512345,1.0,dynamics_h_0p01_stage_2,ok,5e7e9d9b0e46c28d13a71799ccda6b52c4855a61024370dac3c38fe8cb82e7c3,deep_m0064_r2,production_final
3,deep,final_geometry_v15_20260930,4327fe4ece9317f6fd20fad18389a71e9b1f423b,32,-0.4416376180948006,0.010500692461054017,True,-0.4287452216988797,6393.232406044035,6420.757820105861,15034.445104047247,b805c7fff1e7078c23282a5d5aa160d3793608efb74d92fba16d3b28621e1ae9,0,True,,318,102399,full_posterior,64,0.0054050327288179215,-0.43519141989684007,128,train_logit_32,train_logit_32,6208,2,1.0014838436653706,1,0.46063987971792747,1.0,dynamics_h_0p01_stage_2,ok,5e7e9d9b0e46c28d13a71799ccda6b52c4855a61024370dac3c38fe8cb82e7c3,deep_m0064_r2,production_final
3,deep,final_geometry_v15_20260930,4327fe4ece9317f6fd20fad18389a71e9b1f423b,32,-0.7308792357356648,0.011386408004632097,True,-0.7118280467451674,5697.98159517549,5704.685817131258,12465.613677245137,b805c7fff1e7078c23282a5d5aa160d3793608efb74d92fba16d3b28621e1ae9,0,True,,326,102399,full_posterior,64,0.0059349071881428595,-0.7213536412404159,128,train_logit_48,train_logit_48,6208,2,1.00032235336871,1,0.4831609472160209,1.0,dynamics_h_0p01_stage_2,ok,5e7e9d9b0e46c28d13a71799ccda6b52c4855a61024370dac3c38fe8cb82e7c3,deep_m0064_r2,production_final
3,deep,final_geometry_v15_20260930,4327fe4ece9317f6fd20fad18389a71e9b1f423b,32,0.3134350745946386,0.010769354085043193,True,0.3031595568207953,6479.79612724978,6487.434848786249,15423.59508408094,b805c7fff1e7078c23282a5d5aa160d3793608efb74d92fba16d3b28621e1ae9,0,True,,200,102399,full_posterior,64,0.005566424070930852,0.3082973157077171,128,train_logit_64,train_logit_64,6208,2,1.0012287636240422,1,0.47048376107552276,1.0,dynamics_h_0p01_stage_2,ok,5e7e9d9b0e46c28d13a71799ccda6b52c4855a61024370dac3c38fe8cb82e7c3,deep_m0064_r2,production_final
3,deep,final_geometry_v15_20260930,4327fe4ece9317f6fd20fad18389a71e9b1f423b,32,-0.4944833377837089,0.01070160121612607,True,-0.4849269920697894,6215.735970287966,6220.766628149666,15272.647441978666,b805c7fff1e7078c23282a5d5aa160d3793608efb74d92fba16d3b28621e1ae9,0,True,,344,102399,full_posterior,64,0.005507272184864899,-0.48970516492674926,128,train_logit_80,train_logit_80,6208,2,1.0006851354835369,1,0.46618784592349766,1.0,dynamics_h_0p01_stage_2,ok,5e7e9d9b0e46c28d13a71799ccda6b52c4855a61024370dac3c38fe8cb82e7c3,deep_m0064_r2,production_final
3,deep,final_geometry_v15_20260930,4327fe4ece9317f6fd20fad18389a71e9b1f423b,32,-0.7352507241046615,0.010789195731168506,True,-0.7182828276100611,5671.7449919800665,5672.80151076079,13259.458237125697,b805c7fff1e7078c23282a5d5aa160d3793608efb74d92fba16d3b28621e1ae9,0,True,,306,102399,full_posterior,64,0.005589613558298743,-0.7267667758573615,128,train_logit_96,train_logit_96,6208,2,1.0004813283584275,1,0.4628108068690783,1.0,dynamics_h_0p01_stage_2,ok,5e7e9d9b0e46c28d13a71799ccda6b52c4855a61024370dac3c38fe8cb82e7c3,deep_m0064_r2,production_final
3,deep,final_geometry_v15_20260930,4327fe4ece9317f6fd20fad18389a71e9b1f423b,32,0.6547194134469788,0.010223963951477351,True,0.6349838746788253,6097.361486578649,6096.740274821866,15181.354582228325,b805c7fff1e7078c23282a5d5aa160d3793608efb74d92fba16d3b28621e1ae9,0,True,,312,102399,full_posterior,64,0.0052753829034573735,0.644851644062902,128,train_logit_112,train_logit_112,6208,2,1.0009572168713805,1,0.45303164948062175,1.0,dynamics_h_0p01_stage_2,ok,5e7e9d9b0e46c28d13a71799ccda6b52c4855a61024370dac3c38fe8cb82e7c3,deep_m0064_r2,production_final
3,deep,final_geometry_v15_20260930,4327fe4ece9317f6fd20fad18389a71e9b1f423b,32,0.4278965935299746,0.0035150442044052325,True,0.4252076613609622,5759.755968421582,5799.960288658166,13177.70850258875,b805c7fff1e7078c23282a5d5aa160d3793608efb74d92fba16d3b28621e1ae9,0,True,,312,102399,full_posterior,64,0.0018717304144481152,0.4265521274454686,128,test_prob_0,test_prob_0,6208,2,1.0004296495197371,1,0.1511737492175663,1.0,dynamics_h_0p01_stage_2,ok,5e7e9d9b0e46c28d13a71799ccda6b52c4855a61024370dac3c38fe8cb82e7c3,deep_m0064_r2,production_final
3,deep,final_geometry_v15_20260930,4327fe4ece9317f6fd20fad18389a71e9b1f423b,32,0.410354941506174,0.0035809109857765455,True,0.4023742888804748,5216.822753503758,5215.55504328313,12866.53484495289,b805c7fff1e7078c23282a5d5aa160d3793608efb74d92fba16d3b28621e1ae9,0,True,,558,102399,full_posterior,64,0.001892183479319663,0.40636461519332434,128,test_prob_128,test_prob_128,6208,2,1.0012385053945105,1,0.15156061408279106,1.0,dynamics_h_0p01_stage_2,ok,5e7e9d9b0e46c28d13a71799ccda6b52c4855a61024370dac3c38fe8cb82e7c3,deep_m0064_r2,production_final
3,deep,final_geometry_v15_20260930,4327fe4ece9317f6fd20fad18389a71e9b1f423b,32,0.7075297483824383,0.003229971839665849,True,0.7119671362387986,4924.3602919455325,5067.556358598703,11767.774524188544,b805c7fff1e7078c23282a5d5aa160d3793608efb74d92fba16d3b28621e1ae9,0,True,,434,102399,full_posterior,64,0.0016882527282824121,0.7097484423106182,128,test_prob_256,test_prob_256,6208,2,1.0006350494775662,1,0.13307595769963954,1.0,dynamics_h_0p01_stage_2,ok,5e7e9d9b0e46c28d13a71799ccda6b52c4855a61024370dac3c38fe8cb82e7c3,deep_m0064_r2,production_final
3,deep,final_geometry_v15_20260930,4327fe4ece9317f6fd20fad18389a71e9b1f423b,32,0.7761797551370635,0.002562647850111317,True,0.7715279427683234,6009.436278227142,6311.451336508229,13769.179400833385,b805c7fff1e7078c23282a5d5aa160d3793608efb74d92fba16d3b28621e1ae9,0,True,,256,102399,full_posterior,64,0.0013103854954614389,0.7738538489526932,128,test_prob_384,test_prob_384,6208,2,1.000603873228228,1,0.11239711022704461,1.0,dynamics_h_0p01_stage_2,ok,5e7e9d9b0e46c28d13a71799ccda6b52c4855a61024370dac3c38fe8cb82e7c3,deep_m0064_r2,production_final
3,deep,final_geometry_v15_20260930,4327fe4ece9317f6fd20fad18389a71e9b1f423b,32,0.39528081764352685,0.0035529473808555696,True,0.39840664723943225,5802.199140510867,5757.116968334294,14239.748493208635,b805c7fff1e7078c23282a5d5aa160d3793608efb74d92fba16d3b28621e1ae9,0,True,,304,102399,full_posterior,64,0.0018294810389324252,0.39684373244147964,128,test_prob_512,test_prob_512,6208,2,1.0003938703275304,1,0.15099592583097596,1.0,dynamics_h_0p01_stage_2,ok,5e7e9d9b0e46c28d13a71799ccda6b52c4855a61024370dac3c38fe8cb82e7c3,deep_m0064_r2,production_final
3,deep,final_geometry_v15_20260930,4327fe4ece9317f6fd20fad18389a71e9b1f423b,32,0.6721904144266745,0.0034261213338730783,True,0.6700946542662526,5236.702371720674,5225.637066019169,12701.491019963301,b805c7fff1e7078c23282a5d5aa160d3793608efb74d92fba16d3b28621e1ae9,0,True,,454,102399,full_posterior,64,0.0017905204676134235,0.6711425343464638,128,test_prob_640,test_prob_640,6208,2,1.0002321172323414,1,0.14190091759462536,1.0,dynamics_h_0p01_stage_2,ok,5e7e9d9b0e46c28d13a71799ccda6b52c4855a61024370dac3c38fe8cb82e7c3,deep_m0064_r2,production_final
3,deep,final_geometry_v15_20260930,4327fe4ece9317f6fd20fad18389a71e9b1f423b,32,0.6811190392321654,0.0032638527347867118,True,0.6875500218657803,5271.562535082969,5390.533622337288,13183.123265198657,b805c7fff1e7078c23282a5d5aa160d3793608efb74d92fba16d3b28621e1ae9,0,True,,340,102399,full_posterior,64,0.001698298403249231,0.6843345305489729,128,test_prob_768,test_prob_768,6208,2,1.001382381596728,1,0.1379796293073554,1.0,dynamics_h_0p01_stage_2,ok,5e7e9d9b0e46c28d13a71799ccda6b52c4855a61024370dac3c38fe8cb82e7c3,deep_m0064_r2,production_final
3,deep,final_geometry_v15_20260930,4327fe4ece9317f6fd20fad18389a71e9b1f423b,32,0.4594138281234533,0.0037717652488658228,True,0.4624518977661913,4898.328024755152,4945.434922885869,12767.156256160346,b805c7fff1e7078c23282a5d5aa160d3793608efb74d92fba16d3b28621e1ae9,0,True,,424,102399,full_posterior,64,0.0019832511793233094,0.46093286294482233,128,test_prob_896,test_prob_896,6208,2,1.0004971721984959,1,0.1576071621946188,1.0,dynamics_h_0p01_stage_2,ok,5e7e9d9b0e46c28d13a71799ccda6b52c4855a61024370dac3c38fe8cb82e7c3,deep_m0064_r2,production_final
3,deep,final_geometry_v15_20260930,4327fe4ece9317f6fd20fad18389a71e9b1f423b,32,-0.04561263324481041,0.01888304691495237,True,-0.06628533826603125,3940.476991430832,3762.363393073651,5765.706862838866,b805c7fff1e7078c23282a5d5aa160d3793608efb74d92fba16d3b28621e1ae9,0,True,,260,102399,full_posterior,64,0.00987876407672435,-0.05594898575542083,128,interaction_0,interaction_0,6208,2,1.00090264082631,1,0.6610656277278455,1.0,dynamics_h_0p01_stage_2,ok,5e7e9d9b0e46c28d13a71799ccda6b52c4855a61024370dac3c38fe8cb82e7c3,deep_m0064_r2,production_final
3,deep,final_geometry_v15_20260930,4327fe4ece9317f6fd20fad18389a71e9b1f423b,32,-0.06884336054790112,0.01895222416834112,True,-0.04166910691125009,3792.3458210402064,3618.252203950885,5369.623066687441,b805c7fff1e7078c23282a5d5aa160d3793608efb74d92fba16d3b28621e1ae9,0,True,,486,102399,full_posterior,64,0.01005181433351581,-0.0552562337295756,128,interaction_1,interaction_1,6208,2,1.0009649823236304,1,0.668570868877326,1.0,dynamics_h_0p01_stage_2,ok,5e7e9d9b0e46c28d13a71799ccda6b52c4855a61024370dac3c38fe8cb82e7c3,deep_m0064_r2,production_final
3,deep,final_geometry_v15_20260930,4327fe4ece9317f6fd20fad18389a71e9b1f423b,32,-0.027901767834222175,0.0186011311735921,True,-0.03846565520532839,4082.665701110885,3928.359705291979,5712.040805104632,b805c7fff1e7078c23282a5d5aa160d3793608efb74d92fba16d3b28621e1ae9,0,True,,248,102399,full_posterior,64,0.009754508477288678,-0.0331837115197753,128,interaction_2,interaction_2,6208,2,1.0008256906927193,1,0.6586985156754732,1.0,dynamics_h_0p01_stage_2,ok,5e7e9d9b0e46c28d13a71799ccda6b52c4855a61024370dac3c38fe8cb82e7c3,deep_m0064_r2,production_final
3,deep,final_geometry_v15_20260930,4327fe4ece9317f6fd20fad18389a71e9b1f423b,32,-0.04497809941201535,0.01867150613443401,True,-0.06341676074683794,3874.0370368314484,3749.2013758480584,5986.658811981206,b805c7fff1e7078c23282a5d5aa160d3793608efb74d92fba16d3b28621e1ae9,0,True,,324,102399,full_posterior,64,0.00982446325748365,-0.05419743007942666,128,interaction_3,interaction_3,6208,2,1.0011038868192306,1,0.6653146935173367,1.0,dynamics_h_0p01_stage_2,ok,5e7e9d9b0e46c28d13a71799ccda6b52c4855a61024370dac3c38fe8cb82e7c3,deep_m0064_r2,production_final
3,deep,final_geometry_v15_20260930,4327fe4ece9317f6fd20fad18389a71e9b1f423b,32,0.16201434329014874,0.0381249533586506,True,0.08248075036839866,1144.4015814097738,1119.3902811355279,2729.073316655384,b805c7fff1e7078c23282a5d5aa160d3793608efb74d92fba16d3b28621e1ae9,0,True,,3074,102399,full_posterior,64,0.021144644336910184,0.12224754682927369,128,q_A,q_A,6208,2,1.003992570036908,1,1.0524146706080164,1.0,dynamics_h_0p01_stage_2,ok,5e7e9d9b0e46c28d13a71799ccda6b52c4855a61024370dac3c38fe8cb82e7c3,deep_m0064_r2,production_final
3,deep,final_geometry_v15_20260930,4327fe4ece9317f6fd20fad18389a71e9b1f423b,32,0.08542785210762549,0.03469019098101062,True,-0.025293911425005762,2036.3656043475396,2027.983713530373,4426.7834907118095,b805c7fff1e7078c23282a5d5aa160d3793608efb74d92fba16d3b28621e1ae9,0,True,,1192,102399,full_posterior,64,0.018406517628340554,0.03006697034130986,128,q_W,q_W,6208,2,1.0043880180393212,1,1.0056171965734069,1.0,dynamics_h_0p01_stage_2,ok,5e7e9d9b0e46c28d13a71799ccda6b52c4855a61024370dac3c38fe8cb82e7c3,deep_m0064_r2,production_final
3,deep,final_geometry_v15_20260930,4327fe4ece9317f6fd20fad18389a71e9b1f423b,32,1.1168230479861645,0.005224578005348295,True,1.103874838646083,3948.0558998582383,3938.7007438317137,8147.493879957856,b805c7fff1e7078c23282a5d5aa160d3793608efb74d92fba16d3b28621e1ae9,0,True,,260,102399,full_posterior,64,0.0027671288125213564,1.110348943316124,128,disp_A,disp_A,6208,2,1.0010775073814664,1,0.18625065274699462,1.0,dynamics_h_0p01_stage_2,ok,5e7e9d9b0e46c28d13a71799ccda6b52c4855a61024370dac3c38fe8cb82e7c3,deep_m0064_r2,production_final
3,deep,final_geometry_v15_20260930,4327fe4ece9317f6fd20fad18389a71e9b1f423b,32,1.000202007577019,0.0008781054098502468,True,1.000552211823545,4196.220400665703,4187.4128716291825,8377.85361608882,b805c7fff1e7078c23282a5d5aa160d3793608efb74d92fba16d3b28621e1ae9,0,True,,256,102399,full_posterior,64,0.00044995000666602885,1.0003771097002823,128,disp_W1,disp_W1,6208,2,1.0002642477427748,1,0.03117735183516847,1.0,dynamics_h_0p01_stage_2,ok,5e7e9d9b0e46c28d13a71799ccda6b52c4855a61024370dac3c38fe8cb82e7c3,deep_m0064_r2,production_final
3,deep,final_geometry_v15_20260930,4327fe4ece9317f6fd20fad18389a71e9b1f423b,32,1.00219217360161,0.0006302819775910302,True,1.0010036881612416,4037.2895947909183,4055.6460621946335,9003.437395846593,b805c7fff1e7078c23282a5d5aa160d3793608efb74d92fba16d3b28621e1ae9,0,True,,466,102399,full_posterior,64,0.0003255036449011995,1.0015979308814256,128,disp_W2,disp_W2,6208,2,1.0006179673976223,1,0.02247052352056555,1.0,dynamics_h_0p01_stage_2,ok,5e7e9d9b0e46c28d13a71799ccda6b52c4855a61024370dac3c38fe8cb82e7c3,deep_m0064_r2,production_final
3,deep,final_geometry_v15_20260930,4327fe4ece9317f6fd20fad18389a71e9b1f423b,32,70.387436424368,0.11337295578747615,True,70.4151321672853,4365.753846146747,4382.872984794953,11493.220561207425,ec32b32a49132cef6cd2f991b53a647c9fa35e0d2f01bed3fe1dba7147f8c193,0,True,,210,51199,full_posterior,64,0.057559856969557587,70.40128429582664,128,V,V,6208,2,1.0020962563183087,1,4.226733769893173,1.0,dynamics_h_0p02_stage_2,ok,5e7e9d9b0e46c28d13a71799ccda6b52c4855a61024370dac3c38fe8cb82e7c3,deep_m0064_r2,validation_or_superseded
3,deep,final_geometry_v15_20260930,4327fe4ece9317f6fd20fad18389a71e9b1f423b,32,3182.6451479149096,1.6457914523224344,True,3179.1781798669344,3529.121212856637,3528.0049427901445,8687.56599225847,ec32b32a49132cef6cd2f991b53a647c9fa35e0d2f01bed3fe1dba7147f8c193,0,True,,322,51199,full_posterior,64,0.8481216092727549,3180.9116638909222,128,U,U,6208,2,1.0015353377334926,1,55.74202841679195,1.0,dynamics_h_0p02_stage_2,ok,5e7e9d9b0e46c28d13a71799ccda6b52c4855a61024370dac3c38fe8cb82e7c3,deep_m0064_r2,validation_or_superseded
3,deep,final_geometry_v15_20260930,4327fe4ece9317f6fd20fad18389a71e9b1f423b,32,-0.25675578764557333,0.012505377788038313,True,-0.2754683135287825,4615.594724258497,4611.142008690262,10743.149723133925,ec32b32a49132cef6cd2f991b53a647c9fa35e0d2f01bed3fe1dba7147f8c193,0,True,,238,51199,full_posterior,64,0.006497896723670667,-0.26611205058717785,128,train_logit_0,train_logit_0,6208,2,1.0004889651319326,1,0.48856849255610607,1.0,dynamics_h_0p02_stage_2,ok,5e7e9d9b0e46c28d13a71799ccda6b52c4855a61024370dac3c38fe8cb82e7c3,deep_m0064_r2,validation_or_superseded
3,deep,final_geometry_v15_20260930,4327fe4ece9317f6fd20fad18389a71e9b1f423b,32,0.3222272137943425,0.011169290084355984,True,0.32475646811539094,5837.363959960514,5809.2000803863975,14265.233885202844,ec32b32a49132cef6cd2f991b53a647c9fa35e0d2f01bed3fe1dba7147f8c193,0,True,,250,51199,full_posterior,64,0.005674898744215288,0.3234918409548666,128,train_logit_16,train_logit_16,6208,2,1.0007438355982037,1,0.468535962676454,1.0,dynamics_h_0p02_stage_2,ok,5e7e9d9b0e46c28d13a71799ccda6b52c4855a61024370dac3c38fe8cb82e7c3,deep_m0064_r2,validation_or_superseded
3,deep,final_geometry_v15_20260930,4327fe4ece9317f6fd20fad18389a71e9b1f423b,32,-0.4340349198916114,0.010850189725983301,True,-0.42655855485354627,6510.348079945919,6494.670633694721,15245.267525866637,ec32b32a49132cef6cd2f991b53a647c9fa35e0d2f01bed3fe1dba7147f8c193,0,True,,126,51199,full_posterior,64,0.005509351630868245,-0.4302967373725788,128,train_logit_32,train_logit_32,6208,2,1.0011623571508885,1,0.4624958029700099,1.0,dynamics_h_0p02_stage_2,ok,5e7e9d9b0e46c28d13a71799ccda6b52c4855a61024370dac3c38fe8cb82e7c3,deep_m0064_r2,validation_or_superseded
3,deep,final_geometry_v15_20260930,4327fe4ece9317f6fd20fad18389a71e9b1f423b,32,-0.7179105412271674,0.012030435204322945,True,-0.7237334581643213,5431.3271199381725,5432.936294435996,13143.070720073623,ec32b32a49132cef6cd2f991b53a647c9fa35e0d2f01bed3fe1dba7147f8c193,0,True,,164,51199,full_posterior,64,0.006139923281909201,-0.7208219996957445,128,train_logit_48,train_logit_48,6208,2,1.0006873478539413,1,0.4828144802496043,1.0,dynamics_h_0p02_stage_2,ok,5e7e9d9b0e46c28d13a71799ccda6b52c4855a61024370dac3c38fe8cb82e7c3,deep_m0064_r2,validation_or_superseded
3,deep,final_geometry_v15_20260930,4327fe4ece9317f6fd20fad18389a71e9b1f423b,32,0.28358999131150936,0.011383624948220697,True,0.29516678593793605,5603.941804078848,5604.015531952326,14333.525157878512,ec32b32a49132cef6cd2f991b53a647c9fa35e0d2f01bed3fe1dba7147f8c193,0,True,,196,51199,full_posterior,64,0.005768318442838546,0.2893783886247227,128,train_logit_64,train_logit_64,6208,2,1.0011312603521807,1,0.46956992077184073,1.0,dynamics_h_0p02_stage_2,ok,5e7e9d9b0e46c28d13a71799ccda6b52c4855a61024370dac3c38fe8cb82e7c3,deep_m0064_r2,validation_or_superseded
3,deep,final_geometry_v15_20260930,4327fe4ece9317f6fd20fad18389a71e9b1f423b,32,-0.4865604817629629,0.010860494158906709,True,-0.4845914793478198,6432.266071543827,6442.609536350989,15795.244261176913,ec32b32a49132cef6cd2f991b53a647c9fa35e0d2f01bed3fe1dba7147f8c193,0,True,,110,51199,full_posterior,64,0.005456193727341984,-0.48557598055539125,128,train_logit_80,train_logit_80,6208,2,1.0007692181904064,1,0.4655939972785914,1.0,dynamics_h_0p02_stage_2,ok,5e7e9d9b0e46c28d13a71799ccda6b52c4855a61024370dac3c38fe8cb82e7c3,deep_m0064_r2,validation_or_superseded
3,deep,final_geometry_v15_20260930,4327fe4ece9317f6fd20fad18389a71e9b1f423b,32,-0.7218935406413146,0.010954452377940254,True,-0.7443863597632765,6169.550455954496,6157.764407760689,14572.884198829872,ec32b32a49132cef6cd2f991b53a647c9fa35e0d2f01bed3fe1dba7147f8c193,0,True,,146,51199,full_posterior,64,0.005558237049217884,-0.7331399502022955,128,train_logit_96,train_logit_96,6208,2,1.0009463137148713,1,0.4631373518808211,1.0,dynamics_h_0p02_stage_2,ok,5e7e9d9b0e46c28d13a71799ccda6b52c4855a61024370dac3c38fe8cb82e7c3,deep_m0064_r2,validation_or_superseded
3,deep,final_geometry_v15_20260930,4327fe4ece9317f6fd20fad18389a71e9b1f423b,32,0.6341163466882235,0.010270946009215005,True,0.6284472981702652,6234.770368985862,6231.005489002598,15178.373317974763,ec32b32a49132cef6cd2f991b53a647c9fa35e0d2f01bed3fe1dba7147f8c193,0,True,,244,51199,full_posterior,64,0.005170778074851714,0.6312818224292444,128,train_logit_112,train_logit_112,6208,2,1.001379473362382,1,0.4446938443785625,1.0,dynamics_h_0p02_stage_2,ok,5e7e9d9b0e46c28d13a71799ccda6b52c4855a61024370dac3c38fe8cb82e7c3,deep_m0064_r2,validation_or_superseded
3,deep,final_geometry_v15_20260930,4327fe4ece9317f6fd20fad18389a71e9b1f423b,32,0.4304630637384137,0.003718955620129264,True,0.4281364838218409,5541.4520660064445,5587.888664966832,13359.620970304473,ec32b32a49132cef6cd2f991b53a647c9fa35e0d2f01bed3fe1dba7147f8c193,0,True,,170,51199,full_posterior,64,0.0018746252554452767,0.4292997737801273,128,test_prob_0,test_prob_0,6208,2,1.0005862710058244,1,0.15163034284855043,1.0,dynamics_h_0p02_stage_2,ok,5e7e9d9b0e46c28d13a71799ccda6b52c4855a61024370dac3c38fe8cb82e7c3,deep_m0064_r2,validation_or_superseded
3,deep,final_geometry_v15_20260930,4327fe4ece9317f6fd20fad18389a71e9b1f423b,32,0.4076232875692651,0.0037953855695587167,True,0.40440429693139146,4869.499562838449,4952.387663369813,11838.614200776052,ec32b32a49132cef6cd2f991b53a647c9fa35e0d2f01bed3fe1dba7147f8c193,0,True,,226,51199,full_posterior,64,0.00197220321122548,0.4060137922503283,128,test_prob_128,test_prob_128,6208,2,1.0013170242404583,1,0.15083361747305438,1.0,dynamics_h_0p02_stage_2,ok,5e7e9d9b0e46c28d13a71799ccda6b52c4855a61024370dac3c38fe8cb82e7c3,deep_m0064_r2,validation_or_superseded
3,deep,final_geometry_v15_20260930,4327fe4ece9317f6fd20fad18389a71e9b1f423b,32,0.7121299371735985,0.0033792551474957477,True,0.7100337739484901,5076.225102457266,5269.803278687788,11428.98884813135,ec32b32a49132cef6cd2f991b53a647c9fa35e0d2f01bed3fe1dba7147f8c193,0,True,,190,51199,full_posterior,64,0.0017261112565038698,0.7110818555610443,128,test_prob_256,test_prob_256,6208,2,1.0009180815922178,1,0.1336957272318823,1.0,dynamics_h_0p02_stage_2,ok,5e7e9d9b0e46c28d13a71799ccda6b52c4855a61024370dac3c38fe8cb82e7c3,deep_m0064_r2,validation_or_superseded
3,deep,final_geometry_v15_20260930,4327fe4ece9317f6fd20fad18389a71e9b1f423b,32,0.7773888849285063,0.0028134303545257235,True,0.7738312115337309,4923.198500394099,5200.794872107435,12575.577080974203,ec32b32a49132cef6cd2f991b53a647c9fa35e0d2f01bed3fe1dba7147f8c193,0,True,,224,51199,full_posterior,64,0.0014538429347828788,0.7756100482311185,128,test_prob_384,test_prob_384,6208,2,1.0016090470103316,1,0.11320811840595212,1.0,dynamics_h_0p02_stage_2,ok,5e7e9d9b0e46c28d13a71799ccda6b52c4855a61024370dac3c38fe8cb82e7c3,deep_m0064_r2,validation_or_superseded
3,deep,final_geometry_v15_20260930,4327fe4ece9317f6fd20fad18389a71e9b1f423b,32,0.3948161759894087,0.0037352904485263897,True,0.4004397199529576,4959.518762041483,4987.947553674773,12031.703105064833,ec32b32a49132cef6cd2f991b53a647c9fa35e0d2f01bed3fe1dba7147f8c193,0,True,,222,51199,full_posterior,64,0.0019403870867434232,0.3976279479711831,128,test_prob_512,test_prob_512,6208,2,1.0010297081435273,1,0.14996716709841582,1.0,dynamics_h_0p02_stage_2,ok,5e7e9d9b0e46c28d13a71799ccda6b52c4855a61024370dac3c38fe8cb82e7c3,deep_m0064_r2,validation_or_superseded
3,deep,final_geometry_v15_20260930,4327fe4ece9317f6fd20fad18389a71e9b1f423b,32,0.668214074130111,0.0035767810608615894,True,0.6678574219054095,5380.499810589946,5434.084341598125,13454.546959585454,ec32b32a49132cef6cd2f991b53a647c9fa35e0d2f01bed3fe1dba7147f8c193,0,True,,132,51199,full_posterior,64,0.0018049106631340918,0.6680357480177603,128,test_prob_640,test_prob_640,6208,2,1.0003853362509376,1,0.14311994793273622,1.0,dynamics_h_0p02_stage_2,ok,5e7e9d9b0e46c28d13a71799ccda6b52c4855a61024370dac3c38fe8cb82e7c3,deep_m0064_r2,validation_or_superseded
3,deep,final_geometry_v15_20260930,4327fe4ece9317f6fd20fad18389a71e9b1f423b,32,0.6822928626896062,0.0034569814909526796,True,0.6780902184675537,5449.761896167978,5652.791832179934,12425.300157932088,ec32b32a49132cef6cd2f991b53a647c9fa35e0d2f01bed3fe1dba7147f8c193,0,True,,230,51199,full_posterior,64,0.0017298095267728637,0.6801915405785799,128,test_prob_768,test_prob_768,6208,2,1.000542299178308,1,0.13906637050962994,1.0,dynamics_h_0p02_stage_2,ok,5e7e9d9b0e46c28d13a71799ccda6b52c4855a61024370dac3c38fe8cb82e7c3,deep_m0064_r2,validation_or_superseded
3,deep,final_geometry_v15_20260930,4327fe4ece9317f6fd20fad18389a71e9b1f423b,32,0.4600205132022296,0.004027198317839837,True,0.4577796036492291,5107.583723375896,5142.167222488121,12928.954083106246,ec32b32a49132cef6cd2f991b53a647c9fa35e0d2f01bed3fe1dba7147f8c193,0,True,,152,51199,full_posterior,64,0.0020757754277735195,0.45890005842572934,128,test_prob_896,test_prob_896,6208,2,1.0003615444374014,1,0.15824923450637549,1.0,dynamics_h_0p02_stage_2,ok,5e7e9d9b0e46c28d13a71799ccda6b52c4855a61024370dac3c38fe8cb82e7c3,deep_m0064_r2,validation_or_superseded
3,deep,final_geometry_v15_20260930,4327fe4ece9317f6fd20fad18389a71e9b1f423b,32,-0.05926828816456007,0.020181990596385983,True,-0.035100725738269715,3757.0285542175634,3630.7221814947256,5233.141301099473,ec32b32a49132cef6cd2f991b53a647c9fa35e0d2f01bed3fe1dba7147f8c193,0,True,,152,51199,full_posterior,64,0.010247734505451802,-0.04718450695141489,128,interaction_0,interaction_0,6208,2,1.0009377655517055,1,0.6655661229905826,1.0,dynamics_h_0p02_stage_2,ok,5e7e9d9b0e46c28d13a71799ccda6b52c4855a61024370dac3c38fe8cb82e7c3,deep_m0064_r2,validation_or_superseded
3,deep,final_geometry_v15_20260930,4327fe4ece9317f6fd20fad18389a71e9b1f423b,32,-0.05908715906060884,0.01907102603687882,True,-0.05037759542335889,4116.321776097971,3987.839627934118,5842.662300479042,ec32b32a49132cef6cd2f991b53a647c9fa35e0d2f01bed3fe1dba7147f8c193,0,True,,126,51199,full_posterior,64,0.009519643033861725,-0.054732377241983855,128,interaction_1,interaction_1,6208,2,1.001430199832163,1,0.6565892506983477,1.0,dynamics_h_0p02_stage_2,ok,5e7e9d9b0e46c28d13a71799ccda6b52c4855a61024370dac3c38fe8cb82e7c3,deep_m0064_r2,validation_or_superseded
3,deep,final_geometry_v15_20260930,4327fe4ece9317f6fd20fad18389a71e9b1f423b,32,-0.05039949980276293,0.01955680162471623,True,-0.02857929409213725,3873.8978119490534,3715.3435083047343,5552.816257481176,ec32b32a49132cef6cd2f991b53a647c9fa35e0d2f01bed3fe1dba7147f8c193,0,True,,188,51199,full_posterior,64,0.010054521247337309,-0.039489396947450094,128,interaction_2,interaction_2,6208,2,1.000663264439267,1,0.6608289093998742,1.0,dynamics_h_0p02_stage_2,ok,5e7e9d9b0e46c28d13a71799ccda6b52c4855a61024370dac3c38fe8cb82e7c3,deep_m0064_r2,validation_or_superseded
3,deep,final_geometry_v15_20260930,4327fe4ece9317f6fd20fad18389a71e9b1f423b,32,-0.026084016539336966,0.019839359534406173,True,-0.0669092092346889,3834.794242918364,3707.934155680477,6240.988759954988,ec32b32a49132cef6cd2f991b53a647c9fa35e0d2f01bed3fe1dba7147f8c193,0,True,,196,51199,full_posterior,64,0.010028995292151378,-0.04649661288701292,128,interaction_3,interaction_3,6208,2,1.0009135120775057,1,0.6506855246206722,1.0,dynamics_h_0p02_stage_2,ok,5e7e9d9b0e46c28d13a71799ccda6b52c4855a61024370dac3c38fe8cb82e7c3,deep_m0064_r2,validation_or_superseded
3,deep,final_geometry_v15_20260930,4327fe4ece9317f6fd20fad18389a71e9b1f423b,32,0.11058412810787889,0.041466809227089896,True,0.04511442410333269,1403.3983797377803,1454.1568341256577,3388.2209589242298,ec32b32a49132cef6cd2f991b53a647c9fa35e0d2f01bed3fe1dba7147f8c193,0,True,,1302,51199,full_posterior,64,0.022389926141798196,0.07784927610560578,128,q_A,q_A,6208,2,1.0065134936679276,1,1.0455292999769523,1.0,dynamics_h_0p02_stage_2,ok,5e7e9d9b0e46c28d13a71799ccda6b52c4855a61024370dac3c38fe8cb82e7c3,deep_m0064_r2,validation_or_superseded
3,deep,final_geometry_v15_20260930,4327fe4ece9317f6fd20fad18389a71e9b1f423b,32,0.017299224136692173,0.03685989834297117,True,0.045020315067177415,2062.6963375147634,2060.9724566481373,4638.671931276655,ec32b32a49132cef6cd2f991b53a647c9fa35e0d2f01bed3fe1dba7147f8c193,0,True,,234,51199,full_posterior,64,0.018886789476770863,0.031159769601934794,128,q_W,q_W,6208,2,1.00182550543549,1,0.9843828149421818,1.0,dynamics_h_0p02_stage_2,ok,5e7e9d9b0e46c28d13a71799ccda6b52c4855a61024370dac3c38fe8cb82e7c3,deep_m0064_r2,validation_or_superseded
3,deep,final_geometry_v15_20260930,4327fe4ece9317f6fd20fad18389a71e9b1f423b,32,1.1087138423850207,0.005448250439420033,True,1.1058916196131603,4007.1251580453136,3998.16562398463,8460.190835541242,ec32b32a49132cef6cd2f991b53a647c9fa35e0d2f01bed3fe1dba7147f8c193,0,True,,112,51199,full_posterior,64,0.002803331425228462,1.1073027309990906,128,disp_A,disp_A,6208,2,1.00056991574046,1,0.18498415185202624,1.0,dynamics_h_0p02_stage_2,ok,5e7e9d9b0e46c28d13a71799ccda6b52c4855a61024370dac3c38fe8cb82e7c3,deep_m0064_r2,validation_or_superseded
3,deep,final_geometry_v15_20260930,4327fe4ece9317f6fd20fad18389a71e9b1f423b,32,1.0003248889041942,0.0009379930832006599,True,1.000670692872807,3445.642724786137,3448.730234972079,8119.0529339049535,ec32b32a49132cef6cd2f991b53a647c9fa35e0d2f01bed3fe1dba7147f8c193,0,True,,262,51199,full_posterior,64,0.0004909433205821627,1.0004977908885009,128,disp_W1,disp_W1,6208,2,1.0016970294580063,1,0.03143543008264326,1.0,dynamics_h_0p02_stage_2,ok,5e7e9d9b0e46c28d13a71799ccda6b52c4855a61024370dac3c38fe8cb82e7c3,deep_m0064_r2,validation_or_superseded
3,deep,final_geometry_v15_20260930,4327fe4ece9317f6fd20fad18389a71e9b1f423b,32,1.0021709874493785,0.000649896802013026,True,1.0003358038917354,3832.2289948474886,3834.987317924999,8633.099806911398,ec32b32a49132cef6cd2f991b53a647c9fa35e0d2f01bed3fe1dba7147f8c193,0,True,,280,51199,full_posterior,64,0.00032892780067616335,1.001253395670557,128,disp_W2,disp_W2,6208,2,1.0011922574773957,1,0.022119860229137613,1.0,dynamics_h_0p02_stage_2,ok,5e7e9d9b0e46c28d13a71799ccda6b52c4855a61024370dac3c38fe8cb82e7c3,deep_m0064_r2,validation_or_superseded
3,deep,final_geometry_v15_20260930,4327fe4ece9317f6fd20fad18389a71e9b1f423b,32,75.1439140592623,0.06497618638772916,True,75.08511012661563,11171.403590618214,11220.850807252444,26091.020168324194,d5a9d240fc309666b4aeb3540e3e73f7b408afdaece615ca0ba3d727cc2a8c1a,0,True,,340,204799,full_posterior,128,0.033700561696428454,75.11451209293898,128,V,V,20608,0,1.0005520331823798,1,3.7385373548205925,1.0,dynamics_h_0p01_stage_3,ok,a3fbfe3694a6d3a7a8f724b8f6e362367e3afc7860a1c5f1481a53f3e86fcfbf,deep_m0128_r0,production_final
3,deep,final_geometry_v15_20260930,4327fe4ece9317f6fd20fad18389a71e9b1f423b,32,10381.479756151493,2.0375144653972423,True,10381.577109638425,8183.780183765118,8203.557735273736,18268.404466256976,d5a9d240fc309666b4aeb3540e3e73f7b408afdaece615ca0ba3d727cc2a8c1a,0,True,,428,204799,full_posterior,128,1.055696914850984,10381.528432894955,128,U,U,20608,0,1.0005495085250706,1,101.54775604999575,1.0,dynamics_h_0p01_stage_3,ok,a3fbfe3694a6d3a7a8f724b8f6e362367e3afc7860a1c5f1481a53f3e86fcfbf,deep_m0128_r0,production_final
3,deep,final_geometry_v15_20260930,4327fe4ece9317f6fd20fad18389a71e9b1f423b,32,0.8571449269920143,0.007359077260410348,True,0.8532112788027584,12997.53729498755,12986.333993466365,30244.888802802354,d5a9d240fc309666b4aeb3540e3e73f7b408afdaece615ca0ba3d727cc2a8c1a,0,True,,518,204799,full_posterior,128,0.003798062393670988,0.8551781028973869,128,train_logit_0,train_logit_0,20608,0,1.0011293601017994,1,0.45166332747899285,1.0,dynamics_h_0p01_stage_3,ok,a3fbfe3694a6d3a7a8f724b8f6e362367e3afc7860a1c5f1481a53f3e86fcfbf,deep_m0128_r0,production_final
3,deep,final_geometry_v15_20260930,4327fe4ece9317f6fd20fad18389a71e9b1f423b,32,-0.07439325953787028,0.007120697808320431,True,-0.061520215924292784,12989.755837575965,12980.765715330666,32646.51700991559,d5a9d240fc309666b4aeb3540e3e73f7b408afdaece615ca0ba3d727cc2a8c1a,0,True,,526,204799,full_posterior,128,0.0036420876283334725,-0.06795673773108152,128,train_logit_16,train_logit_16,20608,0,1.0003206430869072,1,0.4424062616614449,1.0,dynamics_h_0p01_stage_3,ok,a3fbfe3694a6d3a7a8f724b8f6e362367e3afc7860a1c5f1481a53f3e86fcfbf,deep_m0128_r0,production_final
3,deep,final_geometry_v15_20260930,4327fe4ece9317f6fd20fad18389a71e9b1f423b,32,0.43375865358804366,0.007464405438672439,True,0.4379467781831265,13658.64659228908,13626.275382033944,31019.72049161252,d5a9d240fc309666b4aeb3540e3e73f7b408afdaece615ca0ba3d727cc2a8c1a,0,True,,616,204799,full_posterior,128,0.0037721001260922643,0.43585271588558533,128,train_logit_32,train_logit_32,20608,0,1.0002355349387342,1,0.4575621814012004,1.0,dynamics_h_0p01_stage_3,ok,a3fbfe3694a6d3a7a8f724b8f6e362367e3afc7860a1c5f1481a53f3e86fcfbf,deep_m0128_r0,production_final
3,deep,final_geometry_v15_20260930,4327fe4ece9317f6fd20fad18389a71e9b1f423b,32,0.34904323595510234,0.0073943325292847506,True,0.3579367940810518,13419.104292746197,13416.551714942141,31729.69109267612,d5a9d240fc309666b4aeb3540e3e73f7b408afdaece615ca0ba3d727cc2a8c1a,0,True,,250,204799,full_posterior,128,0.0037413556760953425,0.3534900150180771,128,train_logit_48,train_logit_48,20608,0,1.000153057217755,1,0.4550868672149123,1.0,dynamics_h_0p01_stage_3,ok,a3fbfe3694a6d3a7a8f724b8f6e362367e3afc7860a1c5f1481a53f3e86fcfbf,deep_m0128_r0,production_final
3,deep,final_geometry_v15_20260930,4327fe4ece9317f6fd20fad18389a71e9b1f423b,32,0.6022241256487877,0.006981160361762286,True,0.6022550143599832,14698.352040443577,14690.55034136652,34870.87428000272,d5a9d240fc309666b4aeb3540e3e73f7b408afdaece615ca0ba3d727cc2a8c1a,0,True,,230,204799,full_posterior,128,0.003587839323909713,0.6022395700043854,128,train_logit_64,train_logit_64,20608,0,1.000042599501526,1,0.44518391788691014,1.0,dynamics_h_0p01_stage_3,ok,a3fbfe3694a6d3a7a8f724b8f6e362367e3afc7860a1c5f1481a53f3e86fcfbf,deep_m0128_r0,production_final
3,deep,final_geometry_v15_20260930,4327fe4ece9317f6fd20fad18389a71e9b1f423b,32,-0.7416488900091467,0.007492562627481588,True,-0.7304792076991657,12596.688894907566,12605.202575360814,30537.77007996744,d5a9d240fc309666b4aeb3540e3e73f7b408afdaece615ca0ba3d727cc2a8c1a,0,True,,392,204799,full_posterior,128,0.0038143784412721627,-0.7360640488541564,128,train_logit_80,train_logit_80,20608,0,1.0004422757427307,1,0.4528333433989689,1.0,dynamics_h_0p01_stage_3,ok,a3fbfe3694a6d3a7a8f724b8f6e362367e3afc7860a1c5f1481a53f3e86fcfbf,deep_m0128_r0,production_final
3,deep,final_geometry_v15_20260930,4327fe4ece9317f6fd20fad18389a71e9b1f423b,32,0.5400729604275049,0.007376275925225719,True,0.5485536095015527,12811.255137809068,12843.776071371898,31552.728991817035,d5a9d240fc309666b4aeb3540e3e73f7b408afdaece615ca0ba3d727cc2a8c1a,0,True,,460,204799,full_posterior,128,0.003851478658644477,0.5443132849645288,128,train_logit_96,train_logit_96,20608,0,1.0001073185437617,1,0.45035111898515,1.0,dynamics_h_0p01_stage_3,ok,a3fbfe3694a6d3a7a8f724b8f6e362367e3afc7860a1c5f1481a53f3e86fcfbf,deep_m0128_r0,production_final
3,deep,final_geometry_v15_20260930,4327fe4ece9317f6fd20fad18389a71e9b1f423b,32,0.2750657774772838,0.007050022843825029,True,0.2803969996929589,14085.069472923447,14079.533362975995,33352.2753425259,d5a9d240fc309666b4aeb3540e3e73f7b408afdaece615ca0ba3d727cc2a8c1a,0,True,,290,204799,full_posterior,128,0.0035259258579530624,0.27773138858512136,128,train_logit_112,train_logit_112,20608,0,1.000119338805397,1,0.43935462993201857,1.0,dynamics_h_0p01_stage_3,ok,a3fbfe3694a6d3a7a8f724b8f6e362367e3afc7860a1c5f1481a53f3e86fcfbf,deep_m0128_r0,production_final
3,deep,final_geometry_v15_20260930,4327fe4ece9317f6fd20fad18389a71e9b1f423b,32,0.4854635250695369,0.0026230395631001388,True,0.48413057484670413,11895.403638395488,11919.65401782906,28380.554651020746,d5a9d240fc309666b4aeb3540e3e73f7b408afdaece615ca0ba3d727cc2a8c1a,0,True,,318,204799,full_posterior,128,0.001326537671721175,0.4847970499581208,128,test_prob_0,test_prob_0,20608,0,1.0004578152468762,1,0.15316664111970207,1.0,dynamics_h_0p01_stage_3,ok,a3fbfe3694a6d3a7a8f724b8f6e362367e3afc7860a1c5f1481a53f3e86fcfbf,deep_m0128_r0,production_final
3,deep,final_geometry_v15_20260930,4327fe4ece9317f6fd20fad18389a71e9b1f423b,32,0.6321868914189427,0.0024770025578823222,True,0.6342741855987487,11774.244161688508,11921.194515803743,27966.309035979688,d5a9d240fc309666b4aeb3540e3e73f7b408afdaece615ca0ba3d727cc2a8c1a,0,True,,260,204799,full_posterior,128,0.0012843746867148731,0.6332305385088456,128,test_prob_128,test_prob_128,20608,0,1.0004428025399295,1,0.14470854247111875,1.0,dynamics_h_0p01_stage_3,ok,a3fbfe3694a6d3a7a8f724b8f6e362367e3afc7860a1c5f1481a53f3e86fcfbf,deep_m0128_r0,production_final
3,deep,final_geometry_v15_20260930,4327fe4ece9317f6fd20fad18389a71e9b1f423b,32,0.6314022855771997,0.002390758189897148,True,0.6334479988578615,11869.015346220116,12003.718098974765,28552.98659722313,d5a9d240fc309666b4aeb3540e3e73f7b408afdaece615ca0ba3d727cc2a8c1a,0,True,,306,204799,full_posterior,128,0.001226982733551909,0.6324251422175309,128,test_prob_256,test_prob_256,20608,0,1.0005370062432397,1,0.14109901842701533,1.0,dynamics_h_0p01_stage_3,ok,a3fbfe3694a6d3a7a8f724b8f6e362367e3afc7860a1c5f1481a53f3e86fcfbf,deep_m0128_r0,production_final
3,deep,final_geometry_v15_20260930,4327fe4ece9317f6fd20fad18389a71e9b1f423b,32,0.3227357389760157,0.0022900055851207044,True,0.32507345597989,11961.64096137677,12016.31478885275,28082.83837879468,d5a9d240fc309666b4aeb3540e3e73f7b408afdaece615ca0ba3d727cc2a8c1a,0,True,,390,204799,full_posterior,128,0.001180867498267163,0.32390459747795297,128,test_prob_384,test_prob_384,20608,0,1.000265100439565,1,0.13581176352705665,1.0,dynamics_h_0p01_stage_3,ok,a3fbfe3694a6d3a7a8f724b8f6e362367e3afc7860a1c5f1481a53f3e86fcfbf,deep_m0128_r0,production_final
3,deep,final_geometry_v15_20260930,4327fe4ece9317f6fd20fad18389a71e9b1f423b,32,0.6137836143466474,0.0024925532589603074,True,0.6090762318517593,11834.451882940191,11877.331270504652,28685.905425214878,d5a9d240fc309666b4aeb3540e3e73f7b408afdaece615ca0ba3d727cc2a8c1a,0,True,,394,204799,full_posterior,128,0.0012876110532859552,0.6114299230992033,128,test_prob_512,test_prob_512,20608,0,1.0010155859360388,1,0.14664174816633488,1.0,dynamics_h_0p01_stage_3,ok,a3fbfe3694a6d3a7a8f724b8f6e362367e3afc7860a1c5f1481a53f3e86fcfbf,deep_m0128_r0,production_final
3,deep,final_geometry_v15_20260930,4327fe4ece9317f6fd20fad18389a71e9b1f423b,32,0.4045660500782674,0.002425700863014047,True,0.40473571732358304,12607.094301545907,12691.209623269759,30100.060099783004,d5a9d240fc309666b4aeb3540e3e73f7b408afdaece615ca0ba3d727cc2a8c1a,0,True,,216,204799,full_posterior,128,0.0012234043040851791,0.4046508837009252,128,test_prob_640,test_prob_640,20608,0,1.0001111387138526,1,0.14544097813548904,1.0,dynamics_h_0p01_stage_3,ok,a3fbfe3694a6d3a7a8f724b8f6e362367e3afc7860a1c5f1481a53f3e86fcfbf,deep_m0128_r0,production_final
3,deep,final_geometry_v15_20260930,4327fe4ece9317f6fd20fad18389a71e9b1f423b,32,0.516067247047626,0.002544231923457708,True,0.5169230910332252,12628.192842824576,12673.298557301105,29376.566655421546,d5a9d240fc309666b4aeb3540e3e73f7b408afdaece615ca0ba3d727cc2a8c1a,0,True,,278,204799,full_posterior,128,0.0012854549532848717,0.5164951690404255,128,test_prob_768,test_prob_768,20608,0,1.0004582484764089,1,0.15189963393886097,1.0,dynamics_h_0p01_stage_3,ok,a3fbfe3694a6d3a7a8f724b8f6e362367e3afc7860a1c5f1481a53f3e86fcfbf,deep_m0128_r0,production_final
3,deep,final_geometry_v15_20260930,4327fe4ece9317f6fd20fad18389a71e9b1f423b,32,0.49832967714928605,0.002603176179129055,True,0.5014806411421757,12131.530635075294,12124.91376960532,29725.560076395028,d5a9d240fc309666b4aeb3540e3e73f7b408afdaece615ca0ba3d727cc2a8c1a,0,True,,316,204799,full_posterior,128,0.001317365878526043,0.4999051591457311,128,test_prob_896,test_prob_896,20608,0,1.0003337326404695,1,0.15335945776705334,1.0,dynamics_h_0p01_stage_3,ok,a3fbfe3694a6d3a7a8f724b8f6e362367e3afc7860a1c5f1481a53f3e86fcfbf,deep_m0128_r0,production_final
3,deep,final_geometry_v15_20260930,4327fe4ece9317f6fd20fad18389a71e9b1f423b,32,-0.006489312403207969,0.012980885707199833,True,0.0014440145012775951,8747.53042166059,8384.464005403403,12217.935374623285,d5a9d240fc309666b4aeb3540e3e73f7b408afdaece615ca0ba3d727cc2a8c1a,0,True,,262,204799,full_posterior,128,0.006559110637268247,-0.00252264895096519,128,interaction_0,interaction_0,20608,0,1.0002823862583168,1,0.6424946866924882,1.0,dynamics_h_0p01_stage_3,ok,a3fbfe3694a6d3a7a8f724b8f6e362367e3afc7860a1c5f1481a53f3e86fcfbf,deep_m0128_r0,production_final
3,deep,final_geometry_v15_20260930,4327fe4ece9317f6fd20fad18389a71e9b1f423b,32,0.013279368467357874,0.012840859321531336,True,0.013267985284421786,8260.795063171412,8022.858153476577,12304.831593594945,d5a9d240fc309666b4aeb3540e3e73f7b408afdaece615ca0ba3d727cc2a8c1a,0,True,,378,204799,full_posterior,128,0.006603957519960518,0.013273676875889834,128,interaction_1,interaction_1,20608,0,1.0006767967604666,1,0.639339383115329,1.0,dynamics_h_0p01_stage_3,ok,a3fbfe3694a6d3a7a8f724b8f6e362367e3afc7860a1c5f1481a53f3e86fcfbf,deep_m0128_r0,production_final
3,deep,final_geometry_v15_20260930,4327fe4ece9317f6fd20fad18389a71e9b1f423b,32,-0.0005660911347552688,0.012645713224117368,True,-0.01105862093638003,8409.185426768934,8052.2527342775875,13219.448578720177,d5a9d240fc309666b4aeb3540e3e73f7b408afdaece615ca0ba3d727cc2a8c1a,0,True,,984,204799,full_posterior,128,0.006560784888447582,-0.00581235603556765,128,interaction_2,interaction_2,20608,0,1.0002479644116538,1,0.6317620549452877,1.0,dynamics_h_0p01_stage_3,ok,a3fbfe3694a6d3a7a8f724b8f6e362367e3afc7860a1c5f1481a53f3e86fcfbf,deep_m0128_r0,production_final
3,deep,final_geometry_v15_20260930,4327fe4ece9317f6fd20fad18389a71e9b1f423b,32,-0.0007911815936740116,0.013178247201103183,True,-0.01173524324426004,8190.95603684353,7829.999912040963,11903.515171186185,d5a9d240fc309666b4aeb3540e3e73f7b408afdaece615ca0ba3d727cc2a8c1a,0,True,,564,204799,full_posterior,128,0.006766258903324149,-0.006263212418967026,128,interaction_3,interaction_3,20608,0,1.0003943441014347,1,0.6429977418077134,1.0,dynamics_h_0p01_stage_3,ok,a3fbfe3694a6d3a7a8f724b8f6e362367e3afc7860a1c5f1481a53f3e86fcfbf,deep_m0128_r0,production_final
3,deep,final_geometry_v15_20260930,4327fe4ece9317f6fd20fad18389a71e9b1f423b,32,0.05548812882378992,0.02762163464196084,True,0.020585347071045784,3645.7491904963267,3647.458208444986,8418.20582930367,d5a9d240fc309666b4aeb3540e3e73f7b408afdaece615ca0ba3d727cc2a8c1a,0,True,,894,204799,full_posterior,128,0.014700686333284304,0.038036737947417854,128,q_A,q_A,20608,0,1.0005315458909128,1,1.021393368465538,1.0,dynamics_h_0p01_stage_3,ok,a3fbfe3694a6d3a7a8f724b8f6e362367e3afc7860a1c5f1481a53f3e86fcfbf,deep_m0128_r0,production_final
3,deep,final_geometry_v15_20260930,4327fe4ece9317f6fd20fad18389a71e9b1f423b,32,0.028379809611171324,0.02592734190756699,True,0.015697279071418692,4107.687060092307,4093.8491489915377,8619.189910179688,d5a9d240fc309666b4aeb3540e3e73f7b408afdaece615ca0ba3d727cc2a8c1a,0,True,,550,204799,full_posterior,128,0.013703530842586093,0.022038544341295,128,q_W,q_W,20608,0,1.0016560249288824,1,0.9910168475047038,1.0,dynamics_h_0p01_stage_3,ok,a3fbfe3694a6d3a7a8f724b8f6e362367e3afc7860a1c5f1481a53f3e86fcfbf,deep_m0128_r0,production_final
3,deep,final_geometry_v15_20260930,4327fe4ece9317f6fd20fad18389a71e9b1f423b,32,1.036816840231716,0.0026570974966399637,True,1.036986959784827,7550.02328831077,7529.731592944525,15907.54619931125,d5a9d240fc309666b4aeb3540e3e73f7b408afdaece615ca0ba3d727cc2a8c1a,0,True,,470,204799,full_posterior,128,0.0013689143698316468,1.0369019000082715,128,disp_A,disp_A,20608,0,1.0005392355743805,1,0.1272169336870996,1.0,dynamics_h_0p01_stage_3,ok,a3fbfe3694a6d3a7a8f724b8f6e362367e3afc7860a1c5f1481a53f3e86fcfbf,deep_m0128_r0,production_final
3,deep,final_geometry_v15_20260930,4327fe4ece9317f6fd20fad18389a71e9b1f423b,32,1.000186521111337,0.0004387434316597964,True,1.0004238136441161,7967.273703484062,7963.244691716609,18511.02272122736,d5a9d240fc309666b4aeb3540e3e73f7b408afdaece615ca0ba3d727cc2a8c1a,0,True,,528,204799,full_posterior,128,0.00022728382594566941,1.0003051673777261,128,disp_W1,disp_W1,20608,0,1.0002298216059513,1,0.02177292575124724,1.0,dynamics_h_0p01_stage_3,ok,a3fbfe3694a6d3a7a8f724b8f6e362367e3afc7860a1c5f1481a53f3e86fcfbf,deep_m0128_r0,production_final
3,deep,final_geometry_v15_20260930,4327fe4ece9317f6fd20fad18389a71e9b1f423b,32,0.9999508751320049,0.00022283156489109643,True,0.9999092851248083,8067.861928849981,8086.7981000114205,17943.903294024694,d5a9d240fc309666b4aeb3540e3e73f7b408afdaece615ca0ba3d727cc2a8c1a,0,True,,468,204799,full_posterior,128,0.00011442384874902892,0.9999300801284066,128,disp_W2,disp_W2,20608,0,1.0006291044881404,1,0.011086351926425883,1.0,dynamics_h_0p01_stage_3,ok,a3fbfe3694a6d3a7a8f724b8f6e362367e3afc7860a1c5f1481a53f3e86fcfbf,deep_m0128_r0,production_final
3,deep,final_geometry_v15_20260930,4327fe4ece9317f6fd20fad18389a71e9b1f423b,32,75.16560316955332,0.08992366508611868,True,75.19260562493385,5945.537432269697,5973.2058184820935,13338.821489253041,63541ad03799fc2d5a33d8e7679bab775c1be94a79ab6f16c06dc557ba15ae76,0,True,,122,51199,full_posterior,128,0.045280123409369856,75.17910439724358,128,V,V,20608,0,1.000237453906737,1,3.7314123392487395,1.0,dynamics_h_0p02_stage_2,ok,a3fbfe3694a6d3a7a8f724b8f6e362367e3afc7860a1c5f1481a53f3e86fcfbf,deep_m0128_r0,validation_or_superseded
3,deep,final_geometry_v15_20260930,4327fe4ece9317f6fd20fad18389a71e9b1f423b,32,10378.51219330678,2.9052140955312042,True,10382.550352093116,3808.224093391127,3827.2171115114043,8784.945310682368,63541ad03799fc2d5a33d8e7679bab775c1be94a79ab6f16c06dc557ba15ae76,0,True,,318,51199,full_posterior,128,1.488124636998084,10380.53127269995,128,U,U,20608,0,1.0011252566780617,1,100.7317691568789,1.0,dynamics_h_0p02_stage_2,ok,a3fbfe3694a6d3a7a8f724b8f6e362367e3afc7860a1c5f1481a53f3e86fcfbf,deep_m0128_r0,validation_or_superseded
3,deep,final_geometry_v15_20260930,4327fe4ece9317f6fd20fad18389a71e9b1f423b,32,0.847181039814601,0.010160558169739842,True,0.8541126710219191,6835.536673010161,6813.320931060634,16349.714074242234,63541ad03799fc2d5a33d8e7679bab775c1be94a79ab6f16c06dc557ba15ae76,0,True,,114,51199,full_posterior,128,0.005235300660071579,0.8506468554182601,128,train_logit_0,train_logit_0,20608,0,1.0003390218718557,1,0.44891682814304135,1.0,dynamics_h_0p02_stage_2,ok,a3fbfe3694a6d3a7a8f724b8f6e362367e3afc7860a1c5f1481a53f3e86fcfbf,deep_m0128_r0,validation_or_superseded
3,deep,final_geometry_v15_20260930,4327fe4ece9317f6fd20fad18389a71e9b1f423b,32,-0.07039587125500021,0.009937179213760193,True,-0.06472373140056806,7099.7841121395495,7080.080371527488,15806.435977552233,63541ad03799fc2d5a33d8e7679bab775c1be94a79ab6f16c06dc557ba15ae76,0,True,,102,51199,full_posterior,128,0.00499823579700229,-0.06755980132778414,128,train_logit_16,train_logit_16,20608,0,1.000197296933266,1,0.44425789463503695,1.0,dynamics_h_0p02_stage_2,ok,a3fbfe3694a6d3a7a8f724b8f6e362367e3afc7860a1c5f1481a53f3e86fcfbf,deep_m0128_r0,validation_or_superseded
3,deep,final_geometry_v15_20260930,4327fe4ece9317f6fd20fad18389a71e9b1f423b,32,0.44522902034309597,0.010317012004816392,True,0.43485326119855733,6687.169230322565,6682.45638852364,14986.432420129031,63541ad03799fc2d5a33d8e7679bab775c1be94a79ab6f16c06dc557ba15ae76,0,True,,110,51199,full_posterior,128,0.005419171510212636,0.4400411407708267,128,train_logit_32,train_logit_32,20608,0,1.0010495757237234,1,0.4520708302919805,1.0,dynamics_h_0p02_stage_2,ok,a3fbfe3694a6d3a7a8f724b8f6e362367e3afc7860a1c5f1481a53f3e86fcfbf,deep_m0128_r0,validation_or_superseded
3,deep,final_geometry_v15_20260930,4327fe4ece9317f6fd20fad18389a71e9b1f423b,32,0.34908552138947774,0.010475523040023688,True,0.3584340049956025,6766.602414787526,6756.610971353082,15796.91686213724,63541ad03799fc2d5a33d8e7679bab775c1be94a79ab6f16c06dc557ba15ae76,0,True,,126,51199,full_posterior,128,0.005403786145907979,0.35375976319254016,128,train_logit_48,train_logit_48,20608,0,1.0002695725140271,1,0.4591854348393962,1.0,dynamics_h_0p02_stage_2,ok,a3fbfe3694a6d3a7a8f724b8f6e362367e3afc7860a1c5f1481a53f3e86fcfbf,deep_m0128_r0,validation_or_superseded
3,deep,final_geometry_v15_20260930,4327fe4ece9317f6fd20fad18389a71e9b1f423b,32,0.5942299201757054,0.010112024737433353,True,0.60578020909577,6921.725739797421,6915.076157988512,15921.822455214895,63541ad03799fc2d5a33d8e7679bab775c1be94a79ab6f16c06dc557ba15ae76,0,True,,104,51199,full_posterior,128,0.005223390550501198,0.6000050646357378,128,train_logit_64,train_logit_64,20608,0,1.000355163912387,1,0.45223148009408026,1.0,dynamics_h_0p02_stage_2,ok,a3fbfe3694a6d3a7a8f724b8f6e362367e3afc7860a1c5f1481a53f3e86fcfbf,deep_m0128_r0,validation_or_superseded
3,deep,final_geometry_v15_20260930,4327fe4ece9317f6fd20fad18389a71e9b1f423b,32,-0.7278862890898421,0.010356679462356038,True,-0.7411382622267386,6766.339775208788,6758.567728317756,15058.553661235886,63541ad03799fc2d5a33d8e7679bab775c1be94a79ab6f16c06dc557ba15ae76,0,True,,78,51199,full_posterior,128,0.005412099958389569,-0.7345122756582905,128,train_logit_80,train_logit_80,20608,0,1.0004327747465878,1,0.45570912408006164,1.0,dynamics_h_0p02_stage_2,ok,a3fbfe3694a6d3a7a8f724b8f6e362367e3afc7860a1c5f1481a53f3e86fcfbf,deep_m0128_r0,validation_or_superseded
3,deep,final_geometry_v15_20260930,4327fe4ece9317f6fd20fad18389a71e9b1f423b,32,0.5464082460433061,0.0100465728468834,True,0.542561987652929,7041.563854901468,7047.1272346013975,15904.111314597343,63541ad03799fc2d5a33d8e7679bab775c1be94a79ab6f16c06dc557ba15ae76,0,True,,138,51199,full_posterior,128,0.005178962983503852,0.5444851168481177,128,train_logit_96,train_logit_96,20608,0,1.0007954457859638,1,0.4537216801521098,1.0,dynamics_h_0p02_stage_2,ok,a3fbfe3694a6d3a7a8f724b8f6e362367e3afc7860a1c5f1481a53f3e86fcfbf,deep_m0128_r0,validation_or_superseded
3,deep,final_geometry_v15_20260930,4327fe4ece9317f6fd20fad18389a71e9b1f423b,32,0.27907780776445673,0.009998772087670993,True,0.27023359825350596,6808.965753155765,6764.786555393878,16703.282447618134,63541ad03799fc2d5a33d8e7679bab775c1be94a79ab6f16c06dc557ba15ae76,0,True,,258,51199,full_posterior,128,0.005030767250185057,0.27465570300898134,128,train_logit_112,train_logit_112,20608,0,1.000666838583817,1,0.44063883376494895,1.0,dynamics_h_0p02_stage_2,ok,a3fbfe3694a6d3a7a8f724b8f6e362367e3afc7860a1c5f1481a53f3e86fcfbf,deep_m0128_r0,validation_or_superseded
3,deep,final_geometry_v15_20260930,4327fe4ece9317f6fd20fad18389a71e9b1f423b,32,0.4904233262026019,0.003613935101665691,True,0.48451441595186656,5837.600730111986,5844.9493074191505,14140.933141248028,63541ad03799fc2d5a33d8e7679bab775c1be94a79ab6f16c06dc557ba15ae76,0,True,,206,51199,full_posterior,128,0.0019006389336008985,0.48746887107723436,128,test_prob_0,test_prob_0,20608,0,1.000644308516835,1,0.1522562408235429,1.0,dynamics_h_0p02_stage_2,ok,a3fbfe3694a6d3a7a8f724b8f6e362367e3afc7860a1c5f1481a53f3e86fcfbf,deep_m0128_r0,validation_or_superseded
3,deep,final_geometry_v15_20260930,4327fe4ece9317f6fd20fad18389a71e9b1f423b,32,0.6284658428651629,0.0034674802897124365,True,0.6305983475645252,6129.03288120326,6169.136031051568,14304.3061959627,63541ad03799fc2d5a33d8e7679bab775c1be94a79ab6f16c06dc557ba15ae76,0,True,,114,51199,full_posterior,128,0.0017927139948483528,0.6295320952148441,128,test_prob_128,test_prob_128,20608,0,1.001227412312338,1,0.14434283004757772,1.0,dynamics_h_0p02_stage_2,ok,a3fbfe3694a6d3a7a8f724b8f6e362367e3afc7860a1c5f1481a53f3e86fcfbf,deep_m0128_r0,validation_or_superseded
3,deep,final_geometry_v15_20260930,4327fe4ece9317f6fd20fad18389a71e9b1f423b,32,0.6340109829103728,0.0033028590697875113,True,0.6299801215472293,6537.994313183484,6575.162825816499,15272.216814789806,63541ad03799fc2d5a33d8e7679bab775c1be94a79ab6f16c06dc557ba15ae76,0,True,,96,51199,full_posterior,128,0.001666751201917659,0.631995552228801,128,test_prob_256,test_prob_256,20608,0,1.0005528945085838,1,0.14088418132984848,1.0,dynamics_h_0p02_stage_2,ok,a3fbfe3694a6d3a7a8f724b8f6e362367e3afc7860a1c5f1481a53f3e86fcfbf,deep_m0128_r0,validation_or_superseded
3,deep,final_geometry_v15_20260930,4327fe4ece9317f6fd20fad18389a71e9b1f423b,32,0.32290472840753,0.003234142571005695,True,0.3223782007044494,6115.199476982691,6182.298510854149,14380.34972539867,63541ad03799fc2d5a33d8e7679bab775c1be94a79ab6f16c06dc557ba15ae76,0,True,,132,51199,full_posterior,128,0.0016659904810781376,0.3226414645559897,128,test_prob_384,test_prob_384,20608,0,1.000352866119063,1,0.13611333234008832,1.0,dynamics_h_0p02_stage_2,ok,a3fbfe3694a6d3a7a8f724b8f6e362367e3afc7860a1c5f1481a53f3e86fcfbf,deep_m0128_r0,validation_or_superseded
3,deep,final_geometry_v15_20260930,4327fe4ece9317f6fd20fad18389a71e9b1f423b,32,0.6079843101001836,0.0035061327836514904,True,0.6103114773462113,6200.482045297905,6182.7107473270125,13296.27211853046,63541ad03799fc2d5a33d8e7679bab775c1be94a79ab6f16c06dc557ba15ae76,0,True,,216,51199,full_posterior,128,0.0018233381386991998,0.6091478937231974,128,test_prob_512,test_prob_512,20608,0,1.0002738888375244,1,0.14705521618312667,1.0,dynamics_h_0p02_stage_2,ok,a3fbfe3694a6d3a7a8f724b8f6e362367e3afc7860a1c5f1481a53f3e86fcfbf,deep_m0128_r0,validation_or_superseded
3,deep,final_geometry_v15_20260930,4327fe4ece9317f6fd20fad18389a71e9b1f423b,32,0.4086002043706038,0.0035260981728865892,True,0.4062800097279235,6091.963052015441,6180.432209091482,14361.214490427343,63541ad03799fc2d5a33d8e7679bab775c1be94a79ab6f16c06dc557ba15ae76,0,True,,186,51199,full_posterior,128,0.0017860290772385606,0.40744010704926353,128,test_prob_640,test_prob_640,20608,0,1.000967567698388,1,0.14624052505652071,1.0,dynamics_h_0p02_stage_2,ok,a3fbfe3694a6d3a7a8f724b8f6e362367e3afc7860a1c5f1481a53f3e86fcfbf,deep_m0128_r0,validation_or_superseded
3,deep,final_geometry_v15_20260930,4327fe4ece9317f6fd20fad18389a71e9b1f423b,32,0.5186576950569786,0.0036290549162376986,True,0.5130045710669077,6210.5847939767855,6214.979542022338,14476.237644830659,63541ad03799fc2d5a33d8e7679bab775c1be94a79ab6f16c06dc557ba15ae76,0,True,,194,51199,full_posterior,128,0.0018357645099838173,0.5158311330619432,128,test_prob_768,test_prob_768,20608,0,1.0004260529586608,1,0.15245622013360594,1.0,dynamics_h_0p02_stage_2,ok,a3fbfe3694a6d3a7a8f724b8f6e362367e3afc7860a1c5f1481a53f3e86fcfbf,deep_m0128_r0,validation_or_superseded
3,deep,final_geometry_v15_20260930,4327fe4ece9317f6fd20fad18389a71e9b1f423b,32,0.4958900334213122,0.0037126120540532663,True,0.505286958348527,5500.872060078875,5530.893105060543,13592.838770616328,63541ad03799fc2d5a33d8e7679bab775c1be94a79ab6f16c06dc557ba15ae76,0,True,,386,51199,full_posterior,128,0.0019484844411685135,0.5005884958849195,128,test_prob_896,test_prob_896,20608,0,1.0019056902934331,1,0.15367471505129063,1.0,dynamics_h_0p02_stage_2,ok,a3fbfe3694a6d3a7a8f724b8f6e362367e3afc7860a1c5f1481a53f3e86fcfbf,deep_m0128_r0,validation_or_superseded
3,deep,final_geometry_v15_20260930,4327fe4ece9317f6fd20fad18389a71e9b1f423b,32,0.015331984886972138,0.01926844139495951,True,0.00982928025090281,3981.48173884003,3810.290345591713,5816.195498632756,63541ad03799fc2d5a33d8e7679bab775c1be94a79ab6f16c06dc557ba15ae76,0,True,,128,51199,full_posterior,128,0.009764631221355971,0.012580632568937473,128,interaction_0,interaction_0,20608,0,1.001037061001037,1,0.6411155890577003,1.0,dynamics_h_0p02_stage_2,ok,a3fbfe3694a6d3a7a8f724b8f6e362367e3afc7860a1c5f1481a53f3e86fcfbf,deep_m0128_r0,validation_or_superseded
3,deep,final_geometry_v15_20260930,4327fe4ece9317f6fd20fad18389a71e9b1f423b,32,-0.0068952730036526055,0.018809075306054177,True,-0.026470353663270583,4065.9130726162757,3894.090061079099,6385.0314873658235,63541ad03799fc2d5a33d8e7679bab775c1be94a79ab6f16c06dc557ba15ae76,0,True,,252,51199,full_posterior,128,0.009648696684391868,-0.016682813333461596,128,interaction_1,interaction_1,20608,0,1.0025243335005278,1,0.6440537423044667,1.0,dynamics_h_0p02_stage_2,ok,a3fbfe3694a6d3a7a8f724b8f6e362367e3afc7860a1c5f1481a53f3e86fcfbf,deep_m0128_r0,validation_or_superseded
3,deep,final_geometry_v15_20260930,4327fe4ece9317f6fd20fad18389a71e9b1f423b,32,0.005283716312976674,0.017857688234291687,True,0.002598628601773321,4406.882215944876,4280.99844656616,6947.780098868582,63541ad03799fc2d5a33d8e7679bab775c1be94a79ab6f16c06dc557ba15ae76,0,True,,122,51199,full_posterior,128,0.009226273385902551,0.003941172457374998,128,interaction_2,interaction_2,20608,0,1.00072263069763,1,0.6323281087169097,1.0,dynamics_h_0p02_stage_2,ok,a3fbfe3694a6d3a7a8f724b8f6e362367e3afc7860a1c5f1481a53f3e86fcfbf,deep_m0128_r0,validation_or_superseded
3,deep,final_geometry_v15_20260930,4327fe4ece9317f6fd20fad18389a71e9b1f423b,32,-0.004287448500159386,0.017166227389710336,True,-0.005039484571496755,4734.567917428481,4586.7689748786315,6596.913725590519,63541ad03799fc2d5a33d8e7679bab775c1be94a79ab6f16c06dc557ba15ae76,0,True,,136,51199,full_posterior,128,0.00888986788654726,-0.004663466535828072,128,interaction_3,interaction_3,20608,0,1.00093827905763,1,0.6220631616253074,1.0,dynamics_h_0p02_stage_2,ok,a3fbfe3694a6d3a7a8f724b8f6e362367e3afc7860a1c5f1481a53f3e86fcfbf,deep_m0128_r0,validation_or_superseded
3,deep,final_geometry_v15_20260930,4327fe4ece9317f6fd20fad18389a71e9b1f423b,32,0.011812665523305326,0.03819067397263373,True,-0.04098748311473608,2016.1246769385934,2010.981620249421,4285.703736930111,63541ad03799fc2d5a33d8e7679bab775c1be94a79ab6f16c06dc557ba15ae76,0,True,,190,51199,full_posterior,128,0.020288914389926166,-0.014587408795715375,128,q_A,q_A,20608,0,1.001105214705073,1,1.0112418611505394,1.0,dynamics_h_0p02_stage_2,ok,a3fbfe3694a6d3a7a8f724b8f6e362367e3afc7860a1c5f1481a53f3e86fcfbf,deep_m0128_r0,validation_or_superseded
3,deep,final_geometry_v15_20260930,4327fe4ece9317f6fd20fad18389a71e9b1f423b,32,0.031138561252331397,0.037568644172631865,True,0.02902572536018587,2088.985312282096,2080.4077437998185,4942.339985886163,63541ad03799fc2d5a33d8e7679bab775c1be94a79ab6f16c06dc557ba15ae76,0,True,,194,51199,full_posterior,128,0.019976116719806848,0.03008214330625863,128,q_W,q_W,20608,0,1.0012414251086839,1,1.0155231940518379,1.0,dynamics_h_0p02_stage_2,ok,a3fbfe3694a6d3a7a8f724b8f6e362367e3afc7860a1c5f1481a53f3e86fcfbf,deep_m0128_r0,validation_or_superseded
3,deep,final_geometry_v15_20260930,4327fe4ece9317f6fd20fad18389a71e9b1f423b,32,1.0327510382081366,0.0037179527633891623,True,1.0387173828578857,3930.4688110812863,3907.9114571854634,8599.841428814596,63541ad03799fc2d5a33d8e7679bab775c1be94a79ab6f16c06dc557ba15ae76,0,True,,148,51199,full_posterior,128,0.00188363745831627,1.0357342105330112,128,disp_A,disp_A,20608,0,1.0011205966898533,1,0.12815944284142147,1.0,dynamics_h_0p02_stage_2,ok,a3fbfe3694a6d3a7a8f724b8f6e362367e3afc7860a1c5f1481a53f3e86fcfbf,deep_m0128_r0,validation_or_superseded
3,deep,final_geometry_v15_20260930,4327fe4ece9317f6fd20fad18389a71e9b1f423b,32,0.9989773098547,0.0006377150961719733,True,1.0002710399689467,3968.760509264786,3960.4135139389573,8597.204400535531,63541ad03799fc2d5a33d8e7679bab775c1be94a79ab6f16c06dc557ba15ae76,0,True,,202,51199,full_posterior,128,0.00033130877224161993,0.9996241749118235,128,disp_W1,disp_W1,20608,0,1.0013299922500911,1,0.022199647352002114,1.0,dynamics_h_0p02_stage_2,ok,a3fbfe3694a6d3a7a8f724b8f6e362367e3afc7860a1c5f1481a53f3e86fcfbf,deep_m0128_r0,validation_or_superseded
3,deep,final_geometry_v15_20260930,4327fe4ece9317f6fd20fad18389a71e9b1f423b,32,0.9999200431041847,0.00031456560246066734,True,1.0000396416148527,4068.4293363159704,4070.171105721363,8265.612850909025,63541ad03799fc2d5a33d8e7679bab775c1be94a79ab6f16c06dc557ba15ae76,0,True,,168,51199,full_posterior,128,0.00016076947824512802,0.9999798423595184,128,disp_W2,disp_W2,20608,0,1.0010243219784483,1,0.010989199147991754,1.0,dynamics_h_0p02_stage_2,ok,a3fbfe3694a6d3a7a8f724b8f6e362367e3afc7860a1c5f1481a53f3e86fcfbf,deep_m0128_r0,validation_or_superseded
3,deep,final_geometry_v15_20260930,4327fe4ece9317f6fd20fad18389a71e9b1f423b,32,63.02031771765834,0.11423006970199354,True,63.05511494313063,4916.800746297628,4932.184161301176,11510.969307780313,31c8bf5b050a294cd0906a1e629aed70efa719721d8a54ae8d2dd38ca42880ec,0,True,,424,102399,full_posterior,128,0.058391500032129166,63.03771633039449,128,V,V,20608,1,1.0004001735451562,1,4.570303990530576,1.0,dynamics_h_0p01_stage_2,ok,12140e25162df7ed81599a111742b07052ef21dac4d3086bb8a4c937317db44a,deep_m0128_r1,production_final
3,deep,final_geometry_v15_20260930,4327fe4ece9317f6fd20fad18389a71e9b1f423b,32,10378.205438009902,2.8132649822097555,True,10378.96297371943,4154.574615039961,4154.73380534465,8847.110595964286,31c8bf5b050a294cd0906a1e629aed70efa719721d8a54ae8d2dd38ca42880ec,0,True,,222,102399,full_posterior,128,1.4939596187847686,10378.584205864665,128,U,U,20608,1,1.00064411097368,1,102.5194181689078,1.0,dynamics_h_0p01_stage_2,ok,12140e25162df7ed81599a111742b07052ef21dac4d3086bb8a4c937317db44a,deep_m0128_r1,production_final
3,deep,final_geometry_v15_20260930,4327fe4ece9317f6fd20fad18389a71e9b1f423b,32,0.24223742391857833,0.01093427718989659,True,0.23677556255707682,6052.369627529513,6030.7867848335445,14370.606375264302,31c8bf5b050a294cd0906a1e629aed70efa719721d8a54ae8d2dd38ca42880ec,0,True,,380,102399,full_posterior,128,0.005660981957107337,0.2395064932378275,128,train_logit_0,train_logit_0,20608,1,1.0013943055332049,1,0.4802891423537843,1.0,dynamics_h_0p01_stage_2,ok,12140e25162df7ed81599a111742b07052ef21dac4d3086bb8a4c937317db44a,deep_m0128_r1,production_final
3,deep,final_geometry_v15_20260930,4327fe4ece9317f6fd20fad18389a71e9b1f423b,32,0.5725213520401714,0.010619866487361889,True,0.5940392984240263,6306.4224581117705,6304.746910068735,15112.521637922227,31c8bf5b050a294cd0906a1e629aed70efa719721d8a54ae8d2dd38ca42880ec,0,True,,510,102399,full_posterior,128,0.0054875153641638025,0.5832803252320988,128,train_logit_16,train_logit_16,20608,1,1.0003916758457592,1,0.46620798562286164,1.0,dynamics_h_0p01_stage_2,ok,12140e25162df7ed81599a111742b07052ef21dac4d3086bb8a4c937317db44a,deep_m0128_r1,production_final
3,deep,final_geometry_v15_20260930,4327fe4ece9317f6fd20fad18389a71e9b1f423b,32,-0.10525160872300342,0.010681690293391818,True,-0.11594562001116797,6243.677115789673,6241.826360323521,14362.216703858041,31c8bf5b050a294cd0906a1e629aed70efa719721d8a54ae8d2dd38ca42880ec,0,True,,228,102399,full_posterior,128,0.005551698008796876,-0.11059861436708579,128,train_logit_32,train_logit_32,20608,1,1.0003456943756737,1,0.47118078119137197,1.0,dynamics_h_0p01_stage_2,ok,12140e25162df7ed81599a111742b07052ef21dac4d3086bb8a4c937317db44a,deep_m0128_r1,production_final
3,deep,final_geometry_v15_20260930,4327fe4ece9317f6fd20fad18389a71e9b1f423b,32,-0.8465215473775056,0.011083876706854385,True,-0.8513317817791191,5845.754827405882,5840.690604929776,13142.679840682316,31c8bf5b050a294cd0906a1e629aed70efa719721d8a54ae8d2dd38ca42880ec,0,True,,786,102399,full_posterior,128,0.0057577733236750745,-0.8489266645783127,128,train_logit_48,train_logit_48,20608,1,1.0005087496433938,1,0.4758962459562177,1.0,dynamics_h_0p01_stage_2,ok,12140e25162df7ed81599a111742b07052ef21dac4d3086bb8a4c937317db44a,deep_m0128_r1,production_final
3,deep,final_geometry_v15_20260930,4327fe4ece9317f6fd20fad18389a71e9b1f423b,32,0.6773946894549643,0.01065810155933067,True,0.6650845690571906,5657.56226745528,5666.987907959915,14530.771874840157,31c8bf5b050a294cd0906a1e629aed70efa719721d8a54ae8d2dd38ca42880ec,0,True,,500,102399,full_posterior,128,0.00558593852008214,0.6712396292560774,128,train_logit_64,train_logit_64,20608,1,1.0004972938229133,1,0.47149355650291086,1.0,dynamics_h_0p01_stage_2,ok,12140e25162df7ed81599a111742b07052ef21dac4d3086bb8a4c937317db44a,deep_m0128_r1,production_final
3,deep,final_geometry_v15_20260930,4327fe4ece9317f6fd20fad18389a71e9b1f423b,32,0.7389389995939666,0.010989883493655272,True,0.7507284335525398,5628.873702867511,5631.1201450047165,13111.35175891203,31c8bf5b050a294cd0906a1e629aed70efa719721d8a54ae8d2dd38ca42880ec,0,True,,662,102399,full_posterior,128,0.005666217931670618,0.7448337165732533,128,train_logit_80,train_logit_80,20608,1,1.0010326138602257,1,0.47111392551561776,1.0,dynamics_h_0p01_stage_2,ok,12140e25162df7ed81599a111742b07052ef21dac4d3086bb8a4c937317db44a,deep_m0128_r1,production_final
3,deep,final_geometry_v15_20260930,4327fe4ece9317f6fd20fad18389a71e9b1f423b,32,0.08064113046978143,0.01131420947104064,True,0.06854515577253695,5877.573488065588,5870.142870723341,14225.641983066182,31c8bf5b050a294cd0906a1e629aed70efa719721d8a54ae8d2dd38ca42880ec,0,True,,402,102399,full_posterior,128,0.005833705739786184,0.0745931431211592,128,train_logit_96,train_logit_96,20608,1,1.0005953518592008,1,0.4838249296820439,1.0,dynamics_h_0p01_stage_2,ok,12140e25162df7ed81599a111742b07052ef21dac4d3086bb8a4c937317db44a,deep_m0128_r1,production_final
3,deep,final_geometry_v15_20260930,4327fe4ece9317f6fd20fad18389a71e9b1f423b,32,-0.31937677722957314,0.0111021181383427,True,-0.34964700369496304,5476.902838591596,5501.173436509121,14589.604054673646,31c8bf5b050a294cd0906a1e629aed70efa719721d8a54ae8d2dd38ca42880ec,0,True,,498,102399,full_posterior,128,0.005652311676731872,-0.3345118904622681,128,train_logit_112,train_logit_112,20608,1,1.0012172631027503,1,0.47625312545831944,1.0,dynamics_h_0p01_stage_2,ok,12140e25162df7ed81599a111742b07052ef21dac4d3086bb8a4c937317db44a,deep_m0128_r1,production_final
3,deep,final_geometry_v15_20260930,4327fe4ece9317f6fd20fad18389a71e9b1f423b,32,0.5072307621754205,0.0037958499892333944,True,0.5068980594777546,5430.818901219206,5438.613153044469,12414.828955387517,31c8bf5b050a294cd0906a1e629aed70efa719721d8a54ae8d2dd38ca42880ec,0,True,,382,102399,full_posterior,128,0.0019333514341881319,0.5070644108265878,128,test_prob_0,test_prob_0,20608,1,1.0003338688342633,1,0.15863279444035763,1.0,dynamics_h_0p01_stage_2,ok,12140e25162df7ed81599a111742b07052ef21dac4d3086bb8a4c937317db44a,deep_m0128_r1,production_final
3,deep,final_geometry_v15_20260930,4327fe4ece9317f6fd20fad18389a71e9b1f423b,32,0.39123673289147226,0.0035772683124460827,True,0.3738193114231276,5755.3313583183035,5831.019234349151,12796.844106292434,31c8bf5b050a294cd0906a1e629aed70efa719721d8a54ae8d2dd38ca42880ec,0,True,,234,102399,full_posterior,128,0.00186583572935062,0.38252802215729986,128,test_prob_128,test_prob_128,20608,1,1.002521580021349,1,0.15102006005390112,1.0,dynamics_h_0p01_stage_2,ok,12140e25162df7ed81599a111742b07052ef21dac4d3086bb8a4c937317db44a,deep_m0128_r1,production_final
3,deep,final_geometry_v15_20260930,4327fe4ece9317f6fd20fad18389a71e9b1f423b,32,0.4689979547405564,0.003672548365550881,True,0.4712166428074262,5671.851990987324,5701.649520764393,13544.400818317457,31c8bf5b050a294cd0906a1e629aed70efa719721d8a54ae8d2dd38ca42880ec,0,True,,318,102399,full_posterior,128,0.001942302781916411,0.4701072987739911,128,test_prob_256,test_prob_256,20608,1,1.0001940031599557,1,0.15590209354328893,1.0,dynamics_h_0p01_stage_2,ok,12140e25162df7ed81599a111742b07052ef21dac4d3086bb8a4c937317db44a,deep_m0128_r1,production_final
3,deep,final_geometry_v15_20260930,4327fe4ece9317f6fd20fad18389a71e9b1f423b,32,0.7201194042677106,0.0029877386580696333,True,0.7146794145610972,5416.932447626263,5516.016826453951,13307.385568366264,31c8bf5b050a294cd0906a1e629aed70efa719721d8a54ae8d2dd38ca42880ec,0,True,,310,102399,full_posterior,128,0.0015366331278232838,0.7173994094144036,128,test_prob_384,test_prob_384,20608,1,1.001560739047706,1,0.12684985283218092,1.0,dynamics_h_0p01_stage_2,ok,12140e25162df7ed81599a111742b07052ef21dac4d3086bb8a4c937317db44a,deep_m0128_r1,production_final
3,deep,final_geometry_v15_20260930,4327fe4ece9317f6fd20fad18389a71e9b1f423b,32,0.49438040575302816,0.0037386448351660385,True,0.49079756020990023,5306.105755055572,5344.982919304722,12016.123268463985,31c8bf5b050a294cd0906a1e629aed70efa719721d8a54ae8d2dd38ca42880ec,0,True,,320,102399,full_posterior,128,0.0019808851146148557,0.4925889829814642,128,test_prob_512,test_prob_512,20608,1,1.0004925657480697,1,0.15803842162755014,1.0,dynamics_h_0p01_stage_2,ok,12140e25162df7ed81599a111742b07052ef21dac4d3086bb8a4c937317db44a,deep_m0128_r1,production_final
3,deep,final_geometry_v15_20260930,4327fe4ece9317f6fd20fad18389a71e9b1f423b,32,0.576279875253469,0.0037605676735920426,True,0.5726246195209752,5753.431465544021,5787.367079792336,13075.545599272955,31c8bf5b050a294cd0906a1e629aed70efa719721d8a54ae8d2dd38ca42880ec,0,True,,226,102399,full_posterior,128,0.0019480648406239478,0.574452247387222,128,test_prob_640,test_prob_640,20608,1,1.0003232229837031,1,0.1571521505133331,1.0,dynamics_h_0p01_stage_2,ok,12140e25162df7ed81599a111742b07052ef21dac4d3086bb8a4c937317db44a,deep_m0128_r1,production_final
3,deep,final_geometry_v15_20260930,4327fe4ece9317f6fd20fad18389a71e9b1f423b,32,0.5191904753008305,0.003710909797559495,True,0.5084477450885437,5368.871876019192,5402.747486860192,14080.53825931706,31c8bf5b050a294cd0906a1e629aed70efa719721d8a54ae8d2dd38ca42880ec,0,True,,412,102399,full_posterior,128,0.0019375651136807736,0.5138191101946874,128,test_prob_768,test_prob_768,20608,1,1.0015020463713893,1,0.15655127791364065,1.0,dynamics_h_0p01_stage_2,ok,12140e25162df7ed81599a111742b07052ef21dac4d3086bb8a4c937317db44a,deep_m0128_r1,production_final
3,deep,final_geometry_v15_20260930,4327fe4ece9317f6fd20fad18389a71e9b1f423b,32,0.4929257966975561,0.0037826874639336544,True,0.48806243947903005,5143.525563207049,5089.20407514558,13774.14087668893,31c8bf5b050a294cd0906a1e629aed70efa719721d8a54ae8d2dd38ca42880ec,0,True,,492,102399,full_posterior,128,0.0019788838154890446,0.4904941180882931,128,test_prob_896,test_prob_896,20608,1,1.0011189219065861,1,0.15883817133924583,1.0,dynamics_h_0p01_stage_2,ok,12140e25162df7ed81599a111742b07052ef21dac4d3086bb8a4c937317db44a,deep_m0128_r1,production_final
3,deep,final_geometry_v15_20260930,4327fe4ece9317f6fd20fad18389a71e9b1f423b,32,0.04493761383586834,0.018557460413688595,True,0.03433177906876582,4066.2384115222208,3945.3696955389432,6133.094286240558,31c8bf5b050a294cd0906a1e629aed70efa719721d8a54ae8d2dd38ca42880ec,0,True,,228,102399,full_posterior,128,0.00961002123234791,0.03963469645231708,128,interaction_0,interaction_0,20608,1,1.0006741411867879,1,0.6605329110908573,1.0,dynamics_h_0p01_stage_2,ok,12140e25162df7ed81599a111742b07052ef21dac4d3086bb8a4c937317db44a,deep_m0128_r1,production_final
3,deep,final_geometry_v15_20260930,4327fe4ece9317f6fd20fad18389a71e9b1f423b,32,0.05301859498828721,0.017859435069069986,True,0.02023735142083565,4362.5284771220095,4191.33161759102,6166.008086174649,31c8bf5b050a294cd0906a1e629aed70efa719721d8a54ae8d2dd38ca42880ec,0,True,,232,102399,full_posterior,128,0.009177855759307605,0.03662797320456143,128,interaction_1,interaction_1,20608,1,1.0009670239719817,1,0.6488383163900528,1.0,dynamics_h_0p01_stage_2,ok,12140e25162df7ed81599a111742b07052ef21dac4d3086bb8a4c937317db44a,deep_m0128_r1,production_final
3,deep,final_geometry_v15_20260930,4327fe4ece9317f6fd20fad18389a71e9b1f423b,32,0.03436965229912361,0.018993809314992643,True,0.035519515914204394,3974.8175908137505,3718.1961156368748,5457.138653964779,31c8bf5b050a294cd0906a1e629aed70efa719721d8a54ae8d2dd38ca42880ec,0,True,,322,102399,full_posterior,128,0.00992550538815175,0.034944584106664005,128,interaction_2,interaction_2,20608,1,1.0008557663514834,1,0.6663256584289922,1.0,dynamics_h_0p01_stage_2,ok,12140e25162df7ed81599a111742b07052ef21dac4d3086bb8a4c937317db44a,deep_m0128_r1,production_final
3,deep,final_geometry_v15_20260930,4327fe4ece9317f6fd20fad18389a71e9b1f423b,32,0.046293641951367086,0.01856588536968212,True,0.023786420083404133,4223.895925524961,4017.528714710166,5295.026269745182,31c8bf5b050a294cd0906a1e629aed70efa719721d8a54ae8d2dd38ca42880ec,0,True,,222,102399,full_posterior,128,0.009429022024665773,0.0350400310173856,128,interaction_3,interaction_3,20608,1,1.0006164257736292,1,0.6578292630327479,1.0,dynamics_h_0p01_stage_2,ok,12140e25162df7ed81599a111742b07052ef21dac4d3086bb8a4c937317db44a,deep_m0128_r1,production_final
3,deep,final_geometry_v15_20260930,4327fe4ece9317f6fd20fad18389a71e9b1f423b,32,0.0827622353796782,0.03773675737292734,True,0.15671372528127964,1502.5646277192234,1503.9185383493402,3784.537468602298,31c8bf5b050a294cd0906a1e629aed70efa719721d8a54ae8d2dd38ca42880ec,0,True,,940,102399,full_posterior,128,0.020340364027493247,0.11973798033047894,128,q_A,q_A,20608,1,1.0026522069948054,1,1.0536120764279093,1.0,dynamics_h_0p01_stage_2,ok,12140e25162df7ed81599a111742b07052ef21dac4d3086bb8a4c937317db44a,deep_m0128_r1,production_final
3,deep,final_geometry_v15_20260930,4327fe4ece9317f6fd20fad18389a71e9b1f423b,32,-0.06401191176175951,0.03511264548395176,True,-0.06534711432011027,1833.073066948951,1822.3897200355132,3906.6139937918424,31c8bf5b050a294cd0906a1e629aed70efa719721d8a54ae8d2dd38ca42880ec,0,True,,648,102399,full_posterior,128,0.019074743805241212,-0.06467951304093492,128,q_W,q_W,20608,1,1.0026270813129443,1,1.0037670725877617,1.0,dynamics_h_0p01_stage_2,ok,12140e25162df7ed81599a111742b07052ef21dac4d3086bb8a4c937317db44a,deep_m0128_r1,production_final
3,deep,final_geometry_v15_20260930,4327fe4ece9317f6fd20fad18389a71e9b1f423b,32,1.103663202343161,0.0037223171826363793,True,1.099590773438927,4248.741117779735,4233.827884927292,8357.327377299276,31c8bf5b050a294cd0906a1e629aed70efa719721d8a54ae8d2dd38ca42880ec,0,True,,214,102399,full_posterior,128,0.0019178290701703394,1.101626987891044,128,disp_A,disp_A,20608,1,1.0008202060995899,1,0.13329865368954671,1.0,dynamics_h_0p01_stage_2,ok,12140e25162df7ed81599a111742b07052ef21dac4d3086bb8a4c937317db44a,deep_m0128_r1,production_final
3,deep,final_geometry_v15_20260930,4327fe4ece9317f6fd20fad18389a71e9b1f423b,32,1.0000537688740712,0.0006080653787415109,True,1.000871408971706,4101.374601500265,4103.342828978567,8939.67309770947,31c8bf5b050a294cd0906a1e629aed70efa719721d8a54ae8d2dd38ca42880ec,0,True,,224,102399,full_posterior,128,0.00032019338572737737,1.0004625889228884,128,disp_W1,disp_W1,20608,1,1.0006884411462793,1,0.02215166282508478,1.0,dynamics_h_0p01_stage_2,ok,12140e25162df7ed81599a111742b07052ef21dac4d3086bb8a4c937317db44a,deep_m0128_r1,production_final
3,deep,final_geometry_v15_20260930,4327fe4ece9317f6fd20fad18389a71e9b1f423b,32,1.0005420601426007,0.0003073663038182186,True,1.0004576908816107,4111.407100497937,4108.986942435801,9224.291303243506,31c8bf5b050a294cd0906a1e629aed70efa719721d8a54ae8d2dd38ca42880ec,0,True,,238,102399,full_posterior,128,0.0001607536242849088,1.0004998755121057,128,disp_W2,disp_W2,20608,1,1.0004090258660734,1,0.011116787840658617,1.0,dynamics_h_0p01_stage_2,ok,12140e25162df7ed81599a111742b07052ef21dac4d3086bb8a4c937317db44a,deep_m0128_r1,production_final
3,deep,final_geometry_v15_20260930,4327fe4ece9317f6fd20fad18389a71e9b1f423b,32,63.15608663573087,0.11503683877759646,True,63.11420888886141,4944.930511292177,4965.57607001368,10773.62494798121,4b342c1a4ea7ea49da9295e9c0c8f0e58b2255accfd3f7e3cbde420553098a86,0,True,,204,51199,full_posterior,128,0.059255259679250424,63.13514776229613,128,V,V,20608,1,1.0006628736020047,1,4.483015524608303,1.0,dynamics_h_0p02_stage_2,ok,12140e25162df7ed81599a111742b07052ef21dac4d3086bb8a4c937317db44a,deep_m0128_r1,validation_or_superseded
3,deep,final_geometry_v15_20260930,4327fe4ece9317f6fd20fad18389a71e9b1f423b,32,10378.519861279698,2.9584486948356203,True,10377.356236067924,4084.538428224961,4081.546380194263,8827.214909684246,4b342c1a4ea7ea49da9295e9c0c8f0e58b2255accfd3f7e3cbde420553098a86,0,True,,108,51199,full_posterior,128,1.5155635198522253,10377.93804867381,128,U,U,20608,1,1.0008431863412568,1,102.21180586062508,1.0,dynamics_h_0p02_stage_2,ok,12140e25162df7ed81599a111742b07052ef21dac4d3086bb8a4c937317db44a,deep_m0128_r1,validation_or_superseded
3,deep,final_geometry_v15_20260930,4327fe4ece9317f6fd20fad18389a71e9b1f423b,32,0.254776395520266,0.011330263457596561,True,0.24331847509948898,6207.307198673811,6210.388458856548,14502.349386528063,4b342c1a4ea7ea49da9295e9c0c8f0e58b2255accfd3f7e3cbde420553098a86,0,True,,160,51199,full_posterior,128,0.005756604283122956,0.24904743530987747,128,train_logit_0,train_logit_0,20608,1,1.0001672530823869,1,0.47813012362137597,1.0,dynamics_h_0p02_stage_2,ok,12140e25162df7ed81599a111742b07052ef21dac4d3086bb8a4c937317db44a,deep_m0128_r1,validation_or_superseded
3,deep,final_geometry_v15_20260930,4327fe4ece9317f6fd20fad18389a71e9b1f423b,32,0.5706122932512242,0.01102958319950187,True,0.5849738621176573,6298.30055203493,6264.668186228846,14179.185117480753,4b342c1a4ea7ea49da9295e9c0c8f0e58b2255accfd3f7e3cbde420553098a86,0,True,,178,51199,full_posterior,128,0.00568304992241247,0.5777930776844407,128,train_logit_16,train_logit_16,20608,1,1.0008437416173976,1,0.46809008369299826,1.0,dynamics_h_0p02_stage_2,ok,12140e25162df7ed81599a111742b07052ef21dac4d3086bb8a4c937317db44a,deep_m0128_r1,validation_or_superseded
3,deep,final_geometry_v15_20260930,4327fe4ece9317f6fd20fad18389a71e9b1f423b,32,-0.0969716123303657,0.01105777351372848,True,-0.10234798831996919,5995.131367797615,5964.3651681142155,13688.24647224079,4b342c1a4ea7ea49da9295e9c0c8f0e58b2255accfd3f7e3cbde420553098a86,0,True,,160,51199,full_posterior,128,0.005772156182555246,-0.09965980032516746,128,train_logit_32,train_logit_32,20608,1,1.00063092877652,1,0.4685242357199483,1.0,dynamics_h_0p02_stage_2,ok,12140e25162df7ed81599a111742b07052ef21dac4d3086bb8a4c937317db44a,deep_m0128_r1,validation_or_superseded
3,deep,final_geometry_v15_20260930,4327fe4ece9317f6fd20fad18389a71e9b1f423b,32,-0.8522429112674098,0.01151277959350927,True,-0.8410695344781098,5845.162790579494,5825.211513126827,13322.984766227835,4b342c1a4ea7ea49da9295e9c0c8f0e58b2255accfd3f7e3cbde420553098a86,0,True,,234,51199,full_posterior,128,0.005892703201578451,-0.84665622287276,128,train_logit_48,train_logit_48,20608,1,1.000199198288404,1,0.47646172495497385,1.0,dynamics_h_0p02_stage_2,ok,12140e25162df7ed81599a111742b07052ef21dac4d3086bb8a4c937317db44a,deep_m0128_r1,validation_or_superseded
3,deep,final_geometry_v15_20260930,4327fe4ece9317f6fd20fad18389a71e9b1f423b,32,0.6600642766292023,0.01069484133737345,True,0.6633986747907162,6603.512325726792,6594.390425794399,15964.77386483447,4b342c1a4ea7ea49da9295e9c0c8f0e58b2255accfd3f7e3cbde420553098a86,0,True,,142,51199,full_posterior,128,0.005367459499830271,0.6617314757099594,128,train_logit_64,train_logit_64,20608,1,1.0005425899704499,1,0.4664023241396832,1.0,dynamics_h_0p02_stage_2,ok,12140e25162df7ed81599a111742b07052ef21dac4d3086bb8a4c937317db44a,deep_m0128_r1,validation_or_superseded
3,deep,final_geometry_v15_20260930,4327fe4ece9317f6fd20fad18389a71e9b1f423b,32,0.7470781949202044,0.01075922540849629,True,0.7500713910816895,6665.573238032234,6685.116482839882,15826.20168180108,4b342c1a4ea7ea49da9295e9c0c8f0e58b2255accfd3f7e3cbde420553098a86,0,True,,202,51199,full_posterior,128,0.005580445129447288,0.748574793000947,128,train_logit_80,train_logit_80,20608,1,1.0004557302276822,1,0.46422074657157253,1.0,dynamics_h_0p02_stage_2,ok,12140e25162df7ed81599a111742b07052ef21dac4d3086bb8a4c937317db44a,deep_m0128_r1,validation_or_superseded
3,deep,final_geometry_v15_20260930,4327fe4ece9317f6fd20fad18389a71e9b1f423b,32,0.06559442975607582,0.01171287061484804,True,0.05142316989459696,5608.489622188676,5577.858415716205,13525.123050168464,4b342c1a4ea7ea49da9295e9c0c8f0e58b2255accfd3f7e3cbde420553098a86,0,True,,372,51199,full_posterior,128,0.006103580623533667,0.058508799825336404,128,train_logit_96,train_logit_96,20608,1,1.0016536123960615,1,0.4823303839789502,1.0,dynamics_h_0p02_stage_2,ok,12140e25162df7ed81599a111742b07052ef21dac4d3086bb8a4c937317db44a,deep_m0128_r1,validation_or_superseded
3,deep,final_geometry_v15_20260930,4327fe4ece9317f6fd20fad18389a71e9b1f423b,32,-0.32658894019160356,0.01111778438600743,True,-0.34756215542289537,6212.217795672145,6192.701909646346,14127.471063659461,4b342c1a4ea7ea49da9295e9c0c8f0e58b2255accfd3f7e3cbde420553098a86,0,True,,156,51199,full_posterior,128,0.005766613350264184,-0.33707554780724946,128,train_logit_112,train_logit_112,20608,1,1.0009525740140777,1,0.47264815928268367,1.0,dynamics_h_0p02_stage_2,ok,12140e25162df7ed81599a111742b07052ef21dac4d3086bb8a4c937317db44a,deep_m0128_r1,validation_or_superseded
3,deep,final_geometry_v15_20260930,4327fe4ece9317f6fd20fad18389a71e9b1f423b,32,0.5086040476442397,0.00379029561675003,True,0.5114881373884667,6114.864962608687,6138.268954393542,14080.78161384036,4b342c1a4ea7ea49da9295e9c0c8f0e58b2255accfd3f7e3cbde420553098a86,0,True,,114,51199,full_posterior,128,0.0019636192137113674,0.5100460925163532,128,test_prob_0,test_prob_0,20608,1,1.0002885740695706,1,0.15881253557235536,1.0,dynamics_h_0p02_stage_2,ok,12140e25162df7ed81599a111742b07052ef21dac4d3086bb8a4c937317db44a,deep_m0128_r1,validation_or_superseded
3,deep,final_geometry_v15_20260930,4327fe4ece9317f6fd20fad18389a71e9b1f423b,32,0.38714959201819554,0.0036360975754597294,True,0.38295698498176006,5925.400482902761,5918.051049659708,14357.098247439952,4b342c1a4ea7ea49da9295e9c0c8f0e58b2255accfd3f7e3cbde420553098a86,0,True,,224,51199,full_posterior,128,0.0018624487673338827,0.3850532884999779,128,test_prob_128,test_prob_128,20608,1,1.0007350311527194,1,0.1500223256261057,1.0,dynamics_h_0p02_stage_2,ok,12140e25162df7ed81599a111742b07052ef21dac4d3086bb8a4c937317db44a,deep_m0128_r1,validation_or_superseded
3,deep,final_geometry_v15_20260930,4327fe4ece9317f6fd20fad18389a71e9b1f423b,32,0.4743520134568238,0.0038157570271457656,True,0.472444535310294,5858.655292751457,5902.548997078725,13300.789296352708,4b342c1a4ea7ea49da9295e9c0c8f0e58b2255accfd3f7e3cbde420553098a86,0,True,,116,51199,full_posterior,128,0.001972487292695461,0.473398274383559,128,test_prob_256,test_prob_256,20608,1,1.0004181461724067,1,0.15648271612862896,1.0,dynamics_h_0p02_stage_2,ok,12140e25162df7ed81599a111742b07052ef21dac4d3086bb8a4c937317db44a,deep_m0128_r1,validation_or_superseded
3,deep,final_geometry_v15_20260930,4327fe4ece9317f6fd20fad18389a71e9b1f423b,32,0.7172708512110401,0.0030211538825009716,True,0.7185328447696985,6222.301601731862,6330.062460066564,13690.07753881776,4b342c1a4ea7ea49da9295e9c0c8f0e58b2255accfd3f7e3cbde420553098a86,0,True,,104,51199,full_posterior,128,0.001559346709122128,0.7179018479903693,128,test_prob_384,test_prob_384,20608,1,1.0009363473991864,1,0.128288323721783,1.0,dynamics_h_0p02_stage_2,ok,12140e25162df7ed81599a111742b07052ef21dac4d3086bb8a4c937317db44a,deep_m0128_r1,validation_or_superseded
3,deep,final_geometry_v15_20260930,4327fe4ece9317f6fd20fad18389a71e9b1f423b,32,0.48922789801487354,0.0040793285671030894,True,0.49694689257139457,4954.713195032931,4967.219709945182,11840.603335420194,4b342c1a4ea7ea49da9295e9c0c8f0e58b2255accfd3f7e3cbde420553098a86,0,True,,184,51199,full_posterior,128,0.002115000886485263,0.493087395293134,128,test_prob_512,test_prob_512,20608,1,1.0009204241243952,1,0.15992142452777564,1.0,dynamics_h_0p02_stage_2,ok,12140e25162df7ed81599a111742b07052ef21dac4d3086bb8a4c937317db44a,deep_m0128_r1,validation_or_superseded
3,deep,final_geometry_v15_20260930,4327fe4ece9317f6fd20fad18389a71e9b1f423b,32,0.5707234110677598,0.003826027911688167,True,0.5738186196192582,5905.983449484849,5913.6328486004995,14081.216282380348,4b342c1a4ea7ea49da9295e9c0c8f0e58b2255accfd3f7e3cbde420553098a86,0,True,,126,51199,full_posterior,128,0.001930737295698485,0.5722710153435091,128,test_prob_640,test_prob_640,20608,1,1.000342284312545,1,0.154882841653359,1.0,dynamics_h_0p02_stage_2,ok,12140e25162df7ed81599a111742b07052ef21dac4d3086bb8a4c937317db44a,deep_m0128_r1,validation_or_superseded
3,deep,final_geometry_v15_20260930,4327fe4ece9317f6fd20fad18389a71e9b1f423b,32,0.5123091931920204,0.003916911203465333,True,0.5142093423859282,5381.05242414517,5411.425589059134,12885.528672755276,4b342c1a4ea7ea49da9295e9c0c8f0e58b2255accfd3f7e3cbde420553098a86,0,True,,132,51199,full_posterior,128,0.0020559196497081295,0.5132592677889742,128,test_prob_768,test_prob_768,20608,1,1.0014154816339336,1,0.15791036600762853,1.0,dynamics_h_0p02_stage_2,ok,12140e25162df7ed81599a111742b07052ef21dac4d3086bb8a4c937317db44a,deep_m0128_r1,validation_or_superseded
3,deep,final_geometry_v15_20260930,4327fe4ece9317f6fd20fad18389a71e9b1f423b,32,0.4914479625227417,0.003948686482026488,True,0.49123110031671274,5574.81804663883,5595.603912570989,13007.961305277675,4b342c1a4ea7ea49da9295e9c0c8f0e58b2255accfd3f7e3cbde420553098a86,0,True,,122,51199,full_posterior,128,0.0019981236047806627,0.4913395314197272,128,test_prob_896,test_prob_896,20608,1,1.001244842352394,1,0.15890279232484314,1.0,dynamics_h_0p02_stage_2,ok,12140e25162df7ed81599a111742b07052ef21dac4d3086bb8a4c937317db44a,deep_m0128_r1,validation_or_superseded
3,deep,final_geometry_v15_20260930,4327fe4ece9317f6fd20fad18389a71e9b1f423b,32,0.03519032539249015,0.020088901828217782,True,0.03445526897786479,3668.721791319832,3557.5711500125267,5440.198492359735,4b342c1a4ea7ea49da9295e9c0c8f0e58b2255accfd3f7e3cbde420553098a86,0,True,,262,51199,full_posterior,128,0.010317424583479907,0.03482279718517747,128,interaction_0,interaction_0,20608,1,1.0007879607436203,1,0.6675803314015044,1.0,dynamics_h_0p02_stage_2,ok,12140e25162df7ed81599a111742b07052ef21dac4d3086bb8a4c937317db44a,deep_m0128_r1,validation_or_superseded
3,deep,final_geometry_v15_20260930,4327fe4ece9317f6fd20fad18389a71e9b1f423b,32,0.019518840968610975,0.01909600077031629,True,0.024017837139638655,4133.585158297938,3958.674375046567,5956.732446222775,4b342c1a4ea7ea49da9295e9c0c8f0e58b2255accfd3f7e3cbde420553098a86,0,True,,180,51199,full_posterior,128,0.009662767884085932,0.021768339054124817,128,interaction_1,interaction_1,20608,1,1.0013343985413317,1,0.656583506624854,1.0,dynamics_h_0p02_stage_2,ok,12140e25162df7ed81599a111742b07052ef21dac4d3086bb8a4c937317db44a,deep_m0128_r1,validation_or_superseded
3,deep,final_geometry_v15_20260930,4327fe4ece9317f6fd20fad18389a71e9b1f423b,32,0.04407853427371559,0.019389546864596333,True,0.025467113936454212,3846.243097421234,3750.8953434135387,6337.691746087653,4b342c1a4ea7ea49da9295e9c0c8f0e58b2255accfd3f7e3cbde420553098a86,0,True,,168,51199,full_posterior,128,0.010157394207963659,0.0347728241050849,128,interaction_2,interaction_2,20608,1,1.000691959205841,1,0.6623015467561715,1.0,dynamics_h_0p02_stage_2,ok,12140e25162df7ed81599a111742b07052ef21dac4d3086bb8a4c937317db44a,deep_m0128_r1,validation_or_superseded
3,deep,final_geometry_v15_20260930,4327fe4ece9317f6fd20fad18389a71e9b1f423b,32,0.04599801993123718,0.01900901002514186,True,0.011699019105857609,3718.703108961165,3528.502001750636,5292.433664609104,4b342c1a4ea7ea49da9295e9c0c8f0e58b2255accfd3f7e3cbde420553098a86,0,True,,276,51199,full_posterior,128,0.009954270441101925,0.0288485195185474,128,interaction_3,interaction_3,20608,1,1.0009492582555126,1,0.6428690507413451,1.0,dynamics_h_0p02_stage_2,ok,12140e25162df7ed81599a111742b07052ef21dac4d3086bb8a4c937317db44a,deep_m0128_r1,validation_or_superseded
3,deep,final_geometry_v15_20260930,4327fe4ece9317f6fd20fad18389a71e9b1f423b,32,0.028173882904550647,0.04137336905044925,True,0.06767891653185953,1702.741281103071,1702.002522423307,3491.10886092927,4b342c1a4ea7ea49da9295e9c0c8f0e58b2255accfd3f7e3cbde420553098a86,0,True,,302,51199,full_posterior,128,0.02184746396315047,0.047926399718205094,128,q_A,q_A,20608,1,1.0012924182982974,1,1.0541737323321851,1.0,dynamics_h_0p02_stage_2,ok,12140e25162df7ed81599a111742b07052ef21dac4d3086bb8a4c937317db44a,deep_m0128_r1,validation_or_superseded
3,deep,final_geometry_v15_20260930,4327fe4ece9317f6fd20fad18389a71e9b1f423b,32,-0.05783888083949549,0.03769902621164657,True,-0.07433300664442494,1902.4337074047069,1884.8055808440133,3885.734449778197,4b342c1a4ea7ea49da9295e9c0c8f0e58b2255accfd3f7e3cbde420553098a86,0,True,,308,51199,full_posterior,128,0.020244452634826146,-0.0660859437419602,128,q_W,q_W,20608,1,1.0017582061860386,1,1.0028937036193906,1.0,dynamics_h_0p02_stage_2,ok,12140e25162df7ed81599a111742b07052ef21dac4d3086bb8a4c937317db44a,deep_m0128_r1,validation_or_superseded
3,deep,final_geometry_v15_20260930,4327fe4ece9317f6fd20fad18389a71e9b1f423b,32,1.1033042591774938,0.003891803189686469,True,1.0989169416991778,3551.1312506103964,3549.0302846759573,8192.55243100284,4b342c1a4ea7ea49da9295e9c0c8f0e58b2255accfd3f7e3cbde420553098a86,0,True,,250,51199,full_posterior,128,0.0020069828380121875,1.1011106004383355,128,disp_A,disp_A,20608,1,1.0016594258864493,1,0.13042360915909906,1.0,dynamics_h_0p02_stage_2,ok,12140e25162df7ed81599a111742b07052ef21dac4d3086bb8a4c937317db44a,deep_m0128_r1,validation_or_superseded
3,deep,final_geometry_v15_20260930,4327fe4ece9317f6fd20fad18389a71e9b1f423b,32,1.0001515736194182,0.0006218960866430045,True,1.0008036113748497,4081.289324176462,4081.543566875631,8750.676398003596,4b342c1a4ea7ea49da9295e9c0c8f0e58b2255accfd3f7e3cbde420553098a86,0,True,,204,51199,full_posterior,128,0.000315754406490008,1.000477592497134,128,disp_W1,disp_W1,20608,1,1.0008859500895868,1,0.021989681223051456,1.0,dynamics_h_0p02_stage_2,ok,12140e25162df7ed81599a111742b07052ef21dac4d3086bb8a4c937317db44a,deep_m0128_r1,validation_or_superseded
3,deep,final_geometry_v15_20260930,4327fe4ece9317f6fd20fad18389a71e9b1f423b,32,1.00054222159229,0.00032358112483759667,True,1.0002765560076445,4092.319584797436,4090.2202665762857,8662.897244211492,4b342c1a4ea7ea49da9295e9c0c8f0e58b2255accfd3f7e3cbde420553098a86,0,True,,112,51199,full_posterior,128,0.00016726802828866046,1.0004093887999672,128,disp_W2,disp_W2,20608,1,1.0008845562764375,1,0.011170009515045385,1.0,dynamics_h_0p02_stage_2,ok,12140e25162df7ed81599a111742b07052ef21dac4d3086bb8a4c937317db44a,deep_m0128_r1,validation_or_superseded
3,deep,final_geometry_v15_20260930,4327fe4ece9317f6fd20fad18389a71e9b1f423b,32,70.24690933603962,0.09332581439511327,True,70.24876629523021,5634.848675698635,5640.306529493496,13853.05873226417,c8727eca7ef330dfa0a71a2a335179847cb07c9c75adc570dd50e0476c1ce109,0,True,,314,102399,full_posterior,128,0.048178086616193556,70.24783781563492,128,V,V,20608,2,1.0007316590966324,1,3.974613956317299,1.0,dynamics_h_0p01_stage_2,ok,ab9e24560eea0ddc4fd775ee6d516b1daa269452cd648f2739f422995dd944b3,deep_m0128_r2,production_final
3,deep,final_geometry_v15_20260930,4327fe4ece9317f6fd20fad18389a71e9b1f423b,32,10378.850308368004,2.766539349085037,True,10382.620188562745,4181.486569378827,4182.404661015363,9472.991241685408,c8727eca7ef330dfa0a71a2a335179847cb07c9c75adc570dd50e0476c1ce109,0,True,,324,102399,full_posterior,128,1.4408666880428342,10380.735248465373,128,U,U,20608,2,1.0004658989852615,1,101.18614222249727,1.0,dynamics_h_0p01_stage_2,ok,ab9e24560eea0ddc4fd775ee6d516b1daa269452cd648f2739f422995dd944b3,deep_m0128_r2,production_final
3,deep,final_geometry_v15_20260930,4327fe4ece9317f6fd20fad18389a71e9b1f423b,32,-0.26497973317393436,0.011165661288668076,True,-0.24086078699433677,5831.064186278993,5828.923542286689,13737.36030254887,c8727eca7ef330dfa0a71a2a335179847cb07c9c75adc570dd50e0476c1ce109,0,True,,278,102399,full_posterior,128,0.0057633398469444565,-0.2529202600841356,128,train_logit_0,train_logit_0,20608,2,1.0005254556602192,1,0.4748615556184984,1.0,dynamics_h_0p01_stage_2,ok,ab9e24560eea0ddc4fd775ee6d516b1daa269452cd648f2739f422995dd944b3,deep_m0128_r2,production_final
3,deep,final_geometry_v15_20260930,4327fe4ece9317f6fd20fad18389a71e9b1f423b,32,0.21360831641731262,0.010366332349871598,True,0.2157047965327621,6218.210606764394,6219.510081262855,14873.600243332065,c8727eca7ef330dfa0a71a2a335179847cb07c9c75adc570dd50e0476c1ce109,0,True,,354,102399,full_posterior,128,0.005373343449591901,0.21465655647503742,128,train_logit_16,train_logit_16,20608,2,1.0006656961217872,1,0.4601625061133696,1.0,dynamics_h_0p01_stage_2,ok,ab9e24560eea0ddc4fd775ee6d516b1daa269452cd648f2739f422995dd944b3,deep_m0128_r2,production_final
3,deep,final_geometry_v15_20260930,4327fe4ece9317f6fd20fad18389a71e9b1f423b,32,-0.4668339919151755,0.010054095636042823,True,-0.47237845682580326,6580.354250847443,6589.312912077645,14443.439021762406,c8727eca7ef330dfa0a71a2a335179847cb07c9c75adc570dd50e0476c1ce109,0,True,,548,102399,full_posterior,128,0.005235684512326934,-0.46960622437048954,128,train_logit_32,train_logit_32,20608,2,1.0008585001619499,1,0.45484463594086927,1.0,dynamics_h_0p01_stage_2,ok,ab9e24560eea0ddc4fd775ee6d516b1daa269452cd648f2739f422995dd944b3,deep_m0128_r2,production_final
3,deep,final_geometry_v15_20260930,4327fe4ece9317f6fd20fad18389a71e9b1f423b,32,-0.8297671221330734,0.010922403237352052,True,-0.8153872000630911,6164.895301276515,6156.050566737674,15385.857675436417,c8727eca7ef330dfa0a71a2a335179847cb07c9c75adc570dd50e0476c1ce109,0,True,,306,102399,full_posterior,128,0.005616304699001667,-0.8225771610980823,128,train_logit_48,train_logit_48,20608,2,1.0006550314637004,1,0.46964860511574774,1.0,dynamics_h_0p01_stage_2,ok,ab9e24560eea0ddc4fd775ee6d516b1daa269452cd648f2739f422995dd944b3,deep_m0128_r2,production_final
3,deep,final_geometry_v15_20260930,4327fe4ece9317f6fd20fad18389a71e9b1f423b,32,0.3507468837687236,0.010144059073868977,True,0.35255144378318404,7033.325079483852,7027.8202803767035,16489.909002526772,c8727eca7ef330dfa0a71a2a335179847cb07c9c75adc570dd50e0476c1ce109,0,True,,168,102399,full_posterior,128,0.005176072631322747,0.35164916377595384,128,train_logit_64,train_logit_64,20608,2,1.0001885341621197,1,0.4637886294711919,1.0,dynamics_h_0p01_stage_2,ok,ab9e24560eea0ddc4fd775ee6d516b1daa269452cd648f2739f422995dd944b3,deep_m0128_r2,production_final
3,deep,final_geometry_v15_20260930,4327fe4ece9317f6fd20fad18389a71e9b1f423b,32,-0.47099490550972634,0.01023804467048302,True,-0.4899693338581811,6394.35112275142,6397.480405884983,15717.02060962709,c8727eca7ef330dfa0a71a2a335179847cb07c9c75adc570dd50e0476c1ce109,0,True,,290,102399,full_posterior,128,0.0053641049371707175,-0.4804821196839537,128,train_logit_80,train_logit_80,20608,2,1.001449813865803,1,0.45690763535235224,1.0,dynamics_h_0p01_stage_2,ok,ab9e24560eea0ddc4fd775ee6d516b1daa269452cd648f2739f422995dd944b3,deep_m0128_r2,production_final
3,deep,final_geometry_v15_20260930,4327fe4ece9317f6fd20fad18389a71e9b1f423b,32,-0.6434415477008212,0.010108640060532643,True,-0.6461906700772486,6825.009156395599,6811.352051946349,15738.855244177406,c8727eca7ef330dfa0a71a2a335179847cb07c9c75adc570dd50e0476c1ce109,0,True,,308,102399,full_posterior,128,0.005139032534593299,-0.6448161088890348,128,train_logit_96,train_logit_96,20608,2,1.0008157715180863,1,0.45377903484538656,1.0,dynamics_h_0p01_stage_2,ok,ab9e24560eea0ddc4fd775ee6d516b1daa269452cd648f2739f422995dd944b3,deep_m0128_r2,production_final
3,deep,final_geometry_v15_20260930,4327fe4ece9317f6fd20fad18389a71e9b1f423b,32,0.6070597734468306,0.009285861214526245,True,0.6085430637473564,7511.617764043241,7509.749154464421,17500.96540121431,c8727eca7ef330dfa0a71a2a335179847cb07c9c75adc570dd50e0476c1ce109,0,True,,166,102399,full_posterior,128,0.004786509709319713,0.6078014185970935,128,train_logit_112,train_logit_112,20608,2,1.000772757781923,1,0.4385620766352644,1.0,dynamics_h_0p01_stage_2,ok,ab9e24560eea0ddc4fd775ee6d516b1daa269452cd648f2739f422995dd944b3,deep_m0128_r2,production_final
3,deep,final_geometry_v15_20260930,4327fe4ece9317f6fd20fad18389a71e9b1f423b,32,0.4695739115117037,0.003371939920716335,True,0.4662324652520909,6360.3500779131755,6342.916893874264,15179.097547570043,c8727eca7ef330dfa0a71a2a335179847cb07c9c75adc570dd50e0476c1ce109,0,True,,266,102399,full_posterior,128,0.001739746655292721,0.46790318838189743,128,test_prob_0,test_prob_0,20608,2,1.0004603819080022,1,0.14856216761169935,1.0,dynamics_h_0p01_stage_2,ok,ab9e24560eea0ddc4fd775ee6d516b1daa269452cd648f2739f422995dd944b3,deep_m0128_r2,production_final
3,deep,final_geometry_v15_20260930,4327fe4ece9317f6fd20fad18389a71e9b1f423b,32,0.44692633799154313,0.0033702747992908583,True,0.4464105698166362,6623.7160039729315,6632.314559297393,15210.426042488336,c8727eca7ef330dfa0a71a2a335179847cb07c9c75adc570dd50e0476c1ce109,0,True,,312,102399,full_posterior,128,0.0017226362548978043,0.4466684539040898,128,test_prob_128,test_prob_128,20608,2,1.0002434079103264,1,0.14934125796741593,1.0,dynamics_h_0p01_stage_2,ok,ab9e24560eea0ddc4fd775ee6d516b1daa269452cd648f2739f422995dd944b3,deep_m0128_r2,production_final
3,deep,final_geometry_v15_20260930,4327fe4ece9317f6fd20fad18389a71e9b1f423b,32,0.6862224001663728,0.003154157518923704,True,0.6872801360849422,5974.7057415190275,6135.208687832108,13198.8936875845,c8727eca7ef330dfa0a71a2a335179847cb07c9c75adc570dd50e0476c1ce109,0,True,,226,102399,full_posterior,128,0.0016046564562347395,0.6867512681256573,128,test_prob_256,test_prob_256,20608,2,1.0004066365317075,1,0.13550975995081133,1.0,dynamics_h_0p01_stage_2,ok,ab9e24560eea0ddc4fd775ee6d516b1daa269452cd648f2739f422995dd944b3,deep_m0128_r2,production_final
3,deep,final_geometry_v15_20260930,4327fe4ece9317f6fd20fad18389a71e9b1f423b,32,0.770189959569227,0.002438815925230769,True,0.7724192028254808,6572.933241841324,6744.985360882169,14747.766378173643,c8727eca7ef330dfa0a71a2a335179847cb07c9c75adc570dd50e0476c1ce109,0,True,,270,102399,full_posterior,128,0.0012387905812898824,0.7713045811973539,128,test_prob_384,test_prob_384,20608,2,1.0005111541864533,1,0.11005401888529036,1.0,dynamics_h_0p01_stage_2,ok,ab9e24560eea0ddc4fd775ee6d516b1daa269452cd648f2739f422995dd944b3,deep_m0128_r2,production_final
3,deep,final_geometry_v15_20260930,4327fe4ece9317f6fd20fad18389a71e9b1f423b,32,0.441873894743033,0.0034547652554958127,True,0.4363784184590997,6400.2196012146105,6382.846381771702,14817.254074143744,c8727eca7ef330dfa0a71a2a335179847cb07c9c75adc570dd50e0476c1ce109,0,True,,278,102399,full_posterior,128,0.0017630409189987107,0.4391261566010663,128,test_prob_512,test_prob_512,20608,2,1.0007235657925118,1,0.15095589837469323,1.0,dynamics_h_0p01_stage_2,ok,ab9e24560eea0ddc4fd775ee6d516b1daa269452cd648f2739f422995dd944b3,deep_m0128_r2,production_final
3,deep,final_geometry_v15_20260930,4327fe4ece9317f6fd20fad18389a71e9b1f423b,32,0.6688531075282519,0.0031687916928141375,True,0.6761385342257001,5963.481003102988,6063.381290991885,14278.661754682227,c8727eca7ef330dfa0a71a2a335179847cb07c9c75adc570dd50e0476c1ce109,0,True,,270,102399,full_posterior,128,0.0016501008173479272,0.6724958208769762,128,test_prob_640,test_prob_640,20608,2,1.0009340260317605,1,0.13731156636717043,1.0,dynamics_h_0p01_stage_2,ok,ab9e24560eea0ddc4fd775ee6d516b1daa269452cd648f2739f422995dd944b3,deep_m0128_r2,production_final
3,deep,final_geometry_v15_20260930,4327fe4ece9317f6fd20fad18389a71e9b1f423b,32,0.6693854502557599,0.003188849157474659,True,0.6630664082851806,5622.529514700462,5757.882603290801,13668.861220447312,c8727eca7ef330dfa0a71a2a335179847cb07c9c75adc570dd50e0476c1ce109,0,True,,692,102399,full_posterior,128,0.001704981556922559,0.6662259292704702,128,test_prob_768,test_prob_768,20608,2,1.0006736203184163,1,0.1385384290811897,1.0,dynamics_h_0p01_stage_2,ok,ab9e24560eea0ddc4fd775ee6d516b1daa269452cd648f2739f422995dd944b3,deep_m0128_r2,production_final
3,deep,final_geometry_v15_20260930,4327fe4ece9317f6fd20fad18389a71e9b1f423b,32,0.3987559731446189,0.003504002052623664,True,0.400906206742449,5660.726773635196,5714.537279288911,13479.115420169677,c8727eca7ef330dfa0a71a2a335179847cb07c9c75adc570dd50e0476c1ce109,0,True,,368,102399,full_posterior,128,0.0018384128148989298,0.39983108994353395,128,test_prob_896,test_prob_896,20608,2,1.000355944422623,1,0.14934989890611117,1.0,dynamics_h_0p01_stage_2,ok,ab9e24560eea0ddc4fd775ee6d516b1daa269452cd648f2739f422995dd944b3,deep_m0128_r2,production_final
3,deep,final_geometry_v15_20260930,4327fe4ece9317f6fd20fad18389a71e9b1f423b,32,-0.03170750453891445,0.01806176759882083,True,-0.0016742111702179351,4167.22370938688,3932.6025814145837,6116.489359426971,c8727eca7ef330dfa0a71a2a335179847cb07c9c75adc570dd50e0476c1ce109,0,True,,334,102399,full_posterior,128,0.00920148445662798,-0.01669085785456619,128,interaction_0,interaction_0,20608,2,1.0013205724280507,1,0.6416027064754425,1.0,dynamics_h_0p01_stage_2,ok,ab9e24560eea0ddc4fd775ee6d516b1daa269452cd648f2739f422995dd944b3,deep_m0128_r2,production_final
3,deep,final_geometry_v15_20260930,4327fe4ece9317f6fd20fad18389a71e9b1f423b,32,-0.012035226723546342,0.01842025626862525,True,-0.022843117255584255,3894.93836275271,3808.3582484237927,6255.983220484183,c8727eca7ef330dfa0a71a2a335179847cb07c9c75adc570dd50e0476c1ce109,0,True,,528,102399,full_posterior,128,0.009513402028377076,-0.017439171989565305,128,interaction_1,interaction_1,20608,2,1.000617017020667,1,0.6589578217613008,1.0,dynamics_h_0p01_stage_2,ok,ab9e24560eea0ddc4fd775ee6d516b1daa269452cd648f2739f422995dd944b3,deep_m0128_r2,production_final
3,deep,final_geometry_v15_20260930,4327fe4ece9317f6fd20fad18389a71e9b1f423b,32,-0.01735020420211235,0.017765819149001362,True,-0.013526866854343731,4261.1159552779445,4147.178876535572,6300.708996592655,c8727eca7ef330dfa0a71a2a335179847cb07c9c75adc570dd50e0476c1ce109,0,True,,254,102399,full_posterior,128,0.009261689692499273,-0.015438535528228043,128,interaction_2,interaction_2,20608,2,1.0024550583021257,1,0.6500247796366667,1.0,dynamics_h_0p01_stage_2,ok,ab9e24560eea0ddc4fd775ee6d516b1daa269452cd648f2739f422995dd944b3,deep_m0128_r2,production_final
3,deep,final_geometry_v15_20260930,4327fe4ece9317f6fd20fad18389a71e9b1f423b,32,-0.03328198395184408,0.017959502212232407,True,-0.02899760614223683,3984.3836738366913,3857.3432324703467,6003.276501984047,c8727eca7ef330dfa0a71a2a335179847cb07c9c75adc570dd50e0476c1ce109,0,True,,316,102399,full_posterior,128,0.009442569854930753,-0.031139795047040442,128,interaction_3,interaction_3,20608,2,1.0008374402366649,1,0.6464442805045963,1.0,dynamics_h_0p01_stage_2,ok,ab9e24560eea0ddc4fd775ee6d516b1daa269452cd648f2739f422995dd944b3,deep_m0128_r2,production_final
3,deep,final_geometry_v15_20260930,4327fe4ece9317f6fd20fad18389a71e9b1f423b,32,0.10207746480126025,0.036420588257976325,True,0.05151322924760558,1498.8921901569267,1480.532336688929,3916.048566899507,c8727eca7ef330dfa0a71a2a335179847cb07c9c75adc570dd50e0476c1ce109,0,True,,1338,102399,full_posterior,128,0.019885103609837734,0.0767953470244329,128,q_A,q_A,20608,2,1.0008143683464457,1,1.0277314192945575,1.0,dynamics_h_0p01_stage_2,ok,ab9e24560eea0ddc4fd775ee6d516b1daa269452cd648f2739f422995dd944b3,deep_m0128_r2,production_final
3,deep,final_geometry_v15_20260930,4327fe4ece9317f6fd20fad18389a71e9b1f423b,32,0.036152860336749935,0.035469632636335104,True,0.005211965242805369,1727.2348257426308,1743.7219967120834,4399.77084955025,c8727eca7ef330dfa0a71a2a335179847cb07c9c75adc570dd50e0476c1ce109,0,True,,1686,102399,full_posterior,128,0.019098420728584496,0.020682412789777654,128,q_W,q_W,20608,2,1.0034872607491943,1,1.0099864299010253,1.0,dynamics_h_0p01_stage_2,ok,ab9e24560eea0ddc4fd775ee6d516b1daa269452cd648f2739f422995dd944b3,deep_m0128_r2,production_final
3,deep,final_geometry_v15_20260930,4327fe4ece9317f6fd20fad18389a71e9b1f423b,32,1.0604024189185544,0.0035720243134258573,True,1.058560009816214,4096.418730531545,4093.8308966281147,9032.909539550436,c8727eca7ef330dfa0a71a2a335179847cb07c9c75adc570dd50e0476c1ce109,0,True,,330,102399,full_posterior,128,0.0018523886176759574,1.0594812143673842,128,disp_A,disp_A,20608,2,1.000922165567245,1,0.12908262774961107,1.0,dynamics_h_0p01_stage_2,ok,ab9e24560eea0ddc4fd775ee6d516b1daa269452cd648f2739f422995dd944b3,deep_m0128_r2,production_final
3,deep,final_geometry_v15_20260930,4327fe4ece9317f6fd20fad18389a71e9b1f423b,32,1.0001917930447854,0.0006069081554431758,True,1.0001203840749608,4039.892537007028,4000.973108927928,8939.994998195603,c8727eca7ef330dfa0a71a2a335179847cb07c9c75adc570dd50e0476c1ce109,0,True,,512,102399,full_posterior,128,0.00030966578396483504,1.0001560885598735,128,disp_W1,disp_W1,20608,2,1.0005105653284827,1,0.022016108782087835,1.0,dynamics_h_0p01_stage_2,ok,ab9e24560eea0ddc4fd775ee6d516b1daa269452cd648f2739f422995dd944b3,deep_m0128_r2,production_final
3,deep,final_geometry_v15_20260930,4327fe4ece9317f6fd20fad18389a71e9b1f423b,32,1.0000420961993963,0.00030693815467509883,True,1.0005343060368355,4036.108807467586,4043.391875216734,9293.018929132433,c8727eca7ef330dfa0a71a2a335179847cb07c9c75adc570dd50e0476c1ce109,0,True,,398,102399,full_posterior,128,0.00015927651214743964,1.0002882011181162,128,disp_W2,disp_W2,20608,2,1.0005860239577897,1,0.011053401269860598,1.0,dynamics_h_0p01_stage_2,ok,ab9e24560eea0ddc4fd775ee6d516b1daa269452cd648f2739f422995dd944b3,deep_m0128_r2,production_final
3,deep,final_geometry_v15_20260930,4327fe4ece9317f6fd20fad18389a71e9b1f423b,32,70.23368466140859,0.10064881301542851,True,70.29198505516646,5294.506969952762,5286.031954035397,12899.451811393805,f008efa6f96857bacb28241bf0d8210952daa18e8d892e6f42af2b6329779f71,0,True,,270,51199,full_posterior,128,0.051072212439289603,70.26283485828753,128,V,V,20608,2,1.0005618877346998,1,4.019878347268732,1.0,dynamics_h_0p02_stage_2,ok,ab9e24560eea0ddc4fd775ee6d516b1daa269452cd648f2739f422995dd944b3,deep_m0128_r2,validation_or_superseded
3,deep,final_geometry_v15_20260930,4327fe4ece9317f6fd20fad18389a71e9b1f423b,32,10375.781721417952,2.8745288924726964,True,10381.309465195623,4245.912082586805,4241.352259694899,8633.908798543698,f008efa6f96857bacb28241bf0d8210952daa18e8d892e6f42af2b6329779f71,0,True,,102,51199,full_posterior,128,1.4863822125545534,10378.545593306786,128,U,U,20608,2,1.002544767315192,1,101.6041784567811,1.0,dynamics_h_0p02_stage_2,ok,ab9e24560eea0ddc4fd775ee6d516b1daa269452cd648f2739f422995dd944b3,deep_m0128_r2,validation_or_superseded
3,deep,final_geometry_v15_20260930,4327fe4ece9317f6fd20fad18389a71e9b1f423b,32,-0.2540693554458625,0.011782384708399204,True,-0.2642232294697278,5755.53280989327,5743.11226515374,13519.812268993108,f008efa6f96857bacb28241bf0d8210952daa18e8d892e6f42af2b6329779f71,0,True,,150,51199,full_posterior,128,0.006026791102569535,-0.25914629245779514,128,train_logit_0,train_logit_0,20608,2,1.0004083839079707,1,0.4805311355527787,1.0,dynamics_h_0p02_stage_2,ok,ab9e24560eea0ddc4fd775ee6d516b1daa269452cd648f2739f422995dd944b3,deep_m0128_r2,validation_or_superseded
3,deep,final_geometry_v15_20260930,4327fe4ece9317f6fd20fad18389a71e9b1f423b,32,0.2211968485436816,0.010068784119222607,True,0.2087513000898082,7152.883490778424,7151.649923475916,15962.139665722605,f008efa6f96857bacb28241bf0d8210952daa18e8d892e6f42af2b6329779f71,0,True,,94,51199,full_posterior,128,0.005087546203438799,0.21497407431674492,128,train_logit_16,train_logit_16,20608,2,1.001165995870146,1,0.45335896728964137,1.0,dynamics_h_0p02_stage_2,ok,ab9e24560eea0ddc4fd775ee6d516b1daa269452cd648f2739f422995dd944b3,deep_m0128_r2,validation_or_superseded
3,deep,final_geometry_v15_20260930,4327fe4ece9317f6fd20fad18389a71e9b1f423b,32,-0.4950255521469875,0.010325168751467767,True,-0.48415881771950053,6518.120136235785,6543.212299093651,15601.221102232623,f008efa6f96857bacb28241bf0d8210952daa18e8d892e6f42af2b6329779f71,0,True,,224,51199,full_posterior,128,0.005298963989574868,-0.4895921849332441,128,train_logit_32,train_logit_32,20608,2,1.0005001043627124,1,0.4497325243756946,1.0,dynamics_h_0p02_stage_2,ok,ab9e24560eea0ddc4fd775ee6d516b1daa269452cd648f2739f422995dd944b3,deep_m0128_r2,validation_or_superseded
3,deep,final_geometry_v15_20260930,4327fe4ece9317f6fd20fad18389a71e9b1f423b,32,-0.8008989006983288,0.011474145858530236,True,-0.8256351306411739,5983.31475834985,5981.746390749584,13788.695641740298,f008efa6f96857bacb28241bf0d8210952daa18e8d892e6f42af2b6329779f71,0,True,,106,51199,full_posterior,128,0.00574524670238511,-0.8132670156697511,128,train_logit_48,train_logit_48,20608,2,1.000936551447385,1,0.47527495740796605,1.0,dynamics_h_0p02_stage_2,ok,ab9e24560eea0ddc4fd775ee6d516b1daa269452cd648f2739f422995dd944b3,deep_m0128_r2,validation_or_superseded
3,deep,final_geometry_v15_20260930,4327fe4ece9317f6fd20fad18389a71e9b1f423b,32,0.3533496026144267,0.0107975559244312,True,0.35523089304407834,6655.648900785624,6649.784299696161,14838.409462437294,f008efa6f96857bacb28241bf0d8210952daa18e8d892e6f42af2b6329779f71,0,True,,94,51199,full_posterior,128,0.00559637748380099,0.35429024782925256,128,train_logit_64,train_logit_64,20608,2,1.0014445919060355,1,0.4647684027786958,1.0,dynamics_h_0p02_stage_2,ok,ab9e24560eea0ddc4fd775ee6d516b1daa269452cd648f2739f422995dd944b3,deep_m0128_r2,validation_or_superseded
3,deep,final_geometry_v15_20260930,4327fe4ece9317f6fd20fad18389a71e9b1f423b,32,-0.48245505429499697,0.010650797206691758,True,-0.47078330992359924,6528.122388778133,6530.728645624707,15059.18476398172,f008efa6f96857bacb28241bf0d8210952daa18e8d892e6f42af2b6329779f71,0,True,,152,51199,full_posterior,128,0.005363093727737246,-0.47661918210929805,128,train_logit_80,train_logit_80,20608,2,1.0008184146397465,1,0.4568454063461542,1.0,dynamics_h_0p02_stage_2,ok,ab9e24560eea0ddc4fd775ee6d516b1daa269452cd648f2739f422995dd944b3,deep_m0128_r2,validation_or_superseded
3,deep,final_geometry_v15_20260930,4327fe4ece9317f6fd20fad18389a71e9b1f423b,32,-0.6467020171236514,0.01056879415925567,True,-0.6520517354666551,6447.199371211465,6453.597230247718,14961.631323943484,f008efa6f96857bacb28241bf0d8210952daa18e8d892e6f42af2b6329779f71,0,True,,144,51199,full_posterior,128,0.005449870791731642,-0.6493768762951533,128,train_logit_96,train_logit_96,20608,2,1.0006005972458238,1,0.45198383207655213,1.0,dynamics_h_0p02_stage_2,ok,ab9e24560eea0ddc4fd775ee6d516b1daa269452cd648f2739f422995dd944b3,deep_m0128_r2,validation_or_superseded
3,deep,final_geometry_v15_20260930,4327fe4ece9317f6fd20fad18389a71e9b1f423b,32,0.6032565477231503,0.010047151334245115,True,0.6100199586261624,6485.19879188569,6483.8134672164215,15768.153894555799,f008efa6f96857bacb28241bf0d8210952daa18e8d892e6f42af2b6329779f71,0,True,,178,51199,full_posterior,128,0.005054869992605208,0.6066382531746564,128,train_logit_112,train_logit_112,20608,2,1.0006604649795072,1,0.43811233392073645,1.0,dynamics_h_0p02_stage_2,ok,ab9e24560eea0ddc4fd775ee6d516b1daa269452cd648f2739f422995dd944b3,deep_m0128_r2,validation_or_superseded
3,deep,final_geometry_v15_20260930,4327fe4ece9317f6fd20fad18389a71e9b1f423b,32,0.46878056938082735,0.003612649775553146,True,0.4720197883801767,6313.3883638209745,6353.934395021138,14581.364089056196,f008efa6f96857bacb28241bf0d8210952daa18e8d892e6f42af2b6329779f71,0,True,,132,51199,full_posterior,128,0.0018254008731702909,0.470400178880502,128,test_prob_0,test_prob_0,20608,2,1.0004651356769592,1,0.15089885131952774,1.0,dynamics_h_0p02_stage_2,ok,ab9e24560eea0ddc4fd775ee6d516b1daa269452cd648f2739f422995dd944b3,deep_m0128_r2,validation_or_superseded
3,deep,final_geometry_v15_20260930,4327fe4ece9317f6fd20fad18389a71e9b1f423b,32,0.4423127741409479,0.003490176277474977,True,0.443550438979211,6180.011658259404,6188.261611067997,14060.843647195827,f008efa6f96857bacb28241bf0d8210952daa18e8d892e6f42af2b6329779f71,0,True,,154,51199,full_posterior,128,0.00180824236365498,0.44293160656007946,128,test_prob_128,test_prob_128,20608,2,1.0007761948724228,1,0.148905357451808,1.0,dynamics_h_0p02_stage_2,ok,ab9e24560eea0ddc4fd775ee6d516b1daa269452cd648f2739f422995dd944b3,deep_m0128_r2,validation_or_superseded
3,deep,final_geometry_v15_20260930,4327fe4ece9317f6fd20fad18389a71e9b1f423b,32,0.6852270198490261,0.0032266921862231144,True,0.6846457340131938,6038.98356861461,6127.500736341452,13764.947335979059,f008efa6f96857bacb28241bf0d8210952daa18e8d892e6f42af2b6329779f71,0,True,,168,51199,full_posterior,128,0.0016684509357101458,0.6849363769311101,128,test_prob_256,test_prob_256,20608,2,1.0004455148350044,1,0.13433927359005712,1.0,dynamics_h_0p02_stage_2,ok,ab9e24560eea0ddc4fd775ee6d516b1daa269452cd648f2739f422995dd944b3,deep_m0128_r2,validation_or_superseded
3,deep,final_geometry_v15_20260930,4327fe4ece9317f6fd20fad18389a71e9b1f423b,32,0.7703667712205156,0.002693107536934899,True,0.7717629474544124,5797.401564968221,5882.168604698063,14708.079486643686,f008efa6f96857bacb28241bf0d8210952daa18e8d892e6f42af2b6329779f71,0,True,,232,51199,full_posterior,128,0.0013575529603141773,0.7710648593374639,128,test_prob_384,test_prob_384,20608,2,1.0003387503248393,1,0.11176188384241506,1.0,dynamics_h_0p02_stage_2,ok,ab9e24560eea0ddc4fd775ee6d516b1daa269452cd648f2739f422995dd944b3,deep_m0128_r2,validation_or_superseded
3,deep,final_geometry_v15_20260930,4327fe4ece9317f6fd20fad18389a71e9b1f423b,32,0.43741671538338045,0.0037215738740233113,True,0.43520453014324256,5435.336598890217,5409.55460930888,14403.425135166493,f008efa6f96857bacb28241bf0d8210952daa18e8d892e6f42af2b6329779f71,0,True,,202,51199,full_posterior,128,0.0019215517599692415,0.43631062276331156,128,test_prob_512,test_prob_512,20608,2,1.0004849814860177,1,0.15094253689494674,1.0,dynamics_h_0p02_stage_2,ok,ab9e24560eea0ddc4fd775ee6d516b1daa269452cd648f2739f422995dd944b3,deep_m0128_r2,validation_or_superseded
3,deep,final_geometry_v15_20260930,4327fe4ece9317f6fd20fad18389a71e9b1f423b,32,0.6713635209602975,0.0033748962248750145,True,0.6739011960014458,5886.540661907266,5971.668614054721,13443.517620083185,f008efa6f96857bacb28241bf0d8210952daa18e8d892e6f42af2b6329779f71,0,True,,170,51199,full_posterior,128,0.0017286222939475137,0.6726323584808714,128,test_prob_640,test_prob_640,20608,2,1.0003434160643538,1,0.139710607136233,1.0,dynamics_h_0p02_stage_2,ok,ab9e24560eea0ddc4fd775ee6d516b1daa269452cd648f2739f422995dd944b3,deep_m0128_r2,validation_or_superseded
3,deep,final_geometry_v15_20260930,4327fe4ece9317f6fd20fad18389a71e9b1f423b,32,0.6685364524866029,0.003394981096115444,True,0.6730889441741738,5538.455400005829,5609.877736926786,12928.916478217849,f008efa6f96857bacb28241bf0d8210952daa18e8d892e6f42af2b6329779f71,0,True,,318,51199,full_posterior,128,0.001752113451347956,0.6708126983303884,128,test_prob_768,test_prob_768,20608,2,1.0008673874023881,1,0.13926365098958443,1.0,dynamics_h_0p02_stage_2,ok,ab9e24560eea0ddc4fd775ee6d516b1daa269452cd648f2739f422995dd944b3,deep_m0128_r2,validation_or_superseded
3,deep,final_geometry_v15_20260930,4327fe4ece9317f6fd20fad18389a71e9b1f423b,32,0.40359666178582576,0.0037376312472543103,True,0.40748440876432135,5710.401027606229,5725.785771025295,12843.865617464984,f008efa6f96857bacb28241bf0d8210952daa18e8d892e6f42af2b6329779f71,0,True,,142,51199,full_posterior,128,0.0018819591746079118,0.40554053527507355,128,test_prob_896,test_prob_896,20608,2,1.0009356967642895,1,0.15172973588272362,1.0,dynamics_h_0p02_stage_2,ok,ab9e24560eea0ddc4fd775ee6d516b1daa269452cd648f2739f422995dd944b3,deep_m0128_r2,validation_or_superseded
3,deep,final_geometry_v15_20260930,4327fe4ece9317f6fd20fad18389a71e9b1f423b,32,-0.04954703976569759,0.01914938963054837,True,-0.004668413043852649,3936.293566271472,3805.200528942334,6136.994213089062,f008efa6f96857bacb28241bf0d8210952daa18e8d892e6f42af2b6329779f71,0,True,,164,51199,full_posterior,128,0.009640118524385545,-0.027107726404775115,128,interaction_0,interaction_0,20608,2,1.0017392724331087,1,0.6530831571666715,1.0,dynamics_h_0p02_stage_2,ok,ab9e24560eea0ddc4fd775ee6d516b1daa269452cd648f2739f422995dd944b3,deep_m0128_r2,validation_or_superseded
3,deep,final_geometry_v15_20260930,4327fe4ece9317f6fd20fad18389a71e9b1f423b,32,-0.03258704902226947,0.019227061556318144,True,-0.03340364352549473,4074.9524896393864,3885.5120822039,5698.040783706177,f008efa6f96857bacb28241bf0d8210952daa18e8d892e6f42af2b6329779f71,0,True,,150,51199,full_posterior,128,0.009638820113700746,-0.03299534627388209,128,interaction_1,interaction_1,20608,2,1.001021373200322,1,0.6546877511579003,1.0,dynamics_h_0p02_stage_2,ok,ab9e24560eea0ddc4fd775ee6d516b1daa269452cd648f2739f422995dd944b3,deep_m0128_r2,validation_or_superseded
3,deep,final_geometry_v15_20260930,4327fe4ece9317f6fd20fad18389a71e9b1f423b,32,-0.02376582605761421,0.018598160447803155,True,-0.01955733252433023,4013.736359410305,3896.354244480227,6608.451425187766,f008efa6f96857bacb28241bf0d8210952daa18e8d892e6f42af2b6329779f71,0,True,,194,51199,full_posterior,128,0.009479624847632998,-0.02166157929097222,128,interaction_2,interaction_2,20608,2,1.0007781190936051,1,0.6384494901022443,1.0,dynamics_h_0p02_stage_2,ok,ab9e24560eea0ddc4fd775ee6d516b1daa269452cd648f2739f422995dd944b3,deep_m0128_r2,validation_or_superseded
3,deep,final_geometry_v15_20260930,4327fe4ece9317f6fd20fad18389a71e9b1f423b,32,-0.017273978393831456,0.019588750288889265,True,0.0024961935439359382,3884.7439459358416,3728.3499702727877,6010.452632277692,f008efa6f96857bacb28241bf0d8210952daa18e8d892e6f42af2b6329779f71,0,True,,340,51199,full_posterior,128,0.009856044532052667,-0.007388892424947757,128,interaction_3,interaction_3,20608,2,1.001739832043907,1,0.6524759343157615,1.0,dynamics_h_0p02_stage_2,ok,ab9e24560eea0ddc4fd775ee6d516b1daa269452cd648f2739f422995dd944b3,deep_m0128_r2,validation_or_superseded
3,deep,final_geometry_v15_20260930,4327fe4ece9317f6fd20fad18389a71e9b1f423b,32,0.027584144219360028,0.039231308252253676,True,0.029804347533003726,1735.700431468148,1720.0871992141504,3672.278670170913,f008efa6f96857bacb28241bf0d8210952daa18e8d892e6f42af2b6329779f71,0,True,,482,51199,full_posterior,128,0.02079204101648794,0.028694245876181884,128,q_A,q_A,20608,2,1.0031446246409657,1,1.0242062574684403,1.0,dynamics_h_0p02_stage_2,ok,ab9e24560eea0ddc4fd775ee6d516b1daa269452cd648f2739f422995dd944b3,deep_m0128_r2,validation_or_superseded
3,deep,final_geometry_v15_20260930,4327fe4ece9317f6fd20fad18389a71e9b1f423b,32,0.02101179515547188,0.03678082238094875,True,0.07392879184553362,2073.65143923425,2072.139039176602,3881.6984518598774,f008efa6f96857bacb28241bf0d8210952daa18e8d892e6f42af2b6329779f71,0,True,,598,51199,full_posterior,128,0.0193605332444954,0.04747029350050275,128,q_W,q_W,20608,2,1.0017935058393808,1,0.9966338564323118,1.0,dynamics_h_0p02_stage_2,ok,ab9e24560eea0ddc4fd775ee6d516b1daa269452cd648f2739f422995dd944b3,deep_m0128_r2,validation_or_superseded
3,deep,final_geometry_v15_20260930,4327fe4ece9317f6fd20fad18389a71e9b1f423b,32,1.0618941871461545,0.0038026990102541574,True,1.0646716050211535,3856.4353867654836,3838.656744566134,8537.978249065458,f008efa6f96857bacb28241bf0d8210952daa18e8d892e6f42af2b6329779f71,0,True,,204,51199,full_posterior,128,0.0019654455301327846,1.0632828960836538,128,disp_A,disp_A,20608,2,1.0003769613308435,1,0.12876715594619143,1.0,dynamics_h_0p02_stage_2,ok,ab9e24560eea0ddc4fd775ee6d516b1daa269452cd648f2739f422995dd944b3,deep_m0128_r2,validation_or_superseded
3,deep,final_geometry_v15_20260930,4327fe4ece9317f6fd20fad18389a71e9b1f423b,32,0.9993648764572197,0.0006379594309261254,True,1.0004428750339451,4099.977791940681,4104.2483369056035,8815.044416224615,f008efa6f96857bacb28241bf0d8210952daa18e8d892e6f42af2b6329779f71,0,True,,146,51199,full_posterior,128,0.0003234533367899469,0.9999038757455823,128,disp_W1,disp_W1,20608,2,1.0016322846475227,1,0.02209246541866518,1.0,dynamics_h_0p02_stage_2,ok,ab9e24560eea0ddc4fd775ee6d516b1daa269452cd648f2739f422995dd944b3,deep_m0128_r2,validation_or_superseded
3,deep,final_geometry_v15_20260930,4327fe4ece9317f6fd20fad18389a71e9b1f423b,32,0.9998642018792485,0.0003126105732286232,True,1.000240660320994,4250.476533931092,4243.1276117168745,9109.27845668821,f008efa6f96857bacb28241bf0d8210952daa18e8d892e6f42af2b6329779f71,0,True,,98,51199,full_posterior,128,0.00016008333687793794,1.000052431100121,128,disp_W2,disp_W2,20608,2,1.0021337393792062,1,0.011017612645942665,1.0,dynamics_h_0p02_stage_2,ok,ab9e24560eea0ddc4fd775ee6d516b1daa269452cd648f2739f422995dd944b3,deep_m0128_r2,validation_or_superseded
3,deep,final_geometry_v15_20260930,4327fe4ece9317f6fd20fad18389a71e9b1f423b,32,75.25561394020089,0.08075469595639082,True,75.23212427683642,5845.197090053005,5837.786100358249,16102.540576571288,3bd20447f9b9454cb8d4098f5084133a6975dbc5676b5665bb84ad62424d1d0f,0,True,,848,204799,full_posterior,256,0.04182966856567553,75.24386910851865,128,V,V,73984,0,1.001098627274473,1,3.683759640069949,1.0,dynamics_h_0p005_stage_2,ok,2814b4d76a9cc9419ec01ed447161e8acf050a7bbe1b8e92bdfa0e832e724270,deep_m0256_r0,validation_or_superseded
3,deep,final_geometry_v15_20260930,4327fe4ece9317f6fd20fad18389a71e9b1f423b,32,37066.33966934878,4.968040741537952,True,37073.53231850567,4213.931978159363,4214.937701977813,9814.814867738203,3bd20447f9b9454cb8d4098f5084133a6975dbc5676b5665bb84ad62424d1d0f,0,True,,438,204799,full_posterior,256,2.5989406833288817,37069.935993927225,128,U,U,73984,0,1.0003912412222769,1,190.91665259390032,1.0,dynamics_h_0p005_stage_2,ok,2814b4d76a9cc9419ec01ed447161e8acf050a7bbe1b8e92bdfa0e832e724270,deep_m0256_r0,validation_or_superseded
3,deep,final_geometry_v15_20260930,4327fe4ece9317f6fd20fad18389a71e9b1f423b,32,0.8022566869289074,0.009337441384184665,True,0.8029838327021928,7410.756721800205,7387.444528011965,15074.092804088381,3bd20447f9b9454cb8d4098f5084133a6975dbc5676b5665bb84ad62424d1d0f,0,True,,370,204799,full_posterior,256,0.004755348295709014,0.8026202598155504,128,train_logit_0,train_logit_0,73984,0,1.0004088576714232,1,0.4420544216798993,1.0,dynamics_h_0p005_stage_2,ok,2814b4d76a9cc9419ec01ed447161e8acf050a7bbe1b8e92bdfa0e832e724270,deep_m0256_r0,validation_or_superseded
3,deep,final_geometry_v15_20260930,4327fe4ece9317f6fd20fad18389a71e9b1f423b,32,-0.020871887072773335,0.009160970004704163,True,-0.011969003384228318,7641.445167641264,7636.218301098759,16049.871276001693,3bd20447f9b9454cb8d4098f5084133a6975dbc5676b5665bb84ad62424d1d0f,0,True,,322,204799,full_posterior,256,0.00467098999915052,-0.016420445228500825,128,train_logit_16,train_logit_16,73984,0,1.0003058997725582,1,0.43930027802312605,1.0,dynamics_h_0p005_stage_2,ok,2814b4d76a9cc9419ec01ed447161e8acf050a7bbe1b8e92bdfa0e832e724270,deep_m0256_r0,validation_or_superseded
3,deep,final_geometry_v15_20260930,4327fe4ece9317f6fd20fad18389a71e9b1f423b,32,0.44922695588290845,0.009712642738684924,True,0.45281105813694017,7029.88159393761,7039.145717230618,16512.3243754601,3bd20447f9b9454cb8d4098f5084133a6975dbc5676b5665bb84ad62424d1d0f,0,True,,554,204799,full_posterior,256,0.005006645637806495,0.45101900700992414,128,train_logit_32,train_logit_32,73984,0,1.0009449497980858,1,0.453344939171898,1.0,dynamics_h_0p005_stage_2,ok,2814b4d76a9cc9419ec01ed447161e8acf050a7bbe1b8e92bdfa0e832e724270,deep_m0256_r0,validation_or_superseded
3,deep,final_geometry_v15_20260930,4327fe4ece9317f6fd20fad18389a71e9b1f423b,32,0.3918692189116444,0.009566036589724745,True,0.393437304827698,7251.097763999014,7249.378069768204,16748.985665721564,3bd20447f9b9454cb8d4098f5084133a6975dbc5676b5665bb84ad62424d1d0f,0,True,,326,204799,full_posterior,256,0.004871504279174975,0.39265326186967137,128,train_logit_48,train_logit_48,73984,0,1.000189625074811,1,0.4481162161697777,1.0,dynamics_h_0p005_stage_2,ok,2814b4d76a9cc9419ec01ed447161e8acf050a7bbe1b8e92bdfa0e832e724270,deep_m0256_r0,validation_or_superseded
3,deep,final_geometry_v15_20260930,4327fe4ece9317f6fd20fad18389a71e9b1f423b,32,0.5635273849021988,0.00896453372295125,True,0.5635626174073833,7686.628120433284,7676.397520681954,17308.207701756182,3bd20447f9b9454cb8d4098f5084133a6975dbc5676b5665bb84ad62424d1d0f,0,True,,552,204799,full_posterior,256,0.00467184813190219,0.563545001154791,128,train_logit_64,train_logit_64,73984,0,1.000272697295651,1,0.4396904069703234,1.0,dynamics_h_0p005_stage_2,ok,2814b4d76a9cc9419ec01ed447161e8acf050a7bbe1b8e92bdfa0e832e724270,deep_m0256_r0,validation_or_superseded
3,deep,final_geometry_v15_20260930,4327fe4ece9317f6fd20fad18389a71e9b1f423b,32,-0.7579694598988479,0.009730395913113742,True,-0.7504211565397029,6735.849971717261,6732.96502780919,15594.25090396006,3bd20447f9b9454cb8d4098f5084133a6975dbc5676b5665bb84ad62424d1d0f,0,True,,662,204799,full_posterior,256,0.004989694942990274,-0.7541953082192754,128,train_logit_80,train_logit_80,73984,0,1.0005792026394666,1,0.44964869612978325,1.0,dynamics_h_0p005_stage_2,ok,2814b4d76a9cc9419ec01ed447161e8acf050a7bbe1b8e92bdfa0e832e724270,deep_m0256_r0,validation_or_superseded
3,deep,final_geometry_v15_20260930,4327fe4ece9317f6fd20fad18389a71e9b1f423b,32,0.5034744928048531,0.009999699020611,True,0.5178966051041044,6456.9085546156775,6457.040312830566,14012.248701462786,3bd20447f9b9454cb8d4098f5084133a6975dbc5676b5665bb84ad62424d1d0f,0,True,,592,204799,full_posterior,256,0.005161975921275538,0.5106855489544785,128,train_logit_96,train_logit_96,73984,0,1.0006958258241136,1,0.45560673897097415,1.0,dynamics_h_0p005_stage_2,ok,2814b4d76a9cc9419ec01ed447161e8acf050a7bbe1b8e92bdfa0e832e724270,deep_m0256_r0,validation_or_superseded
3,deep,final_geometry_v15_20260930,4327fe4ece9317f6fd20fad18389a71e9b1f423b,32,0.2056348630349097,0.008922963280249578,True,0.2217364052617813,7814.565464445083,7809.552442318208,16996.291033014393,3bd20447f9b9454cb8d4098f5084133a6975dbc5676b5665bb84ad62424d1d0f,0,True,,382,204799,full_posterior,256,0.004649405239707883,0.21368563414834538,128,train_logit_112,train_logit_112,73984,0,1.00061121375861,1,0.4339130891927195,1.0,dynamics_h_0p005_stage_2,ok,2814b4d76a9cc9419ec01ed447161e8acf050a7bbe1b8e92bdfa0e832e724270,deep_m0256_r0,validation_or_superseded
3,deep,final_geometry_v15_20260930,4327fe4ece9317f6fd20fad18389a71e9b1f423b,32,0.49410425674760594,0.003311342172857096,True,0.49470388354155354,6376.023910105528,6383.4560926322465,15077.82015332643,3bd20447f9b9454cb8d4098f5084133a6975dbc5676b5665bb84ad62424d1d0f,0,True,,746,204799,full_posterior,256,0.001718378765293552,0.49440407014457977,128,test_prob_0,test_prob_0,73984,0,1.0003060229823733,1,0.15104025129860837,1.0,dynamics_h_0p005_stage_2,ok,2814b4d76a9cc9419ec01ed447161e8acf050a7bbe1b8e92bdfa0e832e724270,deep_m0256_r0,validation_or_superseded
3,deep,final_geometry_v15_20260930,4327fe4ece9317f6fd20fad18389a71e9b1f423b,32,0.6197073522094915,0.003194105554260448,True,0.6250200686395908,6373.086627679833,6415.449184104846,14942.472102195421,3bd20447f9b9454cb8d4098f5084133a6975dbc5676b5665bb84ad62424d1d0f,0,True,,1030,204799,full_posterior,256,0.0016437266730889672,0.6223637104245414,128,test_prob_128,test_prob_128,73984,0,1.001023770590442,1,0.14534962474452745,1.0,dynamics_h_0p005_stage_2,ok,2814b4d76a9cc9419ec01ed447161e8acf050a7bbe1b8e92bdfa0e832e724270,deep_m0256_r0,validation_or_superseded
3,deep,final_geometry_v15_20260930,4327fe4ece9317f6fd20fad18389a71e9b1f423b,32,0.6359298677373257,0.002951308121506643,True,0.6395739843483623,6980.062777938855,7045.5778477982985,16146.415532166575,3bd20447f9b9454cb8d4098f5084133a6975dbc5676b5665bb84ad62424d1d0f,0,True,,306,204799,full_posterior,256,0.0015282428231234615,0.6377519260428438,128,test_prob_256,test_prob_256,73984,0,1.0003245867301158,1,0.13838681909307968,1.0,dynamics_h_0p005_stage_2,ok,2814b4d76a9cc9419ec01ed447161e8acf050a7bbe1b8e92bdfa0e832e724270,deep_m0256_r0,validation_or_superseded
3,deep,final_geometry_v15_20260930,4327fe4ece9317f6fd20fad18389a71e9b1f423b,32,0.34447417566938077,0.002960896285058214,True,0.339257358508411,6402.5665573362785,6399.852881403627,14974.086610609918,3bd20447f9b9454cb8d4098f5084133a6975dbc5676b5665bb84ad62424d1d0f,0,True,,808,204799,full_posterior,256,0.0015369350130236326,0.34186576708889566,128,test_prob_384,test_prob_384,73984,0,1.0007745220575637,1,0.13716913808960324,1.0,dynamics_h_0p005_stage_2,ok,2814b4d76a9cc9419ec01ed447161e8acf050a7bbe1b8e92bdfa0e832e724270,deep_m0256_r0,validation_or_superseded
3,deep,final_geometry_v15_20260930,4327fe4ece9317f6fd20fad18389a71e9b1f423b,32,0.6106729215404956,0.0031603402682182443,True,0.6111424344590908,6662.331324901586,6715.336123204673,15068.856685855673,3bd20447f9b9454cb8d4098f5084133a6975dbc5676b5665bb84ad62424d1d0f,0,True,,360,204799,full_posterior,256,0.0016383281846365978,0.610907677999793,128,test_prob_512,test_prob_512,73984,0,1.000442786187503,1,0.14444035746910938,1.0,dynamics_h_0p005_stage_2,ok,2814b4d76a9cc9419ec01ed447161e8acf050a7bbe1b8e92bdfa0e832e724270,deep_m0256_r0,validation_or_superseded
3,deep,final_geometry_v15_20260930,4327fe4ece9317f6fd20fad18389a71e9b1f423b,32,0.4000648718048618,0.0031281348681716625,True,0.39986374468793,6399.910422352765,6407.861297005758,15811.014351179783,3bd20447f9b9454cb8d4098f5084133a6975dbc5676b5665bb84ad62424d1d0f,0,True,,798,204799,full_posterior,256,0.0016333040503024642,0.399964308246396,128,test_prob_640,test_prob_640,73984,0,1.0016470895866565,1,0.14406949375079123,1.0,dynamics_h_0p005_stage_2,ok,2814b4d76a9cc9419ec01ed447161e8acf050a7bbe1b8e92bdfa0e832e724270,deep_m0256_r0,validation_or_superseded
3,deep,final_geometry_v15_20260930,4327fe4ece9317f6fd20fad18389a71e9b1f423b,32,0.5101065086415293,0.0032287882010852836,True,0.5119391703426844,6725.078770284222,6727.99198303989,15949.811880976016,3bd20447f9b9454cb8d4098f5084133a6975dbc5676b5665bb84ad62424d1d0f,0,True,,534,204799,full_posterior,256,0.0016626850817082366,0.5110228394921069,128,test_prob_768,test_prob_768,73984,0,1.001228856185417,1,0.1493568263656746,1.0,dynamics_h_0p005_stage_2,ok,2814b4d76a9cc9419ec01ed447161e8acf050a7bbe1b8e92bdfa0e832e724270,deep_m0256_r0,validation_or_superseded
3,deep,final_geometry_v15_20260930,4327fe4ece9317f6fd20fad18389a71e9b1f423b,32,0.48163106070563805,0.003262609596298905,True,0.48418501132298386,6431.733070024757,6522.917442677095,13424.48774837724,3bd20447f9b9454cb8d4098f5084133a6975dbc5676b5665bb84ad62424d1d0f,0,True,,872,204799,full_posterior,256,0.0016695143999256028,0.4829080360143111,128,test_prob_896,test_prob_896,73984,0,1.0003176669017049,1,0.15074229228604796,1.0,dynamics_h_0p005_stage_2,ok,2814b4d76a9cc9419ec01ed447161e8acf050a7bbe1b8e92bdfa0e832e724270,deep_m0256_r0,validation_or_superseded
3,deep,final_geometry_v15_20260930,4327fe4ece9317f6fd20fad18389a71e9b1f423b,32,0.006042014657641317,0.01600884644914794,True,-0.023600923982037666,4688.438343585457,4552.896565562178,6960.761695527826,3bd20447f9b9454cb8d4098f5084133a6975dbc5676b5665bb84ad62424d1d0f,0,True,,396,204799,full_posterior,256,0.008506114109680659,-0.008779454662198179,128,interaction_0,interaction_0,73984,0,1.0013503642873265,1,0.629502915205213,1.0,dynamics_h_0p005_stage_2,ok,2814b4d76a9cc9419ec01ed447161e8acf050a7bbe1b8e92bdfa0e832e724270,deep_m0256_r0,validation_or_superseded
3,deep,final_geometry_v15_20260930,4327fe4ece9317f6fd20fad18389a71e9b1f423b,32,-0.02485544127253346,0.01593223511343019,True,-0.023569057368563455,4400.1647713618395,4219.742577774481,6203.362120120587,3bd20447f9b9454cb8d4098f5084133a6975dbc5676b5665bb84ad62424d1d0f,0,True,,592,204799,full_posterior,256,0.00854446340110632,-0.02421224932054846,128,interaction_1,interaction_1,73984,0,1.001054093804689,1,0.6257196238534511,1.0,dynamics_h_0p005_stage_2,ok,2814b4d76a9cc9419ec01ed447161e8acf050a7bbe1b8e92bdfa0e832e724270,deep_m0256_r0,validation_or_superseded
3,deep,final_geometry_v15_20260930,4327fe4ece9317f6fd20fad18389a71e9b1f423b,32,0.010581212805372987,0.01609733911843733,True,-0.0016034908887539506,4606.374414349318,4407.714505112411,6622.15584645684,3bd20447f9b9454cb8d4098f5084133a6975dbc5676b5665bb84ad62424d1d0f,0,True,,396,204799,full_posterior,256,0.008527512023918061,0.004488860958309524,128,interaction_2,interaction_2,73984,0,1.0003877746045087,1,0.628343210631789,1.0,dynamics_h_0p005_stage_2,ok,2814b4d76a9cc9419ec01ed447161e8acf050a7bbe1b8e92bdfa0e832e724270,deep_m0256_r0,validation_or_superseded
3,deep,final_geometry_v15_20260930,4327fe4ece9317f6fd20fad18389a71e9b1f423b,32,-0.0012062439366153446,0.016404490442351746,True,-0.004957827187410154,4322.97584371573,4138.291943742154,6560.737894173857,3bd20447f9b9454cb8d4098f5084133a6975dbc5676b5665bb84ad62424d1d0f,0,True,,482,204799,full_posterior,256,0.008597873675782191,-0.00308203556201275,128,interaction_3,interaction_3,73984,0,1.001241575552502,1,0.6289744744801719,1.0,dynamics_h_0p005_stage_2,ok,2814b4d76a9cc9419ec01ed447161e8acf050a7bbe1b8e92bdfa0e832e724270,deep_m0256_r0,validation_or_superseded
3,deep,final_geometry_v15_20260930,4327fe4ece9317f6fd20fad18389a71e9b1f423b,32,0.03380704065650996,0.032547714983930255,True,-0.006669714934684124,1905.3443610012384,1896.9064608381932,3927.8971849551567,3bd20447f9b9454cb8d4098f5084133a6975dbc5676b5665bb84ad62424d1d0f,0,True,,1316,204799,full_posterior,256,0.017945215728550578,0.013568662860912913,128,q_A,q_A,73984,0,1.0013891560299644,1,1.0251437255754288,1.0,dynamics_h_0p005_stage_2,ok,2814b4d76a9cc9419ec01ed447161e8acf050a7bbe1b8e92bdfa0e832e724270,deep_m0256_r0,validation_or_superseded
3,deep,final_geometry_v15_20260930,4327fe4ece9317f6fd20fad18389a71e9b1f423b,32,-0.008299647560211898,0.031312395749481185,True,-0.01087821571966562,1838.5357327504198,1829.1328839900775,4125.585574034509,3bd20447f9b9454cb8d4098f5084133a6975dbc5676b5665bb84ad62424d1d0f,0,True,,3412,204799,full_posterior,256,0.017143647922147523,-0.009588931639938753,128,q_W,q_W,73984,0,1.003872253875603,1,0.9938493521287115,1.0,dynamics_h_0p005_stage_2,ok,2814b4d76a9cc9419ec01ed447161e8acf050a7bbe1b8e92bdfa0e832e724270,deep_m0256_r0,validation_or_superseded
3,deep,final_geometry_v15_20260930,4327fe4ece9317f6fd20fad18389a71e9b1f423b,32,1.019694614372744,0.0023394652441798788,True,1.0178057694813136,4226.931818049115,4216.312606406141,9138.814177635051,3bd20447f9b9454cb8d4098f5084133a6975dbc5676b5665bb84ad62424d1d0f,0,True,,422,204799,full_posterior,256,0.0012247736770723263,1.0187501919270294,128,disp_A,disp_A,73984,0,1.0017918127594494,1,0.08907010451505461,1.0,dynamics_h_0p005_stage_2,ok,2814b4d76a9cc9419ec01ed447161e8acf050a7bbe1b8e92bdfa0e832e724270,deep_m0256_r0,validation_or_superseded
3,deep,final_geometry_v15_20260930,4327fe4ece9317f6fd20fad18389a71e9b1f423b,32,0.9992801983248901,0.00040521343390343323,True,1.0004416360168271,4051.500635896427,4052.2290134779214,8742.87954529677,3bd20447f9b9454cb8d4098f5084133a6975dbc5676b5665bb84ad62424d1d0f,0,True,,524,204799,full_posterior,256,0.00021541205711119173,0.9998609171708587,128,disp_W1,disp_W1,73984,0,1.0018633131036845,1,0.015493338240320932,1.0,dynamics_h_0p005_stage_2,ok,2814b4d76a9cc9419ec01ed447161e8acf050a7bbe1b8e92bdfa0e832e724270,deep_m0256_r0,validation_or_superseded
3,deep,final_geometry_v15_20260930,4327fe4ece9317f6fd20fad18389a71e9b1f423b,32,0.9999850907113683,0.00014365478921360276,True,1.000067508380442,4128.576081628108,4128.08060475369,9116.262209583652,3bd20447f9b9454cb8d4098f5084133a6975dbc5676b5665bb84ad62424d1d0f,0,True,,476,204799,full_posterior,256,7.56509657894889e-05,1.0000262995459048,128,disp_W2,disp_W2,73984,0,1.0004333284961262,1,0.005505224731910611,1.0,dynamics_h_0p005_stage_2,ok,2814b4d76a9cc9419ec01ed447161e8acf050a7bbe1b8e92bdfa0e832e724270,deep_m0256_r0,validation_or_superseded
3,deep,final_geometry_v15_20260930,4327fe4ece9317f6fd20fad18389a71e9b1f423b,32,75.22924054990166,0.07929455603438296,True,75.27031401303417,6897.835915460179,7019.132422130148,15538.84468571203,f9f9c939099fbd0520ace6b57c291d0a11d6cf95cee94e55194d46964bc7a444,0,True,,750,102399,full_posterior,256,0.03974752772736338,75.24977728146789,128,V,V,73984,0,1.0011956001948785,1,3.6324855328333254,1.0,dynamics_h_0p01_stage_2,ok,2814b4d76a9cc9419ec01ed447161e8acf050a7bbe1b8e92bdfa0e832e724270,deep_m0256_r0,production_final
3,deep,final_geometry_v15_20260930,4327fe4ece9317f6fd20fad18389a71e9b1f423b,32,37072.62774582549,5.300000232722428,True,37070.22549852098,4191.5310844922315,4190.305492873012,9092.594617379256,f9f9c939099fbd0520ace6b57c291d0a11d6cf95cee94e55194d46964bc7a444,0,True,,244,102399,full_posterior,256,2.7499994637606604,37071.426622173225,128,U,U,73984,0,1.0005828449862673,1,192.14115780868778,1.0,dynamics_h_0p01_stage_2,ok,2814b4d76a9cc9419ec01ed447161e8acf050a7bbe1b8e92bdfa0e832e724270,deep_m0256_r0,production_final
3,deep,final_geometry_v15_20260930,4327fe4ece9317f6fd20fad18389a71e9b1f423b,32,0.7918501304860674,0.009695415884708906,True,0.8051248296821598,6733.619034930981,6731.951929213748,16269.792278281195,f9f9c939099fbd0520ace6b57c291d0a11d6cf95cee94e55194d46964bc7a444,0,True,,328,102399,full_posterior,256,0.005011075534305426,0.7984874800841137,128,train_logit_0,train_logit_0,73984,0,1.0005862702192407,1,0.44279463358280363,1.0,dynamics_h_0p01_stage_2,ok,2814b4d76a9cc9419ec01ed447161e8acf050a7bbe1b8e92bdfa0e832e724270,deep_m0256_r0,production_final
3,deep,final_geometry_v15_20260930,4327fe4ece9317f6fd20fad18389a71e9b1f423b,32,-0.013641153221033127,0.009596720215208207,True,-0.014308070592482871,7119.232230840604,7131.918900021445,17414.25504230898,f9f9c939099fbd0520ace6b57c291d0a11d6cf95cee94e55194d46964bc7a444,0,True,,252,102399,full_posterior,256,0.005000496153199874,-0.013974611906757996,128,train_logit_16,train_logit_16,73984,0,1.0006818592191857,1,0.4406837542452137,1.0,dynamics_h_0p01_stage_2,ok,2814b4d76a9cc9419ec01ed447161e8acf050a7bbe1b8e92bdfa0e832e724270,deep_m0256_r0,production_final
3,deep,final_geometry_v15_20260930,4327fe4ece9317f6fd20fad18389a71e9b1f423b,32,0.4641311661874233,0.009942811827828088,True,0.446582629991253,6759.843133295118,6749.382028941609,15820.27798524588,f9f9c939099fbd0520ace6b57c291d0a11d6cf95cee94e55194d46964bc7a444,0,True,,202,102399,full_posterior,256,0.005200368925845686,0.45535689808933805,128,train_logit_32,train_logit_32,73984,0,1.0003687418981593,1,0.4513686097367472,1.0,dynamics_h_0p01_stage_2,ok,2814b4d76a9cc9419ec01ed447161e8acf050a7bbe1b8e92bdfa0e832e724270,deep_m0256_r0,production_final
3,deep,final_geometry_v15_20260930,4327fe4ece9317f6fd20fad18389a71e9b1f423b,32,0.3809274867856127,0.009993773429832374,True,0.3939438602860868,7164.746762009794,7171.916415195084,16544.36930982361,f9f9c939099fbd0520ace6b57c291d0a11d6cf95cee94e55194d46964bc7a444,0,True,,146,102399,full_posterior,256,0.005142863188233487,0.38743567353584973,128,train_logit_48,train_logit_48,73984,0,1.0005695424010452,1,0.45301163382473014,1.0,dynamics_h_0p01_stage_2,ok,2814b4d76a9cc9419ec01ed447161e8acf050a7bbe1b8e92bdfa0e832e724270,deep_m0256_r0,production_final
3,deep,final_geometry_v15_20260930,4327fe4ece9317f6fd20fad18389a71e9b1f423b,32,0.5805161155087158,0.009599081661435298,True,0.5583604201152462,7222.308262578389,7216.864684930396,15863.043334895285,f9f9c939099fbd0520ace6b57c291d0a11d6cf95cee94e55194d46964bc7a444,0,True,,388,102399,full_posterior,256,0.004937876170171616,0.5694382678119809,128,train_logit_64,train_logit_64,73984,0,1.0007454125356496,1,0.4396586540761053,1.0,dynamics_h_0p01_stage_2,ok,2814b4d76a9cc9419ec01ed447161e8acf050a7bbe1b8e92bdfa0e832e724270,deep_m0256_r0,production_final
3,deep,final_geometry_v15_20260930,4327fe4ece9317f6fd20fad18389a71e9b1f423b,32,-0.740992910297953,0.009926286948860674,True,-0.7545203360932179,7039.043903532605,7041.242343932393,14751.88239614146,f9f9c939099fbd0520ace6b57c291d0a11d6cf95cee94e55194d46964bc7a444,0,True,,182,102399,full_posterior,256,0.005123202433613345,-0.7477566231955852,128,train_logit_80,train_logit_80,73984,0,1.000719101652507,1,0.4495252720309851,1.0,dynamics_h_0p01_stage_2,ok,2814b4d76a9cc9419ec01ed447161e8acf050a7bbe1b8e92bdfa0e832e724270,deep_m0256_r0,production_final
3,deep,final_geometry_v15_20260930,4327fe4ece9317f6fd20fad18389a71e9b1f423b,32,0.5135321161592488,0.009689720076678236,True,0.5101985065711644,7269.404451239962,7265.267508802914,16484.156784570278,f9f9c939099fbd0520ace6b57c291d0a11d6cf95cee94e55194d46964bc7a444,0,True,,164,102399,full_posterior,256,0.0048929095589201,0.5118653113652066,128,train_logit_96,train_logit_96,73984,0,1.0001383882788333,1,0.44612481895077644,1.0,dynamics_h_0p01_stage_2,ok,2814b4d76a9cc9419ec01ed447161e8acf050a7bbe1b8e92bdfa0e832e724270,deep_m0256_r0,production_final
3,deep,final_geometry_v15_20260930,4327fe4ece9317f6fd20fad18389a71e9b1f423b,32,0.2244560453290713,0.00933280777986887,True,0.20353397460283545,7237.41515266972,7242.497904880856,17699.058119494763,f9f9c939099fbd0520ace6b57c291d0a11d6cf95cee94e55194d46964bc7a444,0,True,,302,102399,full_posterior,256,0.004723542507696247,0.21399500996595336,128,train_logit_112,train_logit_112,73984,0,1.001071869249777,1,0.437331343788397,1.0,dynamics_h_0p01_stage_2,ok,2814b4d76a9cc9419ec01ed447161e8acf050a7bbe1b8e92bdfa0e832e724270,deep_m0256_r0,production_final
3,deep,final_geometry_v15_20260930,4327fe4ece9317f6fd20fad18389a71e9b1f423b,32,0.49684384442180646,0.003542358634407224,True,0.49376879986548844,6062.023323737893,6036.800977064825,15640.658857997696,f9f9c939099fbd0520ace6b57c291d0a11d6cf95cee94e55194d46964bc7a444,0,True,,408,102399,full_posterior,256,0.0017768621307469106,0.49530632214364745,128,test_prob_0,test_prob_0,73984,0,1.0017022776132825,1,0.15240029557937282,1.0,dynamics_h_0p01_stage_2,ok,2814b4d76a9cc9419ec01ed447161e8acf050a7bbe1b8e92bdfa0e832e724270,deep_m0256_r0,production_final
3,deep,final_geometry_v15_20260930,4327fe4ece9317f6fd20fad18389a71e9b1f423b,32,0.6190179916850375,0.003395419559066672,True,0.6259813327413195,5860.008556048166,6093.470028009637,13304.917803272283,f9f9c939099fbd0520ace6b57c291d0a11d6cf95cee94e55194d46964bc7a444,0,True,,484,102399,full_posterior,256,0.0017495815180596302,0.6224996622131784,128,test_prob_128,test_prob_128,73984,0,1.0010903727444702,1,0.146262800911463,1.0,dynamics_h_0p01_stage_2,ok,2814b4d76a9cc9419ec01ed447161e8acf050a7bbe1b8e92bdfa0e832e724270,deep_m0256_r0,production_final
3,deep,final_geometry_v15_20260930,4327fe4ece9317f6fd20fad18389a71e9b1f423b,32,0.6361784637838683,0.003073406410273041,True,0.6410193709782049,7010.284994826594,7022.963721780512,16456.274087976213,f9f9c939099fbd0520ace6b57c291d0a11d6cf95cee94e55194d46964bc7a444,0,True,,260,102399,full_posterior,256,0.0015657735138555817,0.6385989173810367,128,test_prob_256,test_prob_256,73984,0,1.0005472250815177,1,0.13799794045999889,1.0,dynamics_h_0p01_stage_2,ok,2814b4d76a9cc9419ec01ed447161e8acf050a7bbe1b8e92bdfa0e832e724270,deep_m0256_r0,production_final
3,deep,final_geometry_v15_20260930,4327fe4ece9317f6fd20fad18389a71e9b1f423b,32,0.3431565451713079,0.003181368429474401,True,0.341839321608314,6507.817905736416,6585.642608177099,14743.96126300206,f9f9c939099fbd0520ace6b57c291d0a11d6cf95cee94e55194d46964bc7a444,0,True,,184,102399,full_posterior,256,0.0016270103649545335,0.3424979333898108,128,test_prob_384,test_prob_384,73984,0,1.0002351352337757,1,0.13904572391151215,1.0,dynamics_h_0p01_stage_2,ok,2814b4d76a9cc9419ec01ed447161e8acf050a7bbe1b8e92bdfa0e832e724270,deep_m0256_r0,production_final
3,deep,final_geometry_v15_20260930,4327fe4ece9317f6fd20fad18389a71e9b1f423b,32,0.6089914428990714,0.003301851016907007,True,0.616917667516859,6562.677546624658,6576.724528451647,15433.497889587336,f9f9c939099fbd0520ace6b57c291d0a11d6cf95cee94e55194d46964bc7a444,0,True,,222,102399,full_posterior,256,0.0017107069034335298,0.6129545552079652,128,test_prob_512,test_prob_512,73984,0,1.0011397614979773,1,0.14485886985933813,1.0,dynamics_h_0p01_stage_2,ok,2814b4d76a9cc9419ec01ed447161e8acf050a7bbe1b8e92bdfa0e832e724270,deep_m0256_r0,production_final
3,deep,final_geometry_v15_20260930,4327fe4ece9317f6fd20fad18389a71e9b1f423b,32,0.3970478286796233,0.0032492940710044022,True,0.4011002599108938,6312.11683821937,6309.702932383837,15349.243176121485,f9f9c939099fbd0520ace6b57c291d0a11d6cf95cee94e55194d46964bc7a444,0,True,,360,102399,full_posterior,256,0.0016896858631064678,0.39907404429525856,128,test_prob_640,test_prob_640,73984,0,1.0003827132044156,1,0.14406326087628696,1.0,dynamics_h_0p01_stage_2,ok,2814b4d76a9cc9419ec01ed447161e8acf050a7bbe1b8e92bdfa0e832e724270,deep_m0256_r0,production_final
3,deep,final_geometry_v15_20260930,4327fe4ece9317f6fd20fad18389a71e9b1f423b,32,0.5195268096626819,0.0033272365996561953,True,0.5110832334831801,6129.858113479285,6154.746993853241,15363.464315089905,f9f9c939099fbd0520ace6b57c291d0a11d6cf95cee94e55194d46964bc7a444,0,True,,332,102399,full_posterior,256,0.0017740294511518011,0.5153050215729309,128,test_prob_768,test_prob_768,73984,0,1.0011975862075178,1,0.1485609527877425,1.0,dynamics_h_0p01_stage_2,ok,2814b4d76a9cc9419ec01ed447161e8acf050a7bbe1b8e92bdfa0e832e724270,deep_m0256_r0,production_final
3,deep,final_geometry_v15_20260930,4327fe4ece9317f6fd20fad18389a71e9b1f423b,32,0.4884421993194018,0.0034584339110999888,True,0.4881311776079407,6418.937961643739,6414.840901195663,15308.412439315523,f9f9c939099fbd0520ace6b57c291d0a11d6cf95cee94e55194d46964bc7a444,0,True,,294,102399,full_posterior,256,0.00179250449944554,0.4882866884636713,128,test_prob_896,test_prob_896,73984,0,1.001601718086824,1,0.15227505389231027,1.0,dynamics_h_0p01_stage_2,ok,2814b4d76a9cc9419ec01ed447161e8acf050a7bbe1b8e92bdfa0e832e724270,deep_m0256_r0,production_final
3,deep,final_geometry_v15_20260930,4327fe4ece9317f6fd20fad18389a71e9b1f423b,32,-0.0032083622808970623,0.018035837138163015,True,-0.01280042952523549,3948.1159145703514,3819.5934153228973,6043.664870909584,f9f9c939099fbd0520ace6b57c291d0a11d6cf95cee94e55194d46964bc7a444,0,True,,392,102399,full_posterior,256,0.009552413846655738,-0.008004395903066277,128,interaction_0,interaction_0,73984,0,1.0017046216967285,1,0.6449459214434636,1.0,dynamics_h_0p01_stage_2,ok,2814b4d76a9cc9419ec01ed447161e8acf050a7bbe1b8e92bdfa0e832e724270,deep_m0256_r0,production_final
3,deep,final_geometry_v15_20260930,4327fe4ece9317f6fd20fad18389a71e9b1f423b,32,-0.008240132648190835,0.017472422321401757,True,-0.008279949249410867,4146.134723021823,3969.7247270116613,6154.155870057454,f9f9c939099fbd0520ace6b57c291d0a11d6cf95cee94e55194d46964bc7a444,0,True,,496,102399,full_posterior,256,0.009243062911356476,-0.008260040948800848,128,interaction_1,interaction_1,73984,0,1.000354016113755,1,0.6417081420670419,1.0,dynamics_h_0p01_stage_2,ok,2814b4d76a9cc9419ec01ed447161e8acf050a7bbe1b8e92bdfa0e832e724270,deep_m0256_r0,production_final
3,deep,final_geometry_v15_20260930,4327fe4ece9317f6fd20fad18389a71e9b1f423b,32,-0.001007209697057055,0.01664678384773957,True,-0.005752350051334561,4191.949762256151,4122.792695272878,6603.656270205289,f9f9c939099fbd0520ace6b57c291d0a11d6cf95cee94e55194d46964bc7a444,0,True,,386,102399,full_posterior,256,0.008748163246257346,-0.0033797798741958085,128,interaction_2,interaction_2,73984,0,1.0010287688158277,1,0.6225274723208134,1.0,dynamics_h_0p01_stage_2,ok,2814b4d76a9cc9419ec01ed447161e8acf050a7bbe1b8e92bdfa0e832e724270,deep_m0256_r0,production_final
3,deep,final_geometry_v15_20260930,4327fe4ece9317f6fd20fad18389a71e9b1f423b,32,0.01835737370595195,0.017315820921252518,True,-0.006299215031441179,4224.024797067986,3924.4195726901767,5990.659427547974,f9f9c939099fbd0520ace6b57c291d0a11d6cf95cee94e55194d46964bc7a444,0,True,,618,102399,full_posterior,256,0.009166918310398788,0.006029079337255384,128,interaction_3,interaction_3,73984,0,1.000532376471162,1,0.6263644747942624,1.0,dynamics_h_0p01_stage_2,ok,2814b4d76a9cc9419ec01ed447161e8acf050a7bbe1b8e92bdfa0e832e724270,deep_m0256_r0,production_final
3,deep,final_geometry_v15_20260930,4327fe4ece9317f6fd20fad18389a71e9b1f423b,32,-0.07390683416507648,0.03488671125500407,True,0.010807613483079903,2094.011896757585,2096.3122392560444,4378.182112913416,f9f9c939099fbd0520ace6b57c291d0a11d6cf95cee94e55194d46964bc7a444,0,True,,420,102399,full_posterior,256,0.01869221551441494,-0.03154961034099831,128,q_A,q_A,73984,0,1.0022724924026907,1,1.0058883520623223,1.0,dynamics_h_0p01_stage_2,ok,2814b4d76a9cc9419ec01ed447161e8acf050a7bbe1b8e92bdfa0e832e724270,deep_m0256_r0,production_final
3,deep,final_geometry_v15_20260930,4327fe4ece9317f6fd20fad18389a71e9b1f423b,32,0.002462245468393332,0.03426792239176741,True,-0.023236738156640194,1803.209770889324,1809.600194260091,4252.202665272819,f9f9c939099fbd0520ace6b57c291d0a11d6cf95cee94e55194d46964bc7a444,0,True,,976,102399,full_posterior,256,0.01873009021921718,-0.010387246344123434,128,q_W,q_W,73984,0,1.0041527287735006,1,1.0007140761522513,1.0,dynamics_h_0p01_stage_2,ok,2814b4d76a9cc9419ec01ed447161e8acf050a7bbe1b8e92bdfa0e832e724270,deep_m0256_r0,production_final
3,deep,final_geometry_v15_20260930,4327fe4ece9317f6fd20fad18389a71e9b1f423b,32,1.0182452948908918,0.002501749564997562,True,1.0176770060672091,4057.3867548610474,4060.5234668656008,9382.75469861887,f9f9c939099fbd0520ace6b57c291d0a11d6cf95cee94e55194d46964bc7a444,0,True,,262,102399,full_posterior,256,0.0012787137273233243,1.0179611504790502,128,disp_A,disp_A,73984,0,1.0012778537063145,1,0.08939720043685993,1.0,dynamics_h_0p01_stage_2,ok,2814b4d76a9cc9419ec01ed447161e8acf050a7bbe1b8e92bdfa0e832e724270,deep_m0256_r0,production_final
3,deep,final_geometry_v15_20260930,4327fe4ece9317f6fd20fad18389a71e9b1f423b,32,1.0003207745465945,0.00043367933585529607,True,1.000081165219975,3982.7447272872246,4002.907915652809,8591.81511896061,f9f9c939099fbd0520ace6b57c291d0a11d6cf95cee94e55194d46964bc7a444,0,True,,590,102399,full_posterior,256,0.00022708499148043555,1.000200969883285,128,disp_W1,disp_W1,73984,0,1.0003639927281203,1,0.01561901949433224,1.0,dynamics_h_0p01_stage_2,ok,2814b4d76a9cc9419ec01ed447161e8acf050a7bbe1b8e92bdfa0e832e724270,deep_m0256_r0,production_final
3,deep,final_geometry_v15_20260930,4327fe4ece9317f6fd20fad18389a71e9b1f423b,32,1.0000533818050141,0.00015272409029801177,True,1.0000109886166482,4130.037197983189,4127.0343481068485,9080.659367961292,f9f9c939099fbd0520ace6b57c291d0a11d6cf95cee94e55194d46964bc7a444,0,True,,256,102399,full_posterior,256,7.97000546878096e-05,1.0000321852108314,128,disp_W2,disp_W2,73984,0,1.00051401724348,1,0.005526298611006119,1.0,dynamics_h_0p01_stage_2,ok,2814b4d76a9cc9419ec01ed447161e8acf050a7bbe1b8e92bdfa0e832e724270,deep_m0256_r0,production_final
3,deep,final_geometry_v15_20260930,4327fe4ece9317f6fd20fad18389a71e9b1f423b,32,75.25658692400316,0.08349236295337745,True,75.21780374381515,6350.245826963445,6384.455330107566,15778.151484695709,444f5ef0c887613c190411e5f4151cb84488520c78adc24d2acb31140c1b2e28,0,True,,176,51199,full_posterior,256,0.04324160314752206,75.23719533390917,128,V,V,73984,0,1.0003840474363828,1,3.6229563246868555,1.0,dynamics_h_0p02_stage_2,ok,2814b4d76a9cc9419ec01ed447161e8acf050a7bbe1b8e92bdfa0e832e724270,deep_m0256_r0,validation_or_superseded
3,deep,final_geometry_v15_20260930,4327fe4ece9317f6fd20fad18389a71e9b1f423b,32,37069.60248689883,5.523228724748762,True,37075.90021633359,4057.4839150635476,4055.0647722463646,9079.01293814298,444f5ef0c887613c190411e5f4151cb84488520c78adc24d2acb31140c1b2e28,0,True,,150,51199,full_posterior,256,2.797374494476241,37072.751351616214,128,U,U,73984,0,1.0011262334627071,1,191.68104244872242,1.0,dynamics_h_0p02_stage_2,ok,2814b4d76a9cc9419ec01ed447161e8acf050a7bbe1b8e92bdfa0e832e724270,deep_m0256_r0,validation_or_superseded
3,deep,final_geometry_v15_20260930,4327fe4ece9317f6fd20fad18389a71e9b1f423b,32,0.8036123082935767,0.00985457223894603,True,0.8019728422484245,7173.335856470593,7175.1751954615365,15758.103002138645,444f5ef0c887613c190411e5f4151cb84488520c78adc24d2acb31140c1b2e28,0,True,,130,51199,full_posterior,256,0.0050404306874627935,0.8027925752710007,128,train_logit_0,train_logit_0,73984,0,1.0004401646886132,1,0.44087808384468635,1.0,dynamics_h_0p02_stage_2,ok,2814b4d76a9cc9419ec01ed447161e8acf050a7bbe1b8e92bdfa0e832e724270,deep_m0256_r0,validation_or_superseded
3,deep,final_geometry_v15_20260930,4327fe4ece9317f6fd20fad18389a71e9b1f423b,32,-0.01243218754048469,0.010213498769087328,True,-0.022790682492080796,6878.14092012062,6854.788466368936,15154.228368796994,444f5ef0c887613c190411e5f4151cb84488520c78adc24d2acb31140c1b2e28,0,True,,160,51199,full_posterior,256,0.0051447436594482775,-0.017611435016282744,128,train_logit_16,train_logit_16,73984,0,1.000421941873297,1,0.44248304783657344,1.0,dynamics_h_0p02_stage_2,ok,2814b4d76a9cc9419ec01ed447161e8acf050a7bbe1b8e92bdfa0e832e724270,deep_m0256_r0,validation_or_superseded
3,deep,final_geometry_v15_20260930,4327fe4ece9317f6fd20fad18389a71e9b1f423b,32,0.45310393269494287,0.010092238971922502,True,0.45501284660501584,7199.364542818329,7191.816605253947,16269.811484238924,444f5ef0c887613c190411e5f4151cb84488520c78adc24d2acb31140c1b2e28,0,True,,122,51199,full_posterior,256,0.005165507801455562,0.45405838964997935,128,train_logit_32,train_logit_32,73984,0,1.000206634145949,1,0.45006751848952,1.0,dynamics_h_0p02_stage_2,ok,2814b4d76a9cc9419ec01ed447161e8acf050a7bbe1b8e92bdfa0e832e724270,deep_m0256_r0,validation_or_superseded
3,deep,final_geometry_v15_20260930,4327fe4ece9317f6fd20fad18389a71e9b1f423b,32,0.3830323279355868,0.01043452633679378,True,0.3837589414881115,6730.38574208293,6708.0133367221715,16166.663915739035,444f5ef0c887613c190411e5f4151cb84488520c78adc24d2acb31140c1b2e28,0,True,,162,51199,full_posterior,256,0.0053631743712635425,0.3833956347118492,128,train_logit_48,train_logit_48,73984,0,1.0007860138036713,1,0.45443189753927477,1.0,dynamics_h_0p02_stage_2,ok,2814b4d76a9cc9419ec01ed447161e8acf050a7bbe1b8e92bdfa0e832e724270,deep_m0256_r0,validation_or_superseded
3,deep,final_geometry_v15_20260930,4327fe4ece9317f6fd20fad18389a71e9b1f423b,32,0.5806330521250963,0.010035152138178792,True,0.573452163923765,7108.444447813953,7105.593572145978,16199.23554857205,444f5ef0c887613c190411e5f4151cb84488520c78adc24d2acb31140c1b2e28,0,True,,154,51199,full_posterior,256,0.005168303950774888,0.5770426080244307,128,train_logit_64,train_logit_64,73984,0,1.0008598839931262,1,0.4456416678468934,1.0,dynamics_h_0p02_stage_2,ok,2814b4d76a9cc9419ec01ed447161e8acf050a7bbe1b8e92bdfa0e832e724270,deep_m0256_r0,validation_or_superseded
3,deep,final_geometry_v15_20260930,4327fe4ece9317f6fd20fad18389a71e9b1f423b,32,-0.7558932831764971,0.010496524723422062,True,-0.7484775419071991,6426.289215630033,6407.6045846295765,15500.33964606996,444f5ef0c887613c190411e5f4151cb84488520c78adc24d2acb31140c1b2e28,0,True,,194,51199,full_posterior,256,0.005473038811193877,-0.7521854125418481,128,train_logit_80,train_logit_80,73984,0,1.0009081249702765,1,0.4544370640715787,1.0,dynamics_h_0p02_stage_2,ok,2814b4d76a9cc9419ec01ed447161e8acf050a7bbe1b8e92bdfa0e832e724270,deep_m0256_r0,validation_or_superseded
3,deep,final_geometry_v15_20260930,4327fe4ece9317f6fd20fad18389a71e9b1f423b,32,0.5071899284439351,0.010460538771722074,True,0.5142156424652936,6482.979156081809,6478.779013590796,14821.529437941286,444f5ef0c887613c190411e5f4151cb84488520c78adc24d2acb31140c1b2e28,0,True,,174,51199,full_posterior,256,0.005368375860632396,0.5107027854546142,128,train_logit_96,train_logit_96,73984,0,1.0003964887221461,1,0.45210621458187195,1.0,dynamics_h_0p02_stage_2,ok,2814b4d76a9cc9419ec01ed447161e8acf050a7bbe1b8e92bdfa0e832e724270,deep_m0256_r0,validation_or_superseded
3,deep,final_geometry_v15_20260930,4327fe4ece9317f6fd20fad18389a71e9b1f423b,32,0.22086338652509357,0.010123654302085592,True,0.20079117168080576,6592.241454233225,6578.555520453469,14972.640172947904,444f5ef0c887613c190411e5f4151cb84488520c78adc24d2acb31140c1b2e28,0,True,,168,51199,full_posterior,256,0.005118747513930566,0.21082727910294966,128,train_logit_112,train_logit_112,73984,0,1.0010529251130924,1,0.44042632925337377,1.0,dynamics_h_0p02_stage_2,ok,2814b4d76a9cc9419ec01ed447161e8acf050a7bbe1b8e92bdfa0e832e724270,deep_m0256_r0,validation_or_superseded
3,deep,final_geometry_v15_20260930,4327fe4ece9317f6fd20fad18389a71e9b1f423b,32,0.4921438068246962,0.0035924677049308895,True,0.4954983741401949,6414.774103373858,6447.853977550857,14508.815817894443,444f5ef0c887613c190411e5f4151cb84488520c78adc24d2acb31140c1b2e28,0,True,,110,51199,full_posterior,256,0.0018315538986331827,0.49382109048244566,128,test_prob_0,test_prob_0,73984,0,1.0013445334388933,1,0.15283388459213895,1.0,dynamics_h_0p02_stage_2,ok,2814b4d76a9cc9419ec01ed447161e8acf050a7bbe1b8e92bdfa0e832e724270,deep_m0256_r0,validation_or_superseded
3,deep,final_geometry_v15_20260930,4327fe4ece9317f6fd20fad18389a71e9b1f423b,32,0.6184183217673279,0.003502952672272735,True,0.6214222337363996,6178.185244174913,6194.510505941908,14012.433824132655,444f5ef0c887613c190411e5f4151cb84488520c78adc24d2acb31140c1b2e28,0,True,,152,51199,full_posterior,256,0.0017828912883566703,0.619920277751864,128,test_prob_128,test_prob_128,73984,0,1.000487488339602,1,0.1458531364559768,1.0,dynamics_h_0p02_stage_2,ok,2814b4d76a9cc9419ec01ed447161e8acf050a7bbe1b8e92bdfa0e832e724270,deep_m0256_r0,validation_or_superseded
3,deep,final_geometry_v15_20260930,4327fe4ece9317f6fd20fad18389a71e9b1f423b,32,0.6420109411704341,0.0032469277534769797,True,0.6414264737924849,6336.293939955192,6348.449545193517,15548.727413291499,444f5ef0c887613c190411e5f4151cb84488520c78adc24d2acb31140c1b2e28,0,True,,162,51199,full_posterior,256,0.0016431972457039157,0.6417187074814595,128,test_prob_256,test_prob_256,73984,0,1.0004486690151124,1,0.1376315566592324,1.0,dynamics_h_0p02_stage_2,ok,2814b4d76a9cc9419ec01ed447161e8acf050a7bbe1b8e92bdfa0e832e724270,deep_m0256_r0,validation_or_superseded
3,deep,final_geometry_v15_20260930,4327fe4ece9317f6fd20fad18389a71e9b1f423b,32,0.3405645579312175,0.0031717994810508622,True,0.34193033907811343,6762.595622614469,6822.093460758134,15728.906738294208,444f5ef0c887613c190411e5f4151cb84488520c78adc24d2acb31140c1b2e28,0,True,,258,51199,full_posterior,256,0.00158807612961855,0.34124744850466543,128,test_prob_384,test_prob_384,73984,0,1.000770291319529,1,0.13762008678946705,1.0,dynamics_h_0p02_stage_2,ok,2814b4d76a9cc9419ec01ed447161e8acf050a7bbe1b8e92bdfa0e832e724270,deep_m0256_r0,validation_or_superseded
3,deep,final_geometry_v15_20260930,4327fe4ece9317f6fd20fad18389a71e9b1f423b,32,0.6152896462517649,0.0033047468473463466,True,0.6139262929925207,6516.303509548342,6586.14472698771,15182.745445479834,444f5ef0c887613c190411e5f4151cb84488520c78adc24d2acb31140c1b2e28,0,True,,204,51199,full_posterior,256,0.0017220589053959907,0.6146079696221426,128,test_prob_512,test_prob_512,73984,0,1.0003329659476703,1,0.14317168426978547,1.0,dynamics_h_0p02_stage_2,ok,2814b4d76a9cc9419ec01ed447161e8acf050a7bbe1b8e92bdfa0e832e724270,deep_m0256_r0,validation_or_superseded
3,deep,final_geometry_v15_20260930,4327fe4ece9317f6fd20fad18389a71e9b1f423b,32,0.4002438412784797,0.0034672577996404576,True,0.40107026769738263,5863.100633059841,5905.996909645576,14874.136382340617,444f5ef0c887613c190411e5f4151cb84488520c78adc24d2acb31140c1b2e28,0,True,,204,51199,full_posterior,256,0.001751913756688327,0.4006570544879313,128,test_prob_640,test_prob_640,73984,0,1.0006332774562319,1,0.14488505738133742,1.0,dynamics_h_0p02_stage_2,ok,2814b4d76a9cc9419ec01ed447161e8acf050a7bbe1b8e92bdfa0e832e724270,deep_m0256_r0,validation_or_superseded
3,deep,final_geometry_v15_20260930,4327fe4ece9317f6fd20fad18389a71e9b1f423b,32,0.517470954685228,0.0035769637930284947,True,0.514847438312369,6233.984005112877,6269.116704080516,14288.307248611854,444f5ef0c887613c190411e5f4151cb84488520c78adc24d2acb31140c1b2e28,0,True,,152,51199,full_posterior,256,0.0017968123232407717,0.5161591964987986,128,test_prob_768,test_prob_768,73984,0,1.000614864801278,1,0.15101954580189356,1.0,dynamics_h_0p02_stage_2,ok,2814b4d76a9cc9419ec01ed447161e8acf050a7bbe1b8e92bdfa0e832e724270,deep_m0256_r0,validation_or_superseded
3,deep,final_geometry_v15_20260930,4327fe4ece9317f6fd20fad18389a71e9b1f423b,32,0.486916124816033,0.0036562408989651417,True,0.48756205733140434,6015.769939019188,6040.149972121973,13562.151817556432,444f5ef0c887613c190411e5f4151cb84488520c78adc24d2acb31140c1b2e28,0,True,,114,51199,full_posterior,256,0.0018922946861915139,0.48723909107371854,128,test_prob_896,test_prob_896,73984,0,1.0005899965114604,1,0.15271861276749663,1.0,dynamics_h_0p02_stage_2,ok,2814b4d76a9cc9419ec01ed447161e8acf050a7bbe1b8e92bdfa0e832e724270,deep_m0256_r0,validation_or_superseded
3,deep,final_geometry_v15_20260930,4327fe4ece9317f6fd20fad18389a71e9b1f423b,32,0.009479379729717454,0.018314492142910994,True,0.003981199283008143,4094.1538139145414,3940.3363676591225,6106.740154134642,444f5ef0c887613c190411e5f4151cb84488520c78adc24d2acb31140c1b2e28,0,True,,172,51199,full_posterior,256,0.009499992654593586,0.006730289506362801,128,interaction_0,interaction_0,73984,0,1.0011079648780772,1,0.6344175415248405,1.0,dynamics_h_0p02_stage_2,ok,2814b4d76a9cc9419ec01ed447161e8acf050a7bbe1b8e92bdfa0e832e724270,deep_m0256_r0,validation_or_superseded
3,deep,final_geometry_v15_20260930,4327fe4ece9317f6fd20fad18389a71e9b1f423b,32,0.012649746885128736,0.018366830980134453,True,0.018433195412887064,4200.694690477151,4013.418695175715,5708.148818832888,444f5ef0c887613c190411e5f4151cb84488520c78adc24d2acb31140c1b2e28,0,True,,194,51199,full_posterior,256,0.009453172711202884,0.0155414711490079,128,interaction_1,interaction_1,73984,0,1.0012070260959887,1,0.6392115753483788,1.0,dynamics_h_0p02_stage_2,ok,2814b4d76a9cc9419ec01ed447161e8acf050a7bbe1b8e92bdfa0e832e724270,deep_m0256_r0,validation_or_superseded
3,deep,final_geometry_v15_20260930,4327fe4ece9317f6fd20fad18389a71e9b1f423b,32,-0.006099274244165307,0.018523052635382446,True,-0.032763135960979434,4198.643617309219,4034.4800739245306,6529.382684785724,444f5ef0c887613c190411e5f4151cb84488520c78adc24d2acb31140c1b2e28,0,True,,124,51199,full_posterior,256,0.009474496450617353,-0.01943120510257237,128,interaction_2,interaction_2,73984,0,1.0007900512864223,1,0.6419666175072073,1.0,dynamics_h_0p02_stage_2,ok,2814b4d76a9cc9419ec01ed447161e8acf050a7bbe1b8e92bdfa0e832e724270,deep_m0256_r0,validation_or_superseded
3,deep,final_geometry_v15_20260930,4327fe4ece9317f6fd20fad18389a71e9b1f423b,32,-0.026671773028568924,0.01796724597032094,True,-0.010561291496349642,3977.3848207150063,3875.6534832916955,6764.44525947904,444f5ef0c887613c190411e5f4151cb84488520c78adc24d2acb31140c1b2e28,0,True,,254,51199,full_posterior,256,0.009134207141946857,-0.01861653226245928,128,interaction_3,interaction_3,73984,0,1.0012236354173218,1,0.6241056093817552,1.0,dynamics_h_0p02_stage_2,ok,2814b4d76a9cc9419ec01ed447161e8acf050a7bbe1b8e92bdfa0e832e724270,deep_m0256_r0,validation_or_superseded
3,deep,final_geometry_v15_20260930,4327fe4ece9317f6fd20fad18389a71e9b1f423b,32,0.01580179195736782,0.03914729231991103,True,-0.04463307033955053,1746.581869462992,1752.4995879113812,3905.1098286510846,444f5ef0c887613c190411e5f4151cb84488520c78adc24d2acb31140c1b2e28,0,True,,596,51199,full_posterior,256,0.021022686148639107,-0.014415639191091355,128,q_A,q_A,73984,0,1.0012123259830796,1,1.0231824179643256,1.0,dynamics_h_0p02_stage_2,ok,2814b4d76a9cc9419ec01ed447161e8acf050a7bbe1b8e92bdfa0e832e724270,deep_m0256_r0,validation_or_superseded
3,deep,final_geometry_v15_20260930,4327fe4ece9317f6fd20fad18389a71e9b1f423b,32,-0.028382847050911812,0.03765901883773124,True,-0.008318364303627758,1987.7674402310568,1992.1164299803295,4390.191601972161,444f5ef0c887613c190411e5f4151cb84488520c78adc24d2acb31140c1b2e28,0,True,,318,51199,full_posterior,256,0.019831181795039645,-0.018350605677269788,128,q_W,q_W,73984,0,1.0023708972796082,1,1.0096931667239963,1.0,dynamics_h_0p02_stage_2,ok,2814b4d76a9cc9419ec01ed447161e8acf050a7bbe1b8e92bdfa0e832e724270,deep_m0256_r0,validation_or_superseded
3,deep,final_geometry_v15_20260930,4327fe4ece9317f6fd20fad18389a71e9b1f423b,32,1.0209301792229077,0.0025834886702847757,True,1.0183371264725762,3896.711707658415,3889.8758225403985,8251.149077772012,444f5ef0c887613c190411e5f4151cb84488520c78adc24d2acb31140c1b2e28,0,True,,130,51199,full_posterior,256,0.0013461084257214073,1.019633652847742,128,disp_A,disp_A,73984,0,1.0005435041662942,1,0.08833728973212304,1.0,dynamics_h_0p02_stage_2,ok,2814b4d76a9cc9419ec01ed447161e8acf050a7bbe1b8e92bdfa0e832e724270,deep_m0256_r0,validation_or_superseded
3,deep,final_geometry_v15_20260930,4327fe4ece9317f6fd20fad18389a71e9b1f423b,32,0.9995549620921235,0.00045065965526463195,True,1.0004181460157173,4053.279716032358,4040.6302352189628,9181.671546644444,444f5ef0c887613c190411e5f4151cb84488520c78adc24d2acb31140c1b2e28,0,True,,524,51199,full_posterior,256,0.00023348094844692215,0.9999865540539205,128,disp_W1,disp_W1,73984,0,1.002062260172439,1,0.01572254619114023,1.0,dynamics_h_0p02_stage_2,ok,2814b4d76a9cc9419ec01ed447161e8acf050a7bbe1b8e92bdfa0e832e724270,deep_m0256_r0,validation_or_superseded
3,deep,final_geometry_v15_20260930,4327fe4ece9317f6fd20fad18389a71e9b1f423b,32,1.0000454624116502,0.00015823727994956357,True,1.000141068552274,4116.999668981823,4119.473602958864,9046.386121322514,444f5ef0c887613c190411e5f4151cb84488520c78adc24d2acb31140c1b2e28,0,True,,118,51199,full_posterior,256,7.945528176219993e-05,1.000093265481962,128,disp_W2,disp_W2,73984,0,1.000714994727035,1,0.005487567053733856,1.0,dynamics_h_0p02_stage_2,ok,2814b4d76a9cc9419ec01ed447161e8acf050a7bbe1b8e92bdfa0e832e724270,deep_m0256_r0,validation_or_superseded
3,deep,final_geometry_v15_20260930,4327fe4ece9317f6fd20fad18389a71e9b1f423b,32,63.73862044859463,0.09552241787973474,True,63.881635636634385,6477.327227958122,6510.8638071311525,14505.760026227968,9a99f49392e059203eb1e4be69ea410fde04e8caae11bda6cc9ef3bf1484dada,0,True,,348,204799,full_posterior,256,0.04966522692278421,63.81012804261447,128,V,V,73984,1,1.0003698727808885,1,4.345986832522398,1.0,dynamics_h_0p005_stage_2,ok,09d81740c09e1434a4c78134a13a48b854f29cf5822e72d75983713cdb747963,deep_m0256_r1,validation_or_superseded
3,deep,final_geometry_v15_20260930,4327fe4ece9317f6fd20fad18389a71e9b1f423b,32,37057.76667748473,5.085362682979938,True,37066.8481631561,3793.367739779027,3810.0792462029935,8688.522529897178,9a99f49392e059203eb1e4be69ea410fde04e8caae11bda6cc9ef3bf1484dada,0,True,,724,204799,full_posterior,256,2.7259097591075188,37062.30742032042,128,U,U,73984,1,1.0012068910455716,1,193.22590551066804,1.0,dynamics_h_0p005_stage_2,ok,09d81740c09e1434a4c78134a13a48b854f29cf5822e72d75983713cdb747963,deep_m0256_r1,validation_or_superseded
3,deep,final_geometry_v15_20260930,4327fe4ece9317f6fd20fad18389a71e9b1f423b,32,0.22247795578763044,0.009969645778904183,True,0.22088826814140816,6750.097447788645,6746.717608174536,15418.302038314532,9a99f49392e059203eb1e4be69ea410fde04e8caae11bda6cc9ef3bf1484dada,0,True,,402,204799,full_posterior,256,0.005155095049915008,0.2216831119645193,128,train_logit_0,train_logit_0,73984,1,1.0006038730905977,1,0.4608123347863922,1.0,dynamics_h_0p005_stage_2,ok,09d81740c09e1434a4c78134a13a48b854f29cf5822e72d75983713cdb747963,deep_m0256_r1,validation_or_superseded
3,deep,final_geometry_v15_20260930,4327fe4ece9317f6fd20fad18389a71e9b1f423b,32,0.614479385005248,0.009809192599691393,True,0.6160341922915634,6450.384068158267,6437.617623174743,15622.696349695409,9a99f49392e059203eb1e4be69ea410fde04e8caae11bda6cc9ef3bf1484dada,0,True,,998,204799,full_posterior,256,0.005109546143631846,0.6152567886484058,128,train_logit_16,train_logit_16,73984,1,1.0004921431697833,1,0.4558140970073821,1.0,dynamics_h_0p005_stage_2,ok,09d81740c09e1434a4c78134a13a48b854f29cf5822e72d75983713cdb747963,deep_m0256_r1,validation_or_superseded
3,deep,final_geometry_v15_20260930,4327fe4ece9317f6fd20fad18389a71e9b1f423b,32,-0.034017740552223265,0.009721947439535658,True,-0.022352403599483695,7092.861274880217,7085.74850901132,16348.800033906955,9a99f49392e059203eb1e4be69ea410fde04e8caae11bda6cc9ef3bf1484dada,0,True,,390,204799,full_posterior,256,0.005037514642226069,-0.02818507207585348,128,train_logit_32,train_logit_32,73984,1,1.0004933880979103,1,0.45517572209972024,1.0,dynamics_h_0p005_stage_2,ok,09d81740c09e1434a4c78134a13a48b854f29cf5822e72d75983713cdb747963,deep_m0256_r1,validation_or_superseded
3,deep,final_geometry_v15_20260930,4327fe4ece9317f6fd20fad18389a71e9b1f423b,32,-0.8665048247396883,0.010013002643774686,True,-0.8559789039625763,6740.628886581848,6726.179182768067,14611.067532360132,9a99f49392e059203eb1e4be69ea410fde04e8caae11bda6cc9ef3bf1484dada,0,True,,444,204799,full_posterior,256,0.005246895834634723,-0.8612418643511326,128,train_logit_48,train_logit_48,73984,1,1.0003528345033554,1,0.46609447764505135,1.0,dynamics_h_0p005_stage_2,ok,09d81740c09e1434a4c78134a13a48b854f29cf5822e72d75983713cdb747963,deep_m0256_r1,validation_or_superseded
3,deep,final_geometry_v15_20260930,4327fe4ece9317f6fd20fad18389a71e9b1f423b,32,0.666449074683224,0.009832180725141637,True,0.6679048127704147,6823.240413680345,6811.795394753861,16514.778985888497,9a99f49392e059203eb1e4be69ea410fde04e8caae11bda6cc9ef3bf1484dada,0,True,,1118,204799,full_posterior,256,0.005066790935312137,0.6671769437268193,128,train_logit_64,train_logit_64,73984,1,1.0004009519527903,1,0.4604273353938388,1.0,dynamics_h_0p005_stage_2,ok,09d81740c09e1434a4c78134a13a48b854f29cf5822e72d75983713cdb747963,deep_m0256_r1,validation_or_superseded
3,deep,final_geometry_v15_20260930,4327fe4ece9317f6fd20fad18389a71e9b1f423b,32,0.7295787396861736,0.009658311257986864,True,0.7180111985732316,6996.9413404928255,6993.563185505599,15404.446329613174,9a99f49392e059203eb1e4be69ea410fde04e8caae11bda6cc9ef3bf1484dada,0,True,,470,204799,full_posterior,256,0.005043633908674766,0.7237949691297031,128,train_logit_80,train_logit_80,73984,1,1.0003253656251063,1,0.45494422159459574,1.0,dynamics_h_0p005_stage_2,ok,09d81740c09e1434a4c78134a13a48b854f29cf5822e72d75983713cdb747963,deep_m0256_r1,validation_or_superseded
3,deep,final_geometry_v15_20260930,4327fe4ece9317f6fd20fad18389a71e9b1f423b,32,0.03456448884160853,0.010096504580843591,True,0.03126250576123207,6599.345323763752,6584.497172520624,15626.934715916275,9a99f49392e059203eb1e4be69ea410fde04e8caae11bda6cc9ef3bf1484dada,0,True,,598,204799,full_posterior,256,0.005272124932663902,0.03291349730142029,128,train_logit_96,train_logit_96,73984,1,1.0004477891574197,1,0.4680037369260531,1.0,dynamics_h_0p005_stage_2,ok,09d81740c09e1434a4c78134a13a48b854f29cf5822e72d75983713cdb747963,deep_m0256_r1,validation_or_superseded
3,deep,final_geometry_v15_20260930,4327fe4ece9317f6fd20fad18389a71e9b1f423b,32,-0.3644662173774069,0.009672358778972151,True,-0.35578487469694153,6778.4593924534465,6754.340570650438,15615.551999636886,9a99f49392e059203eb1e4be69ea410fde04e8caae11bda6cc9ef3bf1484dada,0,True,,972,204799,full_posterior,256,0.005065723272346086,-0.3601255460371741,128,train_logit_112,train_logit_112,73984,1,1.000284493516853,1,0.45560137896740355,1.0,dynamics_h_0p005_stage_2,ok,09d81740c09e1434a4c78134a13a48b854f29cf5822e72d75983713cdb747963,deep_m0256_r1,validation_or_superseded
3,deep,final_geometry_v15_20260930,4327fe4ece9317f6fd20fad18389a71e9b1f423b,32,0.5178762286166301,0.0032757489428227736,True,0.5152444203099916,7101.124073085033,7083.116643279579,16689.890578480357,9a99f49392e059203eb1e4be69ea410fde04e8caae11bda6cc9ef3bf1484dada,0,True,,766,204799,full_posterior,256,0.0016995125319123612,0.516560324463311,128,test_prob_0,test_prob_0,73984,1,1.0006270967440765,1,0.15242992770903305,1.0,dynamics_h_0p005_stage_2,ok,09d81740c09e1434a4c78134a13a48b854f29cf5822e72d75983713cdb747963,deep_m0256_r1,validation_or_superseded
3,deep,final_geometry_v15_20260930,4327fe4ece9317f6fd20fad18389a71e9b1f423b,32,0.3642081661920915,0.003086072592048161,True,0.36575323954847355,6454.747585913695,6507.283239459783,15294.428149470423,9a99f49392e059203eb1e4be69ea410fde04e8caae11bda6cc9ef3bf1484dada,0,True,,476,204799,full_posterior,256,0.001618710744251255,0.36498070287028256,128,test_prob_128,test_prob_128,73984,1,1.0004445278391565,1,0.14251729226230236,1.0,dynamics_h_0p005_stage_2,ok,09d81740c09e1434a4c78134a13a48b854f29cf5822e72d75983713cdb747963,deep_m0256_r1,validation_or_superseded
3,deep,final_geometry_v15_20260930,4327fe4ece9317f6fd20fad18389a71e9b1f423b,32,0.47432012993280537,0.003412925148082523,True,0.46582606687063943,6279.137261825202,6292.231127312236,14348.972684202015,9a99f49392e059203eb1e4be69ea410fde04e8caae11bda6cc9ef3bf1484dada,0,True,,396,204799,full_posterior,256,0.0017748573595068467,0.4700730984017224,128,test_prob_256,test_prob_256,73984,1,1.0004843628618523,1,0.15401975261173717,1.0,dynamics_h_0p005_stage_2,ok,09d81740c09e1434a4c78134a13a48b854f29cf5822e72d75983713cdb747963,deep_m0256_r1,validation_or_superseded
3,deep,final_geometry_v15_20260930,4327fe4ece9317f6fd20fad18389a71e9b1f423b,32,0.715926581219646,0.0026868074308011515,True,0.7190177202949386,6486.49855220726,6636.928619790424,15080.500195534712,9a99f49392e059203eb1e4be69ea410fde04e8caae11bda6cc9ef3bf1484dada,0,True,,432,204799,full_posterior,256,0.0013808646047875405,0.7174721507572925,128,test_prob_384,test_prob_384,73984,1,1.0002865102528216,1,0.12415022441660788,1.0,dynamics_h_0p005_stage_2,ok,09d81740c09e1434a4c78134a13a48b854f29cf5822e72d75983713cdb747963,deep_m0256_r1,validation_or_superseded
3,deep,final_geometry_v15_20260930,4327fe4ece9317f6fd20fad18389a71e9b1f423b,32,0.483944285095143,0.0033621402256627133,True,0.47774172312747054,6119.280777346297,6094.964882287299,15290.954918397252,9a99f49392e059203eb1e4be69ea410fde04e8caae11bda6cc9ef3bf1484dada,0,True,,914,204799,full_posterior,256,0.0017512623995834997,0.48084300411130676,128,test_prob_512,test_prob_512,73984,1,1.000437279597834,1,0.1542898073130603,1.0,dynamics_h_0p005_stage_2,ok,09d81740c09e1434a4c78134a13a48b854f29cf5822e72d75983713cdb747963,deep_m0256_r1,validation_or_superseded
3,deep,final_geometry_v15_20260930,4327fe4ece9317f6fd20fad18389a71e9b1f423b,32,0.5302364587448044,0.0034303734088315394,True,0.526581523678497,6128.570750825581,6188.111118423012,13731.431853772774,9a99f49392e059203eb1e4be69ea410fde04e8caae11bda6cc9ef3bf1484dada,0,True,,610,204799,full_posterior,256,0.0017629043266677604,0.5284089912116505,128,test_prob_640,test_prob_640,73984,1,1.0007177945640482,1,0.15396645570885692,1.0,dynamics_h_0p005_stage_2,ok,09d81740c09e1434a4c78134a13a48b854f29cf5822e72d75983713cdb747963,deep_m0256_r1,validation_or_superseded
3,deep,final_geometry_v15_20260930,4327fe4ece9317f6fd20fad18389a71e9b1f423b,32,0.5118174841242531,0.0032466940074249106,True,0.5191266769962593,6590.574139215215,6602.942199602207,14659.660180551999,9a99f49392e059203eb1e4be69ea410fde04e8caae11bda6cc9ef3bf1484dada,0,True,,672,204799,full_posterior,256,0.0017000687050695426,0.5154720805602561,128,test_prob_768,test_prob_768,73984,1,1.0016521298428491,1,0.15071279131849755,1.0,dynamics_h_0p005_stage_2,ok,09d81740c09e1434a4c78134a13a48b854f29cf5822e72d75983713cdb747963,deep_m0256_r1,validation_or_superseded
3,deep,final_geometry_v15_20260930,4327fe4ece9317f6fd20fad18389a71e9b1f423b,32,0.504417578867271,0.003420110632422804,True,0.5088721955742487,6080.092823758983,6086.996209127824,13039.106484525666,9a99f49392e059203eb1e4be69ea410fde04e8caae11bda6cc9ef3bf1484dada,0,True,,462,204799,full_posterior,256,0.0018014613568650467,0.5066448872207598,128,test_prob_896,test_prob_896,73984,1,1.0005689613876887,1,0.1550140618178898,1.0,dynamics_h_0p005_stage_2,ok,09d81740c09e1434a4c78134a13a48b854f29cf5822e72d75983713cdb747963,deep_m0256_r1,validation_or_superseded
3,deep,final_geometry_v15_20260930,4327fe4ece9317f6fd20fad18389a71e9b1f423b,32,-0.002549902651417217,0.016870135436979176,True,-0.0046719390598698686,4229.99235996111,4035.8362802329902,6034.409288303875,9a99f49392e059203eb1e4be69ea410fde04e8caae11bda6cc9ef3bf1484dada,0,True,,548,204799,full_posterior,256,0.008898245391054768,-0.003610920855643544,128,interaction_0,interaction_0,73984,1,1.0015269089607026,1,0.6479404574555467,1.0,dynamics_h_0p005_stage_2,ok,09d81740c09e1434a4c78134a13a48b854f29cf5822e72d75983713cdb747963,deep_m0256_r1,validation_or_superseded
3,deep,final_geometry_v15_20260930,4327fe4ece9317f6fd20fad18389a71e9b1f423b,32,0.019062310692780967,0.01742321072061598,True,-0.0005737341092668817,4059.735224877638,3841.2733513563485,5849.93139295325,9a99f49392e059203eb1e4be69ea410fde04e8caae11bda6cc9ef3bf1484dada,0,True,,522,204799,full_posterior,256,0.00916340179312546,0.00924428829175704,128,interaction_1,interaction_1,73984,1,1.0008033596337358,1,0.6511206848044759,1.0,dynamics_h_0p005_stage_2,ok,09d81740c09e1434a4c78134a13a48b854f29cf5822e72d75983713cdb747963,deep_m0256_r1,validation_or_superseded
3,deep,final_geometry_v15_20260930,4327fe4ece9317f6fd20fad18389a71e9b1f423b,32,0.022689954017357423,0.01609895163363801,True,-0.0172834952696309,4257.941802910001,4154.067642278359,7357.255588038805,9a99f49392e059203eb1e4be69ea410fde04e8caae11bda6cc9ef3bf1484dada,0,True,,794,204799,full_posterior,256,0.008601099508678508,0.002703229373863264,128,interaction_2,interaction_2,73984,1,1.0010968850909263,1,0.6310725125878776,1.0,dynamics_h_0p005_stage_2,ok,09d81740c09e1434a4c78134a13a48b854f29cf5822e72d75983713cdb747963,deep_m0256_r1,validation_or_superseded
3,deep,final_geometry_v15_20260930,4327fe4ece9317f6fd20fad18389a71e9b1f423b,32,0.021893428309721578,0.017349119702086795,True,-0.00123049598858417,4239.477705301886,4092.213838027492,6113.285813748743,9a99f49392e059203eb1e4be69ea410fde04e8caae11bda6cc9ef3bf1484dada,0,True,,824,204799,full_posterior,256,0.009174640839916025,0.010331466160568702,128,interaction_3,interaction_3,73984,1,1.0011254513965668,1,0.6567900103246963,1.0,dynamics_h_0p005_stage_2,ok,09d81740c09e1434a4c78134a13a48b854f29cf5822e72d75983713cdb747963,deep_m0256_r1,validation_or_superseded
3,deep,final_geometry_v15_20260930,4327fe4ece9317f6fd20fad18389a71e9b1f423b,32,0.05570505039811216,0.03287066764737832,True,0.015519780769097515,1467.8848425754945,1462.023661991306,3600.396752052341,9a99f49392e059203eb1e4be69ea410fde04e8caae11bda6cc9ef3bf1484dada,0,True,,2478,204799,full_posterior,256,0.0180757105191087,0.03561241558360484,128,q_A,q_A,73984,1,1.002604546117427,1,1.0290460551112386,1.0,dynamics_h_0p005_stage_2,ok,09d81740c09e1434a4c78134a13a48b854f29cf5822e72d75983713cdb747963,deep_m0256_r1,validation_or_superseded
3,deep,final_geometry_v15_20260930,4327fe4ece9317f6fd20fad18389a71e9b1f423b,32,0.0050581396322235085,0.03214851165811764,True,-0.012628872338990613,1978.6248462270182,1972.933512309649,4128.361182005001,9a99f49392e059203eb1e4be69ea410fde04e8caae11bda6cc9ef3bf1484dada,0,True,,1006,204799,full_posterior,256,0.01786838432403594,-0.003785366353383555,128,q_W,q_W,73984,1,1.0018731301798154,1,1.0213420992304914,1.0,dynamics_h_0p005_stage_2,ok,09d81740c09e1434a4c78134a13a48b854f29cf5822e72d75983713cdb747963,deep_m0256_r1,validation_or_superseded
3,deep,final_geometry_v15_20260930,4327fe4ece9317f6fd20fad18389a71e9b1f423b,32,1.0512511799422983,0.002306651135873954,True,1.048666651983386,4198.220821096562,4207.5828630377955,8797.959218202732,9a99f49392e059203eb1e4be69ea410fde04e8caae11bda6cc9ef3bf1484dada,0,True,,612,204799,full_posterior,256,0.0012246620664014788,1.049958915962842,128,disp_A,disp_A,73984,1,1.001155654020655,1,0.08925459612719247,1.0,dynamics_h_0p005_stage_2,ok,09d81740c09e1434a4c78134a13a48b854f29cf5822e72d75983713cdb747963,deep_m0256_r1,validation_or_superseded
3,deep,final_geometry_v15_20260930,4327fe4ece9317f6fd20fad18389a71e9b1f423b,32,0.9997000732241466,0.0003949764985358087,True,1.0002408845832875,4074.280907537438,4068.069944039663,9554.590579427017,9a99f49392e059203eb1e4be69ea410fde04e8caae11bda6cc9ef3bf1484dada,0,True,,650,204799,full_posterior,256,0.00020883012437636093,0.999970478903717,128,disp_W1,disp_W1,73984,1,1.0006866090406379,1,0.01530080330544542,1.0,dynamics_h_0p005_stage_2,ok,09d81740c09e1434a4c78134a13a48b854f29cf5822e72d75983713cdb747963,deep_m0256_r1,validation_or_superseded
3,deep,final_geometry_v15_20260930,4327fe4ece9317f6fd20fad18389a71e9b1f423b,32,0.999899182314374,0.0001464868448946571,True,1.0001144571781138,3766.9519320071254,3785.1686250747416,8372.873292859225,9a99f49392e059203eb1e4be69ea410fde04e8caae11bda6cc9ef3bf1484dada,0,True,,756,204799,full_posterior,256,7.818403975104086e-05,1.0000068197462435,128,disp_W2,disp_W2,73984,1,1.0010294213981383,1,0.005554121735477722,1.0,dynamics_h_0p005_stage_2,ok,09d81740c09e1434a4c78134a13a48b854f29cf5822e72d75983713cdb747963,deep_m0256_r1,validation_or_superseded
3,deep,final_geometry_v15_20260930,4327fe4ece9317f6fd20fad18389a71e9b1f423b,32,63.67353516445968,0.10180948626162582,True,63.65772057029341,5830.331505160259,5846.268924590538,12985.182318607865,2ac399a694d6b5748b586b11b769180516ed4e5afbe0a19c5625d293f9199a18,0,True,,358,102399,full_posterior,256,0.052790877893530985,63.665627867376536,128,V,V,73984,1,1.0002217073253235,1,4.330096132036652,1.0,dynamics_h_0p01_stage_2,ok,09d81740c09e1434a4c78134a13a48b854f29cf5822e72d75983713cdb747963,deep_m0256_r1,production_final
3,deep,final_geometry_v15_20260930,4327fe4ece9317f6fd20fad18389a71e9b1f423b,32,37059.19698030751,5.362438508134555,True,37067.03221300478,4211.481411824166,4208.876368450619,9881.320726612063,2ac399a694d6b5748b586b11b769180516ed4e5afbe0a19c5625d293f9199a18,0,True,,248,102399,full_posterior,256,2.77653806982619,37063.114596656145,128,U,U,73984,1,1.0009335623788664,1,193.84998271864546,1.0,dynamics_h_0p01_stage_2,ok,09d81740c09e1434a4c78134a13a48b854f29cf5822e72d75983713cdb747963,deep_m0256_r1,production_final
3,deep,final_geometry_v15_20260930,4327fe4ece9317f6fd20fad18389a71e9b1f423b,32,0.23425508931973618,0.010489541336960003,True,0.23014811915164052,6566.221062271437,6557.665403906779,16076.690863316622,2ac399a694d6b5748b586b11b769180516ed4e5afbe0a19c5625d293f9199a18,0,True,,248,102399,full_posterior,256,0.005465237284465409,0.23220160423568836,128,train_logit_0,train_logit_0,73984,1,1.0002769836671979,1,0.4658763273345241,1.0,dynamics_h_0p01_stage_2,ok,09d81740c09e1434a4c78134a13a48b854f29cf5822e72d75983713cdb747963,deep_m0256_r1,production_final
3,deep,final_geometry_v15_20260930,4327fe4ece9317f6fd20fad18389a71e9b1f423b,32,0.5949287748933461,0.009947853393457948,True,0.6119085750010317,7147.936650199264,7137.054841764483,16669.51099223707,2ac399a694d6b5748b586b11b769180516ed4e5afbe0a19c5625d293f9199a18,0,True,,216,102399,full_posterior,256,0.005060942863924645,0.6034186749471888,128,train_logit_16,train_logit_16,73984,1,1.001756536339908,1,0.45652268817154995,1.0,dynamics_h_0p01_stage_2,ok,09d81740c09e1434a4c78134a13a48b854f29cf5822e72d75983713cdb747963,deep_m0256_r1,production_final
3,deep,final_geometry_v15_20260930,4327fe4ece9317f6fd20fad18389a71e9b1f423b,32,-0.02908587200760901,0.00984775645505356,True,-0.0326888820878052,7172.429415014448,7173.985812670353,16174.050637328064,2ac399a694d6b5748b586b11b769180516ed4e5afbe0a19c5625d293f9199a18,0,True,,218,102399,full_posterior,256,0.005070724420569136,-0.030887377047707106,128,train_logit_32,train_logit_32,73984,1,1.0003176112730543,1,0.4548786801217206,1.0,dynamics_h_0p01_stage_2,ok,09d81740c09e1434a4c78134a13a48b854f29cf5822e72d75983713cdb747963,deep_m0256_r1,production_final
3,deep,final_geometry_v15_20260930,4327fe4ece9317f6fd20fad18389a71e9b1f423b,32,-0.8821210420509771,0.010458229299363823,True,-0.8639279461411639,6842.82391291168,6839.889861295725,15078.503511345369,2ac399a694d6b5748b586b11b769180516ed4e5afbe0a19c5625d293f9199a18,0,True,,216,102399,full_posterior,256,0.005309196719500101,-0.8730244940960702,128,train_logit_48,train_logit_48,73984,1,1.0011165706732703,1,0.46628488841830595,1.0,dynamics_h_0p01_stage_2,ok,09d81740c09e1434a4c78134a13a48b854f29cf5822e72d75983713cdb747963,deep_m0256_r1,production_final
3,deep,final_geometry_v15_20260930,4327fe4ece9317f6fd20fad18389a71e9b1f423b,32,0.6732560834320275,0.01047240599894717,True,0.6891554004160855,6632.330036088907,6620.72198218085,14178.23133555808,2ac399a694d6b5748b586b11b769180516ed4e5afbe0a19c5625d293f9199a18,0,True,,228,102399,full_posterior,256,0.005351277043948946,0.6812057419240567,128,train_logit_64,train_logit_64,73984,1,1.000851589108405,1,0.4668101106428326,1.0,dynamics_h_0p01_stage_2,ok,09d81740c09e1434a4c78134a13a48b854f29cf5822e72d75983713cdb747963,deep_m0256_r1,production_final
3,deep,final_geometry_v15_20260930,4327fe4ece9317f6fd20fad18389a71e9b1f423b,32,0.7425137246234347,0.01003194404317844,True,0.727408633075337,7149.76747209719,7149.843580095952,16256.976910598813,2ac399a694d6b5748b586b11b769180516ed4e5afbe0a19c5625d293f9199a18,0,True,,198,102399,full_posterior,256,0.005065173210146111,0.7349611788493858,128,train_logit_80,train_logit_80,73984,1,1.0005508898507156,1,0.4568669653259527,1.0,dynamics_h_0p01_stage_2,ok,09d81740c09e1434a4c78134a13a48b854f29cf5822e72d75983713cdb747963,deep_m0256_r1,production_final
3,deep,final_geometry_v15_20260930,4327fe4ece9317f6fd20fad18389a71e9b1f423b,32,0.014823832357608157,0.01043863750439963,True,0.029212691559022955,6559.640492181805,6584.836924341989,15596.630453114203,2ac399a694d6b5748b586b11b769180516ed4e5afbe0a19c5625d293f9199a18,0,True,,312,102399,full_posterior,256,0.00537603808563512,0.022018261958315563,128,train_logit_96,train_logit_96,73984,1,1.0009856551356107,1,0.4641533225838504,1.0,dynamics_h_0p01_stage_2,ok,09d81740c09e1434a4c78134a13a48b854f29cf5822e72d75983713cdb747963,deep_m0256_r1,production_final
3,deep,final_geometry_v15_20260930,4327fe4ece9317f6fd20fad18389a71e9b1f423b,32,-0.3837975051196419,0.010242788544710058,True,-0.35593270671532445,6620.141269297937,6666.374198593068,15198.674733668207,2ac399a694d6b5748b586b11b769180516ed4e5afbe0a19c5625d293f9199a18,0,True,,360,102399,full_posterior,256,0.005326102187121526,-0.369865105917483,128,train_logit_112,train_logit_112,73984,1,1.0010893361001039,1,0.4590656737924608,1.0,dynamics_h_0p01_stage_2,ok,09d81740c09e1434a4c78134a13a48b854f29cf5822e72d75983713cdb747963,deep_m0256_r1,production_final
3,deep,final_geometry_v15_20260930,4327fe4ece9317f6fd20fad18389a71e9b1f423b,32,0.5117359829636053,0.0034880153889626586,True,0.517291612985241,6072.688608871817,6052.955155003934,14796.295001039627,2ac399a694d6b5748b586b11b769180516ed4e5afbe0a19c5625d293f9199a18,0,True,,396,102399,full_posterior,256,0.00182376452860764,0.5145137979744232,128,test_prob_0,test_prob_0,73984,1,1.0002540933595738,1,0.15365645114244708,1.0,dynamics_h_0p01_stage_2,ok,09d81740c09e1434a4c78134a13a48b854f29cf5822e72d75983713cdb747963,deep_m0256_r1,production_final
3,deep,final_geometry_v15_20260930,4327fe4ece9317f6fd20fad18389a71e9b1f423b,32,0.3614142413158498,0.0032647601762834286,True,0.36427402044330554,6267.201418898988,6342.8148256836685,14025.005902861269,2ac399a694d6b5748b586b11b769180516ed4e5afbe0a19c5625d293f9199a18,0,True,,290,102399,full_posterior,256,0.001670999175250139,0.3628441308795778,128,test_prob_128,test_prob_128,73984,1,1.000654180604415,1,0.1426341485390172,1.0,dynamics_h_0p01_stage_2,ok,09d81740c09e1434a4c78134a13a48b854f29cf5822e72d75983713cdb747963,deep_m0256_r1,production_final
3,deep,final_geometry_v15_20260930,4327fe4ece9317f6fd20fad18389a71e9b1f423b,32,0.46677850146851746,0.003551161559766385,True,0.46935793384274827,6085.735048824317,6083.151722999102,15230.570166353791,2ac399a694d6b5748b586b11b769180516ed4e5afbe0a19c5625d293f9199a18,0,True,,368,102399,full_posterior,256,0.0018417320736848562,0.46806821765563295,128,test_prob_256,test_prob_256,73984,1,1.000262418214392,1,0.15296089369703333,1.0,dynamics_h_0p01_stage_2,ok,09d81740c09e1434a4c78134a13a48b854f29cf5822e72d75983713cdb747963,deep_m0256_r1,production_final
3,deep,final_geometry_v15_20260930,4327fe4ece9317f6fd20fad18389a71e9b1f423b,32,0.7171031752615085,0.0027127138883738574,True,0.7190138647312814,6550.8014688149415,6692.735519610172,15354.974330892519,2ac399a694d6b5748b586b11b769180516ed4e5afbe0a19c5625d293f9199a18,0,True,,284,102399,full_posterior,256,0.001404388925797279,0.718058519996395,128,test_prob_384,test_prob_384,73984,1,1.0002237726066256,1,0.12333407344899479,1.0,dynamics_h_0p01_stage_2,ok,09d81740c09e1434a4c78134a13a48b854f29cf5822e72d75983713cdb747963,deep_m0256_r1,production_final
3,deep,final_geometry_v15_20260930,4327fe4ece9317f6fd20fad18389a71e9b1f423b,32,0.4789780288244302,0.003478395126680932,True,0.4796908451642088,6652.418456525741,6664.550554705942,15116.262587663456,2ac399a694d6b5748b586b11b769180516ed4e5afbe0a19c5625d293f9199a18,0,True,,180,102399,full_posterior,256,0.0018258556958198197,0.47933443699431955,128,test_prob_512,test_prob_512,73984,1,1.0003469946555286,1,0.15483653171547723,1.0,dynamics_h_0p01_stage_2,ok,09d81740c09e1434a4c78134a13a48b854f29cf5822e72d75983713cdb747963,deep_m0256_r1,production_final
3,deep,final_geometry_v15_20260930,4327fe4ece9317f6fd20fad18389a71e9b1f423b,32,0.5263932041219064,0.0035215660884021405,True,0.5295130804560022,6020.575305500839,6048.938026841484,14758.190101671735,2ac399a694d6b5748b586b11b769180516ed4e5afbe0a19c5625d293f9199a18,0,True,,266,102399,full_posterior,256,0.0018297030723990323,0.5279531422889542,128,test_prob_640,test_prob_640,73984,1,1.0007169735696604,1,0.1531128731942805,1.0,dynamics_h_0p01_stage_2,ok,09d81740c09e1434a4c78134a13a48b854f29cf5822e72d75983713cdb747963,deep_m0256_r1,production_final
3,deep,final_geometry_v15_20260930,4327fe4ece9317f6fd20fad18389a71e9b1f423b,32,0.5134408382226685,0.00347382777602179,True,0.513924820770717,6431.873487498818,6421.660868217423,15360.351701184365,2ac399a694d6b5748b586b11b769180516ed4e5afbe0a19c5625d293f9199a18,0,True,,248,102399,full_posterior,256,0.0017894748369901691,0.5136828294966927,128,test_prob_768,test_prob_768,73984,1,1.0004289645780533,1,0.15258285409810773,1.0,dynamics_h_0p01_stage_2,ok,09d81740c09e1434a4c78134a13a48b854f29cf5822e72d75983713cdb747963,deep_m0256_r1,production_final
3,deep,final_geometry_v15_20260930,4327fe4ece9317f6fd20fad18389a71e9b1f423b,32,0.507255743362909,0.003574124881726258,True,0.5078497596743212,6070.072481522188,6091.976855498461,13117.008739896786,2ac399a694d6b5748b586b11b769180516ed4e5afbe0a19c5625d293f9199a18,0,True,,274,102399,full_posterior,256,0.0018237768275749175,0.5075527515186152,128,test_prob_896,test_prob_896,73984,1,1.0003416208344431,1,0.15510223421304078,1.0,dynamics_h_0p01_stage_2,ok,09d81740c09e1434a4c78134a13a48b854f29cf5822e72d75983713cdb747963,deep_m0256_r1,production_final
3,deep,final_geometry_v15_20260930,4327fe4ece9317f6fd20fad18389a71e9b1f423b,32,0.011447271573282323,0.017540199173741194,True,-0.015233266573721491,4310.051447416605,4181.019264746557,6180.296163046741,2ac399a694d6b5748b586b11b769180516ed4e5afbe0a19c5625d293f9199a18,0,True,,268,102399,full_posterior,256,0.009037189807042089,-0.0018929975002195845,128,interaction_0,interaction_0,73984,1,1.0009882613315417,1,0.6366802565874166,1.0,dynamics_h_0p01_stage_2,ok,09d81740c09e1434a4c78134a13a48b854f29cf5822e72d75983713cdb747963,deep_m0256_r1,production_final
3,deep,final_geometry_v15_20260930,4327fe4ece9317f6fd20fad18389a71e9b1f423b,32,0.014354544266061323,0.01790997881645632,True,0.03040966982719697,4052.765386948392,3862.094846146332,6246.823260526504,2ac399a694d6b5748b586b11b769180516ed4e5afbe0a19c5625d293f9199a18,0,True,,564,102399,full_posterior,256,0.009313873624106917,0.022382107046629147,128,interaction_1,interaction_1,73984,1,1.0008947618960713,1,0.6448882760390653,1.0,dynamics_h_0p01_stage_2,ok,09d81740c09e1434a4c78134a13a48b854f29cf5822e72d75983713cdb747963,deep_m0256_r1,production_final
3,deep,final_geometry_v15_20260930,4327fe4ece9317f6fd20fad18389a71e9b1f423b,32,0.01589086593224369,0.01844485131347394,True,0.014875356078227289,3870.6908337281484,3681.8612561623754,5571.770937087847,2ac399a694d6b5748b586b11b769180516ed4e5afbe0a19c5625d293f9199a18,0,True,,318,102399,full_posterior,256,0.009724687844139384,0.01538311100523549,128,interaction_2,interaction_2,73984,1,1.0008729733150343,1,0.643358836481948,1.0,dynamics_h_0p01_stage_2,ok,09d81740c09e1434a4c78134a13a48b854f29cf5822e72d75983713cdb747963,deep_m0256_r1,production_final
3,deep,final_geometry_v15_20260930,4327fe4ece9317f6fd20fad18389a71e9b1f423b,32,0.03178459757765645,0.017840834627537064,True,0.010590568512584601,4280.780155762664,4016.8592896458595,5996.461811232658,2ac399a694d6b5748b586b11b769180516ed4e5afbe0a19c5625d293f9199a18,0,True,,514,102399,full_posterior,256,0.00934087332193918,0.02118758304512052,128,interaction_3,interaction_3,73984,1,1.0013796824361307,1,0.6440435514999359,1.0,dynamics_h_0p01_stage_2,ok,09d81740c09e1434a4c78134a13a48b854f29cf5822e72d75983713cdb747963,deep_m0256_r1,production_final
3,deep,final_geometry_v15_20260930,4327fe4ece9317f6fd20fad18389a71e9b1f423b,32,0.0668362883217539,0.035180322397368985,True,0.04026507902114619,1791.0522285693366,1794.635339368537,4188.134122928267,2ac399a694d6b5748b586b11b769180516ed4e5afbe0a19c5625d293f9199a18,0,True,,912,102399,full_posterior,256,0.019108915779488676,0.053550683671450064,128,q_A,q_A,73984,1,1.0007152848128347,1,1.006159043338981,1.0,dynamics_h_0p01_stage_2,ok,09d81740c09e1434a4c78134a13a48b854f29cf5822e72d75983713cdb747963,deep_m0256_r1,production_final
3,deep,final_geometry_v15_20260930,4327fe4ece9317f6fd20fad18389a71e9b1f423b,32,-0.012111776523575379,0.034362392945666,True,-0.043102213310827205,2028.4860027277496,2020.1177798878311,4404.082882417492,2ac399a694d6b5748b586b11b769180516ed4e5afbe0a19c5625d293f9199a18,0,True,,512,102399,full_posterior,256,0.018428441117939724,-0.027606994917201293,128,q_W,q_W,73984,1,1.0011132909737925,1,0.9997808194789332,1.0,dynamics_h_0p01_stage_2,ok,09d81740c09e1434a4c78134a13a48b854f29cf5822e72d75983713cdb747963,deep_m0256_r1,production_final
3,deep,final_geometry_v15_20260930,4327fe4ece9317f6fd20fad18389a71e9b1f423b,32,1.0515180241248028,0.002515166361712211,True,1.0473156318560641,4264.053608195219,4270.999126145163,9348.676913768602,2ac399a694d6b5748b586b11b769180516ed4e5afbe0a19c5625d293f9199a18,0,True,,194,102399,full_posterior,256,0.0013017704326641897,1.0494168279904335,128,disp_A,disp_A,73984,1,1.001947553622741,1,0.09129212958776876,1.0,dynamics_h_0p01_stage_2,ok,09d81740c09e1434a4c78134a13a48b854f29cf5822e72d75983713cdb747963,deep_m0256_r1,production_final
3,deep,final_geometry_v15_20260930,4327fe4ece9317f6fd20fad18389a71e9b1f423b,32,0.9995360438376579,0.00042727858248406,True,1.0002840942774198,4316.756818006766,4307.922431573742,9536.643371733187,2ac399a694d6b5748b586b11b769180516ed4e5afbe0a19c5625d293f9199a18,0,True,,192,102399,full_posterior,256,0.00021855021833762638,0.9999100690575392,128,disp_W1,disp_W1,73984,1,1.001064421376347,1,0.015509946888368195,1.0,dynamics_h_0p01_stage_2,ok,09d81740c09e1434a4c78134a13a48b854f29cf5822e72d75983713cdb747963,deep_m0256_r1,production_final
3,deep,final_geometry_v15_20260930,4327fe4ece9317f6fd20fad18389a71e9b1f423b,32,0.9999642792509778,0.00015455299668236746,True,1.0001267834898862,4259.36969083507,4260.234056585784,9456.156604486918,2ac399a694d6b5748b586b11b769180516ed4e5afbe0a19c5625d293f9199a18,0,True,,234,102399,full_posterior,256,7.965765609384483e-05,1.0000455313704315,128,disp_W2,disp_W2,73984,1,1.0005166218889443,1,0.005581453981718811,1.0,dynamics_h_0p01_stage_2,ok,09d81740c09e1434a4c78134a13a48b854f29cf5822e72d75983713cdb747963,deep_m0256_r1,production_final
3,deep,final_geometry_v15_20260930,4327fe4ece9317f6fd20fad18389a71e9b1f423b,32,63.92282518111739,0.10235685714785484,True,63.682903789055935,6394.643011691269,6423.900023593463,13610.924074657038,7cfa7e8b29fae67e3294d80a4eb2cfaabb995e2ef545b027eae0c944d67f2d07,0,True,,110,51199,full_posterior,256,0.05043166572365102,63.80286448508667,128,V,V,73984,1,1.001193837152706,1,4.32680917044665,1.0,dynamics_h_0p02_stage_2,ok,09d81740c09e1434a4c78134a13a48b854f29cf5822e72d75983713cdb747963,deep_m0256_r1,validation_or_superseded
3,deep,final_geometry_v15_20260930,4327fe4ece9317f6fd20fad18389a71e9b1f423b,32,37062.58884453837,5.58926005866899,True,37064.04275185277,4084.336796652492,4075.919723782999,9299.174220971743,7cfa7e8b29fae67e3294d80a4eb2cfaabb995e2ef545b027eae0c944d67f2d07,0,True,,186,51199,full_posterior,256,2.8555591472112414,37063.315798195574,128,U,U,73984,1,1.0018598222743418,1,191.95131014105132,1.0,dynamics_h_0p02_stage_2,ok,09d81740c09e1434a4c78134a13a48b854f29cf5822e72d75983713cdb747963,deep_m0256_r1,validation_or_superseded
3,deep,final_geometry_v15_20260930,4327fe4ece9317f6fd20fad18389a71e9b1f423b,32,0.23279838609768763,0.010613199150771482,True,0.23248615623751426,6552.161549110752,6501.213934229232,14954.409590988153,7cfa7e8b29fae67e3294d80a4eb2cfaabb995e2ef545b027eae0c944d67f2d07,0,True,,258,51199,full_posterior,256,0.005479074464206814,0.23264227116760097,128,train_logit_0,train_logit_0,73984,1,1.0005203226353652,1,0.4635332489960829,1.0,dynamics_h_0p02_stage_2,ok,09d81740c09e1434a4c78134a13a48b854f29cf5822e72d75983713cdb747963,deep_m0256_r1,validation_or_superseded
3,deep,final_geometry_v15_20260930,4327fe4ece9317f6fd20fad18389a71e9b1f423b,32,0.5963193182761967,0.010120667751473265,True,0.59788177901696,7125.290628589357,7140.173985095814,16969.752642351497,7cfa7e8b29fae67e3294d80a4eb2cfaabb995e2ef545b027eae0c944d67f2d07,0,True,,88,51199,full_posterior,256,0.00518181440603697,0.5971005486465785,128,train_logit_16,train_logit_16,73984,1,1.0007767215289214,1,0.4520543693373764,1.0,dynamics_h_0p02_stage_2,ok,09d81740c09e1434a4c78134a13a48b854f29cf5822e72d75983713cdb747963,deep_m0256_r1,validation_or_superseded
3,deep,final_geometry_v15_20260930,4327fe4ece9317f6fd20fad18389a71e9b1f423b,32,-0.03324603651284412,0.010299842819827286,True,-0.03068355725913289,6880.844599275557,6878.664758725775,14856.345104138645,7cfa7e8b29fae67e3294d80a4eb2cfaabb995e2ef545b027eae0c944d67f2d07,0,True,,124,51199,full_posterior,256,0.005247234581339503,-0.031964796885988515,128,train_logit_32,train_logit_32,73984,1,1.0001294157466665,1,0.4534841769822587,1.0,dynamics_h_0p02_stage_2,ok,09d81740c09e1434a4c78134a13a48b854f29cf5822e72d75983713cdb747963,deep_m0256_r1,validation_or_superseded
3,deep,final_geometry_v15_20260930,4327fe4ece9317f6fd20fad18389a71e9b1f423b,32,-0.8515738519444612,0.010867117231651848,True,-0.864851848500427,6434.184862274687,6430.771045295304,14937.620593337304,7cfa7e8b29fae67e3294d80a4eb2cfaabb995e2ef545b027eae0c944d67f2d07,0,True,,230,51199,full_posterior,256,0.005554427658208656,-0.8582128502224442,128,train_logit_48,train_logit_48,73984,1,1.000413670074621,1,0.46553106731398314,1.0,dynamics_h_0p02_stage_2,ok,09d81740c09e1434a4c78134a13a48b854f29cf5822e72d75983713cdb747963,deep_m0256_r1,validation_or_superseded
3,deep,final_geometry_v15_20260930,4327fe4ece9317f6fd20fad18389a71e9b1f423b,32,0.6636195476694918,0.010569606205568259,True,0.6787886861495358,6643.231563991053,6633.082141793426,14522.967937582449,7cfa7e8b29fae67e3294d80a4eb2cfaabb995e2ef545b027eae0c944d67f2d07,0,True,,100,51199,full_posterior,256,0.005355375595900277,0.6712041169095135,128,train_logit_64,train_logit_64,73984,1,1.0006467850721463,1,0.46062998762370966,1.0,dynamics_h_0p02_stage_2,ok,09d81740c09e1434a4c78134a13a48b854f29cf5822e72d75983713cdb747963,deep_m0256_r1,validation_or_superseded
3,deep,final_geometry_v15_20260930,4327fe4ece9317f6fd20fad18389a71e9b1f423b,32,0.7250392861675743,0.010431234602129478,True,0.719884141778879,6649.64531022624,6645.942166388088,15922.131306969288,7cfa7e8b29fae67e3294d80a4eb2cfaabb995e2ef545b027eae0c944d67f2d07,0,True,,102,51199,full_posterior,256,0.00538050556961719,0.7224617139732267,128,train_logit_80,train_logit_80,73984,1,1.0002457201816322,1,0.4545603014386994,1.0,dynamics_h_0p02_stage_2,ok,09d81740c09e1434a4c78134a13a48b854f29cf5822e72d75983713cdb747963,deep_m0256_r1,validation_or_superseded
3,deep,final_geometry_v15_20260930,4327fe4ece9317f6fd20fad18389a71e9b1f423b,32,0.025626749458060063,0.010984597190682678,True,0.03412239454727989,6367.93868723177,6368.5279294511065,14975.119329673274,7cfa7e8b29fae67e3294d80a4eb2cfaabb995e2ef545b027eae0c944d67f2d07,0,True,,142,51199,full_posterior,256,0.005589074262003133,0.029874572002669974,128,train_logit_96,train_logit_96,73984,1,1.0005379169769324,1,0.46825112652376266,1.0,dynamics_h_0p02_stage_2,ok,09d81740c09e1434a4c78134a13a48b854f29cf5822e72d75983713cdb747963,deep_m0256_r1,validation_or_superseded
3,deep,final_geometry_v15_20260930,4327fe4ece9317f6fd20fad18389a71e9b1f423b,32,-0.362565076643282,0.010729642009672998,True,-0.3597192152317457,6624.554126410301,6610.250722741039,15629.03245599911,7cfa7e8b29fae67e3294d80a4eb2cfaabb995e2ef545b027eae0c944d67f2d07,0,True,,104,51199,full_posterior,256,0.0055408541789564725,-0.3611421459375139,128,train_logit_112,train_logit_112,73984,1,1.000243131723662,1,0.45846874649413105,1.0,dynamics_h_0p02_stage_2,ok,09d81740c09e1434a4c78134a13a48b854f29cf5822e72d75983713cdb747963,deep_m0256_r1,validation_or_superseded
3,deep,final_geometry_v15_20260930,4327fe4ece9317f6fd20fad18389a71e9b1f423b,32,0.5160756530031126,0.003538110967408032,True,0.5194054800236159,6308.433018779692,6346.332446083405,15404.271552357312,7cfa7e8b29fae67e3294d80a4eb2cfaabb995e2ef545b027eae0c944d67f2d07,0,True,,372,51199,full_posterior,256,0.0018021991027521891,0.5177405665133643,128,test_prob_0,test_prob_0,73984,1,1.0002268119125175,1,0.15273006388221638,1.0,dynamics_h_0p02_stage_2,ok,09d81740c09e1434a4c78134a13a48b854f29cf5822e72d75983713cdb747963,deep_m0256_r1,validation_or_superseded
3,deep,final_geometry_v15_20260930,4327fe4ece9317f6fd20fad18389a71e9b1f423b,32,0.3667144538511677,0.00348074154166564,True,0.36621900541152613,5836.487911439772,5962.854955745427,13242.189710017286,7cfa7e8b29fae67e3294d80a4eb2cfaabb995e2ef545b027eae0c944d67f2d07,0,True,,126,51199,full_posterior,256,0.0017703273929195289,0.36646672963134685,128,test_prob_128,test_prob_128,73984,1,1.0009231081452952,1,0.1443881743070808,1.0,dynamics_h_0p02_stage_2,ok,09d81740c09e1434a4c78134a13a48b854f29cf5822e72d75983713cdb747963,deep_m0256_r1,validation_or_superseded
3,deep,final_geometry_v15_20260930,4327fe4ece9317f6fd20fad18389a71e9b1f423b,32,0.4693731910161202,0.003703193167764867,True,0.4660010845139083,6210.5118886807095,6210.253025298842,14701.545886008922,7cfa7e8b29fae67e3294d80a4eb2cfaabb995e2ef545b027eae0c944d67f2d07,0,True,,128,51199,full_posterior,256,0.001868001938786074,0.4676871377650143,128,test_prob_256,test_prob_256,73984,1,1.0004751581261377,1,0.15407821783097758,1.0,dynamics_h_0p02_stage_2,ok,09d81740c09e1434a4c78134a13a48b854f29cf5822e72d75983713cdb747963,deep_m0256_r1,validation_or_superseded
3,deep,final_geometry_v15_20260930,4327fe4ece9317f6fd20fad18389a71e9b1f423b,32,0.7188920380301331,0.002829908120507297,True,0.7183355896744564,6960.668892927827,7002.355986665138,15192.451257571996,7cfa7e8b29fae67e3294d80a4eb2cfaabb995e2ef545b027eae0c944d67f2d07,0,True,,92,51199,full_posterior,256,0.0014293941484198847,0.7186138138522948,128,test_prob_384,test_prob_384,73984,1,1.0006256262717261,1,0.12383138271736789,1.0,dynamics_h_0p02_stage_2,ok,09d81740c09e1434a4c78134a13a48b854f29cf5822e72d75983713cdb747963,deep_m0256_r1,validation_or_superseded
3,deep,final_geometry_v15_20260930,4327fe4ece9317f6fd20fad18389a71e9b1f423b,32,0.4846888595509239,0.003791213166747185,True,0.4813292483185614,5953.642763703307,5920.746267138409,14650.332631476696,7cfa7e8b29fae67e3294d80a4eb2cfaabb995e2ef545b027eae0c944d67f2d07,0,True,,280,51199,full_posterior,256,0.0019301420111077282,0.4830090539347426,128,test_prob_512,test_prob_512,73984,1,1.000268600652283,1,0.15537303735149563,1.0,dynamics_h_0p02_stage_2,ok,09d81740c09e1434a4c78134a13a48b854f29cf5822e72d75983713cdb747963,deep_m0256_r1,validation_or_superseded
3,deep,final_geometry_v15_20260930,4327fe4ece9317f6fd20fad18389a71e9b1f423b,32,0.5313071689833879,0.0037422531061232613,True,0.5297962077400089,6029.6864340158545,6050.790833629336,14606.171031259259,7cfa7e8b29fae67e3294d80a4eb2cfaabb995e2ef545b027eae0c944d67f2d07,0,True,,134,51199,full_posterior,256,0.001904610186490944,0.5305516883616985,128,test_prob_640,test_prob_640,73984,1,1.0002579332103145,1,0.15524092484704355,1.0,dynamics_h_0p02_stage_2,ok,09d81740c09e1434a4c78134a13a48b854f29cf5822e72d75983713cdb747963,deep_m0256_r1,validation_or_superseded
3,deep,final_geometry_v15_20260930,4327fe4ece9317f6fd20fad18389a71e9b1f423b,32,0.514488959744922,0.00367102138380474,True,0.5164849251055758,6055.760071314859,6042.0854085185265,14946.39997772723,7cfa7e8b29fae67e3294d80a4eb2cfaabb995e2ef545b027eae0c944d67f2d07,0,True,,156,51199,full_posterior,256,0.001860010602615903,0.5154869424252491,128,test_prob_768,test_prob_768,73984,1,1.0005195286144828,1,0.1519890877008237,1.0,dynamics_h_0p02_stage_2,ok,09d81740c09e1434a4c78134a13a48b854f29cf5822e72d75983713cdb747963,deep_m0256_r1,validation_or_superseded
3,deep,final_geometry_v15_20260930,4327fe4ece9317f6fd20fad18389a71e9b1f423b,32,0.5067483716567067,0.0037038898185945217,True,0.507613672459378,6089.45180400925,6125.058880144207,14338.894581663119,7cfa7e8b29fae67e3294d80a4eb2cfaabb995e2ef545b027eae0c944d67f2d07,0,True,,176,51199,full_posterior,256,0.0018863218638598305,0.5071810220580425,128,test_prob_896,test_prob_896,73984,1,1.0010328523725796,1,0.15500785335275738,1.0,dynamics_h_0p02_stage_2,ok,09d81740c09e1434a4c78134a13a48b854f29cf5822e72d75983713cdb747963,deep_m0256_r1,validation_or_superseded
3,deep,final_geometry_v15_20260930,4327fe4ece9317f6fd20fad18389a71e9b1f423b,32,0.005436204832232605,0.019890515015699765,True,0.0023907374433883755,3753.810296875466,3552.9733361143353,5085.75242600828,7cfa7e8b29fae67e3294d80a4eb2cfaabb995e2ef545b027eae0c944d67f2d07,0,True,,192,51199,full_posterior,256,0.010364945093305681,0.0039134711378104895,128,interaction_0,interaction_0,73984,1,1.001073510231105,1,0.6583780090299507,1.0,dynamics_h_0p02_stage_2,ok,09d81740c09e1434a4c78134a13a48b854f29cf5822e72d75983713cdb747963,deep_m0256_r1,validation_or_superseded
3,deep,final_geometry_v15_20260930,4327fe4ece9317f6fd20fad18389a71e9b1f423b,32,-0.0016007458848361128,0.019268045731409437,True,-0.0017910058690520363,4065.9657299867677,3886.436867752951,5493.691014580576,7cfa7e8b29fae67e3294d80a4eb2cfaabb995e2ef545b027eae0c944d67f2d07,0,True,,106,51199,full_posterior,256,0.009848229610328694,-0.0016958758769440765,128,interaction_1,interaction_1,73984,1,1.0014435818168117,1,0.6541273468757453,1.0,dynamics_h_0p02_stage_2,ok,09d81740c09e1434a4c78134a13a48b854f29cf5822e72d75983713cdb747963,deep_m0256_r1,validation_or_superseded
3,deep,final_geometry_v15_20260930,4327fe4ece9317f6fd20fad18389a71e9b1f423b,32,0.010806821685379862,0.017596647399348374,True,-0.005975176887070244,4471.519416881787,4332.885451121373,6872.283349589026,7cfa7e8b29fae67e3294d80a4eb2cfaabb995e2ef545b027eae0c944d67f2d07,0,True,,92,51199,full_posterior,256,0.009174646084076874,0.002415822399154812,128,interaction_2,interaction_2,73984,1,1.0013736522519163,1,0.6303902797939949,1.0,dynamics_h_0p02_stage_2,ok,09d81740c09e1434a4c78134a13a48b854f29cf5822e72d75983713cdb747963,deep_m0256_r1,validation_or_superseded
3,deep,final_geometry_v15_20260930,4327fe4ece9317f6fd20fad18389a71e9b1f423b,32,0.017905370426583245,0.018447817820273115,True,0.027298370201790104,4285.682506724418,4038.6756223861084,6143.397997078889,7cfa7e8b29fae67e3294d80a4eb2cfaabb995e2ef545b027eae0c944d67f2d07,0,True,,114,51199,full_posterior,256,0.0094471874864168,0.02260187031418667,128,interaction_3,interaction_3,73984,1,1.0005364155620535,1,0.6453117679542069,1.0,dynamics_h_0p02_stage_2,ok,09d81740c09e1434a4c78134a13a48b854f29cf5822e72d75983713cdb747963,deep_m0256_r1,validation_or_superseded
3,deep,final_geometry_v15_20260930,4327fe4ece9317f6fd20fad18389a71e9b1f423b,32,0.05919607695463673,0.0384332688132686,True,0.09079965234889065,1918.1183662973215,1884.6549220950708,4141.533182037377,7cfa7e8b29fae67e3294d80a4eb2cfaabb995e2ef545b027eae0c944d67f2d07,0,True,,296,51199,full_posterior,256,0.02028411038981672,0.07499786465176367,128,q_A,q_A,73984,1,1.0021752819317518,1,1.0134409301102927,1.0,dynamics_h_0p02_stage_2,ok,09d81740c09e1434a4c78134a13a48b854f29cf5822e72d75983713cdb747963,deep_m0256_r1,validation_or_superseded
3,deep,final_geometry_v15_20260930,4327fe4ece9317f6fd20fad18389a71e9b1f423b,32,-0.03508956258935859,0.03753718911929597,True,-0.060878279207470694,1714.029597678384,1707.4911761941453,4054.112275328236,7cfa7e8b29fae67e3294d80a4eb2cfaabb995e2ef545b027eae0c944d67f2d07,0,True,,414,51199,full_posterior,256,0.019879472868401388,-0.04798392089841465,128,q_W,q_W,73984,1,1.0011332784149025,1,0.9971800710214037,1.0,dynamics_h_0p02_stage_2,ok,09d81740c09e1434a4c78134a13a48b854f29cf5822e72d75983713cdb747963,deep_m0256_r1,validation_or_superseded
3,deep,final_geometry_v15_20260930,4327fe4ece9317f6fd20fad18389a71e9b1f423b,32,1.0484434326878878,0.0026020873173007624,True,1.051417977665905,3695.7029856057043,3733.2726614753024,9459.981928666326,7cfa7e8b29fae67e3294d80a4eb2cfaabb995e2ef545b027eae0c944d67f2d07,0,True,,332,51199,full_posterior,256,0.0013508204973852484,1.0499307051768962,128,disp_A,disp_A,73984,1,1.001216455579481,1,0.09027185688968957,1.0,dynamics_h_0p02_stage_2,ok,09d81740c09e1434a4c78134a13a48b854f29cf5822e72d75983713cdb747963,deep_m0256_r1,validation_or_superseded
3,deep,final_geometry_v15_20260930,4327fe4ece9317f6fd20fad18389a71e9b1f423b,32,1.000683060334684,0.00044983267434666775,True,1.0001500418602263,4049.410059813423,4046.2855984413145,7601.244692148067,7cfa7e8b29fae67e3294d80a4eb2cfaabb995e2ef545b027eae0c944d67f2d07,0,True,,138,51199,full_posterior,256,0.00022972124604077036,1.0004165510974552,128,disp_W1,disp_W1,73984,1,1.000544051056784,1,0.015559399193264923,1.0,dynamics_h_0p02_stage_2,ok,09d81740c09e1434a4c78134a13a48b854f29cf5822e72d75983713cdb747963,deep_m0256_r1,validation_or_superseded
3,deep,final_geometry_v15_20260930,4327fe4ece9317f6fd20fad18389a71e9b1f423b,32,0.9999288160657452,0.00015833862184494506,True,1.0000355156086116,4155.625140695224,4141.890347495595,8947.258304814079,7cfa7e8b29fae67e3294d80a4eb2cfaabb995e2ef545b027eae0c944d67f2d07,0,True,,150,51199,full_posterior,256,8.029456058561608e-05,0.9999821658371786,128,disp_W2,disp_W2,73984,1,1.001755349601041,1,0.005494203309251481,1.0,dynamics_h_0p02_stage_2,ok,09d81740c09e1434a4c78134a13a48b854f29cf5822e72d75983713cdb747963,deep_m0256_r1,validation_or_superseded
3,deep,final_geometry_v15_20260930,4327fe4ece9317f6fd20fad18389a71e9b1f423b,32,69.8899044958054,0.08234429945820286,True,69.8778247704067,7046.902145668023,7066.37450954069,16790.746833695506,b87bdc458bdf9e0e4eb86743074196f2bbad2539d9cd47dea556960456af0524,0,True,,416,204799,full_posterior,256,0.04251869180145787,69.88386463310606,128,V,V,73984,2,1.0002414711050243,1,3.863108383947462,1.0,dynamics_h_0p005_stage_2,ok,7d2b17335b5ae481f00e8793369fbe114f3ea563c80b91b01102266c3ab73d1e,deep_m0256_r2,validation_or_superseded
3,deep,final_geometry_v15_20260930,4327fe4ece9317f6fd20fad18389a71e9b1f423b,32,37071.42679257073,4.976883845633486,True,37072.38378231449,4114.762442511452,4117.0086420719645,9196.106600225985,b87bdc458bdf9e0e4eb86743074196f2bbad2539d9cd47dea556960456af0524,0,True,,606,204799,full_posterior,256,2.625543731489859,37071.90528744262,128,U,U,73984,2,1.0011809555648274,1,192.55557158957598,1.0,dynamics_h_0p005_stage_2,ok,7d2b17335b5ae481f00e8793369fbe114f3ea563c80b91b01102266c3ab73d1e,deep_m0256_r2,validation_or_superseded
3,deep,final_geometry_v15_20260930,4327fe4ece9317f6fd20fad18389a71e9b1f423b,32,-0.31597886269426495,0.010072658687030367,True,-0.3029113707799975,6467.482413479212,6473.764811520266,15931.520058419332,b87bdc458bdf9e0e4eb86743074196f2bbad2539d9cd47dea556960456af0524,0,True,,542,204799,full_posterior,256,0.005186914987659089,-0.3094451167371312,128,train_logit_0,train_logit_0,73984,2,1.0004918291690452,1,0.4612433072920085,1.0,dynamics_h_0p005_stage_2,ok,7d2b17335b5ae481f00e8793369fbe114f3ea563c80b91b01102266c3ab73d1e,deep_m0256_r2,validation_or_superseded
3,deep,final_geometry_v15_20260930,4327fe4ece9317f6fd20fad18389a71e9b1f423b,32,0.21655508771305962,0.00959310806480097,True,0.22159335193402857,6616.820364110479,6614.3460870402205,15458.454620205133,b87bdc458bdf9e0e4eb86743074196f2bbad2539d9cd47dea556960456af0524,0,True,,570,204799,full_posterior,256,0.005024582682685881,0.21907421982354397,128,train_logit_16,train_logit_16,73984,2,1.0011107695979706,1,0.45352247678292884,1.0,dynamics_h_0p005_stage_2,ok,7d2b17335b5ae481f00e8793369fbe114f3ea563c80b91b01102266c3ab73d1e,deep_m0256_r2,validation_or_superseded
3,deep,final_geometry_v15_20260930,4327fe4ece9317f6fd20fad18389a71e9b1f423b,32,-0.4157029106953293,0.00950782849663304,True,-0.4129002059624745,6833.3814202337435,6823.161840362014,15487.611926581918,b87bdc458bdf9e0e4eb86743074196f2bbad2539d9cd47dea556960456af0524,0,True,,482,204799,full_posterior,256,0.004920435296958686,-0.41430155832890186,128,train_logit_32,train_logit_32,73984,2,1.0007323754769353,1,0.44554246055582747,1.0,dynamics_h_0p005_stage_2,ok,7d2b17335b5ae481f00e8793369fbe114f3ea563c80b91b01102266c3ab73d1e,deep_m0256_r2,validation_or_superseded
3,deep,final_geometry_v15_20260930,4327fe4ece9317f6fd20fad18389a71e9b1f423b,32,-0.7370355192071578,0.01019281904321813,True,-0.7345958285059786,6615.113386418838,6602.518273633025,13715.39569107895,b87bdc458bdf9e0e4eb86743074196f2bbad2539d9cd47dea556960456af0524,0,True,,436,204799,full_posterior,256,0.005354079216778665,-0.7358156738565684,128,train_logit_48,train_logit_48,73984,2,1.0003913966007199,1,0.4689609693848298,1.0,dynamics_h_0p005_stage_2,ok,7d2b17335b5ae481f00e8793369fbe114f3ea563c80b91b01102266c3ab73d1e,deep_m0256_r2,validation_or_superseded
3,deep,final_geometry_v15_20260930,4327fe4ece9317f6fd20fad18389a71e9b1f423b,32,0.3212476622730348,0.009913748972630967,True,0.33876850166001843,6839.757179868276,6843.402643580726,15566.500178204475,b87bdc458bdf9e0e4eb86743074196f2bbad2539d9cd47dea556960456af0524,0,True,,322,204799,full_posterior,256,0.005098261749062929,0.33000808196652653,128,train_logit_64,train_logit_64,73984,2,1.0005472899696797,1,0.4581199887540282,1.0,dynamics_h_0p005_stage_2,ok,7d2b17335b5ae481f00e8793369fbe114f3ea563c80b91b01102266c3ab73d1e,deep_m0256_r2,validation_or_superseded
3,deep,final_geometry_v15_20260930,4327fe4ece9317f6fd20fad18389a71e9b1f423b,32,-0.45654637610484394,0.009325791990761894,True,-0.4524637748862238,7068.395508262542,7039.236225022129,16632.263399761578,b87bdc458bdf9e0e4eb86743074196f2bbad2539d9cd47dea556960456af0524,0,True,,470,204799,full_posterior,256,0.004837250190384499,-0.45450507549553376,128,train_logit_80,train_logit_80,73984,2,1.0002009069488909,1,0.4446835741153297,1.0,dynamics_h_0p005_stage_2,ok,7d2b17335b5ae481f00e8793369fbe114f3ea563c80b91b01102266c3ab73d1e,deep_m0256_r2,validation_or_superseded
3,deep,final_geometry_v15_20260930,4327fe4ece9317f6fd20fad18389a71e9b1f423b,32,-0.6485063436614347,0.009556948741986922,True,-0.6569256707581128,6268.26495907569,6272.912809784658,15252.306824756328,b87bdc458bdf9e0e4eb86743074196f2bbad2539d9cd47dea556960456af0524,0,True,,916,204799,full_posterior,256,0.005018492324016938,-0.6527160072097736,128,train_logit_96,train_logit_96,73984,2,1.0008424305580645,1,0.4496720834538046,1.0,dynamics_h_0p005_stage_2,ok,7d2b17335b5ae481f00e8793369fbe114f3ea563c80b91b01102266c3ab73d1e,deep_m0256_r2,validation_or_superseded
3,deep,final_geometry_v15_20260930,4327fe4ece9317f6fd20fad18389a71e9b1f423b,32,0.5680090349956805,0.00873127546538742,True,0.5557267017150359,7605.165474226876,7590.890437652828,17302.193908105728,b87bdc458bdf9e0e4eb86743074196f2bbad2539d9cd47dea556960456af0524,0,True,,422,204799,full_posterior,256,0.004605660761398363,0.5618678683553581,128,train_logit_112,train_logit_112,73984,2,1.000229789185052,1,0.43034029638570326,1.0,dynamics_h_0p005_stage_2,ok,7d2b17335b5ae481f00e8793369fbe114f3ea563c80b91b01102266c3ab73d1e,deep_m0256_r2,validation_or_superseded
3,deep,final_geometry_v15_20260930,4327fe4ece9317f6fd20fad18389a71e9b1f423b,32,0.44825618315667953,0.00316216941214015,True,0.44973687853093525,7052.984513523104,7078.998235852941,17263.36256481883,b87bdc458bdf9e0e4eb86743074196f2bbad2539d9cd47dea556960456af0524,0,True,,492,204799,full_posterior,256,0.001622373291820147,0.4489965308438071,128,test_prob_0,test_prob_0,73984,2,1.0011222619922073,1,0.14751856992389817,1.0,dynamics_h_0p005_stage_2,ok,7d2b17335b5ae481f00e8793369fbe114f3ea563c80b91b01102266c3ab73d1e,deep_m0256_r2,validation_or_superseded
3,deep,final_geometry_v15_20260930,4327fe4ece9317f6fd20fad18389a71e9b1f423b,32,0.45716859987464,0.0031485104374418516,True,0.4571414692489642,6758.289403706627,6762.87950994928,15954.629686440645,b87bdc458bdf9e0e4eb86743074196f2bbad2539d9cd47dea556960456af0524,0,True,,602,204799,full_posterior,256,0.0016152577420615,0.4571550345618022,128,test_prob_128,test_prob_128,73984,2,1.0012320797800778,1,0.14805317341727953,1.0,dynamics_h_0p005_stage_2,ok,7d2b17335b5ae481f00e8793369fbe114f3ea563c80b91b01102266c3ab73d1e,deep_m0256_r2,validation_or_superseded
3,deep,final_geometry_v15_20260930,4327fe4ece9317f6fd20fad18389a71e9b1f423b,32,0.680935307564847,0.0029608781398919675,True,0.6767654883142042,6469.925837275504,6557.451895108762,14609.10543498338,b87bdc458bdf9e0e4eb86743074196f2bbad2539d9cd47dea556960456af0524,0,True,,444,204799,full_posterior,256,0.001563504945263835,0.6788503979395256,128,test_prob_256,test_prob_256,73984,2,1.0011491139143336,1,0.1359476360082759,1.0,dynamics_h_0p005_stage_2,ok,7d2b17335b5ae481f00e8793369fbe114f3ea563c80b91b01102266c3ab73d1e,deep_m0256_r2,validation_or_superseded
3,deep,final_geometry_v15_20260930,4327fe4ece9317f6fd20fad18389a71e9b1f423b,32,0.7746645668045911,0.002323369185636653,True,0.7767723904769981,6310.105329442793,6508.212619925597,14110.334865291776,b87bdc458bdf9e0e4eb86743074196f2bbad2539d9cd47dea556960456af0524,0,True,,752,204799,full_posterior,256,0.0012249720796899796,0.7757184786407947,128,test_prob_384,test_prob_384,73984,2,1.0004937482771934,1,0.10884944766411701,1.0,dynamics_h_0p005_stage_2,ok,7d2b17335b5ae481f00e8793369fbe114f3ea563c80b91b01102266c3ab73d1e,deep_m0256_r2,validation_or_superseded
3,deep,final_geometry_v15_20260930,4327fe4ece9317f6fd20fad18389a71e9b1f423b,32,0.41803668563864577,0.003213753557193575,True,0.4191661725686805,6846.125434307518,6874.735712928507,14690.142005314308,b87bdc458bdf9e0e4eb86743074196f2bbad2539d9cd47dea556960456af0524,0,True,,318,204799,full_posterior,256,0.001651084672327855,0.41860142910366305,128,test_prob_512,test_prob_512,73984,2,1.000350841028979,1,0.1473321663701794,1.0,dynamics_h_0p005_stage_2,ok,7d2b17335b5ae481f00e8793369fbe114f3ea563c80b91b01102266c3ab73d1e,deep_m0256_r2,validation_or_superseded
3,deep,final_geometry_v15_20260930,4327fe4ece9317f6fd20fad18389a71e9b1f423b,32,0.66991162447816,0.0030292133530391892,True,0.6713439761719114,6375.117333249308,6441.120594199553,14914.13480168894,b87bdc458bdf9e0e4eb86743074196f2bbad2539d9cd47dea556960456af0524,0,True,,402,204799,full_posterior,256,0.0016020387361341656,0.6706278003250357,128,test_prob_640,test_prob_640,73984,2,1.0002955746741389,1,0.13802937630795223,1.0,dynamics_h_0p005_stage_2,ok,7d2b17335b5ae481f00e8793369fbe114f3ea563c80b91b01102266c3ab73d1e,deep_m0256_r2,validation_or_superseded
3,deep,final_geometry_v15_20260930,4327fe4ece9317f6fd20fad18389a71e9b1f423b,32,0.673643726686806,0.0030199923892116464,True,0.6714590039563759,5829.445285058417,5868.54714859141,14715.29730997424,b87bdc458bdf9e0e4eb86743074196f2bbad2539d9cd47dea556960456af0524,0,True,,1102,204799,full_posterior,256,0.0015921880258473395,0.6725513653215907,128,test_prob_768,test_prob_768,73984,2,1.0004078777796868,1,0.13604824182594563,1.0,dynamics_h_0p005_stage_2,ok,7d2b17335b5ae481f00e8793369fbe114f3ea563c80b91b01102266c3ab73d1e,deep_m0256_r2,validation_or_superseded
3,deep,final_geometry_v15_20260930,4327fe4ece9317f6fd20fad18389a71e9b1f423b,32,0.43221240739666866,0.0033598290734472187,True,0.43039474023280183,6151.484487499877,6162.6911292490695,13991.475253118198,b87bdc458bdf9e0e4eb86743074196f2bbad2539d9cd47dea556960456af0524,0,True,,494,204799,full_posterior,256,0.001760926229081456,0.4313035738147352,128,test_prob_896,test_prob_896,73984,2,1.0002915976000581,1,0.1515488876993782,1.0,dynamics_h_0p005_stage_2,ok,7d2b17335b5ae481f00e8793369fbe114f3ea563c80b91b01102266c3ab73d1e,deep_m0256_r2,validation_or_superseded
3,deep,final_geometry_v15_20260930,4327fe4ece9317f6fd20fad18389a71e9b1f423b,32,0.00840750917568533,0.016605868687254728,True,-0.001971289297046557,4352.865594750309,4146.1123316925805,5925.72594800989,b87bdc458bdf9e0e4eb86743074196f2bbad2539d9cd47dea556960456af0524,0,True,,396,204799,full_posterior,256,0.008751940254717934,0.0032181099393193803,128,interaction_0,interaction_0,73984,2,1.0012853694094535,1,0.6317090301306149,1.0,dynamics_h_0p005_stage_2,ok,7d2b17335b5ae481f00e8793369fbe114f3ea563c80b91b01102266c3ab73d1e,deep_m0256_r2,validation_or_superseded
3,deep,final_geometry_v15_20260930,4327fe4ece9317f6fd20fad18389a71e9b1f423b,32,-0.021664585168568083,0.016649514615985104,True,-0.005371912860546762,4120.241016942144,3781.7383716846057,6390.919432308022,b87bdc458bdf9e0e4eb86743074196f2bbad2539d9cd47dea556960456af0524,0,True,,1968,204799,full_posterior,256,0.008819235562920694,-0.013518249014557423,128,interaction_1,interaction_1,73984,2,1.0014217423954204,1,0.6373027389948906,1.0,dynamics_h_0p005_stage_2,ok,7d2b17335b5ae481f00e8793369fbe114f3ea563c80b91b01102266c3ab73d1e,deep_m0256_r2,validation_or_superseded
3,deep,final_geometry_v15_20260930,4327fe4ece9317f6fd20fad18389a71e9b1f423b,32,-0.010248776251017177,0.01685454605477785,True,0.00528108265195125,4093.0562015564537,3892.7518462845123,6450.938117248675,b87bdc458bdf9e0e4eb86743074196f2bbad2539d9cd47dea556960456af0524,0,True,,796,204799,full_posterior,256,0.008868667300137384,-0.002483846799532966,128,interaction_2,interaction_2,73984,2,1.0006658920406828,1,0.642640945412171,1.0,dynamics_h_0p005_stage_2,ok,7d2b17335b5ae481f00e8793369fbe114f3ea563c80b91b01102266c3ab73d1e,deep_m0256_r2,validation_or_superseded
3,deep,final_geometry_v15_20260930,4327fe4ece9317f6fd20fad18389a71e9b1f423b,32,-0.022593788238181173,0.016292167102710288,True,0.020740005298731153,4175.362025157751,4018.2356289208496,6933.099801418908,b87bdc458bdf9e0e4eb86743074196f2bbad2539d9cd47dea556960456af0524,0,True,,1030,204799,full_posterior,256,0.008608163291336539,-0.000926891469725005,128,interaction_3,interaction_3,73984,2,1.0012058022410368,1,0.6365853922648015,1.0,dynamics_h_0p005_stage_2,ok,7d2b17335b5ae481f00e8793369fbe114f3ea563c80b91b01102266c3ab73d1e,deep_m0256_r2,validation_or_superseded
3,deep,final_geometry_v15_20260930,4327fe4ece9317f6fd20fad18389a71e9b1f423b,32,0.06782562678424939,0.032798293092387236,True,0.07839505074590301,1870.9829557420278,1865.1761437074397,3925.6629954073223,b87bdc458bdf9e0e4eb86743074196f2bbad2539d9cd47dea556960456af0524,0,True,,852,204799,full_posterior,256,0.018194890002802885,0.07311033876507618,128,q_A,q_A,73984,2,1.0007851668559842,1,1.0332971924817533,1.0,dynamics_h_0p005_stage_2,ok,7d2b17335b5ae481f00e8793369fbe114f3ea563c80b91b01102266c3ab73d1e,deep_m0256_r2,validation_or_superseded
3,deep,final_geometry_v15_20260930,4327fe4ece9317f6fd20fad18389a71e9b1f423b,32,0.014689751609133337,0.031196123058454563,True,0.03588486420572632,2059.7687373860986,2055.181083086036,4623.7072420462555,b87bdc458bdf9e0e4eb86743074196f2bbad2539d9cd47dea556960456af0524,0,True,,872,204799,full_posterior,256,0.017109383704923688,0.025287307907429835,128,q_W,q_W,73984,2,1.0014730386129818,1,0.9964462717471163,1.0,dynamics_h_0p005_stage_2,ok,7d2b17335b5ae481f00e8793369fbe114f3ea563c80b91b01102266c3ab73d1e,deep_m0256_r2,validation_or_superseded
3,deep,final_geometry_v15_20260930,4327fe4ece9317f6fd20fad18389a71e9b1f423b,32,1.0313846925031902,0.002339395154366701,True,1.0329010846960625,4008.058597560534,4004.596197146987,9141.726386910828,b87bdc458bdf9e0e4eb86743074196f2bbad2539d9cd47dea556960456af0524,0,True,,544,204799,full_posterior,256,0.0012374436505947853,1.032142888599626,128,disp_A,disp_A,73984,2,1.0006210834884088,1,0.08940735453376256,1.0,dynamics_h_0p005_stage_2,ok,7d2b17335b5ae481f00e8793369fbe114f3ea563c80b91b01102266c3ab73d1e,deep_m0256_r2,validation_or_superseded
3,deep,final_geometry_v15_20260930,4327fe4ece9317f6fd20fad18389a71e9b1f423b,32,0.9998507134805614,0.00041075904849651216,True,0.9996857470884299,3898.6831187924768,3893.291085328087,8586.30245587901,b87bdc458bdf9e0e4eb86743074196f2bbad2539d9cd47dea556960456af0524,0,True,,860,204799,full_posterior,256,0.00021907419461156873,0.9997682302844959,128,disp_W1,disp_W1,73984,2,1.0004901985539953,1,0.015621988264379631,1.0,dynamics_h_0p005_stage_2,ok,7d2b17335b5ae481f00e8793369fbe114f3ea563c80b91b01102266c3ab73d1e,deep_m0256_r2,validation_or_superseded
3,deep,final_geometry_v15_20260930,4327fe4ece9317f6fd20fad18389a71e9b1f423b,32,1.0001871070867352,0.00014294431399507784,True,1.0002313781319816,4169.724406589324,4172.019554271881,9168.687535341938,b87bdc458bdf9e0e4eb86743074196f2bbad2539d9cd47dea556960456af0524,0,True,,614,204799,full_posterior,256,7.534700516628207e-05,1.0002092426093583,128,disp_W2,disp_W2,73984,2,1.001221826262177,1,0.0055360853295284675,1.0,dynamics_h_0p005_stage_2,ok,7d2b17335b5ae481f00e8793369fbe114f3ea563c80b91b01102266c3ab73d1e,deep_m0256_r2,validation_or_superseded
3,deep,final_geometry_v15_20260930,4327fe4ece9317f6fd20fad18389a71e9b1f423b,32,70.02896634952444,0.0881615305744168,True,69.98085302191112,6118.75873650294,6117.644973241061,15338.776842540525,ed1b7949d7a988b14a9a74a11e88a5c3eb180f3047f2fef3c2d63cbbf8fe455a,0,True,,272,102399,full_posterior,256,0.04604009677015048,70.00490968571773,128,V,V,73984,2,1.0002914922761288,1,3.8797615072913887,1.0,dynamics_h_0p01_stage_2,ok,7d2b17335b5ae481f00e8793369fbe114f3ea563c80b91b01102266c3ab73d1e,deep_m0256_r2,production_final
3,deep,final_geometry_v15_20260930,4327fe4ece9317f6fd20fad18389a71e9b1f423b,32,37069.83677892938,5.343023353367276,True,37064.85503240473,4232.159214786483,4230.1054564155465,8955.378267491858,ed1b7949d7a988b14a9a74a11e88a5c3eb180f3047f2fef3c2d63cbbf8fe455a,0,True,,190,102399,full_posterior,256,2.754593764017607,37067.34590566706,128,U,U,73984,2,1.0004179988073145,1,192.60361333924843,1.0,dynamics_h_0p01_stage_2,ok,7d2b17335b5ae481f00e8793369fbe114f3ea563c80b91b01102266c3ab73d1e,deep_m0256_r2,production_final
3,deep,final_geometry_v15_20260930,4327fe4ece9317f6fd20fad18389a71e9b1f423b,32,-0.301318452748894,0.010867490080612914,True,-0.30211905460343574,6199.687378498097,6192.165621271579,13110.591626645708,ed1b7949d7a988b14a9a74a11e88a5c3eb180f3047f2fef3c2d63cbbf8fe455a,0,True,,224,102399,full_posterior,256,0.0055812400005338285,-0.3017187536761648,128,train_logit_0,train_logit_0,73984,2,1.0008777647683875,1,0.4671332238769127,1.0,dynamics_h_0p01_stage_2,ok,7d2b17335b5ae481f00e8793369fbe114f3ea563c80b91b01102266c3ab73d1e,deep_m0256_r2,production_final
3,deep,final_geometry_v15_20260930,4327fe4ece9317f6fd20fad18389a71e9b1f423b,32,0.2133989104457176,0.010276586417129188,True,0.22091121932201274,6458.135567648996,6441.558923166999,15185.588050165888,ed1b7949d7a988b14a9a74a11e88a5c3eb180f3047f2fef3c2d63cbbf8fe455a,0,True,,348,102399,full_posterior,256,0.0052135531480005165,0.21715506488386524,128,train_logit_16,train_logit_16,73984,2,1.0015618394673778,1,0.4519830070774943,1.0,dynamics_h_0p01_stage_2,ok,7d2b17335b5ae481f00e8793369fbe114f3ea563c80b91b01102266c3ab73d1e,deep_m0256_r2,production_final
3,deep,final_geometry_v15_20260930,4327fe4ece9317f6fd20fad18389a71e9b1f423b,32,-0.41872617958706493,0.009446641468127166,True,-0.41205271965029694,6978.351769772452,6956.362270253428,17888.483171047985,ed1b7949d7a988b14a9a74a11e88a5c3eb180f3047f2fef3c2d63cbbf8fe455a,0,True,,376,102399,full_posterior,256,0.0048451656395773835,-0.4153894496186809,128,train_logit_32,train_logit_32,73984,2,1.0002278187090903,1,0.44350985997545644,1.0,dynamics_h_0p01_stage_2,ok,7d2b17335b5ae481f00e8793369fbe114f3ea563c80b91b01102266c3ab73d1e,deep_m0256_r2,production_final
3,deep,final_geometry_v15_20260930,4327fe4ece9317f6fd20fad18389a71e9b1f423b,32,-0.730918981969924,0.010420714033367102,True,-0.7487001205211637,7113.27174187671,7092.726877167762,15264.40510593441,ed1b7949d7a988b14a9a74a11e88a5c3eb180f3047f2fef3c2d63cbbf8fe455a,0,True,,152,102399,full_posterior,256,0.005330432790023512,-0.739809551245544,128,train_logit_48,train_logit_48,73984,2,1.0008598279448995,1,0.46931285736022726,1.0,dynamics_h_0p01_stage_2,ok,7d2b17335b5ae481f00e8793369fbe114f3ea563c80b91b01102266c3ab73d1e,deep_m0256_r2,production_final
3,deep,final_geometry_v15_20260930,4327fe4ece9317f6fd20fad18389a71e9b1f423b,32,0.3532622172153877,0.010136695395703783,True,0.34108602909635943,6996.192760264353,6994.040203511585,16046.754521613911,ed1b7949d7a988b14a9a74a11e88a5c3eb180f3047f2fef3c2d63cbbf8fe455a,0,True,,216,102399,full_posterior,256,0.005104642183432942,0.3471741231558736,128,train_logit_64,train_logit_64,73984,2,1.0004230449670772,1,0.45608870155116576,1.0,dynamics_h_0p01_stage_2,ok,7d2b17335b5ae481f00e8793369fbe114f3ea563c80b91b01102266c3ab73d1e,deep_m0256_r2,production_final
3,deep,final_geometry_v15_20260930,4327fe4ece9317f6fd20fad18389a71e9b1f423b,32,-0.43834201150235025,0.009413838787663118,True,-0.44859644485405886,7426.106891947982,7378.924669856059,16896.42418288986,ed1b7949d7a988b14a9a74a11e88a5c3eb180f3047f2fef3c2d63cbbf8fe455a,0,True,,460,102399,full_posterior,256,0.004872847658456109,-0.4434692281782045,128,train_logit_80,train_logit_80,73984,2,1.0003525308744303,1,0.44211140158022844,1.0,dynamics_h_0p01_stage_2,ok,7d2b17335b5ae481f00e8793369fbe114f3ea563c80b91b01102266c3ab73d1e,deep_m0256_r2,production_final
3,deep,final_geometry_v15_20260930,4327fe4ece9317f6fd20fad18389a71e9b1f423b,32,-0.636360337441749,0.009633500237730443,True,-0.6511010262608755,6741.399762755146,6723.614707646595,17136.072669562072,ed1b7949d7a988b14a9a74a11e88a5c3eb180f3047f2fef3c2d63cbbf8fe455a,0,True,,610,102399,full_posterior,256,0.004907906532703403,-0.643730681851312,128,train_logit_96,train_logit_96,73984,2,1.0002838587546101,1,0.44263708867456814,1.0,dynamics_h_0p01_stage_2,ok,7d2b17335b5ae481f00e8793369fbe114f3ea563c80b91b01102266c3ab73d1e,deep_m0256_r2,production_final
3,deep,final_geometry_v15_20260930,4327fe4ece9317f6fd20fad18389a71e9b1f423b,32,0.5466450665563913,0.008905917588115165,True,0.562937346942728,7929.615575968293,7936.102410475276,18386.532495137544,ed1b7949d7a988b14a9a74a11e88a5c3eb180f3047f2fef3c2d63cbbf8fe455a,0,True,,290,102399,full_posterior,256,0.004545061956541533,0.5547912067495596,128,train_logit_112,train_logit_112,73984,2,1.0006237056416682,1,0.4290097303139104,1.0,dynamics_h_0p01_stage_2,ok,7d2b17335b5ae481f00e8793369fbe114f3ea563c80b91b01102266c3ab73d1e,deep_m0256_r2,production_final
3,deep,final_geometry_v15_20260930,4327fe4ece9317f6fd20fad18389a71e9b1f423b,32,0.44893415934887104,0.0031794191879505338,True,0.4502952253410012,7131.34856029961,7117.425309084314,16758.09506910756,ed1b7949d7a988b14a9a74a11e88a5c3eb180f3047f2fef3c2d63cbbf8fe455a,0,True,,258,102399,full_posterior,256,0.001613385284188056,0.449614692344936,128,test_prob_0,test_prob_0,73984,2,1.0003697649355423,1,0.14625114567036956,1.0,dynamics_h_0p01_stage_2,ok,7d2b17335b5ae481f00e8793369fbe114f3ea563c80b91b01102266c3ab73d1e,deep_m0256_r2,production_final
3,deep,final_geometry_v15_20260930,4327fe4ece9317f6fd20fad18389a71e9b1f423b,32,0.45258834629872374,0.003298769615180974,True,0.45541110445525185,6819.930821121146,6832.124492281528,14679.350404669369,ed1b7949d7a988b14a9a74a11e88a5c3eb180f3047f2fef3c2d63cbbf8fe455a,0,True,,206,102399,full_posterior,256,0.0016807892990136932,0.4539997253769876,128,test_prob_128,test_prob_128,73984,2,1.001416640085634,1,0.14885817043850536,1.0,dynamics_h_0p01_stage_2,ok,7d2b17335b5ae481f00e8793369fbe114f3ea563c80b91b01102266c3ab73d1e,deep_m0256_r2,production_final
3,deep,final_geometry_v15_20260930,4327fe4ece9317f6fd20fad18389a71e9b1f423b,32,0.6745003669328057,0.0030124503759037234,True,0.6783404929829043,6269.8233389744055,6392.823543205871,14484.9231710595,ed1b7949d7a988b14a9a74a11e88a5c3eb180f3047f2fef3c2d63cbbf8fe455a,0,True,,310,102399,full_posterior,256,0.0015511873045312033,0.6764204299578549,128,test_prob_256,test_prob_256,73984,2,1.0007389619194536,1,0.13436270047975235,1.0,dynamics_h_0p01_stage_2,ok,7d2b17335b5ae481f00e8793369fbe114f3ea563c80b91b01102266c3ab73d1e,deep_m0256_r2,production_final
3,deep,final_geometry_v15_20260930,4327fe4ece9317f6fd20fad18389a71e9b1f423b,32,0.7729677917637032,0.0024245648105932064,True,0.7738865637733192,6446.48800096954,6600.292429392259,15413.696209634907,ed1b7949d7a988b14a9a74a11e88a5c3eb180f3047f2fef3c2d63cbbf8fe455a,0,True,,322,102399,full_posterior,256,0.0012651741460996213,0.7734271777685112,128,test_prob_384,test_prob_384,73984,2,1.000185465285504,1,0.10931808632985932,1.0,dynamics_h_0p01_stage_2,ok,7d2b17335b5ae481f00e8793369fbe114f3ea563c80b91b01102266c3ab73d1e,deep_m0256_r2,production_final
3,deep,final_geometry_v15_20260930,4327fe4ece9317f6fd20fad18389a71e9b1f423b,32,0.42279107243994524,0.003352240451564923,True,0.4176793208919694,6620.382993713012,6634.951572880506,15094.021400782845,ed1b7949d7a988b14a9a74a11e88a5c3eb180f3047f2fef3c2d63cbbf8fe455a,0,True,,216,102399,full_posterior,256,0.0016848601793139535,0.4202351966659574,128,test_prob_512,test_prob_512,73984,2,1.0015616353692371,1,0.14747975994681997,1.0,dynamics_h_0p01_stage_2,ok,7d2b17335b5ae481f00e8793369fbe114f3ea563c80b91b01102266c3ab73d1e,deep_m0256_r2,production_final
3,deep,final_geometry_v15_20260930,4327fe4ece9317f6fd20fad18389a71e9b1f423b,32,0.6702222866170112,0.003210895919206658,True,0.6719857173428859,6004.243105784315,6145.39678354807,12889.237752094852,ed1b7949d7a988b14a9a74a11e88a5c3eb180f3047f2fef3c2d63cbbf8fe455a,0,True,,340,102399,full_posterior,256,0.0016508245302814936,0.6711040019799488,128,test_prob_640,test_prob_640,73984,2,1.0005793958097067,1,0.13731903612799734,1.0,dynamics_h_0p01_stage_2,ok,7d2b17335b5ae481f00e8793369fbe114f3ea563c80b91b01102266c3ab73d1e,deep_m0256_r2,production_final
3,deep,final_geometry_v15_20260930,4327fe4ece9317f6fd20fad18389a71e9b1f423b,32,0.6696968544604842,0.0031339934512135616,True,0.6675509799231015,6215.798602449738,6261.497923772711,15131.813625423263,ed1b7949d7a988b14a9a74a11e88a5c3eb180f3047f2fef3c2d63cbbf8fe455a,0,True,,264,102399,full_posterior,256,0.0015997921601263857,0.6686239171917927,128,test_prob_768,test_prob_768,73984,2,1.0003349395462642,1,0.13729072573043102,1.0,dynamics_h_0p01_stage_2,ok,7d2b17335b5ae481f00e8793369fbe114f3ea563c80b91b01102266c3ab73d1e,deep_m0256_r2,production_final
3,deep,final_geometry_v15_20260930,4327fe4ece9317f6fd20fad18389a71e9b1f423b,32,0.4338775450247458,0.003474023950462138,True,0.4309555214729803,6379.838046677551,6389.919041800616,14682.61774635244,ed1b7949d7a988b14a9a74a11e88a5c3eb180f3047f2fef3c2d63cbbf8fe455a,0,True,,268,102399,full_posterior,256,0.0017658877241397304,0.432416533248863,128,test_prob_896,test_prob_896,73984,2,1.0004250400902541,1,0.15047609939130982,1.0,dynamics_h_0p01_stage_2,ok,7d2b17335b5ae481f00e8793369fbe114f3ea563c80b91b01102266c3ab73d1e,deep_m0256_r2,production_final
3,deep,final_geometry_v15_20260930,4327fe4ece9317f6fd20fad18389a71e9b1f423b,32,-0.014030221010078026,0.017678267083255757,True,-0.00500167149490228,3967.3009563297724,3837.730555566882,6558.1319391146635,ed1b7949d7a988b14a9a74a11e88a5c3eb180f3047f2fef3c2d63cbbf8fe455a,0,True,,442,102399,full_posterior,256,0.009282824845433132,-0.009515946252490151,128,interaction_0,interaction_0,73984,2,1.0014418331941404,1,0.6365369774889945,1.0,dynamics_h_0p01_stage_2,ok,7d2b17335b5ae481f00e8793369fbe114f3ea563c80b91b01102266c3ab73d1e,deep_m0256_r2,production_final
3,deep,final_geometry_v15_20260930,4327fe4ece9317f6fd20fad18389a71e9b1f423b,32,-0.03242348828771163,0.017869196654132228,True,-0.00451358755257208,3909.6777334056787,3802.055000991334,6051.752396045016,ed1b7949d7a988b14a9a74a11e88a5c3eb180f3047f2fef3c2d63cbbf8fe455a,0,True,,636,102399,full_posterior,256,0.009399613430830863,-0.01846853792014185,128,interaction_1,interaction_1,73984,2,1.001175330197481,1,0.6422233435806108,1.0,dynamics_h_0p01_stage_2,ok,7d2b17335b5ae481f00e8793369fbe114f3ea563c80b91b01102266c3ab73d1e,deep_m0256_r2,production_final
3,deep,final_geometry_v15_20260930,4327fe4ece9317f6fd20fad18389a71e9b1f423b,32,-0.004524001699886949,0.017903019517517813,True,-0.03202716060822646,4141.863111739763,3952.9923791682563,6404.0632021124475,ed1b7949d7a988b14a9a74a11e88a5c3eb180f3047f2fef3c2d63cbbf8fe455a,0,True,,862,102399,full_posterior,256,0.009275364490956424,-0.0182755811540567,128,interaction_2,interaction_2,73984,2,1.0020582154481033,1,0.6425613044616934,1.0,dynamics_h_0p01_stage_2,ok,7d2b17335b5ae481f00e8793369fbe114f3ea563c80b91b01102266c3ab73d1e,deep_m0256_r2,production_final
3,deep,final_geometry_v15_20260930,4327fe4ece9317f6fd20fad18389a71e9b1f423b,32,-0.0022898137602153433,0.01802977291080116,True,-0.01839356893977142,4172.926669544823,4000.38634799111,6106.626708397868,ed1b7949d7a988b14a9a74a11e88a5c3eb180f3047f2fef3c2d63cbbf8fe455a,0,True,,302,102399,full_posterior,256,0.009419892252217834,-0.010341691349993383,128,interaction_3,interaction_3,73984,2,1.0009722033941877,1,0.6473341983081976,1.0,dynamics_h_0p01_stage_2,ok,7d2b17335b5ae481f00e8793369fbe114f3ea563c80b91b01102266c3ab73d1e,deep_m0256_r2,production_final
3,deep,final_geometry_v15_20260930,4327fe4ece9317f6fd20fad18389a71e9b1f423b,32,0.05929915472488718,0.03618214736469171,True,0.03287633530901396,1830.3255359943407,1830.1388505005002,4207.92877082092,ed1b7949d7a988b14a9a74a11e88a5c3eb180f3047f2fef3c2d63cbbf8fe455a,0,True,,502,102399,full_posterior,256,0.01950268387205693,0.046087745016950565,128,q_A,q_A,73984,2,1.001922572309808,1,1.0283406332228426,1.0,dynamics_h_0p01_stage_2,ok,7d2b17335b5ae481f00e8793369fbe114f3ea563c80b91b01102266c3ab73d1e,deep_m0256_r2,production_final
3,deep,final_geometry_v15_20260930,4327fe4ece9317f6fd20fad18389a71e9b1f423b,32,-0.006889765048462651,0.03478279254308668,True,0.03110669609931455,2008.9354726622382,1985.5707037470988,4376.5560693003135,ed1b7949d7a988b14a9a74a11e88a5c3eb180f3047f2fef3c2d63cbbf8fe455a,0,True,,842,102399,full_posterior,256,0.018572931499843376,0.012108465525425952,128,q_W,q_W,73984,2,1.0033249094525478,1,1.0071374112009879,1.0,dynamics_h_0p01_stage_2,ok,7d2b17335b5ae481f00e8793369fbe114f3ea563c80b91b01102266c3ab73d1e,deep_m0256_r2,production_final
3,deep,final_geometry_v15_20260930,4327fe4ece9317f6fd20fad18389a71e9b1f423b,32,1.027656925312631,0.0025229784900787254,True,1.030454244034265,3909.6990721662282,3906.4534964882346,8510.337390340545,ed1b7949d7a988b14a9a74a11e88a5c3eb180f3047f2fef3c2d63cbbf8fe455a,0,True,,274,102399,full_posterior,256,0.0012959783844774429,1.0290555846734484,128,disp_A,disp_A,73984,2,1.0010376883627092,1,0.09002588071012947,1.0,dynamics_h_0p01_stage_2,ok,7d2b17335b5ae481f00e8793369fbe114f3ea563c80b91b01102266c3ab73d1e,deep_m0256_r2,production_final
3,deep,final_geometry_v15_20260930,4327fe4ece9317f6fd20fad18389a71e9b1f423b,32,0.999708143073194,0.0004402450570030393,True,0.999448094630459,3993.3474325396287,3973.5072936888037,8077.922681468898,ed1b7949d7a988b14a9a74a11e88a5c3eb180f3047f2fef3c2d63cbbf8fe455a,0,True,,380,102399,full_posterior,256,0.00022559753128387943,0.9995781188518265,128,disp_W1,disp_W1,73984,2,1.0007259162489164,1,0.015794918356984856,1.0,dynamics_h_0p01_stage_2,ok,7d2b17335b5ae481f00e8793369fbe114f3ea563c80b91b01102266c3ab73d1e,deep_m0256_r2,production_final
3,deep,final_geometry_v15_20260930,4327fe4ece9317f6fd20fad18389a71e9b1f423b,32,1.0001667227817395,0.00014921981722437841,True,1.0000377392742943,4367.355609270437,4363.712163790011,9348.116795469783,ed1b7949d7a988b14a9a74a11e88a5c3eb180f3047f2fef3c2d63cbbf8fe455a,0,True,,186,102399,full_posterior,256,7.756328800266827e-05,1.0001022310280168,128,disp_W2,disp_W2,73984,2,1.0005328949849823,1,0.005462665919759636,1.0,dynamics_h_0p01_stage_2,ok,7d2b17335b5ae481f00e8793369fbe114f3ea563c80b91b01102266c3ab73d1e,deep_m0256_r2,production_final
3,deep,final_geometry_v15_20260930,4327fe4ece9317f6fd20fad18389a71e9b1f423b,32,69.96046613054975,0.09261329741610261,True,70.00017172152398,6023.3369518943155,6014.633552258945,14987.45968896742,cce78997c2ca8debccbf09cd5e2f8495c3377fea1da90e3ccb43eb29b49f43c7,0,True,,396,51199,full_posterior,256,0.04808927912071347,69.98031892603686,128,V,V,73984,2,1.0009133091431557,1,3.9261626560633336,1.0,dynamics_h_0p02_stage_2,ok,7d2b17335b5ae481f00e8793369fbe114f3ea563c80b91b01102266c3ab73d1e,deep_m0256_r2,validation_or_superseded
3,deep,final_geometry_v15_20260930,4327fe4ece9317f6fd20fad18389a71e9b1f423b,32,37068.47090117629,5.537200126379136,True,37072.454704549054,3981.4936450770847,3978.9661068640094,8610.14927677342,cce78997c2ca8debccbf09cd5e2f8495c3377fea1da90e3ccb43eb29b49f43c7,0,True,,268,51199,full_posterior,256,2.8521268604215573,37070.46280286266,128,U,U,73984,2,1.0020744752907722,1,190.7377411641937,1.0,dynamics_h_0p02_stage_2,ok,7d2b17335b5ae481f00e8793369fbe114f3ea563c80b91b01102266c3ab73d1e,deep_m0256_r2,validation_or_superseded
3,deep,final_geometry_v15_20260930,4327fe4ece9317f6fd20fad18389a71e9b1f423b,32,-0.2973770863333119,0.010821011506997578,True,-0.291968804502913,6339.153001175406,6339.485728853326,14977.04502322425,cce78997c2ca8debccbf09cd5e2f8495c3377fea1da90e3ccb43eb29b49f43c7,0,True,,132,51199,full_posterior,256,0.005561228539854654,-0.2946729454181125,128,train_logit_0,train_logit_0,73984,2,1.0003707264755026,1,0.4642432130714132,1.0,dynamics_h_0p02_stage_2,ok,7d2b17335b5ae481f00e8793369fbe114f3ea563c80b91b01102266c3ab73d1e,deep_m0256_r2,validation_or_superseded
3,deep,final_geometry_v15_20260930,4327fe4ece9317f6fd20fad18389a71e9b1f423b,32,0.22309857538916056,0.010098159866705984,True,0.21771840200354134,6958.314791389482,6936.648684425676,16166.321064469526,cce78997c2ca8debccbf09cd5e2f8495c3377fea1da90e3ccb43eb29b49f43c7,0,True,,128,51199,full_posterior,256,0.005147543470527093,0.22040848869635096,128,train_logit_16,train_logit_16,73984,2,1.0001907621678614,1,0.45120875294287005,1.0,dynamics_h_0p02_stage_2,ok,7d2b17335b5ae481f00e8793369fbe114f3ea563c80b91b01102266c3ab73d1e,deep_m0256_r2,validation_or_superseded
3,deep,final_geometry_v15_20260930,4327fe4ece9317f6fd20fad18389a71e9b1f423b,32,-0.4161016887223714,0.009887863079718815,True,-0.4229622557892697,7217.462738068023,7185.118660952042,15597.95746408853,cce78997c2ca8debccbf09cd5e2f8495c3377fea1da90e3ccb43eb29b49f43c7,0,True,,122,51199,full_posterior,256,0.005016360348758051,-0.4195319722558206,128,train_logit_32,train_logit_32,73984,2,1.000869201255162,1,0.4429066975183767,1.0,dynamics_h_0p02_stage_2,ok,7d2b17335b5ae481f00e8793369fbe114f3ea563c80b91b01102266c3ab73d1e,deep_m0256_r2,validation_or_superseded
3,deep,final_geometry_v15_20260930,4327fe4ece9317f6fd20fad18389a71e9b1f423b,32,-0.733272819422918,0.010934417701212985,True,-0.7397207180202712,6161.926026471129,6155.648762821277,14628.261515559092,cce78997c2ca8debccbf09cd5e2f8495c3377fea1da90e3ccb43eb29b49f43c7,0,True,,180,51199,full_posterior,256,0.005570047336831339,-0.7364967687215944,128,train_logit_48,train_logit_48,73984,2,1.0002156210067872,1,0.4630790761361431,1.0,dynamics_h_0p02_stage_2,ok,7d2b17335b5ae481f00e8793369fbe114f3ea563c80b91b01102266c3ab73d1e,deep_m0256_r2,validation_or_superseded
3,deep,final_geometry_v15_20260930,4327fe4ece9317f6fd20fad18389a71e9b1f423b,32,0.35179332742307073,0.010415057746029233,True,0.33725710708116885,6740.218279618705,6733.937117312205,14373.280337699332,cce78997c2ca8debccbf09cd5e2f8495c3377fea1da90e3ccb43eb29b49f43c7,0,True,,106,51199,full_posterior,256,0.005425044601128204,0.3445252172521199,128,train_logit_64,train_logit_64,73984,2,1.0004217589187152,1,0.4593553903799075,1.0,dynamics_h_0p02_stage_2,ok,7d2b17335b5ae481f00e8793369fbe114f3ea563c80b91b01102266c3ab73d1e,deep_m0256_r2,validation_or_superseded
3,deep,final_geometry_v15_20260930,4327fe4ece9317f6fd20fad18389a71e9b1f423b,32,-0.4474411657947718,0.010022885325752608,True,-0.4433241939886629,6728.153353805465,6721.597738479643,16265.478445378358,cce78997c2ca8debccbf09cd5e2f8495c3377fea1da90e3ccb43eb29b49f43c7,0,True,,140,51199,full_posterior,256,0.005266938565127233,-0.44538267989171737,128,train_logit_80,train_logit_80,73984,2,1.0005003244818134,1,0.4463374738194556,1.0,dynamics_h_0p02_stage_2,ok,7d2b17335b5ae481f00e8793369fbe114f3ea563c80b91b01102266c3ab73d1e,deep_m0256_r2,validation_or_superseded
3,deep,final_geometry_v15_20260930,4327fe4ece9317f6fd20fad18389a71e9b1f423b,32,-0.6552697459496845,0.010327005403062903,True,-0.6457135234477461,6048.7765567365095,6036.672467984832,15330.365610196252,cce78997c2ca8debccbf09cd5e2f8495c3377fea1da90e3ccb43eb29b49f43c7,0,True,,172,51199,full_posterior,256,0.005323816415333821,-0.6504916346987153,128,train_logit_96,train_logit_96,73984,2,1.0007019950382179,1,0.44599889780730384,1.0,dynamics_h_0p02_stage_2,ok,7d2b17335b5ae481f00e8793369fbe114f3ea563c80b91b01102266c3ab73d1e,deep_m0256_r2,validation_or_superseded
3,deep,final_geometry_v15_20260930,4327fe4ece9317f6fd20fad18389a71e9b1f423b,32,0.5611713876262321,0.009320866235004732,True,0.5641902499053923,7755.400716589095,7760.638448216188,16801.468430116063,cce78997c2ca8debccbf09cd5e2f8495c3377fea1da90e3ccb43eb29b49f43c7,0,True,,152,51199,full_posterior,256,0.004802705418242963,0.5626808187658121,128,train_logit_112,train_logit_112,73984,2,1.0006221157899142,1,0.4324872385908695,1.0,dynamics_h_0p02_stage_2,ok,7d2b17335b5ae481f00e8793369fbe114f3ea563c80b91b01102266c3ab73d1e,deep_m0256_r2,validation_or_superseded
3,deep,final_geometry_v15_20260930,4327fe4ece9317f6fd20fad18389a71e9b1f423b,32,0.45018584150730634,0.003320457461693335,True,0.45055159524235633,6950.049085209152,6951.544499771663,15916.014211130798,cce78997c2ca8debccbf09cd5e2f8495c3377fea1da90e3ccb43eb29b49f43c7,0,True,,100,51199,full_posterior,256,0.0017068464855977026,0.45036871837483133,128,test_prob_0,test_prob_0,73984,2,1.0005342314663217,1,0.1463221959686645,1.0,dynamics_h_0p02_stage_2,ok,7d2b17335b5ae481f00e8793369fbe114f3ea563c80b91b01102266c3ab73d1e,deep_m0256_r2,validation_or_superseded
3,deep,final_geometry_v15_20260930,4327fe4ece9317f6fd20fad18389a71e9b1f423b,32,0.45477173027613205,0.0034838627297592937,True,0.45616979826204257,5975.459028169828,6005.495986658259,14116.57768117314,cce78997c2ca8debccbf09cd5e2f8495c3377fea1da90e3ccb43eb29b49f43c7,0,True,,306,51199,full_posterior,256,0.0018010820254879074,0.4554707642690872,128,test_prob_128,test_prob_128,73984,2,1.0004346656619207,1,0.14883594515336476,1.0,dynamics_h_0p02_stage_2,ok,7d2b17335b5ae481f00e8793369fbe114f3ea563c80b91b01102266c3ab73d1e,deep_m0256_r2,validation_or_superseded
3,deep,final_geometry_v15_20260930,4327fe4ece9317f6fd20fad18389a71e9b1f423b,32,0.6719061366407593,0.0031793749437390344,True,0.6755986236513718,6446.8604639096375,6537.73111365723,14166.190932308178,cce78997c2ca8debccbf09cd5e2f8495c3377fea1da90e3ccb43eb29b49f43c7,0,True,,92,51199,full_posterior,256,0.0015991562958477452,0.6737523801460655,128,test_prob_256,test_prob_256,73984,2,1.0002223105674362,1,0.1355195692308731,1.0,dynamics_h_0p02_stage_2,ok,7d2b17335b5ae481f00e8793369fbe114f3ea563c80b91b01102266c3ab73d1e,deep_m0256_r2,validation_or_superseded
3,deep,final_geometry_v15_20260930,4327fe4ece9317f6fd20fad18389a71e9b1f423b,32,0.7714705512450578,0.0024952683179718456,True,0.7715482434013015,6372.032920333426,6446.040945403415,15069.485773552506,cce78997c2ca8debccbf09cd5e2f8495c3377fea1da90e3ccb43eb29b49f43c7,0,True,,220,51199,full_posterior,256,0.001287225177136521,0.7715093973231798,128,test_prob_384,test_prob_384,73984,2,1.0003188063498643,1,0.10981614472616022,1.0,dynamics_h_0p02_stage_2,ok,7d2b17335b5ae481f00e8793369fbe114f3ea563c80b91b01102266c3ab73d1e,deep_m0256_r2,validation_or_superseded
3,deep,final_geometry_v15_20260930,4327fe4ece9317f6fd20fad18389a71e9b1f423b,32,0.42237287594273715,0.0034487382332324427,True,0.41706211982405955,6718.513506137814,6717.328540275229,15176.18490383779,cce78997c2ca8debccbf09cd5e2f8495c3377fea1da90e3ccb43eb29b49f43c7,0,True,,78,51199,full_posterior,256,0.0017286413293239261,0.4197174978833984,128,test_prob_512,test_prob_512,73984,2,1.0009342490210937,1,0.14741622664830437,1.0,dynamics_h_0p02_stage_2,ok,7d2b17335b5ae481f00e8793369fbe114f3ea563c80b91b01102266c3ab73d1e,deep_m0256_r2,validation_or_superseded
3,deep,final_geometry_v15_20260930,4327fe4ece9317f6fd20fad18389a71e9b1f423b,32,0.6677493072256964,0.0032303949260759058,True,0.6727400314142141,5933.192553024853,6095.7932090965805,14367.061427027307,cce78997c2ca8debccbf09cd5e2f8495c3377fea1da90e3ccb43eb29b49f43c7,0,True,,178,51199,full_posterior,256,0.0016734014979901716,0.6702446693199552,128,test_prob_640,test_prob_640,73984,2,1.000802700744494,1,0.13733160584744,1.0,dynamics_h_0p02_stage_2,ok,7d2b17335b5ae481f00e8793369fbe114f3ea563c80b91b01102266c3ab73d1e,deep_m0256_r2,validation_or_superseded
3,deep,final_geometry_v15_20260930,4327fe4ece9317f6fd20fad18389a71e9b1f423b,32,0.6692460457064251,0.003131421213245756,True,0.6676104718817277,6520.7286366743365,6589.865423572466,15701.940706654457,cce78997c2ca8debccbf09cd5e2f8495c3377fea1da90e3ccb43eb29b49f43c7,0,True,,94,51199,full_posterior,256,0.0016173418650944037,0.6684282587940764,128,test_prob_768,test_prob_768,73984,2,1.0002303986270145,1,0.13676846780901988,1.0,dynamics_h_0p02_stage_2,ok,7d2b17335b5ae481f00e8793369fbe114f3ea563c80b91b01102266c3ab73d1e,deep_m0256_r2,validation_or_superseded
3,deep,final_geometry_v15_20260930,4327fe4ece9317f6fd20fad18389a71e9b1f423b,32,0.42789492653081934,0.0034236852886949352,True,0.4307302845165282,6658.079542037209,6645.433763211826,14017.61560867988,cce78997c2ca8debccbf09cd5e2f8495c3377fea1da90e3ccb43eb29b49f43c7,0,True,,136,51199,full_posterior,256,0.0017299110842300281,0.42931260552367384,128,test_prob_896,test_prob_896,73984,2,1.0004515485663428,1,0.1491899597613496,1.0,dynamics_h_0p02_stage_2,ok,7d2b17335b5ae481f00e8793369fbe114f3ea563c80b91b01102266c3ab73d1e,deep_m0256_r2,validation_or_superseded
3,deep,final_geometry_v15_20260930,4327fe4ece9317f6fd20fad18389a71e9b1f423b,32,0.005118643977871572,0.018066166106769078,True,-0.018911699027400773,4378.068249290026,4271.9124909516095,6821.098120062475,cce78997c2ca8debccbf09cd5e2f8495c3377fea1da90e3ccb43eb29b49f43c7,0,True,,132,51199,full_posterior,256,0.008894529919482929,-0.006896527524764601,128,interaction_0,interaction_0,73984,2,1.0006386598266497,1,0.6293463852573997,1.0,dynamics_h_0p02_stage_2,ok,7d2b17335b5ae481f00e8793369fbe114f3ea563c80b91b01102266c3ab73d1e,deep_m0256_r2,validation_or_superseded
3,deep,final_geometry_v15_20260930,4327fe4ece9317f6fd20fad18389a71e9b1f423b,32,-0.001796969050837558,0.018414554589584166,True,-0.019187936321146012,4095.3777721950187,4010.2928930482,6732.283344846012,cce78997c2ca8debccbf09cd5e2f8495c3377fea1da90e3ccb43eb29b49f43c7,0,True,,214,51199,full_posterior,256,0.0095373375115551,-0.010492452685991789,128,interaction_1,interaction_1,73984,2,1.0006898136591247,1,0.6342488486427542,1.0,dynamics_h_0p02_stage_2,ok,7d2b17335b5ae481f00e8793369fbe114f3ea563c80b91b01102266c3ab73d1e,deep_m0256_r2,validation_or_superseded
3,deep,final_geometry_v15_20260930,4327fe4ece9317f6fd20fad18389a71e9b1f423b,32,0.009592690247031141,0.01772607534652375,True,-0.03212429948937011,4089.0171700155215,3967.908146939796,6239.739955989918,cce78997c2ca8debccbf09cd5e2f8495c3377fea1da90e3ccb43eb29b49f43c7,0,True,,150,51199,full_posterior,256,0.00935264031726387,-0.011265804621169486,128,interaction_2,interaction_2,73984,2,1.0020808278036748,1,0.6276184113440443,1.0,dynamics_h_0p02_stage_2,ok,7d2b17335b5ae481f00e8793369fbe114f3ea563c80b91b01102266c3ab73d1e,deep_m0256_r2,validation_or_superseded
3,deep,final_geometry_v15_20260930,4327fe4ece9317f6fd20fad18389a71e9b1f423b,32,0.008798808309523905,0.017723827013842522,True,-0.0002737210860605652,4584.3265592464095,4445.688678860897,6545.900887983706,cce78997c2ca8debccbf09cd5e2f8495c3377fea1da90e3ccb43eb29b49f43c7,0,True,,104,51199,full_posterior,256,0.008995584338473268,0.004262543611731668,128,interaction_3,interaction_3,73984,2,1.0009461444361256,1,0.6321121344644801,1.0,dynamics_h_0p02_stage_2,ok,7d2b17335b5ae481f00e8793369fbe114f3ea563c80b91b01102266c3ab73d1e,deep_m0256_r2,validation_or_superseded
3,deep,final_geometry_v15_20260930,4327fe4ece9317f6fd20fad18389a71e9b1f423b,32,0.01884624021943532,0.03966479613609362,True,0.01065704389088042,1686.8473416588563,1680.9284753401832,3675.9890434111794,cce78997c2ca8debccbf09cd5e2f8495c3377fea1da90e3ccb43eb29b49f43c7,0,True,,616,51199,full_posterior,256,0.021229736506115558,0.014751642055157865,128,q_A,q_A,73984,2,1.0022777862551913,1,1.0413447382103809,1.0,dynamics_h_0p02_stage_2,ok,7d2b17335b5ae481f00e8793369fbe114f3ea563c80b91b01102266c3ab73d1e,deep_m0256_r2,validation_or_superseded
3,deep,final_geometry_v15_20260930,4327fe4ece9317f6fd20fad18389a71e9b1f423b,32,0.020300855018004965,0.037184444660222325,True,0.0486618939718752,1982.3774925784196,1985.3981113775876,4415.775124204975,cce78997c2ca8debccbf09cd5e2f8495c3377fea1da90e3ccb43eb29b49f43c7,0,True,,240,51199,full_posterior,256,0.019924364345057326,0.034481374494940084,128,q_W,q_W,73984,2,1.0006382372261835,1,0.9955995309625436,1.0,dynamics_h_0p02_stage_2,ok,7d2b17335b5ae481f00e8793369fbe114f3ea563c80b91b01102266c3ab73d1e,deep_m0256_r2,validation_or_superseded
3,deep,final_geometry_v15_20260930,4327fe4ece9317f6fd20fad18389a71e9b1f423b,32,1.0296537064905615,0.0026504219286274736,True,1.0317187050729404,4084.614882893967,4091.5011460976366,8818.538138707865,cce78997c2ca8debccbf09cd5e2f8495c3377fea1da90e3ccb43eb29b49f43c7,0,True,,120,51199,full_posterior,256,0.0013510558526635943,1.0306862057817512,128,disp_A,disp_A,73984,2,1.0006340933656566,1,0.09122605714539812,1.0,dynamics_h_0p02_stage_2,ok,7d2b17335b5ae481f00e8793369fbe114f3ea563c80b91b01102266c3ab73d1e,deep_m0256_r2,validation_or_superseded
3,deep,final_geometry_v15_20260930,4327fe4ece9317f6fd20fad18389a71e9b1f423b,32,1.0000732058477773,0.00044771336872873605,True,1.0008453822167316,4047.124345338093,4006.863315867538,9530.54483183915,cce78997c2ca8debccbf09cd5e2f8495c3377fea1da90e3ccb43eb29b49f43c7,0,True,,318,51199,full_posterior,256,0.00023323276897831415,1.000459294032254,128,disp_W1,disp_W1,73984,2,1.0017908759721121,1,0.015545105750937257,1.0,dynamics_h_0p02_stage_2,ok,7d2b17335b5ae481f00e8793369fbe114f3ea563c80b91b01102266c3ab73d1e,deep_m0256_r2,validation_or_superseded
3,deep,final_geometry_v15_20260930,4327fe4ece9317f6fd20fad18389a71e9b1f423b,32,1.0000736971881847,0.00015884960208667083,True,1.0000894730535421,3940.756216603813,3936.870016294075,8021.69503742058,cce78997c2ca8debccbf09cd5e2f8495c3377fea1da90e3ccb43eb29b49f43c7,0,True,,254,51199,full_posterior,256,8.107278334619885e-05,1.0000815851208635,128,disp_W2,disp_W2,73984,2,1.0018076064522305,1,0.005478783628498937,1.0,dynamics_h_0p02_stage_2,ok,7d2b17335b5ae481f00e8793369fbe114f3ea563c80b91b01102266c3ab73d1e,deep_m0256_r2,validation_or_superseded
