L,architecture,campaign_id,code_revision,d,drift_first,drift_mcse,drift_pass,drift_second,ess_bulk,ess_mean,ess_tail,execution_hash,first_draw,gate_pass,gate_reason,lag_window,last_draw,law,m,mcse,mean,n,name,observable,p,replicate,rhat,saved_stride,sd,sigma,stage,status,target_hash,target_id
2,shallow,final_geometry_v15_20260930,4327fe4ece9317f6fd20fad18389a71e9b1f423b,32,70.43299066703443,0.13577142979425985,True,70.37262147867324,2193.3768706711685,2213.519084223921,5003.741891155898,d260d94c699220080c79ef88b60fc8c3cddc0b0c0682a72fa91f05c5c29ad521,0,True,,382,65535,full_posterior,64,0.07286492676051375,70.40280607285385,128,V,V,2112,0,1.0027455195776247,1,3.988164720036221,1.0,reference_production_4,ok,71538f5fc37b1391ecadd17c52b8587909347d90439f7dcd7fdebf72a743c41f,shallow_m0064_r0
2,shallow,final_geometry_v15_20260930,4327fe4ece9317f6fd20fad18389a71e9b1f423b,32,1129.7556809942803,0.8160325214489144,True,1129.68476928493,5309.115895311778,5306.240884893956,10931.912108867733,d260d94c699220080c79ef88b60fc8c3cddc0b0c0682a72fa91f05c5c29ad521,0,True,,166,65535,full_posterior,64,0.42748948003572007,1129.7202251396056,128,U,U,2112,0,1.000686888152479,1,32.46869750761595,1.0,reference_production_4,ok,71538f5fc37b1391ecadd17c52b8587909347d90439f7dcd7fdebf72a743c41f,shallow_m0064_r0
2,shallow,final_geometry_v15_20260930,4327fe4ece9317f6fd20fad18389a71e9b1f423b,32,1.2320692781039657,0.013982913898133371,True,1.2346642975764566,4591.444433034948,4609.268365038025,10199.978153776623,d260d94c699220080c79ef88b60fc8c3cddc0b0c0682a72fa91f05c5c29ad521,0,True,,298,65535,full_posterior,64,0.007295572374062922,1.233366787840211,128,train_logit_0,train_logit_0,2112,0,1.000230826324609,1,0.546878978344152,1.0,reference_production_4,ok,71538f5fc37b1391ecadd17c52b8587909347d90439f7dcd7fdebf72a743c41f,shallow_m0064_r0
2,shallow,final_geometry_v15_20260930,4327fe4ece9317f6fd20fad18389a71e9b1f423b,32,-0.02002640690293206,0.012779329857736471,True,-0.004802050402900733,5766.683582260845,5752.258244945715,13727.489473884541,d260d94c699220080c79ef88b60fc8c3cddc0b0c0682a72fa91f05c5c29ad521,0,True,,196,65535,full_posterior,64,0.006463971157297343,-0.0124142286529164,128,train_logit_16,train_logit_16,2112,0,1.0009613177340082,1,0.5354050048624199,1.0,reference_production_4,ok,71538f5fc37b1391ecadd17c52b8587909347d90439f7dcd7fdebf72a743c41f,shallow_m0064_r0
2,shallow,final_geometry_v15_20260930,4327fe4ece9317f6fd20fad18389a71e9b1f423b,32,0.558627952769659,0.013853370536164401,True,0.5641761357855626,5455.605930583593,5446.449072445532,11614.751357659326,d260d94c699220080c79ef88b60fc8c3cddc0b0c0682a72fa91f05c5c29ad521,0,True,,482,65535,full_posterior,64,0.007174780103050852,0.5614020442776108,128,train_logit_32,train_logit_32,2112,0,1.0017249891945599,1,0.5619668449916876,1.0,reference_production_4,ok,71538f5fc37b1391ecadd17c52b8587909347d90439f7dcd7fdebf72a743c41f,shallow_m0064_r0
2,shallow,final_geometry_v15_20260930,4327fe4ece9317f6fd20fad18389a71e9b1f423b,32,0.5332026331345463,0.013945385831775244,True,0.5292580955383126,4599.301327286261,4596.441950921771,10537.656818923906,d260d94c699220080c79ef88b60fc8c3cddc0b0c0682a72fa91f05c5c29ad521,0,True,,432,65535,full_posterior,64,0.007424275973739029,0.5312303643364293,128,train_logit_48,train_logit_48,2112,0,1.0004819323146483,1,0.5595155909665551,1.0,reference_production_4,ok,71538f5fc37b1391ecadd17c52b8587909347d90439f7dcd7fdebf72a743c41f,shallow_m0064_r0
2,shallow,final_geometry_v15_20260930,4327fe4ece9317f6fd20fad18389a71e9b1f423b,32,0.8236616899094843,0.01355611060620177,True,0.8381590192159447,5327.10699881561,5335.815869592707,11235.618824921114,d260d94c699220080c79ef88b60fc8c3cddc0b0c0682a72fa91f05c5c29ad521,0,True,,358,65535,full_posterior,64,0.007073621175325979,0.8309103545627147,128,train_logit_64,train_logit_64,2112,0,1.0005207394780533,1,0.5492570831754126,1.0,reference_production_4,ok,71538f5fc37b1391ecadd17c52b8587909347d90439f7dcd7fdebf72a743c41f,shallow_m0064_r0
2,shallow,final_geometry_v15_20260930,4327fe4ece9317f6fd20fad18389a71e9b1f423b,32,-1.0512365640299597,0.01454009439908768,True,-1.0287828219624937,4491.074861784693,4497.974750128997,11220.942251439277,d260d94c699220080c79ef88b60fc8c3cddc0b0c0682a72fa91f05c5c29ad521,0,True,,294,65535,full_posterior,64,0.007563192315181377,-1.0400096929962266,128,train_logit_80,train_logit_80,2112,0,1.0008755897153963,1,0.5652103604216626,1.0,reference_production_4,ok,71538f5fc37b1391ecadd17c52b8587909347d90439f7dcd7fdebf72a743c41f,shallow_m0064_r0
2,shallow,final_geometry_v15_20260930,4327fe4ece9317f6fd20fad18389a71e9b1f423b,32,0.7551268886158369,0.013690571437127758,True,0.7605284251413561,5481.075892423354,5485.418527347751,11517.836099802948,d260d94c699220080c79ef88b60fc8c3cddc0b0c0682a72fa91f05c5c29ad521,0,True,,160,65535,full_posterior,64,0.00710249576853082,0.7578276568785963,128,train_logit_96,train_logit_96,2112,0,1.0006177654456236,1,0.5558843973665107,1.0,reference_production_4,ok,71538f5fc37b1391ecadd17c52b8587909347d90439f7dcd7fdebf72a743c41f,shallow_m0064_r0
2,shallow,final_geometry_v15_20260930,4327fe4ece9317f6fd20fad18389a71e9b1f423b,32,0.30707807303728013,0.012514026328252758,True,0.3209005763630463,6218.842232579233,6251.092806978071,14297.788147162655,d260d94c699220080c79ef88b60fc8c3cddc0b0c0682a72fa91f05c5c29ad521,0,True,,176,65535,full_posterior,64,0.006316855655591044,0.3139893247001632,128,train_logit_112,train_logit_112,2112,0,1.0009314896029031,1,0.5375597171601346,1.0,reference_production_4,ok,71538f5fc37b1391ecadd17c52b8587909347d90439f7dcd7fdebf72a743c41f,shallow_m0064_r0
2,shallow,final_geometry_v15_20260930,4327fe4ece9317f6fd20fad18389a71e9b1f423b,32,0.5106376380342175,0.004715236792319267,True,0.5070057472794586,4560.03601624865,4586.0871218726925,10676.91116695782,d260d94c699220080c79ef88b60fc8c3cddc0b0c0682a72fa91f05c5c29ad521,0,True,,534,65535,full_posterior,64,0.0024402366736780935,0.508821692656838,128,test_prob_0,test_prob_0,2112,0,1.0016490758611576,1,0.18334389312499175,1.0,reference_production_4,ok,71538f5fc37b1391ecadd17c52b8587909347d90439f7dcd7fdebf72a743c41f,shallow_m0064_r0
2,shallow,final_geometry_v15_20260930,4327fe4ece9317f6fd20fad18389a71e9b1f423b,32,0.6477408550359386,0.004605054487533982,True,0.6445589677984713,4217.562387090983,4391.303152018236,9386.482142522358,d260d94c699220080c79ef88b60fc8c3cddc0b0c0682a72fa91f05c5c29ad521,0,True,,338,65535,full_posterior,64,0.0024132919328787856,0.6461499114172049,128,test_prob_128,test_prob_128,2112,0,1.0008087682617786,1,0.17416908938514686,1.0,reference_production_4,ok,71538f5fc37b1391ecadd17c52b8587909347d90439f7dcd7fdebf72a743c41f,shallow_m0064_r0
2,shallow,final_geometry_v15_20260930,4327fe4ece9317f6fd20fad18389a71e9b1f423b,32,0.6941731284185131,0.004083098342494301,True,0.6892537879689683,4666.84548089058,4885.381131822959,10656.309565217725,d260d94c699220080c79ef88b60fc8c3cddc0b0c0682a72fa91f05c5c29ad521,0,True,,298,65535,full_posterior,64,0.002140338198258619,0.6917134581937409,128,test_prob_256,test_prob_256,2112,0,1.0010843315335591,1,0.1595683831644656,1.0,reference_production_4,ok,71538f5fc37b1391ecadd17c52b8587909347d90439f7dcd7fdebf72a743c41f,shallow_m0064_r0
2,shallow,final_geometry_v15_20260930,4327fe4ece9317f6fd20fad18389a71e9b1f423b,32,0.3045676571798873,0.003977478731886085,True,0.3021237948655712,4709.270852265156,4930.680045644656,9578.49400767484,d260d94c699220080c79ef88b60fc8c3cddc0b0c0682a72fa91f05c5c29ad521,0,True,,296,65535,full_posterior,64,0.002078066884314067,0.3033457260227293,128,test_prob_384,test_prob_384,2112,0,1.0005078101305087,1,0.15897064156149018,1.0,reference_production_4,ok,71538f5fc37b1391ecadd17c52b8587909347d90439f7dcd7fdebf72a743c41f,shallow_m0064_r0
2,shallow,final_geometry_v15_20260930,4327fe4ece9317f6fd20fad18389a71e9b1f423b,32,0.6396107534303844,0.004414538256723066,True,0.6397637266242664,4953.782029907194,5014.612405795034,11028.448569682369,d260d94c699220080c79ef88b60fc8c3cddc0b0c0682a72fa91f05c5c29ad521,0,True,,172,65535,full_posterior,64,0.002250938893755462,0.6396872400273255,128,test_prob_512,test_prob_512,2112,0,1.000659092501605,1,0.17140594760064623,1.0,reference_production_4,ok,71538f5fc37b1391ecadd17c52b8587909347d90439f7dcd7fdebf72a743c41f,shallow_m0064_r0
2,shallow,final_geometry_v15_20260930,4327fe4ece9317f6fd20fad18389a71e9b1f423b,32,0.33125566412168883,0.0040889644690913435,True,0.33010392884437273,4616.818946468582,4618.35080073788,11989.763273319639,d260d94c699220080c79ef88b60fc8c3cddc0b0c0682a72fa91f05c5c29ad521,0,True,,360,65535,full_posterior,64,0.0021362576330674716,0.33067979648303086,128,test_prob_640,test_prob_640,2112,0,1.0011044620200178,1,0.16167646691732812,1.0,reference_production_4,ok,71538f5fc37b1391ecadd17c52b8587909347d90439f7dcd7fdebf72a743c41f,shallow_m0064_r0
2,shallow,final_geometry_v15_20260930,4327fe4ece9317f6fd20fad18389a71e9b1f423b,32,0.5177259165602066,0.004635720037551367,True,0.5249239117022001,5046.08976586632,5074.554623714376,10147.082899007046,d260d94c699220080c79ef88b60fc8c3cddc0b0c0682a72fa91f05c5c29ad521,0,True,,214,65535,full_posterior,64,0.002319373149478271,0.5213249141312033,128,test_prob_768,test_prob_768,2112,0,1.0007017686077815,1,0.18180931145069906,1.0,reference_production_4,ok,71538f5fc37b1391ecadd17c52b8587909347d90439f7dcd7fdebf72a743c41f,shallow_m0064_r0
2,shallow,final_geometry_v15_20260930,4327fe4ece9317f6fd20fad18389a71e9b1f423b,32,0.5385208627780195,0.0046748640006141476,True,0.5391709600048964,5141.873597372016,5170.1449879611,11466.661826532234,d260d94c699220080c79ef88b60fc8c3cddc0b0c0682a72fa91f05c5c29ad521,0,True,,146,65535,full_posterior,64,0.0023693306121950206,0.538845911391458,128,test_prob_896,test_prob_896,2112,0,1.0016115096788647,1,0.18249370230690595,1.0,reference_production_4,ok,71538f5fc37b1391ecadd17c52b8587909347d90439f7dcd7fdebf72a743c41f,shallow_m0064_r0
2,shallow,final_geometry_v15_20260930,4327fe4ece9317f6fd20fad18389a71e9b1f423b,32,0.07580595716261523,0.01598713611853227,True,0.05561700404994253,5340.3080894602435,5072.938247985488,6744.952349581047,d260d94c699220080c79ef88b60fc8c3cddc0b0c0682a72fa91f05c5c29ad521,0,True,,134,65535,full_posterior,64,0.008219069793770144,0.06571148060627888,128,interaction_0,interaction_0,2112,0,1.0007873474793672,1,0.615419575095304,1.0,reference_production_4,ok,71538f5fc37b1391ecadd17c52b8587909347d90439f7dcd7fdebf72a743c41f,shallow_m0064_r0
2,shallow,final_geometry_v15_20260930,4327fe4ece9317f6fd20fad18389a71e9b1f423b,32,0.03583063210589141,0.016490226600219385,True,0.028650041775558355,5147.744395277175,4968.8395972435255,7836.693123225483,d260d94c699220080c79ef88b60fc8c3cddc0b0c0682a72fa91f05c5c29ad521,0,True,,158,65535,full_posterior,64,0.0084722868751298,0.03224033694072489,128,interaction_1,interaction_1,2112,0,1.0001648706924482,1,0.6337835022530717,1.0,reference_production_4,ok,71538f5fc37b1391ecadd17c52b8587909347d90439f7dcd7fdebf72a743c41f,shallow_m0064_r0
2,shallow,final_geometry_v15_20260930,4327fe4ece9317f6fd20fad18389a71e9b1f423b,32,0.03540518301378818,0.01636901840260513,True,0.06046659293135397,5390.001198761991,5113.939968409672,7490.902108635488,d260d94c699220080c79ef88b60fc8c3cddc0b0c0682a72fa91f05c5c29ad521,0,True,,202,65535,full_posterior,64,0.008501283615917518,0.04793588797257109,128,interaction_2,interaction_2,2112,0,1.0005590939323072,1,0.62963814112798,1.0,reference_production_4,ok,71538f5fc37b1391ecadd17c52b8587909347d90439f7dcd7fdebf72a743c41f,shallow_m0064_r0
2,shallow,final_geometry_v15_20260930,4327fe4ece9317f6fd20fad18389a71e9b1f423b,32,0.059426465043007096,0.017196975759136545,True,0.0752048779260332,4861.803875497885,4627.454763781833,6798.8211851832175,d260d94c699220080c79ef88b60fc8c3cddc0b0c0682a72fa91f05c5c29ad521,0,True,,194,65535,full_posterior,64,0.008983334405009188,0.06731567148452015,128,interaction_3,interaction_3,2112,0,1.000672717381733,1,0.6482922156192854,1.0,reference_production_4,ok,71538f5fc37b1391ecadd17c52b8587909347d90439f7dcd7fdebf72a743c41f,shallow_m0064_r0
2,shallow,final_geometry_v15_20260930,4327fe4ece9317f6fd20fad18389a71e9b1f423b,32,0.33974745632103087,0.03387423937020324,True,0.3138157282744147,2188.1685446662054,2192.4572367824535,4675.762580782165,d260d94c699220080c79ef88b60fc8c3cddc0b0c0682a72fa91f05c5c29ad521,0,True,,324,65535,full_posterior,64,0.0179167054267929,0.3267815922977228,128,q_A,q_A,2112,0,1.0022769760815387,1,0.9796324618779095,1.0,reference_production_4,ok,71538f5fc37b1391ecadd17c52b8587909347d90439f7dcd7fdebf72a743c41f,shallow_m0064_r0
2,shallow,final_geometry_v15_20260930,4327fe4ece9317f6fd20fad18389a71e9b1f423b,32,-0.05247144386481425,0.03199804748990502,True,-0.04709915018752903,3016.3305432868096,3010.724793761181,5924.152350121646,d260d94c699220080c79ef88b60fc8c3cddc0b0c0682a72fa91f05c5c29ad521,0,True,,230,65535,full_posterior,64,0.016527592979181396,-0.04978529702617164,128,q_W,q_W,2112,0,1.0012672449547089,1,0.9945325751745722,1.0,reference_production_4,ok,71538f5fc37b1391ecadd17c52b8587909347d90439f7dcd7fdebf72a743c41f,shallow_m0064_r0
2,shallow,final_geometry_v15_20260930,4327fe4ece9317f6fd20fad18389a71e9b1f423b,32,1.0552796910029665,0.004848900280325657,True,1.0564305620672891,4410.348259167001,4346.83694224312,8243.189907316912,d260d94c699220080c79ef88b60fc8c3cddc0b0c0682a72fa91f05c5c29ad521,0,True,,216,65535,full_posterior,64,0.002479650179498892,1.0558551265351275,128,disp_A,disp_A,2112,0,1.0003987034401705,1,0.17961671284824535,1.0,reference_production_4,ok,71538f5fc37b1391ecadd17c52b8587909347d90439f7dcd7fdebf72a743c41f,shallow_m0064_r0
2,shallow,final_geometry_v15_20260930,4327fe4ece9317f6fd20fad18389a71e9b1f423b,32,1.0015173244288582,0.0007865461506778937,True,1.0014710642774451,5343.197751182088,5338.662926941968,10671.74063088463,d260d94c699220080c79ef88b60fc8c3cddc0b0c0682a72fa91f05c5c29ad521,0,True,,158,65535,full_posterior,64,0.00041117854893350184,1.0014941943531515,128,disp_W1,disp_W1,2112,0,1.000764409352503,1,0.03130153185036892,1.0,reference_production_4,ok,71538f5fc37b1391ecadd17c52b8587909347d90439f7dcd7fdebf72a743c41f,shallow_m0064_r0
2,shallow,final_geometry_v15_20260930,4327fe4ece9317f6fd20fad18389a71e9b1f423b,32,54.70473262501453,0.15936498207456154,True,54.84882902694673,2076.346950512521,2087.161071424192,4290.840322560296,ef4fac83e88b9ebc7025640c004ee055aad12f835c9939b678bc038c15b660a0,0,True,,300,65535,full_posterior,64,0.08378429316645238,54.77678082598064,128,V,V,2112,1,1.0012212651046153,1,4.42553183245093,1.0,reference_production_4,ok,2ebbaf17c0b875a151400adfe0c20fdcca7ef1fee9db82b7da14f8303c6ed54d,shallow_m0064_r1
2,shallow,final_geometry_v15_20260930,4327fe4ece9317f6fd20fad18389a71e9b1f423b,32,1117.6353553655688,0.9283868110578407,True,1117.0298480088886,4089.844947736077,4093.2281886471915,8860.568554810132,ef4fac83e88b9ebc7025640c004ee055aad12f835c9939b678bc038c15b660a0,0,True,,160,65535,full_posterior,64,0.4788965077878209,1117.3326016872286,128,U,U,2112,1,1.0007142707766319,1,32.709884690823,1.0,reference_production_4,ok,2ebbaf17c0b875a151400adfe0c20fdcca7ef1fee9db82b7da14f8303c6ed54d,shallow_m0064_r1
2,shallow,final_geometry_v15_20260930,4327fe4ece9317f6fd20fad18389a71e9b1f423b,32,0.2788605697224436,0.015318041106283035,True,0.24603651102356805,4879.207466448728,4844.668994701298,10520.103849060173,ef4fac83e88b9ebc7025640c004ee055aad12f835c9939b678bc038c15b660a0,0,True,,236,65535,full_posterior,64,0.007922752220870848,0.2624485403730059,128,train_logit_0,train_logit_0,2112,1,1.000764038637139,1,0.5847426557882446,1.0,reference_production_4,ok,2ebbaf17c0b875a151400adfe0c20fdcca7ef1fee9db82b7da14f8303c6ed54d,shallow_m0064_r1
2,shallow,final_geometry_v15_20260930,4327fe4ece9317f6fd20fad18389a71e9b1f423b,32,0.8705373158080546,0.01519472693184565,True,0.8638766872508643,4571.711822855519,4560.933070984517,9058.663360992901,ef4fac83e88b9ebc7025640c004ee055aad12f835c9939b678bc038c15b660a0,0,True,,236,65535,full_posterior,64,0.007914696143449536,0.8672070015294595,128,train_logit_16,train_logit_16,2112,1,1.0005027304339766,1,0.5694408979795066,1.0,reference_production_4,ok,2ebbaf17c0b875a151400adfe0c20fdcca7ef1fee9db82b7da14f8303c6ed54d,shallow_m0064_r1
2,shallow,final_geometry_v15_20260930,4327fe4ece9317f6fd20fad18389a71e9b1f423b,32,-0.04552102950515423,0.015036450427851827,True,-0.05706730717154182,4706.066485111911,4701.48234877554,10308.916461007528,ef4fac83e88b9ebc7025640c004ee055aad12f835c9939b678bc038c15b660a0,0,True,,230,65535,full_posterior,64,0.007734506951272009,-0.05129416833834802,128,train_logit_32,train_logit_32,2112,1,1.0002708357423233,1,0.5723133814942858,1.0,reference_production_4,ok,2ebbaf17c0b875a151400adfe0c20fdcca7ef1fee9db82b7da14f8303c6ed54d,shallow_m0064_r1
2,shallow,final_geometry_v15_20260930,4327fe4ece9317f6fd20fad18389a71e9b1f423b,32,-1.3299131130234199,0.017121659781201,True,-1.3222083797416122,3585.1842795900784,3574.9346931756277,7972.686510538916,ef4fac83e88b9ebc7025640c004ee055aad12f835c9939b678bc038c15b660a0,0,True,,558,65535,full_posterior,64,0.009028737766844933,-1.3260607463825158,128,train_logit_48,train_logit_48,2112,1,1.0004679957578007,1,0.601054399917029,1.0,reference_production_4,ok,2ebbaf17c0b875a151400adfe0c20fdcca7ef1fee9db82b7da14f8303c6ed54d,shallow_m0064_r1
2,shallow,final_geometry_v15_20260930,4327fe4ece9317f6fd20fad18389a71e9b1f423b,32,0.9553727553016478,0.015640206179014966,True,0.9501672554080322,4378.084865392938,4376.095416444722,10202.375942031062,ef4fac83e88b9ebc7025640c004ee055aad12f835c9939b678bc038c15b660a0,0,True,,338,65535,full_posterior,64,0.008217215622313366,0.95277000535484,128,train_logit_64,train_logit_64,2112,1,1.0005940437431977,1,0.5835874255390879,1.0,reference_production_4,ok,2ebbaf17c0b875a151400adfe0c20fdcca7ef1fee9db82b7da14f8303c6ed54d,shallow_m0064_r1
2,shallow,final_geometry_v15_20260930,4327fe4ece9317f6fd20fad18389a71e9b1f423b,32,1.038471615515257,0.014634517769199058,True,1.038171901602261,4755.967605633317,4729.54495122664,10861.736026234563,ef4fac83e88b9ebc7025640c004ee055aad12f835c9939b678bc038c15b660a0,0,True,,242,65535,full_posterior,64,0.007687580222806645,1.0383217585587592,128,train_logit_80,train_logit_80,2112,1,1.00071135855083,1,0.5690130973873909,1.0,reference_production_4,ok,2ebbaf17c0b875a151400adfe0c20fdcca7ef1fee9db82b7da14f8303c6ed54d,shallow_m0064_r1
2,shallow,final_geometry_v15_20260930,4327fe4ece9317f6fd20fad18389a71e9b1f423b,32,-0.08204166708522523,0.014872133188073615,True,-0.07135707036249561,5007.307800468191,5004.680304773298,10963.332979389299,ef4fac83e88b9ebc7025640c004ee055aad12f835c9939b678bc038c15b660a0,0,True,,232,65535,full_posterior,64,0.007697701223604352,-0.07669936872386043,128,train_logit_96,train_logit_96,2112,1,1.0005964850580944,1,0.5826852962413896,1.0,reference_production_4,ok,2ebbaf17c0b875a151400adfe0c20fdcca7ef1fee9db82b7da14f8303c6ed54d,shallow_m0064_r1
2,shallow,final_geometry_v15_20260930,4327fe4ece9317f6fd20fad18389a71e9b1f423b,32,-0.4634409616419677,0.015503779762091252,True,-0.46285206864339035,4441.776499791738,4420.425819107813,9726.768633353768,ef4fac83e88b9ebc7025640c004ee055aad12f835c9939b678bc038c15b660a0,0,True,,224,65535,full_posterior,64,0.008089033908270033,-0.463146515142679,128,train_logit_112,train_logit_112,2112,1,1.001103043415642,1,0.5810162286618301,1.0,reference_production_4,ok,2ebbaf17c0b875a151400adfe0c20fdcca7ef1fee9db82b7da14f8303c6ed54d,shallow_m0064_r1
2,shallow,final_geometry_v15_20260930,4327fe4ece9317f6fd20fad18389a71e9b1f423b,32,0.5326149809323623,0.005042946134257893,True,0.5304346829987301,4068.453397682927,4108.189817201471,9273.762723900945,ef4fac83e88b9ebc7025640c004ee055aad12f835c9939b678bc038c15b660a0,0,True,,294,65535,full_posterior,64,0.002649995154076782,0.5315248319655461,128,test_prob_0,test_prob_0,2112,1,1.0002757897713679,1,0.1863055279115173,1.0,reference_production_4,ok,2ebbaf17c0b875a151400adfe0c20fdcca7ef1fee9db82b7da14f8303c6ed54d,shallow_m0064_r1
2,shallow,final_geometry_v15_20260930,4327fe4ece9317f6fd20fad18389a71e9b1f423b,32,0.3213171480547096,0.004512520113138756,True,0.31860492097966076,4286.348541817228,4386.474674091548,10272.468724369375,ef4fac83e88b9ebc7025640c004ee055aad12f835c9939b678bc038c15b660a0,0,True,,206,65535,full_posterior,64,0.0023442085595501193,0.3199610345171851,128,test_prob_128,test_prob_128,2112,1,1.0009235616597942,1,0.16700210989326084,1.0,reference_production_4,ok,2ebbaf17c0b875a151400adfe0c20fdcca7ef1fee9db82b7da14f8303c6ed54d,shallow_m0064_r1
2,shallow,final_geometry_v15_20260930,4327fe4ece9317f6fd20fad18389a71e9b1f423b,32,0.41950029786812343,0.005102705239735202,True,0.41858659607821824,4129.847887742942,4163.115232207336,9478.453240042934,ef4fac83e88b9ebc7025640c004ee055aad12f835c9939b678bc038c15b660a0,0,True,,170,65535,full_posterior,64,0.002678828949959066,0.4190434469731709,128,test_prob_256,test_prob_256,2112,1,1.0012134836674709,1,0.18468503611102244,1.0,reference_production_4,ok,2ebbaf17c0b875a151400adfe0c20fdcca7ef1fee9db82b7da14f8303c6ed54d,shallow_m0064_r1
2,shallow,final_geometry_v15_20260930,4327fe4ece9317f6fd20fad18389a71e9b1f423b,32,0.8160601551366496,0.003246060638561667,True,0.8125621827168665,3875.314876395053,3987.638480687386,9498.923853075798,ef4fac83e88b9ebc7025640c004ee055aad12f835c9939b678bc038c15b660a0,0,True,,436,65535,full_posterior,64,0.001664006148692684,0.814311168926758,128,test_prob_384,test_prob_384,2112,1,1.001235480667378,1,0.1184557168323061,1.0,reference_production_4,ok,2ebbaf17c0b875a151400adfe0c20fdcca7ef1fee9db82b7da14f8303c6ed54d,shallow_m0064_r1
2,shallow,final_geometry_v15_20260930,4327fe4ece9317f6fd20fad18389a71e9b1f423b,32,0.4998257464548882,0.005057532350128608,True,0.5023882421931453,4581.739002214753,4638.6439738258705,9334.10325800802,ef4fac83e88b9ebc7025640c004ee055aad12f835c9939b678bc038c15b660a0,0,True,,160,65535,full_posterior,64,0.002636373139922057,0.5011069943240167,128,test_prob_512,test_prob_512,2112,1,1.0008511830550357,1,0.18685782922896912,1.0,reference_production_4,ok,2ebbaf17c0b875a151400adfe0c20fdcca7ef1fee9db82b7da14f8303c6ed54d,shallow_m0064_r1
2,shallow,final_geometry_v15_20260930,4327fe4ece9317f6fd20fad18389a71e9b1f423b,32,0.6190191827350519,0.005063342064132677,True,0.6171300684562655,3568.449482775344,3681.874642673468,7937.477121781487,ef4fac83e88b9ebc7025640c004ee055aad12f835c9939b678bc038c15b660a0,0,True,,256,65535,full_posterior,64,0.002691152971344912,0.6180746255956586,128,test_prob_640,test_prob_640,2112,1,1.0007939623378523,1,0.18143927785312494,1.0,reference_production_4,ok,2ebbaf17c0b875a151400adfe0c20fdcca7ef1fee9db82b7da14f8303c6ed54d,shallow_m0064_r1
2,shallow,final_geometry_v15_20260930,4327fe4ece9317f6fd20fad18389a71e9b1f423b,32,0.4836768822554003,0.005209169341173602,True,0.48908992347549035,3947.887628894779,3954.7984010309838,9140.22225770972,ef4fac83e88b9ebc7025640c004ee055aad12f835c9939b678bc038c15b660a0,0,True,,210,65535,full_posterior,64,0.0027220918226686574,0.4863834028654454,128,test_prob_768,test_prob_768,2112,1,1.0009287108147042,1,0.18815836048844123,1.0,reference_production_4,ok,2ebbaf17c0b875a151400adfe0c20fdcca7ef1fee9db82b7da14f8303c6ed54d,shallow_m0064_r1
2,shallow,final_geometry_v15_20260930,4327fe4ece9317f6fd20fad18389a71e9b1f423b,32,0.5713871042462474,0.005062698192667309,True,0.5621729800297005,4176.286912464599,4179.041825416557,9346.808392891247,ef4fac83e88b9ebc7025640c004ee055aad12f835c9939b678bc038c15b660a0,0,True,,270,65535,full_posterior,64,0.002594054157334671,0.5667800421379741,128,test_prob_896,test_prob_896,2112,1,1.0014723371784515,1,0.18599772747827897,1.0,reference_production_4,ok,2ebbaf17c0b875a151400adfe0c20fdcca7ef1fee9db82b7da14f8303c6ed54d,shallow_m0064_r1
2,shallow,final_geometry_v15_20260930,4327fe4ece9317f6fd20fad18389a71e9b1f423b,32,0.04284223356008294,0.01694517478427281,True,0.06707240922629946,4629.82035761315,4465.892514200423,6623.560513726388,ef4fac83e88b9ebc7025640c004ee055aad12f835c9939b678bc038c15b660a0,0,True,,420,65535,full_posterior,64,0.008659394423656945,0.05495732139319119,128,interaction_0,interaction_0,2112,1,1.0017115706486717,1,0.6210796083223479,1.0,reference_production_4,ok,2ebbaf17c0b875a151400adfe0c20fdcca7ef1fee9db82b7da14f8303c6ed54d,shallow_m0064_r1
2,shallow,final_geometry_v15_20260930,4327fe4ece9317f6fd20fad18389a71e9b1f423b,32,0.0781861996875249,0.019917085592779674,True,0.11163173530368739,3979.7563915442556,3730.840838488334,4735.544244442221,ef4fac83e88b9ebc7025640c004ee055aad12f835c9939b678bc038c15b660a0,0,True,,262,65535,full_posterior,64,0.01050803201510673,0.09490896749560612,128,interaction_1,interaction_1,2112,1,1.0014521243221581,1,0.6912793688769631,1.0,reference_production_4,ok,2ebbaf17c0b875a151400adfe0c20fdcca7ef1fee9db82b7da14f8303c6ed54d,shallow_m0064_r1
2,shallow,final_geometry_v15_20260930,4327fe4ece9317f6fd20fad18389a71e9b1f423b,32,-0.06919936244502342,0.01949436538672608,True,-0.07957760457970954,4100.079426945172,3868.8871269914553,5322.57927999117,ef4fac83e88b9ebc7025640c004ee055aad12f835c9939b678bc038c15b660a0,0,True,,246,65535,full_posterior,64,0.00999665716209457,-0.07438848351236647,128,interaction_2,interaction_2,2112,1,1.0011053887349672,1,0.6703729266850371,1.0,reference_production_4,ok,2ebbaf17c0b875a151400adfe0c20fdcca7ef1fee9db82b7da14f8303c6ed54d,shallow_m0064_r1
2,shallow,final_geometry_v15_20260930,4327fe4ece9317f6fd20fad18389a71e9b1f423b,32,-0.08398903220848845,0.021838832568463418,True,-0.07691763878094571,4067.0024057380115,4023.3953985113308,5459.420333274831,ef4fac83e88b9ebc7025640c004ee055aad12f835c9939b678bc038c15b660a0,0,True,,168,65535,full_posterior,64,0.011180604458724645,-0.0804533354947171,128,interaction_3,interaction_3,2112,1,1.000635372318025,1,0.7592130782548182,1.0,reference_production_4,ok,2ebbaf17c0b875a151400adfe0c20fdcca7ef1fee9db82b7da14f8303c6ed54d,shallow_m0064_r1
2,shallow,final_geometry_v15_20260930,4327fe4ece9317f6fd20fad18389a71e9b1f423b,32,0.6782062909191173,0.03582833647075202,True,0.701095738347983,1889.5720039535686,1888.0170622512233,3778.900877497515,ef4fac83e88b9ebc7025640c004ee055aad12f835c9939b678bc038c15b660a0,0,True,,336,65535,full_posterior,64,0.019406401552175025,0.6896510146335502,128,q_A,q_A,2112,1,1.001628790248759,1,0.9843045170780665,1.0,reference_production_4,ok,2ebbaf17c0b875a151400adfe0c20fdcca7ef1fee9db82b7da14f8303c6ed54d,shallow_m0064_r1
2,shallow,final_geometry_v15_20260930,4327fe4ece9317f6fd20fad18389a71e9b1f423b,32,-0.12313389566278966,0.03517023677568955,True,-0.20611232971763727,2183.9182837802205,2173.9522816534604,4746.555012883168,ef4fac83e88b9ebc7025640c004ee055aad12f835c9939b678bc038c15b660a0,0,True,,270,65535,full_posterior,64,0.018546537738075932,-0.1646231126902135,128,q_W,q_W,2112,1,1.0024898461667664,1,0.998077176819607,1.0,reference_production_4,ok,2ebbaf17c0b875a151400adfe0c20fdcca7ef1fee9db82b7da14f8303c6ed54d,shallow_m0064_r1
2,shallow,final_geometry_v15_20260930,4327fe4ece9317f6fd20fad18389a71e9b1f423b,32,1.1869789945702716,0.005475417539064651,True,1.19037935647935,3927.839316299748,3879.6065428222037,7123.689662348522,ef4fac83e88b9ebc7025640c004ee055aad12f835c9939b678bc038c15b660a0,0,True,,226,65535,full_posterior,64,0.002795540907141062,1.1886791755248105,128,disp_A,disp_A,2112,1,1.0005088657418293,1,0.19022441000375942,1.0,reference_production_4,ok,2ebbaf17c0b875a151400adfe0c20fdcca7ef1fee9db82b7da14f8303c6ed54d,shallow_m0064_r1
2,shallow,final_geometry_v15_20260930,4327fe4ece9317f6fd20fad18389a71e9b1f423b,32,1.0009250926897515,0.0008960626252017182,True,1.000086796459573,4094.344338786454,4095.7059593483236,8750.371120093352,ef4fac83e88b9ebc7025640c004ee055aad12f835c9939b678bc038c15b660a0,0,True,,152,65535,full_posterior,64,0.0004590073249532755,1.0005059445746625,128,disp_W1,disp_W1,2112,1,1.00094346402396,1,0.03151947933896419,1.0,reference_production_4,ok,2ebbaf17c0b875a151400adfe0c20fdcca7ef1fee9db82b7da14f8303c6ed54d,shallow_m0064_r1
2,shallow,final_geometry_v15_20260930,4327fe4ece9317f6fd20fad18389a71e9b1f423b,32,66.09256848420847,0.15048578533469456,True,66.11187950041356,2085.546247225254,2104.3493673580306,3853.3839971564316,fc66a15235541d8565676bdb1484417f710d51ebfa9abe839af1c9c234d73d2a,0,True,,426,65535,full_posterior,64,0.07859737195234086,66.102223992311,128,V,V,2112,2,1.0023493966885868,1,4.2295422307054364,1.0,reference_production_4,ok,fc9da6235fb1548d828cf68d55d93c2f858e835b161969d4cc33b00e5e83b603,shallow_m0064_r2
2,shallow,final_geometry_v15_20260930,4327fe4ece9317f6fd20fad18389a71e9b1f423b,32,1126.7328530788436,0.8577433253016173,True,1128.6524089833724,5042.885136650917,5041.26440691916,9795.379118423278,fc66a15235541d8565676bdb1484417f710d51ebfa9abe839af1c9c234d73d2a,0,True,,126,65535,full_posterior,64,0.4389818833240821,1127.6926310311082,128,U,U,2112,2,1.0009780679892177,1,32.840253161443194,1.0,reference_production_4,ok,fc9da6235fb1548d828cf68d55d93c2f858e835b161969d4cc33b00e5e83b603,shallow_m0064_r2
2,shallow,final_geometry_v15_20260930,4327fe4ece9317f6fd20fad18389a71e9b1f423b,32,-0.3444316248283993,0.015630119506758668,True,-0.3511491180242928,4495.0706715261185,4498.969269814491,9508.14643421306,fc66a15235541d8565676bdb1484417f710d51ebfa9abe839af1c9c234d73d2a,0,True,,236,65535,full_posterior,64,0.008131601105833372,-0.3477903714263461,128,train_logit_0,train_logit_0,2112,2,1.0010360260038025,1,0.5868928043171205,1.0,reference_production_4,ok,fc9da6235fb1548d828cf68d55d93c2f858e835b161969d4cc33b00e5e83b603,shallow_m0064_r2
2,shallow,final_geometry_v15_20260930,4327fe4ece9317f6fd20fad18389a71e9b1f423b,32,0.44493455722860276,0.014104379924047727,True,0.44654818843896354,5151.4679690700095,5141.525604145201,12205.643405973045,fc66a15235541d8565676bdb1484417f710d51ebfa9abe839af1c9c234d73d2a,0,True,,176,65535,full_posterior,64,0.007193573565417492,0.44574137283378307,128,train_logit_16,train_logit_16,2112,2,1.000384807834437,1,0.5571333384472704,1.0,reference_production_4,ok,fc9da6235fb1548d828cf68d55d93c2f858e835b161969d4cc33b00e5e83b603,shallow_m0064_r2
2,shallow,final_geometry_v15_20260930,4327fe4ece9317f6fd20fad18389a71e9b1f423b,32,-0.6219913006687182,0.01333249202296152,True,-0.6473543000822489,5151.964352482619,5164.267128504694,12941.894377465382,fc66a15235541d8565676bdb1484417f710d51ebfa9abe839af1c9c234d73d2a,0,True,,204,65535,full_posterior,64,0.006949862504500605,-0.6346728003754836,128,train_logit_32,train_logit_32,2112,2,1.0013579878287706,1,0.5425003954756914,1.0,reference_production_4,ok,fc9da6235fb1548d828cf68d55d93c2f858e835b161969d4cc33b00e5e83b603,shallow_m0064_r2
2,shallow,final_geometry_v15_20260930,4327fe4ece9317f6fd20fad18389a71e9b1f423b,32,-1.068185023626655,0.015429519555595288,True,-1.065842375063542,4472.4310979350885,4448.010591342236,9248.150106369672,fc66a15235541d8565676bdb1484417f710d51ebfa9abe839af1c9c234d73d2a,0,True,,252,65535,full_posterior,64,0.007994335903047533,-1.0670136993450985,128,train_logit_48,train_logit_48,2112,2,1.000755279607051,1,0.578306416742357,1.0,reference_production_4,ok,fc9da6235fb1548d828cf68d55d93c2f858e835b161969d4cc33b00e5e83b603,shallow_m0064_r2
2,shallow,final_geometry_v15_20260930,4327fe4ece9317f6fd20fad18389a71e9b1f423b,32,0.5188826830057329,0.014304990517738377,True,0.5099701149162107,5009.513731817532,4981.911596918581,10615.957662303505,fc66a15235541d8565676bdb1484417f710d51ebfa9abe839af1c9c234d73d2a,0,True,,182,65535,full_posterior,64,0.007376419604419271,0.514426398960972,128,train_logit_64,train_logit_64,2112,2,1.0011048106182194,1,0.5593254922597,1.0,reference_production_4,ok,fc9da6235fb1548d828cf68d55d93c2f858e835b161969d4cc33b00e5e83b603,shallow_m0064_r2
2,shallow,final_geometry_v15_20260930,4327fe4ece9317f6fd20fad18389a71e9b1f423b,32,-0.6588900432990495,0.013829547430390712,True,-0.6622589770155042,5037.397939524071,5025.700014143622,10156.760532333823,fc66a15235541d8565676bdb1484417f710d51ebfa9abe839af1c9c234d73d2a,0,True,,240,65535,full_posterior,64,0.007177599841623221,-0.6605745101572769,128,train_logit_80,train_logit_80,2112,2,1.0012319048714156,1,0.5463702156386084,1.0,reference_production_4,ok,fc9da6235fb1548d828cf68d55d93c2f858e835b161969d4cc33b00e5e83b603,shallow_m0064_r2
2,shallow,final_geometry_v15_20260930,4327fe4ece9317f6fd20fad18389a71e9b1f423b,32,-0.9010570966778444,0.014320041792290754,True,-0.8969202268489275,4707.86346519344,4695.2710558980925,10116.175972198373,fc66a15235541d8565676bdb1484417f710d51ebfa9abe839af1c9c234d73d2a,0,True,,224,65535,full_posterior,64,0.00728370601798588,-0.8989886617633857,128,train_logit_96,train_logit_96,2112,2,1.0016246089468677,1,0.5492657230481535,1.0,reference_production_4,ok,fc9da6235fb1548d828cf68d55d93c2f858e835b161969d4cc33b00e5e83b603,shallow_m0064_r2
2,shallow,final_geometry_v15_20260930,4327fe4ece9317f6fd20fad18389a71e9b1f423b,32,0.822706486754551,0.0125062300572992,True,0.86298008372875,5533.687593274143,5534.028304858215,12213.012525865219,fc66a15235541d8565676bdb1484417f710d51ebfa9abe839af1c9c234d73d2a,0,True,,250,65535,full_posterior,64,0.006374334703419578,0.8428432852416506,128,train_logit_112,train_logit_112,2112,2,1.0023645864303754,1,0.5160854527158488,1.0,reference_production_4,ok,fc9da6235fb1548d828cf68d55d93c2f858e835b161969d4cc33b00e5e83b603,shallow_m0064_r2
2,shallow,final_geometry_v15_20260930,4327fe4ece9317f6fd20fad18389a71e9b1f423b,32,0.4124386304154068,0.004427824616358855,True,0.4199080787626953,4554.915755390975,4707.8430752139175,9825.922998035367,fc66a15235541d8565676bdb1484417f710d51ebfa9abe839af1c9c234d73d2a,0,True,,276,65535,full_posterior,64,0.0022814905880694483,0.4161733545890511,128,test_prob_0,test_prob_0,2112,2,1.0008331259769252,1,0.17268889889109273,1.0,reference_production_4,ok,fc9da6235fb1548d828cf68d55d93c2f858e835b161969d4cc33b00e5e83b603,shallow_m0064_r2
2,shallow,final_geometry_v15_20260930,4327fe4ece9317f6fd20fad18389a71e9b1f423b,32,0.4062685089220857,0.004341970296654713,True,0.41350247931147616,5087.050659025745,5132.374966829019,11962.32164297994,fc66a15235541d8565676bdb1484417f710d51ebfa9abe839af1c9c234d73d2a,0,True,,322,65535,full_posterior,64,0.002239329572109548,0.4098854941167809,128,test_prob_128,test_prob_128,2112,2,1.0017145602219557,1,0.17199727828216177,1.0,reference_production_4,ok,fc9da6235fb1548d828cf68d55d93c2f858e835b161969d4cc33b00e5e83b603,shallow_m0064_r2
2,shallow,final_geometry_v15_20260930,4327fe4ece9317f6fd20fad18389a71e9b1f423b,32,0.7730753957860168,0.003629083790882613,True,0.7774908847455146,3716.0920275468916,3981.6513368890237,8217.047668632591,fc66a15235541d8565676bdb1484417f710d51ebfa9abe839af1c9c234d73d2a,0,True,,344,65535,full_posterior,64,0.001881211139104797,0.7752831402657655,128,test_prob_256,test_prob_256,2112,2,1.000879122437394,1,0.13522942374211938,1.0,reference_production_4,ok,fc9da6235fb1548d828cf68d55d93c2f858e835b161969d4cc33b00e5e83b603,shallow_m0064_r2
2,shallow,final_geometry_v15_20260930,4327fe4ece9317f6fd20fad18389a71e9b1f423b,32,0.843738815383235,0.0027714645724196537,True,0.8421968240374355,4180.256338716869,4537.903559156809,9729.348276776554,fc66a15235541d8565676bdb1484417f710d51ebfa9abe839af1c9c234d73d2a,0,True,,202,65535,full_posterior,64,0.0014146168185623542,0.8429678197103354,128,test_prob_384,test_prob_384,2112,2,1.0008133603641325,1,0.10361859726364576,1.0,reference_production_4,ok,fc9da6235fb1548d828cf68d55d93c2f858e835b161969d4cc33b00e5e83b603,shallow_m0064_r2
2,shallow,final_geometry_v15_20260930,4327fe4ece9317f6fd20fad18389a71e9b1f423b,32,0.3953575331184083,0.004455639421268638,True,0.3924216961079104,5005.099558764779,5033.191390756399,11339.614529941065,fc66a15235541d8565676bdb1484417f710d51ebfa9abe839af1c9c234d73d2a,0,True,,162,65535,full_posterior,64,0.0022739759601201697,0.3938896146131595,128,test_prob_512,test_prob_512,2112,2,1.0006240260865102,1,0.17348986859683235,1.0,reference_production_4,ok,fc9da6235fb1548d828cf68d55d93c2f858e835b161969d4cc33b00e5e83b603,shallow_m0064_r2
2,shallow,final_geometry_v15_20260930,4327fe4ece9317f6fd20fad18389a71e9b1f423b,32,0.7247768300881784,0.004018864566421848,True,0.7177727904205067,4009.5737139422126,4150.335285396589,8811.607864064365,fc66a15235541d8565676bdb1484417f710d51ebfa9abe839af1c9c234d73d2a,0,True,,360,65535,full_posterior,64,0.0021109567246926143,0.7212748102543427,128,test_prob_640,test_prob_640,2112,2,1.0015015408586185,1,0.1516866890215781,1.0,reference_production_4,ok,fc9da6235fb1548d828cf68d55d93c2f858e835b161969d4cc33b00e5e83b603,shallow_m0064_r2
2,shallow,final_geometry_v15_20260930,4327fe4ece9317f6fd20fad18389a71e9b1f423b,32,0.7295454617908316,0.0037162968279415977,True,0.7306658427533264,4721.832879385341,4926.582406208252,10081.363295235895,fc66a15235541d8565676bdb1484417f710d51ebfa9abe839af1c9c234d73d2a,0,True,,188,65535,full_posterior,64,0.0019272095452526638,0.7301056522720789,128,test_prob_768,test_prob_768,2112,2,1.0005884638670586,1,0.14593953300708634,1.0,reference_production_4,ok,fc9da6235fb1548d828cf68d55d93c2f858e835b161969d4cc33b00e5e83b603,shallow_m0064_r2
2,shallow,final_geometry_v15_20260930,4327fe4ece9317f6fd20fad18389a71e9b1f423b,32,0.44888796760680505,0.004834268660512251,True,0.4464660366092651,4374.970787510074,4401.152340057522,10121.891629151014,fc66a15235541d8565676bdb1484417f710d51ebfa9abe839af1c9c234d73d2a,0,True,,250,65535,full_posterior,64,0.0025040259881621077,0.4476770021080351,128,test_prob_896,test_prob_896,2112,2,1.0010547783741501,1,0.18247929034837143,1.0,reference_production_4,ok,fc9da6235fb1548d828cf68d55d93c2f858e835b161969d4cc33b00e5e83b603,shallow_m0064_r2
2,shallow,final_geometry_v15_20260930,4327fe4ece9317f6fd20fad18389a71e9b1f423b,32,-0.03778420424817693,0.01739827472593162,True,-0.006254544648680494,4229.981988207074,4009.997670456585,5896.839222333372,fc66a15235541d8565676bdb1484417f710d51ebfa9abe839af1c9c234d73d2a,0,True,,228,65535,full_posterior,64,0.009107618599450876,-0.02201937444842871,128,interaction_0,interaction_0,2112,2,1.0011946281860196,1,0.630036055771805,1.0,reference_production_4,ok,fc9da6235fb1548d828cf68d55d93c2f858e835b161969d4cc33b00e5e83b603,shallow_m0064_r2
2,shallow,final_geometry_v15_20260930,4327fe4ece9317f6fd20fad18389a71e9b1f423b,32,0.03685201269977236,0.01738401283215341,True,0.033241079239787814,4352.712353766571,4194.576811045659,6388.025304539952,fc66a15235541d8565676bdb1484417f710d51ebfa9abe839af1c9c234d73d2a,0,True,,524,65535,full_posterior,64,0.009047713259592617,0.03504654596978009,128,interaction_1,interaction_1,2112,2,1.0013315740289856,1,0.6372032090804627,1.0,reference_production_4,ok,fc9da6235fb1548d828cf68d55d93c2f858e835b161969d4cc33b00e5e83b603,shallow_m0064_r2
2,shallow,final_geometry_v15_20260930,4327fe4ece9317f6fd20fad18389a71e9b1f423b,32,-0.0673929439052626,0.016809834464216522,True,-0.03871501822559277,4825.843903069328,4654.385147166641,6865.40912591451,fc66a15235541d8565676bdb1484417f710d51ebfa9abe839af1c9c234d73d2a,0,True,,204,65535,full_posterior,64,0.008648111424100664,-0.053053981065427684,128,interaction_2,interaction_2,2112,2,1.0005641481000525,1,0.6254184937381689,1.0,reference_production_4,ok,fc9da6235fb1548d828cf68d55d93c2f858e835b161969d4cc33b00e5e83b603,shallow_m0064_r2
2,shallow,final_geometry_v15_20260930,4327fe4ece9317f6fd20fad18389a71e9b1f423b,32,-0.06882975697581523,0.016633635834148848,True,-0.09171276375417112,4793.424782839724,4564.885201663702,6705.940542006547,fc66a15235541d8565676bdb1484417f710d51ebfa9abe839af1c9c234d73d2a,0,True,,160,65535,full_posterior,64,0.008568781668578376,-0.08027126036499317,128,interaction_3,interaction_3,2112,2,1.0011661865689452,1,0.6203270032952033,1.0,reference_production_4,ok,fc9da6235fb1548d828cf68d55d93c2f858e835b161969d4cc33b00e5e83b603,shallow_m0064_r2
2,shallow,final_geometry_v15_20260930,4327fe4ece9317f6fd20fad18389a71e9b1f423b,32,-0.6408486346154189,0.03271049896646941,True,-0.6170765219628748,2061.779283545535,2051.6617840577014,4697.114148230433,fc66a15235541d8565676bdb1484417f710d51ebfa9abe839af1c9c234d73d2a,0,True,,458,65535,full_posterior,64,0.017538074757917216,-0.6289625782891467,128,q_A,q_A,2112,2,1.0017292676307987,1,0.9452446371567617,1.0,reference_production_4,ok,fc9da6235fb1548d828cf68d55d93c2f858e835b161969d4cc33b00e5e83b603,shallow_m0064_r2
2,shallow,final_geometry_v15_20260930,4327fe4ece9317f6fd20fad18389a71e9b1f423b,32,-0.0056166873138820995,0.03459837990522824,True,-0.0703192362611669,2117.145578646519,2136.7539137814883,5172.257833842338,fc66a15235541d8565676bdb1484417f710d51ebfa9abe839af1c9c234d73d2a,0,True,,566,65535,full_posterior,64,0.018410892872793877,-0.03796796178752451,128,q_W,q_W,2112,2,1.002138327282,1,1.002846024483033,1.0,reference_production_4,ok,fc9da6235fb1548d828cf68d55d93c2f858e835b161969d4cc33b00e5e83b603,shallow_m0064_r2
2,shallow,final_geometry_v15_20260930,4327fe4ece9317f6fd20fad18389a71e9b1f423b,32,1.1150618226451439,0.0053779559517485,True,1.1142312417299411,3713.030142499955,3659.7189462696306,7074.132552934208,fc66a15235541d8565676bdb1484417f710d51ebfa9abe839af1c9c234d73d2a,0,True,,258,65535,full_posterior,64,0.0027911757440844346,1.1146465321875427,128,disp_A,disp_A,2112,2,1.001777414877201,1,0.18595758834231196,1.0,reference_production_4,ok,fc9da6235fb1548d828cf68d55d93c2f858e835b161969d4cc33b00e5e83b603,shallow_m0064_r2
2,shallow,final_geometry_v15_20260930,4327fe4ece9317f6fd20fad18389a71e9b1f423b,32,1.0009358459667874,0.000825881628778823,True,1.0028175095191416,5050.757562316168,5048.9930043035265,9569.027550800974,fc66a15235541d8565676bdb1484417f710d51ebfa9abe839af1c9c234d73d2a,0,True,,122,65535,full_posterior,64,0.00042123763496063803,1.0018766777429644,128,disp_W1,disp_W1,2112,2,1.0009661434880102,1,0.031573827508636354,1.0,reference_production_4,ok,fc9da6235fb1548d828cf68d55d93c2f858e835b161969d4cc33b00e5e83b603,shallow_m0064_r2
2,shallow,final_geometry_v15_20260930,4327fe4ece9317f6fd20fad18389a71e9b1f423b,32,70.88695873691437,0.12676846978975229,True,70.96684133671485,2716.695006047385,2732.7201595259967,5140.726496309587,e47deff70dcfb5c1294d8dc3ac5b42f0d32a2dab919cace5fa3b78a862394184,0,True,,218,65535,full_posterior,256,0.06603791897966554,70.9269000368146,128,V,V,8448,0,1.000635615015893,1,3.801828486801262,1.0,reference_production_4,ok,5ffcf34dcb33edbff8ac327910bb107a5523c19a0d0683299bb0c37d97e4b101,shallow_m0256_r0
2,shallow,final_geometry_v15_20260930,4327fe4ece9317f6fd20fad18389a71e9b1f423b,32,4298.908609968164,1.64437146877032,True,4299.2032644453775,5210.938407007956,5198.03706910546,11066.681012467265,e47deff70dcfb5c1294d8dc3ac5b42f0d32a2dab919cace5fa3b78a862394184,0,True,,128,65535,full_posterior,256,0.857958928513674,4299.055937206772,128,U,U,8448,0,1.000781389244047,1,64.54076559456695,1.0,reference_production_4,ok,5ffcf34dcb33edbff8ac327910bb107a5523c19a0d0683299bb0c37d97e4b101,shallow_m0256_r0
2,shallow,final_geometry_v15_20260930,4327fe4ece9317f6fd20fad18389a71e9b1f423b,32,1.1817585619988031,0.013170222588117468,True,1.186144947380927,5780.935254174918,5773.4446638658865,12525.313914468768,e47deff70dcfb5c1294d8dc3ac5b42f0d32a2dab919cace5fa3b78a862394184,0,True,,148,65535,full_posterior,256,0.006810416715623477,1.1839517546898655,128,train_logit_0,train_logit_0,8448,0,1.00025230510142,1,0.5455309982430798,1.0,reference_production_4,ok,5ffcf34dcb33edbff8ac327910bb107a5523c19a0d0683299bb0c37d97e4b101,shallow_m0256_r0
2,shallow,final_geometry_v15_20260930,4327fe4ece9317f6fd20fad18389a71e9b1f423b,32,-0.00993004871266081,0.012392277947193879,True,-0.028586338159105676,6043.973995700465,6053.429383840455,13455.649256131697,e47deff70dcfb5c1294d8dc3ac5b42f0d32a2dab919cace5fa3b78a862394184,0,True,,244,65535,full_posterior,256,0.006527150537515058,-0.019258193435883246,128,train_logit_16,train_logit_16,8448,0,1.0005229911459672,1,0.5338029665121121,1.0,reference_production_4,ok,5ffcf34dcb33edbff8ac327910bb107a5523c19a0d0683299bb0c37d97e4b101,shallow_m0256_r0
2,shallow,final_geometry_v15_20260930,4327fe4ece9317f6fd20fad18389a71e9b1f423b,32,0.6454234512282726,0.01369661065254712,True,0.6558231746340748,5605.764412478423,5590.457904967699,12902.69134428873,e47deff70dcfb5c1294d8dc3ac5b42f0d32a2dab919cace5fa3b78a862394184,0,True,,226,65535,full_posterior,256,0.00689811747626809,0.6506233129311735,128,train_logit_32,train_logit_32,8448,0,1.0003868819313986,1,0.5586364366175893,1.0,reference_production_4,ok,5ffcf34dcb33edbff8ac327910bb107a5523c19a0d0683299bb0c37d97e4b101,shallow_m0256_r0
2,shallow,final_geometry_v15_20260930,4327fe4ece9317f6fd20fad18389a71e9b1f423b,32,0.5732953406138275,0.013499763805202325,True,0.5863257715997338,5710.926796333837,5701.881445125876,12275.588382926611,e47deff70dcfb5c1294d8dc3ac5b42f0d32a2dab919cace5fa3b78a862394184,0,True,,208,65535,full_posterior,256,0.006934431320793983,0.5798105561067806,128,train_logit_48,train_logit_48,8448,0,1.0008783269970087,1,0.5588208968292465,1.0,reference_production_4,ok,5ffcf34dcb33edbff8ac327910bb107a5523c19a0d0683299bb0c37d97e4b101,shallow_m0256_r0
2,shallow,final_geometry_v15_20260930,4327fe4ece9317f6fd20fad18389a71e9b1f423b,32,0.8567797123985494,0.013042453229298213,True,0.8427508809348554,5862.409639369039,5851.700471322318,12617.811648776144,e47deff70dcfb5c1294d8dc3ac5b42f0d32a2dab919cace5fa3b78a862394184,0,True,,218,65535,full_posterior,256,0.006726513914076666,0.8497652966667023,128,train_logit_64,train_logit_64,8448,0,1.0012958346857563,1,0.5450852806061772,1.0,reference_production_4,ok,5ffcf34dcb33edbff8ac327910bb107a5523c19a0d0683299bb0c37d97e4b101,shallow_m0256_r0
2,shallow,final_geometry_v15_20260930,4327fe4ece9317f6fd20fad18389a71e9b1f423b,32,-1.09377479144936,0.014131760824589073,True,-1.111203483403859,5106.663335406851,5100.096817621452,11666.702949012337,e47deff70dcfb5c1294d8dc3ac5b42f0d32a2dab919cace5fa3b78a862394184,0,True,,188,65535,full_posterior,256,0.007289323469017752,-1.1024891374266095,128,train_logit_80,train_logit_80,8448,0,1.000442972253025,1,0.5595582978717073,1.0,reference_production_4,ok,5ffcf34dcb33edbff8ac327910bb107a5523c19a0d0683299bb0c37d97e4b101,shallow_m0256_r0
2,shallow,final_geometry_v15_20260930,4327fe4ece9317f6fd20fad18389a71e9b1f423b,32,0.7554114272455572,0.013640763481979864,True,0.7683951092050314,5670.049613682196,5647.471552659658,11833.734109792185,e47deff70dcfb5c1294d8dc3ac5b42f0d32a2dab919cace5fa3b78a862394184,0,True,,296,65535,full_posterior,256,0.006912101564526941,0.7619032682252942,128,train_logit_96,train_logit_96,8448,0,1.0007863515435869,1,0.5544645008532051,1.0,reference_production_4,ok,5ffcf34dcb33edbff8ac327910bb107a5523c19a0d0683299bb0c37d97e4b101,shallow_m0256_r0
2,shallow,final_geometry_v15_20260930,4327fe4ece9317f6fd20fad18389a71e9b1f423b,32,0.3098540825982644,0.012186790400385967,True,0.2750333804194923,6242.221938859609,6207.696983798765,15171.396544331474,e47deff70dcfb5c1294d8dc3ac5b42f0d32a2dab919cace5fa3b78a862394184,0,True,,340,65535,full_posterior,256,0.006333865190646888,0.2924437315088784,128,train_logit_112,train_logit_112,8448,0,1.001150467743812,1,0.5344669892926032,1.0,reference_production_4,ok,5ffcf34dcb33edbff8ac327910bb107a5523c19a0d0683299bb0c37d97e4b101,shallow_m0256_r0
2,shallow,final_geometry_v15_20260930,4327fe4ece9317f6fd20fad18389a71e9b1f423b,32,0.4998195443704012,0.004580934150448166,True,0.4976950477938094,5539.227929077363,5539.819913222426,11330.648367510274,e47deff70dcfb5c1294d8dc3ac5b42f0d32a2dab919cace5fa3b78a862394184,0,True,,160,65535,full_posterior,256,0.002322637322062925,0.4987572960821053,128,test_prob_0,test_prob_0,8448,0,1.0002803422088478,1,0.18329159738102632,1.0,reference_production_4,ok,5ffcf34dcb33edbff8ac327910bb107a5523c19a0d0683299bb0c37d97e4b101,shallow_m0256_r0
2,shallow,final_geometry_v15_20260930,4327fe4ece9317f6fd20fad18389a71e9b1f423b,32,0.6764761524742597,0.00413361451053287,True,0.6734031385145539,5055.19327745769,5201.830244515697,9755.497841798498,e47deff70dcfb5c1294d8dc3ac5b42f0d32a2dab919cace5fa3b78a862394184,0,True,,188,65535,full_posterior,256,0.0021344186467485366,0.6749396454944069,128,test_prob_128,test_prob_128,8448,0,1.0008268178359514,1,0.16489538265931292,1.0,reference_production_4,ok,5ffcf34dcb33edbff8ac327910bb107a5523c19a0d0683299bb0c37d97e4b101,shallow_m0256_r0
2,shallow,final_geometry_v15_20260930,4327fe4ece9317f6fd20fad18389a71e9b1f423b,32,0.70592591179737,0.003786162113855555,True,0.7109114959552703,4880.159550947769,5001.4215350356935,11289.734653183528,e47deff70dcfb5c1294d8dc3ac5b42f0d32a2dab919cace5fa3b78a862394184,0,True,,268,65535,full_posterior,256,0.0019772105428105128,0.7084187038763203,128,test_prob_256,test_prob_256,8448,0,1.000772469664519,1,0.15200999054414588,1.0,reference_production_4,ok,5ffcf34dcb33edbff8ac327910bb107a5523c19a0d0683299bb0c37d97e4b101,shallow_m0256_r0
2,shallow,final_geometry_v15_20260930,4327fe4ece9317f6fd20fad18389a71e9b1f423b,32,0.292719416440663,0.003978073500017127,True,0.2983611364810997,4624.857048976119,4809.05353775721,10772.79605110853,e47deff70dcfb5c1294d8dc3ac5b42f0d32a2dab919cace5fa3b78a862394184,0,True,,338,65535,full_posterior,256,0.002048268184268495,0.29554027646088127,128,test_prob_384,test_prob_384,8448,0,1.0005965988585594,1,0.15558629558101078,1.0,reference_production_4,ok,5ffcf34dcb33edbff8ac327910bb107a5523c19a0d0683299bb0c37d97e4b101,shallow_m0256_r0
2,shallow,final_geometry_v15_20260930,4327fe4ece9317f6fd20fad18389a71e9b1f423b,32,0.6712541527945558,0.004040599564431715,True,0.6705752517312786,5229.255244672688,5351.071283168754,11465.154705900306,e47deff70dcfb5c1294d8dc3ac5b42f0d32a2dab919cace5fa3b78a862394184,0,True,,170,65535,full_posterior,256,0.0020790991236748183,0.6709147022629172,128,test_prob_512,test_prob_512,8448,0,1.0005999614153263,1,0.1630759884999807,1.0,reference_production_4,ok,5ffcf34dcb33edbff8ac327910bb107a5523c19a0d0683299bb0c37d97e4b101,shallow_m0256_r0
2,shallow,final_geometry_v15_20260930,4327fe4ece9317f6fd20fad18389a71e9b1f423b,32,0.3616644420241169,0.0040627637513677055,True,0.352392798064713,5568.585119545947,5590.60454544072,12031.243115566236,e47deff70dcfb5c1294d8dc3ac5b42f0d32a2dab919cace5fa3b78a862394184,0,True,,142,65535,full_posterior,256,0.002114382641310234,0.35702862004441493,128,test_prob_640,test_prob_640,8448,0,1.0008333105297722,1,0.1665466930468625,1.0,reference_production_4,ok,5ffcf34dcb33edbff8ac327910bb107a5523c19a0d0683299bb0c37d97e4b101,shallow_m0256_r0
2,shallow,final_geometry_v15_20260930,4327fe4ece9317f6fd20fad18389a71e9b1f423b,32,0.5103510096031978,0.0046064861208015544,True,0.49991726684194476,4952.383445569988,4979.6751691747495,11975.629763214974,e47deff70dcfb5c1294d8dc3ac5b42f0d32a2dab919cace5fa3b78a862394184,0,True,,224,65535,full_posterior,256,0.0023599891446493,0.5051341382225714,128,test_prob_768,test_prob_768,8448,0,1.0009203318148223,1,0.18139186935242657,1.0,reference_production_4,ok,5ffcf34dcb33edbff8ac327910bb107a5523c19a0d0683299bb0c37d97e4b101,shallow_m0256_r0
2,shallow,final_geometry_v15_20260930,4327fe4ece9317f6fd20fad18389a71e9b1f423b,32,0.48643880660171884,0.004442416773463735,True,0.49093971459946556,5700.561919828113,5709.694231162877,12250.690740286766,e47deff70dcfb5c1294d8dc3ac5b42f0d32a2dab919cace5fa3b78a862394184,0,True,,150,65535,full_posterior,256,0.002268909005902375,0.48868926060059226,128,test_prob_896,test_prob_896,8448,0,1.000322696516756,1,0.18075065175349522,1.0,reference_production_4,ok,5ffcf34dcb33edbff8ac327910bb107a5523c19a0d0683299bb0c37d97e4b101,shallow_m0256_r0
2,shallow,final_geometry_v15_20260930,4327fe4ece9317f6fd20fad18389a71e9b1f423b,32,0.029442251842307053,0.016041350762123978,True,0.06362800304999972,5190.912735349536,4910.49584791999,6795.944516942851,e47deff70dcfb5c1294d8dc3ac5b42f0d32a2dab919cace5fa3b78a862394184,0,True,,252,65535,full_posterior,256,0.008259148548107158,0.04653512744615338,128,interaction_0,interaction_0,8448,0,1.0014569789744208,1,0.6184686882986531,1.0,reference_production_4,ok,5ffcf34dcb33edbff8ac327910bb107a5523c19a0d0683299bb0c37d97e4b101,shallow_m0256_r0
2,shallow,final_geometry_v15_20260930,4327fe4ece9317f6fd20fad18389a71e9b1f423b,32,0.024091483202795805,0.015697333950629524,True,0.024958680703699207,5465.780245261896,5203.590583070407,7434.601839233719,e47deff70dcfb5c1294d8dc3ac5b42f0d32a2dab919cace5fa3b78a862394184,0,True,,210,65535,full_posterior,256,0.00809760515193054,0.024525081953247506,128,interaction_1,interaction_1,8448,0,1.0012216022893063,1,0.6222104777513014,1.0,reference_production_4,ok,5ffcf34dcb33edbff8ac327910bb107a5523c19a0d0683299bb0c37d97e4b101,shallow_m0256_r0
2,shallow,final_geometry_v15_20260930,4327fe4ece9317f6fd20fad18389a71e9b1f423b,32,0.02777967630178182,0.01664263435128576,True,0.027900703373307006,4692.870883927764,4568.018635769676,7271.400439077175,e47deff70dcfb5c1294d8dc3ac5b42f0d32a2dab919cace5fa3b78a862394184,0,True,,310,65535,full_posterior,256,0.008554997548943625,0.027840189837544417,128,interaction_2,interaction_2,8448,0,1.0004819623058911,1,0.6301606560299371,1.0,reference_production_4,ok,5ffcf34dcb33edbff8ac327910bb107a5523c19a0d0683299bb0c37d97e4b101,shallow_m0256_r0
2,shallow,final_geometry_v15_20260930,4327fe4ece9317f6fd20fad18389a71e9b1f423b,32,0.011082931969372664,0.01700654379090858,True,0.032682949958837866,5344.4182522924,5141.422864510051,7064.507383405861,e47deff70dcfb5c1294d8dc3ac5b42f0d32a2dab919cace5fa3b78a862394184,0,True,,120,65535,full_posterior,256,0.008581970570236578,0.02188294096410527,128,interaction_3,interaction_3,8448,0,1.0005481039632291,1,0.6535966147630782,1.0,reference_production_4,ok,5ffcf34dcb33edbff8ac327910bb107a5523c19a0d0683299bb0c37d97e4b101,shallow_m0256_r0
2,shallow,final_geometry_v15_20260930,4327fe4ece9317f6fd20fad18389a71e9b1f423b,32,-0.22164364180386054,0.03308429820279745,True,-0.21756548685033264,2571.1837816472216,2569.4262777559566,5201.668397133061,e47deff70dcfb5c1294d8dc3ac5b42f0d32a2dab919cace5fa3b78a862394184,0,True,,340,65535,full_posterior,256,0.01707278609992984,-0.21960456432709663,128,q_A,q_A,8448,0,1.0010670447186143,1,0.9973421476366156,1.0,reference_production_4,ok,5ffcf34dcb33edbff8ac327910bb107a5523c19a0d0683299bb0c37d97e4b101,shallow_m0256_r0
2,shallow,final_geometry_v15_20260930,4327fe4ece9317f6fd20fad18389a71e9b1f423b,32,-0.05016551265286538,0.033626653102433,True,0.035626547945595916,2606.1332431758565,2606.5620167486413,5361.961338569121,e47deff70dcfb5c1294d8dc3ac5b42f0d32a2dab919cace5fa3b78a862394184,0,True,,288,65535,full_posterior,256,0.017653089805030667,-0.007269482353634733,128,q_W,q_W,8448,0,1.0020656255513538,1,1.0101193661864418,1.0,reference_production_4,ok,5ffcf34dcb33edbff8ac327910bb107a5523c19a0d0683299bb0c37d97e4b101,shallow_m0256_r0
2,shallow,final_geometry_v15_20260930,4327fe4ece9317f6fd20fad18389a71e9b1f423b,32,1.0180115187394163,0.0023433648862227503,True,1.0170271163532227,5189.251505989204,5164.192873144389,9805.621561168846,e47deff70dcfb5c1294d8dc3ac5b42f0d32a2dab919cace5fa3b78a862394184,0,True,,114,65535,full_posterior,256,0.0011769885849828097,1.0175193175463193,128,disp_A,disp_A,8448,0,1.0004506434726161,1,0.08960477825014328,1.0,reference_production_4,ok,5ffcf34dcb33edbff8ac327910bb107a5523c19a0d0683299bb0c37d97e4b101,shallow_m0256_r0
2,shallow,final_geometry_v15_20260930,4327fe4ece9317f6fd20fad18389a71e9b1f423b,32,1.0004189884845227,0.0003964392574892679,True,1.0005021855994751,5141.545213719716,5108.835864528697,11104.999941774444,e47deff70dcfb5c1294d8dc3ac5b42f0d32a2dab919cace5fa3b78a862394184,0,True,,248,65535,full_posterior,256,0.00020759052128756388,1.000460587041999,128,disp_W1,disp_W1,8448,0,1.0008302452420115,1,0.015494138027422522,1.0,reference_production_4,ok,5ffcf34dcb33edbff8ac327910bb107a5523c19a0d0683299bb0c37d97e4b101,shallow_m0256_r0
2,shallow,final_geometry_v15_20260930,4327fe4ece9317f6fd20fad18389a71e9b1f423b,32,56.32296941170155,0.15338468020141272,True,56.32007918015812,2246.985674249622,2263.164135256808,4045.099054960355,b702cde550be752af2f1f36c00d7eabaee48cbb1c2b5b635f1ade6b8bbe92baa,0,True,,256,65535,full_posterior,256,0.08372175108174343,56.32152429592984,128,V,V,8448,1,1.0025120343280518,1,4.38270698998166,1.0,reference_production_4,ok,8f5887633c4c57f2ac0982e01a15dae641286ed569accf33e93d0425c2b98209,shallow_m0256_r1
2,shallow,final_geometry_v15_20260930,4327fe4ece9317f6fd20fad18389a71e9b1f423b,32,4287.816133351006,1.8132338733401576,True,4287.463499648836,4121.51428472635,4113.193685631083,7947.328836744107,b702cde550be752af2f1f36c00d7eabaee48cbb1c2b5b635f1ade6b8bbe92baa,0,True,,180,65535,full_posterior,256,0.9352464838184048,4287.639816499921,128,U,U,8448,1,1.0009487123608907,1,64.99355614011526,1.0,reference_production_4,ok,8f5887633c4c57f2ac0982e01a15dae641286ed569accf33e93d0425c2b98209,shallow_m0256_r1
2,shallow,final_geometry_v15_20260930,4327fe4ece9317f6fd20fad18389a71e9b1f423b,32,0.31960321232387023,0.014795553436989017,True,0.322916049028131,4436.931758550253,4455.785094111732,11289.057172222638,b702cde550be752af2f1f36c00d7eabaee48cbb1c2b5b635f1ade6b8bbe92baa,0,True,,530,65535,full_posterior,256,0.007656671216621085,0.32125963067600066,128,train_logit_0,train_logit_0,8448,1,1.000549385663645,1,0.5656247706619253,1.0,reference_production_4,ok,8f5887633c4c57f2ac0982e01a15dae641286ed569accf33e93d0425c2b98209,shallow_m0256_r1
2,shallow,final_geometry_v15_20260930,4327fe4ece9317f6fd20fad18389a71e9b1f423b,32,0.8847278772141347,0.014563281080154807,True,0.8594710572745311,4260.237188529516,4272.569484113146,9071.933667815487,b702cde550be752af2f1f36c00d7eabaee48cbb1c2b5b635f1ade6b8bbe92baa,0,True,,430,65535,full_posterior,256,0.007526511985942266,0.8720994672443331,128,train_logit_16,train_logit_16,8448,1,1.0004669147406404,1,0.556856624790454,1.0,reference_production_4,ok,8f5887633c4c57f2ac0982e01a15dae641286ed569accf33e93d0425c2b98209,shallow_m0256_r1
2,shallow,final_geometry_v15_20260930,4327fe4ece9317f6fd20fad18389a71e9b1f423b,32,-0.03263727789746973,0.014453956709915429,True,-0.0363773446332984,5031.405469847319,5024.3843709655,11113.986837375405,b702cde550be752af2f1f36c00d7eabaee48cbb1c2b5b635f1ade6b8bbe92baa,0,True,,170,65535,full_posterior,256,0.007254921065640306,-0.034507311265384054,128,train_logit_32,train_logit_32,8448,1,1.0003112519552264,1,0.5577687054434816,1.0,reference_production_4,ok,8f5887633c4c57f2ac0982e01a15dae641286ed569accf33e93d0425c2b98209,shallow_m0256_r1
2,shallow,final_geometry_v15_20260930,4327fe4ece9317f6fd20fad18389a71e9b1f423b,32,-1.2094567430139256,0.015219835189882392,True,-1.247791785506635,4817.288783550213,4813.71448842616,9998.579021411031,b702cde550be752af2f1f36c00d7eabaee48cbb1c2b5b635f1ade6b8bbe92baa,0,True,,142,65535,full_posterior,256,0.007900757628104603,-1.2286242642602805,128,train_logit_48,train_logit_48,8448,1,1.0012805208586955,1,0.5785248892011561,1.0,reference_production_4,ok,8f5887633c4c57f2ac0982e01a15dae641286ed569accf33e93d0425c2b98209,shallow_m0256_r1
2,shallow,final_geometry_v15_20260930,4327fe4ece9317f6fd20fad18389a71e9b1f423b,32,0.9554923830499507,0.014928911147915051,True,0.9644323553993793,4871.172910518439,4872.4298346159685,10768.233217320269,b702cde550be752af2f1f36c00d7eabaee48cbb1c2b5b635f1ade6b8bbe92baa,0,True,,182,65535,full_posterior,256,0.007541616048100223,0.9599623692246647,128,train_logit_64,train_logit_64,8448,1,1.0004157743013289,1,0.5681663165360735,1.0,reference_production_4,ok,8f5887633c4c57f2ac0982e01a15dae641286ed569accf33e93d0425c2b98209,shallow_m0256_r1
2,shallow,final_geometry_v15_20260930,4327fe4ece9317f6fd20fad18389a71e9b1f423b,32,1.044204639469012,0.01447270449142882,True,1.0419085580324847,4832.195443791343,4828.827698038656,11469.2658720253,b702cde550be752af2f1f36c00d7eabaee48cbb1c2b5b635f1ade6b8bbe92baa,0,True,,476,65535,full_posterior,256,0.007551633218903175,1.0430565987507485,128,train_logit_80,train_logit_80,8448,1,1.0004316021099406,1,0.5594269098786767,1.0,reference_production_4,ok,8f5887633c4c57f2ac0982e01a15dae641286ed569accf33e93d0425c2b98209,shallow_m0256_r1
2,shallow,final_geometry_v15_20260930,4327fe4ece9317f6fd20fad18389a71e9b1f423b,32,0.000623351478341199,0.014165333521682684,True,0.014222953332710448,5480.0503431378265,5461.860585622368,10791.91526245922,b702cde550be752af2f1f36c00d7eabaee48cbb1c2b5b635f1ade6b8bbe92baa,0,True,,158,65535,full_posterior,256,0.007176858614326881,0.007423152405525824,128,train_logit_96,train_logit_96,8448,1,1.0004817270024235,1,0.5668874733292913,1.0,reference_production_4,ok,8f5887633c4c57f2ac0982e01a15dae641286ed569accf33e93d0425c2b98209,shallow_m0256_r1
2,shallow,final_geometry_v15_20260930,4327fe4ece9317f6fd20fad18389a71e9b1f423b,32,-0.5823045998320573,0.014535446293188679,True,-0.5706679851259487,4995.748721973984,4991.848331203353,10399.62859265084,b702cde550be752af2f1f36c00d7eabaee48cbb1c2b5b635f1ade6b8bbe92baa,0,True,,412,65535,full_posterior,256,0.007360699965954622,-0.5764862924790031,128,train_logit_112,train_logit_112,8448,1,1.0009771592117156,1,0.5616338153473347,1.0,reference_production_4,ok,8f5887633c4c57f2ac0982e01a15dae641286ed569accf33e93d0425c2b98209,shallow_m0256_r1
2,shallow,final_geometry_v15_20260930,4327fe4ece9317f6fd20fad18389a71e9b1f423b,32,0.5231287306584479,0.004716779425090658,True,0.5219652623237333,4814.526402589287,4879.090766747976,10237.437159539011,b702cde550be752af2f1f36c00d7eabaee48cbb1c2b5b635f1ade6b8bbe92baa,0,True,,174,65535,full_posterior,256,0.0024182189612942102,0.5225469964910906,128,test_prob_0,test_prob_0,8448,1,1.0003456613049218,1,0.18055594932849392,1.0,reference_production_4,ok,8f5887633c4c57f2ac0982e01a15dae641286ed569accf33e93d0425c2b98209,shallow_m0256_r1
2,shallow,final_geometry_v15_20260930,4327fe4ece9317f6fd20fad18389a71e9b1f423b,32,0.30520413832460974,0.004237818070014099,True,0.31313712659644316,4647.095114728357,4780.300196602867,10101.469212063159,b702cde550be752af2f1f36c00d7eabaee48cbb1c2b5b635f1ade6b8bbe92baa,0,True,,170,65535,full_posterior,256,0.0021813653096640706,0.30917063246052656,128,test_prob_128,test_prob_128,8448,1,1.0007090707571646,1,0.1596285440882773,1.0,reference_production_4,ok,8f5887633c4c57f2ac0982e01a15dae641286ed569accf33e93d0425c2b98209,shallow_m0256_r1
2,shallow,final_geometry_v15_20260930,4327fe4ece9317f6fd20fad18389a71e9b1f423b,32,0.44793192782289243,0.004724471505580391,True,0.4506793517767895,4625.221664097871,4621.009266055971,10993.423172562085,b702cde550be752af2f1f36c00d7eabaee48cbb1c2b5b635f1ade6b8bbe92baa,0,True,,320,65535,full_posterior,256,0.0024796324641176226,0.44930563979984095,128,test_prob_256,test_prob_256,8448,1,1.0006526985823934,1,0.1799775468248695,1.0,reference_production_4,ok,8f5887633c4c57f2ac0982e01a15dae641286ed569accf33e93d0425c2b98209,shallow_m0256_r1
2,shallow,final_geometry_v15_20260930,4327fe4ece9317f6fd20fad18389a71e9b1f423b,32,0.7872946401960982,0.0032115938451555293,True,0.7877420099981076,4596.7935064041985,4880.699567536209,9568.233888151679,b702cde550be752af2f1f36c00d7eabaee48cbb1c2b5b635f1ade6b8bbe92baa,0,True,,292,65535,full_posterior,256,0.001643697481547378,0.7875183250971028,128,test_prob_384,test_prob_384,8448,1,1.0012349333145523,1,0.1254931672797206,1.0,reference_production_4,ok,8f5887633c4c57f2ac0982e01a15dae641286ed569accf33e93d0425c2b98209,shallow_m0256_r1
2,shallow,final_geometry_v15_20260930,4327fe4ece9317f6fd20fad18389a71e9b1f423b,32,0.47651095904800983,0.004945539665122173,True,0.4782953174640554,4379.069795451981,4403.824164733068,9919.56452981158,b702cde550be752af2f1f36c00d7eabaee48cbb1c2b5b635f1ade6b8bbe92baa,0,True,,222,65535,full_posterior,256,0.00257698124753721,0.4774031382560325,128,test_prob_512,test_prob_512,8448,1,1.0005695924675715,1,0.183785345136773,1.0,reference_production_4,ok,8f5887633c4c57f2ac0982e01a15dae641286ed569accf33e93d0425c2b98209,shallow_m0256_r1
2,shallow,final_geometry_v15_20260930,4327fe4ece9317f6fd20fad18389a71e9b1f423b,32,0.5667604158436761,0.0047487628650446515,True,0.5653115759403007,4769.864011251587,4810.9474694116125,10281.426572546427,b702cde550be752af2f1f36c00d7eabaee48cbb1c2b5b635f1ade6b8bbe92baa,0,True,,138,65535,full_posterior,256,0.0024971001318121163,0.5660359958919883,128,test_prob_640,test_prob_640,8448,1,1.0007988779645856,1,0.1813889944040174,1.0,reference_production_4,ok,8f5887633c4c57f2ac0982e01a15dae641286ed569accf33e93d0425c2b98209,shallow_m0256_r1
2,shallow,final_geometry_v15_20260930,4327fe4ece9317f6fd20fad18389a71e9b1f423b,32,0.5178069479914679,0.004682054394787824,True,0.5194179142002293,4941.989142287538,4953.888769782727,10845.949921626143,b702cde550be752af2f1f36c00d7eabaee48cbb1c2b5b635f1ade6b8bbe92baa,0,True,,172,65535,full_posterior,256,0.002449266592409295,0.5186124310958484,128,test_prob_768,test_prob_768,8448,1,1.0012600260728064,1,0.17969154792859374,1.0,reference_production_4,ok,8f5887633c4c57f2ac0982e01a15dae641286ed569accf33e93d0425c2b98209,shallow_m0256_r1
2,shallow,final_geometry_v15_20260930,4327fe4ece9317f6fd20fad18389a71e9b1f423b,32,0.5228075247922764,0.004932382270684737,True,0.516554037986906,4589.052031279518,4626.459531509223,10397.06500433126,b702cde550be752af2f1f36c00d7eabaee48cbb1c2b5b635f1ade6b8bbe92baa,0,True,,166,65535,full_posterior,256,0.0025363281790928855,0.5196807813895913,128,test_prob_896,test_prob_896,8448,1,1.0022589805666409,1,0.1847569621747024,1.0,reference_production_4,ok,8f5887633c4c57f2ac0982e01a15dae641286ed569accf33e93d0425c2b98209,shallow_m0256_r1
2,shallow,final_geometry_v15_20260930,4327fe4ece9317f6fd20fad18389a71e9b1f423b,32,0.0383104666143277,0.01807397538781405,True,0.015078859610386486,4439.504388092879,4171.223896273142,5994.593792173275,b702cde550be752af2f1f36c00d7eabaee48cbb1c2b5b635f1ade6b8bbe92baa,0,True,,252,65535,full_posterior,256,0.009224430761191818,0.026694663112357096,128,interaction_0,interaction_0,8448,1,1.0007489593443606,1,0.643422988183587,1.0,reference_production_4,ok,8f5887633c4c57f2ac0982e01a15dae641286ed569accf33e93d0425c2b98209,shallow_m0256_r1
2,shallow,final_geometry_v15_20260930,4327fe4ece9317f6fd20fad18389a71e9b1f423b,32,0.043628872755645205,0.017835818734781725,True,0.01849498816274202,4251.970821496358,4124.79657155118,5564.566491302803,b702cde550be752af2f1f36c00d7eabaee48cbb1c2b5b635f1ade6b8bbe92baa,0,True,,326,65535,full_posterior,256,0.00927680690962174,0.031061930459193615,128,interaction_1,interaction_1,8448,1,1.0007486911171235,1,0.6470938800082616,1.0,reference_production_4,ok,8f5887633c4c57f2ac0982e01a15dae641286ed569accf33e93d0425c2b98209,shallow_m0256_r1
2,shallow,final_geometry_v15_20260930,4327fe4ece9317f6fd20fad18389a71e9b1f423b,32,-0.02273004767451806,0.018199177261850816,True,-0.050492497820887064,4588.535994323604,4442.041996308057,6444.17804918558,b702cde550be752af2f1f36c00d7eabaee48cbb1c2b5b635f1ade6b8bbe92baa,0,True,,126,65535,full_posterior,256,0.009295635677803503,-0.03661127274770255,128,interaction_2,interaction_2,8448,1,1.0004610922856434,1,0.6626239428831971,1.0,reference_production_4,ok,8f5887633c4c57f2ac0982e01a15dae641286ed569accf33e93d0425c2b98209,shallow_m0256_r1
2,shallow,final_geometry_v15_20260930,4327fe4ece9317f6fd20fad18389a71e9b1f423b,32,-0.06445971211052702,0.01838842293230937,True,-0.0426368804388188,4133.6074630404555,3965.1526843418324,5603.519821954348,b702cde550be752af2f1f36c00d7eabaee48cbb1c2b5b635f1ade6b8bbe92baa,0,True,,256,65535,full_posterior,256,0.009704709770352845,-0.05354829627467292,128,interaction_3,interaction_3,8448,1,1.0009939894445414,1,0.6601236903972758,1.0,reference_production_4,ok,8f5887633c4c57f2ac0982e01a15dae641286ed569accf33e93d0425c2b98209,shallow_m0256_r1
2,shallow,final_geometry_v15_20260930,4327fe4ece9317f6fd20fad18389a71e9b1f423b,32,0.48104981334885366,0.03448538113491797,True,0.4902722191627776,2178.6010844169236,2184.787108437028,4651.093616732374,b702cde550be752af2f1f36c00d7eabaee48cbb1c2b5b635f1ade6b8bbe92baa,0,True,,388,65535,full_posterior,256,0.018133283353326556,0.48566101625581576,128,q_A,q_A,8448,1,1.001886033205319,1,0.9905925649538371,1.0,reference_production_4,ok,8f5887633c4c57f2ac0982e01a15dae641286ed569accf33e93d0425c2b98209,shallow_m0256_r1
2,shallow,final_geometry_v15_20260930,4327fe4ece9317f6fd20fad18389a71e9b1f423b,32,-0.045874340883848494,0.034402131264231535,True,-0.07642573256054605,2466.2650047083202,2453.765002179274,4659.1841379685575,b702cde550be752af2f1f36c00d7eabaee48cbb1c2b5b635f1ade6b8bbe92baa,0,True,,290,65535,full_posterior,256,0.018059346948085326,-0.06115003672219729,128,q_W,q_W,8448,1,1.0019802014682517,1,0.9897498598782202,1.0,reference_production_4,ok,8f5887633c4c57f2ac0982e01a15dae641286ed569accf33e93d0425c2b98209,shallow_m0256_r1
2,shallow,final_geometry_v15_20260930,4327fe4ece9317f6fd20fad18389a71e9b1f423b,32,1.0482418305052288,0.002472945442423573,True,1.050301062152073,4295.7538227283985,4288.105913803246,7887.754186308812,b702cde550be752af2f1f36c00d7eabaee48cbb1c2b5b635f1ade6b8bbe92baa,0,True,,186,65535,full_posterior,256,0.0012968097602990708,1.0492714463286508,128,disp_A,disp_A,8448,1,1.0003831569798243,1,0.09046646344706373,1.0,reference_production_4,ok,8f5887633c4c57f2ac0982e01a15dae641286ed569accf33e93d0425c2b98209,shallow_m0256_r1
2,shallow,final_geometry_v15_20260930,4327fe4ece9317f6fd20fad18389a71e9b1f423b,32,1.0003218285240807,0.0004379384003570519,True,1.0001720909456084,4080.1515706850564,4072.6714426184235,7867.595580636904,b702cde550be752af2f1f36c00d7eabaee48cbb1c2b5b635f1ade6b8bbe92baa,0,True,,180,65535,full_posterior,256,0.00022713163123472014,1.0002469597348445,128,disp_W1,disp_W1,8448,1,1.000961280734593,1,0.015671934117774327,1.0,reference_production_4,ok,8f5887633c4c57f2ac0982e01a15dae641286ed569accf33e93d0425c2b98209,shallow_m0256_r1
2,shallow,final_geometry_v15_20260930,4327fe4ece9317f6fd20fad18389a71e9b1f423b,32,64.71118500977474,0.13411187868557417,True,64.82664085646127,2492.487802367127,2515.01817079581,4980.801856284588,1a93c14011fadc3517c1338c414e33dc5df1f74e820e26dc3412b4b3f497e934,0,True,,292,65535,full_posterior,256,0.07057360460239559,64.768912933118,128,V,V,8448,2,1.0012291266089892,1,4.00189153187635,1.0,reference_production_4,ok,2b0a25edaba13f9bb4eae0a84a065effa6848903405ea8fc1871d85b581b5ff9,shallow_m0256_r2
2,shallow,final_geometry_v15_20260930,4327fe4ece9317f6fd20fad18389a71e9b1f423b,32,4292.157790655644,1.7051708482319643,True,4291.978887565135,4903.219247741637,4898.780519370281,9956.53190503568,1a93c14011fadc3517c1338c414e33dc5df1f74e820e26dc3412b4b3f497e934,0,True,,122,65535,full_posterior,256,0.870174669560965,4292.0683391103885,128,U,U,8448,2,1.0006226389854522,1,64.94089544398855,1.0,reference_production_4,ok,2b0a25edaba13f9bb4eae0a84a065effa6848903405ea8fc1871d85b581b5ff9,shallow_m0256_r2
2,shallow,final_geometry_v15_20260930,4327fe4ece9317f6fd20fad18389a71e9b1f423b,32,-0.43738078688075566,0.014639190555015868,True,-0.41935802830786995,5341.279476677674,5337.651352085236,11750.430675774194,1a93c14011fadc3517c1338c414e33dc5df1f74e820e26dc3412b4b3f497e934,0,True,,192,65535,full_posterior,256,0.007377203084101696,-0.428369407594313,128,train_logit_0,train_logit_0,8448,2,1.000592338920874,1,0.5777032341628863,1.0,reference_production_4,ok,2b0a25edaba13f9bb4eae0a84a065effa6848903405ea8fc1871d85b581b5ff9,shallow_m0256_r2
2,shallow,final_geometry_v15_20260930,4327fe4ece9317f6fd20fad18389a71e9b1f423b,32,0.3263783856709654,0.013415004181359762,True,0.33738154689881383,5472.220301632423,5488.091465553745,12157.512171465256,1a93c14011fadc3517c1338c414e33dc5df1f74e820e26dc3412b4b3f497e934,0,True,,354,65535,full_posterior,256,0.006786079043931173,0.33187996628488964,128,train_logit_16,train_logit_16,8448,2,1.0011224873651652,1,0.5467756955353482,1.0,reference_production_4,ok,2b0a25edaba13f9bb4eae0a84a065effa6848903405ea8fc1871d85b581b5ff9,shallow_m0256_r2
2,shallow,final_geometry_v15_20260930,4327fe4ece9317f6fd20fad18389a71e9b1f423b,32,-0.6033895179624141,0.012930389855449823,True,-0.5965636731409489,6135.047003781802,6132.188226843414,14003.18979933293,1a93c14011fadc3517c1338c414e33dc5df1f74e820e26dc3412b4b3f497e934,0,True,,130,65535,full_posterior,256,0.00655548969546907,-0.5999765955516815,128,train_logit_32,train_logit_32,8448,2,1.000339197076723,1,0.5432918883048712,1.0,reference_production_4,ok,2b0a25edaba13f9bb4eae0a84a065effa6848903405ea8fc1871d85b581b5ff9,shallow_m0256_r2
2,shallow,final_geometry_v15_20260930,4327fe4ece9317f6fd20fad18389a71e9b1f423b,32,-1.0923559074026408,0.014813677839196005,True,-1.0747048088613083,4579.324011062159,4592.724599697379,10563.04682224916,1a93c14011fadc3517c1338c414e33dc5df1f74e820e26dc3412b4b3f497e934,0,True,,308,65535,full_posterior,256,0.0077413797649876475,-1.0835303581319742,128,train_logit_48,train_logit_48,8448,2,1.0009982102315647,1,0.5801160863732606,1.0,reference_production_4,ok,2b0a25edaba13f9bb4eae0a84a065effa6848903405ea8fc1871d85b581b5ff9,shallow_m0256_r2
2,shallow,final_geometry_v15_20260930,4327fe4ece9317f6fd20fad18389a71e9b1f423b,32,0.5561349614939798,0.013706694572671343,True,0.5721266873434158,5500.740660287362,5478.489689332027,11832.157198614977,1a93c14011fadc3517c1338c414e33dc5df1f74e820e26dc3412b4b3f497e934,0,True,,246,65535,full_posterior,256,0.0072189352530252614,0.5641308244186976,128,train_logit_64,train_logit_64,8448,2,1.001001890925706,1,0.5590108596007453,1.0,reference_production_4,ok,2b0a25edaba13f9bb4eae0a84a065effa6848903405ea8fc1871d85b581b5ff9,shallow_m0256_r2
2,shallow,final_geometry_v15_20260930,4327fe4ece9317f6fd20fad18389a71e9b1f423b,32,-0.6321446132730052,0.013099890753535834,True,-0.6222433125312162,5730.856537646847,5729.359116425452,12678.13243948141,1a93c14011fadc3517c1338c414e33dc5df1f74e820e26dc3412b4b3f497e934,0,True,,270,65535,full_posterior,256,0.006937742244260952,-0.6271939629021107,128,train_logit_80,train_logit_80,8448,2,1.0005382349114929,1,0.546822888385059,1.0,reference_production_4,ok,2b0a25edaba13f9bb4eae0a84a065effa6848903405ea8fc1871d85b581b5ff9,shallow_m0256_r2
2,shallow,final_geometry_v15_20260930,4327fe4ece9317f6fd20fad18389a71e9b1f423b,32,-0.9491765890261579,0.013689217277225382,True,-0.9480593429983124,5152.930744435751,5121.389502009867,12605.257886102563,1a93c14011fadc3517c1338c414e33dc5df1f74e820e26dc3412b4b3f497e934,0,True,,206,65535,full_posterior,256,0.007022489527594568,-0.948617966012235,128,train_logit_96,train_logit_96,8448,2,1.0003107922595929,1,0.5458540014903861,1.0,reference_production_4,ok,2b0a25edaba13f9bb4eae0a84a065effa6848903405ea8fc1871d85b581b5ff9,shallow_m0256_r2
2,shallow,final_geometry_v15_20260930,4327fe4ece9317f6fd20fad18389a71e9b1f423b,32,0.7980290987753015,0.012240373503602518,True,0.7853778403029792,6100.040290920904,6095.048348981762,13991.321538722334,1a93c14011fadc3517c1338c414e33dc5df1f74e820e26dc3412b4b3f497e934,0,True,,180,65535,full_posterior,256,0.00621059807833959,0.7917034695391404,128,train_logit_112,train_logit_112,8448,2,1.0009643317131167,1,0.517809899414758,1.0,reference_production_4,ok,2b0a25edaba13f9bb4eae0a84a065effa6848903405ea8fc1871d85b581b5ff9,shallow_m0256_r2
2,shallow,final_geometry_v15_20260930,4327fe4ece9317f6fd20fad18389a71e9b1f423b,32,0.42541803860423594,0.00419843417319765,True,0.42725254428559234,5820.883800725698,5832.700556631385,13376.876819175719,1a93c14011fadc3517c1338c414e33dc5df1f74e820e26dc3412b4b3f497e934,0,True,,138,65535,full_posterior,256,0.002146961178713735,0.42633529144491406,128,test_prob_0,test_prob_0,8448,2,1.0001422852611932,1,0.17162571007954622,1.0,reference_production_4,ok,2b0a25edaba13f9bb4eae0a84a065effa6848903405ea8fc1871d85b581b5ff9,shallow_m0256_r2
2,shallow,final_geometry_v15_20260930,4327fe4ece9317f6fd20fad18389a71e9b1f423b,32,0.4385761479961318,0.004323751675032068,True,0.4395143340399127,5491.696925399324,5552.848868471271,12702.293622625868,1a93c14011fadc3517c1338c414e33dc5df1f74e820e26dc3412b4b3f497e934,0,True,,224,65535,full_posterior,256,0.002215605680238199,0.4390452410180223,128,test_prob_128,test_prob_128,8448,2,1.000612791566263,1,0.17596218993316384,1.0,reference_production_4,ok,2b0a25edaba13f9bb4eae0a84a065effa6848903405ea8fc1871d85b581b5ff9,shallow_m0256_r2
2,shallow,final_geometry_v15_20260930,4327fe4ece9317f6fd20fad18389a71e9b1f423b,32,0.7575406730049403,0.003536690366700177,True,0.7479910031824223,4870.962415494605,5049.69688357145,10737.95261229839,1a93c14011fadc3517c1338c414e33dc5df1f74e820e26dc3412b4b3f497e934,0,True,,222,65535,full_posterior,256,0.0018556264951857084,0.7527658380936812,128,test_prob_256,test_prob_256,8448,2,1.0014582351748837,1,0.14143017244597156,1.0,reference_production_4,ok,2b0a25edaba13f9bb4eae0a84a065effa6848903405ea8fc1871d85b581b5ff9,shallow_m0256_r2
2,shallow,final_geometry_v15_20260930,4327fe4ece9317f6fd20fad18389a71e9b1f423b,32,0.8466099656213475,0.002530124342293859,True,0.8462132061389598,4996.905933813141,5279.011777540326,11766.554507403576,1a93c14011fadc3517c1338c414e33dc5df1f74e820e26dc3412b4b3f497e934,0,True,,242,65535,full_posterior,256,0.0013025183982685459,0.8464115858801536,128,test_prob_384,test_prob_384,8448,2,1.0007655810435871,1,0.10220953124985159,1.0,reference_production_4,ok,2b0a25edaba13f9bb4eae0a84a065effa6848903405ea8fc1871d85b581b5ff9,shallow_m0256_r2
2,shallow,final_geometry_v15_20260930,4327fe4ece9317f6fd20fad18389a71e9b1f423b,32,0.4017840422040181,0.004234240530219814,True,0.39651149091356397,5500.117063448314,5545.364642216131,12062.289989982048,1a93c14011fadc3517c1338c414e33dc5df1f74e820e26dc3412b4b3f497e934,0,True,,258,65535,full_posterior,256,0.0021667941835604217,0.39914776655879103,128,test_prob_512,test_prob_512,8448,2,1.0014934548534633,1,0.17273811294593633,1.0,reference_production_4,ok,2b0a25edaba13f9bb4eae0a84a065effa6848903405ea8fc1871d85b581b5ff9,shallow_m0256_r2
2,shallow,final_geometry_v15_20260930,4327fe4ece9317f6fd20fad18389a71e9b1f423b,32,0.7395510976396357,0.0037186533796324393,True,0.741233420903753,4893.306334092463,5039.562586966618,11009.61364281447,1a93c14011fadc3517c1338c414e33dc5df1f74e820e26dc3412b4b3f497e934,0,True,,244,65535,full_posterior,256,0.0019485130673147545,0.7403922592716945,128,test_prob_640,test_prob_640,8448,2,1.0012721584768622,1,0.14716857283236964,1.0,reference_production_4,ok,2b0a25edaba13f9bb4eae0a84a065effa6848903405ea8fc1871d85b581b5ff9,shallow_m0256_r2
2,shallow,final_geometry_v15_20260930,4327fe4ece9317f6fd20fad18389a71e9b1f423b,32,0.7316836249168374,0.0037568302694637574,True,0.7334821601950151,5066.056054873048,5269.762075528075,10064.451790669798,1a93c14011fadc3517c1338c414e33dc5df1f74e820e26dc3412b4b3f497e934,0,True,,154,65535,full_posterior,256,0.0019211470419131982,0.7325828925559259,128,test_prob_768,test_prob_768,8448,2,1.0010347705691054,1,0.1484295601674966,1.0,reference_production_4,ok,2b0a25edaba13f9bb4eae0a84a065effa6848903405ea8fc1871d85b581b5ff9,shallow_m0256_r2
2,shallow,final_geometry_v15_20260930,4327fe4ece9317f6fd20fad18389a71e9b1f423b,32,0.40625688423304984,0.004498721852127246,True,0.39882523166218736,5060.503887998314,5106.115197892376,9924.66432049046,1a93c14011fadc3517c1338c414e33dc5df1f74e820e26dc3412b4b3f497e934,0,True,,218,65535,full_posterior,256,0.0023306751127117357,0.40254105794761885,128,test_prob_896,test_prob_896,8448,2,1.0005574353352502,1,0.1768899991881257,1.0,reference_production_4,ok,2b0a25edaba13f9bb4eae0a84a065effa6848903405ea8fc1871d85b581b5ff9,shallow_m0256_r2
2,shallow,final_geometry_v15_20260930,4327fe4ece9317f6fd20fad18389a71e9b1f423b,32,0.0001275948302198529,0.01672410133731592,True,-0.02302621694108225,5109.699460290529,4852.416103175763,7357.197985076834,1a93c14011fadc3517c1338c414e33dc5df1f74e820e26dc3412b4b3f497e934,0,True,,262,65535,full_posterior,256,0.00860739622338046,-0.011449311055431198,128,interaction_0,interaction_0,8448,2,1.0004034907394792,1,0.6321206034947001,1.0,reference_production_4,ok,2b0a25edaba13f9bb4eae0a84a065effa6848903405ea8fc1871d85b581b5ff9,shallow_m0256_r2
2,shallow,final_geometry_v15_20260930,4327fe4ece9317f6fd20fad18389a71e9b1f423b,32,0.02770232872451095,0.016870487956128576,True,0.016539544692919433,4877.793933051249,4675.26121681245,6963.943247124516,1a93c14011fadc3517c1338c414e33dc5df1f74e820e26dc3412b4b3f497e934,0,True,,172,65535,full_posterior,256,0.008510027308654444,0.022120936708715195,128,interaction_1,interaction_1,8448,2,1.00102167878299,1,0.6339331586126338,1.0,reference_production_4,ok,2b0a25edaba13f9bb4eae0a84a065effa6848903405ea8fc1871d85b581b5ff9,shallow_m0256_r2
2,shallow,final_geometry_v15_20260930,4327fe4ece9317f6fd20fad18389a71e9b1f423b,32,-0.040432645603141304,0.016023031761742683,True,-0.02618556973561473,5269.780367527436,5052.578105142113,7517.268598501835,1a93c14011fadc3517c1338c414e33dc5df1f74e820e26dc3412b4b3f497e934,0,True,,176,65535,full_posterior,256,0.00851742340694839,-0.033309107669378016,128,interaction_2,interaction_2,8448,2,1.0006042704894256,1,0.6254275682065886,1.0,reference_production_4,ok,2b0a25edaba13f9bb4eae0a84a065effa6848903405ea8fc1871d85b581b5ff9,shallow_m0256_r2
2,shallow,final_geometry_v15_20260930,4327fe4ece9317f6fd20fad18389a71e9b1f423b,32,-0.045508539131392446,0.016576400371385618,True,-0.02973472266666002,5194.7305298957735,5002.476304741834,7649.307029308055,1a93c14011fadc3517c1338c414e33dc5df1f74e820e26dc3412b4b3f497e934,0,True,,166,65535,full_posterior,256,0.00857050560822591,-0.03762163089902624,128,interaction_3,interaction_3,8448,2,1.0003744925254614,1,0.6316830464343529,1.0,reference_production_4,ok,2b0a25edaba13f9bb4eae0a84a065effa6848903405ea8fc1871d85b581b5ff9,shallow_m0256_r2
2,shallow,final_geometry_v15_20260930,4327fe4ece9317f6fd20fad18389a71e9b1f423b,32,-0.2518603319328283,0.033611480697982615,True,-0.19528534291795915,2191.5311170793434,2159.035580419286,5011.59919582683,1a93c14011fadc3517c1338c414e33dc5df1f74e820e26dc3412b4b3f497e934,0,True,,578,65535,full_posterior,256,0.01782208730213872,-0.2235728374253938,128,q_A,q_A,8448,2,1.0017753701724434,1,0.9859328006453355,1.0,reference_production_4,ok,2b0a25edaba13f9bb4eae0a84a065effa6848903405ea8fc1871d85b581b5ff9,shallow_m0256_r2
2,shallow,final_geometry_v15_20260930,4327fe4ece9317f6fd20fad18389a71e9b1f423b,32,-0.010275927414547921,0.03403692870530799,True,-0.07619042977996497,2388.7798804366166,2392.125904835542,5450.034280539343,1a93c14011fadc3517c1338c414e33dc5df1f74e820e26dc3412b4b3f497e934,0,True,,484,65535,full_posterior,256,0.017911493296058713,-0.04323317859725645,128,q_W,q_W,8448,2,1.0021480570962258,1,1.0016201616088445,1.0,reference_production_4,ok,2b0a25edaba13f9bb4eae0a84a065effa6848903405ea8fc1871d85b581b5ff9,shallow_m0256_r2
2,shallow,final_geometry_v15_20260930,4327fe4ece9317f6fd20fad18389a71e9b1f423b,32,1.0307596462463136,0.0023505034421264595,True,1.0293216616283283,4797.938363979545,4777.27060678217,9306.42484212457,1a93c14011fadc3517c1338c414e33dc5df1f74e820e26dc3412b4b3f497e934,0,True,,426,65535,full_posterior,256,0.0012183531480443237,1.0300406539373208,128,disp_A,disp_A,8448,2,1.0010130845600034,1,0.08927659642352537,1.0,reference_production_4,ok,2b0a25edaba13f9bb4eae0a84a065effa6848903405ea8fc1871d85b581b5ff9,shallow_m0256_r2
2,shallow,final_geometry_v15_20260930,4327fe4ece9317f6fd20fad18389a71e9b1f423b,32,0.9998802175113138,0.000411917172754291,True,0.9998532895557246,4872.899835718592,4868.356652414993,9571.04676274652,1a93c14011fadc3517c1338c414e33dc5df1f74e820e26dc3412b4b3f497e934,0,True,,126,65535,full_posterior,256,0.000209950784721311,0.9998667535335191,128,disp_W1,disp_W1,8448,2,1.000665460537788,1,0.015644210011162514,1.0,reference_production_4,ok,2b0a25edaba13f9bb4eae0a84a065effa6848903405ea8fc1871d85b581b5ff9,shallow_m0256_r2
2,shallow,final_geometry_v15_20260930,4327fe4ece9317f6fd20fad18389a71e9b1f423b,32,70.18428463204043,0.12929876586212333,True,70.29417717678429,2618.322238245454,2621.2628115718676,5577.734963586208,eccc88577af416a72d66fb22a9443f4a081b72812b06d3aa4d8116cbccdddcee,0,True,,224,65535,full_posterior,1024,0.06772550316634213,70.23923090441237,128,V,V,33792,0,1.0007897040891882,1,3.861282572695912,1.0,reference_production_4,ok,02cdf7a9fb4a8ebea158d555e3da7f259fe2d98afd52f242938d3e8f57697d6a,shallow_m1024_r0
2,shallow,final_geometry_v15_20260930,4327fe4ece9317f6fd20fad18389a71e9b1f423b,32,16968.927814152827,3.399248161850733,True,16968.080029959445,5002.688486309355,4982.50654100813,10147.33479588622,eccc88577af416a72d66fb22a9443f4a081b72812b06d3aa4d8116cbccdddcee,0,True,,236,65535,full_posterior,1024,1.7469676986551055,16968.503922056138,128,U,U,33792,0,1.0004753989743205,1,129.8800526275215,1.0,reference_production_4,ok,02cdf7a9fb4a8ebea158d555e3da7f259fe2d98afd52f242938d3e8f57697d6a,shallow_m1024_r0
2,shallow,final_geometry_v15_20260930,4327fe4ece9317f6fd20fad18389a71e9b1f423b,32,1.2026547781174717,0.013318042617947426,True,1.1959096225997177,5645.05547004801,5650.949824549384,11156.580029141756,eccc88577af416a72d66fb22a9443f4a081b72812b06d3aa4d8116cbccdddcee,0,True,,156,65535,full_posterior,1024,0.0068446306247865775,1.1992822003585948,128,train_logit_0,train_logit_0,33792,0,1.0006356174063684,1,0.5438586159715872,1.0,reference_production_4,ok,02cdf7a9fb4a8ebea158d555e3da7f259fe2d98afd52f242938d3e8f57697d6a,shallow_m1024_r0
2,shallow,final_geometry_v15_20260930,4327fe4ece9317f6fd20fad18389a71e9b1f423b,32,-0.025407279442001572,0.012596402016911324,True,-0.009629662016651129,6096.961327123906,6099.438852401741,13232.215807027209,eccc88577af416a72d66fb22a9443f4a081b72812b06d3aa4d8116cbccdddcee,0,True,,218,65535,full_posterior,1024,0.006544952748304237,-0.01751847072932635,128,train_logit_16,train_logit_16,33792,0,1.0005435054386276,1,0.5368764035101732,1.0,reference_production_4,ok,02cdf7a9fb4a8ebea158d555e3da7f259fe2d98afd52f242938d3e8f57697d6a,shallow_m1024_r0
2,shallow,final_geometry_v15_20260930,4327fe4ece9317f6fd20fad18389a71e9b1f423b,32,0.6986853845705732,0.013555940529089898,True,0.6989846116145307,5643.91608175679,5629.589399530529,12618.144891285097,eccc88577af416a72d66fb22a9443f4a081b72812b06d3aa4d8116cbccdddcee,0,True,,290,65535,full_posterior,1024,0.006792549649553129,0.698834998092552,128,train_logit_32,train_logit_32,33792,0,1.000280869433954,1,0.5550761978780301,1.0,reference_production_4,ok,02cdf7a9fb4a8ebea158d555e3da7f259fe2d98afd52f242938d3e8f57697d6a,shallow_m1024_r0
2,shallow,final_geometry_v15_20260930,4327fe4ece9317f6fd20fad18389a71e9b1f423b,32,0.5407691207492662,0.012891303360272426,True,0.5685989387864239,6201.20278124565,6190.558084208411,13448.92569812801,eccc88577af416a72d66fb22a9443f4a081b72812b06d3aa4d8116cbccdddcee,0,True,,190,65535,full_posterior,1024,0.006866267824264813,0.5546840297678451,128,train_logit_48,train_logit_48,33792,0,1.0005521186220283,1,0.5536302760688798,1.0,reference_production_4,ok,02cdf7a9fb4a8ebea158d555e3da7f259fe2d98afd52f242938d3e8f57697d6a,shallow_m1024_r0
2,shallow,final_geometry_v15_20260930,4327fe4ece9317f6fd20fad18389a71e9b1f423b,32,0.7822577836464771,0.012940681994592201,True,0.7760843303184759,6284.83874485073,6275.007388167152,13206.048431078556,eccc88577af416a72d66fb22a9443f4a081b72812b06d3aa4d8116cbccdddcee,0,True,,130,65535,full_posterior,1024,0.006533146137514045,0.7791710569824764,128,train_logit_64,train_logit_64,33792,0,1.0004906827328643,1,0.5430648278006104,1.0,reference_production_4,ok,02cdf7a9fb4a8ebea158d555e3da7f259fe2d98afd52f242938d3e8f57697d6a,shallow_m1024_r0
2,shallow,final_geometry_v15_20260930,4327fe4ece9317f6fd20fad18389a71e9b1f423b,32,-1.094210314427849,0.014065065472506291,True,-1.0957248719116222,5084.63276958643,5075.266133870997,11183.491140790367,eccc88577af416a72d66fb22a9443f4a081b72812b06d3aa4d8116cbccdddcee,0,True,,214,65535,full_posterior,1024,0.007378689350981792,-1.0949675931697356,128,train_logit_80,train_logit_80,33792,0,1.0002085271336472,1,0.5612321870376167,1.0,reference_production_4,ok,02cdf7a9fb4a8ebea158d555e3da7f259fe2d98afd52f242938d3e8f57697d6a,shallow_m1024_r0
2,shallow,final_geometry_v15_20260930,4327fe4ece9317f6fd20fad18389a71e9b1f423b,32,0.7636775994589583,0.013134544239942255,True,0.7417164027589316,5934.4160877679005,5956.585372891416,11925.39325828435,eccc88577af416a72d66fb22a9443f4a081b72812b06d3aa4d8116cbccdddcee,0,True,,230,65535,full_posterior,1024,0.006831459743886674,0.7526970011089449,128,train_logit_96,train_logit_96,33792,0,1.0003925546994565,1,0.553058310432491,1.0,reference_production_4,ok,02cdf7a9fb4a8ebea158d555e3da7f259fe2d98afd52f242938d3e8f57697d6a,shallow_m1024_r0
2,shallow,final_geometry_v15_20260930,4327fe4ece9317f6fd20fad18389a71e9b1f423b,32,0.3380963425048679,0.012020946970338283,True,0.3371567012953842,6588.347405118955,6582.970600907954,14416.18057192402,eccc88577af416a72d66fb22a9443f4a081b72812b06d3aa4d8116cbccdddcee,0,True,,224,65535,full_posterior,1024,0.006115984661219663,0.3376265219001261,128,train_logit_112,train_logit_112,33792,0,1.000883956335815,1,0.5270902979739227,1.0,reference_production_4,ok,02cdf7a9fb4a8ebea158d555e3da7f259fe2d98afd52f242938d3e8f57697d6a,shallow_m1024_r0
2,shallow,final_geometry_v15_20260930,4327fe4ece9317f6fd20fad18389a71e9b1f423b,32,0.5190873096298101,0.004525639789882224,True,0.5142580423065228,5434.246029387111,5451.392687315113,12197.606239987159,eccc88577af416a72d66fb22a9443f4a081b72812b06d3aa4d8116cbccdddcee,0,True,,264,65535,full_posterior,1024,0.0023190111251615484,0.5166726759681665,128,test_prob_0,test_prob_0,33792,0,1.00130081052298,1,0.18213069163611817,1.0,reference_production_4,ok,02cdf7a9fb4a8ebea158d555e3da7f259fe2d98afd52f242938d3e8f57697d6a,shallow_m1024_r0
2,shallow,final_geometry_v15_20260930,4327fe4ece9317f6fd20fad18389a71e9b1f423b,32,0.6493749785494468,0.004146538931795684,True,0.6495716769752571,5200.435073208403,5370.808399823484,11724.713149529902,eccc88577af416a72d66fb22a9443f4a081b72812b06d3aa4d8116cbccdddcee,0,True,,316,65535,full_posterior,1024,0.0021353134130951646,0.649473327762352,128,test_prob_128,test_prob_128,33792,0,1.0004371990321321,1,0.16735791101090422,1.0,reference_production_4,ok,02cdf7a9fb4a8ebea158d555e3da7f259fe2d98afd52f242938d3e8f57697d6a,shallow_m1024_r0
2,shallow,final_geometry_v15_20260930,4327fe4ece9317f6fd20fad18389a71e9b1f423b,32,0.7126903487625976,0.0037821642311928272,True,0.7185268998525194,4997.155284378754,5184.150668835055,11150.030306704924,eccc88577af416a72d66fb22a9443f4a081b72812b06d3aa4d8116cbccdddcee,0,True,,176,65535,full_posterior,1024,0.001961209550144102,0.7156086243075587,128,test_prob_256,test_prob_256,33792,0,1.000291848905385,1,0.14907521103290827,1.0,reference_production_4,ok,02cdf7a9fb4a8ebea158d555e3da7f259fe2d98afd52f242938d3e8f57697d6a,shallow_m1024_r0
2,shallow,final_geometry_v15_20260930,4327fe4ece9317f6fd20fad18389a71e9b1f423b,32,0.2994833269551298,0.0039026866174539437,True,0.30166415955594605,5323.086519244854,5433.862103429545,12098.477041516522,eccc88577af416a72d66fb22a9443f4a081b72812b06d3aa4d8116cbccdddcee,0,True,,156,65535,full_posterior,1024,0.00200828877546051,0.300573743255538,128,test_prob_384,test_prob_384,33792,0,1.0015660177701042,1,0.15758624223115514,1.0,reference_production_4,ok,02cdf7a9fb4a8ebea158d555e3da7f259fe2d98afd52f242938d3e8f57697d6a,shallow_m1024_r0
2,shallow,final_geometry_v15_20260930,4327fe4ece9317f6fd20fad18389a71e9b1f423b,32,0.6468484134332281,0.003956160592497399,True,0.6484273102479807,6133.966368891454,6271.495600457752,12475.242490794284,eccc88577af416a72d66fb22a9443f4a081b72812b06d3aa4d8116cbccdddcee,0,True,,102,65535,full_posterior,1024,0.002019384490776463,0.6476378618406043,128,test_prob_512,test_prob_512,33792,0,1.0003277694382076,1,0.16489738829336265,1.0,reference_production_4,ok,02cdf7a9fb4a8ebea158d555e3da7f259fe2d98afd52f242938d3e8f57697d6a,shallow_m1024_r0
2,shallow,final_geometry_v15_20260930,4327fe4ece9317f6fd20fad18389a71e9b1f423b,32,0.35499479196415545,0.003985542487030374,True,0.3477418312098889,5689.274936740253,5802.825555430116,11844.600526801818,eccc88577af416a72d66fb22a9443f4a081b72812b06d3aa4d8116cbccdddcee,0,True,,186,65535,full_posterior,1024,0.0020920413303754694,0.3513683115870222,128,test_prob_640,test_prob_640,33792,0,1.000445472831938,1,0.1651442974810346,1.0,reference_production_4,ok,02cdf7a9fb4a8ebea158d555e3da7f259fe2d98afd52f242938d3e8f57697d6a,shallow_m1024_r0
2,shallow,final_geometry_v15_20260930,4327fe4ece9317f6fd20fad18389a71e9b1f423b,32,0.5048667026062502,0.004484886188484208,True,0.5059442064065685,5529.512857191724,5553.14252622891,12681.972512091328,eccc88577af416a72d66fb22a9443f4a081b72812b06d3aa4d8116cbccdddcee,0,True,,190,65535,full_posterior,1024,0.002304401669458528,0.5054054545064092,128,test_prob_768,test_prob_768,33792,0,1.000862501426908,1,0.18103293122807132,1.0,reference_production_4,ok,02cdf7a9fb4a8ebea158d555e3da7f259fe2d98afd52f242938d3e8f57697d6a,shallow_m1024_r0
2,shallow,final_geometry_v15_20260930,4327fe4ece9317f6fd20fad18389a71e9b1f423b,32,0.5112933651684778,0.004364899148291419,True,0.5081718716473811,5358.786289538011,5401.440178277748,12456.8085807244,eccc88577af416a72d66fb22a9443f4a081b72812b06d3aa4d8116cbccdddcee,0,True,,224,65535,full_posterior,1024,0.002230839551997103,0.5097326184079295,128,test_prob_896,test_prob_896,33792,0,1.0004213735895766,1,0.17835896639801935,1.0,reference_production_4,ok,02cdf7a9fb4a8ebea158d555e3da7f259fe2d98afd52f242938d3e8f57697d6a,shallow_m1024_r0
2,shallow,final_geometry_v15_20260930,4327fe4ece9317f6fd20fad18389a71e9b1f423b,32,0.031085121314613995,0.015754894176591504,True,0.027577729001153076,5882.319921811805,5676.090078439758,8243.893317983655,eccc88577af416a72d66fb22a9443f4a081b72812b06d3aa4d8116cbccdddcee,0,True,,134,65535,full_posterior,1024,0.008115553513858337,0.029331425157883534,128,interaction_0,interaction_0,33792,0,1.0008191622320304,1,0.6312997753135062,1.0,reference_production_4,ok,02cdf7a9fb4a8ebea158d555e3da7f259fe2d98afd52f242938d3e8f57697d6a,shallow_m1024_r0
2,shallow,final_geometry_v15_20260930,4327fe4ece9317f6fd20fad18389a71e9b1f423b,32,0.010576895659221144,0.01636852053920247,True,-0.01768422616404272,5323.484629266371,5081.974571888575,7422.904669216479,eccc88577af416a72d66fb22a9443f4a081b72812b06d3aa4d8116cbccdddcee,0,True,,134,65535,full_posterior,1024,0.008308319420262403,-0.003553665252410785,128,interaction_1,interaction_1,33792,0,1.000449187850075,1,0.6346410483916648,1.0,reference_production_4,ok,02cdf7a9fb4a8ebea158d555e3da7f259fe2d98afd52f242938d3e8f57697d6a,shallow_m1024_r0
2,shallow,final_geometry_v15_20260930,4327fe4ece9317f6fd20fad18389a71e9b1f423b,32,0.00125197764623825,0.015871476380213866,True,0.008026283980002148,5761.547675561755,5613.5549092306965,8158.176196206482,eccc88577af416a72d66fb22a9443f4a081b72812b06d3aa4d8116cbccdddcee,0,True,,108,65535,full_posterior,1024,0.008117154580770789,0.004639130813120198,128,interaction_2,interaction_2,33792,0,1.0006529572337974,1,0.6360782392126116,1.0,reference_production_4,ok,02cdf7a9fb4a8ebea158d555e3da7f259fe2d98afd52f242938d3e8f57697d6a,shallow_m1024_r0
2,shallow,final_geometry_v15_20260930,4327fe4ece9317f6fd20fad18389a71e9b1f423b,32,0.03954998497389389,0.015721548251855906,True,0.01707799398260693,5803.361971778151,5538.874332195679,8067.886882063696,eccc88577af416a72d66fb22a9443f4a081b72812b06d3aa4d8116cbccdddcee,0,True,,208,65535,full_posterior,1024,0.00803292956935271,0.028313989478250402,128,interaction_3,interaction_3,33792,0,1.00055566985603,1,0.6258932225847236,1.0,reference_production_4,ok,02cdf7a9fb4a8ebea158d555e3da7f259fe2d98afd52f242938d3e8f57697d6a,shallow_m1024_r0
2,shallow,final_geometry_v15_20260930,4327fe4ece9317f6fd20fad18389a71e9b1f423b,32,-0.097747044048308,0.03268525959899884,True,-0.10249421577678507,2697.519043913874,2692.9553039361067,6107.417572046077,eccc88577af416a72d66fb22a9443f4a081b72812b06d3aa4d8116cbccdddcee,0,True,,358,65535,full_posterior,1024,0.017045013798057174,-0.10012062991254653,128,q_A,q_A,33792,0,1.0009185245881909,1,0.9943072000556661,1.0,reference_production_4,ok,02cdf7a9fb4a8ebea158d555e3da7f259fe2d98afd52f242938d3e8f57697d6a,shallow_m1024_r0
2,shallow,final_geometry_v15_20260930,4327fe4ece9317f6fd20fad18389a71e9b1f423b,32,0.07252744727581927,0.03247748698562587,True,-0.03193354553137462,2457.3129855848993,2448.725328241072,6071.377865143185,eccc88577af416a72d66fb22a9443f4a081b72812b06d3aa4d8116cbccdddcee,0,True,,558,65535,full_posterior,1024,0.017320319873107785,0.020296950872222323,128,q_W,q_W,33792,0,1.0028418808802384,1,0.9959310123832283,1.0,reference_production_4,ok,02cdf7a9fb4a8ebea158d555e3da7f259fe2d98afd52f242938d3e8f57697d6a,shallow_m1024_r0
2,shallow,final_geometry_v15_20260930,4327fe4ece9317f6fd20fad18389a71e9b1f423b,32,1.0042413921277906,0.0011047180463302003,True,1.002985689387037,5521.556784248749,5515.086472515643,10761.294323664635,eccc88577af416a72d66fb22a9443f4a081b72812b06d3aa4d8116cbccdddcee,0,True,,126,65535,full_posterior,1024,0.0005539666075033784,1.003613540757414,128,disp_A,disp_A,33792,0,1.000693691406421,1,0.04339465389404406,1.0,reference_production_4,ok,02cdf7a9fb4a8ebea158d555e3da7f259fe2d98afd52f242938d3e8f57697d6a,shallow_m1024_r0
2,shallow,final_geometry_v15_20260930,4327fe4ece9317f6fd20fad18389a71e9b1f423b,32,1.0000349082489843,0.0002057146279761145,True,1.000015697010284,4877.713104105536,4861.712745586689,9989.168627908584,eccc88577af416a72d66fb22a9443f4a081b72812b06d3aa4d8116cbccdddcee,0,True,,240,65535,full_posterior,1024,0.0001055518915753747,1.0000253026296342,128,disp_W1,disp_W1,33792,0,1.0004794970140578,1,0.007814273398985532,1.0,reference_production_4,ok,02cdf7a9fb4a8ebea158d555e3da7f259fe2d98afd52f242938d3e8f57697d6a,shallow_m1024_r0
2,shallow,final_geometry_v15_20260930,4327fe4ece9317f6fd20fad18389a71e9b1f423b,32,56.610698263544464,0.14931755903087005,True,56.450341355869575,2143.6300354974715,2173.8642667633017,4191.5509664827905,ea19d2cf418befe36c6f1816fb622791c5ff562aa4e99be1dcbfc8e0ec2108f0,0,True,,440,65535,full_posterior,1024,0.07960996574261722,56.53051980970702,128,V,V,33792,1,1.0023793827279295,1,4.26190564801224,1.0,reference_production_4,ok,75855771a1231e62e6e66f10e2f0fc9a96b653fa2c1e6c16aa05920b18f8825c,shallow_m1024_r1
2,shallow,final_geometry_v15_20260930,4327fe4ece9317f6fd20fad18389a71e9b1f423b,32,16961.02236477516,3.4128480472608804,True,16965.41390486269,4793.410226298876,4793.735018674477,9679.237669492797,ea19d2cf418befe36c6f1816fb622791c5ff562aa4e99be1dcbfc8e0ec2108f0,0,True,,162,65535,full_posterior,1024,1.7516874610675965,16963.218134818926,128,U,U,33792,1,1.0008077447110553,1,127.84317213995148,1.0,reference_production_4,ok,75855771a1231e62e6e66f10e2f0fc9a96b653fa2c1e6c16aa05920b18f8825c,shallow_m1024_r1
2,shallow,final_geometry_v15_20260930,4327fe4ece9317f6fd20fad18389a71e9b1f423b,32,0.39384229057736647,0.013988096405906453,True,0.4024272051082587,5418.400958841062,5400.411280928345,10593.440120004394,ea19d2cf418befe36c6f1816fb622791c5ff562aa4e99be1dcbfc8e0ec2108f0,0,True,,132,65535,full_posterior,1024,0.006997774295520198,0.3981347478428126,128,train_logit_0,train_logit_0,33792,1,1.0010807009638223,1,0.5542678020620225,1.0,reference_production_4,ok,75855771a1231e62e6e66f10e2f0fc9a96b653fa2c1e6c16aa05920b18f8825c,shallow_m1024_r1
2,shallow,final_geometry_v15_20260930,4327fe4ece9317f6fd20fad18389a71e9b1f423b,32,0.8305697436327399,0.014039584737495938,True,0.8437494553980777,5036.169683178184,5041.828966420759,11519.026788721238,ea19d2cf418befe36c6f1816fb622791c5ff562aa4e99be1dcbfc8e0ec2108f0,0,True,,304,65535,full_posterior,1024,0.007239297441844174,0.837159599515409,128,train_logit_16,train_logit_16,33792,1,1.0004755645143497,1,0.5482917979353533,1.0,reference_production_4,ok,75855771a1231e62e6e66f10e2f0fc9a96b653fa2c1e6c16aa05920b18f8825c,shallow_m1024_r1
2,shallow,final_geometry_v15_20260930,4327fe4ece9317f6fd20fad18389a71e9b1f423b,32,-0.12617542793923478,0.013713259480084236,True,-0.12964426817787927,5348.318068652947,5343.449494932874,10965.549488804061,ea19d2cf418befe36c6f1816fb622791c5ff562aa4e99be1dcbfc8e0ec2108f0,0,True,,182,65535,full_posterior,1024,0.007098494407556763,-0.127909848058557,128,train_logit_32,train_logit_32,33792,1,1.000518318168727,1,0.5457271366757618,1.0,reference_production_4,ok,75855771a1231e62e6e66f10e2f0fc9a96b653fa2c1e6c16aa05920b18f8825c,shallow_m1024_r1
2,shallow,final_geometry_v15_20260930,4327fe4ece9317f6fd20fad18389a71e9b1f423b,32,-1.2342819539438952,0.015605870401550847,True,-1.2433766869622953,4517.653346573258,4517.89242624272,9645.346021698075,ea19d2cf418befe36c6f1816fb622791c5ff562aa4e99be1dcbfc8e0ec2108f0,0,True,,166,65535,full_posterior,1024,0.008069279896376397,-1.2388293204530954,128,train_logit_48,train_logit_48,33792,1,1.0008696563369088,1,0.5780298850729709,1.0,reference_production_4,ok,75855771a1231e62e6e66f10e2f0fc9a96b653fa2c1e6c16aa05920b18f8825c,shallow_m1024_r1
2,shallow,final_geometry_v15_20260930,4327fe4ece9317f6fd20fad18389a71e9b1f423b,32,0.926701217769631,0.015443765268322284,True,0.938638275801815,4241.67252786459,4229.510102059651,9543.049416520966,ea19d2cf418befe36c6f1816fb622791c5ff562aa4e99be1dcbfc8e0ec2108f0,0,True,,376,65535,full_posterior,1024,0.007882070462649025,0.932669746785723,128,train_logit_64,train_logit_64,33792,1,1.0004934756905774,1,0.5732582389789872,1.0,reference_production_4,ok,75855771a1231e62e6e66f10e2f0fc9a96b653fa2c1e6c16aa05920b18f8825c,shallow_m1024_r1
2,shallow,final_geometry_v15_20260930,4327fe4ece9317f6fd20fad18389a71e9b1f423b,32,0.9682273320145091,0.014509326133473716,True,0.9830703066935913,4840.445993513654,4836.704427951984,10261.12767265547,ea19d2cf418befe36c6f1816fb622791c5ff562aa4e99be1dcbfc8e0ec2108f0,0,True,,210,65535,full_posterior,1024,0.0075288961287513475,0.9756488193540502,128,train_logit_80,train_logit_80,33792,1,1.0005636529446087,1,0.5554030028856204,1.0,reference_production_4,ok,75855771a1231e62e6e66f10e2f0fc9a96b653fa2c1e6c16aa05920b18f8825c,shallow_m1024_r1
2,shallow,final_geometry_v15_20260930,4327fe4ece9317f6fd20fad18389a71e9b1f423b,32,0.06532129205628681,0.014360271236155875,True,0.028688681122066198,4852.679211304805,4875.908660122235,11134.000488367776,ea19d2cf418befe36c6f1816fb622791c5ff562aa4e99be1dcbfc8e0ec2108f0,0,True,,244,65535,full_posterior,1024,0.0075491581595042,0.0470049865891765,128,train_logit_96,train_logit_96,33792,1,1.0011130999491977,1,0.5644423446767423,1.0,reference_production_4,ok,75855771a1231e62e6e66f10e2f0fc9a96b653fa2c1e6c16aa05920b18f8825c,shallow_m1024_r1
2,shallow,final_geometry_v15_20260930,4327fe4ece9317f6fd20fad18389a71e9b1f423b,32,-0.5513103316158685,0.013981548153037895,True,-0.5790633722321288,5143.219283736691,5137.9746430038995,11818.037076029914,ea19d2cf418befe36c6f1816fb622791c5ff562aa4e99be1dcbfc8e0ec2108f0,0,True,,164,65535,full_posterior,1024,0.007284065164990787,-0.5651868519239986,128,train_logit_112,train_logit_112,33792,1,1.0009499623747253,1,0.5560984439962723,1.0,reference_production_4,ok,75855771a1231e62e6e66f10e2f0fc9a96b653fa2c1e6c16aa05920b18f8825c,shallow_m1024_r1
2,shallow,final_geometry_v15_20260930,4327fe4ece9317f6fd20fad18389a71e9b1f423b,32,0.5338836808137414,0.004751841454187439,True,0.5235212633838585,4482.747143226912,4508.422518648849,10232.31641915724,ea19d2cf418befe36c6f1816fb622791c5ff562aa4e99be1dcbfc8e0ec2108f0,0,True,,280,65535,full_posterior,1024,0.0024532232841265084,0.5287024720988,128,test_prob_0,test_prob_0,33792,1,1.001740461285469,1,0.18148936035079288,1.0,reference_production_4,ok,75855771a1231e62e6e66f10e2f0fc9a96b653fa2c1e6c16aa05920b18f8825c,shallow_m1024_r1
2,shallow,final_geometry_v15_20260930,4327fe4ece9317f6fd20fad18389a71e9b1f423b,32,0.3120070686801592,0.004075703700457366,True,0.30460955225666697,4695.628289267994,4806.72260336533,10188.285060391614,ea19d2cf418befe36c6f1816fb622791c5ff562aa4e99be1dcbfc8e0ec2108f0,0,True,,204,65535,full_posterior,1024,0.002165125465103754,0.30830831046841306,128,test_prob_128,test_prob_128,33792,1,1.0009206206459893,1,0.15917872165056204,1.0,reference_production_4,ok,75855771a1231e62e6e66f10e2f0fc9a96b653fa2c1e6c16aa05920b18f8825c,shallow_m1024_r1
2,shallow,final_geometry_v15_20260930,4327fe4ece9317f6fd20fad18389a71e9b1f423b,32,0.4497959805793534,0.004808033968677912,True,0.4499857858778703,4013.704853595236,4095.1259552343963,9762.007740978628,ea19d2cf418befe36c6f1816fb622791c5ff562aa4e99be1dcbfc8e0ec2108f0,0,True,,598,65535,full_posterior,1024,0.002502157418454018,0.4498908832286119,128,test_prob_256,test_prob_256,33792,1,1.0006624600610783,1,0.17879235886761757,1.0,reference_production_4,ok,75855771a1231e62e6e66f10e2f0fc9a96b653fa2c1e6c16aa05920b18f8825c,shallow_m1024_r1
2,shallow,final_geometry_v15_20260930,4327fe4ece9317f6fd20fad18389a71e9b1f423b,32,0.7868269961146727,0.0031113306596708004,True,0.7865258772594713,5177.117220635502,5386.583977285365,10983.205985326307,ea19d2cf418befe36c6f1816fb622791c5ff562aa4e99be1dcbfc8e0ec2108f0,0,True,,150,65535,full_posterior,1024,0.0015735046554530047,0.786676436687072,128,test_prob_384,test_prob_384,33792,1,1.0008039383297715,1,0.12407761186066793,1.0,reference_production_4,ok,75855771a1231e62e6e66f10e2f0fc9a96b653fa2c1e6c16aa05920b18f8825c,shallow_m1024_r1
2,shallow,final_geometry_v15_20260930,4327fe4ece9317f6fd20fad18389a71e9b1f423b,32,0.4946597618813996,0.0049537230185660395,True,0.4900844056289204,4413.000048719857,4415.971688624305,10457.296205019962,ea19d2cf418befe36c6f1816fb622791c5ff562aa4e99be1dcbfc8e0ec2108f0,0,True,,178,65535,full_posterior,1024,0.0025821812186521713,0.4923720837551599,128,test_prob_512,test_prob_512,33792,1,1.0005670107907811,1,0.18357974148584372,1.0,reference_production_4,ok,75855771a1231e62e6e66f10e2f0fc9a96b653fa2c1e6c16aa05920b18f8825c,shallow_m1024_r1
2,shallow,final_geometry_v15_20260930,4327fe4ece9317f6fd20fad18389a71e9b1f423b,32,0.6054768437348856,0.0047635274582399495,True,0.6044852283549346,4167.9485353121545,4181.690428618496,9701.957458222005,ea19d2cf418befe36c6f1816fb622791c5ff562aa4e99be1dcbfc8e0ec2108f0,0,True,,382,65535,full_posterior,1024,0.0024794866212241307,0.6049810360449103,128,test_prob_640,test_prob_640,33792,1,1.0006603827226768,1,0.17730160405056164,1.0,reference_production_4,ok,75855771a1231e62e6e66f10e2f0fc9a96b653fa2c1e6c16aa05920b18f8825c,shallow_m1024_r1
2,shallow,final_geometry_v15_20260930,4327fe4ece9317f6fd20fad18389a71e9b1f423b,32,0.5182266143222273,0.004602357187375404,True,0.5168966008562527,4762.497310456011,4741.119298212014,11275.908511026815,ea19d2cf418befe36c6f1816fb622791c5ff562aa4e99be1dcbfc8e0ec2108f0,0,True,,604,65535,full_posterior,1024,0.0023348738991417917,0.5175616075892402,128,test_prob_768,test_prob_768,33792,1,1.0013891734962832,1,0.1777779468295627,1.0,reference_production_4,ok,75855771a1231e62e6e66f10e2f0fc9a96b653fa2c1e6c16aa05920b18f8825c,shallow_m1024_r1
2,shallow,final_geometry_v15_20260930,4327fe4ece9317f6fd20fad18389a71e9b1f423b,32,0.4892357164081621,0.004695659850859886,True,0.49260999040121073,4873.840924613434,4906.4260073055275,10312.870800720591,ea19d2cf418befe36c6f1816fb622791c5ff562aa4e99be1dcbfc8e0ec2108f0,0,True,,218,65535,full_posterior,1024,0.002414019248785239,0.49092285340468655,128,test_prob_896,test_prob_896,33792,1,1.0004058881667133,1,0.18111362071472714,1.0,reference_production_4,ok,75855771a1231e62e6e66f10e2f0fc9a96b653fa2c1e6c16aa05920b18f8825c,shallow_m1024_r1
2,shallow,final_geometry_v15_20260930,4327fe4ece9317f6fd20fad18389a71e9b1f423b,32,0.011715703417879236,0.01697779580953278,True,-0.0036346900289581686,4601.623999824625,4398.437062021308,7165.975551476344,ea19d2cf418befe36c6f1816fb622791c5ff562aa4e99be1dcbfc8e0ec2108f0,0,True,,344,65535,full_posterior,1024,0.008823917712416418,0.004040506694460533,128,interaction_0,interaction_0,33792,1,1.001059462860849,1,0.6283169375842916,1.0,reference_production_4,ok,75855771a1231e62e6e66f10e2f0fc9a96b653fa2c1e6c16aa05920b18f8825c,shallow_m1024_r1
2,shallow,final_geometry_v15_20260930,4327fe4ece9317f6fd20fad18389a71e9b1f423b,32,0.02111775304862581,0.0172225435287724,True,0.005042082237475441,4808.973793355177,4603.971923225479,6554.483394906853,ea19d2cf418befe36c6f1816fb622791c5ff562aa4e99be1dcbfc8e0ec2108f0,0,True,,184,65535,full_posterior,1024,0.008953653456836096,0.013079917643050623,128,interaction_1,interaction_1,33792,1,1.0005496381438557,1,0.6359337305414753,1.0,reference_production_4,ok,75855771a1231e62e6e66f10e2f0fc9a96b653fa2c1e6c16aa05920b18f8825c,shallow_m1024_r1
2,shallow,final_geometry_v15_20260930,4327fe4ece9317f6fd20fad18389a71e9b1f423b,32,-0.014569804230865752,0.016953904644765507,True,0.021723352596915657,4767.653511871097,4599.75308173889,6871.120106339511,ea19d2cf418befe36c6f1816fb622791c5ff562aa4e99be1dcbfc8e0ec2108f0,0,True,,248,65535,full_posterior,1024,0.008986914077993848,0.003576774183024949,128,interaction_2,interaction_2,33792,1,1.0009583118287402,1,0.633313088123942,1.0,reference_production_4,ok,75855771a1231e62e6e66f10e2f0fc9a96b653fa2c1e6c16aa05920b18f8825c,shallow_m1024_r1
2,shallow,final_geometry_v15_20260930,4327fe4ece9317f6fd20fad18389a71e9b1f423b,32,-0.008251948526456023,0.01754250876396046,True,-0.03778193387643441,4285.139986638336,4072.3433734579235,5967.248038930733,ea19d2cf418befe36c6f1816fb622791c5ff562aa4e99be1dcbfc8e0ec2108f0,0,True,,320,65535,full_posterior,1024,0.009042081614678493,-0.023016941201445217,128,interaction_3,interaction_3,33792,1,1.0012309471223486,1,0.6352216399956366,1.0,reference_production_4,ok,75855771a1231e62e6e66f10e2f0fc9a96b653fa2c1e6c16aa05920b18f8825c,shallow_m1024_r1
2,shallow,final_geometry_v15_20260930,4327fe4ece9317f6fd20fad18389a71e9b1f423b,32,0.2577144937640691,0.03587819222343368,True,0.25986565264540473,2129.5776788261933,2131.06390169474,4691.868734745327,ea19d2cf418befe36c6f1816fb622791c5ff562aa4e99be1dcbfc8e0ec2108f0,0,True,,356,65535,full_posterior,1024,0.019149838005615892,0.2587900732047369,128,q_A,q_A,33792,1,1.001239416145721,1,1.0105942991001362,1.0,reference_production_4,ok,75855771a1231e62e6e66f10e2f0fc9a96b653fa2c1e6c16aa05920b18f8825c,shallow_m1024_r1
2,shallow,final_geometry_v15_20260930,4327fe4ece9317f6fd20fad18389a71e9b1f423b,32,-0.006778289468826429,0.035032411571339635,True,-0.014999479999828239,2170.750886936172,2154.9876277385956,4553.133008033825,ea19d2cf418befe36c6f1816fb622791c5ff562aa4e99be1dcbfc8e0ec2108f0,0,True,,620,65535,full_posterior,1024,0.01826892215652616,-0.010888884734327331,128,q_W,q_W,33792,1,1.0011861572380456,1,0.9961654663844762,1.0,reference_production_4,ok,75855771a1231e62e6e66f10e2f0fc9a96b653fa2c1e6c16aa05920b18f8825c,shallow_m1024_r1
2,shallow,final_geometry_v15_20260930,4327fe4ece9317f6fd20fad18389a71e9b1f423b,32,1.0143033262067194,0.0012349600555365441,True,1.0147955891442126,4290.7495290909055,4285.671853880611,8827.11420306637,ea19d2cf418befe36c6f1816fb622791c5ff562aa4e99be1dcbfc8e0ec2108f0,0,True,,302,65535,full_posterior,1024,0.0006339859897658322,1.014549457675466,128,disp_A,disp_A,33792,1,1.0008293321033912,1,0.04476536432944726,1.0,reference_production_4,ok,75855771a1231e62e6e66f10e2f0fc9a96b653fa2c1e6c16aa05920b18f8825c,shallow_m1024_r1
2,shallow,final_geometry_v15_20260930,4327fe4ece9317f6fd20fad18389a71e9b1f423b,32,1.000066428435899,0.00020470420577770764,True,1.0003288709634388,4774.404136626683,4772.08870200759,10035.362782882003,ea19d2cf418befe36c6f1816fb622791c5ff562aa4e99be1dcbfc8e0ec2108f0,0,True,,160,65535,full_posterior,1024,0.00010485031455576162,1.0001976496996694,128,disp_W1,disp_W1,33792,1,1.0007734176650123,1,0.007660919506334772,1.0,reference_production_4,ok,75855771a1231e62e6e66f10e2f0fc9a96b653fa2c1e6c16aa05920b18f8825c,shallow_m1024_r1
2,shallow,final_geometry_v15_20260930,4327fe4ece9317f6fd20fad18389a71e9b1f423b,32,65.43968877719007,0.1312898166284342,True,65.33496369928311,2591.294516536143,2605.0840883492697,5668.109631668067,021040a3ca16fc031962af4405d32b26085034b920caf09089cd44dab4261f0f,0,True,,264,65535,full_posterior,1024,0.06904560647467846,65.38732623823658,128,V,V,33792,2,1.0006396600357337,1,3.938137304473034,1.0,reference_production_4,ok,61fa5b97160a40ea4623d9b0909f5c6bd1efc198e054db5ea14dff80a68ca165,shallow_m1024_r2
2,shallow,final_geometry_v15_20260930,4327fe4ece9317f6fd20fad18389a71e9b1f423b,32,16958.34482368753,3.4112645324665882,True,16964.30882427957,5005.843471895443,5012.836364968484,10682.556838617857,021040a3ca16fc031962af4405d32b26085034b920caf09089cd44dab4261f0f,0,True,,192,65535,full_posterior,1024,1.739738342829076,16961.32682398355,128,U,U,33792,2,1.0008786747250498,1,130.24763411943013,1.0,reference_production_4,ok,61fa5b97160a40ea4623d9b0909f5c6bd1efc198e054db5ea14dff80a68ca165,shallow_m1024_r2
2,shallow,final_geometry_v15_20260930,4327fe4ece9317f6fd20fad18389a71e9b1f423b,32,-0.3330978185408216,0.014178921303233777,True,-0.31001561529799393,5546.554227845476,5534.478285598907,11758.588163351225,021040a3ca16fc031962af4405d32b26085034b920caf09089cd44dab4261f0f,0,True,,162,65535,full_posterior,1024,0.007242635384673976,-0.3215567169194077,128,train_logit_0,train_logit_0,33792,2,1.0009793323675291,1,0.5688597943412435,1.0,reference_production_4,ok,61fa5b97160a40ea4623d9b0909f5c6bd1efc198e054db5ea14dff80a68ca165,shallow_m1024_r2
2,shallow,final_geometry_v15_20260930,4327fe4ece9317f6fd20fad18389a71e9b1f423b,32,0.33143657789979875,0.012214125870646813,True,0.3336362310468845,6703.532805037305,6698.391575627699,13372.692261115768,021040a3ca16fc031962af4405d32b26085034b920caf09089cd44dab4261f0f,0,True,,100,65535,full_posterior,1024,0.006335825448355389,0.33253640447334165,128,train_logit_16,train_logit_16,33792,2,1.00082032458986,1,0.5401463271758192,1.0,reference_production_4,ok,61fa5b97160a40ea4623d9b0909f5c6bd1efc198e054db5ea14dff80a68ca165,shallow_m1024_r2
2,shallow,final_geometry_v15_20260930,4327fe4ece9317f6fd20fad18389a71e9b1f423b,32,-0.5769971959948648,0.012709274662979124,True,-0.5914057132030615,5702.995247153252,5701.1961011889925,11724.309585009483,021040a3ca16fc031962af4405d32b26085034b920caf09089cd44dab4261f0f,0,True,,242,65535,full_posterior,1024,0.006676696517030957,-0.5842014545989632,128,train_logit_32,train_logit_32,33792,2,1.0003878657604197,1,0.5351697016876218,1.0,reference_production_4,ok,61fa5b97160a40ea4623d9b0909f5c6bd1efc198e054db5ea14dff80a68ca165,shallow_m1024_r2
2,shallow,final_geometry_v15_20260930,4327fe4ece9317f6fd20fad18389a71e9b1f423b,32,-1.0716413960125604,0.014598416250684563,True,-1.0712132756983934,5101.20516370504,5095.9254471430195,10271.80158274037,021040a3ca16fc031962af4405d32b26085034b920caf09089cd44dab4261f0f,0,True,,152,65535,full_posterior,1024,0.007509729041580061,-1.0714273358554771,128,train_logit_48,train_logit_48,33792,2,1.0007410772185727,1,0.5734399110831503,1.0,reference_production_4,ok,61fa5b97160a40ea4623d9b0909f5c6bd1efc198e054db5ea14dff80a68ca165,shallow_m1024_r2
2,shallow,final_geometry_v15_20260930,4327fe4ece9317f6fd20fad18389a71e9b1f423b,32,0.6151476216888417,0.013787925869338413,True,0.6141322084940144,5547.907533023593,5518.844234483908,11856.72763817097,021040a3ca16fc031962af4405d32b26085034b920caf09089cd44dab4261f0f,0,True,,184,65535,full_posterior,1024,0.00705059219495937,0.6146399150914279,128,train_logit_64,train_logit_64,33792,2,1.000375883816669,1,0.558423034290668,1.0,reference_production_4,ok,61fa5b97160a40ea4623d9b0909f5c6bd1efc198e054db5ea14dff80a68ca165,shallow_m1024_r2
2,shallow,final_geometry_v15_20260930,4327fe4ece9317f6fd20fad18389a71e9b1f423b,32,-0.6179662755115776,0.01257819104533708,True,-0.6022815516819268,6492.079473408443,6485.812847223534,13796.024968617328,021040a3ca16fc031962af4405d32b26085034b920caf09089cd44dab4261f0f,0,True,,108,65535,full_posterior,1024,0.00631109861222958,-0.610123913596752,128,train_logit_80,train_logit_80,33792,2,1.000430100009334,1,0.5401977207465567,1.0,reference_production_4,ok,61fa5b97160a40ea4623d9b0909f5c6bd1efc198e054db5ea14dff80a68ca165,shallow_m1024_r2
2,shallow,final_geometry_v15_20260930,4327fe4ece9317f6fd20fad18389a71e9b1f423b,32,-0.9146674108557078,0.013347561004960533,True,-0.9234786341710768,5788.42359261135,5807.4887006678455,13151.93364145995,021040a3ca16fc031962af4405d32b26085034b920caf09089cd44dab4261f0f,0,True,,166,65535,full_posterior,1024,0.006801180414826797,-0.9190730225133921,128,train_logit_96,train_logit_96,33792,2,1.0010543306970507,1,0.5474431354090418,1.0,reference_production_4,ok,61fa5b97160a40ea4623d9b0909f5c6bd1efc198e054db5ea14dff80a68ca165,shallow_m1024_r2
2,shallow,final_geometry_v15_20260930,4327fe4ece9317f6fd20fad18389a71e9b1f423b,32,0.7566760151431406,0.01228829717196031,True,0.7489023647873962,6448.995339686836,6447.529399572219,13752.181913854649,021040a3ca16fc031962af4405d32b26085034b920caf09089cd44dab4261f0f,0,True,,230,65535,full_posterior,1024,0.006251668167043377,0.7527891899652683,128,train_logit_112,train_logit_112,33792,2,1.0004012875643133,1,0.5223536024254246,1.0,reference_production_4,ok,61fa5b97160a40ea4623d9b0909f5c6bd1efc198e054db5ea14dff80a68ca165,shallow_m1024_r2
2,shallow,final_geometry_v15_20260930,4327fe4ece9317f6fd20fad18389a71e9b1f423b,32,0.41186143852043455,0.0040768394488614025,True,0.4187396949699278,5302.810673207813,5389.803455932574,13698.901039301918,021040a3ca16fc031962af4405d32b26085034b920caf09089cd44dab4261f0f,0,True,,482,65535,full_posterior,1024,0.0021125997384762577,0.4153005667451812,128,test_prob_0,test_prob_0,33792,2,1.0011887081533621,1,0.1710810744213797,1.0,reference_production_4,ok,61fa5b97160a40ea4623d9b0909f5c6bd1efc198e054db5ea14dff80a68ca165,shallow_m1024_r2
2,shallow,final_geometry_v15_20260930,4327fe4ece9317f6fd20fad18389a71e9b1f423b,32,0.42757473481950703,0.0043073648435631405,True,0.42616532640233146,5197.747886361777,5239.403442583449,11951.613200624994,021040a3ca16fc031962af4405d32b26085034b920caf09089cd44dab4261f0f,0,True,,224,65535,full_posterior,1024,0.002227494948286184,0.4268700306109194,128,test_prob_128,test_prob_128,33792,2,1.0015399582503577,1,0.1724515649769193,1.0,reference_production_4,ok,61fa5b97160a40ea4623d9b0909f5c6bd1efc198e054db5ea14dff80a68ca165,shallow_m1024_r2
2,shallow,final_geometry_v15_20260930,4327fe4ece9317f6fd20fad18389a71e9b1f423b,32,0.7520430047092729,0.0036787572470797685,True,0.7422414515884663,4620.638375191355,4756.087919475306,11026.437802434379,021040a3ca16fc031962af4405d32b26085034b920caf09089cd44dab4261f0f,0,True,,344,65535,full_posterior,1024,0.001939573354603344,0.7471422281488697,128,test_prob_256,test_prob_256,33792,2,1.0014850140932052,1,0.14451208115462427,1.0,reference_production_4,ok,61fa5b97160a40ea4623d9b0909f5c6bd1efc198e054db5ea14dff80a68ca165,shallow_m1024_r2
2,shallow,final_geometry_v15_20260930,4327fe4ece9317f6fd20fad18389a71e9b1f423b,32,0.843809416880227,0.002440705932686604,True,0.8483448105071902,5155.8445183853755,5727.225655928484,10929.107739522116,021040a3ca16fc031962af4405d32b26085034b920caf09089cd44dab4261f0f,0,True,,236,65535,full_posterior,1024,0.0012444139225390742,0.8460771136937089,128,test_prob_384,test_prob_384,33792,2,1.0016841403779755,1,0.10036385897370226,1.0,reference_production_4,ok,61fa5b97160a40ea4623d9b0909f5c6bd1efc198e054db5ea14dff80a68ca165,shallow_m1024_r2
2,shallow,final_geometry_v15_20260930,4327fe4ece9317f6fd20fad18389a71e9b1f423b,32,0.4040210016758812,0.004224179455182757,True,0.4032588516670558,5617.316140169465,5673.151007926121,12204.584542423752,021040a3ca16fc031962af4405d32b26085034b920caf09089cd44dab4261f0f,0,True,,144,65535,full_posterior,1024,0.0021908873316348046,0.4036399266714684,128,test_prob_512,test_prob_512,33792,2,1.000397802155648,1,0.1727723758442153,1.0,reference_production_4,ok,61fa5b97160a40ea4623d9b0909f5c6bd1efc198e054db5ea14dff80a68ca165,shallow_m1024_r2
2,shallow,final_geometry_v15_20260930,4327fe4ece9317f6fd20fad18389a71e9b1f423b,32,0.7487931115593095,0.0035593504438829146,True,0.7458801105718186,5000.16706171515,5174.416100401437,12310.104717673332,021040a3ca16fc031962af4405d32b26085034b920caf09089cd44dab4261f0f,0,True,,350,65535,full_posterior,1024,0.0018705319676536672,0.7473366110655641,128,test_prob_640,test_prob_640,33792,2,1.000704354762203,1,0.14327297823005586,1.0,reference_production_4,ok,61fa5b97160a40ea4623d9b0909f5c6bd1efc198e054db5ea14dff80a68ca165,shallow_m1024_r2
2,shallow,final_geometry_v15_20260930,4327fe4ece9317f6fd20fad18389a71e9b1f423b,32,0.7414868676851812,0.003680750705477693,True,0.7333429253977515,4884.635586399131,5170.914395310806,11269.677465003804,021040a3ca16fc031962af4405d32b26085034b920caf09089cd44dab4261f0f,0,True,,348,65535,full_posterior,1024,0.0018576914712335694,0.7374148965414665,128,test_prob_768,test_prob_768,33792,2,1.0012648481470525,1,0.14629973989146422,1.0,reference_production_4,ok,61fa5b97160a40ea4623d9b0909f5c6bd1efc198e054db5ea14dff80a68ca165,shallow_m1024_r2
2,shallow,final_geometry_v15_20260930,4327fe4ece9317f6fd20fad18389a71e9b1f423b,32,0.44132380350525696,0.004560205066595346,True,0.433990870048209,5336.926960864105,5382.341908658688,11785.681148613072,021040a3ca16fc031962af4405d32b26085034b920caf09089cd44dab4261f0f,0,True,,228,65535,full_posterior,1024,0.0023573618512002627,0.43765733677673296,128,test_prob_896,test_prob_896,33792,2,1.0007634551062745,1,0.18028905880916102,1.0,reference_production_4,ok,61fa5b97160a40ea4623d9b0909f5c6bd1efc198e054db5ea14dff80a68ca165,shallow_m1024_r2
2,shallow,final_geometry_v15_20260930,4327fe4ece9317f6fd20fad18389a71e9b1f423b,32,0.005254822878491306,0.016384108943553483,True,-0.007320461876731102,5209.118769052113,5051.074784591002,7549.550251926934,021040a3ca16fc031962af4405d32b26085034b920caf09089cd44dab4261f0f,0,True,,146,65535,full_posterior,1024,0.008266972446729148,-0.001032819499119899,128,interaction_0,interaction_0,33792,2,1.000483974729747,1,0.628498412948183,1.0,reference_production_4,ok,61fa5b97160a40ea4623d9b0909f5c6bd1efc198e054db5ea14dff80a68ca165,shallow_m1024_r2
2,shallow,final_geometry_v15_20260930,4327fe4ece9317f6fd20fad18389a71e9b1f423b,32,-0.03267225808468391,0.0157391655636592,True,0.022252564432404212,5204.741590454717,5045.220170274005,8126.7450075170955,021040a3ca16fc031962af4405d32b26085034b920caf09089cd44dab4261f0f,0,True,,226,65535,full_posterior,1024,0.008082508710318872,-0.005209846826139852,128,interaction_1,interaction_1,33792,2,1.0015999002900793,1,0.6144794226479762,1.0,reference_production_4,ok,61fa5b97160a40ea4623d9b0909f5c6bd1efc198e054db5ea14dff80a68ca165,shallow_m1024_r2
2,shallow,final_geometry_v15_20260930,4327fe4ece9317f6fd20fad18389a71e9b1f423b,32,-0.015167236783249702,0.01617891290981394,True,-0.03231685706203772,5410.814583063041,5239.321187861427,7549.075208004151,021040a3ca16fc031962af4405d32b26085034b920caf09089cd44dab4261f0f,0,True,,246,65535,full_posterior,1024,0.008172660685122886,-0.023742046922643714,128,interaction_2,interaction_2,33792,2,1.0009055491584176,1,0.627696680864032,1.0,reference_production_4,ok,61fa5b97160a40ea4623d9b0909f5c6bd1efc198e054db5ea14dff80a68ca165,shallow_m1024_r2
2,shallow,final_geometry_v15_20260930,4327fe4ece9317f6fd20fad18389a71e9b1f423b,32,-0.03524408411397108,0.01627731742380079,True,-0.028251649271395667,5096.028767390772,4899.936144283512,6951.668512863006,021040a3ca16fc031962af4405d32b26085034b920caf09089cd44dab4261f0f,0,True,,186,65535,full_posterior,1024,0.008235287678590759,-0.03174786669268336,128,interaction_3,interaction_3,33792,2,1.0009878208081464,1,0.6206404086509535,1.0,reference_production_4,ok,61fa5b97160a40ea4623d9b0909f5c6bd1efc198e054db5ea14dff80a68ca165,shallow_m1024_r2
2,shallow,final_geometry_v15_20260930,4327fe4ece9317f6fd20fad18389a71e9b1f423b,32,-0.08608533061615062,0.03402395204219665,True,-0.11018316708241116,2572.3538518430546,2568.3876231638087,5425.2437300019465,021040a3ca16fc031962af4405d32b26085034b920caf09089cd44dab4261f0f,0,True,,234,65535,full_posterior,1024,0.018035022165684304,-0.09813424884928086,128,q_A,q_A,33792,2,1.0007536361254679,1,1.0114354799980554,1.0,reference_production_4,ok,61fa5b97160a40ea4623d9b0909f5c6bd1efc198e054db5ea14dff80a68ca165,shallow_m1024_r2
2,shallow,final_geometry_v15_20260930,4327fe4ece9317f6fd20fad18389a71e9b1f423b,32,-0.04635746786746633,0.034198064375095365,True,0.01783724046673938,2431.0368603238594,2425.4548294203923,5293.9386098249,021040a3ca16fc031962af4405d32b26085034b920caf09089cd44dab4261f0f,0,True,,542,65535,full_posterior,1024,0.018156678272947105,-0.014260113700363468,128,q_W,q_W,33792,2,1.001019134059984,1,1.0153612931522367,1.0,reference_production_4,ok,61fa5b97160a40ea4623d9b0909f5c6bd1efc198e054db5ea14dff80a68ca165,shallow_m1024_r2
2,shallow,final_geometry_v15_20260930,4327fe4ece9317f6fd20fad18389a71e9b1f423b,32,1.0075428581018437,0.0011441929991751027,True,1.0068243162382295,4827.904452288367,4790.82863048298,9717.33226865722,021040a3ca16fc031962af4405d32b26085034b920caf09089cd44dab4261f0f,0,True,,192,65535,full_posterior,1024,0.0005955543153023255,1.0071835871700368,128,disp_A,disp_A,33792,2,1.0012055319606274,1,0.0440987663543195,1.0,reference_production_4,ok,61fa5b97160a40ea4623d9b0909f5c6bd1efc198e054db5ea14dff80a68ca165,shallow_m1024_r2
2,shallow,final_geometry_v15_20260930,4327fe4ece9317f6fd20fad18389a71e9b1f423b,32,0.9995753901099973,0.00020448242678988886,True,0.9999682501627389,4962.584556505925,4971.776680050789,10727.42691120028,021040a3ca16fc031962af4405d32b26085034b920caf09089cd44dab4261f0f,0,True,,208,65535,full_posterior,1024,0.00010457837699600237,0.999771820136368,128,disp_W1,disp_W1,33792,2,1.0009575430903708,1,0.007808712115649901,1.0,reference_production_4,ok,61fa5b97160a40ea4623d9b0909f5c6bd1efc198e054db5ea14dff80a68ca165,shallow_m1024_r2
2,shallow,final_geometry_v15_20260930,4327fe4ece9317f6fd20fad18389a71e9b1f423b,32,69.97964255966455,0.1272319997364138,True,69.81162075800225,2677.816473720941,2695.3809884087455,5270.653743277741,c42d4b5367c65fa5dcb34a30c443e9e774bce26cf64c6b1f15f6e759818a4a20,0,True,,430,65535,full_posterior,4096,0.0660413155463494,69.8956316588334,128,V,V,135168,0,1.002028233402227,1,3.840431503279014,1.0,reference_production_4,ok,8a6220ba8b63029337f3aba7bf23ad58f356eb9ebe1053d6e3e3fcf5e1c55e2a,shallow_m4096_r0
2,shallow,final_geometry_v15_20260930,4327fe4ece9317f6fd20fad18389a71e9b1f423b,32,67651.9594869371,6.818002170146488,True,67655.15194959029,5103.278033025155,5099.771197292004,10164.618569600747,c42d4b5367c65fa5dcb34a30c443e9e774bce26cf64c6b1f15f6e759818a4a20,0,True,,148,65535,full_posterior,4096,3.449492876734824,67653.55571826367,128,U,U,135168,0,1.0015570849618078,1,260.1080989182068,1.0,reference_production_4,ok,8a6220ba8b63029337f3aba7bf23ad58f356eb9ebe1053d6e3e3fcf5e1c55e2a,shallow_m4096_r0
2,shallow,final_geometry_v15_20260930,4327fe4ece9317f6fd20fad18389a71e9b1f423b,32,1.2239866698466835,0.013121505793110324,True,1.2337458100480252,5869.379146148159,5865.508516251981,12798.510508808049,c42d4b5367c65fa5dcb34a30c443e9e774bce26cf64c6b1f15f6e759818a4a20,0,True,,174,65535,full_posterior,4096,0.006620937016231851,1.2288662399473544,128,train_logit_0,train_logit_0,135168,0,1.0009974106550477,1,0.5427293447417258,1.0,reference_production_4,ok,8a6220ba8b63029337f3aba7bf23ad58f356eb9ebe1053d6e3e3fcf5e1c55e2a,shallow_m4096_r0
2,shallow,final_geometry_v15_20260930,4327fe4ece9317f6fd20fad18389a71e9b1f423b,32,-0.0068810295120576934,0.012252803342863517,True,0.004967972081299032,6690.112614063391,6690.017439563176,15199.569878801834,c42d4b5367c65fa5dcb34a30c443e9e774bce26cf64c6b1f15f6e759818a4a20,0,True,,128,65535,full_posterior,4096,0.0063085896994850114,-0.000956528715379332,128,train_logit_16,train_logit_16,135168,0,1.0005116964323835,1,0.5364704442422856,1.0,reference_production_4,ok,8a6220ba8b63029337f3aba7bf23ad58f356eb9ebe1053d6e3e3fcf5e1c55e2a,shallow_m4096_r0
2,shallow,final_geometry_v15_20260930,4327fe4ece9317f6fd20fad18389a71e9b1f423b,32,0.7445975402993174,0.013034601003978892,True,0.7407584917593499,6308.184839919113,6306.0362724002,13502.370610290742,c42d4b5367c65fa5dcb34a30c443e9e774bce26cf64c6b1f15f6e759818a4a20,0,True,,122,65535,full_posterior,4096,0.006826854355069892,0.7426780160293338,128,train_logit_32,train_logit_32,135168,0,1.0001260467275437,1,0.5588116706513995,1.0,reference_production_4,ok,8a6220ba8b63029337f3aba7bf23ad58f356eb9ebe1053d6e3e3fcf5e1c55e2a,shallow_m4096_r0
2,shallow,final_geometry_v15_20260930,4327fe4ece9317f6fd20fad18389a71e9b1f423b,32,0.5436561159902491,0.012440139439708339,True,0.5597099695629423,6670.02300686431,6657.568889137951,13881.222486637604,c42d4b5367c65fa5dcb34a30c443e9e774bce26cf64c6b1f15f6e759818a4a20,0,True,,126,65535,full_posterior,4096,0.0063299718566021184,0.5516830427765957,128,train_logit_48,train_logit_48,135168,0,1.000444104509238,1,0.5441948608482216,1.0,reference_production_4,ok,8a6220ba8b63029337f3aba7bf23ad58f356eb9ebe1053d6e3e3fcf5e1c55e2a,shallow_m4096_r0
2,shallow,final_geometry_v15_20260930,4327fe4ece9317f6fd20fad18389a71e9b1f423b,32,0.7872324843622958,0.012582796694930478,True,0.7986466652864302,6265.961939789764,6255.802912016545,13565.869243262716,c42d4b5367c65fa5dcb34a30c443e9e774bce26cf64c6b1f15f6e759818a4a20,0,True,,230,65535,full_posterior,4096,0.0064601344629882755,0.792939574824363,128,train_logit_64,train_logit_64,135168,0,1.0005852798503154,1,0.5366117532751125,1.0,reference_production_4,ok,8a6220ba8b63029337f3aba7bf23ad58f356eb9ebe1053d6e3e3fcf5e1c55e2a,shallow_m4096_r0
2,shallow,final_geometry_v15_20260930,4327fe4ece9317f6fd20fad18389a71e9b1f423b,32,-1.0872855824456436,0.013983783385234708,True,-1.115188681209859,5085.915914564731,5075.891138236076,11132.519158563606,c42d4b5367c65fa5dcb34a30c443e9e774bce26cf64c6b1f15f6e759818a4a20,0,True,,214,65535,full_posterior,4096,0.00735618951327467,-1.1012371318277512,128,train_logit_80,train_logit_80,135168,0,1.0008406038194808,1,0.5625442494139876,1.0,reference_production_4,ok,8a6220ba8b63029337f3aba7bf23ad58f356eb9ebe1053d6e3e3fcf5e1c55e2a,shallow_m4096_r0
2,shallow,final_geometry_v15_20260930,4327fe4ece9317f6fd20fad18389a71e9b1f423b,32,0.7667944977717741,0.012821201245566675,True,0.7678106324608027,6276.7768970091065,6265.333455357748,14497.684680953513,c42d4b5367c65fa5dcb34a30c443e9e774bce26cf64c6b1f15f6e759818a4a20,0,True,,158,65535,full_posterior,4096,0.00658702928355239,0.7673025651162884,128,train_logit_96,train_logit_96,135168,0,1.0010405624283572,1,0.5506363197550926,1.0,reference_production_4,ok,8a6220ba8b63029337f3aba7bf23ad58f356eb9ebe1053d6e3e3fcf5e1c55e2a,shallow_m4096_r0
2,shallow,final_geometry_v15_20260930,4327fe4ece9317f6fd20fad18389a71e9b1f423b,32,0.3568186875542668,0.011853252549793379,True,0.34766495302882655,6580.14591049233,6564.127284996716,15769.650082173419,c42d4b5367c65fa5dcb34a30c443e9e774bce26cf64c6b1f15f6e759818a4a20,0,True,,228,65535,full_posterior,4096,0.006042984445588584,0.3522418202915467,128,train_logit_112,train_logit_112,135168,0,1.0006399770492354,1,0.5271324664111975,1.0,reference_production_4,ok,8a6220ba8b63029337f3aba7bf23ad58f356eb9ebe1053d6e3e3fcf5e1c55e2a,shallow_m4096_r0
2,shallow,final_geometry_v15_20260930,4327fe4ece9317f6fd20fad18389a71e9b1f423b,32,0.5290997210284621,0.004494208055293485,True,0.5227927426152127,5484.725884380855,5535.7634032710785,11231.423484357005,c42d4b5367c65fa5dcb34a30c443e9e774bce26cf64c6b1f15f6e759818a4a20,0,True,,162,65535,full_posterior,4096,0.0022797623094543413,0.5259462318218375,128,test_prob_0,test_prob_0,135168,0,1.0010089963485862,1,0.1826355487020153,1.0,reference_production_4,ok,8a6220ba8b63029337f3aba7bf23ad58f356eb9ebe1053d6e3e3fcf5e1c55e2a,shallow_m4096_r0
2,shallow,final_geometry_v15_20260930,4327fe4ece9317f6fd20fad18389a71e9b1f423b,32,0.6432144785724767,0.004147691076787167,True,0.6524362445632471,5799.752900122603,5809.382123959193,12694.53174493397,c42d4b5367c65fa5dcb34a30c443e9e774bce26cf64c6b1f15f6e759818a4a20,0,True,,270,65535,full_posterior,4096,0.0021351756703847104,0.647825361567862,128,test_prob_128,test_prob_128,135168,0,1.0008889021474587,1,0.16953369921108213,1.0,reference_production_4,ok,8a6220ba8b63029337f3aba7bf23ad58f356eb9ebe1053d6e3e3fcf5e1c55e2a,shallow_m4096_r0
2,shallow,final_geometry_v15_20260930,4327fe4ece9317f6fd20fad18389a71e9b1f423b,32,0.7075025670606813,0.003748666203693431,True,0.7161867328462228,5011.129837501103,5236.179188596547,11180.849378972105,c42d4b5367c65fa5dcb34a30c443e9e774bce26cf64c6b1f15f6e759818a4a20,0,True,,226,65535,full_posterior,4096,0.0019132196052428544,0.7118446499534522,128,test_prob_256,test_prob_256,135168,0,1.001632309672266,1,0.15075489585361107,1.0,reference_production_4,ok,8a6220ba8b63029337f3aba7bf23ad58f356eb9ebe1053d6e3e3fcf5e1c55e2a,shallow_m4096_r0
2,shallow,final_geometry_v15_20260930,4327fe4ece9317f6fd20fad18389a71e9b1f423b,32,0.30656224514238245,0.0038226806950272594,True,0.30734333481394127,5860.038975099988,6056.634155951484,12499.239042064179,c42d4b5367c65fa5dcb34a30c443e9e774bce26cf64c6b1f15f6e759818a4a20,0,True,,138,65535,full_posterior,4096,0.0019198792068367044,0.3069527899781617,128,test_prob_384,test_prob_384,135168,0,1.0003262972400668,1,0.15776825548658294,1.0,reference_production_4,ok,8a6220ba8b63029337f3aba7bf23ad58f356eb9ebe1053d6e3e3fcf5e1c55e2a,shallow_m4096_r0
2,shallow,final_geometry_v15_20260930,4327fe4ece9317f6fd20fad18389a71e9b1f423b,32,0.6477553243430307,0.0039827768859027534,True,0.6555080431234901,5656.549949812149,5677.4739654408695,12532.627020188473,c42d4b5367c65fa5dcb34a30c443e9e774bce26cf64c6b1f15f6e759818a4a20,0,True,,216,65535,full_posterior,4096,0.002078574456794085,0.6516316837332605,128,test_prob_512,test_prob_512,135168,0,1.0008871611815178,1,0.16445476657091718,1.0,reference_production_4,ok,8a6220ba8b63029337f3aba7bf23ad58f356eb9ebe1053d6e3e3fcf5e1c55e2a,shallow_m4096_r0
2,shallow,final_geometry_v15_20260930,4327fe4ece9317f6fd20fad18389a71e9b1f423b,32,0.34761037745066886,0.003960762315168907,True,0.34601388752730544,6049.424170784014,6081.305788075834,13531.041542493804,c42d4b5367c65fa5dcb34a30c443e9e774bce26cf64c6b1f15f6e759818a4a20,0,True,,142,65535,full_posterior,4096,0.0020254938454325384,0.34681213248898723,128,test_prob_640,test_prob_640,135168,0,1.0003758421871083,1,0.16416819209208602,1.0,reference_production_4,ok,8a6220ba8b63029337f3aba7bf23ad58f356eb9ebe1053d6e3e3fcf5e1c55e2a,shallow_m4096_r0
2,shallow,final_geometry_v15_20260930,4327fe4ece9317f6fd20fad18389a71e9b1f423b,32,0.505738574019367,0.00446019623874666,True,0.5050732868848036,5717.904245731622,5730.084214820201,12095.952518720935,c42d4b5367c65fa5dcb34a30c443e9e774bce26cf64c6b1f15f6e759818a4a20,0,True,,136,65535,full_posterior,4096,0.0022572286496090077,0.5054059304520853,128,test_prob_768,test_prob_768,135168,0,1.000499173194091,1,0.18082750491903385,1.0,reference_production_4,ok,8a6220ba8b63029337f3aba7bf23ad58f356eb9ebe1053d6e3e3fcf5e1c55e2a,shallow_m4096_r0
2,shallow,final_geometry_v15_20260930,4327fe4ece9317f6fd20fad18389a71e9b1f423b,32,0.5085975310983409,0.004521669621217039,True,0.4996686024316437,5260.565419069995,5279.136540221918,12025.381519820834,c42d4b5367c65fa5dcb34a30c443e9e774bce26cf64c6b1f15f6e759818a4a20,0,True,,198,65535,full_posterior,4096,0.0023465410243751414,0.5041330667649924,128,test_prob_896,test_prob_896,135168,0,1.0008179610450427,1,0.18016079311500735,1.0,reference_production_4,ok,8a6220ba8b63029337f3aba7bf23ad58f356eb9ebe1053d6e3e3fcf5e1c55e2a,shallow_m4096_r0
2,shallow,final_geometry_v15_20260930,4327fe4ece9317f6fd20fad18389a71e9b1f423b,32,0.026326250762977177,0.016272610468795214,True,-0.00759562641022285,5236.8039888329795,5038.99609723894,7355.293985429948,c42d4b5367c65fa5dcb34a30c443e9e774bce26cf64c6b1f15f6e759818a4a20,0,True,,166,65535,full_posterior,4096,0.008440285552964557,0.009365312176377162,128,interaction_0,interaction_0,135168,0,1.0012480289448833,1,0.6361664128190512,1.0,reference_production_4,ok,8a6220ba8b63029337f3aba7bf23ad58f356eb9ebe1053d6e3e3fcf5e1c55e2a,shallow_m4096_r0
2,shallow,final_geometry_v15_20260930,4327fe4ece9317f6fd20fad18389a71e9b1f423b,32,0.01529987109356609,0.015495458440347153,True,0.014752368366688438,5526.030938939876,5225.781223550871,8242.524029337888,c42d4b5367c65fa5dcb34a30c443e9e774bce26cf64c6b1f15f6e759818a4a20,0,True,,302,65535,full_posterior,4096,0.007926638202804818,0.015026119730127265,128,interaction_1,interaction_1,135168,0,1.0009065619742767,1,0.6182374118082317,1.0,reference_production_4,ok,8a6220ba8b63029337f3aba7bf23ad58f356eb9ebe1053d6e3e3fcf5e1c55e2a,shallow_m4096_r0
2,shallow,final_geometry_v15_20260930,4327fe4ece9317f6fd20fad18389a71e9b1f423b,32,-0.01608616029594761,0.016106971233403492,True,-0.02102714975034659,5859.736443063852,5651.057179240535,8588.119005373903,c42d4b5367c65fa5dcb34a30c443e9e774bce26cf64c6b1f15f6e759818a4a20,0,True,,110,65535,full_posterior,4096,0.008038388362330538,-0.018556655023147097,128,interaction_2,interaction_2,135168,0,1.0003477724244638,1,0.6396834718218793,1.0,reference_production_4,ok,8a6220ba8b63029337f3aba7bf23ad58f356eb9ebe1053d6e3e3fcf5e1c55e2a,shallow_m4096_r0
2,shallow,final_geometry_v15_20260930,4327fe4ece9317f6fd20fad18389a71e9b1f423b,32,0.001332515678489134,0.01605538680627093,True,0.014576493958773086,5382.806682171471,5213.049285478068,7995.028161384598,c42d4b5367c65fa5dcb34a30c443e9e774bce26cf64c6b1f15f6e759818a4a20,0,True,,292,65535,full_posterior,4096,0.008425966357160952,0.007954504818631108,128,interaction_3,interaction_3,135168,0,1.0006863000775417,1,0.6369577837095763,1.0,reference_production_4,ok,8a6220ba8b63029337f3aba7bf23ad58f356eb9ebe1053d6e3e3fcf5e1c55e2a,shallow_m4096_r0
2,shallow,final_geometry_v15_20260930,4327fe4ece9317f6fd20fad18389a71e9b1f423b,32,-0.009493925539637214,0.03325958714120199,True,0.023005114825139443,2784.7480146340476,2774.935148822051,5796.133623249353,c42d4b5367c65fa5dcb34a30c443e9e774bce26cf64c6b1f15f6e759818a4a20,0,True,,248,65535,full_posterior,4096,0.017275714553956514,0.006755594642751117,128,q_A,q_A,135168,0,1.0017757808234027,1,1.0087906775616087,1.0,reference_production_4,ok,8a6220ba8b63029337f3aba7bf23ad58f356eb9ebe1053d6e3e3fcf5e1c55e2a,shallow_m4096_r0
2,shallow,final_geometry_v15_20260930,4327fe4ece9317f6fd20fad18389a71e9b1f423b,32,0.021713520442229666,0.033467713265440804,True,-0.024726697731883095,2717.7081795704094,2706.6344282322993,5806.119826966686,c42d4b5367c65fa5dcb34a30c443e9e774bce26cf64c6b1f15f6e759818a4a20,0,True,,220,65535,full_posterior,4096,0.017325628423176625,-0.0015065886448267143,128,q_W,q_W,135168,0,1.0006693040566719,1,1.00349623282452,1.0,reference_production_4,ok,8a6220ba8b63029337f3aba7bf23ad58f356eb9ebe1053d6e3e3fcf5e1c55e2a,shallow_m4096_r0
2,shallow,final_geometry_v15_20260930,4327fe4ece9317f6fd20fad18389a71e9b1f423b,32,1.0011964832023923,0.0005840385602744445,True,1.0004361447174503,5211.8298628233615,5201.438754079501,10378.126043924001,c42d4b5367c65fa5dcb34a30c443e9e774bce26cf64c6b1f15f6e759818a4a20,0,True,,166,65535,full_posterior,4096,0.000288439035366854,1.000816313959921,128,disp_A,disp_A,135168,0,1.000513872253797,1,0.022351055660338747,1.0,reference_production_4,ok,8a6220ba8b63029337f3aba7bf23ad58f356eb9ebe1053d6e3e3fcf5e1c55e2a,shallow_m4096_r0
2,shallow,final_geometry_v15_20260930,4327fe4ece9317f6fd20fad18389a71e9b1f423b,32,0.9999317847714069,0.00010264324925346486,True,1.0000068222725056,5091.378424577091,5087.153472546491,9726.930524581114,c42d4b5367c65fa5dcb34a30c443e9e774bce26cf64c6b1f15f6e759818a4a20,0,True,,150,65535,full_posterior,4096,5.186621582083583e-05,0.9999693035219568,128,disp_W1,disp_W1,135168,0,1.0015155831576161,1,0.003909751467037479,1.0,reference_production_4,ok,8a6220ba8b63029337f3aba7bf23ad58f356eb9ebe1053d6e3e3fcf5e1c55e2a,shallow_m4096_r0
2,shallow,final_geometry_v15_20260930,4327fe4ece9317f6fd20fad18389a71e9b1f423b,32,56.56650781707809,0.14639660702777774,True,56.69581183378468,2431.637693157412,2441.462053623043,5316.053500111571,a4c8520eb44c75ea3099cdbac825d88d37c40066ff07f2408368c63f9fadfabc,0,True,,254,65535,full_posterior,4096,0.07649389199886772,56.631159825431396,128,V,V,135168,1,1.0034474194241518,1,4.239516256751887,1.0,reference_production_4,ok,2d18a154c082aebdf0c7dff9779adbab12358b1b72ad29a412f3643b39e3fb64,shallow_m4096_r1
2,shallow,final_geometry_v15_20260930,4327fe4ece9317f6fd20fad18389a71e9b1f423b,32,67640.47462095483,7.032540055819627,True,67653.12569503518,4595.865931627973,4587.088692970092,9513.747230207033,a4c8520eb44c75ea3099cdbac825d88d37c40066ff07f2408368c63f9fadfabc,0,True,,146,65535,full_posterior,4096,3.5922183472334024,67646.800157995,128,U,U,135168,1,1.0006349713488811,1,257.5961184415748,1.0,reference_production_4,ok,2d18a154c082aebdf0c7dff9779adbab12358b1b72ad29a412f3643b39e3fb64,shallow_m4096_r1
2,shallow,final_geometry_v15_20260930,4327fe4ece9317f6fd20fad18389a71e9b1f423b,32,0.4132479064829447,0.013664191709313081,True,0.38219863441729374,5479.177646203955,5485.603234819616,12301.576404772959,a4c8520eb44c75ea3099cdbac825d88d37c40066ff07f2408368c63f9fadfabc,0,True,,168,65535,full_posterior,4096,0.007073519155296592,0.3977232704501192,128,train_logit_0,train_logit_0,135168,1,1.0007818591411095,1,0.5552936505090469,1.0,reference_production_4,ok,2d18a154c082aebdf0c7dff9779adbab12358b1b72ad29a412f3643b39e3fb64,shallow_m4096_r1
2,shallow,final_geometry_v15_20260930,4327fe4ece9317f6fd20fad18389a71e9b1f423b,32,0.8341647651966699,0.013897186474914678,True,0.8305143764278295,5327.537162153976,5327.631688120651,11553.006080346717,a4c8520eb44c75ea3099cdbac825d88d37c40066ff07f2408368c63f9fadfabc,0,True,,150,65535,full_posterior,4096,0.007115165055853324,0.8323395708122497,128,train_logit_16,train_logit_16,135168,1,1.0009774970919338,1,0.549261952124671,1.0,reference_production_4,ok,2d18a154c082aebdf0c7dff9779adbab12358b1b72ad29a412f3643b39e3fb64,shallow_m4096_r1
2,shallow,final_geometry_v15_20260930,4327fe4ece9317f6fd20fad18389a71e9b1f423b,32,-0.09004785265986795,0.014181007236645147,True,-0.0904305187742511,4968.643376570159,4955.665622149507,11846.631312259038,a4c8520eb44c75ea3099cdbac825d88d37c40066ff07f2408368c63f9fadfabc,0,True,,198,65535,full_posterior,4096,0.0073093589869324144,-0.09023918571705952,128,train_logit_32,train_logit_32,135168,1,1.0006840683320464,1,0.545078422787323,1.0,reference_production_4,ok,2d18a154c082aebdf0c7dff9779adbab12358b1b72ad29a412f3643b39e3fb64,shallow_m4096_r1
2,shallow,final_geometry_v15_20260930,4327fe4ece9317f6fd20fad18389a71e9b1f423b,32,-1.198726018695728,0.014886836196708697,True,-1.1928425403359613,4467.906694571799,4459.3053269341935,9807.665481269642,a4c8520eb44c75ea3099cdbac825d88d37c40066ff07f2408368c63f9fadfabc,0,True,,266,65535,full_posterior,4096,0.007925941050127132,-1.1957842795158449,128,train_logit_48,train_logit_48,135168,1,1.000628300948845,1,0.564608103250005,1.0,reference_production_4,ok,2d18a154c082aebdf0c7dff9779adbab12358b1b72ad29a412f3643b39e3fb64,shallow_m4096_r1
2,shallow,final_geometry_v15_20260930,4327fe4ece9317f6fd20fad18389a71e9b1f423b,32,0.9687627924062319,0.014809444675725732,True,0.9470150741132763,4872.786057997597,4884.783218202789,10977.529506157134,a4c8520eb44c75ea3099cdbac825d88d37c40066ff07f2408368c63f9fadfabc,0,True,,416,65535,full_posterior,4096,0.0076917055535501355,0.957888933259754,128,train_logit_64,train_logit_64,135168,1,1.001598763393173,1,0.5668532113776781,1.0,reference_production_4,ok,2d18a154c082aebdf0c7dff9779adbab12358b1b72ad29a412f3643b39e3fb64,shallow_m4096_r1
2,shallow,final_geometry_v15_20260930,4327fe4ece9317f6fd20fad18389a71e9b1f423b,32,0.9261786182485499,0.01407131891835953,True,0.943926620384403,5063.178326109265,5037.364177123645,11732.065456789944,a4c8520eb44c75ea3099cdbac825d88d37c40066ff07f2408368c63f9fadfabc,0,True,,208,65535,full_posterior,4096,0.007214061655531761,0.9350526193164763,128,train_logit_80,train_logit_80,135168,1,1.001936341941586,1,0.5501356101553517,1.0,reference_production_4,ok,2d18a154c082aebdf0c7dff9779adbab12358b1b72ad29a412f3643b39e3fb64,shallow_m4096_r1
2,shallow,final_geometry_v15_20260930,4327fe4ece9317f6fd20fad18389a71e9b1f423b,32,0.03032179667180386,0.014169589416839904,True,0.044156199408620575,5210.354646964767,5211.443226200861,10546.10181137627,a4c8520eb44c75ea3099cdbac825d88d37c40066ff07f2408368c63f9fadfabc,0,True,,144,65535,full_posterior,4096,0.0073417826509399155,0.03723899804021221,128,train_logit_96,train_logit_96,135168,1,1.0009052066616768,1,0.5587491909561942,1.0,reference_production_4,ok,2d18a154c082aebdf0c7dff9779adbab12358b1b72ad29a412f3643b39e3fb64,shallow_m4096_r1
2,shallow,final_geometry_v15_20260930,4327fe4ece9317f6fd20fad18389a71e9b1f423b,32,-0.5841518813988164,0.014058346785911637,True,-0.565992465655023,5180.031181951219,5185.846342076165,11047.52084917592,a4c8520eb44c75ea3099cdbac825d88d37c40066ff07f2408368c63f9fadfabc,0,True,,222,65535,full_posterior,4096,0.007175992702319427,-0.57507217352692,128,train_logit_112,train_logit_112,135168,1,1.0004425640677364,1,0.5529871019515186,1.0,reference_production_4,ok,2d18a154c082aebdf0c7dff9779adbab12358b1b72ad29a412f3643b39e3fb64,shallow_m4096_r1
2,shallow,final_geometry_v15_20260930,4327fe4ece9317f6fd20fad18389a71e9b1f423b,32,0.5337229510561828,0.004716207943493897,True,0.5362073496784101,4511.618564496412,4544.464497462907,9894.308189199803,a4c8520eb44c75ea3099cdbac825d88d37c40066ff07f2408368c63f9fadfabc,0,True,,202,65535,full_posterior,4096,0.002406308146879927,0.5349651503672965,128,test_prob_0,test_prob_0,135168,1,1.0010474241543192,1,0.17893663465025458,1.0,reference_production_4,ok,2d18a154c082aebdf0c7dff9779adbab12358b1b72ad29a412f3643b39e3fb64,shallow_m4096_r1
2,shallow,final_geometry_v15_20260930,4327fe4ece9317f6fd20fad18389a71e9b1f423b,32,0.3036956757479265,0.004003854921627426,True,0.3071679042785525,4957.742401102229,4995.194697924477,11655.734055765924,a4c8520eb44c75ea3099cdbac825d88d37c40066ff07f2408368c63f9fadfabc,0,True,,150,65535,full_posterior,4096,0.0020511955530789277,0.3054317900132395,128,test_prob_128,test_prob_128,135168,1,1.0020731473110829,1,0.15517027344934853,1.0,reference_production_4,ok,2d18a154c082aebdf0c7dff9779adbab12358b1b72ad29a412f3643b39e3fb64,shallow_m4096_r1
2,shallow,final_geometry_v15_20260930,4327fe4ece9317f6fd20fad18389a71e9b1f423b,32,0.45130236123191153,0.00464208186103699,True,0.4536696741726645,4437.775369892184,4441.646478038958,10760.8237200791,a4c8520eb44c75ea3099cdbac825d88d37c40066ff07f2408368c63f9fadfabc,0,True,,352,65535,full_posterior,4096,0.0024304771508002025,0.45248601770228797,128,test_prob_256,test_prob_256,135168,1,1.0006652662173074,1,0.17853790644190654,1.0,reference_production_4,ok,2d18a154c082aebdf0c7dff9779adbab12358b1b72ad29a412f3643b39e3fb64,shallow_m4096_r1
2,shallow,final_geometry_v15_20260930,4327fe4ece9317f6fd20fad18389a71e9b1f423b,32,0.7886074530291605,0.0031215895929353325,True,0.7916517555449196,4701.217455216106,4957.313257666716,9259.645421378234,a4c8520eb44c75ea3099cdbac825d88d37c40066ff07f2408368c63f9fadfabc,0,True,,164,65535,full_posterior,4096,0.0016630216480480364,0.79012960428704,128,test_prob_384,test_prob_384,135168,1,1.0011319023223055,1,0.12254205454630619,1.0,reference_production_4,ok,2d18a154c082aebdf0c7dff9779adbab12358b1b72ad29a412f3643b39e3fb64,shallow_m4096_r1
2,shallow,final_geometry_v15_20260930,4327fe4ece9317f6fd20fad18389a71e9b1f423b,32,0.4919553549753566,0.004702371402034536,True,0.4890441498675462,4847.851751554437,4849.024413901251,11177.129532655928,a4c8520eb44c75ea3099cdbac825d88d37c40066ff07f2408368c63f9fadfabc,0,True,,178,65535,full_posterior,4096,0.002453439107883736,0.4904997524214514,128,test_prob_512,test_prob_512,135168,1,1.0015075756915879,1,0.18115506808140683,1.0,reference_production_4,ok,2d18a154c082aebdf0c7dff9779adbab12358b1b72ad29a412f3643b39e3fb64,shallow_m4096_r1
2,shallow,final_geometry_v15_20260930,4327fe4ece9317f6fd20fad18389a71e9b1f423b,32,0.6053036845829863,0.004941976733632647,True,0.6056696993847192,4123.328353297039,4136.113739031717,9746.708224201298,a4c8520eb44c75ea3099cdbac825d88d37c40066ff07f2408368c63f9fadfabc,0,True,,226,65535,full_posterior,4096,0.002516522038650473,0.6054866919838529,128,test_prob_640,test_prob_640,135168,1,1.0028978720195425,1,0.1774944243908144,1.0,reference_production_4,ok,2d18a154c082aebdf0c7dff9779adbab12358b1b72ad29a412f3643b39e3fb64,shallow_m4096_r1
2,shallow,final_geometry_v15_20260930,4327fe4ece9317f6fd20fad18389a71e9b1f423b,32,0.52223062129897,0.004754837278452893,True,0.5180586717245664,4831.405233828664,4849.609436946093,10284.704043036325,a4c8520eb44c75ea3099cdbac825d88d37c40066ff07f2408368c63f9fadfabc,0,True,,160,65535,full_posterior,4096,0.002405545289285495,0.520144646511768,128,test_prob_768,test_prob_768,135168,1,1.0006304978272302,1,0.17924948779351088,1.0,reference_production_4,ok,2d18a154c082aebdf0c7dff9779adbab12358b1b72ad29a412f3643b39e3fb64,shallow_m4096_r1
2,shallow,final_geometry_v15_20260930,4327fe4ece9317f6fd20fad18389a71e9b1f423b,32,0.49669357576156603,0.004744560803588824,True,0.5035439271126271,4318.066287052434,4322.309089731042,10297.464858648773,a4c8520eb44c75ea3099cdbac825d88d37c40066ff07f2408368c63f9fadfabc,0,True,,314,65535,full_posterior,4096,0.002512185595939868,0.5001187514370965,128,test_prob_896,test_prob_896,135168,1,1.0007893050003058,1,0.17786156665920766,1.0,reference_production_4,ok,2d18a154c082aebdf0c7dff9779adbab12358b1b72ad29a412f3643b39e3fb64,shallow_m4096_r1
2,shallow,final_geometry_v15_20260930,4327fe4ece9317f6fd20fad18389a71e9b1f423b,32,0.005443035125177301,0.016603499005206183,True,-0.007998556599349362,4969.860782138972,4807.522945896222,7409.340832991759,a4c8520eb44c75ea3099cdbac825d88d37c40066ff07f2408368c63f9fadfabc,0,True,,130,65535,full_posterior,4096,0.008575307424386051,-0.0012777607370860304,128,interaction_0,interaction_0,135168,1,1.000891692740933,1,0.6257013252871246,1.0,reference_production_4,ok,2d18a154c082aebdf0c7dff9779adbab12358b1b72ad29a412f3643b39e3fb64,shallow_m4096_r1
2,shallow,final_geometry_v15_20260930,4327fe4ece9317f6fd20fad18389a71e9b1f423b,32,0.008887751063891369,0.01746120018395209,True,0.0037249849438963376,4503.930149097438,4260.086365576378,5873.461375356912,a4c8520eb44c75ea3099cdbac825d88d37c40066ff07f2408368c63f9fadfabc,0,True,,174,65535,full_posterior,4096,0.009064610455083612,0.006306368003893854,128,interaction_1,interaction_1,135168,1,1.0005039177229438,1,0.6291283614690386,1.0,reference_production_4,ok,2d18a154c082aebdf0c7dff9779adbab12358b1b72ad29a412f3643b39e3fb64,shallow_m4096_r1
2,shallow,final_geometry_v15_20260930,4327fe4ece9317f6fd20fad18389a71e9b1f423b,32,0.0014573407915582219,0.017522835726240537,True,-0.017927954518531537,4407.466278228468,4291.103126873524,6774.917155571209,a4c8520eb44c75ea3099cdbac825d88d37c40066ff07f2408368c63f9fadfabc,0,True,,158,65535,full_posterior,4096,0.009022739378752765,-0.008235306863486658,128,interaction_2,interaction_2,135168,1,1.0012656457256461,1,0.6276179735548274,1.0,reference_production_4,ok,2d18a154c082aebdf0c7dff9779adbab12358b1b72ad29a412f3643b39e3fb64,shallow_m4096_r1
2,shallow,final_geometry_v15_20260930,4327fe4ece9317f6fd20fad18389a71e9b1f423b,32,-0.024273170197165995,0.017325171535065072,True,-0.021822851680514864,4730.800219125076,4523.76001958949,6888.063996129358,a4c8520eb44c75ea3099cdbac825d88d37c40066ff07f2408368c63f9fadfabc,0,True,,174,65535,full_posterior,4096,0.008718767709442436,-0.02304801093884043,128,interaction_3,interaction_3,135168,1,1.0013601822468867,1,0.6295320153739272,1.0,reference_production_4,ok,2d18a154c082aebdf0c7dff9779adbab12358b1b72ad29a412f3643b39e3fb64,shallow_m4096_r1
2,shallow,final_geometry_v15_20260930,4327fe4ece9317f6fd20fad18389a71e9b1f423b,32,0.04931408719910134,0.036220805593384656,True,0.1077668435575626,2034.582244633508,2037.0565940297056,4598.474546320627,a4c8520eb44c75ea3099cdbac825d88d37c40066ff07f2408368c63f9fadfabc,0,True,,440,65535,full_posterior,4096,0.0194356277514333,0.078540465378332,128,q_A,q_A,135168,1,1.002834004165815,1,1.021788702987026,1.0,reference_production_4,ok,2d18a154c082aebdf0c7dff9779adbab12358b1b72ad29a412f3643b39e3fb64,shallow_m4096_r1
2,shallow,final_geometry_v15_20260930,4327fe4ece9317f6fd20fad18389a71e9b1f423b,32,0.06351949200870655,0.03414171858614579,True,0.016726379927302193,2405.856677101644,2418.2872081459527,4648.2405136936595,a4c8520eb44c75ea3099cdbac825d88d37c40066ff07f2408368c63f9fadfabc,0,True,,514,65535,full_posterior,4096,0.01810505007764995,0.040122935968004377,128,q_W,q_W,135168,1,1.0011863684382594,1,0.9917992776017543,1.0,reference_production_4,ok,2d18a154c082aebdf0c7dff9779adbab12358b1b72ad29a412f3643b39e3fb64,shallow_m4096_r1
2,shallow,final_geometry_v15_20260930,4327fe4ece9317f6fd20fad18389a71e9b1f423b,32,1.0043575342222784,0.0006140906386393158,True,1.0032672605393442,4311.477122779933,4314.528545395779,9549.379340555644,a4c8520eb44c75ea3099cdbac825d88d37c40066ff07f2408368c63f9fadfabc,0,True,,190,65535,full_posterior,4096,0.0003179417412803455,1.0038123973808115,128,disp_A,disp_A,135168,1,1.0012454078988051,1,0.022045577254005307,1.0,reference_production_4,ok,2d18a154c082aebdf0c7dff9779adbab12358b1b72ad29a412f3643b39e3fb64,shallow_m4096_r1
2,shallow,final_geometry_v15_20260930,4327fe4ece9317f6fd20fad18389a71e9b1f423b,32,0.9998624249733051,0.00010586282429173117,True,1.0000875630739874,4529.665242909917,4520.080723783297,9537.8145747168,a4c8520eb44c75ea3099cdbac825d88d37c40066ff07f2408368c63f9fadfabc,0,True,,148,65535,full_posterior,4096,5.411438486230311e-05,0.9999749940236464,128,disp_W1,disp_W1,135168,1,1.0007939700187272,1,0.003875336208524565,1.0,reference_production_4,ok,2d18a154c082aebdf0c7dff9779adbab12358b1b72ad29a412f3643b39e3fb64,shallow_m4096_r1
2,shallow,final_geometry_v15_20260930,4327fe4ece9317f6fd20fad18389a71e9b1f423b,32,65.6450137649335,0.13108555504694036,True,65.58704587917813,2632.2378223776577,2660.5002276985756,5016.8614694015305,e6c2b29c8d23ffd4b35abeadcb98a15ed903ffdf4eae4b6206deea1eca98cb13,0,True,,262,65535,full_posterior,4096,0.06894150790137325,65.61602982205582,128,V,V,135168,2,1.0012662809820048,1,3.9481788814038836,1.0,reference_production_4,ok,8c615bef38ec1c9a9068713982d858e21e32dae4d6bf4d65ddce5685b8944212,shallow_m4096_r2
2,shallow,final_geometry_v15_20260930,4327fe4ece9317f6fd20fad18389a71e9b1f423b,32,67650.99799816145,6.68775716179814,True,67656.91776713623,5161.249233484261,5147.912274436011,9637.802145064694,e6c2b29c8d23ffd4b35abeadcb98a15ed903ffdf4eae4b6206deea1eca98cb13,0,True,,124,65535,full_posterior,4096,3.452732359519809,67653.95788264884,128,U,U,135168,2,1.0002991678121271,1,260.45806901083756,1.0,reference_production_4,ok,8c615bef38ec1c9a9068713982d858e21e32dae4d6bf4d65ddce5685b8944212,shallow_m4096_r2
2,shallow,final_geometry_v15_20260930,4327fe4ece9317f6fd20fad18389a71e9b1f423b,32,-0.37243281883572676,0.013738996350763947,True,-0.35564901546359534,5715.79659254389,5718.366715676203,12393.029968326748,e6c2b29c8d23ffd4b35abeadcb98a15ed903ffdf4eae4b6206deea1eca98cb13,0,True,,152,65535,full_posterior,4096,0.007029286838500974,-0.36404091714966114,128,train_logit_0,train_logit_0,135168,2,1.0004152686614507,1,0.5661701287874523,1.0,reference_production_4,ok,8c615bef38ec1c9a9068713982d858e21e32dae4d6bf4d65ddce5685b8944212,shallow_m4096_r2
2,shallow,final_geometry_v15_20260930,4327fe4ece9317f6fd20fad18389a71e9b1f423b,32,0.36046268798275677,0.012873925706353616,True,0.37803420692740813,6190.569738535259,6182.005930464588,13700.457638079019,e6c2b29c8d23ffd4b35abeadcb98a15ed903ffdf4eae4b6206deea1eca98cb13,0,True,,158,65535,full_posterior,4096,0.006501968821035456,0.36924844745508245,128,train_logit_16,train_logit_16,135168,2,1.0003584837356836,1,0.5418052328666977,1.0,reference_production_4,ok,8c615bef38ec1c9a9068713982d858e21e32dae4d6bf4d65ddce5685b8944212,shallow_m4096_r2
2,shallow,final_geometry_v15_20260930,4327fe4ece9317f6fd20fad18389a71e9b1f423b,32,-0.5842591490852772,0.012915736419775087,True,-0.611647062911771,5748.109277815769,5766.0045430962655,13043.819147918186,e6c2b29c8d23ffd4b35abeadcb98a15ed903ffdf4eae4b6206deea1eca98cb13,0,True,,300,65535,full_posterior,4096,0.006723501727839211,-0.5979531059985241,128,train_logit_32,train_logit_32,135168,2,1.0011234482310853,1,0.5407277448867748,1.0,reference_production_4,ok,8c615bef38ec1c9a9068713982d858e21e32dae4d6bf4d65ddce5685b8944212,shallow_m4096_r2
2,shallow,final_geometry_v15_20260930,4327fe4ece9317f6fd20fad18389a71e9b1f423b,32,-1.0665555521327976,0.01411869855642795,True,-1.063004749886264,5516.601196540828,5492.202000172713,10981.322007528499,e6c2b29c8d23ffd4b35abeadcb98a15ed903ffdf4eae4b6206deea1eca98cb13,0,True,,184,65535,full_posterior,4096,0.00722095620786276,-1.0647801510095307,128,train_logit_48,train_logit_48,135168,2,1.000365763083828,1,0.569584637143463,1.0,reference_production_4,ok,8c615bef38ec1c9a9068713982d858e21e32dae4d6bf4d65ddce5685b8944212,shallow_m4096_r2
2,shallow,final_geometry_v15_20260930,4327fe4ece9317f6fd20fad18389a71e9b1f423b,32,0.585278416547065,0.01368525293161106,True,0.5948803584221791,5335.056420963709,5336.037820843741,12615.617514570758,e6c2b29c8d23ffd4b35abeadcb98a15ed903ffdf4eae4b6206deea1eca98cb13,0,True,,222,65535,full_posterior,4096,0.00705777129064938,0.5900793874846222,128,train_logit_64,train_logit_64,135168,2,1.0003516389389242,1,0.5536119051419481,1.0,reference_production_4,ok,8c615bef38ec1c9a9068713982d858e21e32dae4d6bf4d65ddce5685b8944212,shallow_m4096_r2
2,shallow,final_geometry_v15_20260930,4327fe4ece9317f6fd20fad18389a71e9b1f423b,32,-0.591487852719662,0.01302473522277864,True,-0.6002677147807194,6029.318934288633,6007.946122736394,12591.096580624764,e6c2b29c8d23ffd4b35abeadcb98a15ed903ffdf4eae4b6206deea1eca98cb13,0,True,,312,65535,full_posterior,4096,0.006723739418741008,-0.5958777837501907,128,train_logit_80,train_logit_80,135168,2,1.0006146690520057,1,0.5434231936999033,1.0,reference_production_4,ok,8c615bef38ec1c9a9068713982d858e21e32dae4d6bf4d65ddce5685b8944212,shallow_m4096_r2
2,shallow,final_geometry_v15_20260930,4327fe4ece9317f6fd20fad18389a71e9b1f423b,32,-0.8842320673642869,0.013202740449735188,True,-0.8648913969594747,5879.310699388288,5875.402022437733,11135.30319384087,e6c2b29c8d23ffd4b35abeadcb98a15ed903ffdf4eae4b6206deea1eca98cb13,0,True,,150,65535,full_posterior,4096,0.006739998555567388,-0.8745617321618806,128,train_logit_96,train_logit_96,135168,2,1.0005028310226682,1,0.542695318546158,1.0,reference_production_4,ok,8c615bef38ec1c9a9068713982d858e21e32dae4d6bf4d65ddce5685b8944212,shallow_m4096_r2
2,shallow,final_geometry_v15_20260930,4327fe4ece9317f6fd20fad18389a71e9b1f423b,32,0.7404884674927199,0.012266064465401719,True,0.7223190923008906,5909.425892129461,5924.769294562637,14238.956372384313,e6c2b29c8d23ffd4b35abeadcb98a15ed903ffdf4eae4b6206deea1eca98cb13,0,True,,278,65535,full_posterior,4096,0.0063990574804724575,0.7314037798968052,128,train_logit_112,train_logit_112,135168,2,1.0005747349018763,1,0.5235135983009761,1.0,reference_production_4,ok,8c615bef38ec1c9a9068713982d858e21e32dae4d6bf4d65ddce5685b8944212,shallow_m4096_r2
2,shallow,final_geometry_v15_20260930,4327fe4ece9317f6fd20fad18389a71e9b1f423b,32,0.4241185233501388,0.004133575766161076,True,0.4248315969531664,5780.499487229427,5781.648998857153,13461.524441961083,e6c2b29c8d23ffd4b35abeadcb98a15ed903ffdf4eae4b6206deea1eca98cb13,0,True,,256,65535,full_posterior,4096,0.0021394149519540166,0.42447506015165265,128,test_prob_0,test_prob_0,135168,2,1.0002178636946402,1,0.17148129915410082,1.0,reference_production_4,ok,8c615bef38ec1c9a9068713982d858e21e32dae4d6bf4d65ddce5685b8944212,shallow_m4096_r2
2,shallow,final_geometry_v15_20260930,4327fe4ece9317f6fd20fad18389a71e9b1f423b,32,0.43729980707639465,0.004235972127162086,True,0.4349611028561728,5455.525675764886,5440.1558392155375,12742.171081366665,e6c2b29c8d23ffd4b35abeadcb98a15ed903ffdf4eae4b6206deea1eca98cb13,0,True,,210,65535,full_posterior,4096,0.002180796766235866,0.4361304549662837,128,test_prob_128,test_prob_128,135168,2,1.0006869007732666,1,0.17313156490293383,1.0,reference_production_4,ok,8c615bef38ec1c9a9068713982d858e21e32dae4d6bf4d65ddce5685b8944212,shallow_m4096_r2
2,shallow,final_geometry_v15_20260930,4327fe4ece9317f6fd20fad18389a71e9b1f423b,32,0.7451538661996175,0.003563171111717874,True,0.7473147789577955,5181.971527166854,5395.607225143188,10720.737386436807,e6c2b29c8d23ffd4b35abeadcb98a15ed903ffdf4eae4b6206deea1eca98cb13,0,True,,170,65535,full_posterior,4096,0.0018710788023870778,0.7462343225787066,128,test_prob_256,test_prob_256,135168,2,1.0002422804443103,1,0.14262290492726737,1.0,reference_production_4,ok,8c615bef38ec1c9a9068713982d858e21e32dae4d6bf4d65ddce5685b8944212,shallow_m4096_r2
2,shallow,final_geometry_v15_20260930,4327fe4ece9317f6fd20fad18389a71e9b1f423b,32,0.8452263957289257,0.002581616323670314,True,0.8462153831482961,4727.633272250796,5043.1440332311895,11304.040109955573,e6c2b29c8d23ffd4b35abeadcb98a15ed903ffdf4eae4b6206deea1eca98cb13,0,True,,232,65535,full_posterior,4096,0.0013303941265337823,0.8457208894386109,128,test_prob_384,test_prob_384,135168,2,1.0005966615586348,1,0.1022287687498518,1.0,reference_production_4,ok,8c615bef38ec1c9a9068713982d858e21e32dae4d6bf4d65ddce5685b8944212,shallow_m4096_r2
2,shallow,final_geometry_v15_20260930,4327fe4ece9317f6fd20fad18389a71e9b1f423b,32,0.4165764028632378,0.004188722436475411,True,0.4169623187391096,5672.038767462476,5670.034049034273,12141.628230116092,e6c2b29c8d23ffd4b35abeadcb98a15ed903ffdf4eae4b6206deea1eca98cb13,0,True,,200,65535,full_posterior,4096,0.002204457350223047,0.4167693608011738,128,test_prob_512,test_prob_512,135168,2,1.000533124381701,1,0.1725932875932704,1.0,reference_production_4,ok,8c615bef38ec1c9a9068713982d858e21e32dae4d6bf4d65ddce5685b8944212,shallow_m4096_r2
2,shallow,final_geometry_v15_20260930,4327fe4ece9317f6fd20fad18389a71e9b1f423b,32,0.7373137738662577,0.003755415248137131,True,0.7407677339516865,4696.617979795119,4860.3300407051875,10407.500368558494,e6c2b29c8d23ffd4b35abeadcb98a15ed903ffdf4eae4b6206deea1eca98cb13,0,True,,238,65535,full_posterior,4096,0.001965007571328322,0.7390407539089721,128,test_prob_640,test_prob_640,135168,2,1.0003775322981354,1,0.1474744060652243,1.0,reference_production_4,ok,8c615bef38ec1c9a9068713982d858e21e32dae4d6bf4d65ddce5685b8944212,shallow_m4096_r2
2,shallow,final_geometry_v15_20260930,4327fe4ece9317f6fd20fad18389a71e9b1f423b,32,0.7364879961832645,0.0036580780472015273,True,0.7344956324612969,5298.393538912788,5442.358894474447,11039.66445516552,e6c2b29c8d23ffd4b35abeadcb98a15ed903ffdf4eae4b6206deea1eca98cb13,0,True,,178,65535,full_posterior,4096,0.00187608906576518,0.735491814322281,128,test_prob_768,test_prob_768,135168,2,1.0008890641147126,1,0.14688149991892532,1.0,reference_production_4,ok,8c615bef38ec1c9a9068713982d858e21e32dae4d6bf4d65ddce5685b8944212,shallow_m4096_r2
2,shallow,final_geometry_v15_20260930,4327fe4ece9317f6fd20fad18389a71e9b1f423b,32,0.43727476454631803,0.004578745657580261,True,0.44516752657529945,5327.91370205023,5368.504077977361,11205.91991814666,e6c2b29c8d23ffd4b35abeadcb98a15ed903ffdf4eae4b6206deea1eca98cb13,0,True,,120,65535,full_posterior,4096,0.002389395262429918,0.44122114556080877,128,test_prob_896,test_prob_896,135168,2,1.0006980443309335,1,0.18143670672941298,1.0,reference_production_4,ok,8c615bef38ec1c9a9068713982d858e21e32dae4d6bf4d65ddce5685b8944212,shallow_m4096_r2
2,shallow,final_geometry_v15_20260930,4327fe4ece9317f6fd20fad18389a71e9b1f423b,32,-0.0015118148063947628,0.015783140459414518,True,0.006787469891001002,5316.259995238085,5185.509958750165,7297.093742623046,e6c2b29c8d23ffd4b35abeadcb98a15ed903ffdf4eae4b6206deea1eca98cb13,0,True,,146,65535,full_posterior,4096,0.008239548496139842,0.0026378275423031192,128,interaction_0,interaction_0,135168,2,1.0002643602186696,1,0.6211222424078316,1.0,reference_production_4,ok,8c615bef38ec1c9a9068713982d858e21e32dae4d6bf4d65ddce5685b8944212,shallow_m4096_r2
2,shallow,final_geometry_v15_20260930,4327fe4ece9317f6fd20fad18389a71e9b1f423b,32,-0.0016667988215786941,0.016705591414700273,True,0.013204026752635201,4938.5166018922855,4836.516850353142,7974.961028620686,e6c2b29c8d23ffd4b35abeadcb98a15ed903ffdf4eae4b6206deea1eca98cb13,0,True,,262,65535,full_posterior,4096,0.008477060098621593,0.005768613965528252,128,interaction_1,interaction_1,135168,2,1.0010648764012169,1,0.6274465992464476,1.0,reference_production_4,ok,8c615bef38ec1c9a9068713982d858e21e32dae4d6bf4d65ddce5685b8944212,shallow_m4096_r2
2,shallow,final_geometry_v15_20260930,4327fe4ece9317f6fd20fad18389a71e9b1f423b,32,-0.01834165784958045,0.016055125831713354,True,-0.0005704347375778554,5387.858301366579,5188.47823598263,7566.444364398627,e6c2b29c8d23ffd4b35abeadcb98a15ed903ffdf4eae4b6206deea1eca98cb13,0,True,,202,65535,full_posterior,4096,0.008146855222604882,-0.009456046293579146,128,interaction_2,interaction_2,135168,2,1.0005413641035603,1,0.6273412006232811,1.0,reference_production_4,ok,8c615bef38ec1c9a9068713982d858e21e32dae4d6bf4d65ddce5685b8944212,shallow_m4096_r2
2,shallow,final_geometry_v15_20260930,4327fe4ece9317f6fd20fad18389a71e9b1f423b,32,-0.0073949964419743755,0.016047514198252514,True,0.0035085395545094173,5377.345669100549,5165.52762695855,7441.3073405353425,e6c2b29c8d23ffd4b35abeadcb98a15ed903ffdf4eae4b6206deea1eca98cb13,0,True,,318,65535,full_posterior,4096,0.008324769428012515,-0.001943228443732478,128,interaction_3,interaction_3,135168,2,1.0006455616237802,1,0.6306372303374486,1.0,reference_production_4,ok,8c615bef38ec1c9a9068713982d858e21e32dae4d6bf4d65ddce5685b8944212,shallow_m4096_r2
2,shallow,final_geometry_v15_20260930,4327fe4ece9317f6fd20fad18389a71e9b1f423b,32,0.04202075229779853,0.033141809088936866,True,0.008379772848902109,2506.1875917687944,2506.3460975562252,5223.959015701185,e6c2b29c8d23ffd4b35abeadcb98a15ed903ffdf4eae4b6206deea1eca98cb13,0,True,,506,65535,full_posterior,4096,0.01769014633501622,0.02520026257335033,128,q_A,q_A,135168,2,1.0039433775328592,1,0.9924133530589507,1.0,reference_production_4,ok,8c615bef38ec1c9a9068713982d858e21e32dae4d6bf4d65ddce5685b8944212,shallow_m4096_r2
2,shallow,final_geometry_v15_20260930,4327fe4ece9317f6fd20fad18389a71e9b1f423b,32,0.01663530279656835,0.033071817809864276,True,0.012581387796723374,2805.0711348876316,2794.566315369958,5498.581175092395,e6c2b29c8d23ffd4b35abeadcb98a15ed903ffdf4eae4b6206deea1eca98cb13,0,True,,204,65535,full_posterior,4096,0.017311585791831605,0.01460834529664586,128,q_W,q_W,135168,2,1.0009366409144225,1,0.9991601598143376,1.0,reference_production_4,ok,8c615bef38ec1c9a9068713982d858e21e32dae4d6bf4d65ddce5685b8944212,shallow_m4096_r2
2,shallow,final_geometry_v15_20260930,4327fe4ece9317f6fd20fad18389a71e9b1f423b,32,1.0016153662263072,0.0005820777256796798,True,1.0016120099619092,5033.87830602575,5036.930916802178,10801.643089899319,e6c2b29c8d23ffd4b35abeadcb98a15ed903ffdf4eae4b6206deea1eca98cb13,0,True,,118,65535,full_posterior,4096,0.0003036121399261259,1.001613688094108,128,disp_A,disp_A,135168,2,1.000933850334409,1,0.022178030593270396,1.0,reference_production_4,ok,8c615bef38ec1c9a9068713982d858e21e32dae4d6bf4d65ddce5685b8944212,shallow_m4096_r2
2,shallow,final_geometry_v15_20260930,4327fe4ece9317f6fd20fad18389a71e9b1f423b,32,0.9999701647089391,0.00010019763542984548,True,1.0000614826180279,5141.435586121298,5127.740018657644,9611.411543014818,e6c2b29c8d23ffd4b35abeadcb98a15ed903ffdf4eae4b6206deea1eca98cb13,0,True,,130,65535,full_posterior,4096,5.167953414524665e-05,1.0000158236634833,128,disp_W1,disp_W1,135168,2,1.0002999679490616,1,0.0039028145881652315,1.0,reference_production_4,ok,8c615bef38ec1c9a9068713982d858e21e32dae4d6bf4d65ddce5685b8944212,shallow_m4096_r2
3,deep,final_geometry_v15_20260930,4327fe4ece9317f6fd20fad18389a71e9b1f423b,32,73.01761970281464,0.15181676222745608,True,72.71716317352997,1679.621984929498,1695.792688793212,2773.1602662906007,071497a7f547de114b6f2eeaaf1cb152a2fd795c199819aa3d61b7557d1389dc,0,True,,1076,65535,full_posterior,32,0.08275254021746187,72.8673914381723,128,V,V,2080,0,1.0017204483945465,1,4.231290084713589,1.0,reference_production_4,ok,af056e127c02b019412d5384149e30d1e6c85b146336ef076ef6b326c05fe260,deep_m0032_r0
3,deep,final_geometry_v15_20260930,4327fe4ece9317f6fd20fad18389a71e9b1f423b,32,1117.1731639889804,0.8595834771815527,True,1116.9955051059806,4746.008555734849,4739.0988650586405,9606.864769358926,071497a7f547de114b6f2eeaaf1cb152a2fd795c199819aa3d61b7557d1389dc,0,True,,142,65535,full_posterior,32,0.4413258789699861,1117.0843345474807,128,U,U,2080,0,1.0006663922277317,1,32.244190443252336,1.0,reference_production_4,ok,af056e127c02b019412d5384149e30d1e6c85b146336ef076ef6b326c05fe260,deep_m0032_r0
3,deep,final_geometry_v15_20260930,4327fe4ece9317f6fd20fad18389a71e9b1f423b,32,0.8953327256683771,0.012130048293444157,True,0.9047131579823045,4720.216311817584,4713.036633710588,9025.476024718935,071497a7f547de114b6f2eeaaf1cb152a2fd795c199819aa3d61b7557d1389dc,0,True,,262,65535,full_posterior,32,0.00634295897662167,0.9000229418253406,128,train_logit_0,train_logit_0,2080,0,1.0009082404555054,1,0.477075609924114,1.0,reference_production_4,ok,af056e127c02b019412d5384149e30d1e6c85b146336ef076ef6b326c05fe260,deep_m0032_r0
3,deep,final_geometry_v15_20260930,4327fe4ece9317f6fd20fad18389a71e9b1f423b,32,0.03419320909826298,0.011293702634279909,True,0.02798315856969565,5673.942785270969,5652.088245862632,12800.044954030944,071497a7f547de114b6f2eeaaf1cb152a2fd795c199819aa3d61b7557d1389dc,0,True,,258,65535,full_posterior,32,0.005694518160172863,0.03108818383397931,128,train_logit_16,train_logit_16,2080,0,1.000443994802259,1,0.47263715503053993,1.0,reference_production_4,ok,af056e127c02b019412d5384149e30d1e6c85b146336ef076ef6b326c05fe260,deep_m0032_r0
3,deep,final_geometry_v15_20260930,4327fe4ece9317f6fd20fad18389a71e9b1f423b,32,0.6065316551855214,0.011655724663763335,True,0.6083627329698135,5191.967916306776,5138.011432464648,11623.815509245389,071497a7f547de114b6f2eeaaf1cb152a2fd795c199819aa3d61b7557d1389dc,0,True,,458,65535,full_posterior,32,0.006100936497860636,0.6074471940776673,128,train_logit_32,train_logit_32,2080,0,1.001075919248602,1,0.483828762126149,1.0,reference_production_4,ok,af056e127c02b019412d5384149e30d1e6c85b146336ef076ef6b326c05fe260,deep_m0032_r0
3,deep,final_geometry_v15_20260930,4327fe4ece9317f6fd20fad18389a71e9b1f423b,32,0.3333915659826983,0.012140299596217183,True,0.3505466583900022,5378.9762802459845,5371.559597385159,11234.008620928016,071497a7f547de114b6f2eeaaf1cb152a2fd795c199819aa3d61b7557d1389dc,0,True,,212,65535,full_posterior,32,0.006173125411325269,0.3419691121863502,128,train_logit_48,train_logit_48,2080,0,1.0004798178512577,1,0.49026823390522273,1.0,reference_production_4,ok,af056e127c02b019412d5384149e30d1e6c85b146336ef076ef6b326c05fe260,deep_m0032_r0
3,deep,final_geometry_v15_20260930,4327fe4ece9317f6fd20fad18389a71e9b1f423b,32,0.6886085781788254,0.011533746312327165,True,0.7055542162503492,5431.598980107739,5426.126715811991,13086.734430122933,071497a7f547de114b6f2eeaaf1cb152a2fd795c199819aa3d61b7557d1389dc,0,True,,176,65535,full_posterior,32,0.005977741797666447,0.6970813972145874,128,train_logit_64,train_logit_64,2080,0,1.000376924278035,1,0.4745132767076442,1.0,reference_production_4,ok,af056e127c02b019412d5384149e30d1e6c85b146336ef076ef6b326c05fe260,deep_m0032_r0
3,deep,final_geometry_v15_20260930,4327fe4ece9317f6fd20fad18389a71e9b1f423b,32,-0.834740198205419,0.012689346478955048,True,-0.8367969910787174,4462.6993114581455,4436.71601814152,9468.269693478052,071497a7f547de114b6f2eeaaf1cb152a2fd795c199819aa3d61b7557d1389dc,0,True,,220,65535,full_posterior,32,0.006658710517966752,-0.8357685946420683,128,train_logit_80,train_logit_80,2080,0,1.000298994785712,1,0.4811176445270924,1.0,reference_production_4,ok,af056e127c02b019412d5384149e30d1e6c85b146336ef076ef6b326c05fe260,deep_m0032_r0
3,deep,final_geometry_v15_20260930,4327fe4ece9317f6fd20fad18389a71e9b1f423b,32,0.6132765554601081,0.011626126791417928,True,0.6443811136581691,5235.122112657568,5175.142761328792,10627.278901231994,071497a7f547de114b6f2eeaaf1cb152a2fd795c199819aa3d61b7557d1389dc,0,True,,374,65535,full_posterior,32,0.006114094989626291,0.6288288345591382,128,train_logit_96,train_logit_96,2080,0,1.0013045908060059,1,0.4775700123011295,1.0,reference_production_4,ok,af056e127c02b019412d5384149e30d1e6c85b146336ef076ef6b326c05fe260,deep_m0032_r0
3,deep,final_geometry_v15_20260930,4327fe4ece9317f6fd20fad18389a71e9b1f423b,32,0.19510753076526924,0.011264092570661783,True,0.207637858980764,5894.644157983954,5877.130444308521,12847.758574880341,071497a7f547de114b6f2eeaaf1cb152a2fd795c199819aa3d61b7557d1389dc,0,True,,172,65535,full_posterior,32,0.00578649481925857,0.2013726948730166,128,train_logit_112,train_logit_112,2080,0,1.0009605909042798,1,0.48014977732288766,1.0,reference_production_4,ok,af056e127c02b019412d5384149e30d1e6c85b146336ef076ef6b326c05fe260,deep_m0032_r0
3,deep,final_geometry_v15_20260930,4327fe4ece9317f6fd20fad18389a71e9b1f423b,32,0.5184692583696195,0.004270707888054681,True,0.5234191703369888,4346.4321633998925,4380.13902190702,10000.362802737955,071497a7f547de114b6f2eeaaf1cb152a2fd795c199819aa3d61b7557d1389dc,0,True,,296,65535,full_posterior,32,0.00219596490709442,0.5209442143533043,128,test_prob_0,test_prob_0,2080,0,1.0004912110168398,1,0.16393424358722397,1.0,reference_production_4,ok,af056e127c02b019412d5384149e30d1e6c85b146336ef076ef6b326c05fe260,deep_m0032_r0
3,deep,final_geometry_v15_20260930,4327fe4ece9317f6fd20fad18389a71e9b1f423b,32,0.6040499692110997,0.003997657115192294,True,0.6031486051010193,4928.238925798756,5011.45224176192,11044.512529414731,071497a7f547de114b6f2eeaaf1cb152a2fd795c199819aa3d61b7557d1389dc,0,True,,288,65535,full_posterior,32,0.0020363958152617386,0.6035992871560597,128,test_prob_128,test_prob_128,2080,0,1.0006395368767629,1,0.15775555972066094,1.0,reference_production_4,ok,af056e127c02b019412d5384149e30d1e6c85b146336ef076ef6b326c05fe260,deep_m0032_r0
3,deep,final_geometry_v15_20260930,4327fe4ece9317f6fd20fad18389a71e9b1f423b,32,0.6230387083904331,0.0038897249181318754,True,0.6211103540954136,4728.786645905602,4836.6009803866655,10241.866016522255,071497a7f547de114b6f2eeaaf1cb152a2fd795c199819aa3d61b7557d1389dc,0,True,,242,65535,full_posterior,32,0.0019936604170340505,0.6220745312429234,128,test_prob_256,test_prob_256,2080,0,1.0010915077864342,1,0.15197119510310078,1.0,reference_production_4,ok,af056e127c02b019412d5384149e30d1e6c85b146336ef076ef6b326c05fe260,deep_m0032_r0
3,deep,final_geometry_v15_20260930,4327fe4ece9317f6fd20fad18389a71e9b1f423b,32,0.30589034715260427,0.0035352813493867057,True,0.30824743148152767,4767.97426384812,4905.426584331077,11789.079024079148,071497a7f547de114b6f2eeaaf1cb152a2fd795c199819aa3d61b7557d1389dc,0,True,,206,65535,full_posterior,32,0.0018391185934667474,0.307068889317066,128,test_prob_384,test_prob_384,2080,0,1.000293431772188,1,0.14070327931996476,1.0,reference_production_4,ok,af056e127c02b019412d5384149e30d1e6c85b146336ef076ef6b326c05fe260,deep_m0032_r0
3,deep,final_geometry_v15_20260930,4327fe4ece9317f6fd20fad18389a71e9b1f423b,32,0.6284400879286784,0.0037160280747435444,True,0.6287443452909818,5488.725052071296,5634.993946068743,10330.357875064114,071497a7f547de114b6f2eeaaf1cb152a2fd795c199819aa3d61b7557d1389dc,0,True,,194,65535,full_posterior,32,0.0019041195315856177,0.6285922166098301,128,test_prob_512,test_prob_512,2080,0,1.0004575783991807,1,0.15191446031615385,1.0,reference_production_4,ok,af056e127c02b019412d5384149e30d1e6c85b146336ef076ef6b326c05fe260,deep_m0032_r0
3,deep,final_geometry_v15_20260930,4327fe4ece9317f6fd20fad18389a71e9b1f423b,32,0.39600748177509837,0.003931436080171837,True,0.3894488251720992,4536.385496773499,4684.296729441879,11156.570029807694,071497a7f547de114b6f2eeaaf1cb152a2fd795c199819aa3d61b7557d1389dc,0,True,,504,65535,full_posterior,32,0.0019693486243136282,0.39272815347359885,128,test_prob_640,test_prob_640,2080,0,1.0020016053750467,1,0.15478941742605004,1.0,reference_production_4,ok,af056e127c02b019412d5384149e30d1e6c85b146336ef076ef6b326c05fe260,deep_m0032_r0
3,deep,final_geometry_v15_20260930,4327fe4ece9317f6fd20fad18389a71e9b1f423b,32,0.5232682079612982,0.004097201609524209,True,0.5226159747493446,4823.500026795667,4839.384114396719,11120.671785027687,071497a7f547de114b6f2eeaaf1cb152a2fd795c199819aa3d61b7557d1389dc,0,True,,284,65535,full_posterior,32,0.002160211190335592,0.5229420913553213,128,test_prob_768,test_prob_768,2080,0,1.0005400147533658,1,0.1629253092013513,1.0,reference_production_4,ok,af056e127c02b019412d5384149e30d1e6c85b146336ef076ef6b326c05fe260,deep_m0032_r0
3,deep,final_geometry_v15_20260930,4327fe4ece9317f6fd20fad18389a71e9b1f423b,32,0.5446764294408887,0.004049349683729951,True,0.5510798017969444,4839.377779585205,4868.739547750547,11586.87344171657,071497a7f547de114b6f2eeaaf1cb152a2fd795c199819aa3d61b7557d1389dc,0,True,,252,65535,full_posterior,32,0.0021190324534859973,0.5478781156189165,128,test_prob_896,test_prob_896,2080,0,1.001321610447874,1,0.1611439899854414,1.0,reference_production_4,ok,af056e127c02b019412d5384149e30d1e6c85b146336ef076ef6b326c05fe260,deep_m0032_r0
3,deep,final_geometry_v15_20260930,4327fe4ece9317f6fd20fad18389a71e9b1f423b,32,0.02229548246576507,0.01930179126375988,True,-0.002226857330314601,4135.743860632006,3997.525083600399,5843.972467659084,071497a7f547de114b6f2eeaaf1cb152a2fd795c199819aa3d61b7557d1389dc,0,True,,178,65535,full_posterior,32,0.009999649667429996,0.010034312567725235,128,interaction_0,interaction_0,2080,0,1.0015456913717595,1,0.6794741442196993,1.0,reference_production_4,ok,af056e127c02b019412d5384149e30d1e6c85b146336ef076ef6b326c05fe260,deep_m0032_r0
3,deep,final_geometry_v15_20260930,4327fe4ece9317f6fd20fad18389a71e9b1f423b,32,0.03502537281808117,0.018394665317913953,True,0.022324855119764973,4604.017618454818,4385.781583838287,5970.803888089453,071497a7f547de114b6f2eeaaf1cb152a2fd795c199819aa3d61b7557d1389dc,0,True,,298,65535,full_posterior,32,0.009528827461033324,0.028675113968923076,128,interaction_1,interaction_1,2080,0,1.0007979741691848,1,0.6678526672245532,1.0,reference_production_4,ok,af056e127c02b019412d5384149e30d1e6c85b146336ef076ef6b326c05fe260,deep_m0032_r0
3,deep,final_geometry_v15_20260930,4327fe4ece9317f6fd20fad18389a71e9b1f423b,32,0.02898369948310104,0.019174997119892376,True,0.017561408032985865,4289.9356986215425,4080.953838356538,5910.188422253292,071497a7f547de114b6f2eeaaf1cb152a2fd795c199819aa3d61b7557d1389dc,0,True,,186,65535,full_posterior,32,0.01000515041547241,0.02327255375804346,128,interaction_2,interaction_2,2080,0,1.001349302303237,1,0.6773602961911753,1.0,reference_production_4,ok,af056e127c02b019412d5384149e30d1e6c85b146336ef076ef6b326c05fe260,deep_m0032_r0
3,deep,final_geometry_v15_20260930,4327fe4ece9317f6fd20fad18389a71e9b1f423b,32,7.280156238451997e-06,0.01941912234039436,True,0.01984657615265389,4182.275563830503,3879.719417786648,4995.179520405146,071497a7f547de114b6f2eeaaf1cb152a2fd795c199819aa3d61b7557d1389dc,0,True,,252,65535,full_posterior,32,0.010228752870274724,0.009926928154446171,128,interaction_3,interaction_3,2080,0,1.0010425374222691,1,0.6838125032363369,1.0,reference_production_4,ok,af056e127c02b019412d5384149e30d1e6c85b146336ef076ef6b326c05fe260,deep_m0032_r0
3,deep,final_geometry_v15_20260930,4327fe4ece9317f6fd20fad18389a71e9b1f423b,32,0.18454527074444432,0.03915644405986592,True,0.2099920894246982,1725.9873728642729,1719.909713319772,3701.3477619617383,071497a7f547de114b6f2eeaaf1cb152a2fd795c199819aa3d61b7557d1389dc,0,True,,466,65535,full_posterior,32,0.02104697936570163,0.1972686800845712,128,q_A,q_A,2080,0,1.0017483069165793,1,1.0602946767842027,1.0,reference_production_4,ok,af056e127c02b019412d5384149e30d1e6c85b146336ef076ef6b326c05fe260,deep_m0032_r0
3,deep,final_geometry_v15_20260930,4327fe4ece9317f6fd20fad18389a71e9b1f423b,32,0.008278370900663823,0.03416616167230721,True,0.03187746803671576,2513.8267541737478,2509.7249283419255,5503.476160778057,071497a7f547de114b6f2eeaaf1cb152a2fd795c199819aa3d61b7557d1389dc,0,True,,350,65535,full_posterior,32,0.01781652871179486,0.020077919468689795,128,q_W,q_W,2080,0,1.0006332237146611,1,1.006079806600134,1.0,reference_production_4,ok,af056e127c02b019412d5384149e30d1e6c85b146336ef076ef6b326c05fe260,deep_m0032_r0
3,deep,final_geometry_v15_20260930,4327fe4ece9317f6fd20fad18389a71e9b1f423b,32,1.1469359013977871,0.0077530271001954075,True,1.1596399032052238,3592.309865073542,3471.3063245725493,6690.915187478176,071497a7f547de114b6f2eeaaf1cb152a2fd795c199819aa3d61b7557d1389dc,0,True,,376,65535,full_posterior,32,0.004059695958363083,1.153287902301506,128,disp_A,disp_A,2080,0,1.0007787081565158,1,0.26706223074166835,1.0,reference_production_4,ok,af056e127c02b019412d5384149e30d1e6c85b146336ef076ef6b326c05fe260,deep_m0032_r0
3,deep,final_geometry_v15_20260930,4327fe4ece9317f6fd20fad18389a71e9b1f423b,32,1.000205757866256,0.0011835714881125432,True,1.000409586805115,4844.485665074599,4829.429218377893,9102.54949849795,071497a7f547de114b6f2eeaaf1cb152a2fd795c199819aa3d61b7557d1389dc,0,True,,126,65535,full_posterior,32,0.0006072730633810776,1.0003076723356854,128,disp_W1,disp_W1,2080,0,1.000466337686661,1,0.04423485143288678,1.0,reference_production_4,ok,af056e127c02b019412d5384149e30d1e6c85b146336ef076ef6b326c05fe260,deep_m0032_r0
3,deep,final_geometry_v15_20260930,4327fe4ece9317f6fd20fad18389a71e9b1f423b,32,1.0033187926489804,0.0011977815201840596,True,1.0029578028065396,4480.994926648223,4467.62035870794,9649.32817293479,071497a7f547de114b6f2eeaaf1cb152a2fd795c199819aa3d61b7557d1389dc,0,True,,182,65535,full_posterior,32,0.0006246109510812096,1.0031382977277599,128,disp_W2,disp_W2,2080,0,1.0006518015733188,1,0.044198613023122744,1.0,reference_production_4,ok,af056e127c02b019412d5384149e30d1e6c85b146336ef076ef6b326c05fe260,deep_m0032_r0
3,deep,final_geometry_v15_20260930,4327fe4ece9317f6fd20fad18389a71e9b1f423b,32,0.7645876025588402,0.0007682395021645476,True,0.7648065749408939,6468.036205798624,6436.300627830726,10716.10723252876,071497a7f547de114b6f2eeaaf1cb152a2fd795c199819aa3d61b7557d1389dc,0,True,,10,65535,full_posterior,32,0.0003943490662204046,0.764697088749867,128,S,S_archive,2080,0,1.0002184829351912,16,0.03154115958938978,1.0,reference_production_4,ok,af056e127c02b019412d5384149e30d1e6c85b146336ef076ef6b326c05fe260,deep_m0032_r0
3,deep,final_geometry_v15_20260930,4327fe4ece9317f6fd20fad18389a71e9b1f423b,32,59.02020487608868,0.210735986712518,True,59.44078670403311,1308.1602872005494,1302.442776575611,2953.7099658927687,6721cf3a15ffb0269838fbcb7b77f74f9873720686bdd8acb5762753278a2ccd,0,True,,478,65535,full_posterior,32,0.11462508634088808,59.23049579006088,128,V,V,2080,1,1.0020987493268143,1,5.240741814250223,1.0,reference_production_4,ok,662315e3af404632a903759afc0db53d7616be0be60d5bbeff2faff490855fed,deep_m0032_r1
3,deep,final_geometry_v15_20260930,4327fe4ece9317f6fd20fad18389a71e9b1f423b,32,1108.006212969032,0.9632275858340608,True,1109.070343211586,3331.9980065294612,3335.2998876144597,7425.235073366804,6721cf3a15ffb0269838fbcb7b77f74f9873720686bdd8acb5762753278a2ccd,0,True,,264,65535,full_posterior,32,0.5007278381032598,1108.5382780903087,128,U,U,2080,1,1.0006448036986249,1,31.899897235111684,1.0,reference_production_4,ok,662315e3af404632a903759afc0db53d7616be0be60d5bbeff2faff490855fed,deep_m0032_r1
3,deep,final_geometry_v15_20260930,4327fe4ece9317f6fd20fad18389a71e9b1f423b,32,0.2668356709238713,0.015814046550954756,True,0.24523175319239726,3756.4719068469944,3756.718478932273,8612.715784149012,6721cf3a15ffb0269838fbcb7b77f74f9873720686bdd8acb5762753278a2ccd,0,True,,218,65535,full_posterior,32,0.008279065824495961,0.25603371205813424,128,train_logit_0,train_logit_0,2080,1,1.002111041347499,1,0.5607159112066045,1.0,reference_production_4,ok,662315e3af404632a903759afc0db53d7616be0be60d5bbeff2faff490855fed,deep_m0032_r1
3,deep,final_geometry_v15_20260930,4327fe4ece9317f6fd20fad18389a71e9b1f423b,32,0.7778050473555799,0.015063409448838213,True,0.7840256184469939,3700.3619228705293,3702.593406161945,7296.895905425771,6721cf3a15ffb0269838fbcb7b77f74f9873720686bdd8acb5762753278a2ccd,0,True,,336,65535,full_posterior,32,0.007973553092472389,0.7809153329012871,128,train_logit_16,train_logit_16,2080,1,1.0018797058931823,1,0.5358247686245619,1.0,reference_production_4,ok,662315e3af404632a903759afc0db53d7616be0be60d5bbeff2faff490855fed,deep_m0032_r1
3,deep,final_geometry_v15_20260930,4327fe4ece9317f6fd20fad18389a71e9b1f423b,32,-0.061542997865275055,0.015005531900735057,True,-0.05595724746388575,4044.972525835236,4032.6632350382265,8699.239512481476,6721cf3a15ffb0269838fbcb7b77f74f9873720686bdd8acb5762753278a2ccd,0,True,,276,65535,full_posterior,32,0.007671832356831032,-0.058750122664580406,128,train_logit_32,train_logit_32,2080,1,1.000915558446556,1,0.543761033429093,1.0,reference_production_4,ok,662315e3af404632a903759afc0db53d7616be0be60d5bbeff2faff490855fed,deep_m0032_r1
3,deep,final_geometry_v15_20260930,4327fe4ece9317f6fd20fad18389a71e9b1f423b,32,-1.0634642460685237,0.015468420790942863,True,-1.0641815654380669,3105.8584457576885,3104.8768668453713,7740.616853548787,6721cf3a15ffb0269838fbcb7b77f74f9873720686bdd8acb5762753278a2ccd,0,True,,392,65535,full_posterior,32,0.008053236616568774,-1.0638229057532953,128,train_logit_48,train_logit_48,2080,1,1.0008541825059152,1,0.5296321114300836,1.0,reference_production_4,ok,662315e3af404632a903759afc0db53d7616be0be60d5bbeff2faff490855fed,deep_m0032_r1
3,deep,final_geometry_v15_20260930,4327fe4ece9317f6fd20fad18389a71e9b1f423b,32,0.8155230310036036,0.015296183814084286,True,0.8158974193775427,3018.2211437941264,3021.229804921429,7595.53808336932,6721cf3a15ffb0269838fbcb7b77f74f9873720686bdd8acb5762753278a2ccd,0,True,,402,65535,full_posterior,32,0.00816516169811764,0.815710225190573,128,train_logit_64,train_logit_64,2080,1,1.0007678533751838,1,0.5318853949722301,1.0,reference_production_4,ok,662315e3af404632a903759afc0db53d7616be0be60d5bbeff2faff490855fed,deep_m0032_r1
3,deep,final_geometry_v15_20260930,4327fe4ece9317f6fd20fad18389a71e9b1f423b,32,0.8313089108909099,0.01529096818948763,True,0.8275225490411282,3500.096434018437,3488.351607200876,8107.553422291221,6721cf3a15ffb0269838fbcb7b77f74f9873720686bdd8acb5762753278a2ccd,0,True,,422,65535,full_posterior,32,0.007916314797591242,0.8294157299660192,128,train_logit_80,train_logit_80,2080,1,1.0009803661304923,1,0.5287193752338257,1.0,reference_production_4,ok,662315e3af404632a903759afc0db53d7616be0be60d5bbeff2faff490855fed,deep_m0032_r1
3,deep,final_geometry_v15_20260930,4327fe4ece9317f6fd20fad18389a71e9b1f423b,32,-0.04340686584151688,0.01588302690886986,True,-0.05150421618201804,3456.3833829970426,3446.8064514058105,7819.442381613509,6721cf3a15ffb0269838fbcb7b77f74f9873720686bdd8acb5762753278a2ccd,0,True,,280,65535,full_posterior,32,0.00830124520173813,-0.04745554101176746,128,train_logit_96,train_logit_96,2080,1,1.000611993314745,1,0.5542966357736901,1.0,reference_production_4,ok,662315e3af404632a903759afc0db53d7616be0be60d5bbeff2faff490855fed,deep_m0032_r1
3,deep,final_geometry_v15_20260930,4327fe4ece9317f6fd20fad18389a71e9b1f423b,32,-0.4100342826472067,0.016395781709637486,True,-0.41235500591744023,3188.606935025643,3185.3406416623156,7679.219334247871,6721cf3a15ffb0269838fbcb7b77f74f9873720686bdd8acb5762753278a2ccd,0,True,,498,65535,full_posterior,32,0.008499945444863787,-0.41119464428232344,128,train_logit_112,train_logit_112,2080,1,1.000306130153844,1,0.5595822110231877,1.0,reference_production_4,ok,662315e3af404632a903759afc0db53d7616be0be60d5bbeff2faff490855fed,deep_m0032_r1
3,deep,final_geometry_v15_20260930,4327fe4ece9317f6fd20fad18389a71e9b1f423b,32,0.4916207270839515,0.005237539436001264,True,0.5038264026022211,3432.9275220974514,3437.298836825426,7787.992960227248,6721cf3a15ffb0269838fbcb7b77f74f9873720686bdd8acb5762753278a2ccd,0,True,,568,65535,full_posterior,32,0.002742091667488789,0.4977235648430863,128,test_prob_0,test_prob_0,2080,1,1.0022571405111436,1,0.18058013476186968,1.0,reference_production_4,ok,662315e3af404632a903759afc0db53d7616be0be60d5bbeff2faff490855fed,deep_m0032_r1
3,deep,final_geometry_v15_20260930,4327fe4ece9317f6fd20fad18389a71e9b1f423b,32,0.4081933356750447,0.0052586279177732845,True,0.40638789793534624,2633.743983286688,2726.1233808974694,6499.921840283748,6721cf3a15ffb0269838fbcb7b77f74f9873720686bdd8acb5762753278a2ccd,0,True,,536,65535,full_posterior,32,0.0027854219582498815,0.4072906168051955,128,test_prob_128,test_prob_128,2080,1,1.002095018941077,1,0.17528926071217588,1.0,reference_production_4,ok,662315e3af404632a903759afc0db53d7616be0be60d5bbeff2faff490855fed,deep_m0032_r1
3,deep,final_geometry_v15_20260930,4327fe4ece9317f6fd20fad18389a71e9b1f423b,32,0.398959445048646,0.00508004147582808,True,0.4071023976902575,3164.9338848068032,3207.2050114242465,7544.556794149061,6721cf3a15ffb0269838fbcb7b77f74f9873720686bdd8acb5762753278a2ccd,0,True,,292,65535,full_posterior,32,0.0026525685406187647,0.4030309213694518,128,test_prob_256,test_prob_256,2080,1,1.001280328116536,1,0.17306024775256765,1.0,reference_production_4,ok,662315e3af404632a903759afc0db53d7616be0be60d5bbeff2faff490855fed,deep_m0032_r1
3,deep,final_geometry_v15_20260930,4327fe4ece9317f6fd20fad18389a71e9b1f423b,32,0.7773650143971578,0.0036059196757566928,True,0.7767137967186595,3063.6873837551857,3272.479501547755,7763.115824831795,6721cf3a15ffb0269838fbcb7b77f74f9873720686bdd8acb5762753278a2ccd,0,True,,524,65535,full_posterior,32,0.0018890265643375858,0.7770394055579087,128,test_prob_384,test_prob_384,2080,1,1.0004824443520246,1,0.12545874374040794,1.0,reference_production_4,ok,662315e3af404632a903759afc0db53d7616be0be60d5bbeff2faff490855fed,deep_m0032_r1
3,deep,final_geometry_v15_20260930,4327fe4ece9317f6fd20fad18389a71e9b1f423b,32,0.511294691102499,0.005277059168657368,True,0.5076267815792976,3222.602541227807,3226.936599274527,7267.485084785396,6721cf3a15ffb0269838fbcb7b77f74f9873720686bdd8acb5762753278a2ccd,0,True,,370,65535,full_posterior,32,0.0027493211223387558,0.5094607363408982,128,test_prob_512,test_prob_512,2080,1,1.0012239291359464,1,0.18009758121624064,1.0,reference_production_4,ok,662315e3af404632a903759afc0db53d7616be0be60d5bbeff2faff490855fed,deep_m0032_r1
3,deep,final_geometry_v15_20260930,4327fe4ece9317f6fd20fad18389a71e9b1f423b,32,0.6068391743425715,0.005088972731232661,True,0.6017544328313992,3386.3860999492754,3458.8415528762116,6982.999119381208,6721cf3a15ffb0269838fbcb7b77f74f9873720686bdd8acb5762753278a2ccd,0,True,,338,65535,full_posterior,32,0.0026129559708218297,0.6042968035869856,128,test_prob_640,test_prob_640,2080,1,1.0025749591045916,1,0.17473986913633738,1.0,reference_production_4,ok,662315e3af404632a903759afc0db53d7616be0be60d5bbeff2faff490855fed,deep_m0032_r1
3,deep,final_geometry_v15_20260930,4327fe4ece9317f6fd20fad18389a71e9b1f423b,32,0.5356024263829963,0.0053242723907742946,True,0.5334581670871924,3033.6186584276315,3036.8825109990025,7371.009957464454,6721cf3a15ffb0269838fbcb7b77f74f9873720686bdd8acb5762753278a2ccd,0,True,,498,65535,full_posterior,32,0.002794149969039216,0.5345302967350943,128,test_prob_768,test_prob_768,2080,1,1.0006103697871565,1,0.17924314360525473,1.0,reference_production_4,ok,662315e3af404632a903759afc0db53d7616be0be60d5bbeff2faff490855fed,deep_m0032_r1
3,deep,final_geometry_v15_20260930,4327fe4ece9317f6fd20fad18389a71e9b1f423b,32,0.48477001760842736,0.005099838598482156,True,0.4707526090967386,3722.556954741201,3716.378910240982,8543.399503481167,6721cf3a15ffb0269838fbcb7b77f74f9873720686bdd8acb5762753278a2ccd,0,True,,216,65535,full_posterior,32,0.002663484823371369,0.4777613133525829,128,test_prob_896,test_prob_896,2080,1,1.002634485131,1,0.17842858152110003,1.0,reference_production_4,ok,662315e3af404632a903759afc0db53d7616be0be60d5bbeff2faff490855fed,deep_m0032_r1
3,deep,final_geometry_v15_20260930,4327fe4ece9317f6fd20fad18389a71e9b1f423b,32,0.13407486082263162,0.02492658643567822,True,0.13752194200235843,2364.430207310146,2184.136039886783,2723.8211241031972,6721cf3a15ffb0269838fbcb7b77f74f9873720686bdd8acb5762753278a2ccd,0,True,,412,65535,full_posterior,32,0.013434462337638503,0.135798401412495,128,interaction_0,interaction_0,2080,1,1.0011835127164972,1,0.7393542678795718,1.0,reference_production_4,ok,662315e3af404632a903759afc0db53d7616be0be60d5bbeff2faff490855fed,deep_m0032_r1
3,deep,final_geometry_v15_20260930,4327fe4ece9317f6fd20fad18389a71e9b1f423b,32,0.1529953763574662,0.025539441384698332,True,0.1581786306837481,2506.197282534932,2273.428447403632,2554.1490075236034,6721cf3a15ffb0269838fbcb7b77f74f9873720686bdd8acb5762753278a2ccd,0,True,,314,65535,full_posterior,32,0.013443215315390654,0.15558700352060714,128,interaction_1,interaction_1,2080,1,1.001856265187222,1,0.746293914916155,1.0,reference_production_4,ok,662315e3af404632a903759afc0db53d7616be0be60d5bbeff2faff490855fed,deep_m0032_r1
3,deep,final_geometry_v15_20260930,4327fe4ece9317f6fd20fad18389a71e9b1f423b,32,0.1575247524439357,0.025671336452248852,True,0.17585784349971145,2518.5057300041212,2384.7474794797,3221.1100369816513,6721cf3a15ffb0269838fbcb7b77f74f9873720686bdd8acb5762753278a2ccd,0,True,,298,65535,full_posterior,32,0.01373421907603352,0.16669129797182358,128,interaction_2,interaction_2,2080,1,1.001605530742095,1,0.7603821099858519,1.0,reference_production_4,ok,662315e3af404632a903759afc0db53d7616be0be60d5bbeff2faff490855fed,deep_m0032_r1
3,deep,final_geometry_v15_20260930,4327fe4ece9317f6fd20fad18389a71e9b1f423b,32,0.146495143593089,0.025009174102684585,True,0.10311006978833707,2501.7556692324724,2367.027499130992,3539.243425674701,6721cf3a15ffb0269838fbcb7b77f74f9873720686bdd8acb5762753278a2ccd,0,True,,548,65535,full_posterior,32,0.013256170225078065,0.124802606690713,128,interaction_3,interaction_3,2080,1,1.0021459833524622,1,0.740939014667258,1.0,reference_production_4,ok,662315e3af404632a903759afc0db53d7616be0be60d5bbeff2faff490855fed,deep_m0032_r1
3,deep,final_geometry_v15_20260930,4327fe4ece9317f6fd20fad18389a71e9b1f423b,32,0.2990194917746399,0.04739957728637945,True,0.31429328750945257,1116.170204530099,1118.2447523277056,2376.6737184042618,6721cf3a15ffb0269838fbcb7b77f74f9873720686bdd8acb5762753278a2ccd,0,True,,452,65535,full_posterior,32,0.026260722645800684,0.3066563896420463,128,q_A,q_A,2080,1,1.0025455266190069,1,1.1323943940171495,1.0,reference_production_4,ok,662315e3af404632a903759afc0db53d7616be0be60d5bbeff2faff490855fed,deep_m0032_r1
3,deep,final_geometry_v15_20260930,4327fe4ece9317f6fd20fad18389a71e9b1f423b,32,-0.16812385675989486,0.03850758362072722,True,-0.15484322783265048,1656.6058967097779,1652.2498319511792,3541.284137454876,6721cf3a15ffb0269838fbcb7b77f74f9873720686bdd8acb5762753278a2ccd,0,True,,332,65535,full_posterior,32,0.020616889567033284,-0.1614835422962727,128,q_W,q_W,2080,1,1.0012045749808418,1,1.0055574085860997,1.0,reference_production_4,ok,662315e3af404632a903759afc0db53d7616be0be60d5bbeff2faff490855fed,deep_m0032_r1
3,deep,final_geometry_v15_20260930,4327fe4ece9317f6fd20fad18389a71e9b1f423b,32,1.388922002701614,0.009931597415897192,True,1.372341254458862,2273.447578007947,2223.625061372339,4684.554085651391,6721cf3a15ffb0269838fbcb7b77f74f9873720686bdd8acb5762753278a2ccd,0,True,,512,65535,full_posterior,32,0.005301151437768506,1.380631628580238,128,disp_A,disp_A,2080,1,1.001735230293937,1,0.2980359735566514,1.0,reference_production_4,ok,662315e3af404632a903759afc0db53d7616be0be60d5bbeff2faff490855fed,deep_m0032_r1
3,deep,final_geometry_v15_20260930,4327fe4ece9317f6fd20fad18389a71e9b1f423b,32,0.9994484410576054,0.0013230271763507344,True,0.9999930971459838,3255.709998801086,3247.2330937802963,6707.159319773828,6721cf3a15ffb0269838fbcb7b77f74f9873720686bdd8acb5762753278a2ccd,0,True,,414,65535,full_posterior,32,0.0006825908665048027,0.9997207691017943,128,disp_W1,disp_W1,2080,1,1.0011784597949716,1,0.04371341663363545,1.0,reference_production_4,ok,662315e3af404632a903759afc0db53d7616be0be60d5bbeff2faff490855fed,deep_m0032_r1
3,deep,final_geometry_v15_20260930,4327fe4ece9317f6fd20fad18389a71e9b1f423b,32,1.0059485434144992,0.0013324473571145008,True,1.0071789662059913,3380.292596518767,3367.747770250036,6293.161056197745,6721cf3a15ffb0269838fbcb7b77f74f9873720686bdd8acb5762753278a2ccd,0,True,,224,65535,full_posterior,32,0.0006936384708718675,1.0065637548102453,128,disp_W2,disp_W2,2080,1,1.0013877820563413,1,0.043864340018953736,1.0,reference_production_4,ok,662315e3af404632a903759afc0db53d7616be0be60d5bbeff2faff490855fed,deep_m0032_r1
3,deep,final_geometry_v15_20260930,4327fe4ece9317f6fd20fad18389a71e9b1f423b,32,0.7664327812955412,0.0008523912425884752,True,0.767460888145149,5172.104146112059,5141.368150866929,8512.946070719014,6721cf3a15ffb0269838fbcb7b77f74f9873720686bdd8acb5762753278a2ccd,0,True,,10,65535,full_posterior,32,0.00045900770028455874,0.7669468347203452,128,S,S_archive,2080,1,1.0004651626095127,16,0.031632682217830096,1.0,reference_production_4,ok,662315e3af404632a903759afc0db53d7616be0be60d5bbeff2faff490855fed,deep_m0032_r1
3,deep,final_geometry_v15_20260930,4327fe4ece9317f6fd20fad18389a71e9b1f423b,32,70.35822542693265,0.17276213008047314,True,70.26015854691819,1541.5230686620707,1544.5864631052332,2699.1834806748448,65b30b0b57ac50414e4fd1cff544dfa82cab9889fc969809389e547640c66749,0,True,,1066,65535,full_posterior,32,0.09435778516256924,70.30919198692543,128,V,V,2080,2,1.002438394788953,1,4.576403699431612,1.0,reference_production_4,ok,e1bd5b82d8da839a2fc5ffa8fd46793eab0e499a09e69bcda3048c51750c1a05,deep_m0032_r2
3,deep,final_geometry_v15_20260930,4327fe4ece9317f6fd20fad18389a71e9b1f423b,32,1116.8738099161658,0.8776758311754569,True,1117.1816508386269,4506.514098624849,4507.534739157356,8946.531231913406,65b30b0b57ac50414e4fd1cff544dfa82cab9889fc969809389e547640c66749,0,True,,140,65535,full_posterior,32,0.4566628958818465,1117.0277303773964,128,U,U,2080,2,1.0009678300858869,1,31.93199610215952,1.0,reference_production_4,ok,e1bd5b82d8da839a2fc5ffa8fd46793eab0e499a09e69bcda3048c51750c1a05,deep_m0032_r2
3,deep,final_geometry_v15_20260930,4327fe4ece9317f6fd20fad18389a71e9b1f423b,32,-0.13957157049649718,0.013714151235859473,True,-0.14961934363305054,4162.427501807056,4160.334918459242,9946.94432645488,65b30b0b57ac50414e4fd1cff544dfa82cab9889fc969809389e547640c66749,0,True,,286,65535,full_posterior,32,0.007278791209795789,-0.14459545706477386,128,train_logit_0,train_logit_0,2080,2,1.0009652591631093,1,0.5211267870338413,1.0,reference_production_4,ok,e1bd5b82d8da839a2fc5ffa8fd46793eab0e499a09e69bcda3048c51750c1a05,deep_m0032_r2
3,deep,final_geometry_v15_20260930,4327fe4ece9317f6fd20fad18389a71e9b1f423b,32,0.24882143054802808,0.012354005327935971,True,0.2589500138471703,4872.537742439856,4850.1322216591725,11921.317068613156,65b30b0b57ac50414e4fd1cff544dfa82cab9889fc969809389e547640c66749,0,True,,242,65535,full_posterior,32,0.006388317141638941,0.2538857221975992,128,train_logit_16,train_logit_16,2080,2,1.0002070678677637,1,0.4908259238010882,1.0,reference_production_4,ok,e1bd5b82d8da839a2fc5ffa8fd46793eab0e499a09e69bcda3048c51750c1a05,deep_m0032_r2
3,deep,final_geometry_v15_20260930,4327fe4ece9317f6fd20fad18389a71e9b1f423b,32,-0.5093173262056249,0.011980358136525432,True,-0.534519548107107,5176.193987136668,5173.5770196210005,11163.315496287854,65b30b0b57ac50414e4fd1cff544dfa82cab9889fc969809389e547640c66749,0,True,,184,65535,full_posterior,32,0.0062604380057978476,-0.5219184371563658,128,train_logit_32,train_logit_32,2080,2,1.0007039267635451,1,0.4805887293096642,1.0,reference_production_4,ok,e1bd5b82d8da839a2fc5ffa8fd46793eab0e499a09e69bcda3048c51750c1a05,deep_m0032_r2
3,deep,final_geometry_v15_20260930,4327fe4ece9317f6fd20fad18389a71e9b1f423b,32,-0.8873862665806456,0.013742477597313014,True,-0.8832361238430917,3457.694513000619,3459.239584564863,8477.021785369254,65b30b0b57ac50414e4fd1cff544dfa82cab9889fc969809389e547640c66749,0,True,,438,65535,full_posterior,32,0.007373568753548749,-0.8853111952118685,128,train_logit_48,train_logit_48,2080,2,1.0012473933437323,1,0.5029333205860831,1.0,reference_production_4,ok,e1bd5b82d8da839a2fc5ffa8fd46793eab0e499a09e69bcda3048c51750c1a05,deep_m0032_r2
3,deep,final_geometry_v15_20260930,4327fe4ece9317f6fd20fad18389a71e9b1f423b,32,0.27611605575994924,0.012677449470079726,True,0.313683287998669,4301.04721680793,4316.313328523331,9326.956846161305,65b30b0b57ac50414e4fd1cff544dfa82cab9889fc969809389e547640c66749,0,True,,420,65535,full_posterior,32,0.006703087816653057,0.29489967187930916,128,train_logit_64,train_logit_64,2080,2,1.0017835219384117,1,0.4926865434148718,1.0,reference_production_4,ok,e1bd5b82d8da839a2fc5ffa8fd46793eab0e499a09e69bcda3048c51750c1a05,deep_m0032_r2
3,deep,final_geometry_v15_20260930,4327fe4ece9317f6fd20fad18389a71e9b1f423b,32,-0.5889222769797804,0.012659286856761705,True,-0.5628371941013797,4483.329895477254,4482.2587431828715,10542.827215473031,65b30b0b57ac50414e4fd1cff544dfa82cab9889fc969809389e547640c66749,0,True,,294,65535,full_posterior,32,0.00668727536103368,-0.57587973554058,128,train_logit_80,train_logit_80,2080,2,1.0004939545602334,1,0.49301607817204784,1.0,reference_production_4,ok,e1bd5b82d8da839a2fc5ffa8fd46793eab0e499a09e69bcda3048c51750c1a05,deep_m0032_r2
3,deep,final_geometry_v15_20260930,4327fe4ece9317f6fd20fad18389a71e9b1f423b,32,-0.7419141530273585,0.013038718339706074,True,-0.756583908373017,3596.7772284128705,3545.9342457986836,8111.583636098568,65b30b0b57ac50414e4fd1cff544dfa82cab9889fc969809389e547640c66749,0,True,,1114,65535,full_posterior,32,0.006804082919933317,-0.7492490307001877,128,train_logit_96,train_logit_96,2080,2,1.001597758265394,1,0.4861610284520455,1.0,reference_production_4,ok,e1bd5b82d8da839a2fc5ffa8fd46793eab0e499a09e69bcda3048c51750c1a05,deep_m0032_r2
3,deep,final_geometry_v15_20260930,4327fe4ece9317f6fd20fad18389a71e9b1f423b,32,0.7187394092065634,0.012227921952736219,True,0.7190449625959415,4251.150397350335,4256.711327637259,9821.611642392845,65b30b0b57ac50414e4fd1cff544dfa82cab9889fc969809389e547640c66749,0,True,,336,65535,full_posterior,32,0.0064453262833830205,0.7188921859012525,128,train_logit_112,train_logit_112,2080,2,1.0007366116062986,1,0.4712283271374524,1.0,reference_production_4,ok,e1bd5b82d8da839a2fc5ffa8fd46793eab0e499a09e69bcda3048c51750c1a05,deep_m0032_r2
3,deep,final_geometry_v15_20260930,4327fe4ece9317f6fd20fad18389a71e9b1f423b,32,0.4496875274579206,0.004162747044400671,True,0.45649926310054956,4602.634172745341,4650.702298879003,10791.042393356336,65b30b0b57ac50414e4fd1cff544dfa82cab9889fc969809389e547640c66749,0,True,,216,65535,full_posterior,32,0.0021616384088599034,0.45309339527923503,128,test_prob_0,test_prob_0,2080,2,1.0013565762537724,1,0.16024156904391068,1.0,reference_production_4,ok,e1bd5b82d8da839a2fc5ffa8fd46793eab0e499a09e69bcda3048c51750c1a05,deep_m0032_r2
3,deep,final_geometry_v15_20260930,4327fe4ece9317f6fd20fad18389a71e9b1f423b,32,0.4400737193625324,0.004110246630076865,True,0.4277809533299296,4507.571314702742,4612.755449607567,9889.11418250846,65b30b0b57ac50414e4fd1cff544dfa82cab9889fc969809389e547640c66749,0,True,,442,65535,full_posterior,32,0.00213060490959754,0.43392733634623093,128,test_prob_128,test_prob_128,2080,2,1.0016940662801053,1,0.1606139667898114,1.0,reference_production_4,ok,e1bd5b82d8da839a2fc5ffa8fd46793eab0e499a09e69bcda3048c51750c1a05,deep_m0032_r2
3,deep,final_geometry_v15_20260930,4327fe4ece9317f6fd20fad18389a71e9b1f423b,32,0.7049107765133862,0.0038221769420017718,True,0.7023495260709771,3850.837483392653,3875.1890510107332,7979.146948853185,65b30b0b57ac50414e4fd1cff544dfa82cab9889fc969809389e547640c66749,0,True,,652,65535,full_posterior,32,0.002003741528143331,0.7036301512921816,128,test_prob_256,test_prob_256,2080,2,1.0008496993898213,1,0.14146017347094694,1.0,reference_production_4,ok,e1bd5b82d8da839a2fc5ffa8fd46793eab0e499a09e69bcda3048c51750c1a05,deep_m0032_r2
3,deep,final_geometry_v15_20260930,4327fe4ece9317f6fd20fad18389a71e9b1f423b,32,0.7906696498052381,0.0028658256703327843,True,0.7887131108197061,3742.4688047687114,4176.624579810099,6836.781512731309,65b30b0b57ac50414e4fd1cff544dfa82cab9889fc969809389e547640c66749,0,True,,400,65535,full_posterior,32,0.0015069034337118845,0.789691380312472,128,test_prob_384,test_prob_384,2080,2,1.0005609607383126,1,0.10988631848333888,1.0,reference_production_4,ok,e1bd5b82d8da839a2fc5ffa8fd46793eab0e499a09e69bcda3048c51750c1a05,deep_m0032_r2
3,deep,final_geometry_v15_20260930,4327fe4ece9317f6fd20fad18389a71e9b1f423b,32,0.3947567321732165,0.003919761739242472,True,0.3938524010072597,4781.646250610942,4786.753052688719,10632.28979275349,65b30b0b57ac50414e4fd1cff544dfa82cab9889fc969809389e547640c66749,0,True,,328,65535,full_posterior,32,0.0020302289462398575,0.39430456659023805,128,test_prob_512,test_prob_512,2080,2,1.0004957207308414,1,0.15328479357175734,1.0,reference_production_4,ok,e1bd5b82d8da839a2fc5ffa8fd46793eab0e499a09e69bcda3048c51750c1a05,deep_m0032_r2
3,deep,final_geometry_v15_20260930,4327fe4ece9317f6fd20fad18389a71e9b1f423b,32,0.7104164239409002,0.003694135180441413,True,0.7083937229355786,3642.710050517855,3819.0203648917445,8859.27963581673,65b30b0b57ac50414e4fd1cff544dfa82cab9889fc969809389e547640c66749,0,True,,664,65535,full_posterior,32,0.0019639282683179423,0.7094050734382396,128,test_prob_640,test_prob_640,2080,2,1.0010626038553536,1,0.1379624971846228,1.0,reference_production_4,ok,e1bd5b82d8da839a2fc5ffa8fd46793eab0e499a09e69bcda3048c51750c1a05,deep_m0032_r2
3,deep,final_geometry_v15_20260930,4327fe4ece9317f6fd20fad18389a71e9b1f423b,32,0.6684337425286749,0.003934405962441145,True,0.6724914061849965,3840.1128018499803,4011.8828154110674,7281.398342100223,65b30b0b57ac50414e4fd1cff544dfa82cab9889fc969809389e547640c66749,0,True,,260,65535,full_posterior,32,0.002069462287441309,0.6704625743568358,128,test_prob_768,test_prob_768,2080,2,1.000895182430017,1,0.1475986440724828,1.0,reference_production_4,ok,e1bd5b82d8da839a2fc5ffa8fd46793eab0e499a09e69bcda3048c51750c1a05,deep_m0032_r2
3,deep,final_geometry_v15_20260930,4327fe4ece9317f6fd20fad18389a71e9b1f423b,32,0.4553306876350135,0.004197262300120139,True,0.4461158343432704,4709.044911648112,4747.081687695276,10499.913389959036,65b30b0b57ac50414e4fd1cff544dfa82cab9889fc969809389e547640c66749,0,True,,232,65535,full_posterior,32,0.002154485276882563,0.450723260989142,128,test_prob_896,test_prob_896,2080,2,1.0007159741418261,1,0.1631814402180515,1.0,reference_production_4,ok,e1bd5b82d8da839a2fc5ffa8fd46793eab0e499a09e69bcda3048c51750c1a05,deep_m0032_r2
3,deep,final_geometry_v15_20260930,4327fe4ece9317f6fd20fad18389a71e9b1f423b,32,-0.047824805381298865,0.020640292339650795,True,-0.025757730363917698,3596.6796077758586,3380.0811461677126,4549.681698996583,65b30b0b57ac50414e4fd1cff544dfa82cab9889fc969809389e547640c66749,0,True,,244,65535,full_posterior,32,0.010854855781417917,-0.036791267872608266,128,interaction_0,interaction_0,2080,2,1.0020244766469442,1,0.691258318320322,1.0,reference_production_4,ok,e1bd5b82d8da839a2fc5ffa8fd46793eab0e499a09e69bcda3048c51750c1a05,deep_m0032_r2
3,deep,final_geometry_v15_20260930,4327fe4ece9317f6fd20fad18389a71e9b1f423b,32,-0.04810766088502673,0.02170126637432374,True,-0.06765334534187702,3414.661736394479,3236.697378438088,4495.8432703642775,65b30b0b57ac50414e4fd1cff544dfa82cab9889fc969809389e547640c66749,0,True,,226,65535,full_posterior,32,0.0112515140120155,-0.05788050311345189,128,interaction_1,interaction_1,2080,2,1.0007109387406563,1,0.7088508047883036,1.0,reference_production_4,ok,e1bd5b82d8da839a2fc5ffa8fd46793eab0e499a09e69bcda3048c51750c1a05,deep_m0032_r2
3,deep,final_geometry_v15_20260930,4327fe4ece9317f6fd20fad18389a71e9b1f423b,32,-0.06694706022904179,0.020653464141375727,True,-0.031310401511131486,3759.4929822715667,3536.460164706036,4630.1256838575855,65b30b0b57ac50414e4fd1cff544dfa82cab9889fc969809389e547640c66749,0,True,,260,65535,full_posterior,32,0.010822675536232314,-0.04912873087008664,128,interaction_2,interaction_2,2080,2,1.0014240058325428,1,0.6964283954593872,1.0,reference_production_4,ok,e1bd5b82d8da839a2fc5ffa8fd46793eab0e499a09e69bcda3048c51750c1a05,deep_m0032_r2
3,deep,final_geometry_v15_20260930,4327fe4ece9317f6fd20fad18389a71e9b1f423b,32,-0.036421768640924945,0.020430091352700602,True,-0.08866961279113325,3291.158571601717,3130.873214545587,4914.00868642324,65b30b0b57ac50414e4fd1cff544dfa82cab9889fc969809389e547640c66749,0,True,,672,65535,full_posterior,32,0.010704146106952854,-0.0625456907160291,128,interaction_3,interaction_3,2080,2,1.0032489312504183,1,0.6917442000682732,1.0,reference_production_4,ok,e1bd5b82d8da839a2fc5ffa8fd46793eab0e499a09e69bcda3048c51750c1a05,deep_m0032_r2
3,deep,final_geometry_v15_20260930,4327fe4ece9317f6fd20fad18389a71e9b1f423b,32,0.16297761561737523,0.04086510409604734,True,0.13821754989546545,1556.2502360995227,1563.0427057229256,3468.6432079606016,65b30b0b57ac50414e4fd1cff544dfa82cab9889fc969809389e547640c66749,0,True,,810,65535,full_posterior,32,0.022002068442622397,0.1505975827564204,128,q_A,q_A,2080,2,1.0051333611895292,1,1.0689890523917605,1.0,reference_production_4,ok,e1bd5b82d8da839a2fc5ffa8fd46793eab0e499a09e69bcda3048c51750c1a05,deep_m0032_r2
3,deep,final_geometry_v15_20260930,4327fe4ece9317f6fd20fad18389a71e9b1f423b,32,0.04757176605131398,0.03601706195289411,True,0.039987955374209155,2043.1269969855043,2039.1549177598495,4497.101672148301,65b30b0b57ac50414e4fd1cff544dfa82cab9889fc969809389e547640c66749,0,True,,308,65535,full_posterior,32,0.01914243510555577,0.04377986071276157,128,q_W,q_W,2080,2,1.002029489641208,1,1.0130077837380584,1.0,reference_production_4,ok,e1bd5b82d8da839a2fc5ffa8fd46793eab0e499a09e69bcda3048c51750c1a05,deep_m0032_r2
3,deep,final_geometry_v15_20260930,4327fe4ece9317f6fd20fad18389a71e9b1f423b,32,1.195192843566427,0.00799204739545293,True,1.1927993723465997,3478.2434443286984,3433.5838892845054,6483.984980184073,65b30b0b57ac50414e4fd1cff544dfa82cab9889fc969809389e547640c66749,0,True,,276,65535,full_posterior,32,0.004145364559946642,1.1939961079565133,128,disp_A,disp_A,2080,2,1.0014165842948772,1,0.2700864251712799,1.0,reference_production_4,ok,e1bd5b82d8da839a2fc5ffa8fd46793eab0e499a09e69bcda3048c51750c1a05,deep_m0032_r2
3,deep,final_geometry_v15_20260930,4327fe4ece9317f6fd20fad18389a71e9b1f423b,32,1.0033003240583205,0.0012557891264496648,True,1.0039201327632004,4198.889771369828,4190.0408294853905,8047.724702710008,65b30b0b57ac50414e4fd1cff544dfa82cab9889fc969809389e547640c66749,0,True,,192,65535,full_posterior,32,0.0006376333245947243,1.0036102284107604,128,disp_W1,disp_W1,2080,2,1.0008845597195453,1,0.04445912609635995,1.0,reference_production_4,ok,e1bd5b82d8da839a2fc5ffa8fd46793eab0e499a09e69bcda3048c51750c1a05,deep_m0032_r2
3,deep,final_geometry_v15_20260930,4327fe4ece9317f6fd20fad18389a71e9b1f423b,32,1.0033256505357626,0.0012388200630985284,True,1.0035734264832115,4124.526592419078,4112.199086427392,8836.661237469803,65b30b0b57ac50414e4fd1cff544dfa82cab9889fc969809389e547640c66749,0,True,,244,65535,full_posterior,32,0.0006505062909372818,1.0034495385094873,128,disp_W2,disp_W2,2080,2,1.001304069474654,1,0.044278561364240784,1.0,reference_production_4,ok,e1bd5b82d8da839a2fc5ffa8fd46793eab0e499a09e69bcda3048c51750c1a05,deep_m0032_r2
3,deep,final_geometry_v15_20260930,4327fe4ece9317f6fd20fad18389a71e9b1f423b,32,0.7647913813580148,0.000748725975251311,True,0.7643760178000535,6730.641955576104,6741.58443631936,10013.3049688404,65b30b0b57ac50414e4fd1cff544dfa82cab9889fc969809389e547640c66749,0,True,,6,65535,full_posterior,32,0.0003830616427720581,0.7645836995790342,128,S,S_archive,2080,2,1.00027882120054,16,0.03123840314807469,1.0,reference_production_4,ok,e1bd5b82d8da839a2fc5ffa8fd46793eab0e499a09e69bcda3048c51750c1a05,deep_m0032_r2
3,deep,final_geometry_v15_20260930,4327fe4ece9317f6fd20fad18389a71e9b1f423b,32,74.6469239355159,0.13316827957327773,True,74.8562482215768,2364.14994456251,2376.296802632109,4602.921629639144,582185fc3a63bb8ee4cc6edb165a558242aa23b7077f582a1e27f80fe240acd0,0,True,,314,65535,full_posterior,64,0.07013546832768008,74.75158607854635,128,V,V,6208,0,1.0023019039760586,1,3.928829537982137,1.0,reference_production_4,ok,981c8c16f8288893162866a44dc7f238a562d94baba61c4736c9e2c0a9aaafac,deep_m0064_r0
3,deep,final_geometry_v15_20260930,4327fe4ece9317f6fd20fad18389a71e9b1f423b,32,3184.8123613322396,1.5125318475270213,True,3181.2013854918205,4238.048425832635,4262.770856118582,10297.934613396677,582185fc3a63bb8ee4cc6edb165a558242aa23b7077f582a1e27f80fe240acd0,0,True,,382,65535,full_posterior,64,0.7931996073462961,3183.006873412031,128,U,U,6208,0,1.0009158115776362,1,56.109237447570074,1.0,reference_production_4,ok,981c8c16f8288893162866a44dc7f238a562d94baba61c4736c9e2c0a9aaafac,deep_m0064_r0
3,deep,final_geometry_v15_20260930,4327fe4ece9317f6fd20fad18389a71e9b1f423b,32,0.851971064837409,0.010611207219955216,True,0.8458629306438483,6199.749380146287,6184.451331903126,12980.360536288756,582185fc3a63bb8ee4cc6edb165a558242aa23b7077f582a1e27f80fe240acd0,0,True,,156,65535,full_posterior,64,0.005406040169375185,0.8489169977406288,128,train_logit_0,train_logit_0,6208,0,1.0014824146006405,1,0.4496106094796057,1.0,reference_production_4,ok,981c8c16f8288893162866a44dc7f238a562d94baba61c4736c9e2c0a9aaafac,deep_m0064_r0
3,deep,final_geometry_v15_20260930,4327fe4ece9317f6fd20fad18389a71e9b1f423b,32,0.004896085838750843,0.010235455050677227,True,-0.006972346209530475,6268.220466202853,6272.149224223681,15392.362207990618,582185fc3a63bb8ee4cc6edb165a558242aa23b7077f582a1e27f80fe240acd0,0,True,,250,65535,full_posterior,64,0.005395908318402027,-0.0010381301853898157,128,train_logit_16,train_logit_16,6208,0,1.0005337019945624,1,0.45763148511264445,1.0,reference_production_4,ok,981c8c16f8288893162866a44dc7f238a562d94baba61c4736c9e2c0a9aaafac,deep_m0064_r0
3,deep,final_geometry_v15_20260930,4327fe4ece9317f6fd20fad18389a71e9b1f423b,32,0.4062169460226029,0.010714594032906819,True,0.4007148137478728,6485.267478372505,6459.972046274379,13546.506653632474,582185fc3a63bb8ee4cc6edb165a558242aa23b7077f582a1e27f80fe240acd0,0,True,,226,65535,full_posterior,64,0.005480160585745622,0.40346587988523785,128,train_logit_32,train_logit_32,6208,0,1.0006817094621985,1,0.46500875608687875,1.0,reference_production_4,ok,981c8c16f8288893162866a44dc7f238a562d94baba61c4736c9e2c0a9aaafac,deep_m0064_r0
3,deep,final_geometry_v15_20260930,4327fe4ece9317f6fd20fad18389a71e9b1f423b,32,0.36250358344142175,0.010321086931679276,True,0.3557022796993064,6922.779297672395,6906.9798172687915,14020.570776453571,582185fc3a63bb8ee4cc6edb165a558242aa23b7077f582a1e27f80fe240acd0,0,True,,156,65535,full_posterior,64,0.005325836048225768,0.35910293157036394,128,train_logit_48,train_logit_48,6208,0,1.0004330819791072,1,0.4649902655512496,1.0,reference_production_4,ok,981c8c16f8288893162866a44dc7f238a562d94baba61c4736c9e2c0a9aaafac,deep_m0064_r0
3,deep,final_geometry_v15_20260930,4327fe4ece9317f6fd20fad18389a71e9b1f423b,32,0.5890987591892869,0.010796919559593731,True,0.5832095170795573,6127.66407179339,6111.033449912073,13346.361085298593,582185fc3a63bb8ee4cc6edb165a558242aa23b7077f582a1e27f80fe240acd0,0,True,,248,65535,full_posterior,64,0.0055757439476887185,0.5861541381344221,128,train_logit_64,train_logit_64,6208,0,1.0005772479067925,1,0.45948718822697515,1.0,reference_production_4,ok,981c8c16f8288893162866a44dc7f238a562d94baba61c4736c9e2c0a9aaafac,deep_m0064_r0
3,deep,final_geometry_v15_20260930,4327fe4ece9317f6fd20fad18389a71e9b1f423b,32,-0.707002070981858,0.010773040718332415,True,-0.6925805483717516,6277.901209253998,6254.709770206515,12850.204958165928,582185fc3a63bb8ee4cc6edb165a558242aa23b7077f582a1e27f80fe240acd0,0,True,,164,65535,full_posterior,64,0.005538108245349089,-0.6997913096768049,128,train_logit_80,train_logit_80,6208,0,1.0004616642805852,1,0.4608356303261312,1.0,reference_production_4,ok,981c8c16f8288893162866a44dc7f238a562d94baba61c4736c9e2c0a9aaafac,deep_m0064_r0
3,deep,final_geometry_v15_20260930,4327fe4ece9317f6fd20fad18389a71e9b1f423b,32,0.5501335078369924,0.010571010550747478,True,0.539352756668624,6343.972466532523,6310.8782854199035,13199.762892013887,582185fc3a63bb8ee4cc6edb165a558242aa23b7077f582a1e27f80fe240acd0,0,True,,326,65535,full_posterior,64,0.005446833893424202,0.5447431322528083,128,train_logit_96,train_logit_96,6208,0,1.000583555364876,1,0.46265569910873194,1.0,reference_production_4,ok,981c8c16f8288893162866a44dc7f238a562d94baba61c4736c9e2c0a9aaafac,deep_m0064_r0
3,deep,final_geometry_v15_20260930,4327fe4ece9317f6fd20fad18389a71e9b1f423b,32,0.24729860724571706,0.010180443050084774,True,0.2481442947648271,6851.306979485468,6843.9748121905695,15411.503659997334,582185fc3a63bb8ee4cc6edb165a558242aa23b7077f582a1e27f80fe240acd0,0,True,,150,65535,full_posterior,64,0.005130358703810919,0.24772145100527213,128,train_logit_112,train_logit_112,6208,0,1.0004501209517116,1,0.4519383929775603,1.0,reference_production_4,ok,981c8c16f8288893162866a44dc7f238a562d94baba61c4736c9e2c0a9aaafac,deep_m0064_r0
3,deep,final_geometry_v15_20260930,4327fe4ece9317f6fd20fad18389a71e9b1f423b,32,0.4941060869725542,0.003634446679289202,True,0.494615768685432,6296.230664110788,6305.14786115757,13860.937286107557,582185fc3a63bb8ee4cc6edb165a558242aa23b7077f582a1e27f80fe240acd0,0,True,,244,65535,full_posterior,64,0.001863624975815775,0.4943609278289931,128,test_prob_0,test_prob_0,6208,0,1.000232192143596,1,0.15505245676936394,1.0,reference_production_4,ok,981c8c16f8288893162866a44dc7f238a562d94baba61c4736c9e2c0a9aaafac,deep_m0064_r0
3,deep,final_geometry_v15_20260930,4327fe4ece9317f6fd20fad18389a71e9b1f423b,32,0.6107132818718483,0.00355861469288137,True,0.6106275871747181,5743.975644477754,5815.636073297955,13044.82518284222,582185fc3a63bb8ee4cc6edb165a558242aa23b7077f582a1e27f80fe240acd0,0,True,,286,65535,full_posterior,64,0.0018380372058628021,0.6106704345232832,128,test_prob_128,test_prob_128,6208,0,1.0006024052731948,1,0.1509564857959384,1.0,reference_production_4,ok,981c8c16f8288893162866a44dc7f238a562d94baba61c4736c9e2c0a9aaafac,deep_m0064_r0
3,deep,final_geometry_v15_20260930,4327fe4ece9317f6fd20fad18389a71e9b1f423b,32,0.6394998021442293,0.0033210536824897323,True,0.6351473563584106,6032.515651604497,6169.561918219001,12871.496153863636,582185fc3a63bb8ee4cc6edb165a558242aa23b7077f582a1e27f80fe240acd0,0,True,,236,65535,full_posterior,64,0.0017085323014973724,0.6373235792513199,128,test_prob_256,test_prob_256,6208,0,1.0005401568545809,1,0.14325993211128848,1.0,reference_production_4,ok,981c8c16f8288893162866a44dc7f238a562d94baba61c4736c9e2c0a9aaafac,deep_m0064_r0
3,deep,final_geometry_v15_20260930,4327fe4ece9317f6fd20fad18389a71e9b1f423b,32,0.33395929535737096,0.003254344225269758,True,0.3376700942292076,6279.461180145228,6469.608240458479,12379.642584153014,582185fc3a63bb8ee4cc6edb165a558242aa23b7077f582a1e27f80fe240acd0,0,True,,160,65535,full_posterior,64,0.0016433160056312493,0.33581469479328924,128,test_prob_384,test_prob_384,6208,0,1.0006422683158516,1,0.1399059739384239,1.0,reference_production_4,ok,981c8c16f8288893162866a44dc7f238a562d94baba61c4736c9e2c0a9aaafac,deep_m0064_r0
3,deep,final_geometry_v15_20260930,4327fe4ece9317f6fd20fad18389a71e9b1f423b,32,0.5996077511530941,0.003512133044821548,True,0.5971704273845257,5927.540164973132,5942.027505845018,13669.757009956333,582185fc3a63bb8ee4cc6edb165a558242aa23b7077f582a1e27f80fe240acd0,0,True,,284,65535,full_posterior,64,0.001831115700998402,0.59838908926881,128,test_prob_512,test_prob_512,6208,0,1.0006250336626743,1,0.15003178407253134,1.0,reference_production_4,ok,981c8c16f8288893162866a44dc7f238a562d94baba61c4736c9e2c0a9aaafac,deep_m0064_r0
3,deep,final_geometry_v15_20260930,4327fe4ece9317f6fd20fad18389a71e9b1f423b,32,0.38143120319722545,0.0035648000433414688,True,0.3782141159089788,5312.545512882775,5431.320363350843,12043.947947244655,582185fc3a63bb8ee4cc6edb165a558242aa23b7077f582a1e27f80fe240acd0,0,True,,278,65535,full_posterior,64,0.0018640360883709693,0.379822659553102,128,test_prob_640,test_prob_640,6208,0,1.0010507498062178,1,0.1480827869138446,1.0,reference_production_4,ok,981c8c16f8288893162866a44dc7f238a562d94baba61c4736c9e2c0a9aaafac,deep_m0064_r0
3,deep,final_geometry_v15_20260930,4327fe4ece9317f6fd20fad18389a71e9b1f423b,32,0.5231962335317124,0.003525137680667487,True,0.5249831398005771,6636.64138474846,6644.071516364158,15115.135460168038,582185fc3a63bb8ee4cc6edb165a558242aa23b7077f582a1e27f80fe240acd0,0,True,,148,65535,full_posterior,64,0.0018146713597147598,0.5240896866661446,128,test_prob_768,test_prob_768,6208,0,1.0006164208097859,1,0.15371237190968048,1.0,reference_production_4,ok,981c8c16f8288893162866a44dc7f238a562d94baba61c4736c9e2c0a9aaafac,deep_m0064_r0
3,deep,final_geometry_v15_20260930,4327fe4ece9317f6fd20fad18389a71e9b1f423b,32,0.5218786877357602,0.003675293217587295,True,0.5214314808895615,5852.716470704142,5885.747451138669,12592.908285383706,582185fc3a63bb8ee4cc6edb165a558242aa23b7077f582a1e27f80fe240acd0,0,True,,254,65535,full_posterior,64,0.0019111502734191908,0.5216550843126607,128,test_prob_896,test_prob_896,6208,0,1.000819289425509,1,0.15513689445573994,1.0,reference_production_4,ok,981c8c16f8288893162866a44dc7f238a562d94baba61c4736c9e2c0a9aaafac,deep_m0064_r0
3,deep,final_geometry_v15_20260930,4327fe4ece9317f6fd20fad18389a71e9b1f423b,32,0.006360634737473012,0.01684455624338522,True,0.02366279711142228,4555.094084561124,4357.46950362231,5999.642381242307,582185fc3a63bb8ee4cc6edb165a558242aa23b7077f582a1e27f80fe240acd0,0,True,,298,65535,full_posterior,64,0.008726564444625742,0.015011715924447649,128,interaction_0,interaction_0,6208,0,1.0008424242980738,1,0.631396869378493,1.0,reference_production_4,ok,981c8c16f8288893162866a44dc7f238a562d94baba61c4736c9e2c0a9aaafac,deep_m0064_r0
3,deep,final_geometry_v15_20260930,4327fe4ece9317f6fd20fad18389a71e9b1f423b,32,0.015127593448822425,0.017309684695682094,True,0.01821570448074277,4567.127525409452,4381.59235762048,6084.500299034113,582185fc3a63bb8ee4cc6edb165a558242aa23b7077f582a1e27f80fe240acd0,0,True,,214,65535,full_posterior,64,0.008862007826764454,0.0166716489647826,128,interaction_1,interaction_1,6208,0,1.0011993348683816,1,0.6413319384251455,1.0,reference_production_4,ok,981c8c16f8288893162866a44dc7f238a562d94baba61c4736c9e2c0a9aaafac,deep_m0064_r0
3,deep,final_geometry_v15_20260930,4327fe4ece9317f6fd20fad18389a71e9b1f423b,32,0.012355934619040377,0.017812241499780557,True,0.0564401184652112,4472.087342283684,4245.850148781959,5568.70667280192,582185fc3a63bb8ee4cc6edb165a558242aa23b7077f582a1e27f80fe240acd0,0,True,,200,65535,full_posterior,64,0.009455709541330412,0.03439802654212579,128,interaction_2,interaction_2,6208,0,1.0020747880613194,1,0.6540078701593157,1.0,reference_production_4,ok,981c8c16f8288893162866a44dc7f238a562d94baba61c4736c9e2c0a9aaafac,deep_m0064_r0
3,deep,final_geometry_v15_20260930,4327fe4ece9317f6fd20fad18389a71e9b1f423b,32,0.03187252592797124,0.016821617317317333,True,0.016828393780305182,4841.03282055014,4693.2497374857685,7240.519704486752,582185fc3a63bb8ee4cc6edb165a558242aa23b7077f582a1e27f80fe240acd0,0,True,,162,65535,full_posterior,64,0.008769534125816672,0.024350459854138216,128,interaction_3,interaction_3,6208,0,1.0010584944632577,1,0.6362507251544192,1.0,reference_production_4,ok,981c8c16f8288893162866a44dc7f238a562d94baba61c4736c9e2c0a9aaafac,deep_m0064_r0
3,deep,final_geometry_v15_20260930,4327fe4ece9317f6fd20fad18389a71e9b1f423b,32,0.10409974287347093,0.03565559131996832,True,0.05161803222987864,2101.118662308743,2100.7800207958635,4118.205426279412,582185fc3a63bb8ee4cc6edb165a558242aa23b7077f582a1e27f80fe240acd0,0,True,,416,65535,full_posterior,64,0.019163210081255766,0.07785888755167479,128,q_A,q_A,6208,0,1.0019539103510118,1,1.029247983434,1.0,reference_production_4,ok,981c8c16f8288893162866a44dc7f238a562d94baba61c4736c9e2c0a9aaafac,deep_m0064_r0
3,deep,final_geometry_v15_20260930,4327fe4ece9317f6fd20fad18389a71e9b1f423b,32,-0.04522957892738406,0.03360936222034313,True,0.004340368368288236,2500.663968749951,2497.185644553625,5166.628802606747,582185fc3a63bb8ee4cc6edb165a558242aa23b7077f582a1e27f80fe240acd0,0,True,,264,65535,full_posterior,64,0.018161478706143132,-0.020444605279547914,128,q_W,q_W,6208,0,1.0016716958615062,1,0.9939588400220988,1.0,reference_production_4,ok,981c8c16f8288893162866a44dc7f238a562d94baba61c4736c9e2c0a9aaafac,deep_m0064_r0
3,deep,final_geometry_v15_20260930,4327fe4ece9317f6fd20fad18389a71e9b1f423b,32,1.067808110705104,0.0050734682431375945,True,1.0637692279425144,4258.588010479202,4235.910665012306,7785.967381664434,582185fc3a63bb8ee4cc6edb165a558242aa23b7077f582a1e27f80fe240acd0,0,True,,218,65535,full_posterior,64,0.002553389061194298,1.065788669323809,128,disp_A,disp_A,6208,0,1.0007760405456174,1,0.18340063589515926,1.0,reference_production_4,ok,981c8c16f8288893162866a44dc7f238a562d94baba61c4736c9e2c0a9aaafac,deep_m0064_r0
3,deep,final_geometry_v15_20260930,4327fe4ece9317f6fd20fad18389a71e9b1f423b,32,1.0012696883651355,0.0008228842032934599,True,1.0003080267235192,4936.346437345036,4928.748294061391,9882.614680720408,582185fc3a63bb8ee4cc6edb165a558242aa23b7077f582a1e27f80fe240acd0,0,True,,354,65535,full_posterior,64,0.0004248532207332646,1.0007888575443273,128,disp_W1,disp_W1,6208,0,1.0006377089088234,1,0.03131489602223262,1.0,reference_production_4,ok,981c8c16f8288893162866a44dc7f238a562d94baba61c4736c9e2c0a9aaafac,deep_m0064_r0
3,deep,final_geometry_v15_20260930,4327fe4ece9317f6fd20fad18389a71e9b1f423b,32,1.0013161215665343,0.0006017779717534245,True,0.999994679009375,4392.585080954211,4410.178675208224,9090.483765202085,582185fc3a63bb8ee4cc6edb165a558242aa23b7077f582a1e27f80fe240acd0,0,True,,248,65535,full_posterior,64,0.00031325036659276455,1.0006554002879544,128,disp_W2,disp_W2,6208,0,1.0009763590458898,1,0.02235462984755465,1.0,reference_production_4,ok,981c8c16f8288893162866a44dc7f238a562d94baba61c4736c9e2c0a9aaafac,deep_m0064_r0
3,deep,final_geometry_v15_20260930,4327fe4ece9317f6fd20fad18389a71e9b1f423b,32,0.7779691361874164,0.00043485731986948347,True,0.7782478856724091,7951.705460908662,8002.748871513115,12048.375487177032,582185fc3a63bb8ee4cc6edb165a558242aa23b7077f582a1e27f80fe240acd0,0,True,,10,65535,full_posterior,64,0.00021256705322475675,0.7781085109299127,128,S,S_archive,6208,0,1.0003312670479039,16,0.019924624958599355,1.0,reference_production_4,ok,981c8c16f8288893162866a44dc7f238a562d94baba61c4736c9e2c0a9aaafac,deep_m0064_r0
3,deep,final_geometry_v15_20260930,4327fe4ece9317f6fd20fad18389a71e9b1f423b,32,60.49641276082089,0.18636579815264087,True,60.244286986740036,1538.9676344325524,1549.017725825908,2615.5760369812792,9e6ac88405fb3b11d6f1ced5dcfbcff994228697799e3d637681f59a96e00b74,0,True,,344,65535,full_posterior,64,0.10174414931480047,60.37034987378046,128,V,V,6208,1,1.0039026985489288,1,4.8160123464578195,1.0,reference_production_4,ok,cffc441cee2bd015a78c885c0750263a0ede3b1b8b3eb5af88b7ed906fea8e96,deep_m0064_r1
3,deep,final_geometry_v15_20260930,4327fe4ece9317f6fd20fad18389a71e9b1f423b,32,3174.7930280733876,1.732947508125696,True,3175.289590164352,3184.1171779811607,3176.228095671032,6645.570240135608,9e6ac88405fb3b11d6f1ced5dcfbcff994228697799e3d637681f59a96e00b74,0,True,,274,65535,full_posterior,64,0.8969413335253736,3175.041309118869,128,U,U,6208,1,1.0017534211207864,1,56.144701986705016,1.0,reference_production_4,ok,cffc441cee2bd015a78c885c0750263a0ede3b1b8b3eb5af88b7ed906fea8e96,deep_m0064_r1
3,deep,final_geometry_v15_20260930,4327fe4ece9317f6fd20fad18389a71e9b1f423b,32,0.24003471594018477,0.013565552985039163,True,0.23511127157584125,4233.0534303150425,4232.298129901939,9784.200625360956,9e6ac88405fb3b11d6f1ced5dcfbcff994228697799e3d637681f59a96e00b74,0,True,,294,65535,full_posterior,64,0.0070691010695283045,0.2375729937580129,128,train_logit_0,train_logit_0,6208,1,1.001474876693132,1,0.509252262832912,1.0,reference_production_4,ok,cffc441cee2bd015a78c885c0750263a0ede3b1b8b3eb5af88b7ed906fea8e96,deep_m0064_r1
3,deep,final_geometry_v15_20260930,4327fe4ece9317f6fd20fad18389a71e9b1f423b,32,0.6459557599088371,0.013444725359761147,True,0.6339935739411158,3798.771303126937,3771.9377442093732,9226.823486595546,9e6ac88405fb3b11d6f1ced5dcfbcff994228697799e3d637681f59a96e00b74,0,True,,368,65535,full_posterior,64,0.007071598589003963,0.6399746669249766,128,train_logit_16,train_logit_16,6208,1,1.0012093668700623,1,0.4944573827904403,1.0,reference_production_4,ok,cffc441cee2bd015a78c885c0750263a0ede3b1b8b3eb5af88b7ed906fea8e96,deep_m0064_r1
3,deep,final_geometry_v15_20260930,4327fe4ece9317f6fd20fad18389a71e9b1f423b,32,-0.031892876248478606,0.012737274896904002,True,-0.006752495322701814,4526.966146748089,4523.483372405987,10407.81769348135,9e6ac88405fb3b11d6f1ced5dcfbcff994228697799e3d637681f59a96e00b74,0,True,,468,65535,full_posterior,64,0.006676992612756256,-0.01932268578559021,128,train_logit_32,train_logit_32,6208,1,1.0009016334618892,1,0.4927672647870281,1.0,reference_production_4,ok,cffc441cee2bd015a78c885c0750263a0ede3b1b8b3eb5af88b7ed906fea8e96,deep_m0064_r1
3,deep,final_geometry_v15_20260930,4327fe4ece9317f6fd20fad18389a71e9b1f423b,32,-1.0179300289482227,0.013676605595872164,True,-1.0391098950201811,3874.938051088016,3869.487843861094,8561.726410746618,9e6ac88405fb3b11d6f1ced5dcfbcff994228697799e3d637681f59a96e00b74,0,True,,314,65535,full_posterior,64,0.007272531030336677,-1.0285199619842023,128,train_logit_48,train_logit_48,6208,1,1.0022149406885381,1,0.49868290485240485,1.0,reference_production_4,ok,cffc441cee2bd015a78c885c0750263a0ede3b1b8b3eb5af88b7ed906fea8e96,deep_m0064_r1
3,deep,final_geometry_v15_20260930,4327fe4ece9317f6fd20fad18389a71e9b1f423b,32,0.7435352782001994,0.013455424646825687,True,0.7414232356994215,4475.377009339571,4451.404500937329,9070.794379598912,9e6ac88405fb3b11d6f1ced5dcfbcff994228697799e3d637681f59a96e00b74,0,True,,186,65535,full_posterior,64,0.006872728232706435,0.7424792569498104,128,train_logit_64,train_logit_64,6208,1,1.000482088712197,1,0.4981013067860273,1.0,reference_production_4,ok,cffc441cee2bd015a78c885c0750263a0ede3b1b8b3eb5af88b7ed906fea8e96,deep_m0064_r1
3,deep,final_geometry_v15_20260930,4327fe4ece9317f6fd20fad18389a71e9b1f423b,32,0.7650713126316526,0.013337238243598162,True,0.7729590098037545,3732.505202097662,3722.232160631773,9183.677977175992,9e6ac88405fb3b11d6f1ced5dcfbcff994228697799e3d637681f59a96e00b74,0,True,,410,65535,full_posterior,64,0.007078785034081957,0.7690151612177033,128,train_logit_80,train_logit_80,6208,1,1.0009444103837906,1,0.49073796287826,1.0,reference_production_4,ok,cffc441cee2bd015a78c885c0750263a0ede3b1b8b3eb5af88b7ed906fea8e96,deep_m0064_r1
3,deep,final_geometry_v15_20260930,4327fe4ece9317f6fd20fad18389a71e9b1f423b,32,-0.0035378550653844994,0.013143801415109584,True,0.026545933354334257,4414.871620962683,4446.526899297836,10098.660751301433,9e6ac88405fb3b11d6f1ced5dcfbcff994228697799e3d637681f59a96e00b74,0,True,,316,65535,full_posterior,64,0.00695628548082693,0.01150403914447488,128,train_logit_96,train_logit_96,6208,1,1.001972561575644,1,0.502119005985665,1.0,reference_production_4,ok,cffc441cee2bd015a78c885c0750263a0ede3b1b8b3eb5af88b7ed906fea8e96,deep_m0064_r1
3,deep,final_geometry_v15_20260930,4327fe4ece9317f6fd20fad18389a71e9b1f423b,32,-0.30682162950983605,0.013845122991470624,True,-0.3053381252343347,4104.186748738999,4087.2859720414026,8368.436542604662,9e6ac88405fb3b11d6f1ced5dcfbcff994228697799e3d637681f59a96e00b74,0,True,,214,65535,full_posterior,64,0.0073507403945174575,-0.30607987737208536,128,train_logit_112,train_logit_112,6208,1,1.0001680154833865,1,0.5065594791966536,1.0,reference_production_4,ok,cffc441cee2bd015a78c885c0750263a0ede3b1b8b3eb5af88b7ed906fea8e96,deep_m0064_r1
3,deep,final_geometry_v15_20260930,4327fe4ece9317f6fd20fad18389a71e9b1f423b,32,0.5344177072253328,0.004469875664016875,True,0.5309880042783162,4157.0115263121315,4176.3433904851745,8186.640592955217,9e6ac88405fb3b11d6f1ced5dcfbcff994228697799e3d637681f59a96e00b74,0,True,,280,65535,full_posterior,64,0.0023050336245975605,0.5327028557518244,128,test_prob_0,test_prob_0,6208,1,1.0011406272456584,1,0.1648076082622221,1.0,reference_production_4,ok,cffc441cee2bd015a78c885c0750263a0ede3b1b8b3eb5af88b7ed906fea8e96,deep_m0064_r1
3,deep,final_geometry_v15_20260930,4327fe4ece9317f6fd20fad18389a71e9b1f423b,32,0.3611657720811917,0.00418780514925492,True,0.35946857329458093,3841.5568017746514,3985.8402134087296,7344.527584509608,9e6ac88405fb3b11d6f1ced5dcfbcff994228697799e3d637681f59a96e00b74,0,True,,292,65535,full_posterior,64,0.0021786982072942484,0.36031717268788627,128,test_prob_128,test_prob_128,6208,1,1.0010595724457196,1,0.15328523583529044,1.0,reference_production_4,ok,cffc441cee2bd015a78c885c0750263a0ede3b1b8b3eb5af88b7ed906fea8e96,deep_m0064_r1
3,deep,final_geometry_v15_20260930,4327fe4ece9317f6fd20fad18389a71e9b1f423b,32,0.44098882101583314,0.004329600706031082,True,0.43832705227957225,4516.2974979531655,4549.9813956726975,9270.510307568455,9e6ac88405fb3b11d6f1ced5dcfbcff994228697799e3d637681f59a96e00b74,0,True,,326,65535,full_posterior,64,0.0022305726671000277,0.43965793664770275,128,test_prob_256,test_prob_256,6208,1,1.0002064535570978,1,0.16325670811204598,1.0,reference_production_4,ok,cffc441cee2bd015a78c885c0750263a0ede3b1b8b3eb5af88b7ed906fea8e96,deep_m0064_r1
3,deep,final_geometry_v15_20260930,4327fe4ece9317f6fd20fad18389a71e9b1f423b,32,0.7563635659027809,0.0032752018159703696,True,0.7604698197705437,3865.8364590711553,4166.650971641034,8522.64532895456,9e6ac88405fb3b11d6f1ced5dcfbcff994228697799e3d637681f59a96e00b74,0,True,,270,65535,full_posterior,64,0.0017051655530857812,0.7584166928366624,128,test_prob_384,test_prob_384,6208,1,1.0018228412936254,1,0.12151414164740383,1.0,reference_production_4,ok,cffc441cee2bd015a78c885c0750263a0ede3b1b8b3eb5af88b7ed906fea8e96,deep_m0064_r1
3,deep,final_geometry_v15_20260930,4327fe4ece9317f6fd20fad18389a71e9b1f423b,32,0.4858869150675261,0.00461281049090756,True,0.4729905465899005,3918.222658296626,3899.3852441845734,9227.5648813758,9e6ac88405fb3b11d6f1ced5dcfbcff994228697799e3d637681f59a96e00b74,0,True,,292,65535,full_posterior,64,0.002417443939443992,0.47943873082871336,128,test_prob_512,test_prob_512,6208,1,1.001956595142195,1,0.16711486866781675,1.0,reference_production_4,ok,cffc441cee2bd015a78c885c0750263a0ede3b1b8b3eb5af88b7ed906fea8e96,deep_m0064_r1
3,deep,final_geometry_v15_20260930,4327fe4ece9317f6fd20fad18389a71e9b1f423b,32,0.5749548603644727,0.004511880553307762,True,0.568345958865888,3694.064257426044,3735.2610270732525,9024.848591270418,9e6ac88405fb3b11d6f1ced5dcfbcff994228697799e3d637681f59a96e00b74,0,True,,416,65535,full_posterior,64,0.002416349586774815,0.5716504096151802,128,test_prob_640,test_prob_640,6208,1,1.0008655515189768,1,0.16439070582082965,1.0,reference_production_4,ok,cffc441cee2bd015a78c885c0750263a0ede3b1b8b3eb5af88b7ed906fea8e96,deep_m0064_r1
3,deep,final_geometry_v15_20260930,4327fe4ece9317f6fd20fad18389a71e9b1f423b,32,0.48434631546431944,0.004538359331243478,True,0.48672998944808016,4002.524114421761,4057.9255804156724,8559.985918075667,9e6ac88405fb3b11d6f1ced5dcfbcff994228697799e3d637681f59a96e00b74,0,True,,326,65535,full_posterior,64,0.0023265811394392786,0.4855381524561997,128,test_prob_768,test_prob_768,6208,1,1.0007659804956628,1,0.1644827434262954,1.0,reference_production_4,ok,cffc441cee2bd015a78c885c0750263a0ede3b1b8b3eb5af88b7ed906fea8e96,deep_m0064_r1
3,deep,final_geometry_v15_20260930,4327fe4ece9317f6fd20fad18389a71e9b1f423b,32,0.5469723741163736,0.004626925996520214,True,0.5416039137928645,3750.2658476630427,3780.974373615481,9058.819585535843,9e6ac88405fb3b11d6f1ced5dcfbcff994228697799e3d637681f59a96e00b74,0,True,,356,65535,full_posterior,64,0.00244029979749064,0.5442881439546192,128,test_prob_896,test_prob_896,6208,1,1.0013780729050747,1,0.16714369735749082,1.0,reference_production_4,ok,cffc441cee2bd015a78c885c0750263a0ede3b1b8b3eb5af88b7ed906fea8e96,deep_m0064_r1
3,deep,final_geometry_v15_20260930,4327fe4ece9317f6fd20fad18389a71e9b1f423b,32,0.06324439984121981,0.021784587733411416,True,0.07723724355040457,3236.9152173399275,3101.8057084771417,4314.096020807941,9e6ac88405fb3b11d6f1ced5dcfbcff994228697799e3d637681f59a96e00b74,0,True,,294,65535,full_posterior,64,0.01138134299236951,0.07024082169581217,128,interaction_0,interaction_0,6208,1,1.002323153303008,1,0.6919693865871105,1.0,reference_production_4,ok,cffc441cee2bd015a78c885c0750263a0ede3b1b8b3eb5af88b7ed906fea8e96,deep_m0064_r1
3,deep,final_geometry_v15_20260930,4327fe4ece9317f6fd20fad18389a71e9b1f423b,32,0.06727468588416803,0.021344186909157643,True,0.01144023352753916,3261.2834615484066,3108.858454981509,4716.135797985627,9e6ac88405fb3b11d6f1ced5dcfbcff994228697799e3d637681f59a96e00b74,0,True,,266,65535,full_posterior,64,0.01135253965794643,0.03935745970585359,128,interaction_1,interaction_1,6208,1,1.0015954813356036,1,0.6917368575847499,1.0,reference_production_4,ok,cffc441cee2bd015a78c885c0750263a0ede3b1b8b3eb5af88b7ed906fea8e96,deep_m0064_r1
3,deep,final_geometry_v15_20260930,4327fe4ece9317f6fd20fad18389a71e9b1f423b,32,0.043792607779823696,0.021364773652131335,True,0.04011209445391022,2892.3014471919537,2797.9378024260545,3949.5384998116083,9e6ac88405fb3b11d6f1ced5dcfbcff994228697799e3d637681f59a96e00b74,0,True,,394,65535,full_posterior,64,0.011538743588323503,0.041952351116866966,128,interaction_2,interaction_2,6208,1,1.0021694668492471,1,0.6854016593265501,1.0,reference_production_4,ok,cffc441cee2bd015a78c885c0750263a0ede3b1b8b3eb5af88b7ed906fea8e96,deep_m0064_r1
3,deep,final_geometry_v15_20260930,4327fe4ece9317f6fd20fad18389a71e9b1f423b,32,0.0473605139185167,0.0221589161353189,True,0.07704402835274651,3062.562988874524,2870.13368059578,4055.678102299072,9e6ac88405fb3b11d6f1ced5dcfbcff994228697799e3d637681f59a96e00b74,0,True,,264,65535,full_posterior,64,0.011830722993032797,0.0622022711356316,128,interaction_3,interaction_3,6208,1,1.0020551804955833,1,0.7008041015480617,1.0,reference_production_4,ok,cffc441cee2bd015a78c885c0750263a0ede3b1b8b3eb5af88b7ed906fea8e96,deep_m0064_r1
3,deep,final_geometry_v15_20260930,4327fe4ece9317f6fd20fad18389a71e9b1f423b,32,0.1312070985444709,0.04496673672392069,True,0.11260795070859161,1200.9086726417443,1196.4368865625938,2638.2437683156936,9e6ac88405fb3b11d6f1ced5dcfbcff994228697799e3d637681f59a96e00b74,0,True,,574,65535,full_posterior,64,0.0247453911568958,0.12190752462653126,128,q_A,q_A,6208,1,1.0010035150715877,1,1.10217053681945,1.0,reference_production_4,ok,cffc441cee2bd015a78c885c0750263a0ede3b1b8b3eb5af88b7ed906fea8e96,deep_m0064_r1
3,deep,final_geometry_v15_20260930,4327fe4ece9317f6fd20fad18389a71e9b1f423b,32,-0.12312290427442647,0.036712168425759126,True,-0.04652858540937237,1678.137193022063,1677.8673252559004,3192.367153202677,9e6ac88405fb3b11d6f1ced5dcfbcff994228697799e3d637681f59a96e00b74,0,True,,640,65535,full_posterior,64,0.019870138727468123,-0.0848257448418994,128,q_W,q_W,6208,1,1.0025065059774125,1,0.9908965354829878,1.0,reference_production_4,ok,cffc441cee2bd015a78c885c0750263a0ede3b1b8b3eb5af88b7ed906fea8e96,deep_m0064_r1
3,deep,final_geometry_v15_20260930,4327fe4ece9317f6fd20fad18389a71e9b1f423b,32,1.2002805828608742,0.006219583575330591,True,1.2077331238944524,2847.6002948258206,2790.7402363797055,5139.378662133077,9e6ac88405fb3b11d6f1ced5dcfbcff994228697799e3d637681f59a96e00b74,0,True,,260,65535,full_posterior,64,0.0032778207040605137,1.2040068533776636,128,disp_A,disp_A,6208,1,1.001724464240614,1,0.1937507022381099,1.0,reference_production_4,ok,cffc441cee2bd015a78c885c0750263a0ede3b1b8b3eb5af88b7ed906fea8e96,deep_m0064_r1
3,deep,final_geometry_v15_20260930,4327fe4ece9317f6fd20fad18389a71e9b1f423b,32,1.0009177663849504,0.0009828791939291877,True,1.0008115637317005,3186.1066560160357,3183.267056282469,6365.630083564068,9e6ac88405fb3b11d6f1ced5dcfbcff994228697799e3d637681f59a96e00b74,0,True,,222,65535,full_posterior,64,0.0005137612184687411,1.0008646650583255,128,disp_W1,disp_W1,6208,1,1.0020278736544628,1,0.03164705216952431,1.0,reference_production_4,ok,cffc441cee2bd015a78c885c0750263a0ede3b1b8b3eb5af88b7ed906fea8e96,deep_m0064_r1
3,deep,final_geometry_v15_20260930,4327fe4ece9317f6fd20fad18389a71e9b1f423b,32,1.0014393768959127,0.0006827810854874939,True,1.0017416025154924,3273.112175723671,3262.807003759576,6499.0294641719365,9e6ac88405fb3b11d6f1ced5dcfbcff994228697799e3d637681f59a96e00b74,0,True,,240,65535,full_posterior,64,0.0003587325751175642,1.0015904897057026,128,disp_W2,disp_W2,6208,1,1.0013085325052162,1,0.02232866375718759,1.0,reference_production_4,ok,cffc441cee2bd015a78c885c0750263a0ede3b1b8b3eb5af88b7ed906fea8e96,deep_m0064_r1
3,deep,final_geometry_v15_20260930,4327fe4ece9317f6fd20fad18389a71e9b1f423b,32,0.7786123603082253,0.0005126408664399636,True,0.7787462423279121,5547.940706993987,5519.481754496967,9692.819353795532,9e6ac88405fb3b11d6f1ced5dcfbcff994228697799e3d637681f59a96e00b74,0,True,,18,65535,full_posterior,64,0.00026924223100409345,0.7786793013180686,128,S,S_archive,6208,1,1.0002270104523026,16,0.02005241396214504,1.0,reference_production_4,ok,cffc441cee2bd015a78c885c0750263a0ede3b1b8b3eb5af88b7ed906fea8e96,deep_m0064_r1
3,deep,final_geometry_v15_20260930,4327fe4ece9317f6fd20fad18389a71e9b1f423b,32,70.3528632294916,0.15660334936137288,True,70.25515609081441,1935.964616499086,1942.9131348750961,3244.7372109633197,81ce3389a72aeb7fe37b8e69aad3c1b302e6f2b175c4c88f664698d06d1f2e28,0,True,,370,65535,full_posterior,64,0.08387735483567015,70.30400966015301,128,V,V,6208,2,1.0006331959417367,1,4.321912668281347,1.0,reference_production_4,ok,5e7e9d9b0e46c28d13a71799ccda6b52c4855a61024370dac3c38fe8cb82e7c3,deep_m0064_r2
3,deep,final_geometry_v15_20260930,4327fe4ece9317f6fd20fad18389a71e9b1f423b,32,3179.9380498673704,1.5509877057600228,True,3180.3981041516404,4206.932157008689,4203.229857740783,9127.011147612951,81ce3389a72aeb7fe37b8e69aad3c1b302e6f2b175c4c88f664698d06d1f2e28,0,True,,236,65535,full_posterior,64,0.798686852416699,3180.168077009505,128,U,U,6208,2,1.0006382576170683,1,55.94702676559832,1.0,reference_production_4,ok,5e7e9d9b0e46c28d13a71799ccda6b52c4855a61024370dac3c38fe8cb82e7c3,deep_m0064_r2
3,deep,final_geometry_v15_20260930,4327fe4ece9317f6fd20fad18389a71e9b1f423b,32,-0.2551635308110055,0.012382835579605334,True,-0.2456097808152035,4694.919738699281,4705.3083167045315,11150.731805925901,81ce3389a72aeb7fe37b8e69aad3c1b302e6f2b175c4c88f664698d06d1f2e28,0,True,,300,65535,full_posterior,64,0.006470638581200813,-0.25038665581310454,128,train_logit_0,train_logit_0,6208,2,1.0011482588059435,1,0.4888520118926125,1.0,reference_production_4,ok,5e7e9d9b0e46c28d13a71799ccda6b52c4855a61024370dac3c38fe8cb82e7c3,deep_m0064_r2
3,deep,final_geometry_v15_20260930,4327fe4ece9317f6fd20fad18389a71e9b1f423b,32,0.33934744509124076,0.011584575799606124,True,0.3218640202016515,5425.8403427865715,5430.918511949897,12477.058111327548,81ce3389a72aeb7fe37b8e69aad3c1b302e6f2b175c4c88f664698d06d1f2e28,0,True,,264,65535,full_posterior,64,0.00610034679682992,0.3306057326464462,128,train_logit_16,train_logit_16,6208,2,1.0010356809785208,1,0.4773480118509678,1.0,reference_production_4,ok,5e7e9d9b0e46c28d13a71799ccda6b52c4855a61024370dac3c38fe8cb82e7c3,deep_m0064_r2
3,deep,final_geometry_v15_20260930,4327fe4ece9317f6fd20fad18389a71e9b1f423b,32,-0.42925545197521014,0.011394600703383955,True,-0.4417028467199521,5292.436924611201,5286.1256328203535,12309.419339292748,81ce3389a72aeb7fe37b8e69aad3c1b302e6f2b175c4c88f664698d06d1f2e28,0,True,,240,65535,full_posterior,64,0.005928197465555823,-0.4354791493475811,128,train_logit_32,train_logit_32,6208,2,1.0004544686283559,1,0.4716848606879964,1.0,reference_production_4,ok,5e7e9d9b0e46c28d13a71799ccda6b52c4855a61024370dac3c38fe8cb82e7c3,deep_m0064_r2
3,deep,final_geometry_v15_20260930,4327fe4ece9317f6fd20fad18389a71e9b1f423b,32,-0.7152490860206984,0.012545085997378688,True,-0.7393269139246575,4545.941528037193,4488.577630958426,9264.758305412079,81ce3389a72aeb7fe37b8e69aad3c1b302e6f2b175c4c88f664698d06d1f2e28,0,True,,404,65535,full_posterior,64,0.00656101647027186,-0.727287999972678,128,train_logit_48,train_logit_48,6208,2,1.0007935757916393,1,0.4865720145787823,1.0,reference_production_4,ok,5e7e9d9b0e46c28d13a71799ccda6b52c4855a61024370dac3c38fe8cb82e7c3,deep_m0064_r2
3,deep,final_geometry_v15_20260930,4327fe4ece9317f6fd20fad18389a71e9b1f423b,32,0.30155640038671144,0.011574340509869092,True,0.3056350862809651,5124.64813005036,5102.820227433179,11827.361295108427,81ce3389a72aeb7fe37b8e69aad3c1b302e6f2b175c4c88f664698d06d1f2e28,0,True,,252,65535,full_posterior,64,0.006099436336164887,0.30359574333383826,128,train_logit_64,train_logit_64,6208,2,1.0009931284211893,1,0.47459874059322354,1.0,reference_production_4,ok,5e7e9d9b0e46c28d13a71799ccda6b52c4855a61024370dac3c38fe8cb82e7c3,deep_m0064_r2
3,deep,final_geometry_v15_20260930,4327fe4ece9317f6fd20fad18389a71e9b1f423b,32,-0.5007785614101756,0.011457191041999647,True,-0.4939900734300071,5755.5785545618455,5736.321906423484,12058.98891358481,81ce3389a72aeb7fe37b8e69aad3c1b302e6f2b175c4c88f664698d06d1f2e28,0,True,,170,65535,full_posterior,64,0.00574491779208634,-0.4973843174200915,128,train_logit_80,train_logit_80,6208,2,1.0011511923925251,1,0.473907712364398,1.0,reference_production_4,ok,5e7e9d9b0e46c28d13a71799ccda6b52c4855a61024370dac3c38fe8cb82e7c3,deep_m0064_r2
3,deep,final_geometry_v15_20260930,4327fe4ece9317f6fd20fad18389a71e9b1f423b,32,-0.7332514948821567,0.011893795698867523,True,-0.7508450018933546,4965.99371081372,4943.5914018205785,11723.371244591817,81ce3389a72aeb7fe37b8e69aad3c1b302e6f2b175c4c88f664698d06d1f2e28,0,True,,318,65535,full_posterior,64,0.006089165953693399,-0.7420482483877555,128,train_logit_96,train_logit_96,6208,2,1.0010178718698532,1,0.4707249168984134,1.0,reference_production_4,ok,5e7e9d9b0e46c28d13a71799ccda6b52c4855a61024370dac3c38fe8cb82e7c3,deep_m0064_r2
3,deep,final_geometry_v15_20260930,4327fe4ece9317f6fd20fad18389a71e9b1f423b,32,0.6394319250289092,0.010657750039354303,True,0.6633566486864867,5565.879323297333,5533.967611179813,12132.047724117047,81ce3389a72aeb7fe37b8e69aad3c1b302e6f2b175c4c88f664698d06d1f2e28,0,True,,384,65535,full_posterior,64,0.005553040295432597,0.651394286857698,128,train_logit_112,train_logit_112,6208,2,1.0012083305117203,1,0.449463387284438,1.0,reference_production_4,ok,5e7e9d9b0e46c28d13a71799ccda6b52c4855a61024370dac3c38fe8cb82e7c3,deep_m0064_r2
3,deep,final_geometry_v15_20260930,4327fe4ece9317f6fd20fad18389a71e9b1f423b,32,0.42236238752641136,0.003590813467247501,True,0.42622182687660165,6027.10235442991,6075.129993932275,12880.853361423573,81ce3389a72aeb7fe37b8e69aad3c1b302e6f2b175c4c88f664698d06d1f2e28,0,True,,118,65535,full_posterior,64,0.0018417269019078712,0.42429210720150645,128,test_prob_0,test_prob_0,6208,2,1.0002496823647653,1,0.15183783416227523,1.0,reference_production_4,ok,5e7e9d9b0e46c28d13a71799ccda6b52c4855a61024370dac3c38fe8cb82e7c3,deep_m0064_r2
3,deep,final_geometry_v15_20260930,4327fe4ece9317f6fd20fad18389a71e9b1f423b,32,0.40647160746602345,0.0036238687782744203,True,0.4097528391842947,5884.034106872472,5815.048909379876,13890.175933056576,81ce3389a72aeb7fe37b8e69aad3c1b302e6f2b175c4c88f664698d06d1f2e28,0,True,,236,65535,full_posterior,64,0.0018500620020086055,0.40811222332515906,128,test_prob_128,test_prob_128,6208,2,1.0005713755416605,1,0.15087818995715527,1.0,reference_production_4,ok,5e7e9d9b0e46c28d13a71799ccda6b52c4855a61024370dac3c38fe8cb82e7c3,deep_m0064_r2
3,deep,final_geometry_v15_20260930,4327fe4ece9317f6fd20fad18389a71e9b1f423b,32,0.7181908832335411,0.003391216206860556,True,0.7111661761415428,4855.897172227533,5143.2197081341965,9936.798855362204,81ce3389a72aeb7fe37b8e69aad3c1b302e6f2b175c4c88f664698d06d1f2e28,0,True,,252,65535,full_posterior,64,0.0017267805042180226,0.7146785296875419,128,test_prob_256,test_prob_256,6208,2,1.000895919213911,1,0.13342521088919537,1.0,reference_production_4,ok,5e7e9d9b0e46c28d13a71799ccda6b52c4855a61024370dac3c38fe8cb82e7c3,deep_m0064_r2
3,deep,final_geometry_v15_20260930,4327fe4ece9317f6fd20fad18389a71e9b1f423b,32,0.7692592073934634,0.0029538062274247308,True,0.7740457686618096,3780.5764407195006,3954.0021583502576,8706.284931759817,81ce3389a72aeb7fe37b8e69aad3c1b302e6f2b175c4c88f664698d06d1f2e28,0,True,,598,65535,full_posterior,64,0.0015231264792609047,0.7716524880276366,128,test_prob_384,test_prob_384,6208,2,1.0021470218503425,1,0.11282528601384074,1.0,reference_production_4,ok,5e7e9d9b0e46c28d13a71799ccda6b52c4855a61024370dac3c38fe8cb82e7c3,deep_m0064_r2
3,deep,final_geometry_v15_20260930,4327fe4ece9317f6fd20fad18389a71e9b1f423b,32,0.40005806630270857,0.0037033643836361547,True,0.3986918105228893,5326.263684674432,5301.049618068006,12432.673976676879,81ce3389a72aeb7fe37b8e69aad3c1b302e6f2b175c4c88f664698d06d1f2e28,0,True,,376,65535,full_posterior,64,0.00191351856623251,0.399374938412799,128,test_prob_512,test_prob_512,6208,2,1.0007482639278114,1,0.15033358532019173,1.0,reference_production_4,ok,5e7e9d9b0e46c28d13a71799ccda6b52c4855a61024370dac3c38fe8cb82e7c3,deep_m0064_r2
3,deep,final_geometry_v15_20260930,4327fe4ece9317f6fd20fad18389a71e9b1f423b,32,0.6691964865217248,0.003678357043400905,True,0.6644241636839479,4665.018170038393,4788.5636100543925,9583.625125062312,81ce3389a72aeb7fe37b8e69aad3c1b302e6f2b175c4c88f664698d06d1f2e28,0,True,,280,65535,full_posterior,64,0.0019139532698551778,0.6668103251028362,128,test_prob_640,test_prob_640,6208,2,1.0008423345732775,1,0.14477810404338215,1.0,reference_production_4,ok,5e7e9d9b0e46c28d13a71799ccda6b52c4855a61024370dac3c38fe8cb82e7c3,deep_m0064_r2
3,deep,final_geometry_v15_20260930,4327fe4ece9317f6fd20fad18389a71e9b1f423b,32,0.6837273981322954,0.0034610057786097943,True,0.6861662069650591,4936.493617477085,5141.419994137894,9943.630189890184,81ce3389a72aeb7fe37b8e69aad3c1b302e6f2b175c4c88f664698d06d1f2e28,0,True,,194,65535,full_posterior,64,0.0017823237415572739,0.6849468025486771,128,test_prob_768,test_prob_768,6208,2,1.0003599628864253,1,0.1387471032249395,1.0,reference_production_4,ok,5e7e9d9b0e46c28d13a71799ccda6b52c4855a61024370dac3c38fe8cb82e7c3,deep_m0064_r2
3,deep,final_geometry_v15_20260930,4327fe4ece9317f6fd20fad18389a71e9b1f423b,32,0.466439852451187,0.003971489121946093,True,0.4539520313786107,5474.410924644371,5520.821992400041,11357.482426057486,81ce3389a72aeb7fe37b8e69aad3c1b302e6f2b175c4c88f664698d06d1f2e28,0,True,,168,65535,full_posterior,64,0.0020253500242465527,0.460195941914899,128,test_prob_896,test_prob_896,6208,2,1.001708553774252,1,0.15969994906473356,1.0,reference_production_4,ok,5e7e9d9b0e46c28d13a71799ccda6b52c4855a61024370dac3c38fe8cb82e7c3,deep_m0064_r2
3,deep,final_geometry_v15_20260930,4327fe4ece9317f6fd20fad18389a71e9b1f423b,32,-0.033703324331931475,0.01930005677068675,True,-0.060806158947305566,3867.554115621345,3738.874174710031,5185.539891546921,81ce3389a72aeb7fe37b8e69aad3c1b302e6f2b175c4c88f664698d06d1f2e28,0,True,,252,65535,full_posterior,64,0.009989845984568481,-0.0472547416396185,128,interaction_0,interaction_0,6208,2,1.0009878251456936,1,0.6721398689789969,1.0,reference_production_4,ok,5e7e9d9b0e46c28d13a71799ccda6b52c4855a61024370dac3c38fe8cb82e7c3,deep_m0064_r2
3,deep,final_geometry_v15_20260930,4327fe4ece9317f6fd20fad18389a71e9b1f423b,32,-0.04136099599514931,0.019266897570276484,True,-0.05374937280801738,4115.286474769051,3921.798416914604,5954.618727109855,81ce3389a72aeb7fe37b8e69aad3c1b302e6f2b175c4c88f664698d06d1f2e28,0,True,,176,65535,full_posterior,64,0.009977578357834898,-0.04755518440158334,128,interaction_1,interaction_1,6208,2,1.0017993085528798,1,0.6702214383193691,1.0,reference_production_4,ok,5e7e9d9b0e46c28d13a71799ccda6b52c4855a61024370dac3c38fe8cb82e7c3,deep_m0064_r2
3,deep,final_geometry_v15_20260930,4327fe4ece9317f6fd20fad18389a71e9b1f423b,32,-0.02621639595825085,0.019102819626836826,True,-0.02990617860949455,3937.281568103518,3753.6273520651043,5816.48240323589,81ce3389a72aeb7fe37b8e69aad3c1b302e6f2b175c4c88f664698d06d1f2e28,0,True,,276,65535,full_posterior,64,0.009720318969501329,-0.0280612872838727,128,interaction_2,interaction_2,6208,2,1.0015243623472554,1,0.6613184432329167,1.0,reference_production_4,ok,5e7e9d9b0e46c28d13a71799ccda6b52c4855a61024370dac3c38fe8cb82e7c3,deep_m0064_r2
3,deep,final_geometry_v15_20260930,4327fe4ece9317f6fd20fad18389a71e9b1f423b,32,-0.05564887335829614,0.019267612584946466,True,-0.04963833956309835,3895.118328169327,3727.8246579412034,5412.987365125335,81ce3389a72aeb7fe37b8e69aad3c1b302e6f2b175c4c88f664698d06d1f2e28,0,True,,288,65535,full_posterior,64,0.01006661204693134,-0.05264360646069725,128,interaction_3,interaction_3,6208,2,1.0009480265762671,1,0.6719389399446009,1.0,reference_production_4,ok,5e7e9d9b0e46c28d13a71799ccda6b52c4855a61024370dac3c38fe8cb82e7c3,deep_m0064_r2
3,deep,final_geometry_v15_20260930,4327fe4ece9317f6fd20fad18389a71e9b1f423b,32,0.06986839278327665,0.03890934877716959,True,0.14474748794858291,1540.4154426049106,1554.0523070935872,4104.120175040916,81ce3389a72aeb7fe37b8e69aad3c1b302e6f2b175c4c88f664698d06d1f2e28,0,True,,1330,65535,full_posterior,64,0.021048846897732947,0.10730794036592976,128,q_A,q_A,6208,2,1.0037521007048567,1,1.046647109915154,1.0,reference_production_4,ok,5e7e9d9b0e46c28d13a71799ccda6b52c4855a61024370dac3c38fe8cb82e7c3,deep_m0064_r2
3,deep,final_geometry_v15_20260930,4327fe4ece9317f6fd20fad18389a71e9b1f423b,32,0.09181341255225386,0.03454671899765887,True,0.040117374022427627,2296.7405241815727,2300.8852909338093,4739.31545684405,81ce3389a72aeb7fe37b8e69aad3c1b302e6f2b175c4c88f664698d06d1f2e28,0,True,,246,65535,full_posterior,64,0.01811795958297277,0.06596539328734075,128,q_W,q_W,6208,2,1.00133543590537,1,0.9899534995134387,1.0,reference_production_4,ok,5e7e9d9b0e46c28d13a71799ccda6b52c4855a61024370dac3c38fe8cb82e7c3,deep_m0064_r2
3,deep,final_geometry_v15_20260930,4327fe4ece9317f6fd20fad18389a71e9b1f423b,32,1.112927379942877,0.005492180364327717,True,1.1150974257266038,3665.636407248,3597.21995423924,6552.009453106716,81ce3389a72aeb7fe37b8e69aad3c1b302e6f2b175c4c88f664698d06d1f2e28,0,True,,218,65535,full_posterior,64,0.0028669571743796967,1.1140124028347405,128,disp_A,disp_A,6208,2,1.0007709214754976,1,0.18518342809223096,1.0,reference_production_4,ok,5e7e9d9b0e46c28d13a71799ccda6b52c4855a61024370dac3c38fe8cb82e7c3,deep_m0064_r2
3,deep,final_geometry_v15_20260930,4327fe4ece9317f6fd20fad18389a71e9b1f423b,32,1.0002369338779695,0.0008497323289483654,True,1.001231430844679,4291.819156842952,4275.8760417357735,8230.704317089661,81ce3389a72aeb7fe37b8e69aad3c1b302e6f2b175c4c88f664698d06d1f2e28,0,True,,256,65535,full_posterior,64,0.00044321246628862014,1.0007341823613243,128,disp_W1,disp_W1,6208,2,1.0005835880679592,1,0.030789394341886534,1.0,reference_production_4,ok,5e7e9d9b0e46c28d13a71799ccda6b52c4855a61024370dac3c38fe8cb82e7c3,deep_m0064_r2
3,deep,final_geometry_v15_20260930,4327fe4ece9317f6fd20fad18389a71e9b1f423b,32,1.0008441846624345,0.0006088716850090792,True,1.0005853736585073,4425.300894125268,4422.97411310108,9018.428075692864,81ce3389a72aeb7fe37b8e69aad3c1b302e6f2b175c4c88f664698d06d1f2e28,0,True,,220,65535,full_posterior,64,0.0003112627285328634,1.0007147791604711,128,disp_W2,disp_W2,6208,2,1.0008712369237371,1,0.02223184415630258,1.0,reference_production_4,ok,5e7e9d9b0e46c28d13a71799ccda6b52c4855a61024370dac3c38fe8cb82e7c3,deep_m0064_r2
3,deep,final_geometry_v15_20260930,4327fe4ece9317f6fd20fad18389a71e9b1f423b,32,0.7779687808844656,0.00047050160754833636,True,0.7774986540639411,7721.550594851554,7714.043955260694,11491.870444720505,81ce3389a72aeb7fe37b8e69aad3c1b302e6f2b175c4c88f664698d06d1f2e28,0,True,,10,65535,full_posterior,64,0.00022299988443988495,0.7777337174742034,128,S,S_archive,6208,2,1.0006901932743666,16,0.01998798179045166,1.0,reference_production_4,ok,5e7e9d9b0e46c28d13a71799ccda6b52c4855a61024370dac3c38fe8cb82e7c3,deep_m0064_r2
3,deep,final_geometry_v15_20260930,4327fe4ece9317f6fd20fad18389a71e9b1f423b,32,75.25712597214883,0.11757783459679384,True,75.16612630801696,2948.010623208989,2967.4607604991584,5566.415208463402,9fc7ed57572797b78206060d4de3474940dc38fe7e09b756af148a0fd1e1b894,0,True,,312,65535,full_posterior,128,0.06191397004669073,75.2116261400829,128,V,V,20608,0,1.0012690364547558,1,3.708015215452276,1.0,reference_production_4,ok,a3fbfe3694a6d3a7a8f724b8f6e362367e3afc7860a1c5f1481a53f3e86fcfbf,deep_m0128_r0
3,deep,final_geometry_v15_20260930,4327fe4ece9317f6fd20fad18389a71e9b1f423b,32,10383.121852197275,2.567529568808267,True,10381.574577245663,5361.747903073749,5360.562509259175,11052.362549133279,9fc7ed57572797b78206060d4de3474940dc38fe7e09b756af148a0fd1e1b894,0,True,,146,65535,full_posterior,128,1.3020281061505683,10382.348214721469,128,U,U,20608,0,1.0011056319223468,1,99.92371398868096,1.0,reference_production_4,ok,a3fbfe3694a6d3a7a8f724b8f6e362367e3afc7860a1c5f1481a53f3e86fcfbf,deep_m0128_r0
3,deep,final_geometry_v15_20260930,4327fe4ece9317f6fd20fad18389a71e9b1f423b,32,0.841249380854639,0.009756452412320699,True,0.8441089638688308,7304.149692234963,7300.932251618185,15001.39806777608,9fc7ed57572797b78206060d4de3474940dc38fe7e09b756af148a0fd1e1b894,0,True,,116,65535,full_posterior,128,0.004974884043887479,0.8426791723617348,128,train_logit_0,train_logit_0,20608,0,1.0004862618639545,1,0.44627247537131426,1.0,reference_production_4,ok,a3fbfe3694a6d3a7a8f724b8f6e362367e3afc7860a1c5f1481a53f3e86fcfbf,deep_m0128_r0
3,deep,final_geometry_v15_20260930,4327fe4ece9317f6fd20fad18389a71e9b1f423b,32,-0.05938176040070248,0.009531088533169653,True,-0.07400540413375899,7770.22092360502,7769.433471748111,16750.08035520179,9fc7ed57572797b78206060d4de3474940dc38fe7e09b756af148a0fd1e1b894,0,True,,162,65535,full_posterior,128,0.004748798166258979,-0.06669358226723072,128,train_logit_16,train_logit_16,20608,0,1.0004539668603727,1,0.4470405583662463,1.0,reference_production_4,ok,a3fbfe3694a6d3a7a8f724b8f6e362367e3afc7860a1c5f1481a53f3e86fcfbf,deep_m0128_r0
3,deep,final_geometry_v15_20260930,4327fe4ece9317f6fd20fad18389a71e9b1f423b,32,0.43295844599603045,0.009673147244804175,True,0.43883314653753447,7537.729211649886,7529.318480359913,15567.237991339778,9fc7ed57572797b78206060d4de3474940dc38fe7e09b756af148a0fd1e1b894,0,True,,182,65535,full_posterior,128,0.005058673270161089,0.4358957962667825,128,train_logit_32,train_logit_32,20608,0,1.0006404401056928,1,0.4559483929606787,1.0,reference_production_4,ok,a3fbfe3694a6d3a7a8f724b8f6e362367e3afc7860a1c5f1481a53f3e86fcfbf,deep_m0128_r0
3,deep,final_geometry_v15_20260930,4327fe4ece9317f6fd20fad18389a71e9b1f423b,32,0.3532170781502342,0.010054457233600147,True,0.3451399534947057,7334.149839537119,7314.899538374549,15241.218659094857,9fc7ed57572797b78206060d4de3474940dc38fe7e09b756af148a0fd1e1b894,0,True,,166,65535,full_posterior,128,0.005094804412051921,0.34917851582246984,128,train_logit_48,train_logit_48,20608,0,1.000384924157151,1,0.4576491321684045,1.0,reference_production_4,ok,a3fbfe3694a6d3a7a8f724b8f6e362367e3afc7860a1c5f1481a53f3e86fcfbf,deep_m0128_r0
3,deep,final_geometry_v15_20260930,4327fe4ece9317f6fd20fad18389a71e9b1f423b,32,0.5958175387851475,0.009317249041050269,True,0.5912835675174574,7708.2218136348565,7706.626924992627,16080.920448635316,9fc7ed57572797b78206060d4de3474940dc38fe7e09b756af148a0fd1e1b894,0,True,,134,65535,full_posterior,128,0.0049148395073853116,0.5935505531513025,128,train_logit_64,train_logit_64,20608,0,1.0003986529418907,1,0.44393655900954354,1.0,reference_production_4,ok,a3fbfe3694a6d3a7a8f724b8f6e362367e3afc7860a1c5f1481a53f3e86fcfbf,deep_m0128_r0
3,deep,final_geometry_v15_20260930,4327fe4ece9317f6fd20fad18389a71e9b1f423b,32,-0.7354413901190869,0.010099558729022793,True,-0.7360003839159514,6661.8628894347385,6652.203532430014,13421.884636843723,9fc7ed57572797b78206060d4de3474940dc38fe7e09b756af148a0fd1e1b894,0,True,,452,65535,full_posterior,128,0.005261102018842639,-0.735720887017519,128,train_logit_80,train_logit_80,20608,0,1.0004391439597515,1,0.4533985791729746,1.0,reference_production_4,ok,a3fbfe3694a6d3a7a8f724b8f6e362367e3afc7860a1c5f1481a53f3e86fcfbf,deep_m0128_r0
3,deep,final_geometry_v15_20260930,4327fe4ece9317f6fd20fad18389a71e9b1f423b,32,0.540453648734963,0.010046029942316317,True,0.5529345370286942,7054.204591171566,7036.79338544943,14632.332123340073,9fc7ed57572797b78206060d4de3474940dc38fe7e09b756af148a0fd1e1b894,0,True,,210,65535,full_posterior,128,0.005201243959327681,0.5466940928818288,128,train_logit_96,train_logit_96,20608,0,1.0005791383146652,1,0.45701317722489493,1.0,reference_production_4,ok,a3fbfe3694a6d3a7a8f724b8f6e362367e3afc7860a1c5f1481a53f3e86fcfbf,deep_m0128_r0
3,deep,final_geometry_v15_20260930,4327fe4ece9317f6fd20fad18389a71e9b1f423b,32,0.28539052099156414,0.009110597664783796,True,0.27637986139963605,8198.884872536464,8188.099250727312,15559.351337826496,9fc7ed57572797b78206060d4de3474940dc38fe7e09b756af148a0fd1e1b894,0,True,,116,65535,full_posterior,128,0.004686377129167989,0.2808851911956001,128,train_logit_112,train_logit_112,20608,0,1.0003016420744164,1,0.4438169812867124,1.0,reference_production_4,ok,a3fbfe3694a6d3a7a8f724b8f6e362367e3afc7860a1c5f1481a53f3e86fcfbf,deep_m0128_r0
3,deep,final_geometry_v15_20260930,4327fe4ece9317f6fd20fad18389a71e9b1f423b,32,0.48719355954906596,0.00340647561106003,True,0.4895190917977188,7113.465316884718,7122.532197557891,15408.687925949553,9fc7ed57572797b78206060d4de3474940dc38fe7e09b756af148a0fd1e1b894,0,True,,130,65535,full_posterior,128,0.001755049880691882,0.4883563256733925,128,test_prob_0,test_prob_0,20608,0,1.0008325127290378,1,0.15394259109463054,1.0,reference_production_4,ok,a3fbfe3694a6d3a7a8f724b8f6e362367e3afc7860a1c5f1481a53f3e86fcfbf,deep_m0128_r0
3,deep,final_geometry_v15_20260930,4327fe4ece9317f6fd20fad18389a71e9b1f423b,32,0.630208383761015,0.0033592971188604786,True,0.6300246382611031,6363.579681078429,6483.592264046579,13017.64396979641,9fc7ed57572797b78206060d4de3474940dc38fe7e09b756af148a0fd1e1b894,0,True,,174,65535,full_posterior,128,0.0017257300204048427,0.6301165110110588,128,test_prob_128,test_prob_128,20608,0,1.0003096010103487,1,0.14554630428267534,1.0,reference_production_4,ok,a3fbfe3694a6d3a7a8f724b8f6e362367e3afc7860a1c5f1481a53f3e86fcfbf,deep_m0128_r0
3,deep,final_geometry_v15_20260930,4327fe4ece9317f6fd20fad18389a71e9b1f423b,32,0.6294038056333742,0.0031578035523558735,True,0.6316754644535032,6828.673641581809,6900.600871725835,14248.668761110735,9fc7ed57572797b78206060d4de3474940dc38fe7e09b756af148a0fd1e1b894,0,True,,142,65535,full_posterior,128,0.001633572975482259,0.6305396350434388,128,test_prob_256,test_prob_256,20608,0,1.0002415895708043,1,0.14129260656374162,1.0,reference_production_4,ok,a3fbfe3694a6d3a7a8f724b8f6e362367e3afc7860a1c5f1481a53f3e86fcfbf,deep_m0128_r0
3,deep,final_geometry_v15_20260930,4327fe4ece9317f6fd20fad18389a71e9b1f423b,32,0.32510329277092453,0.003063604262624257,True,0.32792690999387725,6365.886337485231,6616.7456878228,12960.680287280784,9fc7ed57572797b78206060d4de3474940dc38fe7e09b756af148a0fd1e1b894,0,True,,208,65535,full_posterior,128,0.0015757919884938586,0.3265151013824009,128,test_prob_384,test_prob_384,20608,0,1.000499805680021,1,0.13524750050161374,1.0,reference_production_4,ok,a3fbfe3694a6d3a7a8f724b8f6e362367e3afc7860a1c5f1481a53f3e86fcfbf,deep_m0128_r0
3,deep,final_geometry_v15_20260930,4327fe4ece9317f6fd20fad18389a71e9b1f423b,32,0.6118299013403311,0.003326662746899365,True,0.6097823560398733,6323.643885849441,6404.034640977601,14154.142923669235,9fc7ed57572797b78206060d4de3474940dc38fe7e09b756af148a0fd1e1b894,0,True,,186,65535,full_posterior,128,0.0016775140437290184,0.6108061286901022,128,test_prob_512,test_prob_512,20608,0,1.0006938518706538,1,0.1457231912235727,1.0,reference_production_4,ok,a3fbfe3694a6d3a7a8f724b8f6e362367e3afc7860a1c5f1481a53f3e86fcfbf,deep_m0128_r0
3,deep,final_geometry_v15_20260930,4327fe4ece9317f6fd20fad18389a71e9b1f423b,32,0.4126295499754394,0.0032461412881364666,True,0.4069614787159817,6978.705782794014,7064.352545368535,15262.916501066087,9fc7ed57572797b78206060d4de3474940dc38fe7e09b756af148a0fd1e1b894,0,True,,152,65535,full_posterior,128,0.0016529340530189339,0.40979551434571054,128,test_prob_640,test_prob_640,20608,0,1.0005732141055164,1,0.1465455842478692,1.0,reference_production_4,ok,a3fbfe3694a6d3a7a8f724b8f6e362367e3afc7860a1c5f1481a53f3e86fcfbf,deep_m0128_r0
3,deep,final_geometry_v15_20260930,4327fe4ece9317f6fd20fad18389a71e9b1f423b,32,0.5190033473183405,0.0034809725503391,True,0.5148919889764503,6803.399908760273,6786.916339481535,15676.162707347055,9fc7ed57572797b78206060d4de3474940dc38fe7e09b756af148a0fd1e1b894,0,True,,166,65535,full_posterior,128,0.0017710699369700089,0.5169476681473953,128,test_prob_768,test_prob_768,20608,0,1.0005172557504365,1,0.15347851179722252,1.0,reference_production_4,ok,a3fbfe3694a6d3a7a8f724b8f6e362367e3afc7860a1c5f1481a53f3e86fcfbf,deep_m0128_r0
3,deep,final_geometry_v15_20260930,4327fe4ece9317f6fd20fad18389a71e9b1f423b,32,0.49710823006204813,0.0034016676946345224,True,0.4994863241764093,6960.53640714051,6961.646025791413,15167.777991148892,9fc7ed57572797b78206060d4de3474940dc38fe7e09b756af148a0fd1e1b894,0,True,,270,65535,full_posterior,128,0.0017162178776345073,0.49829727711922867,128,test_prob_896,test_prob_896,20608,0,1.0002159312646481,1,0.15368768748008255,1.0,reference_production_4,ok,a3fbfe3694a6d3a7a8f724b8f6e362367e3afc7860a1c5f1481a53f3e86fcfbf,deep_m0128_r0
3,deep,final_geometry_v15_20260930,4327fe4ece9317f6fd20fad18389a71e9b1f423b,32,0.020081079912360758,0.017142959181107167,True,-0.014843923577179228,4917.398688620808,4557.758755509389,6075.872782983676,9fc7ed57572797b78206060d4de3474940dc38fe7e09b756af148a0fd1e1b894,0,True,,240,65535,full_posterior,128,0.008756262646092203,0.0026185781675907667,128,interaction_0,interaction_0,20608,0,1.0013695708357444,1,0.6399329682921877,1.0,reference_production_4,ok,a3fbfe3694a6d3a7a8f724b8f6e362367e3afc7860a1c5f1481a53f3e86fcfbf,deep_m0128_r0
3,deep,final_geometry_v15_20260930,4327fe4ece9317f6fd20fad18389a71e9b1f423b,32,-0.006905607180233861,0.016643675676615774,True,0.011986992507910308,5133.286371411008,4979.71430944451,8196.465168067685,9fc7ed57572797b78206060d4de3474940dc38fe7e09b756af148a0fd1e1b894,0,True,,116,65535,full_posterior,128,0.008233900356188872,0.0025406926638382238,128,interaction_1,interaction_1,20608,0,1.0003602337410342,1,0.6320633861289233,1.0,reference_production_4,ok,a3fbfe3694a6d3a7a8f724b8f6e362367e3afc7860a1c5f1481a53f3e86fcfbf,deep_m0128_r0
3,deep,final_geometry_v15_20260930,4327fe4ece9317f6fd20fad18389a71e9b1f423b,32,-0.009595234144240832,0.01692243390257444,True,0.005294612958827351,5026.36838053658,4830.253924693149,7260.28559489232,9fc7ed57572797b78206060d4de3474940dc38fe7e09b756af148a0fd1e1b894,0,True,,170,65535,full_posterior,128,0.008615849070505907,-0.0021503105927067417,128,interaction_2,interaction_2,20608,0,1.00035384192843,1,0.6335648381010439,1.0,reference_production_4,ok,a3fbfe3694a6d3a7a8f724b8f6e362367e3afc7860a1c5f1481a53f3e86fcfbf,deep_m0128_r0
3,deep,final_geometry_v15_20260930,4327fe4ece9317f6fd20fad18389a71e9b1f423b,32,-0.02113725365396233,0.016855171433163552,True,-0.004118597150954792,4982.1601724925695,4862.391682761182,7397.215602945893,9fc7ed57572797b78206060d4de3474940dc38fe7e09b756af148a0fd1e1b894,0,True,,156,65535,full_posterior,128,0.008533022389164003,-0.012627925402458558,128,interaction_3,interaction_3,20608,0,1.0008028405369824,1,0.6409801581711866,1.0,reference_production_4,ok,a3fbfe3694a6d3a7a8f724b8f6e362367e3afc7860a1c5f1481a53f3e86fcfbf,deep_m0128_r0
3,deep,final_geometry_v15_20260930,4327fe4ece9317f6fd20fad18389a71e9b1f423b,32,0.06021791336368525,0.036063270932177385,True,0.0880950357554543,2128.3074711147024,2134.606633324404,4220.263404308102,9fc7ed57572797b78206060d4de3474940dc38fe7e09b756af148a0fd1e1b894,0,True,,722,65535,full_posterior,128,0.019129214013148047,0.07415647455956975,128,q_A,q_A,20608,0,1.0042504723672105,1,1.0428169510326173,1.0,reference_production_4,ok,a3fbfe3694a6d3a7a8f724b8f6e362367e3afc7860a1c5f1481a53f3e86fcfbf,deep_m0128_r0
3,deep,final_geometry_v15_20260930,4327fe4ece9317f6fd20fad18389a71e9b1f423b,32,0.013275105721533375,0.033094095046055455,True,-0.009243334723864152,2799.637101659145,2786.4716383624263,5267.8635336530815,9fc7ed57572797b78206060d4de3474940dc38fe7e09b756af148a0fd1e1b894,0,True,,206,65535,full_posterior,128,0.017132947302317347,0.0020158854988346145,128,q_W,q_W,20608,0,1.0027140473476464,1,1.0068433913211672,1.0,reference_production_4,ok,a3fbfe3694a6d3a7a8f724b8f6e362367e3afc7860a1c5f1481a53f3e86fcfbf,deep_m0128_r0
3,deep,final_geometry_v15_20260930,4327fe4ece9317f6fd20fad18389a71e9b1f423b,32,1.0340696132172706,0.00344437330783655,True,1.0372598292901998,4704.743227848285,4622.843423114174,7860.079055930214,9fc7ed57572797b78206060d4de3474940dc38fe7e09b756af148a0fd1e1b894,0,True,,160,65535,full_posterior,128,0.0017613251619395139,1.035664721253735,128,disp_A,disp_A,20608,0,1.0002318271918615,1,0.12891374926488028,1.0,reference_production_4,ok,a3fbfe3694a6d3a7a8f724b8f6e362367e3afc7860a1c5f1481a53f3e86fcfbf,deep_m0128_r0
3,deep,final_geometry_v15_20260930,4327fe4ece9317f6fd20fad18389a71e9b1f423b,32,1.0005111381253367,0.0005757830407564936,True,1.0002230932533747,4989.482768110068,4983.841853671284,10608.271073743696,9fc7ed57572797b78206060d4de3474940dc38fe7e09b756af148a0fd1e1b894,0,True,,134,65535,full_posterior,128,0.00030082433709981897,1.0003671156893554,128,disp_W1,disp_W1,20608,0,1.0002946070430483,1,0.02202106335735959,1.0,reference_production_4,ok,a3fbfe3694a6d3a7a8f724b8f6e362367e3afc7860a1c5f1481a53f3e86fcfbf,deep_m0128_r0
3,deep,final_geometry_v15_20260930,4327fe4ece9317f6fd20fad18389a71e9b1f423b,32,1.000077814953434,0.0002847143598458462,True,0.9999471346289259,5124.522135703569,5143.065287723309,10909.735086567134,9fc7ed57572797b78206060d4de3474940dc38fe7e09b756af148a0fd1e1b894,0,True,,290,65535,full_posterior,128,0.00014490543390216541,1.00001247479118,128,disp_W2,disp_W2,20608,0,1.0010969970309762,1,0.010980616308511573,1.0,reference_production_4,ok,a3fbfe3694a6d3a7a8f724b8f6e362367e3afc7860a1c5f1481a53f3e86fcfbf,deep_m0128_r0
3,deep,final_geometry_v15_20260930,4327fe4ece9317f6fd20fad18389a71e9b1f423b,32,0.7865054259559603,0.00025094301170828414,True,0.7864335138107068,9447.532647660877,9398.884780966458,12989.571877090295,9fc7ed57572797b78206060d4de3474940dc38fe7e09b756af148a0fd1e1b894,0,True,,8,65535,full_posterior,128,0.0001227627753346968,0.7864694698833335,128,S,S_archive,20608,0,1.0001593156814634,16,0.012571971845997969,1.0,reference_production_4,ok,a3fbfe3694a6d3a7a8f724b8f6e362367e3afc7860a1c5f1481a53f3e86fcfbf,deep_m0128_r0
3,deep,final_geometry_v15_20260930,4327fe4ece9317f6fd20fad18389a71e9b1f423b,32,63.03743709697897,0.1651823685185573,True,63.28037666921692,1723.9532496806842,1733.2034056128127,3899.0852159172646,cc56a095badc669837928b678dae19300f59334f1f406e8e5538c829aa2842bb,0,True,,466,65535,full_posterior,128,0.08909511103034365,63.15890688309795,128,V,V,20608,1,1.001702698344711,1,4.4698155303715135,1.0,reference_production_4,ok,12140e25162df7ed81599a111742b07052ef21dac4d3086bb8a4c937317db44a,deep_m0128_r1
3,deep,final_geometry_v15_20260930,4327fe4ece9317f6fd20fad18389a71e9b1f423b,32,10376.317082672567,3.0483372424825217,True,10377.442146602456,3486.322029946312,3482.50410043852,7678.484056774083,cc56a095badc669837928b678dae19300f59334f1f406e8e5538c829aa2842bb,0,True,,234,65535,full_posterior,128,1.572907127242736,10376.879614637513,128,U,U,20608,1,1.000874913068575,1,101.76387527842901,1.0,reference_production_4,ok,12140e25162df7ed81599a111742b07052ef21dac4d3086bb8a4c937317db44a,deep_m0128_r1
3,deep,final_geometry_v15_20260930,4327fe4ece9317f6fd20fad18389a71e9b1f423b,32,0.25774500775927256,0.01260103249881389,True,0.2546650567268437,4498.381159331762,4508.323727762862,11497.601329428802,cc56a095badc669837928b678dae19300f59334f1f406e8e5538c829aa2842bb,0,True,,308,65535,full_posterior,128,0.006541522083405428,0.25620503224305813,128,train_logit_0,train_logit_0,20608,1,1.0003030340886894,1,0.48219863809559355,1.0,reference_production_4,ok,12140e25162df7ed81599a111742b07052ef21dac4d3086bb8a4c937317db44a,deep_m0128_r1
3,deep,final_geometry_v15_20260930,4327fe4ece9317f6fd20fad18389a71e9b1f423b,32,0.5751427809921731,0.011413571209952364,True,0.560120894899038,4918.109128636805,4921.074097002387,11932.018725495516,cc56a095badc669837928b678dae19300f59334f1f406e8e5538c829aa2842bb,0,True,,570,65535,full_posterior,128,0.005903270284712945,0.5676318379456056,128,train_logit_16,train_logit_16,20608,1,1.000592332979083,1,0.4631488493786761,1.0,reference_production_4,ok,12140e25162df7ed81599a111742b07052ef21dac4d3086bb8a4c937317db44a,deep_m0128_r1
3,deep,final_geometry_v15_20260930,4327fe4ece9317f6fd20fad18389a71e9b1f423b,32,-0.10271141494446538,0.011748618451199063,True,-0.10365150099935272,4885.706524224146,4867.554238620619,11125.98643092345,cc56a095badc669837928b678dae19300f59334f1f406e8e5538c829aa2842bb,0,True,,360,65535,full_posterior,128,0.006099532052038032,-0.10318145797190909,128,train_logit_32,train_logit_32,20608,1,1.0004241500004518,1,0.47179694763085045,1.0,reference_production_4,ok,12140e25162df7ed81599a111742b07052ef21dac4d3086bb8a4c937317db44a,deep_m0128_r1
3,deep,final_geometry_v15_20260930,4327fe4ece9317f6fd20fad18389a71e9b1f423b,32,-0.8408463821887867,0.012432672353221338,True,-0.8500472658225826,4115.467263624797,4092.1013915969966,9856.798331257802,cc56a095badc669837928b678dae19300f59334f1f406e8e5538c829aa2842bb,0,True,,388,65535,full_posterior,128,0.006611577601307855,-0.8454468240056847,128,train_logit_48,train_logit_48,20608,1,1.0012821970026828,1,0.4735969569496005,1.0,reference_production_4,ok,12140e25162df7ed81599a111742b07052ef21dac4d3086bb8a4c937317db44a,deep_m0128_r1
3,deep,final_geometry_v15_20260930,4327fe4ece9317f6fd20fad18389a71e9b1f423b,32,0.6684686207358705,0.012203169020955702,True,0.6794287646161417,5137.35135721318,5121.802235841332,10908.94141188789,cc56a095badc669837928b678dae19300f59334f1f406e8e5538c829aa2842bb,0,True,,218,65535,full_posterior,128,0.006146033638992734,0.6739486926760061,128,train_logit_64,train_logit_64,20608,1,1.0004927107097257,1,0.4714995330457347,1.0,reference_production_4,ok,12140e25162df7ed81599a111742b07052ef21dac4d3086bb8a4c937317db44a,deep_m0128_r1
3,deep,final_geometry_v15_20260930,4327fe4ece9317f6fd20fad18389a71e9b1f423b,32,0.7444964603970913,0.012177655450092244,True,0.7543398019177037,4586.278632050022,4573.754051993556,10243.146605327142,cc56a095badc669837928b678dae19300f59334f1f406e8e5538c829aa2842bb,0,True,,254,65535,full_posterior,128,0.006280969707542249,0.7494181311573974,128,train_logit_80,train_logit_80,20608,1,1.0002921496461803,1,0.4695931104413841,1.0,reference_production_4,ok,12140e25162df7ed81599a111742b07052ef21dac4d3086bb8a4c937317db44a,deep_m0128_r1
3,deep,final_geometry_v15_20260930,4327fe4ece9317f6fd20fad18389a71e9b1f423b,32,0.05876376548374079,0.012039153800381099,True,0.0815755333785304,5414.018278600547,5422.506020252929,10973.556823746187,cc56a095badc669837928b678dae19300f59334f1f406e8e5538c829aa2842bb,0,True,,144,65535,full_posterior,128,0.006184394062236736,0.0701696494311356,128,train_logit_96,train_logit_96,20608,1,1.000712179774309,1,0.482695972082793,1.0,reference_production_4,ok,12140e25162df7ed81599a111742b07052ef21dac4d3086bb8a4c937317db44a,deep_m0128_r1
3,deep,final_geometry_v15_20260930,4327fe4ece9317f6fd20fad18389a71e9b1f423b,32,-0.3279388829255755,0.011672632777283398,True,-0.316895013161635,5143.198423908992,5165.211882810685,10803.33629467337,cc56a095badc669837928b678dae19300f59334f1f406e8e5538c829aa2842bb,0,True,,310,65535,full_posterior,128,0.0060352636298913,-0.32241694804360527,128,train_logit_112,train_logit_112,20608,1,1.0002156157702815,1,0.467441176340676,1.0,reference_production_4,ok,12140e25162df7ed81599a111742b07052ef21dac4d3086bb8a4c937317db44a,deep_m0128_r1
3,deep,final_geometry_v15_20260930,4327fe4ece9317f6fd20fad18389a71e9b1f423b,32,0.5102026070045509,0.003998208324249842,True,0.5077780007858917,4970.570714060036,4970.287786819699,11295.920910090963,cc56a095badc669837928b678dae19300f59334f1f406e8e5538c829aa2842bb,0,True,,188,65535,full_posterior,128,0.0020706625655546435,0.5089903038952213,128,test_prob_0,test_prob_0,20608,1,1.0003960397755978,1,0.1565743996202525,1.0,reference_production_4,ok,12140e25162df7ed81599a111742b07052ef21dac4d3086bb8a4c937317db44a,deep_m0128_r1
3,deep,final_geometry_v15_20260930,4327fe4ece9317f6fd20fad18389a71e9b1f423b,32,0.3831176106545043,0.0038928406542594785,True,0.38627053287210117,4811.479834397359,4869.808001902003,10610.056985220026,cc56a095badc669837928b678dae19300f59334f1f406e8e5538c829aa2842bb,0,True,,242,65535,full_posterior,128,0.002002514304986785,0.3846940717633027,128,test_prob_128,test_prob_128,20608,1,1.000756723489614,1,0.15054555281871346,1.0,reference_production_4,ok,12140e25162df7ed81599a111742b07052ef21dac4d3086bb8a4c937317db44a,deep_m0128_r1
3,deep,final_geometry_v15_20260930,4327fe4ece9317f6fd20fad18389a71e9b1f423b,32,0.46873369213378424,0.004059662936206276,True,0.4692619226300396,5197.241038899769,5239.79446929955,11484.774448176837,cc56a095badc669837928b678dae19300f59334f1f406e8e5538c829aa2842bb,0,True,,144,65535,full_posterior,128,0.0020520859824722138,0.46899780738191194,128,test_prob_256,test_prob_256,20608,1,1.0004467245656488,1,0.15637654881106175,1.0,reference_production_4,ok,12140e25162df7ed81599a111742b07052ef21dac4d3086bb8a4c937317db44a,deep_m0128_r1
3,deep,final_geometry_v15_20260930,4327fe4ece9317f6fd20fad18389a71e9b1f423b,32,0.7213820443360736,0.0032747744520458372,True,0.7175968367203589,4503.400078427908,4602.782210828687,10525.318443048986,cc56a095badc669837928b678dae19300f59334f1f406e8e5538c829aa2842bb,0,True,,218,65535,full_posterior,128,0.0016948931827755018,0.7194894405282161,128,test_prob_384,test_prob_384,20608,1,1.0002742115235341,1,0.1263917949633198,1.0,reference_production_4,ok,12140e25162df7ed81599a111742b07052ef21dac4d3086bb8a4c937317db44a,deep_m0128_r1
3,deep,final_geometry_v15_20260930,4327fe4ece9317f6fd20fad18389a71e9b1f423b,32,0.4963245772264516,0.0040485680509762196,True,0.4918263297320864,4805.686785211339,4820.327069669082,10146.970508234002,cc56a095badc669837928b678dae19300f59334f1f406e8e5538c829aa2842bb,0,True,,214,65535,full_posterior,128,0.002111586747061019,0.494075453479269,128,test_prob_512,test_prob_512,20608,1,1.0008327773199552,1,0.15697364011923734,1.0,reference_production_4,ok,12140e25162df7ed81599a111742b07052ef21dac4d3086bb8a4c937317db44a,deep_m0128_r1
3,deep,final_geometry_v15_20260930,4327fe4ece9317f6fd20fad18389a71e9b1f423b,32,0.5752032293825227,0.003949741140860337,True,0.5691925789224004,5042.669105674003,5067.674865962035,11228.742726406412,cc56a095badc669837928b678dae19300f59334f1f406e8e5538c829aa2842bb,0,True,,190,65535,full_posterior,128,0.002031441304447298,0.5721979041524615,128,test_prob_640,test_prob_640,20608,1,1.000562194881631,1,0.15559477158788365,1.0,reference_production_4,ok,12140e25162df7ed81599a111742b07052ef21dac4d3086bb8a4c937317db44a,deep_m0128_r1
3,deep,final_geometry_v15_20260930,4327fe4ece9317f6fd20fad18389a71e9b1f423b,32,0.5118280883381406,0.004032196147446611,True,0.5131374214609857,4722.990393251637,4707.430077847431,10878.276658671226,cc56a095badc669837928b678dae19300f59334f1f406e8e5538c829aa2842bb,0,True,,292,65535,full_posterior,128,0.002117401900913617,0.5124827548995632,128,test_prob_768,test_prob_768,20608,1,1.0011549692338326,1,0.1568460630910904,1.0,reference_production_4,ok,12140e25162df7ed81599a111742b07052ef21dac4d3086bb8a4c937317db44a,deep_m0128_r1
3,deep,final_geometry_v15_20260930,4327fe4ece9317f6fd20fad18389a71e9b1f423b,32,0.49007415732245363,0.004173758282353331,True,0.48623819961318065,4702.717379348146,4669.052782748372,11170.17112247862,cc56a095badc669837928b678dae19300f59334f1f406e8e5538c829aa2842bb,0,True,,258,65535,full_posterior,128,0.0021633329220853586,0.48815617846781734,128,test_prob_896,test_prob_896,20608,1,1.0003566053694197,1,0.15849568314992912,1.0,reference_production_4,ok,12140e25162df7ed81599a111742b07052ef21dac4d3086bb8a4c937317db44a,deep_m0128_r1
3,deep,final_geometry_v15_20260930,4327fe4ece9317f6fd20fad18389a71e9b1f423b,32,0.030089810465433,0.019823982209074983,True,0.02191872163268059,3622.423482334141,3448.1472544009616,5033.924753616694,cc56a095badc669837928b678dae19300f59334f1f406e8e5538c829aa2842bb,0,True,,222,65535,full_posterior,128,0.00999324339560799,0.02600426604905679,128,interaction_0,interaction_0,20608,1,1.002301795784833,1,0.6504064302538591,1.0,reference_production_4,ok,12140e25162df7ed81599a111742b07052ef21dac4d3086bb8a4c937317db44a,deep_m0128_r1
3,deep,final_geometry_v15_20260930,4327fe4ece9317f6fd20fad18389a71e9b1f423b,32,0.038535917726522886,0.019551766086407116,True,0.05307013955461018,3531.021437421047,3412.1462799131255,5306.089148679124,cc56a095badc669837928b678dae19300f59334f1f406e8e5538c829aa2842bb,0,True,,234,65535,full_posterior,128,0.010078470390045875,0.04580302864056652,128,interaction_1,interaction_1,20608,1,1.0015158359284095,1,0.6483529174750939,1.0,reference_production_4,ok,12140e25162df7ed81599a111742b07052ef21dac4d3086bb8a4c937317db44a,deep_m0128_r1
3,deep,final_geometry_v15_20260930,4327fe4ece9317f6fd20fad18389a71e9b1f423b,32,0.04206024840147836,0.019353050898498203,True,0.051655603543873746,3772.247805575595,3609.2404944557356,5278.721454174293,cc56a095badc669837928b678dae19300f59334f1f406e8e5538c829aa2842bb,0,True,,196,65535,full_posterior,128,0.00992371895115086,0.046857925972676046,128,interaction_2,interaction_2,20608,1,1.001002546307259,1,0.6461233694693321,1.0,reference_production_4,ok,12140e25162df7ed81599a111742b07052ef21dac4d3086bb8a4c937317db44a,deep_m0128_r1
3,deep,final_geometry_v15_20260930,4327fe4ece9317f6fd20fad18389a71e9b1f423b,32,0.04034142551564389,0.01985802191784018,True,0.035987169323699636,3323.845812887906,3190.3099325095886,4378.943371297671,cc56a095badc669837928b678dae19300f59334f1f406e8e5538c829aa2842bb,0,True,,266,65535,full_posterior,128,0.010188815583990657,0.03816429741967176,128,interaction_3,interaction_3,20608,1,1.0014329149390018,1,0.6526724696348858,1.0,reference_production_4,ok,12140e25162df7ed81599a111742b07052ef21dac4d3086bb8a4c937317db44a,deep_m0128_r1
3,deep,final_geometry_v15_20260930,4327fe4ece9317f6fd20fad18389a71e9b1f423b,32,0.047197573411306606,0.04033482791117205,True,0.14935485628427367,1530.9772634538817,1526.2545967872204,2989.559811019873,cc56a095badc669837928b678dae19300f59334f1f406e8e5538c829aa2842bb,0,True,,852,65535,full_posterior,128,0.02185023210256965,0.09827621484779016,128,q_A,q_A,20608,1,1.0037999179439567,1,1.0381010850372776,1.0,reference_production_4,ok,12140e25162df7ed81599a111742b07052ef21dac4d3086bb8a4c937317db44a,deep_m0128_r1
3,deep,final_geometry_v15_20260930,4327fe4ece9317f6fd20fad18389a71e9b1f423b,32,-0.023601464222695982,0.03762927927099369,True,-0.09752106592466595,1999.524721291163,1999.2289221474437,4163.4262687737755,cc56a095badc669837928b678dae19300f59334f1f406e8e5538c829aa2842bb,0,True,,242,65535,full_posterior,128,0.020142864417278854,-0.06056126507368096,128,q_W,q_W,20608,1,1.0015301449503933,1,1.0129285608974676,1.0,reference_production_4,ok,12140e25162df7ed81599a111742b07052ef21dac4d3086bb8a4c937317db44a,deep_m0128_r1
3,deep,final_geometry_v15_20260930,4327fe4ece9317f6fd20fad18389a71e9b1f423b,32,1.098233700446229,0.0040535097647575085,True,1.097597313509576,3429.1950346155472,3432.8192068000285,6929.432760709809,cc56a095badc669837928b678dae19300f59334f1f406e8e5538c829aa2842bb,0,True,,258,65535,full_posterior,128,0.002093950768137155,1.0979155069779025,128,disp_A,disp_A,20608,1,1.0013778688959944,1,0.13197488047631217,1.0,reference_production_4,ok,12140e25162df7ed81599a111742b07052ef21dac4d3086bb8a4c937317db44a,deep_m0128_r1
3,deep,final_geometry_v15_20260930,4327fe4ece9317f6fd20fad18389a71e9b1f423b,32,0.9998137957808131,0.0006908319418232916,True,1.0001143934666947,3302.45588402164,3297.404425014991,6567.3639050921565,cc56a095badc669837928b678dae19300f59334f1f406e8e5538c829aa2842bb,0,True,,226,65535,full_posterior,128,0.000356905884654397,0.999964094623754,128,disp_W1,disp_W1,20608,1,1.0009951838546547,1,0.022359080050050918,1.0,reference_production_4,ok,12140e25162df7ed81599a111742b07052ef21dac4d3086bb8a4c937317db44a,deep_m0128_r1
3,deep,final_geometry_v15_20260930,4327fe4ece9317f6fd20fad18389a71e9b1f423b,32,1.0004118695053619,0.00032669000023057633,True,1.0004493730528365,3527.0895046426454,3517.581089580592,7364.152924066695,cc56a095badc669837928b678dae19300f59334f1f406e8e5538c829aa2842bb,0,True,,316,65535,full_posterior,128,0.00016991255771067875,1.0004306212790992,128,disp_W2,disp_W2,20608,1,1.000974990278628,1,0.011031569019234352,1.0,reference_production_4,ok,12140e25162df7ed81599a111742b07052ef21dac4d3086bb8a4c937317db44a,deep_m0128_r1
3,deep,final_geometry_v15_20260930,4327fe4ece9317f6fd20fad18389a71e9b1f423b,32,0.7866436232165779,0.000285286957278222,True,0.7865725317562208,7460.0554827810665,7451.805919741574,11792.794710464364,cc56a095badc669837928b678dae19300f59334f1f406e8e5538c829aa2842bb,0,True,,8,65535,full_posterior,128,0.00014567158217920995,0.7866080774863993,128,S,S_archive,20608,1,1.000238288152455,16,0.012540008387145554,1.0,reference_production_4,ok,12140e25162df7ed81599a111742b07052ef21dac4d3086bb8a4c937317db44a,deep_m0128_r1
3,deep,final_geometry_v15_20260930,4327fe4ece9317f6fd20fad18389a71e9b1f423b,32,70.22314133407454,0.13365820605526707,True,70.08216763107113,2475.249743726484,2490.3424717449143,4577.430700033654,64f6d94f9a6865f1e66b96de75fa5b508ab7112582bac06e89b66c72b3056b79,0,True,,272,65535,full_posterior,128,0.07005419965043437,70.15265448257284,128,V,V,20608,2,1.0005894058060583,1,3.979342053924824,1.0,reference_production_4,ok,ab9e24560eea0ddc4fd775ee6d516b1daa269452cd648f2739f422995dd944b3,deep_m0128_r2
3,deep,final_geometry_v15_20260930,4327fe4ece9317f6fd20fad18389a71e9b1f423b,32,10382.504955115442,2.7447531747699516,True,10381.262249578269,4382.754177161417,4351.6988671691215,9278.396415815056,64f6d94f9a6865f1e66b96de75fa5b508ab7112582bac06e89b66c72b3056b79,0,True,,204,65535,full_posterior,128,1.4097952216229355,10381.883602346852,128,U,U,20608,2,1.0010724277253618,1,99.55032584098369,1.0,reference_production_4,ok,ab9e24560eea0ddc4fd775ee6d516b1daa269452cd648f2739f422995dd944b3,deep_m0128_r2
3,deep,final_geometry_v15_20260930,4327fe4ece9317f6fd20fad18389a71e9b1f423b,32,-0.2628956617973647,0.011152039049314364,True,-0.28472573349716346,6076.990274079595,6074.521066708472,12866.631566337608,64f6d94f9a6865f1e66b96de75fa5b508ab7112582bac06e89b66c72b3056b79,0,True,,190,65535,full_posterior,128,0.005910007423888018,-0.27381069764726407,128,train_logit_0,train_logit_0,20608,2,1.0011232296943626,1,0.47891314011107955,1.0,reference_production_4,ok,ab9e24560eea0ddc4fd775ee6d516b1daa269452cd648f2739f422995dd944b3,deep_m0128_r2
3,deep,final_geometry_v15_20260930,4327fe4ece9317f6fd20fad18389a71e9b1f423b,32,0.21682036388914955,0.010360565952723584,True,0.2108354225259595,6833.54325801377,6801.07423426929,14302.161656237971,64f6d94f9a6865f1e66b96de75fa5b508ab7112582bac06e89b66c72b3056b79,0,True,,176,65535,full_posterior,128,0.005142063009847791,0.21382789320755455,128,train_logit_16,train_logit_16,20608,2,1.0010417203510207,1,0.45441965360453507,1.0,reference_production_4,ok,ab9e24560eea0ddc4fd775ee6d516b1daa269452cd648f2739f422995dd944b3,deep_m0128_r2
3,deep,final_geometry_v15_20260930,4327fe4ece9317f6fd20fad18389a71e9b1f423b,32,-0.4832047692011361,0.010304170349677408,True,-0.4675244624194034,6527.332173226624,6519.036931580991,14223.304992840822,64f6d94f9a6865f1e66b96de75fa5b508ab7112582bac06e89b66c72b3056b79,0,True,,224,65535,full_posterior,128,0.005316802402666709,-0.4753646158102698,128,train_logit_32,train_logit_32,20608,2,1.0009478372052916,1,0.45022589830542636,1.0,reference_production_4,ok,ab9e24560eea0ddc4fd775ee6d516b1daa269452cd648f2739f422995dd944b3,deep_m0128_r2
3,deep,final_geometry_v15_20260930,4327fe4ece9317f6fd20fad18389a71e9b1f423b,32,-0.8132334737119299,0.011459219758357843,True,-0.8205945555258969,5542.980201936167,5511.024537573324,11512.55040615079,64f6d94f9a6865f1e66b96de75fa5b508ab7112582bac06e89b66c72b3056b79,0,True,,268,65535,full_posterior,128,0.005956846663616476,-0.8169140146189133,128,train_logit_48,train_logit_48,20608,2,1.0010642974602102,1,0.47141305938761396,1.0,reference_production_4,ok,ab9e24560eea0ddc4fd775ee6d516b1daa269452cd648f2739f422995dd944b3,deep_m0128_r2
3,deep,final_geometry_v15_20260930,4327fe4ece9317f6fd20fad18389a71e9b1f423b,32,0.36013573049818765,0.01071321214613641,True,0.35241661034899996,6281.194184417823,6273.835858866917,13934.105605689898,64f6d94f9a6865f1e66b96de75fa5b508ab7112582bac06e89b66c72b3056b79,0,True,,196,65535,full_posterior,128,0.005530342198849525,0.3562761704235937,128,train_logit_64,train_logit_64,20608,2,1.0008383655271003,1,0.46322060900766343,1.0,reference_production_4,ok,ab9e24560eea0ddc4fd775ee6d516b1daa269452cd648f2739f422995dd944b3,deep_m0128_r2
3,deep,final_geometry_v15_20260930,4327fe4ece9317f6fd20fad18389a71e9b1f423b,32,-0.47960041539230946,0.010940790079513422,True,-0.4844489665970568,6000.937927024229,5983.312836645995,13828.890573975748,64f6d94f9a6865f1e66b96de75fa5b508ab7112582bac06e89b66c72b3056b79,0,True,,266,65535,full_posterior,128,0.005489147774251295,-0.48202469099468326,128,train_logit_80,train_logit_80,20608,2,1.0007405893826482,1,0.45475408555795616,1.0,reference_production_4,ok,ab9e24560eea0ddc4fd775ee6d516b1daa269452cd648f2739f422995dd944b3,deep_m0128_r2
3,deep,final_geometry_v15_20260930,4327fe4ece9317f6fd20fad18389a71e9b1f423b,32,-0.6556893435328669,0.010871447512506582,True,-0.6450835506572459,6055.929596831575,6000.985707456504,11936.315403789611,64f6d94f9a6865f1e66b96de75fa5b508ab7112582bac06e89b66c72b3056b79,0,True,,172,65535,full_posterior,128,0.005600312398557675,-0.6503864470950566,128,train_logit_96,train_logit_96,20608,2,1.0005683640758516,1,0.4563261462508782,1.0,reference_production_4,ok,ab9e24560eea0ddc4fd775ee6d516b1daa269452cd648f2739f422995dd944b3,deep_m0128_r2
3,deep,final_geometry_v15_20260930,4327fe4ece9317f6fd20fad18389a71e9b1f423b,32,0.6173173440404295,0.009609019076596562,True,0.6101009521936561,7383.074847076672,7387.270564963379,14696.728815560986,64f6d94f9a6865f1e66b96de75fa5b508ab7112582bac06e89b66c72b3056b79,0,True,,204,65535,full_posterior,128,0.0049157151503107345,0.6137091481170428,128,train_logit_112,train_logit_112,20608,2,1.0003540307960437,1,0.43945722352186195,1.0,reference_production_4,ok,ab9e24560eea0ddc4fd775ee6d516b1daa269452cd648f2739f422995dd944b3,deep_m0128_r2
3,deep,final_geometry_v15_20260930,4327fe4ece9317f6fd20fad18389a71e9b1f423b,32,0.4721370247848461,0.003389373506760881,True,0.46856105085216104,6835.844019691128,6892.15196762945,13661.6998525286,64f6d94f9a6865f1e66b96de75fa5b508ab7112582bac06e89b66c72b3056b79,0,True,,158,65535,full_posterior,128,0.0017618178573656868,0.4703490378185037,128,test_prob_0,test_prob_0,20608,2,1.0004277947394016,1,0.14970516393514818,1.0,reference_production_4,ok,ab9e24560eea0ddc4fd775ee6d516b1daa269452cd648f2739f422995dd944b3,deep_m0128_r2
3,deep,final_geometry_v15_20260930,4327fe4ece9317f6fd20fad18389a71e9b1f423b,32,0.4447666748265485,0.00348020856459354,True,0.4427355731270629,6693.517649680886,6696.492751619837,13556.255182696023,64f6d94f9a6865f1e66b96de75fa5b508ab7112582bac06e89b66c72b3056b79,0,True,,122,65535,full_posterior,128,0.0018229950456522196,0.44375112397680555,128,test_prob_128,test_prob_128,20608,2,1.0005950285617948,1,0.14992953778193588,1.0,reference_production_4,ok,ab9e24560eea0ddc4fd775ee6d516b1daa269452cd648f2739f422995dd944b3,deep_m0128_r2
3,deep,final_geometry_v15_20260930,4327fe4ece9317f6fd20fad18389a71e9b1f423b,32,0.6857070371482381,0.0032149821218370534,True,0.6886752406621458,5304.271644129608,5526.621000043399,12006.536635042758,64f6d94f9a6865f1e66b96de75fa5b508ab7112582bac06e89b66c72b3056b79,0,True,,316,65535,full_posterior,128,0.0016576737973872323,0.687191138905192,128,test_prob_256,test_prob_256,20608,2,1.0005427833952039,1,0.13508588891761758,1.0,reference_production_4,ok,ab9e24560eea0ddc4fd775ee6d516b1daa269452cd648f2739f422995dd944b3,deep_m0128_r2
3,deep,final_geometry_v15_20260930,4327fe4ece9317f6fd20fad18389a71e9b1f423b,32,0.7731128572729438,0.0027027401673497243,True,0.7730297155069202,5105.908984369832,5383.196347182749,10249.091996248453,64f6d94f9a6865f1e66b96de75fa5b508ab7112582bac06e89b66c72b3056b79,0,True,,266,65535,full_posterior,128,0.0013869623249253818,0.773071286389932,128,test_prob_384,test_prob_384,20608,2,1.0004419642879374,1,0.11090180899714974,1.0,reference_production_4,ok,ab9e24560eea0ddc4fd775ee6d516b1daa269452cd648f2739f422995dd944b3,deep_m0128_r2
3,deep,final_geometry_v15_20260930,4327fe4ece9317f6fd20fad18389a71e9b1f423b,32,0.43661120660708563,0.003564278935571824,True,0.43859969501039414,6187.527008527402,6181.804598373837,14562.133058271284,64f6d94f9a6865f1e66b96de75fa5b508ab7112582bac06e89b66c72b3056b79,0,True,,208,65535,full_posterior,128,0.001831097868284582,0.4376054508087399,128,test_prob_512,test_prob_512,20608,2,1.000501536598848,1,0.15159441196486642,1.0,reference_production_4,ok,ab9e24560eea0ddc4fd775ee6d516b1daa269452cd648f2739f422995dd944b3,deep_m0128_r2
3,deep,final_geometry_v15_20260930,4327fe4ece9317f6fd20fad18389a71e9b1f423b,32,0.6734943122303307,0.0033500343945234217,True,0.6768740265191154,5818.734738865559,5911.895241233479,13936.788795984407,64f6d94f9a6865f1e66b96de75fa5b508ab7112582bac06e89b66c72b3056b79,0,True,,174,65535,full_posterior,128,0.0017145512804201718,0.6751841693747231,128,test_prob_640,test_prob_640,20608,2,1.0008451320641334,1,0.1388850454908292,1.0,reference_production_4,ok,ab9e24560eea0ddc4fd775ee6d516b1daa269452cd648f2739f422995dd944b3,deep_m0128_r2
3,deep,final_geometry_v15_20260930,4327fe4ece9317f6fd20fad18389a71e9b1f423b,32,0.6715902979116328,0.0032862409530922147,True,0.6724882034457309,5519.647406789786,5706.632100538066,10933.88068910225,64f6d94f9a6865f1e66b96de75fa5b508ab7112582bac06e89b66c72b3056b79,0,True,,206,65535,full_posterior,128,0.0017041765284221866,0.6720392506786816,128,test_prob_768,test_prob_768,20608,2,1.0012532376160583,1,0.13815974009684945,1.0,reference_production_4,ok,ab9e24560eea0ddc4fd775ee6d516b1daa269452cd648f2739f422995dd944b3,deep_m0128_r2
3,deep,final_geometry_v15_20260930,4327fe4ece9317f6fd20fad18389a71e9b1f423b,32,0.39946680381409233,0.0036478375710869864,True,0.4034841986032611,5114.830085386982,5155.274302583733,13520.639815783934,64f6d94f9a6865f1e66b96de75fa5b508ab7112582bac06e89b66c72b3056b79,0,True,,364,65535,full_posterior,128,0.0019163947473611726,0.40147550120867675,128,test_prob_896,test_prob_896,20608,2,1.0005333225959276,1,0.15075980103636288,1.0,reference_production_4,ok,ab9e24560eea0ddc4fd775ee6d516b1daa269452cd648f2739f422995dd944b3,deep_m0128_r2
3,deep,final_geometry_v15_20260930,4327fe4ece9317f6fd20fad18389a71e9b1f423b,32,-0.023099883447062722,0.017112093821216114,True,-0.04136313201062921,4347.404160998964,4286.179270937993,7039.566940501151,64f6d94f9a6865f1e66b96de75fa5b508ab7112582bac06e89b66c72b3056b79,0,True,,208,65535,full_posterior,128,0.009005873792055079,-0.03223150772884596,128,interaction_0,interaction_0,20608,2,1.0011960941813127,1,0.6267233726992902,1.0,reference_production_4,ok,ab9e24560eea0ddc4fd775ee6d516b1daa269452cd648f2739f422995dd944b3,deep_m0128_r2
3,deep,final_geometry_v15_20260930,4327fe4ece9317f6fd20fad18389a71e9b1f423b,32,-0.011103437852280799,0.01805146417021974,True,-0.019710229351557168,4205.123627987884,4098.664559403742,6342.675746987556,64f6d94f9a6865f1e66b96de75fa5b508ab7112582bac06e89b66c72b3056b79,0,True,,350,65535,full_posterior,128,0.009374333040339666,-0.015406833601918985,128,interaction_1,interaction_1,20608,2,1.000902818411241,1,0.6475300383008943,1.0,reference_production_4,ok,ab9e24560eea0ddc4fd775ee6d516b1daa269452cd648f2739f422995dd944b3,deep_m0128_r2
3,deep,final_geometry_v15_20260930,4327fe4ece9317f6fd20fad18389a71e9b1f423b,32,-0.025192887300638758,0.018832466911302664,True,-0.013521870219701802,4002.9807543073935,3791.2024818514255,5409.650821734445,64f6d94f9a6865f1e66b96de75fa5b508ab7112582bac06e89b66c72b3056b79,0,True,,286,65535,full_posterior,128,0.009931495894633028,-0.019357378760170282,128,interaction_2,interaction_2,20608,2,1.0007663014289014,1,0.6547881906338355,1.0,reference_production_4,ok,ab9e24560eea0ddc4fd775ee6d516b1daa269452cd648f2739f422995dd944b3,deep_m0128_r2
3,deep,final_geometry_v15_20260930,4327fe4ece9317f6fd20fad18389a71e9b1f423b,32,-0.01613110633414562,0.018659385283201723,True,-0.03703560606831903,4122.677197120308,3807.4046652332954,5363.4113130831865,64f6d94f9a6865f1e66b96de75fa5b508ab7112582bac06e89b66c72b3056b79,0,True,,504,65535,full_posterior,128,0.009736621255220493,-0.026583356201232332,128,interaction_3,interaction_3,20608,2,1.0006536305913785,1,0.6538703025530482,1.0,reference_production_4,ok,ab9e24560eea0ddc4fd775ee6d516b1daa269452cd648f2739f422995dd944b3,deep_m0128_r2
3,deep,final_geometry_v15_20260930,4327fe4ece9317f6fd20fad18389a71e9b1f423b,32,0.1035151136183787,0.038006276057164515,True,0.08315707633773636,1849.222835957136,1841.878396544493,4259.643707786271,64f6d94f9a6865f1e66b96de75fa5b508ab7112582bac06e89b66c72b3056b79,0,True,,714,65535,full_posterior,128,0.02054342972610197,0.09333609497805752,128,q_A,q_A,20608,2,1.0026256571456085,1,1.0416199095010403,1.0,reference_production_4,ok,ab9e24560eea0ddc4fd775ee6d516b1daa269452cd648f2739f422995dd944b3,deep_m0128_r2
3,deep,final_geometry_v15_20260930,4327fe4ece9317f6fd20fad18389a71e9b1f423b,32,0.04901477358833772,0.0348770286660222,True,0.007994634432889381,2243.668391267716,2240.9739729842145,4671.027294602434,64f6d94f9a6865f1e66b96de75fa5b508ab7112582bac06e89b66c72b3056b79,0,True,,292,65535,full_posterior,128,0.01832680536093093,0.028504704010613547,128,q_W,q_W,20608,2,1.002009566360082,1,0.9943864347228111,1.0,reference_production_4,ok,ab9e24560eea0ddc4fd775ee6d516b1daa269452cd648f2739f422995dd944b3,deep_m0128_r2
3,deep,final_geometry_v15_20260930,4327fe4ece9317f6fd20fad18389a71e9b1f423b,32,1.061165687558915,0.003537794807580621,True,1.0611948519364587,3924.8575997818916,3883.5915538230947,7733.192613022765,64f6d94f9a6865f1e66b96de75fa5b508ab7112582bac06e89b66c72b3056b79,0,True,,442,65535,full_posterior,128,0.0018067293108356265,1.0611802697476869,128,disp_A,disp_A,20608,2,1.0011930570196168,1,0.1263372540232768,1.0,reference_production_4,ok,ab9e24560eea0ddc4fd775ee6d516b1daa269452cd648f2739f422995dd944b3,deep_m0128_r2
3,deep,final_geometry_v15_20260930,4327fe4ece9317f6fd20fad18389a71e9b1f423b,32,1.000075777258929,0.000619375170631642,True,0.9995712352807186,4176.6493121866615,4166.722702803059,8251.799035692115,64f6d94f9a6865f1e66b96de75fa5b508ab7112582bac06e89b66c72b3056b79,0,True,,210,65535,full_posterior,128,0.0003201603851870904,0.9998235062698239,128,disp_W1,disp_W1,20608,2,1.0009839090540322,1,0.022025684614596863,1.0,reference_production_4,ok,ab9e24560eea0ddc4fd775ee6d516b1daa269452cd648f2739f422995dd944b3,deep_m0128_r2
3,deep,final_geometry_v15_20260930,4327fe4ece9317f6fd20fad18389a71e9b1f423b,32,1.0005141623475717,0.00029992093393821855,True,1.0005055812461368,4416.344403771711,4386.031782334734,9611.23645183086,64f6d94f9a6865f1e66b96de75fa5b508ab7112582bac06e89b66c72b3056b79,0,True,,220,65535,full_posterior,128,0.00015281233718725945,1.0005098717968544,128,disp_W2,disp_W2,20608,2,1.0008942846310482,1,0.010829626375161371,1.0,reference_production_4,ok,ab9e24560eea0ddc4fd775ee6d516b1daa269452cd648f2739f422995dd944b3,deep_m0128_r2
3,deep,final_geometry_v15_20260930,4327fe4ece9317f6fd20fad18389a71e9b1f423b,32,0.7864589039210882,0.0002644215451241706,True,0.7866656439292714,9219.690588224934,9143.848115799114,12951.329732920463,64f6d94f9a6865f1e66b96de75fa5b508ab7112582bac06e89b66c72b3056b79,0,True,,12,65535,full_posterior,128,0.00013419319077361246,0.7865622739251799,128,S,S_archive,20608,2,1.0003648718507487,16,0.012551708838844227,1.0,reference_production_4,ok,ab9e24560eea0ddc4fd775ee6d516b1daa269452cd648f2739f422995dd944b3,deep_m0128_r2
3,deep,final_geometry_v15_20260930,4327fe4ece9317f6fd20fad18389a71e9b1f423b,32,75.3335050995529,0.11778686699011795,True,75.23142511170745,2890.155340993451,2915.118966410626,5122.4724021161255,26053644a43eb048de684b7050a94fa78f2ebb10abd590cb99f65dc0baae3191,0,True,,496,65535,full_posterior,256,0.06151421000024874,75.28246510563017,128,V,V,73984,0,1.0010470091972403,1,3.7174856652375894,1.0,reference_production_4,ok,2814b4d76a9cc9419ec01ed447161e8acf050a7bbe1b8e92bdfa0e832e724270,deep_m0256_r0
3,deep,final_geometry_v15_20260930,4327fe4ece9317f6fd20fad18389a71e9b1f423b,32,37061.89315783479,5.1780330866576145,True,37070.65614823202,4905.098029007123,4906.80240422964,9516.748277847599,26053644a43eb048de684b7050a94fa78f2ebb10abd590cb99f65dc0baae3191,0,True,,132,65535,full_posterior,256,2.6171479401310256,37066.27465303341,128,U,U,73984,0,1.000599058050897,1,194.6493895106604,1.0,reference_production_4,ok,2814b4d76a9cc9419ec01ed447161e8acf050a7bbe1b8e92bdfa0e832e724270,deep_m0256_r0
3,deep,final_geometry_v15_20260930,4327fe4ece9317f6fd20fad18389a71e9b1f423b,32,0.7951390938772394,0.00984266166224964,True,0.8064408098222537,6972.963980472331,6949.660250103532,13297.053077453138,26053644a43eb048de684b7050a94fa78f2ebb10abd590cb99f65dc0baae3191,0,True,,208,65535,full_posterior,256,0.005067355332136028,0.8007899518497466,128,train_logit_0,train_logit_0,73984,0,1.0005194953119094,1,0.4420917779256361,1.0,reference_production_4,ok,2814b4d76a9cc9419ec01ed447161e8acf050a7bbe1b8e92bdfa0e832e724270,deep_m0256_r0
3,deep,final_geometry_v15_20260930,4327fe4ece9317f6fd20fad18389a71e9b1f423b,32,-0.017456773986677946,0.009306522779081427,True,-0.011776768982408502,7563.574327285822,7523.206245688356,17693.55914135299,26053644a43eb048de684b7050a94fa78f2ebb10abd590cb99f65dc0baae3191,0,True,,362,65535,full_posterior,256,0.004766936010691924,-0.014616771484543219,128,train_logit_16,train_logit_16,73984,0,1.0005380559374795,1,0.44536970165097406,1.0,reference_production_4,ok,2814b4d76a9cc9419ec01ed447161e8acf050a7bbe1b8e92bdfa0e832e724270,deep_m0256_r0
3,deep,final_geometry_v15_20260930,4327fe4ece9317f6fd20fad18389a71e9b1f423b,32,0.4497241104550487,0.009888861307657855,True,0.4594073203211528,7175.871620264065,7175.0827922433555,14710.907314335007,26053644a43eb048de684b7050a94fa78f2ebb10abd590cb99f65dc0baae3191,0,True,,278,65535,full_posterior,256,0.0050742391549991285,0.45456571538810064,128,train_logit_32,train_logit_32,73984,0,1.0004037140444266,1,0.44984580761592974,1.0,reference_production_4,ok,2814b4d76a9cc9419ec01ed447161e8acf050a7bbe1b8e92bdfa0e832e724270,deep_m0256_r0
3,deep,final_geometry_v15_20260930,4327fe4ece9317f6fd20fad18389a71e9b1f423b,32,0.3808030030788865,0.009473415333381164,True,0.38609344949882624,7908.105997889874,7895.204863996067,16896.296842481544,26053644a43eb048de684b7050a94fa78f2ebb10abd590cb99f65dc0baae3191,0,True,,114,65535,full_posterior,256,0.004904260764457066,0.3834482262888563,128,train_logit_48,train_logit_48,73984,0,1.000823703132813,1,0.45199931431427487,1.0,reference_production_4,ok,2814b4d76a9cc9419ec01ed447161e8acf050a7bbe1b8e92bdfa0e832e724270,deep_m0256_r0
3,deep,final_geometry_v15_20260930,4327fe4ece9317f6fd20fad18389a71e9b1f423b,32,0.5688725150906901,0.009825523477768064,True,0.5766126475644869,7272.714368094625,7248.032330004628,13980.607304697603,26053644a43eb048de684b7050a94fa78f2ebb10abd590cb99f65dc0baae3191,0,True,,136,65535,full_posterior,256,0.004969405868411716,0.5727425813275884,128,train_logit_64,train_logit_64,73984,0,1.0004397688700046,1,0.4484271055970637,1.0,reference_production_4,ok,2814b4d76a9cc9419ec01ed447161e8acf050a7bbe1b8e92bdfa0e832e724270,deep_m0256_r0
3,deep,final_geometry_v15_20260930,4327fe4ece9317f6fd20fad18389a71e9b1f423b,32,-0.7374732451398787,0.01005198070380094,True,-0.7444436441597068,6764.536628623329,6761.4773407973225,14747.833178485907,26053644a43eb048de684b7050a94fa78f2ebb10abd590cb99f65dc0baae3191,0,True,,224,65535,full_posterior,256,0.005090803374297106,-0.7409584446497924,128,train_logit_80,train_logit_80,73984,0,1.0007974536456372,1,0.4465333858532824,1.0,reference_production_4,ok,2814b4d76a9cc9419ec01ed447161e8acf050a7bbe1b8e92bdfa0e832e724270,deep_m0256_r0
3,deep,final_geometry_v15_20260930,4327fe4ece9317f6fd20fad18389a71e9b1f423b,32,0.5090360257975786,0.009908020114634696,True,0.514927101440295,6901.241387977358,6897.246147798041,15865.104239993345,26053644a43eb048de684b7050a94fa78f2ebb10abd590cb99f65dc0baae3191,0,True,,192,65535,full_posterior,256,0.005086951712413875,0.5119815636189367,128,train_logit_96,train_logit_96,73984,0,1.0006365121096314,1,0.4514416241633233,1.0,reference_production_4,ok,2814b4d76a9cc9419ec01ed447161e8acf050a7bbe1b8e92bdfa0e832e724270,deep_m0256_r0
3,deep,final_geometry_v15_20260930,4327fe4ece9317f6fd20fad18389a71e9b1f423b,32,0.2222696226747397,0.009338145670090238,True,0.21928557906910892,7875.032839929341,7894.4753302821555,16737.182566559964,26053644a43eb048de684b7050a94fa78f2ebb10abd590cb99f65dc0baae3191,0,True,,202,65535,full_posterior,256,0.004748167673090708,0.2207776008719243,128,train_logit_112,train_logit_112,73984,0,1.0002670583871716,1,0.43913073042588546,1.0,reference_production_4,ok,2814b4d76a9cc9419ec01ed447161e8acf050a7bbe1b8e92bdfa0e832e724270,deep_m0256_r0
3,deep,final_geometry_v15_20260930,4327fe4ece9317f6fd20fad18389a71e9b1f423b,32,0.4957637064216132,0.0032844311387170665,True,0.4950792928032721,7533.016824987963,7516.927024162365,16071.351829047117,26053644a43eb048de684b7050a94fa78f2ebb10abd590cb99f65dc0baae3191,0,True,,120,65535,full_posterior,256,0.001673106783520892,0.49542149961244275,128,test_prob_0,test_prob_0,73984,0,1.0008437788340296,1,0.1510263846241641,1.0,reference_production_4,ok,2814b4d76a9cc9419ec01ed447161e8acf050a7bbe1b8e92bdfa0e832e724270,deep_m0256_r0
3,deep,final_geometry_v15_20260930,4327fe4ece9317f6fd20fad18389a71e9b1f423b,32,0.624117505470036,0.00318083993573031,True,0.6220544292035763,7110.650795514106,7218.778142790365,14614.838120363616,26053644a43eb048de684b7050a94fa78f2ebb10abd590cb99f65dc0baae3191,0,True,,116,65535,full_posterior,256,0.001654771848727476,0.6230859673368062,128,test_prob_128,test_prob_128,73984,0,1.0010416628155199,1,0.14484024978484056,1.0,reference_production_4,ok,2814b4d76a9cc9419ec01ed447161e8acf050a7bbe1b8e92bdfa0e832e724270,deep_m0256_r0
3,deep,final_geometry_v15_20260930,4327fe4ece9317f6fd20fad18389a71e9b1f423b,32,0.6408283719650392,0.0029748330748528375,True,0.6383410318315431,7609.603633720832,7706.82622514264,15425.575031797467,26053644a43eb048de684b7050a94fa78f2ebb10abd590cb99f65dc0baae3191,0,True,,106,65535,full_posterior,256,0.001516326578869483,0.6395847018982913,128,test_prob_256,test_prob_256,73984,0,1.000417468296779,1,0.13904970719652157,1.0,reference_production_4,ok,2814b4d76a9cc9419ec01ed447161e8acf050a7bbe1b8e92bdfa0e832e724270,deep_m0256_r0
3,deep,final_geometry_v15_20260930,4327fe4ece9317f6fd20fad18389a71e9b1f423b,32,0.34257877797020325,0.002995089589404325,True,0.34247719144904465,7631.961887446036,7813.448998653813,14413.973296030243,26053644a43eb048de684b7050a94fa78f2ebb10abd590cb99f65dc0baae3191,0,True,,116,65535,full_posterior,256,0.0014889150303034268,0.34252798470962387,128,test_prob_384,test_prob_384,73984,0,1.000238408081205,1,0.13825246506597605,1.0,reference_production_4,ok,2814b4d76a9cc9419ec01ed447161e8acf050a7bbe1b8e92bdfa0e832e724270,deep_m0256_r0
3,deep,final_geometry_v15_20260930,4327fe4ece9317f6fd20fad18389a71e9b1f423b,32,0.6111936361252824,0.003257560042738147,True,0.612139382328153,6882.7133115521,6945.427821741923,15503.842757567898,26053644a43eb048de684b7050a94fa78f2ebb10abd590cb99f65dc0baae3191,0,True,,126,65535,full_posterior,256,0.0016225790165686664,0.6116665092267176,128,test_prob_512,test_prob_512,73984,0,1.0003629528694808,1,0.14483142521734843,1.0,reference_production_4,ok,2814b4d76a9cc9419ec01ed447161e8acf050a7bbe1b8e92bdfa0e832e724270,deep_m0256_r0
3,deep,final_geometry_v15_20260930,4327fe4ece9317f6fd20fad18389a71e9b1f423b,32,0.4016874699568098,0.0030523241755590464,True,0.39938618487262817,8102.944087086959,8166.999837994778,15981.221007896975,26053644a43eb048de684b7050a94fa78f2ebb10abd590cb99f65dc0baae3191,0,True,,96,65535,full_posterior,256,0.001540077387040952,0.40053682741471897,128,test_prob_640,test_prob_640,73984,0,1.0003827716761071,1,0.14321495317271715,1.0,reference_production_4,ok,2814b4d76a9cc9419ec01ed447161e8acf050a7bbe1b8e92bdfa0e832e724270,deep_m0256_r0
3,deep,final_geometry_v15_20260930,4327fe4ece9317f6fd20fad18389a71e9b1f423b,32,0.5083936985759483,0.0033152604094994712,True,0.5124000834538748,7564.29201774166,7570.349460618525,16113.855406103514,26053644a43eb048de684b7050a94fa78f2ebb10abd590cb99f65dc0baae3191,0,True,,96,65535,full_posterior,256,0.0017039002855440777,0.5103968910149115,128,test_prob_768,test_prob_768,73984,0,1.0008902892233393,1,0.1509914097390066,1.0,reference_production_4,ok,2814b4d76a9cc9419ec01ed447161e8acf050a7bbe1b8e92bdfa0e832e724270,deep_m0256_r0
3,deep,final_geometry_v15_20260930,4327fe4ece9317f6fd20fad18389a71e9b1f423b,32,0.4833552186289653,0.00326619812365303,True,0.4819780533549653,7777.986598080167,7796.854037748277,16030.954552988567,26053644a43eb048de684b7050a94fa78f2ebb10abd590cb99f65dc0baae3191,0,True,,130,65535,full_posterior,256,0.0016421522391481614,0.4826666359919654,128,test_prob_896,test_prob_896,73984,0,1.0004053713144483,1,0.1513994101752123,1.0,reference_production_4,ok,2814b4d76a9cc9419ec01ed447161e8acf050a7bbe1b8e92bdfa0e832e724270,deep_m0256_r0
3,deep,final_geometry_v15_20260930,4327fe4ece9317f6fd20fad18389a71e9b1f423b,32,-0.004008777257484696,0.016529638515768205,True,-0.0019265954339594989,5053.232645680695,4837.770968207113,7465.576007152761,26053644a43eb048de684b7050a94fa78f2ebb10abd590cb99f65dc0baae3191,0,True,,242,65535,full_posterior,256,0.00853380656500282,-0.0029676863457220974,128,interaction_0,interaction_0,73984,0,1.0008585211082472,1,0.6370231720593567,1.0,reference_production_4,ok,2814b4d76a9cc9419ec01ed447161e8acf050a7bbe1b8e92bdfa0e832e724270,deep_m0256_r0
3,deep,final_geometry_v15_20260930,4327fe4ece9317f6fd20fad18389a71e9b1f423b,32,-0.008560554662717674,0.017452294800846938,True,0.009562742275304563,4494.234294180231,4279.707980994315,6614.929143728995,26053644a43eb048de684b7050a94fa78f2ebb10abd590cb99f65dc0baae3191,0,True,,232,65535,full_posterior,256,0.00886053668596544,0.0005010938062934428,128,interaction_1,interaction_1,73984,0,1.0006956206628295,1,0.6399028586152697,1.0,reference_production_4,ok,2814b4d76a9cc9419ec01ed447161e8acf050a7bbe1b8e92bdfa0e832e724270,deep_m0256_r0
3,deep,final_geometry_v15_20260930,4327fe4ece9317f6fd20fad18389a71e9b1f423b,32,-0.004243224679475979,0.01650745809437015,True,-0.008429153450984033,5140.229781394467,4942.938654588467,7109.242256060804,26053644a43eb048de684b7050a94fa78f2ebb10abd590cb99f65dc0baae3191,0,True,,196,65535,full_posterior,256,0.008681881894744338,-0.006336189065230008,128,interaction_2,interaction_2,73984,0,1.001218446361151,1,0.6301462401442874,1.0,reference_production_4,ok,2814b4d76a9cc9419ec01ed447161e8acf050a7bbe1b8e92bdfa0e832e724270,deep_m0256_r0
3,deep,final_geometry_v15_20260930,4327fe4ece9317f6fd20fad18389a71e9b1f423b,32,0.004249981461028583,0.016442650156608028,True,0.0047046292046644105,5280.196618319763,5090.7777955393185,7168.768820117039,26053644a43eb048de684b7050a94fa78f2ebb10abd590cb99f65dc0baae3191,0,True,,140,65535,full_posterior,256,0.008315253796091451,0.004477305332846499,128,interaction_3,interaction_3,73984,0,1.000549188047138,1,0.6345007203507992,1.0,reference_production_4,ok,2814b4d76a9cc9419ec01ed447161e8acf050a7bbe1b8e92bdfa0e832e724270,deep_m0256_r0
3,deep,final_geometry_v15_20260930,4327fe4ece9317f6fd20fad18389a71e9b1f423b,32,0.0028181658313200216,0.03460887201115307,True,0.014309518421054563,2504.16241593718,2503.096096842196,4572.130145122607,26053644a43eb048de684b7050a94fa78f2ebb10abd590cb99f65dc0baae3191,0,True,,230,65535,full_posterior,256,0.018312677560742587,0.008563842126187297,128,q_A,q_A,73984,0,1.0020137187034097,1,1.0249785117958128,1.0,reference_production_4,ok,2814b4d76a9cc9419ec01ed447161e8acf050a7bbe1b8e92bdfa0e832e724270,deep_m0256_r0
3,deep,final_geometry_v15_20260930,4327fe4ece9317f6fd20fad18389a71e9b1f423b,32,-0.030869344162115314,0.03331564469917076,True,0.013187071800882362,2739.4061654959287,2732.027347015413,5636.337326698393,26053644a43eb048de684b7050a94fa78f2ebb10abd590cb99f65dc0baae3191,0,True,,202,65535,full_posterior,256,0.017471176357877545,-0.00884113618061648,128,q_W,q_W,73984,0,1.00133124339351,1,1.0012179186570935,1.0,reference_production_4,ok,2814b4d76a9cc9419ec01ed447161e8acf050a7bbe1b8e92bdfa0e832e724270,deep_m0256_r0
3,deep,final_geometry_v15_20260930,4327fe4ece9317f6fd20fad18389a71e9b1f423b,32,1.018335594913429,0.002361913239647189,True,1.0155368006575805,4749.360470714585,4716.468927418495,8407.696093071205,26053644a43eb048de684b7050a94fa78f2ebb10abd590cb99f65dc0baae3191,0,True,,142,65535,full_posterior,256,0.0012101725668079274,1.0169361977855047,128,disp_A,disp_A,73984,0,1.00101397587495,1,0.08852056073652928,1.0,reference_production_4,ok,2814b4d76a9cc9419ec01ed447161e8acf050a7bbe1b8e92bdfa0e832e724270,deep_m0256_r0
3,deep,final_geometry_v15_20260930,4327fe4ece9317f6fd20fad18389a71e9b1f423b,32,0.9999477163426875,0.0004169791881081758,True,1.0000006213109303,4511.9726786697765,4515.583862543324,10263.285269300099,26053644a43eb048de684b7050a94fa78f2ebb10abd590cb99f65dc0baae3191,0,True,,296,65535,full_posterior,256,0.00021346736492789493,0.9999741688268089,128,disp_W1,disp_W1,73984,0,1.001485064424189,1,0.01581553303482128,1.0,reference_production_4,ok,2814b4d76a9cc9419ec01ed447161e8acf050a7bbe1b8e92bdfa0e832e724270,deep_m0256_r0
3,deep,final_geometry_v15_20260930,4327fe4ece9317f6fd20fad18389a71e9b1f423b,32,0.999768885816854,0.00014627753722920562,True,1.0000437459639455,4949.179232690259,4952.4025486736155,9160.173784206565,26053644a43eb048de684b7050a94fa78f2ebb10abd590cb99f65dc0baae3191,0,True,,132,65535,full_posterior,256,7.457200937111665e-05,0.9999063158903999,128,disp_W2,disp_W2,73984,0,1.0013433006187198,1,0.005550501945617154,1.0,reference_production_4,ok,2814b4d76a9cc9419ec01ed447161e8acf050a7bbe1b8e92bdfa0e832e724270,deep_m0256_r0
3,deep,final_geometry_v15_20260930,4327fe4ece9317f6fd20fad18389a71e9b1f423b,32,0.7914936289966932,0.00015658781420159216,True,0.7916641636891237,9861.483644305636,9875.41604878894,13521.259943155803,26053644a43eb048de684b7050a94fa78f2ebb10abd590cb99f65dc0baae3191,0,True,,8,65535,full_posterior,256,7.999044459836976e-05,0.7915788963429083,128,S,S_archive,73984,0,1.0004470005306931,16,0.007966890634630252,1.0,reference_production_4,ok,2814b4d76a9cc9419ec01ed447161e8acf050a7bbe1b8e92bdfa0e832e724270,deep_m0256_r0
3,deep,final_geometry_v15_20260930,4327fe4ece9317f6fd20fad18389a71e9b1f423b,32,63.74556903675704,0.15183293302539702,True,63.67742079024052,2220.901329166412,2238.8575239699076,4109.721023007115,730e4f17bcedf61bcf9781789d396e3460316d3788d7d1d55b2ca11e40a11643,0,True,,326,65535,full_posterior,256,0.07903274091612707,63.71149491349877,128,V,V,73984,1,1.0013066565457127,1,4.309476785341511,1.0,reference_production_4,ok,09d81740c09e1434a4c78134a13a48b854f29cf5822e72d75983713cdb747963,deep_m0256_r1
3,deep,final_geometry_v15_20260930,4327fe4ece9317f6fd20fad18389a71e9b1f423b,32,37063.87754727184,5.4887265501220135,True,37063.27378800746,3900.8101323134465,3901.2837338944128,7625.785962212574,730e4f17bcedf61bcf9781789d396e3460316d3788d7d1d55b2ca11e40a11643,0,True,,158,65535,full_posterior,256,2.845531047889092,37063.57566763965,128,U,U,73984,1,1.0003633511350076,1,190.3433140564534,1.0,reference_production_4,ok,09d81740c09e1434a4c78134a13a48b854f29cf5822e72d75983713cdb747963,deep_m0256_r1
3,deep,final_geometry_v15_20260930,4327fe4ece9317f6fd20fad18389a71e9b1f423b,32,0.24132837473417715,0.011242811208485456,True,0.23416379213644697,5774.009788967018,5779.017888666111,12718.650807645443,730e4f17bcedf61bcf9781789d396e3460316d3788d7d1d55b2ca11e40a11643,0,True,,142,65535,full_posterior,256,0.005766974626359532,0.23774608343531198,128,train_logit_0,train_logit_0,73984,1,1.0010320802802402,1,0.4629598446474205,1.0,reference_production_4,ok,09d81740c09e1434a4c78134a13a48b854f29cf5822e72d75983713cdb747963,deep_m0256_r1
3,deep,final_geometry_v15_20260930,4327fe4ece9317f6fd20fad18389a71e9b1f423b,32,0.6045763594550796,0.01123352291860433,True,0.6048727161166957,5555.63675795519,5530.95164483017,12753.104471199866,730e4f17bcedf61bcf9781789d396e3460316d3788d7d1d55b2ca11e40a11643,0,True,,298,65535,full_posterior,256,0.00572300500598504,0.6047245377858875,128,train_logit_16,train_logit_16,73984,1,1.0005840316055257,1,0.4568855624385825,1.0,reference_production_4,ok,09d81740c09e1434a4c78134a13a48b854f29cf5822e72d75983713cdb747963,deep_m0256_r1
3,deep,final_geometry_v15_20260930,4327fe4ece9317f6fd20fad18389a71e9b1f423b,32,-0.0154031089225823,0.011136111015477257,True,-0.032322182887784594,5695.209283668269,5676.218384654749,13427.61618439563,730e4f17bcedf61bcf9781789d396e3460316d3788d7d1d55b2ca11e40a11643,0,True,,214,65535,full_posterior,256,0.005713289648673461,-0.023862645905183444,128,train_logit_32,train_logit_32,73984,1,1.0006471765373042,1,0.4539839447419394,1.0,reference_production_4,ok,09d81740c09e1434a4c78134a13a48b854f29cf5822e72d75983713cdb747963,deep_m0256_r1
3,deep,final_geometry_v15_20260930,4327fe4ece9317f6fd20fad18389a71e9b1f423b,32,-0.8436382277597797,0.011609742091200283,True,-0.8622388202463768,5485.093972746066,5476.876124077296,11151.529045766112,730e4f17bcedf61bcf9781789d396e3460316d3788d7d1d55b2ca11e40a11643,0,True,,158,65535,full_posterior,256,0.005924633104041235,-0.8529385240030785,128,train_logit_48,train_logit_48,73984,1,1.0007067432613508,1,0.4633561711932153,1.0,reference_production_4,ok,09d81740c09e1434a4c78134a13a48b854f29cf5822e72d75983713cdb747963,deep_m0256_r1
3,deep,final_geometry_v15_20260930,4327fe4ece9317f6fd20fad18389a71e9b1f423b,32,0.6944787880249218,0.011801870098259802,True,0.6792792030240895,4875.31041181252,4875.814807042982,10723.691049360621,730e4f17bcedf61bcf9781789d396e3460316d3788d7d1d55b2ca11e40a11643,0,True,,334,65535,full_posterior,256,0.0061329209852851035,0.6868789955245057,128,train_logit_64,train_logit_64,73984,1,1.0006554250653206,1,0.4603171753546805,1.0,reference_production_4,ok,09d81740c09e1434a4c78134a13a48b854f29cf5822e72d75983713cdb747963,deep_m0256_r1
3,deep,final_geometry_v15_20260930,4327fe4ece9317f6fd20fad18389a71e9b1f423b,32,0.7185091061679637,0.011196992246275145,True,0.7285413387121054,5629.620835001172,5595.379582201397,12359.319769085769,730e4f17bcedf61bcf9781789d396e3460316d3788d7d1d55b2ca11e40a11643,0,True,,392,65535,full_posterior,256,0.005867133463720949,0.7235252224400347,128,train_logit_80,train_logit_80,73984,1,1.0006599239034202,1,0.4591508068211092,1.0,reference_production_4,ok,09d81740c09e1434a4c78134a13a48b854f29cf5822e72d75983713cdb747963,deep_m0256_r1
3,deep,final_geometry_v15_20260930,4327fe4ece9317f6fd20fad18389a71e9b1f423b,32,0.022809155187169607,0.011328893495732312,True,0.01807268679449988,5683.893921493669,5671.274319533353,12649.728509533768,730e4f17bcedf61bcf9781789d396e3460316d3788d7d1d55b2ca11e40a11643,0,True,,180,65535,full_posterior,256,0.005878731768180961,0.020440920990834745,128,train_logit_96,train_logit_96,73984,1,1.0003502268475146,1,0.46878772403067537,1.0,reference_production_4,ok,09d81740c09e1434a4c78134a13a48b854f29cf5822e72d75983713cdb747963,deep_m0256_r1
3,deep,final_geometry_v15_20260930,4327fe4ece9317f6fd20fad18389a71e9b1f423b,32,-0.3513020059299178,0.011470104739157142,True,-0.3620427329975205,5754.337826280566,5736.820682087529,11417.17831178874,730e4f17bcedf61bcf9781789d396e3460316d3788d7d1d55b2ca11e40a11643,0,True,,144,65535,full_posterior,256,0.005876278678485653,-0.3566723694637192,128,train_logit_112,train_logit_112,73984,1,1.0005105670294825,1,0.4655554746852713,1.0,reference_production_4,ok,09d81740c09e1434a4c78134a13a48b854f29cf5822e72d75983713cdb747963,deep_m0256_r1
3,deep,final_geometry_v15_20260930,4327fe4ece9317f6fd20fad18389a71e9b1f423b,32,0.5144082555212456,0.003701156184120753,True,0.5184464228890528,5904.287222907513,5914.859786455956,11173.152444561081,730e4f17bcedf61bcf9781789d396e3460316d3788d7d1d55b2ca11e40a11643,0,True,,158,65535,full_posterior,256,0.0018734504470169654,0.5164273392051493,128,test_prob_0,test_prob_0,73984,1,1.0006930208064606,1,0.15280183942427075,1.0,reference_production_4,ok,09d81740c09e1434a4c78134a13a48b854f29cf5822e72d75983713cdb747963,deep_m0256_r1
3,deep,final_geometry_v15_20260930,4327fe4ece9317f6fd20fad18389a71e9b1f423b,32,0.3696884578268822,0.0034827988293212177,True,0.36131777925784125,5528.059839505859,5552.659616127035,12094.670022131873,730e4f17bcedf61bcf9781789d396e3460316d3788d7d1d55b2ca11e40a11643,0,True,,188,65535,full_posterior,256,0.0018405219664247906,0.36550311854236167,128,test_prob_128,test_prob_128,73984,1,1.0012362646823898,1,0.1422664481597426,1.0,reference_production_4,ok,09d81740c09e1434a4c78134a13a48b854f29cf5822e72d75983713cdb747963,deep_m0256_r1
3,deep,final_geometry_v15_20260930,4327fe4ece9317f6fd20fad18389a71e9b1f423b,32,0.46291360425691225,0.003983137518491338,True,0.4632833578361334,5119.967286600006,5124.072097333606,11210.024006999092,730e4f17bcedf61bcf9781789d396e3460316d3788d7d1d55b2ca11e40a11643,0,True,,218,65535,full_posterior,256,0.002043147634067334,0.4630984810465228,128,test_prob_256,test_prob_256,73984,1,1.0003087381883882,1,0.15407495509626992,1.0,reference_production_4,ok,09d81740c09e1434a4c78134a13a48b854f29cf5822e72d75983713cdb747963,deep_m0256_r1
3,deep,final_geometry_v15_20260930,4327fe4ece9317f6fd20fad18389a71e9b1f423b,32,0.7214496326482231,0.0030184204380069384,True,0.7183343140415817,5205.810287367799,5334.205922947544,11837.124012226071,730e4f17bcedf61bcf9781789d396e3460316d3788d7d1d55b2ca11e40a11643,0,True,,254,65535,full_posterior,256,0.0015721146756980506,0.7198919733449022,128,test_prob_384,test_prob_384,73984,1,1.0006357247933624,1,0.1221881572250699,1.0,reference_production_4,ok,09d81740c09e1434a4c78134a13a48b854f29cf5822e72d75983713cdb747963,deep_m0256_r1
3,deep,final_geometry_v15_20260930,4327fe4ece9317f6fd20fad18389a71e9b1f423b,32,0.4776486633980408,0.0038095784114035663,True,0.4772695684378604,5401.609017365521,5437.851453874381,11501.421216736902,730e4f17bcedf61bcf9781789d396e3460316d3788d7d1d55b2ca11e40a11643,0,True,,190,65535,full_posterior,256,0.0019586599230558815,0.47745911591795054,128,test_prob_512,test_prob_512,73984,1,1.0004306895869866,1,0.15317135269526555,1.0,reference_production_4,ok,09d81740c09e1434a4c78134a13a48b854f29cf5822e72d75983713cdb747963,deep_m0256_r1
3,deep,final_geometry_v15_20260930,4327fe4ece9317f6fd20fad18389a71e9b1f423b,32,0.5258504252782763,0.003918917917988196,True,0.5342568938576971,5203.067079652966,5235.551267543758,10563.923174284244,730e4f17bcedf61bcf9781789d396e3460316d3788d7d1d55b2ca11e40a11643,0,True,,136,65535,full_posterior,256,0.002002060594505688,0.5300536595679867,128,test_prob_640,test_prob_640,73984,1,1.0007318242040908,1,0.15496904201278688,1.0,reference_production_4,ok,09d81740c09e1434a4c78134a13a48b854f29cf5822e72d75983713cdb747963,deep_m0256_r1
3,deep,final_geometry_v15_20260930,4327fe4ece9317f6fd20fad18389a71e9b1f423b,32,0.5197801564554757,0.003743624673477438,True,0.5194151800153766,5762.130312629572,5756.427055651129,12117.45648319397,730e4f17bcedf61bcf9781789d396e3460316d3788d7d1d55b2ca11e40a11643,0,True,,208,65535,full_posterior,256,0.0018953738356805609,0.5195976682354261,128,test_prob_768,test_prob_768,73984,1,1.0003719554663582,1,0.15242819723337722,1.0,reference_production_4,ok,09d81740c09e1434a4c78134a13a48b854f29cf5822e72d75983713cdb747963,deep_m0256_r1
3,deep,final_geometry_v15_20260930,4327fe4ece9317f6fd20fad18389a71e9b1f423b,32,0.5073266207184992,0.003835881286082799,True,0.5015328715940918,5242.8083946057495,5281.991297871927,12580.002851428118,730e4f17bcedf61bcf9781789d396e3460316d3788d7d1d55b2ca11e40a11643,0,True,,364,65535,full_posterior,256,0.001987650996970908,0.5044297461562957,128,test_prob_896,test_prob_896,73984,1,1.0006693271088956,1,0.1549188834296703,1.0,reference_production_4,ok,09d81740c09e1434a4c78134a13a48b854f29cf5822e72d75983713cdb747963,deep_m0256_r1
3,deep,final_geometry_v15_20260930,4327fe4ece9317f6fd20fad18389a71e9b1f423b,32,0.026638231406297452,0.019708128312362776,True,0.004432351153564995,3677.771514196481,3561.978957199402,5189.112090378746,730e4f17bcedf61bcf9781789d396e3460316d3788d7d1d55b2ca11e40a11643,0,True,,236,65535,full_posterior,256,0.010112102245105918,0.015535291279931224,128,interaction_0,interaction_0,73984,1,1.0008193653167032,1,0.6544346419433962,1.0,reference_production_4,ok,09d81740c09e1434a4c78134a13a48b854f29cf5822e72d75983713cdb747963,deep_m0256_r1
3,deep,final_geometry_v15_20260930,4327fe4ece9317f6fd20fad18389a71e9b1f423b,32,0.0029537104778991335,0.019173023564818294,True,0.02229257420261526,3934.069865501025,3797.7932699867224,5310.979406549483,730e4f17bcedf61bcf9781789d396e3460316d3788d7d1d55b2ca11e40a11643,0,True,,164,65535,full_posterior,256,0.009675119633524527,0.012623142340257198,128,interaction_1,interaction_1,73984,1,1.0008975983109516,1,0.645766587075862,1.0,reference_production_4,ok,09d81740c09e1434a4c78134a13a48b854f29cf5822e72d75983713cdb747963,deep_m0256_r1
3,deep,final_geometry_v15_20260930,4327fe4ece9317f6fd20fad18389a71e9b1f423b,32,0.029702285693112646,0.019598377154032467,True,-0.010101587562421304,3451.490462810436,3337.617472214363,5113.230763990602,730e4f17bcedf61bcf9781789d396e3460316d3788d7d1d55b2ca11e40a11643,0,True,,444,65535,full_posterior,256,0.009930490381886209,0.009800349065345666,128,interaction_2,interaction_2,73984,1,1.001792186813812,1,0.6452130655757581,1.0,reference_production_4,ok,09d81740c09e1434a4c78134a13a48b854f29cf5822e72d75983713cdb747963,deep_m0256_r1
3,deep,final_geometry_v15_20260930,4327fe4ece9317f6fd20fad18389a71e9b1f423b,32,0.02628754359457068,0.019429625642252826,True,0.021154137286862464,3972.4695965680853,3830.5719300275605,5455.69231221252,730e4f17bcedf61bcf9781789d396e3460316d3788d7d1d55b2ca11e40a11643,0,True,,148,65535,full_posterior,256,0.009904766793475064,0.02372084044071657,128,interaction_3,interaction_3,73984,1,1.0012163619076275,1,0.662924506367484,1.0,reference_production_4,ok,09d81740c09e1434a4c78134a13a48b854f29cf5822e72d75983713cdb747963,deep_m0256_r1
3,deep,final_geometry_v15_20260930,4327fe4ece9317f6fd20fad18389a71e9b1f423b,32,0.05075364919222107,0.03868639460140407,True,0.08560631278206966,1752.226217330176,1744.2413885852093,3574.4805607687963,730e4f17bcedf61bcf9781789d396e3460316d3788d7d1d55b2ca11e40a11643,0,True,,370,65535,full_posterior,256,0.020594724266377297,0.06817998098714537,128,q_A,q_A,73984,1,1.001736819395124,1,1.0200183452192884,1.0,reference_production_4,ok,09d81740c09e1434a4c78134a13a48b854f29cf5822e72d75983713cdb747963,deep_m0256_r1
3,deep,final_geometry_v15_20260930,4327fe4ece9317f6fd20fad18389a71e9b1f423b,32,-0.04348517013259688,0.036465732364811154,True,0.04294532544674686,1916.7647207674527,1925.6910060690832,4347.577067866978,730e4f17bcedf61bcf9781789d396e3460316d3788d7d1d55b2ca11e40a11643,0,True,,392,65535,full_posterior,256,0.019328081510794137,-0.00026992234292500883,128,q_W,q_W,73984,1,1.001980836311973,1,0.9889334205773964,1.0,reference_production_4,ok,09d81740c09e1434a4c78134a13a48b854f29cf5822e72d75983713cdb747963,deep_m0256_r1
3,deep,final_geometry_v15_20260930,4327fe4ece9317f6fd20fad18389a71e9b1f423b,32,1.0525887355951022,0.0027903394604606824,True,1.0521190004109506,3221.6817579358085,3189.016423415493,6508.4079575409205,730e4f17bcedf61bcf9781789d396e3460316d3788d7d1d55b2ca11e40a11643,0,True,,292,65535,full_posterior,256,0.0014610995550780456,1.0523538680030262,128,disp_A,disp_A,73984,1,1.0004556675787508,1,0.09134236821406666,1.0,reference_production_4,ok,09d81740c09e1434a4c78134a13a48b854f29cf5822e72d75983713cdb747963,deep_m0256_r1
3,deep,final_geometry_v15_20260930,4327fe4ece9317f6fd20fad18389a71e9b1f423b,32,1.0001321926157705,0.00046851400247185606,True,0.9996725153359809,3615.438375758142,3613.5778967191395,7820.92538430502,730e4f17bcedf61bcf9781789d396e3460316d3788d7d1d55b2ca11e40a11643,0,True,,184,65535,full_posterior,256,0.0002461379736173214,0.9999023539758753,128,disp_W1,disp_W1,73984,1,1.0013010415870018,1,0.01563097764611564,1.0,reference_production_4,ok,09d81740c09e1434a4c78134a13a48b854f29cf5822e72d75983713cdb747963,deep_m0256_r1
3,deep,final_geometry_v15_20260930,4327fe4ece9317f6fd20fad18389a71e9b1f423b,32,1.0000262194557104,0.00015767538164338958,True,1.0000691684676646,3950.828657888626,3950.7847941641203,7537.226394565146,730e4f17bcedf61bcf9781789d396e3460316d3788d7d1d55b2ca11e40a11643,0,True,,152,65535,full_posterior,256,8.127637993110661e-05,1.0000476939616874,128,disp_W2,disp_W2,73984,1,1.000449043005657,1,0.005476417532773209,1.0,reference_production_4,ok,09d81740c09e1434a4c78134a13a48b854f29cf5822e72d75983713cdb747963,deep_m0256_r1
3,deep,final_geometry_v15_20260930,4327fe4ece9317f6fd20fad18389a71e9b1f423b,32,0.7915108769528314,0.00015924759951879968,True,0.7916570203574973,9406.543212835739,9409.85010320408,13085.310484820111,730e4f17bcedf61bcf9781789d396e3460316d3788d7d1d55b2ca11e40a11643,0,True,,12,65535,full_posterior,256,8.159446558576854e-05,0.7915839486551643,128,S,S_archive,73984,1,1.0000589560682611,16,0.00781453054120863,1.0,reference_production_4,ok,09d81740c09e1434a4c78134a13a48b854f29cf5822e72d75983713cdb747963,deep_m0256_r1
3,deep,final_geometry_v15_20260930,4327fe4ece9317f6fd20fad18389a71e9b1f423b,32,69.96207739584318,0.12438916762072413,True,70.01250702524383,2492.2719417974854,2479.5067928072885,5391.349494543902,6d0c7a40235843727b7f20c09086921a471df32f597d55b0344ad0045c32577d,0,True,,1122,65535,full_posterior,256,0.06559241896358489,69.98729221054353,128,V,V,73984,2,1.0011800838477627,1,3.827919047241183,1.0,reference_production_4,ok,7d2b17335b5ae481f00e8793369fbe114f3ea563c80b91b01102266c3ab73d1e,deep_m0256_r2
3,deep,final_geometry_v15_20260930,4327fe4ece9317f6fd20fad18389a71e9b1f423b,32,37067.82228466307,5.451612960375447,True,37065.51957699447,3775.3160251130307,3776.3292293200525,8841.829876207126,6d0c7a40235843727b7f20c09086921a471df32f597d55b0344ad0045c32577d,0,True,,498,65535,full_posterior,256,2.8276192184935396,37066.67093082877,128,U,U,73984,2,1.0007989594064741,1,194.38807503007348,1.0,reference_production_4,ok,7d2b17335b5ae481f00e8793369fbe114f3ea563c80b91b01102266c3ab73d1e,deep_m0256_r2
3,deep,final_geometry_v15_20260930,4327fe4ece9317f6fd20fad18389a71e9b1f423b,32,-0.3151288234006533,0.01064768085888757,True,-0.30363452902599014,6362.3270379399355,6353.958414940415,13148.178675931005,6d0c7a40235843727b7f20c09086921a471df32f597d55b0344ad0045c32577d,0,True,,146,65535,full_posterior,256,0.005394884263787437,-0.3093816762133218,128,train_logit_0,train_logit_0,73984,2,1.0004539062588063,1,0.46064756472140417,1.0,reference_production_4,ok,7d2b17335b5ae481f00e8793369fbe114f3ea563c80b91b01102266c3ab73d1e,deep_m0256_r2
3,deep,final_geometry_v15_20260930,4327fe4ece9317f6fd20fad18389a71e9b1f423b,32,0.2190223357245514,0.00962747969209942,True,0.22505519026443285,7513.598968465171,7509.838968783317,16839.418639214644,6d0c7a40235843727b7f20c09086921a471df32f597d55b0344ad0045c32577d,0,True,,132,65535,full_posterior,256,0.004998810856144914,0.22203876299449213,128,train_logit_16,train_logit_16,73984,2,1.0002028212899563,1,0.4490112470739923,1.0,reference_production_4,ok,7d2b17335b5ae481f00e8793369fbe114f3ea563c80b91b01102266c3ab73d1e,deep_m0256_r2
3,deep,final_geometry_v15_20260930,4327fe4ece9317f6fd20fad18389a71e9b1f423b,32,-0.4119643399042282,0.009769567608130875,True,-0.41184046328624246,7197.137986307676,7189.415119131262,15182.887065601151,6d0c7a40235843727b7f20c09086921a471df32f597d55b0344ad0045c32577d,0,True,,148,65535,full_posterior,256,0.005010232175813895,-0.41190240159523533,128,train_logit_32,train_logit_32,73984,2,1.0007745398314474,1,0.4411878476677753,1.0,reference_production_4,ok,7d2b17335b5ae481f00e8793369fbe114f3ea563c80b91b01102266c3ab73d1e,deep_m0256_r2
3,deep,final_geometry_v15_20260930,4327fe4ece9317f6fd20fad18389a71e9b1f423b,32,-0.7457613204750699,0.010771697559610527,True,-0.7418021970159334,5909.763060106884,5870.077254709969,12850.736514765127,6d0c7a40235843727b7f20c09086921a471df32f597d55b0344ad0045c32577d,0,True,,396,65535,full_posterior,256,0.005532244036595774,-0.7437817587455017,128,train_logit_48,train_logit_48,73984,2,1.0010322751579448,1,0.4612410251109657,1.0,reference_production_4,ok,7d2b17335b5ae481f00e8793369fbe114f3ea563c80b91b01102266c3ab73d1e,deep_m0256_r2
3,deep,final_geometry_v15_20260930,4327fe4ece9317f6fd20fad18389a71e9b1f423b,32,0.34041396280051406,0.010362852528980107,True,0.33032278962796197,6509.60121997386,6494.1026201664445,13497.209301536841,6d0c7a40235843727b7f20c09086921a471df32f597d55b0344ad0045c32577d,0,True,,154,65535,full_posterior,256,0.005332103766931275,0.33536837621423804,128,train_logit_64,train_logit_64,73984,2,1.001366644803854,1,0.45381719923841424,1.0,reference_production_4,ok,7d2b17335b5ae481f00e8793369fbe114f3ea563c80b91b01102266c3ab73d1e,deep_m0256_r2
3,deep,final_geometry_v15_20260930,4327fe4ece9317f6fd20fad18389a71e9b1f423b,32,-0.44239532819517313,0.010304087398367972,True,-0.4700744088300734,6547.123990251275,6552.36702090889,15221.873015985868,6d0c7a40235843727b7f20c09086921a471df32f597d55b0344ad0045c32577d,0,True,,184,65535,full_posterior,256,0.00520268822346749,-0.4562348685126233,128,train_logit_80,train_logit_80,73984,2,1.000720060099819,1,0.44799404787389213,1.0,reference_production_4,ok,7d2b17335b5ae481f00e8793369fbe114f3ea563c80b91b01102266c3ab73d1e,deep_m0256_r2
3,deep,final_geometry_v15_20260930,4327fe4ece9317f6fd20fad18389a71e9b1f423b,32,-0.6375415162343827,0.010082998609172842,True,-0.6463287267572574,6678.103289915337,6661.622193344214,14008.009847988013,6d0c7a40235843727b7f20c09086921a471df32f597d55b0344ad0045c32577d,0,True,,218,65535,full_posterior,256,0.005139165353890869,-0.6419351214958201,128,train_logit_96,train_logit_96,73984,2,1.000667661767788,1,0.4433122917202069,1.0,reference_production_4,ok,7d2b17335b5ae481f00e8793369fbe114f3ea563c80b91b01102266c3ab73d1e,deep_m0256_r2
3,deep,final_geometry_v15_20260930,4327fe4ece9317f6fd20fad18389a71e9b1f423b,32,0.5734040964818472,0.009382025022460426,True,0.571336249749492,7234.835961300515,7216.223477295326,16704.427732252185,6d0c7a40235843727b7f20c09086921a471df32f597d55b0344ad0045c32577d,0,True,,184,65535,full_posterior,256,0.0047941412622350835,0.5723701731156694,128,train_logit_112,train_logit_112,73984,2,1.0001644102465548,1,0.429525228406703,1.0,reference_production_4,ok,7d2b17335b5ae481f00e8793369fbe114f3ea563c80b91b01102266c3ab73d1e,deep_m0256_r2
3,deep,final_geometry_v15_20260930,4327fe4ece9317f6fd20fad18389a71e9b1f423b,32,0.4511890307107567,0.003339155562451754,True,0.44916208320560885,6353.063172195758,6457.767581501674,14385.808505225183,6d0c7a40235843727b7f20c09086921a471df32f597d55b0344ad0045c32577d,0,True,,462,65535,full_posterior,256,0.0017182664902135822,0.4501755569581828,128,test_prob_0,test_prob_0,73984,2,1.0006538900163313,1,0.14697096104936624,1.0,reference_production_4,ok,7d2b17335b5ae481f00e8793369fbe114f3ea563c80b91b01102266c3ab73d1e,deep_m0256_r2
3,deep,final_geometry_v15_20260930,4327fe4ece9317f6fd20fad18389a71e9b1f423b,32,0.45416175772692213,0.0033921623476723247,True,0.45960880995265396,6886.228414100594,6915.069045378731,14396.23665392293,6d0c7a40235843727b7f20c09086921a471df32f597d55b0344ad0045c32577d,0,True,,108,65535,full_posterior,256,0.0016804332703328655,0.45688528383978805,128,test_prob_128,test_prob_128,73984,2,1.0005007236258696,1,0.1490706754338553,1.0,reference_production_4,ok,7d2b17335b5ae481f00e8793369fbe114f3ea563c80b91b01102266c3ab73d1e,deep_m0256_r2
3,deep,final_geometry_v15_20260930,4327fe4ece9317f6fd20fad18389a71e9b1f423b,32,0.678435456676635,0.0031284283922640116,True,0.677126337245428,5904.654774657883,6239.179586755392,11998.625628528342,6d0c7a40235843727b7f20c09086921a471df32f597d55b0344ad0045c32577d,0,True,,292,65535,full_posterior,256,0.0016071473713180004,0.6777808969610315,128,test_prob_256,test_prob_256,73984,2,1.0003805723059496,1,0.13401141673233202,1.0,reference_production_4,ok,7d2b17335b5ae481f00e8793369fbe114f3ea563c80b91b01102266c3ab73d1e,deep_m0256_r2
3,deep,final_geometry_v15_20260930,4327fe4ece9317f6fd20fad18389a71e9b1f423b,32,0.7726144249119697,0.002586855246440095,True,0.7729797116121591,5467.33691700772,5573.40304078393,12901.398215064713,6d0c7a40235843727b7f20c09086921a471df32f597d55b0344ad0045c32577d,0,True,,356,65535,full_posterior,256,0.0013441540387498596,0.7727970682620645,128,test_prob_384,test_prob_384,73984,2,1.0006963445104393,1,0.10919665379783614,1.0,reference_production_4,ok,7d2b17335b5ae481f00e8793369fbe114f3ea563c80b91b01102266c3ab73d1e,deep_m0256_r2
3,deep,final_geometry_v15_20260930,4327fe4ece9317f6fd20fad18389a71e9b1f423b,32,0.425182865271867,0.003317412307138769,True,0.42221694764953877,6207.512113931097,6231.362781420714,14124.191182765424,6d0c7a40235843727b7f20c09086921a471df32f597d55b0344ad0045c32577d,0,True,,272,65535,full_posterior,256,0.0017736646126462524,0.4236999064607029,128,test_prob_512,test_prob_512,73984,2,1.0011472236026346,1,0.1469971447638955,1.0,reference_production_4,ok,7d2b17335b5ae481f00e8793369fbe114f3ea563c80b91b01102266c3ab73d1e,deep_m0256_r2
3,deep,final_geometry_v15_20260930,4327fe4ece9317f6fd20fad18389a71e9b1f423b,32,0.6675803649542174,0.0032797081064832208,True,0.6690558045724944,5532.515056315416,5683.313753615226,11290.454442681441,6d0c7a40235843727b7f20c09086921a471df32f597d55b0344ad0045c32577d,0,True,,342,65535,full_posterior,256,0.0016894718452055864,0.668318084763356,128,test_prob_640,test_prob_640,73984,2,1.0002801265610883,1,0.13742722745802172,1.0,reference_production_4,ok,7d2b17335b5ae481f00e8793369fbe114f3ea563c80b91b01102266c3ab73d1e,deep_m0256_r2
3,deep,final_geometry_v15_20260930,4327fe4ece9317f6fd20fad18389a71e9b1f423b,32,0.6736410316328124,0.00324351357317777,True,0.6682565972307294,5960.985560486044,6090.822895483471,12645.540848949664,6d0c7a40235843727b7f20c09086921a471df32f597d55b0344ad0045c32577d,0,True,,178,65535,full_posterior,256,0.0016304430433875699,0.6709488144317707,128,test_prob_768,test_prob_768,73984,2,1.0010616630432434,1,0.13724341264774517,1.0,reference_production_4,ok,7d2b17335b5ae481f00e8793369fbe114f3ea563c80b91b01102266c3ab73d1e,deep_m0256_r2
3,deep,final_geometry_v15_20260930,4327fe4ece9317f6fd20fad18389a71e9b1f423b,32,0.4355377817695306,0.003428376545257185,True,0.4361415701933847,6564.879926089099,6594.661697891261,14123.997834705337,6d0c7a40235843727b7f20c09086921a471df32f597d55b0344ad0045c32577d,0,True,,218,65535,full_posterior,256,0.0017757692213354772,0.4358396759814577,128,test_prob_896,test_prob_896,73984,2,1.0004758080049951,1,0.1490842495314545,1.0,reference_production_4,ok,7d2b17335b5ae481f00e8793369fbe114f3ea563c80b91b01102266c3ab73d1e,deep_m0256_r2
3,deep,final_geometry_v15_20260930,4327fe4ece9317f6fd20fad18389a71e9b1f423b,32,-0.0038156250160041056,0.016654219301814887,True,-0.011597013189240054,4943.873774123615,4787.093140479062,7201.918465399274,6d0c7a40235843727b7f20c09086921a471df32f597d55b0344ad0045c32577d,0,True,,148,65535,full_posterior,256,0.00847115652228993,-0.007706319102622078,128,interaction_0,interaction_0,73984,2,1.0014924758097077,1,0.6236525750727909,1.0,reference_production_4,ok,7d2b17335b5ae481f00e8793369fbe114f3ea563c80b91b01102266c3ab73d1e,deep_m0256_r2
3,deep,final_geometry_v15_20260930,4327fe4ece9317f6fd20fad18389a71e9b1f423b,32,-0.013300392038475186,0.01791163722623745,True,-0.010734645705079237,4485.704769922007,4284.151983447214,6302.072112719902,6d0c7a40235843727b7f20c09086921a471df32f597d55b0344ad0045c32577d,0,True,,152,65535,full_posterior,256,0.009207858917244682,-0.012017518871777214,128,interaction_1,interaction_1,73984,2,1.0006200061594521,1,0.6439358821716719,1.0,reference_production_4,ok,7d2b17335b5ae481f00e8793369fbe114f3ea563c80b91b01102266c3ab73d1e,deep_m0256_r2
3,deep,final_geometry_v15_20260930,4327fe4ece9317f6fd20fad18389a71e9b1f423b,32,-0.007601942710212154,0.017597457026002353,True,-0.017255507087088708,4620.750847206924,4330.791901982378,5914.71379662293,6d0c7a40235843727b7f20c09086921a471df32f597d55b0344ad0045c32577d,0,True,,192,65535,full_posterior,256,0.009136864617697365,-0.012428724898650434,128,interaction_2,interaction_2,73984,2,1.000858099044518,1,0.6405063608698094,1.0,reference_production_4,ok,7d2b17335b5ae481f00e8793369fbe114f3ea563c80b91b01102266c3ab73d1e,deep_m0256_r2
3,deep,final_geometry_v15_20260930,4327fe4ece9317f6fd20fad18389a71e9b1f423b,32,-0.010098012842820268,0.01718955527444733,True,-0.015386559960650126,4671.246176808113,4509.087059119164,6596.711660687626,6d0c7a40235843727b7f20c09086921a471df32f597d55b0344ad0045c32577d,0,True,,200,65535,full_posterior,256,0.008682591068431663,-0.012742286401735196,128,interaction_3,interaction_3,73984,2,1.0003574072668482,1,0.6254174423706627,1.0,reference_production_4,ok,7d2b17335b5ae481f00e8793369fbe114f3ea563c80b91b01102266c3ab73d1e,deep_m0256_r2
3,deep,final_geometry_v15_20260930,4327fe4ece9317f6fd20fad18389a71e9b1f423b,32,0.043956723109126884,0.03480796009279433,True,0.011340184092733286,2335.0047680843745,2330.711729326963,4768.146158458971,6d0c7a40235843727b7f20c09086921a471df32f597d55b0344ad0045c32577d,0,True,,262,65535,full_posterior,256,0.01842557440249829,0.02764845360093008,128,q_A,q_A,73984,2,1.001927631286913,1,0.9971688613369831,1.0,reference_production_4,ok,7d2b17335b5ae481f00e8793369fbe114f3ea563c80b91b01102266c3ab73d1e,deep_m0256_r2
3,deep,final_geometry_v15_20260930,4327fe4ece9317f6fd20fad18389a71e9b1f423b,32,-0.008322027015515637,0.03516632654485488,True,0.014115653692886723,2049.7615464453324,2045.692062932909,4809.774106622443,6d0c7a40235843727b7f20c09086921a471df32f597d55b0344ad0045c32577d,0,True,,586,65535,full_posterior,256,0.018454543461306372,0.0028968133386855404,128,q_W,q_W,73984,2,1.0014673918966013,1,0.992791661327092,1.0,reference_production_4,ok,7d2b17335b5ae481f00e8793369fbe114f3ea563c80b91b01102266c3ab73d1e,deep_m0256_r2
3,deep,final_geometry_v15_20260930,4327fe4ece9317f6fd20fad18389a71e9b1f423b,32,1.0279808003747601,0.0024636165420551556,True,1.0296586406010564,4474.859230857197,4429.018541069426,7754.919382746649,6d0c7a40235843727b7f20c09086921a471df32f597d55b0344ad0045c32577d,0,True,,134,65535,full_posterior,256,0.001276900762761169,1.028819720487908,128,disp_A,disp_A,73984,2,1.0006651182241815,1,0.08976660984302545,1.0,reference_production_4,ok,7d2b17335b5ae481f00e8793369fbe114f3ea563c80b91b01102266c3ab73d1e,deep_m0256_r2
3,deep,final_geometry_v15_20260930,4327fe4ece9317f6fd20fad18389a71e9b1f423b,32,0.9996932338583299,0.0004182125063520491,True,1.000190698831211,4563.904760192219,4570.3785173397955,9137.673158088643,6d0c7a40235843727b7f20c09086921a471df32f597d55b0344ad0045c32577d,0,True,,196,65535,full_posterior,256,0.00021593368537409403,0.9999419663447706,128,disp_W1,disp_W1,73984,2,1.0006715990014103,1,0.015535773065131906,1.0,reference_production_4,ok,7d2b17335b5ae481f00e8793369fbe114f3ea563c80b91b01102266c3ab73d1e,deep_m0256_r2
3,deep,final_geometry_v15_20260930,4327fe4ece9317f6fd20fad18389a71e9b1f423b,32,1.000107885099351,0.00015708962700255533,True,0.9999673358630264,3684.3728509647613,3683.4830855294354,8255.65006211426,6d0c7a40235843727b7f20c09086921a471df32f597d55b0344ad0045c32577d,0,True,,592,65535,full_posterior,256,8.215144430338391e-05,1.0000376104811886,128,disp_W2,disp_W2,73984,2,1.001040110997626,1,0.005574421013932203,1.0,reference_production_4,ok,7d2b17335b5ae481f00e8793369fbe114f3ea563c80b91b01102266c3ab73d1e,deep_m0256_r2
3,deep,final_geometry_v15_20260930,4327fe4ece9317f6fd20fad18389a71e9b1f423b,32,0.7916492678207063,0.00015765574608797627,True,0.7915538833280547,9725.155734215725,9803.037420205017,14096.176167947448,6d0c7a40235843727b7f20c09086921a471df32f597d55b0344ad0045c32577d,0,True,,8,65535,full_posterior,256,7.974644421090027e-05,0.7916015755743804,128,S,S_archive,73984,2,1.0005340044101876,16,0.00790225497757518,1.0,reference_production_4,ok,7d2b17335b5ae481f00e8793369fbe114f3ea563c80b91b01102266c3ab73d1e,deep_m0256_r2
