L,T_per_chain,architecture,campaign_id,code_revision,constant,d,ess_mean_raw,estimate,estimate_over_sigma2,execution_hash,family,h,lag_window,law,m,n,n_draws_used,observable,p,replicate,sigma,stage,target_hash,target_id,role
2,1024.0,shallow,final_geometry_v15_20260930,4327fe4ece9317f6fd20fad18389a71e9b1f423b,False,32,4461.652312035719,0.45902276931694813,0.45902276931694813,3468d1dbfcfad19aff939d83b1b35b55398d7c7f82f99275416801ae2b578ce4,loss,0.005,856,full_posterior,64,128,819200,V,2112,0,1.0,dynamics_h_0p005_stage_2,71538f5fc37b1391ecadd17c52b8587909347d90439f7dcd7fdebf72a743c41f,shallow_m0064_r0,validation_or_superseded
2,1024.0,shallow,final_geometry_v15_20260930,4327fe4ece9317f6fd20fad18389a71e9b1f423b,False,32,4516.153501779485,0.45348325719952465,0.45348325719952465,3468d1dbfcfad19aff939d83b1b35b55398d7c7f82f99275416801ae2b578ce4,train_logit,0.005,636,full_posterior,64,128,819200,train_logit_0,2112,0,1.0,dynamics_h_0p005_stage_2,71538f5fc37b1391ecadd17c52b8587909347d90439f7dcd7fdebf72a743c41f,shallow_m0064_r0,validation_or_superseded
2,1024.0,shallow,final_geometry_v15_20260930,4327fe4ece9317f6fd20fad18389a71e9b1f423b,False,32,4607.849194395854,0.44445899021409224,0.44445899021409224,3468d1dbfcfad19aff939d83b1b35b55398d7c7f82f99275416801ae2b578ce4,train_logit,0.005,990,full_posterior,64,128,819200,train_logit_16,2112,0,1.0,dynamics_h_0p005_stage_2,71538f5fc37b1391ecadd17c52b8587909347d90439f7dcd7fdebf72a743c41f,shallow_m0064_r0,validation_or_superseded
2,1024.0,shallow,final_geometry_v15_20260930,4327fe4ece9317f6fd20fad18389a71e9b1f423b,False,32,4579.303638166844,0.44722957065582164,0.44722957065582164,3468d1dbfcfad19aff939d83b1b35b55398d7c7f82f99275416801ae2b578ce4,train_logit,0.005,636,full_posterior,64,128,819200,train_logit_32,2112,0,1.0,dynamics_h_0p005_stage_2,71538f5fc37b1391ecadd17c52b8587909347d90439f7dcd7fdebf72a743c41f,shallow_m0064_r0,validation_or_superseded
2,1024.0,shallow,final_geometry_v15_20260930,4327fe4ece9317f6fd20fad18389a71e9b1f423b,False,32,4779.385070697764,0.42850700868532515,0.42850700868532515,3468d1dbfcfad19aff939d83b1b35b55398d7c7f82f99275416801ae2b578ce4,train_logit,0.005,576,full_posterior,64,128,819200,train_logit_48,2112,0,1.0,dynamics_h_0p005_stage_2,71538f5fc37b1391ecadd17c52b8587909347d90439f7dcd7fdebf72a743c41f,shallow_m0064_r0,validation_or_superseded
2,1024.0,shallow,final_geometry_v15_20260930,4327fe4ece9317f6fd20fad18389a71e9b1f423b,False,32,4446.210971982743,0.46061691919371855,0.46061691919371855,3468d1dbfcfad19aff939d83b1b35b55398d7c7f82f99275416801ae2b578ce4,train_logit,0.005,882,full_posterior,64,128,819200,train_logit_64,2112,0,1.0,dynamics_h_0p005_stage_2,71538f5fc37b1391ecadd17c52b8587909347d90439f7dcd7fdebf72a743c41f,shallow_m0064_r0,validation_or_superseded
2,1024.0,shallow,final_geometry_v15_20260930,4327fe4ece9317f6fd20fad18389a71e9b1f423b,False,32,4598.11764216213,0.44539965250584324,0.44539965250584324,3468d1dbfcfad19aff939d83b1b35b55398d7c7f82f99275416801ae2b578ce4,train_logit,0.005,600,full_posterior,64,128,819200,train_logit_80,2112,0,1.0,dynamics_h_0p005_stage_2,71538f5fc37b1391ecadd17c52b8587909347d90439f7dcd7fdebf72a743c41f,shallow_m0064_r0,validation_or_superseded
2,1024.0,shallow,final_geometry_v15_20260930,4327fe4ece9317f6fd20fad18389a71e9b1f423b,False,32,4380.750649465965,0.4674997880214117,0.4674997880214117,3468d1dbfcfad19aff939d83b1b35b55398d7c7f82f99275416801ae2b578ce4,train_logit,0.005,628,full_posterior,64,128,819200,train_logit_96,2112,0,1.0,dynamics_h_0p005_stage_2,71538f5fc37b1391ecadd17c52b8587909347d90439f7dcd7fdebf72a743c41f,shallow_m0064_r0,validation_or_superseded
2,1024.0,shallow,final_geometry_v15_20260930,4327fe4ece9317f6fd20fad18389a71e9b1f423b,False,32,4542.087913511658,0.45089395868091303,0.45089395868091303,3468d1dbfcfad19aff939d83b1b35b55398d7c7f82f99275416801ae2b578ce4,train_logit,0.005,1028,full_posterior,64,128,819200,train_logit_112,2112,0,1.0,dynamics_h_0p005_stage_2,71538f5fc37b1391ecadd17c52b8587909347d90439f7dcd7fdebf72a743c41f,shallow_m0064_r0,validation_or_superseded
2,1024.0,shallow,final_geometry_v15_20260930,4327fe4ece9317f6fd20fad18389a71e9b1f423b,False,32,4073.243661806321,0.5027933926967172,0.5027933926967172,3468d1dbfcfad19aff939d83b1b35b55398d7c7f82f99275416801ae2b578ce4,test_probability,0.005,916,full_posterior,64,128,819200,test_prob_0,2112,0,1.0,dynamics_h_0p005_stage_2,71538f5fc37b1391ecadd17c52b8587909347d90439f7dcd7fdebf72a743c41f,shallow_m0064_r0,validation_or_superseded
2,1024.0,shallow,final_geometry_v15_20260930,4327fe4ece9317f6fd20fad18389a71e9b1f423b,False,32,3227.5752813364543,0.6345320624564881,0.6345320624564881,3468d1dbfcfad19aff939d83b1b35b55398d7c7f82f99275416801ae2b578ce4,test_probability,0.005,1784,full_posterior,64,128,819200,test_prob_128,2112,0,1.0,dynamics_h_0p005_stage_2,71538f5fc37b1391ecadd17c52b8587909347d90439f7dcd7fdebf72a743c41f,shallow_m0064_r0,validation_or_superseded
2,1024.0,shallow,final_geometry_v15_20260930,4327fe4ece9317f6fd20fad18389a71e9b1f423b,False,32,4345.111979602245,0.47133422788967466,0.47133422788967466,3468d1dbfcfad19aff939d83b1b35b55398d7c7f82f99275416801ae2b578ce4,test_probability,0.005,830,full_posterior,64,128,819200,test_prob_256,2112,0,1.0,dynamics_h_0p005_stage_2,71538f5fc37b1391ecadd17c52b8587909347d90439f7dcd7fdebf72a743c41f,shallow_m0064_r0,validation_or_superseded
2,1024.0,shallow,final_geometry_v15_20260930,4327fe4ece9317f6fd20fad18389a71e9b1f423b,False,32,4374.551786109168,0.4681622484166637,0.4681622484166637,3468d1dbfcfad19aff939d83b1b35b55398d7c7f82f99275416801ae2b578ce4,test_probability,0.005,790,full_posterior,64,128,819200,test_prob_384,2112,0,1.0,dynamics_h_0p005_stage_2,71538f5fc37b1391ecadd17c52b8587909347d90439f7dcd7fdebf72a743c41f,shallow_m0064_r0,validation_or_superseded
2,1024.0,shallow,final_geometry_v15_20260930,4327fe4ece9317f6fd20fad18389a71e9b1f423b,False,32,3903.415364952077,0.5246687345621861,0.5246687345621861,3468d1dbfcfad19aff939d83b1b35b55398d7c7f82f99275416801ae2b578ce4,test_probability,0.005,1910,full_posterior,64,128,819200,test_prob_512,2112,0,1.0,dynamics_h_0p005_stage_2,71538f5fc37b1391ecadd17c52b8587909347d90439f7dcd7fdebf72a743c41f,shallow_m0064_r0,validation_or_superseded
2,1024.0,shallow,final_geometry_v15_20260930,4327fe4ece9317f6fd20fad18389a71e9b1f423b,False,32,3778.501162956945,0.5420138599076928,0.5420138599076928,3468d1dbfcfad19aff939d83b1b35b55398d7c7f82f99275416801ae2b578ce4,test_probability,0.005,862,full_posterior,64,128,819200,test_prob_640,2112,0,1.0,dynamics_h_0p005_stage_2,71538f5fc37b1391ecadd17c52b8587909347d90439f7dcd7fdebf72a743c41f,shallow_m0064_r0,validation_or_superseded
2,1024.0,shallow,final_geometry_v15_20260930,4327fe4ece9317f6fd20fad18389a71e9b1f423b,False,32,3379.0104534014017,0.6060946032109574,0.6060946032109574,3468d1dbfcfad19aff939d83b1b35b55398d7c7f82f99275416801ae2b578ce4,test_probability,0.005,1864,full_posterior,64,128,819200,test_prob_768,2112,0,1.0,dynamics_h_0p005_stage_2,71538f5fc37b1391ecadd17c52b8587909347d90439f7dcd7fdebf72a743c41f,shallow_m0064_r0,validation_or_superseded
2,1024.0,shallow,final_geometry_v15_20260930,4327fe4ece9317f6fd20fad18389a71e9b1f423b,False,32,3785.0209929919606,0.5410802222212008,0.5410802222212008,3468d1dbfcfad19aff939d83b1b35b55398d7c7f82f99275416801ae2b578ce4,test_probability,0.005,1048,full_posterior,64,128,819200,test_prob_896,2112,0,1.0,dynamics_h_0p005_stage_2,71538f5fc37b1391ecadd17c52b8587909347d90439f7dcd7fdebf72a743c41f,shallow_m0064_r0,validation_or_superseded
2,1024.0,shallow,final_geometry_v15_20260930,4327fe4ece9317f6fd20fad18389a71e9b1f423b,False,32,3897.3745728744757,0.5254819524543455,0.5254819524543455,3468d1dbfcfad19aff939d83b1b35b55398d7c7f82f99275416801ae2b578ce4,interaction,0.005,542,full_posterior,64,128,819200,interaction_0,2112,0,1.0,dynamics_h_0p005_stage_2,71538f5fc37b1391ecadd17c52b8587909347d90439f7dcd7fdebf72a743c41f,shallow_m0064_r0,validation_or_superseded
2,1024.0,shallow,final_geometry_v15_20260930,4327fe4ece9317f6fd20fad18389a71e9b1f423b,False,32,4201.244619910374,0.4874745903378724,0.4874745903378724,3468d1dbfcfad19aff939d83b1b35b55398d7c7f82f99275416801ae2b578ce4,interaction,0.005,482,full_posterior,64,128,819200,interaction_1,2112,0,1.0,dynamics_h_0p005_stage_2,71538f5fc37b1391ecadd17c52b8587909347d90439f7dcd7fdebf72a743c41f,shallow_m0064_r0,validation_or_superseded
2,1024.0,shallow,final_geometry_v15_20260930,4327fe4ece9317f6fd20fad18389a71e9b1f423b,False,32,3819.050138834216,0.5362589978002128,0.5362589978002128,3468d1dbfcfad19aff939d83b1b35b55398d7c7f82f99275416801ae2b578ce4,interaction,0.005,762,full_posterior,64,128,819200,interaction_2,2112,0,1.0,dynamics_h_0p005_stage_2,71538f5fc37b1391ecadd17c52b8587909347d90439f7dcd7fdebf72a743c41f,shallow_m0064_r0,validation_or_superseded
2,1024.0,shallow,final_geometry_v15_20260930,4327fe4ece9317f6fd20fad18389a71e9b1f423b,False,32,4087.0574334048556,0.5010940103902203,0.5010940103902203,3468d1dbfcfad19aff939d83b1b35b55398d7c7f82f99275416801ae2b578ce4,interaction,0.005,496,full_posterior,64,128,819200,interaction_3,2112,0,1.0,dynamics_h_0p005_stage_2,71538f5fc37b1391ecadd17c52b8587909347d90439f7dcd7fdebf72a743c41f,shallow_m0064_r0,validation_or_superseded
2,1024.0,shallow,final_geometry_v15_20260930,4327fe4ece9317f6fd20fad18389a71e9b1f423b,False,32,1903.2977995983395,1.0760270938327137,1.0760270938327137,3468d1dbfcfad19aff939d83b1b35b55398d7c7f82f99275416801ae2b578ce4,control,0.005,976,full_posterior,64,128,819200,q_A,2112,0,1.0,dynamics_h_0p005_stage_2,71538f5fc37b1391ecadd17c52b8587909347d90439f7dcd7fdebf72a743c41f,shallow_m0064_r0,validation_or_superseded
2,1024.0,shallow,final_geometry_v15_20260930,4327fe4ece9317f6fd20fad18389a71e9b1f423b,False,32,2213.396314689542,0.9252748757229493,0.9252748757229493,3468d1dbfcfad19aff939d83b1b35b55398d7c7f82f99275416801ae2b578ce4,control,0.005,716,full_posterior,64,128,819200,q_W,2112,0,1.0,dynamics_h_0p005_stage_2,71538f5fc37b1391ecadd17c52b8587909347d90439f7dcd7fdebf72a743c41f,shallow_m0064_r0,validation_or_superseded
2,1024.0,shallow,final_geometry_v15_20260930,4327fe4ece9317f6fd20fad18389a71e9b1f423b,False,32,4077.419403564034,0.5022784750104105,0.5022784750104105,3468d1dbfcfad19aff939d83b1b35b55398d7c7f82f99275416801ae2b578ce4,control,0.005,430,full_posterior,64,128,819200,U,2112,0,1.0,dynamics_h_0p005_stage_2,71538f5fc37b1391ecadd17c52b8587909347d90439f7dcd7fdebf72a743c41f,shallow_m0064_r0,validation_or_superseded
2,1024.0,shallow,final_geometry_v15_20260930,4327fe4ece9317f6fd20fad18389a71e9b1f423b,False,32,4224.592209072704,0.484780518129473,0.484780518129473,f22190c1cd1da2f9fb2c434d433ad09b6625c74355174329534b70bffc3f5e47,loss,0.01,584,full_posterior,64,128,409600,V,2112,0,1.0,dynamics_h_0p01_stage_2,71538f5fc37b1391ecadd17c52b8587909347d90439f7dcd7fdebf72a743c41f,shallow_m0064_r0,production_final
2,1024.0,shallow,final_geometry_v15_20260930,4327fe4ece9317f6fd20fad18389a71e9b1f423b,False,32,4908.118030436379,0.41726787890997663,0.41726787890997663,f22190c1cd1da2f9fb2c434d433ad09b6625c74355174329534b70bffc3f5e47,train_logit,0.01,372,full_posterior,64,128,409600,train_logit_0,2112,0,1.0,dynamics_h_0p01_stage_2,71538f5fc37b1391ecadd17c52b8587909347d90439f7dcd7fdebf72a743c41f,shallow_m0064_r0,production_final
2,1024.0,shallow,final_geometry_v15_20260930,4327fe4ece9317f6fd20fad18389a71e9b1f423b,False,32,4189.421186647329,0.48885034680386347,0.48885034680386347,f22190c1cd1da2f9fb2c434d433ad09b6625c74355174329534b70bffc3f5e47,train_logit,0.01,862,full_posterior,64,128,409600,train_logit_16,2112,0,1.0,dynamics_h_0p01_stage_2,71538f5fc37b1391ecadd17c52b8587909347d90439f7dcd7fdebf72a743c41f,shallow_m0064_r0,production_final
2,1024.0,shallow,final_geometry_v15_20260930,4327fe4ece9317f6fd20fad18389a71e9b1f423b,False,32,4651.097815526997,0.4403261512073682,0.4403261512073682,f22190c1cd1da2f9fb2c434d433ad09b6625c74355174329534b70bffc3f5e47,train_logit,0.01,296,full_posterior,64,128,409600,train_logit_32,2112,0,1.0,dynamics_h_0p01_stage_2,71538f5fc37b1391ecadd17c52b8587909347d90439f7dcd7fdebf72a743c41f,shallow_m0064_r0,production_final
2,1024.0,shallow,final_geometry_v15_20260930,4327fe4ece9317f6fd20fad18389a71e9b1f423b,False,32,4423.444352982356,0.4629876260609464,0.4629876260609464,f22190c1cd1da2f9fb2c434d433ad09b6625c74355174329534b70bffc3f5e47,train_logit,0.01,568,full_posterior,64,128,409600,train_logit_48,2112,0,1.0,dynamics_h_0p01_stage_2,71538f5fc37b1391ecadd17c52b8587909347d90439f7dcd7fdebf72a743c41f,shallow_m0064_r0,production_final
2,1024.0,shallow,final_geometry_v15_20260930,4327fe4ece9317f6fd20fad18389a71e9b1f423b,False,32,3894.325401078384,0.525893393354568,0.525893393354568,f22190c1cd1da2f9fb2c434d433ad09b6625c74355174329534b70bffc3f5e47,train_logit,0.01,544,full_posterior,64,128,409600,train_logit_64,2112,0,1.0,dynamics_h_0p01_stage_2,71538f5fc37b1391ecadd17c52b8587909347d90439f7dcd7fdebf72a743c41f,shallow_m0064_r0,production_final
2,1024.0,shallow,final_geometry_v15_20260930,4327fe4ece9317f6fd20fad18389a71e9b1f423b,False,32,4048.8635609323037,0.5058209468358625,0.5058209468358625,f22190c1cd1da2f9fb2c434d433ad09b6625c74355174329534b70bffc3f5e47,train_logit,0.01,464,full_posterior,64,128,409600,train_logit_80,2112,0,1.0,dynamics_h_0p01_stage_2,71538f5fc37b1391ecadd17c52b8587909347d90439f7dcd7fdebf72a743c41f,shallow_m0064_r0,production_final
2,1024.0,shallow,final_geometry_v15_20260930,4327fe4ece9317f6fd20fad18389a71e9b1f423b,False,32,4135.235614667685,0.4952559396460366,0.4952559396460366,f22190c1cd1da2f9fb2c434d433ad09b6625c74355174329534b70bffc3f5e47,train_logit,0.01,768,full_posterior,64,128,409600,train_logit_96,2112,0,1.0,dynamics_h_0p01_stage_2,71538f5fc37b1391ecadd17c52b8587909347d90439f7dcd7fdebf72a743c41f,shallow_m0064_r0,production_final
2,1024.0,shallow,final_geometry_v15_20260930,4327fe4ece9317f6fd20fad18389a71e9b1f423b,False,32,4928.474187205346,0.4155444306306295,0.4155444306306295,f22190c1cd1da2f9fb2c434d433ad09b6625c74355174329534b70bffc3f5e47,train_logit,0.01,362,full_posterior,64,128,409600,train_logit_112,2112,0,1.0,dynamics_h_0p01_stage_2,71538f5fc37b1391ecadd17c52b8587909347d90439f7dcd7fdebf72a743c41f,shallow_m0064_r0,production_final
2,1024.0,shallow,final_geometry_v15_20260930,4327fe4ece9317f6fd20fad18389a71e9b1f423b,False,32,4059.6262672499274,0.5044799361265726,0.5044799361265726,f22190c1cd1da2f9fb2c434d433ad09b6625c74355174329534b70bffc3f5e47,test_probability,0.01,454,full_posterior,64,128,409600,test_prob_0,2112,0,1.0,dynamics_h_0p01_stage_2,71538f5fc37b1391ecadd17c52b8587909347d90439f7dcd7fdebf72a743c41f,shallow_m0064_r0,production_final
2,1024.0,shallow,final_geometry_v15_20260930,4327fe4ece9317f6fd20fad18389a71e9b1f423b,False,32,3855.446145140252,0.5311966301439541,0.5311966301439541,f22190c1cd1da2f9fb2c434d433ad09b6625c74355174329534b70bffc3f5e47,test_probability,0.01,518,full_posterior,64,128,409600,test_prob_128,2112,0,1.0,dynamics_h_0p01_stage_2,71538f5fc37b1391ecadd17c52b8587909347d90439f7dcd7fdebf72a743c41f,shallow_m0064_r0,production_final
2,1024.0,shallow,final_geometry_v15_20260930,4327fe4ece9317f6fd20fad18389a71e9b1f423b,False,32,4032.2257399948335,0.5079080716355489,0.5079080716355489,f22190c1cd1da2f9fb2c434d433ad09b6625c74355174329534b70bffc3f5e47,test_probability,0.01,602,full_posterior,64,128,409600,test_prob_256,2112,0,1.0,dynamics_h_0p01_stage_2,71538f5fc37b1391ecadd17c52b8587909347d90439f7dcd7fdebf72a743c41f,shallow_m0064_r0,production_final
2,1024.0,shallow,final_geometry_v15_20260930,4327fe4ece9317f6fd20fad18389a71e9b1f423b,False,32,4112.854895775776,0.49795094937666207,0.49795094937666207,f22190c1cd1da2f9fb2c434d433ad09b6625c74355174329534b70bffc3f5e47,test_probability,0.01,794,full_posterior,64,128,409600,test_prob_384,2112,0,1.0,dynamics_h_0p01_stage_2,71538f5fc37b1391ecadd17c52b8587909347d90439f7dcd7fdebf72a743c41f,shallow_m0064_r0,production_final
2,1024.0,shallow,final_geometry_v15_20260930,4327fe4ece9317f6fd20fad18389a71e9b1f423b,False,32,3972.9374469296026,0.5154876026509685,0.5154876026509685,f22190c1cd1da2f9fb2c434d433ad09b6625c74355174329534b70bffc3f5e47,test_probability,0.01,860,full_posterior,64,128,409600,test_prob_512,2112,0,1.0,dynamics_h_0p01_stage_2,71538f5fc37b1391ecadd17c52b8587909347d90439f7dcd7fdebf72a743c41f,shallow_m0064_r0,production_final
2,1024.0,shallow,final_geometry_v15_20260930,4327fe4ece9317f6fd20fad18389a71e9b1f423b,False,32,3971.502742833159,0.5156738223826617,0.5156738223826617,f22190c1cd1da2f9fb2c434d433ad09b6625c74355174329534b70bffc3f5e47,test_probability,0.01,496,full_posterior,64,128,409600,test_prob_640,2112,0,1.0,dynamics_h_0p01_stage_2,71538f5fc37b1391ecadd17c52b8587909347d90439f7dcd7fdebf72a743c41f,shallow_m0064_r0,production_final
2,1024.0,shallow,final_geometry_v15_20260930,4327fe4ece9317f6fd20fad18389a71e9b1f423b,False,32,4282.217691346707,0.47825686305917997,0.47825686305917997,f22190c1cd1da2f9fb2c434d433ad09b6625c74355174329534b70bffc3f5e47,test_probability,0.01,508,full_posterior,64,128,409600,test_prob_768,2112,0,1.0,dynamics_h_0p01_stage_2,71538f5fc37b1391ecadd17c52b8587909347d90439f7dcd7fdebf72a743c41f,shallow_m0064_r0,production_final
2,1024.0,shallow,final_geometry_v15_20260930,4327fe4ece9317f6fd20fad18389a71e9b1f423b,False,32,4380.7628819880965,0.46749848260916776,0.46749848260916776,f22190c1cd1da2f9fb2c434d433ad09b6625c74355174329534b70bffc3f5e47,test_probability,0.01,358,full_posterior,64,128,409600,test_prob_896,2112,0,1.0,dynamics_h_0p01_stage_2,71538f5fc37b1391ecadd17c52b8587909347d90439f7dcd7fdebf72a743c41f,shallow_m0064_r0,production_final
2,1024.0,shallow,final_geometry_v15_20260930,4327fe4ece9317f6fd20fad18389a71e9b1f423b,False,32,4092.768775994694,0.5003947479300881,0.5003947479300881,f22190c1cd1da2f9fb2c434d433ad09b6625c74355174329534b70bffc3f5e47,interaction,0.01,338,full_posterior,64,128,409600,interaction_0,2112,0,1.0,dynamics_h_0p01_stage_2,71538f5fc37b1391ecadd17c52b8587909347d90439f7dcd7fdebf72a743c41f,shallow_m0064_r0,production_final
2,1024.0,shallow,final_geometry_v15_20260930,4327fe4ece9317f6fd20fad18389a71e9b1f423b,False,32,4248.405465710828,0.4820632156063136,0.4820632156063136,f22190c1cd1da2f9fb2c434d433ad09b6625c74355174329534b70bffc3f5e47,interaction,0.01,210,full_posterior,64,128,409600,interaction_1,2112,0,1.0,dynamics_h_0p01_stage_2,71538f5fc37b1391ecadd17c52b8587909347d90439f7dcd7fdebf72a743c41f,shallow_m0064_r0,production_final
2,1024.0,shallow,final_geometry_v15_20260930,4327fe4ece9317f6fd20fad18389a71e9b1f423b,False,32,3886.4991372007444,0.5269523876634833,0.5269523876634833,f22190c1cd1da2f9fb2c434d433ad09b6625c74355174329534b70bffc3f5e47,interaction,0.01,392,full_posterior,64,128,409600,interaction_2,2112,0,1.0,dynamics_h_0p01_stage_2,71538f5fc37b1391ecadd17c52b8587909347d90439f7dcd7fdebf72a743c41f,shallow_m0064_r0,production_final
2,1024.0,shallow,final_geometry_v15_20260930,4327fe4ece9317f6fd20fad18389a71e9b1f423b,False,32,3601.2842579099697,0.5686860168012872,0.5686860168012872,f22190c1cd1da2f9fb2c434d433ad09b6625c74355174329534b70bffc3f5e47,interaction,0.01,358,full_posterior,64,128,409600,interaction_3,2112,0,1.0,dynamics_h_0p01_stage_2,71538f5fc37b1391ecadd17c52b8587909347d90439f7dcd7fdebf72a743c41f,shallow_m0064_r0,production_final
2,1024.0,shallow,final_geometry_v15_20260930,4327fe4ece9317f6fd20fad18389a71e9b1f423b,False,32,1608.286991678901,1.2734045668441798,1.2734045668441798,f22190c1cd1da2f9fb2c434d433ad09b6625c74355174329534b70bffc3f5e47,control,0.01,1434,full_posterior,64,128,409600,q_A,2112,0,1.0,dynamics_h_0p01_stage_2,71538f5fc37b1391ecadd17c52b8587909347d90439f7dcd7fdebf72a743c41f,shallow_m0064_r0,production_final
2,1024.0,shallow,final_geometry_v15_20260930,4327fe4ece9317f6fd20fad18389a71e9b1f423b,False,32,2199.460097624602,0.9311376015467717,0.9311376015467717,f22190c1cd1da2f9fb2c434d433ad09b6625c74355174329534b70bffc3f5e47,control,0.01,416,full_posterior,64,128,409600,q_W,2112,0,1.0,dynamics_h_0p01_stage_2,71538f5fc37b1391ecadd17c52b8587909347d90439f7dcd7fdebf72a743c41f,shallow_m0064_r0,production_final
2,1024.0,shallow,final_geometry_v15_20260930,4327fe4ece9317f6fd20fad18389a71e9b1f423b,False,32,4114.4908157402015,0.4977529642708809,0.4977529642708809,f22190c1cd1da2f9fb2c434d433ad09b6625c74355174329534b70bffc3f5e47,control,0.01,454,full_posterior,64,128,409600,U,2112,0,1.0,dynamics_h_0p01_stage_2,71538f5fc37b1391ecadd17c52b8587909347d90439f7dcd7fdebf72a743c41f,shallow_m0064_r0,production_final
2,1024.0,shallow,final_geometry_v15_20260930,4327fe4ece9317f6fd20fad18389a71e9b1f423b,False,32,4558.605976849956,0.4492601489140304,0.4492601489140304,db590ad535a08a897b115f001191e96e9e6a1324df15849ab159cf53ebdfd41b,loss,0.02,180,full_posterior,64,128,204800,V,2112,0,1.0,dynamics_h_0p02_stage_2,71538f5fc37b1391ecadd17c52b8587909347d90439f7dcd7fdebf72a743c41f,shallow_m0064_r0,validation_or_superseded
2,1024.0,shallow,final_geometry_v15_20260930,4327fe4ece9317f6fd20fad18389a71e9b1f423b,False,32,4119.011475774383,0.49720667496197535,0.49720667496197535,db590ad535a08a897b115f001191e96e9e6a1324df15849ab159cf53ebdfd41b,train_logit,0.02,222,full_posterior,64,128,204800,train_logit_0,2112,0,1.0,dynamics_h_0p02_stage_2,71538f5fc37b1391ecadd17c52b8587909347d90439f7dcd7fdebf72a743c41f,shallow_m0064_r0,validation_or_superseded
2,1024.0,shallow,final_geometry_v15_20260930,4327fe4ece9317f6fd20fad18389a71e9b1f423b,False,32,4985.0866353861675,0.41082535767030914,0.41082535767030914,db590ad535a08a897b115f001191e96e9e6a1324df15849ab159cf53ebdfd41b,train_logit,0.02,130,full_posterior,64,128,204800,train_logit_16,2112,0,1.0,dynamics_h_0p02_stage_2,71538f5fc37b1391ecadd17c52b8587909347d90439f7dcd7fdebf72a743c41f,shallow_m0064_r0,validation_or_superseded
2,1024.0,shallow,final_geometry_v15_20260930,4327fe4ece9317f6fd20fad18389a71e9b1f423b,False,32,4219.427085430283,0.4853739520874199,0.4853739520874199,db590ad535a08a897b115f001191e96e9e6a1324df15849ab159cf53ebdfd41b,train_logit,0.02,382,full_posterior,64,128,204800,train_logit_32,2112,0,1.0,dynamics_h_0p02_stage_2,71538f5fc37b1391ecadd17c52b8587909347d90439f7dcd7fdebf72a743c41f,shallow_m0064_r0,validation_or_superseded
2,1024.0,shallow,final_geometry_v15_20260930,4327fe4ece9317f6fd20fad18389a71e9b1f423b,False,32,4500.682933102785,0.45504205260424835,0.45504205260424835,db590ad535a08a897b115f001191e96e9e6a1324df15849ab159cf53ebdfd41b,train_logit,0.02,298,full_posterior,64,128,204800,train_logit_48,2112,0,1.0,dynamics_h_0p02_stage_2,71538f5fc37b1391ecadd17c52b8587909347d90439f7dcd7fdebf72a743c41f,shallow_m0064_r0,validation_or_superseded
2,1024.0,shallow,final_geometry_v15_20260930,4327fe4ece9317f6fd20fad18389a71e9b1f423b,False,32,4241.815803422661,0.4828121009751291,0.4828121009751291,db590ad535a08a897b115f001191e96e9e6a1324df15849ab159cf53ebdfd41b,train_logit,0.02,226,full_posterior,64,128,204800,train_logit_64,2112,0,1.0,dynamics_h_0p02_stage_2,71538f5fc37b1391ecadd17c52b8587909347d90439f7dcd7fdebf72a743c41f,shallow_m0064_r0,validation_or_superseded
2,1024.0,shallow,final_geometry_v15_20260930,4327fe4ece9317f6fd20fad18389a71e9b1f423b,False,32,4277.01849479227,0.47883823801408865,0.47883823801408865,db590ad535a08a897b115f001191e96e9e6a1324df15849ab159cf53ebdfd41b,train_logit,0.02,246,full_posterior,64,128,204800,train_logit_80,2112,0,1.0,dynamics_h_0p02_stage_2,71538f5fc37b1391ecadd17c52b8587909347d90439f7dcd7fdebf72a743c41f,shallow_m0064_r0,validation_or_superseded
2,1024.0,shallow,final_geometry_v15_20260930,4327fe4ece9317f6fd20fad18389a71e9b1f423b,False,32,4504.502774236846,0.45465617464226626,0.45465617464226626,db590ad535a08a897b115f001191e96e9e6a1324df15849ab159cf53ebdfd41b,train_logit,0.02,406,full_posterior,64,128,204800,train_logit_96,2112,0,1.0,dynamics_h_0p02_stage_2,71538f5fc37b1391ecadd17c52b8587909347d90439f7dcd7fdebf72a743c41f,shallow_m0064_r0,validation_or_superseded
2,1024.0,shallow,final_geometry_v15_20260930,4327fe4ece9317f6fd20fad18389a71e9b1f423b,False,32,5364.252463148664,0.38178665416464797,0.38178665416464797,db590ad535a08a897b115f001191e96e9e6a1324df15849ab159cf53ebdfd41b,train_logit,0.02,152,full_posterior,64,128,204800,train_logit_112,2112,0,1.0,dynamics_h_0p02_stage_2,71538f5fc37b1391ecadd17c52b8587909347d90439f7dcd7fdebf72a743c41f,shallow_m0064_r0,validation_or_superseded
2,1024.0,shallow,final_geometry_v15_20260930,4327fe4ece9317f6fd20fad18389a71e9b1f423b,False,32,3642.422821590621,0.5622631145018064,0.5622631145018064,db590ad535a08a897b115f001191e96e9e6a1324df15849ab159cf53ebdfd41b,test_probability,0.02,482,full_posterior,64,128,204800,test_prob_0,2112,0,1.0,dynamics_h_0p02_stage_2,71538f5fc37b1391ecadd17c52b8587909347d90439f7dcd7fdebf72a743c41f,shallow_m0064_r0,validation_or_superseded
2,1024.0,shallow,final_geometry_v15_20260930,4327fe4ece9317f6fd20fad18389a71e9b1f423b,False,32,3619.6519679056114,0.5658002532174401,0.5658002532174401,db590ad535a08a897b115f001191e96e9e6a1324df15849ab159cf53ebdfd41b,test_probability,0.02,330,full_posterior,64,128,204800,test_prob_128,2112,0,1.0,dynamics_h_0p02_stage_2,71538f5fc37b1391ecadd17c52b8587909347d90439f7dcd7fdebf72a743c41f,shallow_m0064_r0,validation_or_superseded
2,1024.0,shallow,final_geometry_v15_20260930,4327fe4ece9317f6fd20fad18389a71e9b1f423b,False,32,4049.587322405675,0.5057305441146474,0.5057305441146474,db590ad535a08a897b115f001191e96e9e6a1324df15849ab159cf53ebdfd41b,test_probability,0.02,616,full_posterior,64,128,204800,test_prob_256,2112,0,1.0,dynamics_h_0p02_stage_2,71538f5fc37b1391ecadd17c52b8587909347d90439f7dcd7fdebf72a743c41f,shallow_m0064_r0,validation_or_superseded
2,1024.0,shallow,final_geometry_v15_20260930,4327fe4ece9317f6fd20fad18389a71e9b1f423b,False,32,3830.1987502587804,0.534698101465787,0.534698101465787,db590ad535a08a897b115f001191e96e9e6a1324df15849ab159cf53ebdfd41b,test_probability,0.02,190,full_posterior,64,128,204800,test_prob_384,2112,0,1.0,dynamics_h_0p02_stage_2,71538f5fc37b1391ecadd17c52b8587909347d90439f7dcd7fdebf72a743c41f,shallow_m0064_r0,validation_or_superseded
2,1024.0,shallow,final_geometry_v15_20260930,4327fe4ece9317f6fd20fad18389a71e9b1f423b,False,32,4067.4941623450977,0.5035041030813019,0.5035041030813019,db590ad535a08a897b115f001191e96e9e6a1324df15849ab159cf53ebdfd41b,test_probability,0.02,200,full_posterior,64,128,204800,test_prob_512,2112,0,1.0,dynamics_h_0p02_stage_2,71538f5fc37b1391ecadd17c52b8587909347d90439f7dcd7fdebf72a743c41f,shallow_m0064_r0,validation_or_superseded
2,1024.0,shallow,final_geometry_v15_20260930,4327fe4ece9317f6fd20fad18389a71e9b1f423b,False,32,4388.561071016164,0.4666677680586064,0.4666677680586064,db590ad535a08a897b115f001191e96e9e6a1324df15849ab159cf53ebdfd41b,test_probability,0.02,158,full_posterior,64,128,204800,test_prob_640,2112,0,1.0,dynamics_h_0p02_stage_2,71538f5fc37b1391ecadd17c52b8587909347d90439f7dcd7fdebf72a743c41f,shallow_m0064_r0,validation_or_superseded
2,1024.0,shallow,final_geometry_v15_20260930,4327fe4ece9317f6fd20fad18389a71e9b1f423b,False,32,3923.0812952854144,0.5220386338822995,0.5220386338822995,db590ad535a08a897b115f001191e96e9e6a1324df15849ab159cf53ebdfd41b,test_probability,0.02,210,full_posterior,64,128,204800,test_prob_768,2112,0,1.0,dynamics_h_0p02_stage_2,71538f5fc37b1391ecadd17c52b8587909347d90439f7dcd7fdebf72a743c41f,shallow_m0064_r0,validation_or_superseded
2,1024.0,shallow,final_geometry_v15_20260930,4327fe4ece9317f6fd20fad18389a71e9b1f423b,False,32,4526.466347836073,0.4524500664804609,0.4524500664804609,db590ad535a08a897b115f001191e96e9e6a1324df15849ab159cf53ebdfd41b,test_probability,0.02,138,full_posterior,64,128,204800,test_prob_896,2112,0,1.0,dynamics_h_0p02_stage_2,71538f5fc37b1391ecadd17c52b8587909347d90439f7dcd7fdebf72a743c41f,shallow_m0064_r0,validation_or_superseded
2,1024.0,shallow,final_geometry_v15_20260930,4327fe4ece9317f6fd20fad18389a71e9b1f423b,False,32,3958.7943564589873,0.5173292208670999,0.5173292208670999,db590ad535a08a897b115f001191e96e9e6a1324df15849ab159cf53ebdfd41b,interaction,0.02,136,full_posterior,64,128,204800,interaction_0,2112,0,1.0,dynamics_h_0p02_stage_2,71538f5fc37b1391ecadd17c52b8587909347d90439f7dcd7fdebf72a743c41f,shallow_m0064_r0,validation_or_superseded
2,1024.0,shallow,final_geometry_v15_20260930,4327fe4ece9317f6fd20fad18389a71e9b1f423b,False,32,3852.850375725569,0.5315545116683439,0.5315545116683439,db590ad535a08a897b115f001191e96e9e6a1324df15849ab159cf53ebdfd41b,interaction,0.02,138,full_posterior,64,128,204800,interaction_1,2112,0,1.0,dynamics_h_0p02_stage_2,71538f5fc37b1391ecadd17c52b8587909347d90439f7dcd7fdebf72a743c41f,shallow_m0064_r0,validation_or_superseded
2,1024.0,shallow,final_geometry_v15_20260930,4327fe4ece9317f6fd20fad18389a71e9b1f423b,False,32,3607.7218141311682,0.5676712633380273,0.5676712633380273,db590ad535a08a897b115f001191e96e9e6a1324df15849ab159cf53ebdfd41b,interaction,0.02,204,full_posterior,64,128,204800,interaction_2,2112,0,1.0,dynamics_h_0p02_stage_2,71538f5fc37b1391ecadd17c52b8587909347d90439f7dcd7fdebf72a743c41f,shallow_m0064_r0,validation_or_superseded
2,1024.0,shallow,final_geometry_v15_20260930,4327fe4ece9317f6fd20fad18389a71e9b1f423b,False,32,3761.522754555067,0.5444603512021685,0.5444603512021685,db590ad535a08a897b115f001191e96e9e6a1324df15849ab159cf53ebdfd41b,interaction,0.02,148,full_posterior,64,128,204800,interaction_3,2112,0,1.0,dynamics_h_0p02_stage_2,71538f5fc37b1391ecadd17c52b8587909347d90439f7dcd7fdebf72a743c41f,shallow_m0064_r0,validation_or_superseded
2,1024.0,shallow,final_geometry_v15_20260930,4327fe4ece9317f6fd20fad18389a71e9b1f423b,False,32,1793.8825191615385,1.1416578165649534,1.1416578165649534,db590ad535a08a897b115f001191e96e9e6a1324df15849ab159cf53ebdfd41b,control,0.02,400,full_posterior,64,128,204800,q_A,2112,0,1.0,dynamics_h_0p02_stage_2,71538f5fc37b1391ecadd17c52b8587909347d90439f7dcd7fdebf72a743c41f,shallow_m0064_r0,validation_or_superseded
2,1024.0,shallow,final_geometry_v15_20260930,4327fe4ece9317f6fd20fad18389a71e9b1f423b,False,32,2067.3502546453788,0.9906400695276969,0.9906400695276969,db590ad535a08a897b115f001191e96e9e6a1324df15849ab159cf53ebdfd41b,control,0.02,268,full_posterior,64,128,204800,q_W,2112,0,1.0,dynamics_h_0p02_stage_2,71538f5fc37b1391ecadd17c52b8587909347d90439f7dcd7fdebf72a743c41f,shallow_m0064_r0,validation_or_superseded
2,1024.0,shallow,final_geometry_v15_20260930,4327fe4ece9317f6fd20fad18389a71e9b1f423b,False,32,3945.595239537442,0.5190598314489286,0.5190598314489286,db590ad535a08a897b115f001191e96e9e6a1324df15849ab159cf53ebdfd41b,control,0.02,386,full_posterior,64,128,204800,U,2112,0,1.0,dynamics_h_0p02_stage_2,71538f5fc37b1391ecadd17c52b8587909347d90439f7dcd7fdebf72a743c41f,shallow_m0064_r0,validation_or_superseded
2,1024.0,shallow,final_geometry_v15_20260930,4327fe4ece9317f6fd20fad18389a71e9b1f423b,False,32,4045.6089768389397,0.5062278662433206,0.5062278662433206,dcafc5ae0de1479fb220ba30e298ef902e6b66a3d231a72cfa038d595eb3aa76,loss,0.005,940,full_posterior,64,128,819200,V,2112,1,1.0,dynamics_h_0p005_stage_2,2ebbaf17c0b875a151400adfe0c20fdcca7ef1fee9db82b7da14f8303c6ed54d,shallow_m0064_r1,validation_or_superseded
2,1024.0,shallow,final_geometry_v15_20260930,4327fe4ece9317f6fd20fad18389a71e9b1f423b,False,32,4568.000843429805,0.4483361694089124,0.4483361694089124,dcafc5ae0de1479fb220ba30e298ef902e6b66a3d231a72cfa038d595eb3aa76,train_logit,0.005,748,full_posterior,64,128,819200,train_logit_0,2112,1,1.0,dynamics_h_0p005_stage_2,2ebbaf17c0b875a151400adfe0c20fdcca7ef1fee9db82b7da14f8303c6ed54d,shallow_m0064_r1,validation_or_superseded
2,1024.0,shallow,final_geometry_v15_20260930,4327fe4ece9317f6fd20fad18389a71e9b1f423b,False,32,3772.923474113758,0.5428151442910104,0.5428151442910104,dcafc5ae0de1479fb220ba30e298ef902e6b66a3d231a72cfa038d595eb3aa76,train_logit,0.005,1162,full_posterior,64,128,819200,train_logit_16,2112,1,1.0,dynamics_h_0p005_stage_2,2ebbaf17c0b875a151400adfe0c20fdcca7ef1fee9db82b7da14f8303c6ed54d,shallow_m0064_r1,validation_or_superseded
2,1024.0,shallow,final_geometry_v15_20260930,4327fe4ece9317f6fd20fad18389a71e9b1f423b,False,32,4921.314808404417,0.4161489520041495,0.4161489520041495,dcafc5ae0de1479fb220ba30e298ef902e6b66a3d231a72cfa038d595eb3aa76,train_logit,0.005,488,full_posterior,64,128,819200,train_logit_32,2112,1,1.0,dynamics_h_0p005_stage_2,2ebbaf17c0b875a151400adfe0c20fdcca7ef1fee9db82b7da14f8303c6ed54d,shallow_m0064_r1,validation_or_superseded
2,1024.0,shallow,final_geometry_v15_20260930,4327fe4ece9317f6fd20fad18389a71e9b1f423b,False,32,4065.2852357791257,0.5037776887031873,0.5037776887031873,dcafc5ae0de1479fb220ba30e298ef902e6b66a3d231a72cfa038d595eb3aa76,train_logit,0.005,686,full_posterior,64,128,819200,train_logit_48,2112,1,1.0,dynamics_h_0p005_stage_2,2ebbaf17c0b875a151400adfe0c20fdcca7ef1fee9db82b7da14f8303c6ed54d,shallow_m0064_r1,validation_or_superseded
2,1024.0,shallow,final_geometry_v15_20260930,4327fe4ece9317f6fd20fad18389a71e9b1f423b,False,32,4269.531376972166,0.47967793632948663,0.47967793632948663,dcafc5ae0de1479fb220ba30e298ef902e6b66a3d231a72cfa038d595eb3aa76,train_logit,0.005,834,full_posterior,64,128,819200,train_logit_64,2112,1,1.0,dynamics_h_0p005_stage_2,2ebbaf17c0b875a151400adfe0c20fdcca7ef1fee9db82b7da14f8303c6ed54d,shallow_m0064_r1,validation_or_superseded
2,1024.0,shallow,final_geometry_v15_20260930,4327fe4ece9317f6fd20fad18389a71e9b1f423b,False,32,4210.629922565333,0.4863880316397535,0.4863880316397535,dcafc5ae0de1479fb220ba30e298ef902e6b66a3d231a72cfa038d595eb3aa76,train_logit,0.005,1120,full_posterior,64,128,819200,train_logit_80,2112,1,1.0,dynamics_h_0p005_stage_2,2ebbaf17c0b875a151400adfe0c20fdcca7ef1fee9db82b7da14f8303c6ed54d,shallow_m0064_r1,validation_or_superseded
2,1024.0,shallow,final_geometry_v15_20260930,4327fe4ece9317f6fd20fad18389a71e9b1f423b,False,32,4099.20614452822,0.4996089310447952,0.4996089310447952,dcafc5ae0de1479fb220ba30e298ef902e6b66a3d231a72cfa038d595eb3aa76,train_logit,0.005,950,full_posterior,64,128,819200,train_logit_96,2112,1,1.0,dynamics_h_0p005_stage_2,2ebbaf17c0b875a151400adfe0c20fdcca7ef1fee9db82b7da14f8303c6ed54d,shallow_m0064_r1,validation_or_superseded
2,1024.0,shallow,final_geometry_v15_20260930,4327fe4ece9317f6fd20fad18389a71e9b1f423b,False,32,3963.2771584960856,0.5167440777160129,0.5167440777160129,dcafc5ae0de1479fb220ba30e298ef902e6b66a3d231a72cfa038d595eb3aa76,train_logit,0.005,1136,full_posterior,64,128,819200,train_logit_112,2112,1,1.0,dynamics_h_0p005_stage_2,2ebbaf17c0b875a151400adfe0c20fdcca7ef1fee9db82b7da14f8303c6ed54d,shallow_m0064_r1,validation_or_superseded
2,1024.0,shallow,final_geometry_v15_20260930,4327fe4ece9317f6fd20fad18389a71e9b1f423b,False,32,3876.7030508870243,0.528283949819525,0.528283949819525,dcafc5ae0de1479fb220ba30e298ef902e6b66a3d231a72cfa038d595eb3aa76,test_probability,0.005,1008,full_posterior,64,128,819200,test_prob_0,2112,1,1.0,dynamics_h_0p005_stage_2,2ebbaf17c0b875a151400adfe0c20fdcca7ef1fee9db82b7da14f8303c6ed54d,shallow_m0064_r1,validation_or_superseded
2,1024.0,shallow,final_geometry_v15_20260930,4327fe4ece9317f6fd20fad18389a71e9b1f423b,False,32,3798.333068858345,0.5391838901098691,0.5391838901098691,dcafc5ae0de1479fb220ba30e298ef902e6b66a3d231a72cfa038d595eb3aa76,test_probability,0.005,1160,full_posterior,64,128,819200,test_prob_128,2112,1,1.0,dynamics_h_0p005_stage_2,2ebbaf17c0b875a151400adfe0c20fdcca7ef1fee9db82b7da14f8303c6ed54d,shallow_m0064_r1,validation_or_superseded
2,1024.0,shallow,final_geometry_v15_20260930,4327fe4ece9317f6fd20fad18389a71e9b1f423b,False,32,3438.7804608272304,0.5955599734643527,0.5955599734643527,dcafc5ae0de1479fb220ba30e298ef902e6b66a3d231a72cfa038d595eb3aa76,test_probability,0.005,1208,full_posterior,64,128,819200,test_prob_256,2112,1,1.0,dynamics_h_0p005_stage_2,2ebbaf17c0b875a151400adfe0c20fdcca7ef1fee9db82b7da14f8303c6ed54d,shallow_m0064_r1,validation_or_superseded
2,1024.0,shallow,final_geometry_v15_20260930,4327fe4ece9317f6fd20fad18389a71e9b1f423b,False,32,4837.520818113997,0.42335735121413975,0.42335735121413975,dcafc5ae0de1479fb220ba30e298ef902e6b66a3d231a72cfa038d595eb3aa76,test_probability,0.005,448,full_posterior,64,128,819200,test_prob_384,2112,1,1.0,dynamics_h_0p005_stage_2,2ebbaf17c0b875a151400adfe0c20fdcca7ef1fee9db82b7da14f8303c6ed54d,shallow_m0064_r1,validation_or_superseded
2,1024.0,shallow,final_geometry_v15_20260930,4327fe4ece9317f6fd20fad18389a71e9b1f423b,False,32,3791.3448982040945,0.5401777086991237,0.5401777086991237,dcafc5ae0de1479fb220ba30e298ef902e6b66a3d231a72cfa038d595eb3aa76,test_probability,0.005,1180,full_posterior,64,128,819200,test_prob_512,2112,1,1.0,dynamics_h_0p005_stage_2,2ebbaf17c0b875a151400adfe0c20fdcca7ef1fee9db82b7da14f8303c6ed54d,shallow_m0064_r1,validation_or_superseded
2,1024.0,shallow,final_geometry_v15_20260930,4327fe4ece9317f6fd20fad18389a71e9b1f423b,False,32,3871.6645253796582,0.5289714505414623,0.5289714505414623,dcafc5ae0de1479fb220ba30e298ef902e6b66a3d231a72cfa038d595eb3aa76,test_probability,0.005,672,full_posterior,64,128,819200,test_prob_640,2112,1,1.0,dynamics_h_0p005_stage_2,2ebbaf17c0b875a151400adfe0c20fdcca7ef1fee9db82b7da14f8303c6ed54d,shallow_m0064_r1,validation_or_superseded
2,1024.0,shallow,final_geometry_v15_20260930,4327fe4ece9317f6fd20fad18389a71e9b1f423b,False,32,3713.758899455972,0.551462831984061,0.551462831984061,dcafc5ae0de1479fb220ba30e298ef902e6b66a3d231a72cfa038d595eb3aa76,test_probability,0.005,1348,full_posterior,64,128,819200,test_prob_768,2112,1,1.0,dynamics_h_0p005_stage_2,2ebbaf17c0b875a151400adfe0c20fdcca7ef1fee9db82b7da14f8303c6ed54d,shallow_m0064_r1,validation_or_superseded
2,1024.0,shallow,final_geometry_v15_20260930,4327fe4ece9317f6fd20fad18389a71e9b1f423b,False,32,4114.288125766653,0.49777748601852656,0.49777748601852656,dcafc5ae0de1479fb220ba30e298ef902e6b66a3d231a72cfa038d595eb3aa76,test_probability,0.005,656,full_posterior,64,128,819200,test_prob_896,2112,1,1.0,dynamics_h_0p005_stage_2,2ebbaf17c0b875a151400adfe0c20fdcca7ef1fee9db82b7da14f8303c6ed54d,shallow_m0064_r1,validation_or_superseded
2,1024.0,shallow,final_geometry_v15_20260930,4327fe4ece9317f6fd20fad18389a71e9b1f423b,False,32,3664.3924551632067,0.5588921015035725,0.5588921015035725,dcafc5ae0de1479fb220ba30e298ef902e6b66a3d231a72cfa038d595eb3aa76,interaction,0.005,916,full_posterior,64,128,819200,interaction_0,2112,1,1.0,dynamics_h_0p005_stage_2,2ebbaf17c0b875a151400adfe0c20fdcca7ef1fee9db82b7da14f8303c6ed54d,shallow_m0064_r1,validation_or_superseded
2,1024.0,shallow,final_geometry_v15_20260930,4327fe4ece9317f6fd20fad18389a71e9b1f423b,False,32,3073.399002942149,0.6663632017969227,0.6663632017969227,dcafc5ae0de1479fb220ba30e298ef902e6b66a3d231a72cfa038d595eb3aa76,interaction,0.005,906,full_posterior,64,128,819200,interaction_1,2112,1,1.0,dynamics_h_0p005_stage_2,2ebbaf17c0b875a151400adfe0c20fdcca7ef1fee9db82b7da14f8303c6ed54d,shallow_m0064_r1,validation_or_superseded
2,1024.0,shallow,final_geometry_v15_20260930,4327fe4ece9317f6fd20fad18389a71e9b1f423b,False,32,3479.173565798015,0.5886455393122223,0.5886455393122223,dcafc5ae0de1479fb220ba30e298ef902e6b66a3d231a72cfa038d595eb3aa76,interaction,0.005,618,full_posterior,64,128,819200,interaction_2,2112,1,1.0,dynamics_h_0p005_stage_2,2ebbaf17c0b875a151400adfe0c20fdcca7ef1fee9db82b7da14f8303c6ed54d,shallow_m0064_r1,validation_or_superseded
2,1024.0,shallow,final_geometry_v15_20260930,4327fe4ece9317f6fd20fad18389a71e9b1f423b,False,32,2973.3397251967567,0.6887877569605594,0.6887877569605594,dcafc5ae0de1479fb220ba30e298ef902e6b66a3d231a72cfa038d595eb3aa76,interaction,0.005,1110,full_posterior,64,128,819200,interaction_3,2112,1,1.0,dynamics_h_0p005_stage_2,2ebbaf17c0b875a151400adfe0c20fdcca7ef1fee9db82b7da14f8303c6ed54d,shallow_m0064_r1,validation_or_superseded
2,1024.0,shallow,final_geometry_v15_20260930,4327fe4ece9317f6fd20fad18389a71e9b1f423b,False,32,1485.5978084717285,1.378569615760829,1.378569615760829,dcafc5ae0de1479fb220ba30e298ef902e6b66a3d231a72cfa038d595eb3aa76,control,0.005,3176,full_posterior,64,128,819200,q_A,2112,1,1.0,dynamics_h_0p005_stage_2,2ebbaf17c0b875a151400adfe0c20fdcca7ef1fee9db82b7da14f8303c6ed54d,shallow_m0064_r1,validation_or_superseded
2,1024.0,shallow,final_geometry_v15_20260930,4327fe4ece9317f6fd20fad18389a71e9b1f423b,False,32,2071.5340858936715,0.9886392958465279,0.9886392958465279,dcafc5ae0de1479fb220ba30e298ef902e6b66a3d231a72cfa038d595eb3aa76,control,0.005,992,full_posterior,64,128,819200,q_W,2112,1,1.0,dynamics_h_0p005_stage_2,2ebbaf17c0b875a151400adfe0c20fdcca7ef1fee9db82b7da14f8303c6ed54d,shallow_m0064_r1,validation_or_superseded
2,1024.0,shallow,final_geometry_v15_20260930,4327fe4ece9317f6fd20fad18389a71e9b1f423b,False,32,4137.408303286961,0.4949958645302103,0.4949958645302103,dcafc5ae0de1479fb220ba30e298ef902e6b66a3d231a72cfa038d595eb3aa76,control,0.005,466,full_posterior,64,128,819200,U,2112,1,1.0,dynamics_h_0p005_stage_2,2ebbaf17c0b875a151400adfe0c20fdcca7ef1fee9db82b7da14f8303c6ed54d,shallow_m0064_r1,validation_or_superseded
2,1024.0,shallow,final_geometry_v15_20260930,4327fe4ece9317f6fd20fad18389a71e9b1f423b,False,32,3611.0930224236995,0.5671413024484814,0.5671413024484814,a3f404d53243d0ccbf6732c536f61801bf5c58c221f2fc83ed7b8725ce4acfea,loss,0.01,570,full_posterior,64,128,409600,V,2112,1,1.0,dynamics_h_0p01_stage_2,2ebbaf17c0b875a151400adfe0c20fdcca7ef1fee9db82b7da14f8303c6ed54d,shallow_m0064_r1,production_final
2,1024.0,shallow,final_geometry_v15_20260930,4327fe4ece9317f6fd20fad18389a71e9b1f423b,False,32,4615.758398068052,0.44369739994562984,0.44369739994562984,a3f404d53243d0ccbf6732c536f61801bf5c58c221f2fc83ed7b8725ce4acfea,train_logit,0.01,306,full_posterior,64,128,409600,train_logit_0,2112,1,1.0,dynamics_h_0p01_stage_2,2ebbaf17c0b875a151400adfe0c20fdcca7ef1fee9db82b7da14f8303c6ed54d,shallow_m0064_r1,production_final
2,1024.0,shallow,final_geometry_v15_20260930,4327fe4ece9317f6fd20fad18389a71e9b1f423b,False,32,4491.828038842767,0.4559390925676728,0.4559390925676728,a3f404d53243d0ccbf6732c536f61801bf5c58c221f2fc83ed7b8725ce4acfea,train_logit,0.01,384,full_posterior,64,128,409600,train_logit_16,2112,1,1.0,dynamics_h_0p01_stage_2,2ebbaf17c0b875a151400adfe0c20fdcca7ef1fee9db82b7da14f8303c6ed54d,shallow_m0064_r1,production_final
2,1024.0,shallow,final_geometry_v15_20260930,4327fe4ece9317f6fd20fad18389a71e9b1f423b,False,32,4743.416501267925,0.4317563088656805,0.4317563088656805,a3f404d53243d0ccbf6732c536f61801bf5c58c221f2fc83ed7b8725ce4acfea,train_logit,0.01,326,full_posterior,64,128,409600,train_logit_32,2112,1,1.0,dynamics_h_0p01_stage_2,2ebbaf17c0b875a151400adfe0c20fdcca7ef1fee9db82b7da14f8303c6ed54d,shallow_m0064_r1,production_final
2,1024.0,shallow,final_geometry_v15_20260930,4327fe4ece9317f6fd20fad18389a71e9b1f423b,False,32,3731.605514100232,0.5488254297678128,0.5488254297678128,a3f404d53243d0ccbf6732c536f61801bf5c58c221f2fc83ed7b8725ce4acfea,train_logit,0.01,434,full_posterior,64,128,409600,train_logit_48,2112,1,1.0,dynamics_h_0p01_stage_2,2ebbaf17c0b875a151400adfe0c20fdcca7ef1fee9db82b7da14f8303c6ed54d,shallow_m0064_r1,production_final
2,1024.0,shallow,final_geometry_v15_20260930,4327fe4ece9317f6fd20fad18389a71e9b1f423b,False,32,4801.4998454469915,0.42653338871644664,0.42653338871644664,a3f404d53243d0ccbf6732c536f61801bf5c58c221f2fc83ed7b8725ce4acfea,train_logit,0.01,414,full_posterior,64,128,409600,train_logit_64,2112,1,1.0,dynamics_h_0p01_stage_2,2ebbaf17c0b875a151400adfe0c20fdcca7ef1fee9db82b7da14f8303c6ed54d,shallow_m0064_r1,production_final
2,1024.0,shallow,final_geometry_v15_20260930,4327fe4ece9317f6fd20fad18389a71e9b1f423b,False,32,4377.772473551387,0.4678178257031705,0.4678178257031705,a3f404d53243d0ccbf6732c536f61801bf5c58c221f2fc83ed7b8725ce4acfea,train_logit,0.01,562,full_posterior,64,128,409600,train_logit_80,2112,1,1.0,dynamics_h_0p01_stage_2,2ebbaf17c0b875a151400adfe0c20fdcca7ef1fee9db82b7da14f8303c6ed54d,shallow_m0064_r1,production_final
2,1024.0,shallow,final_geometry_v15_20260930,4327fe4ece9317f6fd20fad18389a71e9b1f423b,False,32,4428.663520898104,0.4624419964027158,0.4624419964027158,a3f404d53243d0ccbf6732c536f61801bf5c58c221f2fc83ed7b8725ce4acfea,train_logit,0.01,344,full_posterior,64,128,409600,train_logit_96,2112,1,1.0,dynamics_h_0p01_stage_2,2ebbaf17c0b875a151400adfe0c20fdcca7ef1fee9db82b7da14f8303c6ed54d,shallow_m0064_r1,production_final
2,1024.0,shallow,final_geometry_v15_20260930,4327fe4ece9317f6fd20fad18389a71e9b1f423b,False,32,4445.376597180979,0.4607033746699284,0.4607033746699284,a3f404d53243d0ccbf6732c536f61801bf5c58c221f2fc83ed7b8725ce4acfea,train_logit,0.01,852,full_posterior,64,128,409600,train_logit_112,2112,1,1.0,dynamics_h_0p01_stage_2,2ebbaf17c0b875a151400adfe0c20fdcca7ef1fee9db82b7da14f8303c6ed54d,shallow_m0064_r1,production_final
2,1024.0,shallow,final_geometry_v15_20260930,4327fe4ece9317f6fd20fad18389a71e9b1f423b,False,32,3656.9999490714677,0.5600218836535664,0.5600218836535664,a3f404d53243d0ccbf6732c536f61801bf5c58c221f2fc83ed7b8725ce4acfea,test_probability,0.01,338,full_posterior,64,128,409600,test_prob_0,2112,1,1.0,dynamics_h_0p01_stage_2,2ebbaf17c0b875a151400adfe0c20fdcca7ef1fee9db82b7da14f8303c6ed54d,shallow_m0064_r1,production_final
2,1024.0,shallow,final_geometry_v15_20260930,4327fe4ece9317f6fd20fad18389a71e9b1f423b,False,32,3899.0623352531384,0.5252544904150751,0.5252544904150751,a3f404d53243d0ccbf6732c536f61801bf5c58c221f2fc83ed7b8725ce4acfea,test_probability,0.01,516,full_posterior,64,128,409600,test_prob_128,2112,1,1.0,dynamics_h_0p01_stage_2,2ebbaf17c0b875a151400adfe0c20fdcca7ef1fee9db82b7da14f8303c6ed54d,shallow_m0064_r1,production_final
2,1024.0,shallow,final_geometry_v15_20260930,4327fe4ece9317f6fd20fad18389a71e9b1f423b,False,32,3903.6589621621774,0.524635994038179,0.524635994038179,a3f404d53243d0ccbf6732c536f61801bf5c58c221f2fc83ed7b8725ce4acfea,test_probability,0.01,550,full_posterior,64,128,409600,test_prob_256,2112,1,1.0,dynamics_h_0p01_stage_2,2ebbaf17c0b875a151400adfe0c20fdcca7ef1fee9db82b7da14f8303c6ed54d,shallow_m0064_r1,production_final
2,1024.0,shallow,final_geometry_v15_20260930,4327fe4ece9317f6fd20fad18389a71e9b1f423b,False,32,4309.022537143305,0.4752818028558595,0.4752818028558595,a3f404d53243d0ccbf6732c536f61801bf5c58c221f2fc83ed7b8725ce4acfea,test_probability,0.01,278,full_posterior,64,128,409600,test_prob_384,2112,1,1.0,dynamics_h_0p01_stage_2,2ebbaf17c0b875a151400adfe0c20fdcca7ef1fee9db82b7da14f8303c6ed54d,shallow_m0064_r1,production_final
2,1024.0,shallow,final_geometry_v15_20260930,4327fe4ece9317f6fd20fad18389a71e9b1f423b,False,32,3729.956483372769,0.5490680679867128,0.5490680679867128,a3f404d53243d0ccbf6732c536f61801bf5c58c221f2fc83ed7b8725ce4acfea,test_probability,0.01,528,full_posterior,64,128,409600,test_prob_512,2112,1,1.0,dynamics_h_0p01_stage_2,2ebbaf17c0b875a151400adfe0c20fdcca7ef1fee9db82b7da14f8303c6ed54d,shallow_m0064_r1,production_final
2,1024.0,shallow,final_geometry_v15_20260930,4327fe4ece9317f6fd20fad18389a71e9b1f423b,False,32,3447.365547179697,0.5940768311255755,0.5940768311255755,a3f404d53243d0ccbf6732c536f61801bf5c58c221f2fc83ed7b8725ce4acfea,test_probability,0.01,440,full_posterior,64,128,409600,test_prob_640,2112,1,1.0,dynamics_h_0p01_stage_2,2ebbaf17c0b875a151400adfe0c20fdcca7ef1fee9db82b7da14f8303c6ed54d,shallow_m0064_r1,production_final
2,1024.0,shallow,final_geometry_v15_20260930,4327fe4ece9317f6fd20fad18389a71e9b1f423b,False,32,3637.406453897322,0.5630385347245583,0.5630385347245583,a3f404d53243d0ccbf6732c536f61801bf5c58c221f2fc83ed7b8725ce4acfea,test_probability,0.01,508,full_posterior,64,128,409600,test_prob_768,2112,1,1.0,dynamics_h_0p01_stage_2,2ebbaf17c0b875a151400adfe0c20fdcca7ef1fee9db82b7da14f8303c6ed54d,shallow_m0064_r1,production_final
2,1024.0,shallow,final_geometry_v15_20260930,4327fe4ece9317f6fd20fad18389a71e9b1f423b,False,32,3854.366929473906,0.531345364225491,0.531345364225491,a3f404d53243d0ccbf6732c536f61801bf5c58c221f2fc83ed7b8725ce4acfea,test_probability,0.01,504,full_posterior,64,128,409600,test_prob_896,2112,1,1.0,dynamics_h_0p01_stage_2,2ebbaf17c0b875a151400adfe0c20fdcca7ef1fee9db82b7da14f8303c6ed54d,shallow_m0064_r1,production_final
2,1024.0,shallow,final_geometry_v15_20260930,4327fe4ece9317f6fd20fad18389a71e9b1f423b,False,32,4207.15701470126,0.4867895333698221,0.4867895333698221,a3f404d53243d0ccbf6732c536f61801bf5c58c221f2fc83ed7b8725ce4acfea,interaction,0.01,256,full_posterior,64,128,409600,interaction_0,2112,1,1.0,dynamics_h_0p01_stage_2,2ebbaf17c0b875a151400adfe0c20fdcca7ef1fee9db82b7da14f8303c6ed54d,shallow_m0064_r1,production_final
2,1024.0,shallow,final_geometry_v15_20260930,4327fe4ece9317f6fd20fad18389a71e9b1f423b,False,32,3172.05125056035,0.6456390008321007,0.6456390008321007,a3f404d53243d0ccbf6732c536f61801bf5c58c221f2fc83ed7b8725ce4acfea,interaction,0.01,368,full_posterior,64,128,409600,interaction_1,2112,1,1.0,dynamics_h_0p01_stage_2,2ebbaf17c0b875a151400adfe0c20fdcca7ef1fee9db82b7da14f8303c6ed54d,shallow_m0064_r1,production_final
2,1024.0,shallow,final_geometry_v15_20260930,4327fe4ece9317f6fd20fad18389a71e9b1f423b,False,32,3594.021368890909,0.5698352318456023,0.5698352318456023,a3f404d53243d0ccbf6732c536f61801bf5c58c221f2fc83ed7b8725ce4acfea,interaction,0.01,410,full_posterior,64,128,409600,interaction_2,2112,1,1.0,dynamics_h_0p01_stage_2,2ebbaf17c0b875a151400adfe0c20fdcca7ef1fee9db82b7da14f8303c6ed54d,shallow_m0064_r1,production_final
2,1024.0,shallow,final_geometry_v15_20260930,4327fe4ece9317f6fd20fad18389a71e9b1f423b,False,32,2975.209436915561,0.6883549018731228,0.6883549018731228,a3f404d53243d0ccbf6732c536f61801bf5c58c221f2fc83ed7b8725ce4acfea,interaction,0.01,494,full_posterior,64,128,409600,interaction_3,2112,1,1.0,dynamics_h_0p01_stage_2,2ebbaf17c0b875a151400adfe0c20fdcca7ef1fee9db82b7da14f8303c6ed54d,shallow_m0064_r1,production_final
2,1024.0,shallow,final_geometry_v15_20260930,4327fe4ece9317f6fd20fad18389a71e9b1f423b,False,32,1586.9346471429035,1.2905383367154992,1.2905383367154992,a3f404d53243d0ccbf6732c536f61801bf5c58c221f2fc83ed7b8725ce4acfea,control,0.01,766,full_posterior,64,128,409600,q_A,2112,1,1.0,dynamics_h_0p01_stage_2,2ebbaf17c0b875a151400adfe0c20fdcca7ef1fee9db82b7da14f8303c6ed54d,shallow_m0064_r1,production_final
2,1024.0,shallow,final_geometry_v15_20260930,4327fe4ece9317f6fd20fad18389a71e9b1f423b,False,32,1872.0704686134372,1.093975912945663,1.093975912945663,a3f404d53243d0ccbf6732c536f61801bf5c58c221f2fc83ed7b8725ce4acfea,control,0.01,1162,full_posterior,64,128,409600,q_W,2112,1,1.0,dynamics_h_0p01_stage_2,2ebbaf17c0b875a151400adfe0c20fdcca7ef1fee9db82b7da14f8303c6ed54d,shallow_m0064_r1,production_final
2,1024.0,shallow,final_geometry_v15_20260930,4327fe4ece9317f6fd20fad18389a71e9b1f423b,False,32,4052.7173690727054,0.5053399518132692,0.5053399518132692,a3f404d53243d0ccbf6732c536f61801bf5c58c221f2fc83ed7b8725ce4acfea,control,0.01,272,full_posterior,64,128,409600,U,2112,1,1.0,dynamics_h_0p01_stage_2,2ebbaf17c0b875a151400adfe0c20fdcca7ef1fee9db82b7da14f8303c6ed54d,shallow_m0064_r1,production_final
2,2048.0,shallow,final_geometry_v15_20260930,4327fe4ece9317f6fd20fad18389a71e9b1f423b,False,32,7808.6263419761835,0.5245480857473578,0.5245480857473578,8a1c5c074c5a2abfd441deb681cd2c7bd77eb0565f60767d8e73ce2cf230b7b8,loss,0.02,482,full_posterior,64,128,409600,V,2112,1,1.0,dynamics_h_0p02_stage_3,2ebbaf17c0b875a151400adfe0c20fdcca7ef1fee9db82b7da14f8303c6ed54d,shallow_m0064_r1,validation_or_superseded
2,2048.0,shallow,final_geometry_v15_20260930,4327fe4ece9317f6fd20fad18389a71e9b1f423b,False,32,9010.58198316364,0.45457663086062766,0.45457663086062766,8a1c5c074c5a2abfd441deb681cd2c7bd77eb0565f60767d8e73ce2cf230b7b8,train_logit,0.02,184,full_posterior,64,128,409600,train_logit_0,2112,1,1.0,dynamics_h_0p02_stage_3,2ebbaf17c0b875a151400adfe0c20fdcca7ef1fee9db82b7da14f8303c6ed54d,shallow_m0064_r1,validation_or_superseded
2,2048.0,shallow,final_geometry_v15_20260930,4327fe4ece9317f6fd20fad18389a71e9b1f423b,False,32,8764.191697084296,0.46735627671889846,0.46735627671889846,8a1c5c074c5a2abfd441deb681cd2c7bd77eb0565f60767d8e73ce2cf230b7b8,train_logit,0.02,250,full_posterior,64,128,409600,train_logit_16,2112,1,1.0,dynamics_h_0p02_stage_3,2ebbaf17c0b875a151400adfe0c20fdcca7ef1fee9db82b7da14f8303c6ed54d,shallow_m0064_r1,validation_or_superseded
2,2048.0,shallow,final_geometry_v15_20260930,4327fe4ece9317f6fd20fad18389a71e9b1f423b,False,32,8923.983048553493,0.4589878732080211,0.4589878732080211,8a1c5c074c5a2abfd441deb681cd2c7bd77eb0565f60767d8e73ce2cf230b7b8,train_logit,0.02,190,full_posterior,64,128,409600,train_logit_32,2112,1,1.0,dynamics_h_0p02_stage_3,2ebbaf17c0b875a151400adfe0c20fdcca7ef1fee9db82b7da14f8303c6ed54d,shallow_m0064_r1,validation_or_superseded
2,2048.0,shallow,final_geometry_v15_20260930,4327fe4ece9317f6fd20fad18389a71e9b1f423b,False,32,8022.504446254429,0.5105637556751187,0.5105637556751187,8a1c5c074c5a2abfd441deb681cd2c7bd77eb0565f60767d8e73ce2cf230b7b8,train_logit,0.02,196,full_posterior,64,128,409600,train_logit_48,2112,1,1.0,dynamics_h_0p02_stage_3,2ebbaf17c0b875a151400adfe0c20fdcca7ef1fee9db82b7da14f8303c6ed54d,shallow_m0064_r1,validation_or_superseded
2,2048.0,shallow,final_geometry_v15_20260930,4327fe4ece9317f6fd20fad18389a71e9b1f423b,False,32,8598.536618495416,0.47636012751164203,0.47636012751164203,8a1c5c074c5a2abfd441deb681cd2c7bd77eb0565f60767d8e73ce2cf230b7b8,train_logit,0.02,210,full_posterior,64,128,409600,train_logit_64,2112,1,1.0,dynamics_h_0p02_stage_3,2ebbaf17c0b875a151400adfe0c20fdcca7ef1fee9db82b7da14f8303c6ed54d,shallow_m0064_r1,validation_or_superseded
2,2048.0,shallow,final_geometry_v15_20260930,4327fe4ece9317f6fd20fad18389a71e9b1f423b,False,32,8182.061528644892,0.5006073329637227,0.5006073329637227,8a1c5c074c5a2abfd441deb681cd2c7bd77eb0565f60767d8e73ce2cf230b7b8,train_logit,0.02,240,full_posterior,64,128,409600,train_logit_80,2112,1,1.0,dynamics_h_0p02_stage_3,2ebbaf17c0b875a151400adfe0c20fdcca7ef1fee9db82b7da14f8303c6ed54d,shallow_m0064_r1,validation_or_superseded
2,2048.0,shallow,final_geometry_v15_20260930,4327fe4ece9317f6fd20fad18389a71e9b1f423b,False,32,8374.914891709626,0.48907959698249026,0.48907959698249026,8a1c5c074c5a2abfd441deb681cd2c7bd77eb0565f60767d8e73ce2cf230b7b8,train_logit,0.02,526,full_posterior,64,128,409600,train_logit_96,2112,1,1.0,dynamics_h_0p02_stage_3,2ebbaf17c0b875a151400adfe0c20fdcca7ef1fee9db82b7da14f8303c6ed54d,shallow_m0064_r1,validation_or_superseded
2,2048.0,shallow,final_geometry_v15_20260930,4327fe4ece9317f6fd20fad18389a71e9b1f423b,False,32,8952.245384099073,0.45753884352581436,0.45753884352581436,8a1c5c074c5a2abfd441deb681cd2c7bd77eb0565f60767d8e73ce2cf230b7b8,train_logit,0.02,166,full_posterior,64,128,409600,train_logit_112,2112,1,1.0,dynamics_h_0p02_stage_3,2ebbaf17c0b875a151400adfe0c20fdcca7ef1fee9db82b7da14f8303c6ed54d,shallow_m0064_r1,validation_or_superseded
2,2048.0,shallow,final_geometry_v15_20260930,4327fe4ece9317f6fd20fad18389a71e9b1f423b,False,32,7001.180821275363,0.5850441667715499,0.5850441667715499,8a1c5c074c5a2abfd441deb681cd2c7bd77eb0565f60767d8e73ce2cf230b7b8,test_probability,0.02,402,full_posterior,64,128,409600,test_prob_0,2112,1,1.0,dynamics_h_0p02_stage_3,2ebbaf17c0b875a151400adfe0c20fdcca7ef1fee9db82b7da14f8303c6ed54d,shallow_m0064_r1,validation_or_superseded
2,2048.0,shallow,final_geometry_v15_20260930,4327fe4ece9317f6fd20fad18389a71e9b1f423b,False,32,7621.153681794034,0.5374514372784297,0.5374514372784297,8a1c5c074c5a2abfd441deb681cd2c7bd77eb0565f60767d8e73ce2cf230b7b8,test_probability,0.02,314,full_posterior,64,128,409600,test_prob_128,2112,1,1.0,dynamics_h_0p02_stage_3,2ebbaf17c0b875a151400adfe0c20fdcca7ef1fee9db82b7da14f8303c6ed54d,shallow_m0064_r1,validation_or_superseded
2,2048.0,shallow,final_geometry_v15_20260930,4327fe4ece9317f6fd20fad18389a71e9b1f423b,False,32,7165.246159787795,0.5716481902585894,0.5716481902585894,8a1c5c074c5a2abfd441deb681cd2c7bd77eb0565f60767d8e73ce2cf230b7b8,test_probability,0.02,218,full_posterior,64,128,409600,test_prob_256,2112,1,1.0,dynamics_h_0p02_stage_3,2ebbaf17c0b875a151400adfe0c20fdcca7ef1fee9db82b7da14f8303c6ed54d,shallow_m0064_r1,validation_or_superseded
2,2048.0,shallow,final_geometry_v15_20260930,4327fe4ece9317f6fd20fad18389a71e9b1f423b,False,32,8851.475465559222,0.4627477097956596,0.4627477097956596,8a1c5c074c5a2abfd441deb681cd2c7bd77eb0565f60767d8e73ce2cf230b7b8,test_probability,0.02,200,full_posterior,64,128,409600,test_prob_384,2112,1,1.0,dynamics_h_0p02_stage_3,2ebbaf17c0b875a151400adfe0c20fdcca7ef1fee9db82b7da14f8303c6ed54d,shallow_m0064_r1,validation_or_superseded
2,2048.0,shallow,final_geometry_v15_20260930,4327fe4ece9317f6fd20fad18389a71e9b1f423b,False,32,8104.208177945672,0.5054164342849212,0.5054164342849212,8a1c5c074c5a2abfd441deb681cd2c7bd77eb0565f60767d8e73ce2cf230b7b8,test_probability,0.02,210,full_posterior,64,128,409600,test_prob_512,2112,1,1.0,dynamics_h_0p02_stage_3,2ebbaf17c0b875a151400adfe0c20fdcca7ef1fee9db82b7da14f8303c6ed54d,shallow_m0064_r1,validation_or_superseded
2,2048.0,shallow,final_geometry_v15_20260930,4327fe4ece9317f6fd20fad18389a71e9b1f423b,False,32,7307.321785041111,0.5605336839531223,0.5605336839531223,8a1c5c074c5a2abfd441deb681cd2c7bd77eb0565f60767d8e73ce2cf230b7b8,test_probability,0.02,340,full_posterior,64,128,409600,test_prob_640,2112,1,1.0,dynamics_h_0p02_stage_3,2ebbaf17c0b875a151400adfe0c20fdcca7ef1fee9db82b7da14f8303c6ed54d,shallow_m0064_r1,validation_or_superseded
2,2048.0,shallow,final_geometry_v15_20260930,4327fe4ece9317f6fd20fad18389a71e9b1f423b,False,32,8099.371717641676,0.505718238746628,0.505718238746628,8a1c5c074c5a2abfd441deb681cd2c7bd77eb0565f60767d8e73ce2cf230b7b8,test_probability,0.02,224,full_posterior,64,128,409600,test_prob_768,2112,1,1.0,dynamics_h_0p02_stage_3,2ebbaf17c0b875a151400adfe0c20fdcca7ef1fee9db82b7da14f8303c6ed54d,shallow_m0064_r1,validation_or_superseded
2,2048.0,shallow,final_geometry_v15_20260930,4327fe4ece9317f6fd20fad18389a71e9b1f423b,False,32,8073.04670290015,0.5073673113433815,0.5073673113433815,8a1c5c074c5a2abfd441deb681cd2c7bd77eb0565f60767d8e73ce2cf230b7b8,test_probability,0.02,212,full_posterior,64,128,409600,test_prob_896,2112,1,1.0,dynamics_h_0p02_stage_3,2ebbaf17c0b875a151400adfe0c20fdcca7ef1fee9db82b7da14f8303c6ed54d,shallow_m0064_r1,validation_or_superseded
2,2048.0,shallow,final_geometry_v15_20260930,4327fe4ece9317f6fd20fad18389a71e9b1f423b,False,32,8066.853786351333,0.5077568167815566,0.5077568167815566,8a1c5c074c5a2abfd441deb681cd2c7bd77eb0565f60767d8e73ce2cf230b7b8,interaction,0.02,204,full_posterior,64,128,409600,interaction_0,2112,1,1.0,dynamics_h_0p02_stage_3,2ebbaf17c0b875a151400adfe0c20fdcca7ef1fee9db82b7da14f8303c6ed54d,shallow_m0064_r1,validation_or_superseded
2,2048.0,shallow,final_geometry_v15_20260930,4327fe4ece9317f6fd20fad18389a71e9b1f423b,False,32,6605.60801293814,0.6200791799902945,0.6200791799902945,8a1c5c074c5a2abfd441deb681cd2c7bd77eb0565f60767d8e73ce2cf230b7b8,interaction,0.02,192,full_posterior,64,128,409600,interaction_1,2112,1,1.0,dynamics_h_0p02_stage_3,2ebbaf17c0b875a151400adfe0c20fdcca7ef1fee9db82b7da14f8303c6ed54d,shallow_m0064_r1,validation_or_superseded
2,2048.0,shallow,final_geometry_v15_20260930,4327fe4ece9317f6fd20fad18389a71e9b1f423b,False,32,7205.415792043199,0.5684612960883025,0.5684612960883025,8a1c5c074c5a2abfd441deb681cd2c7bd77eb0565f60767d8e73ce2cf230b7b8,interaction,0.02,138,full_posterior,64,128,409600,interaction_2,2112,1,1.0,dynamics_h_0p02_stage_3,2ebbaf17c0b875a151400adfe0c20fdcca7ef1fee9db82b7da14f8303c6ed54d,shallow_m0064_r1,validation_or_superseded
2,2048.0,shallow,final_geometry_v15_20260930,4327fe4ece9317f6fd20fad18389a71e9b1f423b,False,32,6426.063351709427,0.6374042358157587,0.6374042358157587,8a1c5c074c5a2abfd441deb681cd2c7bd77eb0565f60767d8e73ce2cf230b7b8,interaction,0.02,206,full_posterior,64,128,409600,interaction_3,2112,1,1.0,dynamics_h_0p02_stage_3,2ebbaf17c0b875a151400adfe0c20fdcca7ef1fee9db82b7da14f8303c6ed54d,shallow_m0064_r1,validation_or_superseded
2,2048.0,shallow,final_geometry_v15_20260930,4327fe4ece9317f6fd20fad18389a71e9b1f423b,False,32,3307.8760529682886,1.2382567951191812,1.2382567951191812,8a1c5c074c5a2abfd441deb681cd2c7bd77eb0565f60767d8e73ce2cf230b7b8,control,0.02,346,full_posterior,64,128,409600,q_A,2112,1,1.0,dynamics_h_0p02_stage_3,2ebbaf17c0b875a151400adfe0c20fdcca7ef1fee9db82b7da14f8303c6ed54d,shallow_m0064_r1,validation_or_superseded
2,2048.0,shallow,final_geometry_v15_20260930,4327fe4ece9317f6fd20fad18389a71e9b1f423b,False,32,4147.248375618262,0.9876428004844003,0.9876428004844003,8a1c5c074c5a2abfd441deb681cd2c7bd77eb0565f60767d8e73ce2cf230b7b8,control,0.02,280,full_posterior,64,128,409600,q_W,2112,1,1.0,dynamics_h_0p02_stage_3,2ebbaf17c0b875a151400adfe0c20fdcca7ef1fee9db82b7da14f8303c6ed54d,shallow_m0064_r1,validation_or_superseded
2,2048.0,shallow,final_geometry_v15_20260930,4327fe4ece9317f6fd20fad18389a71e9b1f423b,False,32,8156.762658717436,0.502160007760242,0.502160007760242,8a1c5c074c5a2abfd441deb681cd2c7bd77eb0565f60767d8e73ce2cf230b7b8,control,0.02,128,full_posterior,64,128,409600,U,2112,1,1.0,dynamics_h_0p02_stage_3,2ebbaf17c0b875a151400adfe0c20fdcca7ef1fee9db82b7da14f8303c6ed54d,shallow_m0064_r1,validation_or_superseded
2,1024.0,shallow,final_geometry_v15_20260930,4327fe4ece9317f6fd20fad18389a71e9b1f423b,False,32,3532.1601077746527,0.5798151662185806,0.5798151662185806,7d364fa72e0d7841381948c3fbcb6e204ab4ad5a6b6d39c1529b10ea2d7993ea,loss,0.005,1404,full_posterior,64,128,819200,V,2112,2,1.0,dynamics_h_0p005_stage_2,fc9da6235fb1548d828cf68d55d93c2f858e835b161969d4cc33b00e5e83b603,shallow_m0064_r2,validation_or_superseded
2,1024.0,shallow,final_geometry_v15_20260930,4327fe4ece9317f6fd20fad18389a71e9b1f423b,False,32,3969.1584080900525,0.5159783988025541,0.5159783988025541,7d364fa72e0d7841381948c3fbcb6e204ab4ad5a6b6d39c1529b10ea2d7993ea,train_logit,0.005,662,full_posterior,64,128,819200,train_logit_0,2112,2,1.0,dynamics_h_0p005_stage_2,fc9da6235fb1548d828cf68d55d93c2f858e835b161969d4cc33b00e5e83b603,shallow_m0064_r2,validation_or_superseded
2,1024.0,shallow,final_geometry_v15_20260930,4327fe4ece9317f6fd20fad18389a71e9b1f423b,False,32,4756.960863492854,0.4305269811482604,0.4305269811482604,7d364fa72e0d7841381948c3fbcb6e204ab4ad5a6b6d39c1529b10ea2d7993ea,train_logit,0.005,724,full_posterior,64,128,819200,train_logit_16,2112,2,1.0,dynamics_h_0p005_stage_2,fc9da6235fb1548d828cf68d55d93c2f858e835b161969d4cc33b00e5e83b603,shallow_m0064_r2,validation_or_superseded
2,1024.0,shallow,final_geometry_v15_20260930,4327fe4ece9317f6fd20fad18389a71e9b1f423b,False,32,4633.142160138207,0.44203262693301604,0.44203262693301604,7d364fa72e0d7841381948c3fbcb6e204ab4ad5a6b6d39c1529b10ea2d7993ea,train_logit,0.005,1654,full_posterior,64,128,819200,train_logit_32,2112,2,1.0,dynamics_h_0p005_stage_2,fc9da6235fb1548d828cf68d55d93c2f858e835b161969d4cc33b00e5e83b603,shallow_m0064_r2,validation_or_superseded
2,1024.0,shallow,final_geometry_v15_20260930,4327fe4ece9317f6fd20fad18389a71e9b1f423b,False,32,3493.651453502554,0.5862061591595754,0.5862061591595754,7d364fa72e0d7841381948c3fbcb6e204ab4ad5a6b6d39c1529b10ea2d7993ea,train_logit,0.005,1012,full_posterior,64,128,819200,train_logit_48,2112,2,1.0,dynamics_h_0p005_stage_2,fc9da6235fb1548d828cf68d55d93c2f858e835b161969d4cc33b00e5e83b603,shallow_m0064_r2,validation_or_superseded
2,1024.0,shallow,final_geometry_v15_20260930,4327fe4ece9317f6fd20fad18389a71e9b1f423b,False,32,4674.05421236078,0.4381635100816669,0.4381635100816669,7d364fa72e0d7841381948c3fbcb6e204ab4ad5a6b6d39c1529b10ea2d7993ea,train_logit,0.005,722,full_posterior,64,128,819200,train_logit_64,2112,2,1.0,dynamics_h_0p005_stage_2,fc9da6235fb1548d828cf68d55d93c2f858e835b161969d4cc33b00e5e83b603,shallow_m0064_r2,validation_or_superseded
2,1024.0,shallow,final_geometry_v15_20260930,4327fe4ece9317f6fd20fad18389a71e9b1f423b,False,32,4548.853235822654,0.4502233626426556,0.4502233626426556,7d364fa72e0d7841381948c3fbcb6e204ab4ad5a6b6d39c1529b10ea2d7993ea,train_logit,0.005,1574,full_posterior,64,128,819200,train_logit_80,2112,2,1.0,dynamics_h_0p005_stage_2,fc9da6235fb1548d828cf68d55d93c2f858e835b161969d4cc33b00e5e83b603,shallow_m0064_r2,validation_or_superseded
2,1024.0,shallow,final_geometry_v15_20260930,4327fe4ece9317f6fd20fad18389a71e9b1f423b,False,32,4537.098153706338,0.4513898378696077,0.4513898378696077,7d364fa72e0d7841381948c3fbcb6e204ab4ad5a6b6d39c1529b10ea2d7993ea,train_logit,0.005,1170,full_posterior,64,128,819200,train_logit_96,2112,2,1.0,dynamics_h_0p005_stage_2,fc9da6235fb1548d828cf68d55d93c2f858e835b161969d4cc33b00e5e83b603,shallow_m0064_r2,validation_or_superseded
2,1024.0,shallow,final_geometry_v15_20260930,4327fe4ece9317f6fd20fad18389a71e9b1f423b,False,32,4862.454865327037,0.4211864288147498,0.4211864288147498,7d364fa72e0d7841381948c3fbcb6e204ab4ad5a6b6d39c1529b10ea2d7993ea,train_logit,0.005,1420,full_posterior,64,128,819200,train_logit_112,2112,2,1.0,dynamics_h_0p005_stage_2,fc9da6235fb1548d828cf68d55d93c2f858e835b161969d4cc33b00e5e83b603,shallow_m0064_r2,validation_or_superseded
2,1024.0,shallow,final_geometry_v15_20260930,4327fe4ece9317f6fd20fad18389a71e9b1f423b,False,32,3789.915056084406,0.5403815045173901,0.5403815045173901,7d364fa72e0d7841381948c3fbcb6e204ab4ad5a6b6d39c1529b10ea2d7993ea,test_probability,0.005,1246,full_posterior,64,128,819200,test_prob_0,2112,2,1.0,dynamics_h_0p005_stage_2,fc9da6235fb1548d828cf68d55d93c2f858e835b161969d4cc33b00e5e83b603,shallow_m0064_r2,validation_or_superseded
2,1024.0,shallow,final_geometry_v15_20260930,4327fe4ece9317f6fd20fad18389a71e9b1f423b,False,32,4188.272973095588,0.48898436495324843,0.48898436495324843,7d364fa72e0d7841381948c3fbcb6e204ab4ad5a6b6d39c1529b10ea2d7993ea,test_probability,0.005,664,full_posterior,64,128,819200,test_prob_128,2112,2,1.0,dynamics_h_0p005_stage_2,fc9da6235fb1548d828cf68d55d93c2f858e835b161969d4cc33b00e5e83b603,shallow_m0064_r2,validation_or_superseded
2,1024.0,shallow,final_geometry_v15_20260930,4327fe4ece9317f6fd20fad18389a71e9b1f423b,False,32,4072.8641774179555,0.5028402398869967,0.5028402398869967,7d364fa72e0d7841381948c3fbcb6e204ab4ad5a6b6d39c1529b10ea2d7993ea,test_probability,0.005,722,full_posterior,64,128,819200,test_prob_256,2112,2,1.0,dynamics_h_0p005_stage_2,fc9da6235fb1548d828cf68d55d93c2f858e835b161969d4cc33b00e5e83b603,shallow_m0064_r2,validation_or_superseded
2,1024.0,shallow,final_geometry_v15_20260930,4327fe4ece9317f6fd20fad18389a71e9b1f423b,False,32,3901.5113531961983,0.5249247828850315,0.5249247828850315,7d364fa72e0d7841381948c3fbcb6e204ab4ad5a6b6d39c1529b10ea2d7993ea,test_probability,0.005,1398,full_posterior,64,128,819200,test_prob_384,2112,2,1.0,dynamics_h_0p005_stage_2,fc9da6235fb1548d828cf68d55d93c2f858e835b161969d4cc33b00e5e83b603,shallow_m0064_r2,validation_or_superseded
2,1024.0,shallow,final_geometry_v15_20260930,4327fe4ece9317f6fd20fad18389a71e9b1f423b,False,32,4042.0957795719673,0.5066678554106084,0.5066678554106084,7d364fa72e0d7841381948c3fbcb6e204ab4ad5a6b6d39c1529b10ea2d7993ea,test_probability,0.005,674,full_posterior,64,128,819200,test_prob_512,2112,2,1.0,dynamics_h_0p005_stage_2,fc9da6235fb1548d828cf68d55d93c2f858e835b161969d4cc33b00e5e83b603,shallow_m0064_r2,validation_or_superseded
2,1024.0,shallow,final_geometry_v15_20260930,4327fe4ece9317f6fd20fad18389a71e9b1f423b,False,32,3700.7683374045755,0.5533985954485074,0.5533985954485074,7d364fa72e0d7841381948c3fbcb6e204ab4ad5a6b6d39c1529b10ea2d7993ea,test_probability,0.005,1780,full_posterior,64,128,819200,test_prob_640,2112,2,1.0,dynamics_h_0p005_stage_2,fc9da6235fb1548d828cf68d55d93c2f858e835b161969d4cc33b00e5e83b603,shallow_m0064_r2,validation_or_superseded
2,1024.0,shallow,final_geometry_v15_20260930,4327fe4ece9317f6fd20fad18389a71e9b1f423b,False,32,4219.285157844072,0.4853902790126815,0.4853902790126815,7d364fa72e0d7841381948c3fbcb6e204ab4ad5a6b6d39c1529b10ea2d7993ea,test_probability,0.005,1040,full_posterior,64,128,819200,test_prob_768,2112,2,1.0,dynamics_h_0p005_stage_2,fc9da6235fb1548d828cf68d55d93c2f858e835b161969d4cc33b00e5e83b603,shallow_m0064_r2,validation_or_superseded
2,1024.0,shallow,final_geometry_v15_20260930,4327fe4ece9317f6fd20fad18389a71e9b1f423b,False,32,2925.8184759069336,0.6999750725701358,0.6999750725701358,7d364fa72e0d7841381948c3fbcb6e204ab4ad5a6b6d39c1529b10ea2d7993ea,test_probability,0.005,1612,full_posterior,64,128,819200,test_prob_896,2112,2,1.0,dynamics_h_0p005_stage_2,fc9da6235fb1548d828cf68d55d93c2f858e835b161969d4cc33b00e5e83b603,shallow_m0064_r2,validation_or_superseded
2,1024.0,shallow,final_geometry_v15_20260930,4327fe4ece9317f6fd20fad18389a71e9b1f423b,False,32,4364.522683899767,0.4692380240237591,0.4692380240237591,7d364fa72e0d7841381948c3fbcb6e204ab4ad5a6b6d39c1529b10ea2d7993ea,interaction,0.005,410,full_posterior,64,128,819200,interaction_0,2112,2,1.0,dynamics_h_0p005_stage_2,fc9da6235fb1548d828cf68d55d93c2f858e835b161969d4cc33b00e5e83b603,shallow_m0064_r2,validation_or_superseded
2,1024.0,shallow,final_geometry_v15_20260930,4327fe4ece9317f6fd20fad18389a71e9b1f423b,False,32,3801.373595528739,0.5387526241590418,0.5387526241590418,7d364fa72e0d7841381948c3fbcb6e204ab4ad5a6b6d39c1529b10ea2d7993ea,interaction,0.005,1428,full_posterior,64,128,819200,interaction_1,2112,2,1.0,dynamics_h_0p005_stage_2,fc9da6235fb1548d828cf68d55d93c2f858e835b161969d4cc33b00e5e83b603,shallow_m0064_r2,validation_or_superseded
2,1024.0,shallow,final_geometry_v15_20260930,4327fe4ece9317f6fd20fad18389a71e9b1f423b,False,32,4294.352423554314,0.47690543253199713,0.47690543253199713,7d364fa72e0d7841381948c3fbcb6e204ab4ad5a6b6d39c1529b10ea2d7993ea,interaction,0.005,460,full_posterior,64,128,819200,interaction_2,2112,2,1.0,dynamics_h_0p005_stage_2,fc9da6235fb1548d828cf68d55d93c2f858e835b161969d4cc33b00e5e83b603,shallow_m0064_r2,validation_or_superseded
2,1024.0,shallow,final_geometry_v15_20260930,4327fe4ece9317f6fd20fad18389a71e9b1f423b,False,32,3731.3088109216046,0.5488690708218706,0.5488690708218706,7d364fa72e0d7841381948c3fbcb6e204ab4ad5a6b6d39c1529b10ea2d7993ea,interaction,0.005,780,full_posterior,64,128,819200,interaction_3,2112,2,1.0,dynamics_h_0p005_stage_2,fc9da6235fb1548d828cf68d55d93c2f858e835b161969d4cc33b00e5e83b603,shallow_m0064_r2,validation_or_superseded
2,1024.0,shallow,final_geometry_v15_20260930,4327fe4ece9317f6fd20fad18389a71e9b1f423b,False,32,1676.263155290087,1.2217652064574442,1.2217652064574442,7d364fa72e0d7841381948c3fbcb6e204ab4ad5a6b6d39c1529b10ea2d7993ea,control,0.005,1138,full_posterior,64,128,819200,q_A,2112,2,1.0,dynamics_h_0p005_stage_2,fc9da6235fb1548d828cf68d55d93c2f858e835b161969d4cc33b00e5e83b603,shallow_m0064_r2,validation_or_superseded
2,1024.0,shallow,final_geometry_v15_20260930,4327fe4ece9317f6fd20fad18389a71e9b1f423b,False,32,1960.3101682168556,1.0447326311952507,1.0447326311952507,7d364fa72e0d7841381948c3fbcb6e204ab4ad5a6b6d39c1529b10ea2d7993ea,control,0.005,1370,full_posterior,64,128,819200,q_W,2112,2,1.0,dynamics_h_0p005_stage_2,fc9da6235fb1548d828cf68d55d93c2f858e835b161969d4cc33b00e5e83b603,shallow_m0064_r2,validation_or_superseded
2,1024.0,shallow,final_geometry_v15_20260930,4327fe4ece9317f6fd20fad18389a71e9b1f423b,False,32,3975.560998827417,0.5151474221132698,0.5151474221132698,7d364fa72e0d7841381948c3fbcb6e204ab4ad5a6b6d39c1529b10ea2d7993ea,control,0.005,524,full_posterior,64,128,819200,U,2112,2,1.0,dynamics_h_0p005_stage_2,fc9da6235fb1548d828cf68d55d93c2f858e835b161969d4cc33b00e5e83b603,shallow_m0064_r2,validation_or_superseded
2,1024.0,shallow,final_geometry_v15_20260930,4327fe4ece9317f6fd20fad18389a71e9b1f423b,False,32,4354.668740451013,0.47029983727026015,0.47029983727026015,822118be30066e2ad7805184a823770ccb2ca9a0d6000e559d8be6e5c136ec7b,loss,0.01,420,full_posterior,64,128,409600,V,2112,2,1.0,dynamics_h_0p01_stage_2,fc9da6235fb1548d828cf68d55d93c2f858e835b161969d4cc33b00e5e83b603,shallow_m0064_r2,production_final
2,1024.0,shallow,final_geometry_v15_20260930,4327fe4ece9317f6fd20fad18389a71e9b1f423b,False,32,3784.2813254123075,0.5411859806106949,0.5411859806106949,822118be30066e2ad7805184a823770ccb2ca9a0d6000e559d8be6e5c136ec7b,train_logit,0.01,598,full_posterior,64,128,409600,train_logit_0,2112,2,1.0,dynamics_h_0p01_stage_2,fc9da6235fb1548d828cf68d55d93c2f858e835b161969d4cc33b00e5e83b603,shallow_m0064_r2,production_final
2,1024.0,shallow,final_geometry_v15_20260930,4327fe4ece9317f6fd20fad18389a71e9b1f423b,False,32,4543.467014733599,0.45075709658697327,0.45075709658697327,822118be30066e2ad7805184a823770ccb2ca9a0d6000e559d8be6e5c136ec7b,train_logit,0.01,430,full_posterior,64,128,409600,train_logit_16,2112,2,1.0,dynamics_h_0p01_stage_2,fc9da6235fb1548d828cf68d55d93c2f858e835b161969d4cc33b00e5e83b603,shallow_m0064_r2,production_final
2,1024.0,shallow,final_geometry_v15_20260930,4327fe4ece9317f6fd20fad18389a71e9b1f423b,False,32,5111.562402001566,0.4006602754566886,0.4006602754566886,822118be30066e2ad7805184a823770ccb2ca9a0d6000e559d8be6e5c136ec7b,train_logit,0.01,364,full_posterior,64,128,409600,train_logit_32,2112,2,1.0,dynamics_h_0p01_stage_2,fc9da6235fb1548d828cf68d55d93c2f858e835b161969d4cc33b00e5e83b603,shallow_m0064_r2,production_final
2,1024.0,shallow,final_geometry_v15_20260930,4327fe4ece9317f6fd20fad18389a71e9b1f423b,False,32,4168.42872962441,0.4913122264620156,0.4913122264620156,822118be30066e2ad7805184a823770ccb2ca9a0d6000e559d8be6e5c136ec7b,train_logit,0.01,444,full_posterior,64,128,409600,train_logit_48,2112,2,1.0,dynamics_h_0p01_stage_2,fc9da6235fb1548d828cf68d55d93c2f858e835b161969d4cc33b00e5e83b603,shallow_m0064_r2,production_final
2,1024.0,shallow,final_geometry_v15_20260930,4327fe4ece9317f6fd20fad18389a71e9b1f423b,False,32,4102.696768006199,0.49918385779099955,0.49918385779099955,822118be30066e2ad7805184a823770ccb2ca9a0d6000e559d8be6e5c136ec7b,train_logit,0.01,454,full_posterior,64,128,409600,train_logit_64,2112,2,1.0,dynamics_h_0p01_stage_2,fc9da6235fb1548d828cf68d55d93c2f858e835b161969d4cc33b00e5e83b603,shallow_m0064_r2,production_final
2,1024.0,shallow,final_geometry_v15_20260930,4327fe4ece9317f6fd20fad18389a71e9b1f423b,False,32,4954.829141874666,0.41333413148230913,0.41333413148230913,822118be30066e2ad7805184a823770ccb2ca9a0d6000e559d8be6e5c136ec7b,train_logit,0.01,232,full_posterior,64,128,409600,train_logit_80,2112,2,1.0,dynamics_h_0p01_stage_2,fc9da6235fb1548d828cf68d55d93c2f858e835b161969d4cc33b00e5e83b603,shallow_m0064_r2,production_final
2,1024.0,shallow,final_geometry_v15_20260930,4327fe4ece9317f6fd20fad18389a71e9b1f423b,False,32,4058.2641775605853,0.5046492565279594,0.5046492565279594,822118be30066e2ad7805184a823770ccb2ca9a0d6000e559d8be6e5c136ec7b,train_logit,0.01,396,full_posterior,64,128,409600,train_logit_96,2112,2,1.0,dynamics_h_0p01_stage_2,fc9da6235fb1548d828cf68d55d93c2f858e835b161969d4cc33b00e5e83b603,shallow_m0064_r2,production_final
2,1024.0,shallow,final_geometry_v15_20260930,4327fe4ece9317f6fd20fad18389a71e9b1f423b,False,32,5551.515071336698,0.3689083022712358,0.3689083022712358,822118be30066e2ad7805184a823770ccb2ca9a0d6000e559d8be6e5c136ec7b,train_logit,0.01,240,full_posterior,64,128,409600,train_logit_112,2112,2,1.0,dynamics_h_0p01_stage_2,fc9da6235fb1548d828cf68d55d93c2f858e835b161969d4cc33b00e5e83b603,shallow_m0064_r2,production_final
2,1024.0,shallow,final_geometry_v15_20260930,4327fe4ece9317f6fd20fad18389a71e9b1f423b,False,32,4251.477249356011,0.48171491457709653,0.48171491457709653,822118be30066e2ad7805184a823770ccb2ca9a0d6000e559d8be6e5c136ec7b,test_probability,0.01,342,full_posterior,64,128,409600,test_prob_0,2112,2,1.0,dynamics_h_0p01_stage_2,fc9da6235fb1548d828cf68d55d93c2f858e835b161969d4cc33b00e5e83b603,shallow_m0064_r2,production_final
2,1024.0,shallow,final_geometry_v15_20260930,4327fe4ece9317f6fd20fad18389a71e9b1f423b,False,32,4009.2783128075343,0.5108151243723136,0.5108151243723136,822118be30066e2ad7805184a823770ccb2ca9a0d6000e559d8be6e5c136ec7b,test_probability,0.01,686,full_posterior,64,128,409600,test_prob_128,2112,2,1.0,dynamics_h_0p01_stage_2,fc9da6235fb1548d828cf68d55d93c2f858e835b161969d4cc33b00e5e83b603,shallow_m0064_r2,production_final
2,1024.0,shallow,final_geometry_v15_20260930,4327fe4ece9317f6fd20fad18389a71e9b1f423b,False,32,4448.92982164488,0.46033542494558916,0.46033542494558916,822118be30066e2ad7805184a823770ccb2ca9a0d6000e559d8be6e5c136ec7b,test_probability,0.01,336,full_posterior,64,128,409600,test_prob_256,2112,2,1.0,dynamics_h_0p01_stage_2,fc9da6235fb1548d828cf68d55d93c2f858e835b161969d4cc33b00e5e83b603,shallow_m0064_r2,production_final
2,1024.0,shallow,final_geometry_v15_20260930,4327fe4ece9317f6fd20fad18389a71e9b1f423b,False,32,4612.591377728396,0.44400204403291343,0.44400204403291343,822118be30066e2ad7805184a823770ccb2ca9a0d6000e559d8be6e5c136ec7b,test_probability,0.01,504,full_posterior,64,128,409600,test_prob_384,2112,2,1.0,dynamics_h_0p01_stage_2,fc9da6235fb1548d828cf68d55d93c2f858e835b161969d4cc33b00e5e83b603,shallow_m0064_r2,production_final
2,1024.0,shallow,final_geometry_v15_20260930,4327fe4ece9317f6fd20fad18389a71e9b1f423b,False,32,4010.62424083923,0.510643699588135,0.510643699588135,822118be30066e2ad7805184a823770ccb2ca9a0d6000e559d8be6e5c136ec7b,test_probability,0.01,508,full_posterior,64,128,409600,test_prob_512,2112,2,1.0,dynamics_h_0p01_stage_2,fc9da6235fb1548d828cf68d55d93c2f858e835b161969d4cc33b00e5e83b603,shallow_m0064_r2,production_final
2,1024.0,shallow,final_geometry_v15_20260930,4327fe4ece9317f6fd20fad18389a71e9b1f423b,False,32,3661.246881969637,0.5593722756271055,0.5593722756271055,822118be30066e2ad7805184a823770ccb2ca9a0d6000e559d8be6e5c136ec7b,test_probability,0.01,646,full_posterior,64,128,409600,test_prob_640,2112,2,1.0,dynamics_h_0p01_stage_2,fc9da6235fb1548d828cf68d55d93c2f858e835b161969d4cc33b00e5e83b603,shallow_m0064_r2,production_final
2,1024.0,shallow,final_geometry_v15_20260930,4327fe4ece9317f6fd20fad18389a71e9b1f423b,False,32,4383.328564171761,0.4672248429515057,0.4672248429515057,822118be30066e2ad7805184a823770ccb2ca9a0d6000e559d8be6e5c136ec7b,test_probability,0.01,328,full_posterior,64,128,409600,test_prob_768,2112,2,1.0,dynamics_h_0p01_stage_2,fc9da6235fb1548d828cf68d55d93c2f858e835b161969d4cc33b00e5e83b603,shallow_m0064_r2,production_final
2,1024.0,shallow,final_geometry_v15_20260930,4327fe4ece9317f6fd20fad18389a71e9b1f423b,False,32,4147.022938131555,0.49384824500699015,0.49384824500699015,822118be30066e2ad7805184a823770ccb2ca9a0d6000e559d8be6e5c136ec7b,test_probability,0.01,316,full_posterior,64,128,409600,test_prob_896,2112,2,1.0,dynamics_h_0p01_stage_2,fc9da6235fb1548d828cf68d55d93c2f858e835b161969d4cc33b00e5e83b603,shallow_m0064_r2,production_final
2,1024.0,shallow,final_geometry_v15_20260930,4327fe4ece9317f6fd20fad18389a71e9b1f423b,False,32,4078.920574121074,0.5020936207960616,0.5020936207960616,822118be30066e2ad7805184a823770ccb2ca9a0d6000e559d8be6e5c136ec7b,interaction,0.01,294,full_posterior,64,128,409600,interaction_0,2112,2,1.0,dynamics_h_0p01_stage_2,fc9da6235fb1548d828cf68d55d93c2f858e835b161969d4cc33b00e5e83b603,shallow_m0064_r2,production_final
2,1024.0,shallow,final_geometry_v15_20260930,4327fe4ece9317f6fd20fad18389a71e9b1f423b,False,32,3725.5716526199662,0.549714296478439,0.549714296478439,822118be30066e2ad7805184a823770ccb2ca9a0d6000e559d8be6e5c136ec7b,interaction,0.01,526,full_posterior,64,128,409600,interaction_1,2112,2,1.0,dynamics_h_0p01_stage_2,fc9da6235fb1548d828cf68d55d93c2f858e835b161969d4cc33b00e5e83b603,shallow_m0064_r2,production_final
2,1024.0,shallow,final_geometry_v15_20260930,4327fe4ece9317f6fd20fad18389a71e9b1f423b,False,32,3898.3304843264464,0.5253530987775793,0.5253530987775793,822118be30066e2ad7805184a823770ccb2ca9a0d6000e559d8be6e5c136ec7b,interaction,0.01,400,full_posterior,64,128,409600,interaction_2,2112,2,1.0,dynamics_h_0p01_stage_2,fc9da6235fb1548d828cf68d55d93c2f858e835b161969d4cc33b00e5e83b603,shallow_m0064_r2,production_final
2,1024.0,shallow,final_geometry_v15_20260930,4327fe4ece9317f6fd20fad18389a71e9b1f423b,False,32,3288.7820141899256,0.6227229385114634,0.6227229385114634,822118be30066e2ad7805184a823770ccb2ca9a0d6000e559d8be6e5c136ec7b,interaction,0.01,546,full_posterior,64,128,409600,interaction_3,2112,2,1.0,dynamics_h_0p01_stage_2,fc9da6235fb1548d828cf68d55d93c2f858e835b161969d4cc33b00e5e83b603,shallow_m0064_r2,production_final
2,1024.0,shallow,final_geometry_v15_20260930,4327fe4ece9317f6fd20fad18389a71e9b1f423b,False,32,1659.4605759728518,1.2341359774692862,1.2341359774692862,822118be30066e2ad7805184a823770ccb2ca9a0d6000e559d8be6e5c136ec7b,control,0.01,666,full_posterior,64,128,409600,q_A,2112,2,1.0,dynamics_h_0p01_stage_2,fc9da6235fb1548d828cf68d55d93c2f858e835b161969d4cc33b00e5e83b603,shallow_m0064_r2,production_final
2,1024.0,shallow,final_geometry_v15_20260930,4327fe4ece9317f6fd20fad18389a71e9b1f423b,False,32,1964.950138419097,1.0422656330850821,1.0422656330850821,822118be30066e2ad7805184a823770ccb2ca9a0d6000e559d8be6e5c136ec7b,control,0.01,528,full_posterior,64,128,409600,q_W,2112,2,1.0,dynamics_h_0p01_stage_2,fc9da6235fb1548d828cf68d55d93c2f858e835b161969d4cc33b00e5e83b603,shallow_m0064_r2,production_final
2,1024.0,shallow,final_geometry_v15_20260930,4327fe4ece9317f6fd20fad18389a71e9b1f423b,False,32,3473.275347587313,0.589645160560803,0.589645160560803,822118be30066e2ad7805184a823770ccb2ca9a0d6000e559d8be6e5c136ec7b,control,0.01,684,full_posterior,64,128,409600,U,2112,2,1.0,dynamics_h_0p01_stage_2,fc9da6235fb1548d828cf68d55d93c2f858e835b161969d4cc33b00e5e83b603,shallow_m0064_r2,production_final
2,1024.0,shallow,final_geometry_v15_20260930,4327fe4ece9317f6fd20fad18389a71e9b1f423b,False,32,4224.745660734786,0.4847629098798348,0.4847629098798348,ef1550b23c2d8062c768a542a113e072d27c07791584badd980bc77784340006,loss,0.02,166,full_posterior,64,128,204800,V,2112,2,1.0,dynamics_h_0p02_stage_2,fc9da6235fb1548d828cf68d55d93c2f858e835b161969d4cc33b00e5e83b603,shallow_m0064_r2,validation_or_superseded
2,1024.0,shallow,final_geometry_v15_20260930,4327fe4ece9317f6fd20fad18389a71e9b1f423b,False,32,3521.0777366386997,0.5816400980556218,0.5816400980556218,ef1550b23c2d8062c768a542a113e072d27c07791584badd980bc77784340006,train_logit,0.02,226,full_posterior,64,128,204800,train_logit_0,2112,2,1.0,dynamics_h_0p02_stage_2,fc9da6235fb1548d828cf68d55d93c2f858e835b161969d4cc33b00e5e83b603,shallow_m0064_r2,validation_or_superseded
2,1024.0,shallow,final_geometry_v15_20260930,4327fe4ece9317f6fd20fad18389a71e9b1f423b,False,32,4511.0789201530815,0.45399338744676676,0.45399338744676676,ef1550b23c2d8062c768a542a113e072d27c07791584badd980bc77784340006,train_logit,0.02,168,full_posterior,64,128,204800,train_logit_16,2112,2,1.0,dynamics_h_0p02_stage_2,fc9da6235fb1548d828cf68d55d93c2f858e835b161969d4cc33b00e5e83b603,shallow_m0064_r2,validation_or_superseded
2,1024.0,shallow,final_geometry_v15_20260930,4327fe4ece9317f6fd20fad18389a71e9b1f423b,False,32,4736.622666628511,0.4323755857583964,0.4323755857583964,ef1550b23c2d8062c768a542a113e072d27c07791584badd980bc77784340006,train_logit,0.02,182,full_posterior,64,128,204800,train_logit_32,2112,2,1.0,dynamics_h_0p02_stage_2,fc9da6235fb1548d828cf68d55d93c2f858e835b161969d4cc33b00e5e83b603,shallow_m0064_r2,validation_or_superseded
2,1024.0,shallow,final_geometry_v15_20260930,4327fe4ece9317f6fd20fad18389a71e9b1f423b,False,32,3396.183462644332,0.6030298488072222,0.6030298488072222,ef1550b23c2d8062c768a542a113e072d27c07791584badd980bc77784340006,train_logit,0.02,268,full_posterior,64,128,204800,train_logit_48,2112,2,1.0,dynamics_h_0p02_stage_2,fc9da6235fb1548d828cf68d55d93c2f858e835b161969d4cc33b00e5e83b603,shallow_m0064_r2,validation_or_superseded
2,1024.0,shallow,final_geometry_v15_20260930,4327fe4ece9317f6fd20fad18389a71e9b1f423b,False,32,4067.961198643464,0.503446296558321,0.503446296558321,ef1550b23c2d8062c768a542a113e072d27c07791584badd980bc77784340006,train_logit,0.02,286,full_posterior,64,128,204800,train_logit_64,2112,2,1.0,dynamics_h_0p02_stage_2,fc9da6235fb1548d828cf68d55d93c2f858e835b161969d4cc33b00e5e83b603,shallow_m0064_r2,validation_or_superseded
2,1024.0,shallow,final_geometry_v15_20260930,4327fe4ece9317f6fd20fad18389a71e9b1f423b,False,32,4515.739985650539,0.4535247836473837,0.4535247836473837,ef1550b23c2d8062c768a542a113e072d27c07791584badd980bc77784340006,train_logit,0.02,188,full_posterior,64,128,204800,train_logit_80,2112,2,1.0,dynamics_h_0p02_stage_2,fc9da6235fb1548d828cf68d55d93c2f858e835b161969d4cc33b00e5e83b603,shallow_m0064_r2,validation_or_superseded
2,1024.0,shallow,final_geometry_v15_20260930,4327fe4ece9317f6fd20fad18389a71e9b1f423b,False,32,3931.795041467626,0.5208816783174792,0.5208816783174792,ef1550b23c2d8062c768a542a113e072d27c07791584badd980bc77784340006,train_logit,0.02,280,full_posterior,64,128,204800,train_logit_96,2112,2,1.0,dynamics_h_0p02_stage_2,fc9da6235fb1548d828cf68d55d93c2f858e835b161969d4cc33b00e5e83b603,shallow_m0064_r2,validation_or_superseded
2,1024.0,shallow,final_geometry_v15_20260930,4327fe4ece9317f6fd20fad18389a71e9b1f423b,False,32,4828.729003361199,0.4241281709067585,0.4241281709067585,ef1550b23c2d8062c768a542a113e072d27c07791584badd980bc77784340006,train_logit,0.02,186,full_posterior,64,128,204800,train_logit_112,2112,2,1.0,dynamics_h_0p02_stage_2,fc9da6235fb1548d828cf68d55d93c2f858e835b161969d4cc33b00e5e83b603,shallow_m0064_r2,validation_or_superseded
2,1024.0,shallow,final_geometry_v15_20260930,4327fe4ece9317f6fd20fad18389a71e9b1f423b,False,32,3948.4637143509312,0.5186827455337679,0.5186827455337679,ef1550b23c2d8062c768a542a113e072d27c07791584badd980bc77784340006,test_probability,0.02,328,full_posterior,64,128,204800,test_prob_0,2112,2,1.0,dynamics_h_0p02_stage_2,fc9da6235fb1548d828cf68d55d93c2f858e835b161969d4cc33b00e5e83b603,shallow_m0064_r2,validation_or_superseded
2,1024.0,shallow,final_geometry_v15_20260930,4327fe4ece9317f6fd20fad18389a71e9b1f423b,False,32,4407.749038562156,0.46463625358037053,0.46463625358037053,ef1550b23c2d8062c768a542a113e072d27c07791584badd980bc77784340006,test_probability,0.02,252,full_posterior,64,128,204800,test_prob_128,2112,2,1.0,dynamics_h_0p02_stage_2,fc9da6235fb1548d828cf68d55d93c2f858e835b161969d4cc33b00e5e83b603,shallow_m0064_r2,validation_or_superseded
2,1024.0,shallow,final_geometry_v15_20260930,4327fe4ece9317f6fd20fad18389a71e9b1f423b,False,32,4016.613093026413,0.509882319398826,0.509882319398826,ef1550b23c2d8062c768a542a113e072d27c07791584badd980bc77784340006,test_probability,0.02,260,full_posterior,64,128,204800,test_prob_256,2112,2,1.0,dynamics_h_0p02_stage_2,fc9da6235fb1548d828cf68d55d93c2f858e835b161969d4cc33b00e5e83b603,shallow_m0064_r2,validation_or_superseded
2,1024.0,shallow,final_geometry_v15_20260930,4327fe4ece9317f6fd20fad18389a71e9b1f423b,False,32,4682.855302016862,0.4373400132858996,0.4373400132858996,ef1550b23c2d8062c768a542a113e072d27c07791584badd980bc77784340006,test_probability,0.02,168,full_posterior,64,128,204800,test_prob_384,2112,2,1.0,dynamics_h_0p02_stage_2,fc9da6235fb1548d828cf68d55d93c2f858e835b161969d4cc33b00e5e83b603,shallow_m0064_r2,validation_or_superseded
2,1024.0,shallow,final_geometry_v15_20260930,4327fe4ece9317f6fd20fad18389a71e9b1f423b,False,32,3710.4605754463046,0.5519530415044663,0.5519530415044663,ef1550b23c2d8062c768a542a113e072d27c07791584badd980bc77784340006,test_probability,0.02,402,full_posterior,64,128,204800,test_prob_512,2112,2,1.0,dynamics_h_0p02_stage_2,fc9da6235fb1548d828cf68d55d93c2f858e835b161969d4cc33b00e5e83b603,shallow_m0064_r2,validation_or_superseded
2,1024.0,shallow,final_geometry_v15_20260930,4327fe4ece9317f6fd20fad18389a71e9b1f423b,False,32,3837.0684516514093,0.5337408038990223,0.5337408038990223,ef1550b23c2d8062c768a542a113e072d27c07791584badd980bc77784340006,test_probability,0.02,210,full_posterior,64,128,204800,test_prob_640,2112,2,1.0,dynamics_h_0p02_stage_2,fc9da6235fb1548d828cf68d55d93c2f858e835b161969d4cc33b00e5e83b603,shallow_m0064_r2,validation_or_superseded
2,1024.0,shallow,final_geometry_v15_20260930,4327fe4ece9317f6fd20fad18389a71e9b1f423b,False,32,4094.995534199561,0.50012264553063,0.50012264553063,ef1550b23c2d8062c768a542a113e072d27c07791584badd980bc77784340006,test_probability,0.02,248,full_posterior,64,128,204800,test_prob_768,2112,2,1.0,dynamics_h_0p02_stage_2,fc9da6235fb1548d828cf68d55d93c2f858e835b161969d4cc33b00e5e83b603,shallow_m0064_r2,validation_or_superseded
2,1024.0,shallow,final_geometry_v15_20260930,4327fe4ece9317f6fd20fad18389a71e9b1f423b,False,32,3782.9953177050515,0.541369953701771,0.541369953701771,ef1550b23c2d8062c768a542a113e072d27c07791584badd980bc77784340006,test_probability,0.02,430,full_posterior,64,128,204800,test_prob_896,2112,2,1.0,dynamics_h_0p02_stage_2,fc9da6235fb1548d828cf68d55d93c2f858e835b161969d4cc33b00e5e83b603,shallow_m0064_r2,validation_or_superseded
2,1024.0,shallow,final_geometry_v15_20260930,4327fe4ece9317f6fd20fad18389a71e9b1f423b,False,32,3913.3007838683957,0.5233433648755976,0.5233433648755976,ef1550b23c2d8062c768a542a113e072d27c07791584badd980bc77784340006,interaction,0.02,136,full_posterior,64,128,204800,interaction_0,2112,2,1.0,dynamics_h_0p02_stage_2,fc9da6235fb1548d828cf68d55d93c2f858e835b161969d4cc33b00e5e83b603,shallow_m0064_r2,validation_or_superseded
2,1024.0,shallow,final_geometry_v15_20260930,4327fe4ece9317f6fd20fad18389a71e9b1f423b,False,32,3805.036161396127,0.5382340438122293,0.5382340438122293,ef1550b23c2d8062c768a542a113e072d27c07791584badd980bc77784340006,interaction,0.02,134,full_posterior,64,128,204800,interaction_1,2112,2,1.0,dynamics_h_0p02_stage_2,fc9da6235fb1548d828cf68d55d93c2f858e835b161969d4cc33b00e5e83b603,shallow_m0064_r2,validation_or_superseded
2,1024.0,shallow,final_geometry_v15_20260930,4327fe4ece9317f6fd20fad18389a71e9b1f423b,False,32,4453.65825205445,0.4598466887429605,0.4598466887429605,ef1550b23c2d8062c768a542a113e072d27c07791584badd980bc77784340006,interaction,0.02,98,full_posterior,64,128,204800,interaction_2,2112,2,1.0,dynamics_h_0p02_stage_2,fc9da6235fb1548d828cf68d55d93c2f858e835b161969d4cc33b00e5e83b603,shallow_m0064_r2,validation_or_superseded
2,1024.0,shallow,final_geometry_v15_20260930,4327fe4ece9317f6fd20fad18389a71e9b1f423b,False,32,3682.5301074667937,0.5561393770677997,0.5561393770677997,ef1550b23c2d8062c768a542a113e072d27c07791584badd980bc77784340006,interaction,0.02,362,full_posterior,64,128,204800,interaction_3,2112,2,1.0,dynamics_h_0p02_stage_2,fc9da6235fb1548d828cf68d55d93c2f858e835b161969d4cc33b00e5e83b603,shallow_m0064_r2,validation_or_superseded
2,1024.0,shallow,final_geometry_v15_20260930,4327fe4ece9317f6fd20fad18389a71e9b1f423b,False,32,1790.7407425459078,1.1436608054655333,1.1436608054655333,ef1550b23c2d8062c768a542a113e072d27c07791584badd980bc77784340006,control,0.02,292,full_posterior,64,128,204800,q_A,2112,2,1.0,dynamics_h_0p02_stage_2,fc9da6235fb1548d828cf68d55d93c2f858e835b161969d4cc33b00e5e83b603,shallow_m0064_r2,validation_or_superseded
2,1024.0,shallow,final_geometry_v15_20260930,4327fe4ece9317f6fd20fad18389a71e9b1f423b,False,32,1912.6043148306255,1.0707912682824647,1.0707912682824647,ef1550b23c2d8062c768a542a113e072d27c07791584badd980bc77784340006,control,0.02,514,full_posterior,64,128,204800,q_W,2112,2,1.0,dynamics_h_0p02_stage_2,fc9da6235fb1548d828cf68d55d93c2f858e835b161969d4cc33b00e5e83b603,shallow_m0064_r2,validation_or_superseded
2,1024.0,shallow,final_geometry_v15_20260930,4327fe4ece9317f6fd20fad18389a71e9b1f423b,False,32,3998.8046642616882,0.5121530487106523,0.5121530487106523,ef1550b23c2d8062c768a542a113e072d27c07791584badd980bc77784340006,control,0.02,146,full_posterior,64,128,204800,U,2112,2,1.0,dynamics_h_0p02_stage_2,fc9da6235fb1548d828cf68d55d93c2f858e835b161969d4cc33b00e5e83b603,shallow_m0064_r2,validation_or_superseded
2,1024.0,shallow,final_geometry_v15_20260930,4327fe4ece9317f6fd20fad18389a71e9b1f423b,False,32,5122.796125735546,0.39978167190987757,0.39978167190987757,db597f3beb937cc7109ebaeed0b59491104a80f518eea9c625c5c86e56400ba1,loss,0.01,484,full_posterior,256,128,409600,V,8448,0,1.0,dynamics_h_0p01_stage_2,5ffcf34dcb33edbff8ac327910bb107a5523c19a0d0683299bb0c37d97e4b101,shallow_m0256_r0,production_final
2,1024.0,shallow,final_geometry_v15_20260930,4327fe4ece9317f6fd20fad18389a71e9b1f423b,False,32,5300.55210919206,0.3863748450748025,0.3863748450748025,db597f3beb937cc7109ebaeed0b59491104a80f518eea9c625c5c86e56400ba1,train_logit,0.01,234,full_posterior,256,128,409600,train_logit_0,8448,0,1.0,dynamics_h_0p01_stage_2,5ffcf34dcb33edbff8ac327910bb107a5523c19a0d0683299bb0c37d97e4b101,shallow_m0256_r0,production_final
2,1024.0,shallow,final_geometry_v15_20260930,4327fe4ece9317f6fd20fad18389a71e9b1f423b,False,32,5151.872634646615,0.3975253553876881,0.3975253553876881,db597f3beb937cc7109ebaeed0b59491104a80f518eea9c625c5c86e56400ba1,train_logit,0.01,426,full_posterior,256,128,409600,train_logit_16,8448,0,1.0,dynamics_h_0p01_stage_2,5ffcf34dcb33edbff8ac327910bb107a5523c19a0d0683299bb0c37d97e4b101,shallow_m0256_r0,production_final
2,1024.0,shallow,final_geometry_v15_20260930,4327fe4ece9317f6fd20fad18389a71e9b1f423b,False,32,4416.186957040127,0.46374848255351875,0.46374848255351875,db597f3beb937cc7109ebaeed0b59491104a80f518eea9c625c5c86e56400ba1,train_logit,0.01,412,full_posterior,256,128,409600,train_logit_32,8448,0,1.0,dynamics_h_0p01_stage_2,5ffcf34dcb33edbff8ac327910bb107a5523c19a0d0683299bb0c37d97e4b101,shallow_m0256_r0,production_final
2,1024.0,shallow,final_geometry_v15_20260930,4327fe4ece9317f6fd20fad18389a71e9b1f423b,False,32,4675.103176989584,0.43806519823563733,0.43806519823563733,db597f3beb937cc7109ebaeed0b59491104a80f518eea9c625c5c86e56400ba1,train_logit,0.01,470,full_posterior,256,128,409600,train_logit_48,8448,0,1.0,dynamics_h_0p01_stage_2,5ffcf34dcb33edbff8ac327910bb107a5523c19a0d0683299bb0c37d97e4b101,shallow_m0256_r0,production_final
2,1024.0,shallow,final_geometry_v15_20260930,4327fe4ece9317f6fd20fad18389a71e9b1f423b,False,32,4911.837362309171,0.4169519161434911,0.4169519161434911,db597f3beb937cc7109ebaeed0b59491104a80f518eea9c625c5c86e56400ba1,train_logit,0.01,308,full_posterior,256,128,409600,train_logit_64,8448,0,1.0,dynamics_h_0p01_stage_2,5ffcf34dcb33edbff8ac327910bb107a5523c19a0d0683299bb0c37d97e4b101,shallow_m0256_r0,production_final
2,1024.0,shallow,final_geometry_v15_20260930,4327fe4ece9317f6fd20fad18389a71e9b1f423b,False,32,4859.702990806022,0.4214249314977832,0.4214249314977832,db597f3beb937cc7109ebaeed0b59491104a80f518eea9c625c5c86e56400ba1,train_logit,0.01,344,full_posterior,256,128,409600,train_logit_80,8448,0,1.0,dynamics_h_0p01_stage_2,5ffcf34dcb33edbff8ac327910bb107a5523c19a0d0683299bb0c37d97e4b101,shallow_m0256_r0,production_final
2,1024.0,shallow,final_geometry_v15_20260930,4327fe4ece9317f6fd20fad18389a71e9b1f423b,False,32,4776.700778629122,0.4287478104474781,0.4287478104474781,db597f3beb937cc7109ebaeed0b59491104a80f518eea9c625c5c86e56400ba1,train_logit,0.01,370,full_posterior,256,128,409600,train_logit_96,8448,0,1.0,dynamics_h_0p01_stage_2,5ffcf34dcb33edbff8ac327910bb107a5523c19a0d0683299bb0c37d97e4b101,shallow_m0256_r0,production_final
2,1024.0,shallow,final_geometry_v15_20260930,4327fe4ece9317f6fd20fad18389a71e9b1f423b,False,32,5144.729538968493,0.3980772914275722,0.3980772914275722,db597f3beb937cc7109ebaeed0b59491104a80f518eea9c625c5c86e56400ba1,train_logit,0.01,362,full_posterior,256,128,409600,train_logit_112,8448,0,1.0,dynamics_h_0p01_stage_2,5ffcf34dcb33edbff8ac327910bb107a5523c19a0d0683299bb0c37d97e4b101,shallow_m0256_r0,production_final
2,1024.0,shallow,final_geometry_v15_20260930,4327fe4ece9317f6fd20fad18389a71e9b1f423b,False,32,4249.963429488627,0.4818864994907553,0.4818864994907553,db597f3beb937cc7109ebaeed0b59491104a80f518eea9c625c5c86e56400ba1,test_probability,0.01,356,full_posterior,256,128,409600,test_prob_0,8448,0,1.0,dynamics_h_0p01_stage_2,5ffcf34dcb33edbff8ac327910bb107a5523c19a0d0683299bb0c37d97e4b101,shallow_m0256_r0,production_final
2,1024.0,shallow,final_geometry_v15_20260930,4327fe4ece9317f6fd20fad18389a71e9b1f423b,False,32,3975.2418296757915,0.5151887829090963,0.5151887829090963,db597f3beb937cc7109ebaeed0b59491104a80f518eea9c625c5c86e56400ba1,test_probability,0.01,284,full_posterior,256,128,409600,test_prob_128,8448,0,1.0,dynamics_h_0p01_stage_2,5ffcf34dcb33edbff8ac327910bb107a5523c19a0d0683299bb0c37d97e4b101,shallow_m0256_r0,production_final
2,1024.0,shallow,final_geometry_v15_20260930,4327fe4ece9317f6fd20fad18389a71e9b1f423b,False,32,4353.832835653733,0.47039013147882847,0.47039013147882847,db597f3beb937cc7109ebaeed0b59491104a80f518eea9c625c5c86e56400ba1,test_probability,0.01,328,full_posterior,256,128,409600,test_prob_256,8448,0,1.0,dynamics_h_0p01_stage_2,5ffcf34dcb33edbff8ac327910bb107a5523c19a0d0683299bb0c37d97e4b101,shallow_m0256_r0,production_final
2,1024.0,shallow,final_geometry_v15_20260930,4327fe4ece9317f6fd20fad18389a71e9b1f423b,False,32,4292.039625507757,0.4771624166348925,0.4771624166348925,db597f3beb937cc7109ebaeed0b59491104a80f518eea9c625c5c86e56400ba1,test_probability,0.01,512,full_posterior,256,128,409600,test_prob_384,8448,0,1.0,dynamics_h_0p01_stage_2,5ffcf34dcb33edbff8ac327910bb107a5523c19a0d0683299bb0c37d97e4b101,shallow_m0256_r0,production_final
2,1024.0,shallow,final_geometry_v15_20260930,4327fe4ece9317f6fd20fad18389a71e9b1f423b,False,32,4577.937644401001,0.4473630178219629,0.4473630178219629,db597f3beb937cc7109ebaeed0b59491104a80f518eea9c625c5c86e56400ba1,test_probability,0.01,378,full_posterior,256,128,409600,test_prob_512,8448,0,1.0,dynamics_h_0p01_stage_2,5ffcf34dcb33edbff8ac327910bb107a5523c19a0d0683299bb0c37d97e4b101,shallow_m0256_r0,production_final
2,1024.0,shallow,final_geometry_v15_20260930,4327fe4ece9317f6fd20fad18389a71e9b1f423b,False,32,4325.15717071264,0.47350880422746777,0.47350880422746777,db597f3beb937cc7109ebaeed0b59491104a80f518eea9c625c5c86e56400ba1,test_probability,0.01,484,full_posterior,256,128,409600,test_prob_640,8448,0,1.0,dynamics_h_0p01_stage_2,5ffcf34dcb33edbff8ac327910bb107a5523c19a0d0683299bb0c37d97e4b101,shallow_m0256_r0,production_final
2,1024.0,shallow,final_geometry_v15_20260930,4327fe4ece9317f6fd20fad18389a71e9b1f423b,False,32,4452.224786909622,0.4599947437563137,0.4599947437563137,db597f3beb937cc7109ebaeed0b59491104a80f518eea9c625c5c86e56400ba1,test_probability,0.01,354,full_posterior,256,128,409600,test_prob_768,8448,0,1.0,dynamics_h_0p01_stage_2,5ffcf34dcb33edbff8ac327910bb107a5523c19a0d0683299bb0c37d97e4b101,shallow_m0256_r0,production_final
2,1024.0,shallow,final_geometry_v15_20260930,4327fe4ece9317f6fd20fad18389a71e9b1f423b,False,32,3878.1838034350853,0.5280822425657062,0.5280822425657062,db597f3beb937cc7109ebaeed0b59491104a80f518eea9c625c5c86e56400ba1,test_probability,0.01,540,full_posterior,256,128,409600,test_prob_896,8448,0,1.0,dynamics_h_0p01_stage_2,5ffcf34dcb33edbff8ac327910bb107a5523c19a0d0683299bb0c37d97e4b101,shallow_m0256_r0,production_final
2,1024.0,shallow,final_geometry_v15_20260930,4327fe4ece9317f6fd20fad18389a71e9b1f423b,False,32,3538.455861830543,0.5787835372179864,0.5787835372179864,db597f3beb937cc7109ebaeed0b59491104a80f518eea9c625c5c86e56400ba1,interaction,0.01,718,full_posterior,256,128,409600,interaction_0,8448,0,1.0,dynamics_h_0p01_stage_2,5ffcf34dcb33edbff8ac327910bb107a5523c19a0d0683299bb0c37d97e4b101,shallow_m0256_r0,production_final
2,1024.0,shallow,final_geometry_v15_20260930,4327fe4ece9317f6fd20fad18389a71e9b1f423b,False,32,4011.3829779408798,0.510547113367689,0.510547113367689,db597f3beb937cc7109ebaeed0b59491104a80f518eea9c625c5c86e56400ba1,interaction,0.01,232,full_posterior,256,128,409600,interaction_1,8448,0,1.0,dynamics_h_0p01_stage_2,5ffcf34dcb33edbff8ac327910bb107a5523c19a0d0683299bb0c37d97e4b101,shallow_m0256_r0,production_final
2,1024.0,shallow,final_geometry_v15_20260930,4327fe4ece9317f6fd20fad18389a71e9b1f423b,False,32,3889.594302933377,0.5265330624470218,0.5265330624470218,db597f3beb937cc7109ebaeed0b59491104a80f518eea9c625c5c86e56400ba1,interaction,0.01,684,full_posterior,256,128,409600,interaction_2,8448,0,1.0,dynamics_h_0p01_stage_2,5ffcf34dcb33edbff8ac327910bb107a5523c19a0d0683299bb0c37d97e4b101,shallow_m0256_r0,production_final
2,1024.0,shallow,final_geometry_v15_20260930,4327fe4ece9317f6fd20fad18389a71e9b1f423b,False,32,4236.364783326104,0.4834333455090359,0.4834333455090359,db597f3beb937cc7109ebaeed0b59491104a80f518eea9c625c5c86e56400ba1,interaction,0.01,194,full_posterior,256,128,409600,interaction_3,8448,0,1.0,dynamics_h_0p01_stage_2,5ffcf34dcb33edbff8ac327910bb107a5523c19a0d0683299bb0c37d97e4b101,shallow_m0256_r0,production_final
2,1024.0,shallow,final_geometry_v15_20260930,4327fe4ece9317f6fd20fad18389a71e9b1f423b,False,32,2019.4260013371193,1.014149564601011,1.014149564601011,db597f3beb937cc7109ebaeed0b59491104a80f518eea9c625c5c86e56400ba1,control,0.01,542,full_posterior,256,128,409600,q_A,8448,0,1.0,dynamics_h_0p01_stage_2,5ffcf34dcb33edbff8ac327910bb107a5523c19a0d0683299bb0c37d97e4b101,shallow_m0256_r0,production_final
2,1024.0,shallow,final_geometry_v15_20260930,4327fe4ece9317f6fd20fad18389a71e9b1f423b,False,32,1894.398260195441,1.0810820739397808,1.0810820739397808,db597f3beb937cc7109ebaeed0b59491104a80f518eea9c625c5c86e56400ba1,control,0.01,626,full_posterior,256,128,409600,q_W,8448,0,1.0,dynamics_h_0p01_stage_2,5ffcf34dcb33edbff8ac327910bb107a5523c19a0d0683299bb0c37d97e4b101,shallow_m0256_r0,production_final
2,1024.0,shallow,final_geometry_v15_20260930,4327fe4ece9317f6fd20fad18389a71e9b1f423b,False,32,3971.7519188666506,0.5156414705237687,0.5156414705237687,db597f3beb937cc7109ebaeed0b59491104a80f518eea9c625c5c86e56400ba1,control,0.01,294,full_posterior,256,128,409600,U,8448,0,1.0,dynamics_h_0p01_stage_2,5ffcf34dcb33edbff8ac327910bb107a5523c19a0d0683299bb0c37d97e4b101,shallow_m0256_r0,production_final
2,1024.0,shallow,final_geometry_v15_20260930,4327fe4ece9317f6fd20fad18389a71e9b1f423b,False,32,5146.997129803672,0.39790191219285165,0.39790191219285165,4c1f421861703241d6a8a8db76d6cf626d3ec7b1a922b205cd55d61519b73f9c,loss,0.02,184,full_posterior,256,128,204800,V,8448,0,1.0,dynamics_h_0p02_stage_2,5ffcf34dcb33edbff8ac327910bb107a5523c19a0d0683299bb0c37d97e4b101,shallow_m0256_r0,validation_or_superseded
2,1024.0,shallow,final_geometry_v15_20260930,4327fe4ece9317f6fd20fad18389a71e9b1f423b,False,32,4743.199148657925,0.4317760936897359,0.4317760936897359,4c1f421861703241d6a8a8db76d6cf626d3ec7b1a922b205cd55d61519b73f9c,train_logit,0.02,250,full_posterior,256,128,204800,train_logit_0,8448,0,1.0,dynamics_h_0p02_stage_2,5ffcf34dcb33edbff8ac327910bb107a5523c19a0d0683299bb0c37d97e4b101,shallow_m0256_r0,validation_or_superseded
2,1024.0,shallow,final_geometry_v15_20260930,4327fe4ece9317f6fd20fad18389a71e9b1f423b,False,32,4761.789609709088,0.43009040042932906,0.43009040042932906,4c1f421861703241d6a8a8db76d6cf626d3ec7b1a922b205cd55d61519b73f9c,train_logit,0.02,172,full_posterior,256,128,204800,train_logit_16,8448,0,1.0,dynamics_h_0p02_stage_2,5ffcf34dcb33edbff8ac327910bb107a5523c19a0d0683299bb0c37d97e4b101,shallow_m0256_r0,validation_or_superseded
2,1024.0,shallow,final_geometry_v15_20260930,4327fe4ece9317f6fd20fad18389a71e9b1f423b,False,32,4478.783442545644,0.4572670293779511,0.4572670293779511,4c1f421861703241d6a8a8db76d6cf626d3ec7b1a922b205cd55d61519b73f9c,train_logit,0.02,186,full_posterior,256,128,204800,train_logit_32,8448,0,1.0,dynamics_h_0p02_stage_2,5ffcf34dcb33edbff8ac327910bb107a5523c19a0d0683299bb0c37d97e4b101,shallow_m0256_r0,validation_or_superseded
2,1024.0,shallow,final_geometry_v15_20260930,4327fe4ece9317f6fd20fad18389a71e9b1f423b,False,32,4447.409290509874,0.46049280968363643,0.46049280968363643,4c1f421861703241d6a8a8db76d6cf626d3ec7b1a922b205cd55d61519b73f9c,train_logit,0.02,310,full_posterior,256,128,204800,train_logit_48,8448,0,1.0,dynamics_h_0p02_stage_2,5ffcf34dcb33edbff8ac327910bb107a5523c19a0d0683299bb0c37d97e4b101,shallow_m0256_r0,validation_or_superseded
2,1024.0,shallow,final_geometry_v15_20260930,4327fe4ece9317f6fd20fad18389a71e9b1f423b,False,32,4884.8770555232995,0.4192531309839906,0.4192531309839906,4c1f421861703241d6a8a8db76d6cf626d3ec7b1a922b205cd55d61519b73f9c,train_logit,0.02,252,full_posterior,256,128,204800,train_logit_64,8448,0,1.0,dynamics_h_0p02_stage_2,5ffcf34dcb33edbff8ac327910bb107a5523c19a0d0683299bb0c37d97e4b101,shallow_m0256_r0,validation_or_superseded
2,1024.0,shallow,final_geometry_v15_20260930,4327fe4ece9317f6fd20fad18389a71e9b1f423b,False,32,5112.7046908188295,0.4005707592847497,0.4005707592847497,4c1f421861703241d6a8a8db76d6cf626d3ec7b1a922b205cd55d61519b73f9c,train_logit,0.02,192,full_posterior,256,128,204800,train_logit_80,8448,0,1.0,dynamics_h_0p02_stage_2,5ffcf34dcb33edbff8ac327910bb107a5523c19a0d0683299bb0c37d97e4b101,shallow_m0256_r0,validation_or_superseded
2,1024.0,shallow,final_geometry_v15_20260930,4327fe4ece9317f6fd20fad18389a71e9b1f423b,False,32,4463.032133731176,0.4588808546820466,0.4588808546820466,4c1f421861703241d6a8a8db76d6cf626d3ec7b1a922b205cd55d61519b73f9c,train_logit,0.02,240,full_posterior,256,128,204800,train_logit_96,8448,0,1.0,dynamics_h_0p02_stage_2,5ffcf34dcb33edbff8ac327910bb107a5523c19a0d0683299bb0c37d97e4b101,shallow_m0256_r0,validation_or_superseded
2,1024.0,shallow,final_geometry_v15_20260930,4327fe4ece9317f6fd20fad18389a71e9b1f423b,False,32,5428.338701188334,0.37727933217425547,0.37727933217425547,4c1f421861703241d6a8a8db76d6cf626d3ec7b1a922b205cd55d61519b73f9c,train_logit,0.02,134,full_posterior,256,128,204800,train_logit_112,8448,0,1.0,dynamics_h_0p02_stage_2,5ffcf34dcb33edbff8ac327910bb107a5523c19a0d0683299bb0c37d97e4b101,shallow_m0256_r0,validation_or_superseded
2,1024.0,shallow,final_geometry_v15_20260930,4327fe4ece9317f6fd20fad18389a71e9b1f423b,False,32,4488.728395166959,0.45625393646118,0.45625393646118,4c1f421861703241d6a8a8db76d6cf626d3ec7b1a922b205cd55d61519b73f9c,test_probability,0.02,434,full_posterior,256,128,204800,test_prob_0,8448,0,1.0,dynamics_h_0p02_stage_2,5ffcf34dcb33edbff8ac327910bb107a5523c19a0d0683299bb0c37d97e4b101,shallow_m0256_r0,validation_or_superseded
2,1024.0,shallow,final_geometry_v15_20260930,4327fe4ece9317f6fd20fad18389a71e9b1f423b,False,32,4175.843971787024,0.4904397802783738,0.4904397802783738,4c1f421861703241d6a8a8db76d6cf626d3ec7b1a922b205cd55d61519b73f9c,test_probability,0.02,272,full_posterior,256,128,204800,test_prob_128,8448,0,1.0,dynamics_h_0p02_stage_2,5ffcf34dcb33edbff8ac327910bb107a5523c19a0d0683299bb0c37d97e4b101,shallow_m0256_r0,validation_or_superseded
2,1024.0,shallow,final_geometry_v15_20260930,4327fe4ece9317f6fd20fad18389a71e9b1f423b,False,32,4462.922080860165,0.45889217039731,0.45889217039731,4c1f421861703241d6a8a8db76d6cf626d3ec7b1a922b205cd55d61519b73f9c,test_probability,0.02,136,full_posterior,256,128,204800,test_prob_256,8448,0,1.0,dynamics_h_0p02_stage_2,5ffcf34dcb33edbff8ac327910bb107a5523c19a0d0683299bb0c37d97e4b101,shallow_m0256_r0,validation_or_superseded
2,1024.0,shallow,final_geometry_v15_20260930,4327fe4ece9317f6fd20fad18389a71e9b1f423b,False,32,4232.164700847108,0.48391311415410493,0.48391311415410493,4c1f421861703241d6a8a8db76d6cf626d3ec7b1a922b205cd55d61519b73f9c,test_probability,0.02,148,full_posterior,256,128,204800,test_prob_384,8448,0,1.0,dynamics_h_0p02_stage_2,5ffcf34dcb33edbff8ac327910bb107a5523c19a0d0683299bb0c37d97e4b101,shallow_m0256_r0,validation_or_superseded
2,1024.0,shallow,final_geometry_v15_20260930,4327fe4ece9317f6fd20fad18389a71e9b1f423b,False,32,4434.725147361684,0.46180990522454374,0.46180990522454374,4c1f421861703241d6a8a8db76d6cf626d3ec7b1a922b205cd55d61519b73f9c,test_probability,0.02,152,full_posterior,256,128,204800,test_prob_512,8448,0,1.0,dynamics_h_0p02_stage_2,5ffcf34dcb33edbff8ac327910bb107a5523c19a0d0683299bb0c37d97e4b101,shallow_m0256_r0,validation_or_superseded
2,1024.0,shallow,final_geometry_v15_20260930,4327fe4ece9317f6fd20fad18389a71e9b1f423b,False,32,4228.724083236373,0.4843068404767148,0.4843068404767148,4c1f421861703241d6a8a8db76d6cf626d3ec7b1a922b205cd55d61519b73f9c,test_probability,0.02,168,full_posterior,256,128,204800,test_prob_640,8448,0,1.0,dynamics_h_0p02_stage_2,5ffcf34dcb33edbff8ac327910bb107a5523c19a0d0683299bb0c37d97e4b101,shallow_m0256_r0,validation_or_superseded
2,1024.0,shallow,final_geometry_v15_20260930,4327fe4ece9317f6fd20fad18389a71e9b1f423b,False,32,4263.9961573407845,0.48030062045769356,0.48030062045769356,4c1f421861703241d6a8a8db76d6cf626d3ec7b1a922b205cd55d61519b73f9c,test_probability,0.02,192,full_posterior,256,128,204800,test_prob_768,8448,0,1.0,dynamics_h_0p02_stage_2,5ffcf34dcb33edbff8ac327910bb107a5523c19a0d0683299bb0c37d97e4b101,shallow_m0256_r0,validation_or_superseded
2,1024.0,shallow,final_geometry_v15_20260930,4327fe4ece9317f6fd20fad18389a71e9b1f423b,False,32,4079.0892717969823,0.5020728558602455,0.5020728558602455,4c1f421861703241d6a8a8db76d6cf626d3ec7b1a922b205cd55d61519b73f9c,test_probability,0.02,174,full_posterior,256,128,204800,test_prob_896,8448,0,1.0,dynamics_h_0p02_stage_2,5ffcf34dcb33edbff8ac327910bb107a5523c19a0d0683299bb0c37d97e4b101,shallow_m0256_r0,validation_or_superseded
2,1024.0,shallow,final_geometry_v15_20260930,4327fe4ece9317f6fd20fad18389a71e9b1f423b,False,32,3899.4129613492987,0.5252072607594089,0.5252072607594089,4c1f421861703241d6a8a8db76d6cf626d3ec7b1a922b205cd55d61519b73f9c,interaction,0.02,300,full_posterior,256,128,204800,interaction_0,8448,0,1.0,dynamics_h_0p02_stage_2,5ffcf34dcb33edbff8ac327910bb107a5523c19a0d0683299bb0c37d97e4b101,shallow_m0256_r0,validation_or_superseded
2,1024.0,shallow,final_geometry_v15_20260930,4327fe4ece9317f6fd20fad18389a71e9b1f423b,False,32,3852.1848046861846,0.5316463523527238,0.5316463523527238,4c1f421861703241d6a8a8db76d6cf626d3ec7b1a922b205cd55d61519b73f9c,interaction,0.02,148,full_posterior,256,128,204800,interaction_1,8448,0,1.0,dynamics_h_0p02_stage_2,5ffcf34dcb33edbff8ac327910bb107a5523c19a0d0683299bb0c37d97e4b101,shallow_m0256_r0,validation_or_superseded
2,1024.0,shallow,final_geometry_v15_20260930,4327fe4ece9317f6fd20fad18389a71e9b1f423b,False,32,3982.2283165273147,0.5142849272354001,0.5142849272354001,4c1f421861703241d6a8a8db76d6cf626d3ec7b1a922b205cd55d61519b73f9c,interaction,0.02,176,full_posterior,256,128,204800,interaction_2,8448,0,1.0,dynamics_h_0p02_stage_2,5ffcf34dcb33edbff8ac327910bb107a5523c19a0d0683299bb0c37d97e4b101,shallow_m0256_r0,validation_or_superseded
2,1024.0,shallow,final_geometry_v15_20260930,4327fe4ece9317f6fd20fad18389a71e9b1f423b,False,32,3673.696871411105,0.5574765887565846,0.5574765887565846,4c1f421861703241d6a8a8db76d6cf626d3ec7b1a922b205cd55d61519b73f9c,interaction,0.02,204,full_posterior,256,128,204800,interaction_3,8448,0,1.0,dynamics_h_0p02_stage_2,5ffcf34dcb33edbff8ac327910bb107a5523c19a0d0683299bb0c37d97e4b101,shallow_m0256_r0,validation_or_superseded
2,1024.0,shallow,final_geometry_v15_20260930,4327fe4ece9317f6fd20fad18389a71e9b1f423b,False,32,2064.8845730330013,0.9918229942469857,0.9918229942469857,4c1f421861703241d6a8a8db76d6cf626d3ec7b1a922b205cd55d61519b73f9c,control,0.02,260,full_posterior,256,128,204800,q_A,8448,0,1.0,dynamics_h_0p02_stage_2,5ffcf34dcb33edbff8ac327910bb107a5523c19a0d0683299bb0c37d97e4b101,shallow_m0256_r0,validation_or_superseded
2,1024.0,shallow,final_geometry_v15_20260930,4327fe4ece9317f6fd20fad18389a71e9b1f423b,False,32,1991.1147527951846,1.028569547347765,1.028569547347765,4c1f421861703241d6a8a8db76d6cf626d3ec7b1a922b205cd55d61519b73f9c,control,0.02,278,full_posterior,256,128,204800,q_W,8448,0,1.0,dynamics_h_0p02_stage_2,5ffcf34dcb33edbff8ac327910bb107a5523c19a0d0683299bb0c37d97e4b101,shallow_m0256_r0,validation_or_superseded
2,1024.0,shallow,final_geometry_v15_20260930,4327fe4ece9317f6fd20fad18389a71e9b1f423b,False,32,3999.3822528542546,0.5120790838481107,0.5120790838481107,4c1f421861703241d6a8a8db76d6cf626d3ec7b1a922b205cd55d61519b73f9c,control,0.02,120,full_posterior,256,128,204800,U,8448,0,1.0,dynamics_h_0p02_stage_2,5ffcf34dcb33edbff8ac327910bb107a5523c19a0d0683299bb0c37d97e4b101,shallow_m0256_r0,validation_or_superseded
2,1024.0,shallow,final_geometry_v15_20260930,4327fe4ece9317f6fd20fad18389a71e9b1f423b,False,32,4954.9604061239925,0.41332318164819476,0.41332318164819476,c3c24218a3cf0b38db09e41488b370dd06b4fd0032cf7a8d9da01024ebebce18,loss,0.01,384,full_posterior,256,128,409600,V,8448,1,1.0,dynamics_h_0p01_stage_2,8f5887633c4c57f2ac0982e01a15dae641286ed569accf33e93d0425c2b98209,shallow_m0256_r1,production_final
2,1024.0,shallow,final_geometry_v15_20260930,4327fe4ece9317f6fd20fad18389a71e9b1f423b,False,32,4836.05066329474,0.4234860514477579,0.4234860514477579,c3c24218a3cf0b38db09e41488b370dd06b4fd0032cf7a8d9da01024ebebce18,train_logit,0.01,278,full_posterior,256,128,409600,train_logit_0,8448,1,1.0,dynamics_h_0p01_stage_2,8f5887633c4c57f2ac0982e01a15dae641286ed569accf33e93d0425c2b98209,shallow_m0256_r1,production_final
2,1024.0,shallow,final_geometry_v15_20260930,4327fe4ece9317f6fd20fad18389a71e9b1f423b,False,32,4884.871312626178,0.4192536238787763,0.4192536238787763,c3c24218a3cf0b38db09e41488b370dd06b4fd0032cf7a8d9da01024ebebce18,train_logit,0.01,600,full_posterior,256,128,409600,train_logit_16,8448,1,1.0,dynamics_h_0p01_stage_2,8f5887633c4c57f2ac0982e01a15dae641286ed569accf33e93d0425c2b98209,shallow_m0256_r1,production_final
2,1024.0,shallow,final_geometry_v15_20260930,4327fe4ece9317f6fd20fad18389a71e9b1f423b,False,32,5028.231980188442,0.40730022164236895,0.40730022164236895,c3c24218a3cf0b38db09e41488b370dd06b4fd0032cf7a8d9da01024ebebce18,train_logit,0.01,536,full_posterior,256,128,409600,train_logit_32,8448,1,1.0,dynamics_h_0p01_stage_2,8f5887633c4c57f2ac0982e01a15dae641286ed569accf33e93d0425c2b98209,shallow_m0256_r1,production_final
2,1024.0,shallow,final_geometry_v15_20260930,4327fe4ece9317f6fd20fad18389a71e9b1f423b,False,32,4280.423216191319,0.47845736193868504,0.47845736193868504,c3c24218a3cf0b38db09e41488b370dd06b4fd0032cf7a8d9da01024ebebce18,train_logit,0.01,470,full_posterior,256,128,409600,train_logit_48,8448,1,1.0,dynamics_h_0p01_stage_2,8f5887633c4c57f2ac0982e01a15dae641286ed569accf33e93d0425c2b98209,shallow_m0256_r1,production_final
2,1024.0,shallow,final_geometry_v15_20260930,4327fe4ece9317f6fd20fad18389a71e9b1f423b,False,32,4819.472780146932,0.4249427465253912,0.4249427465253912,c3c24218a3cf0b38db09e41488b370dd06b4fd0032cf7a8d9da01024ebebce18,train_logit,0.01,342,full_posterior,256,128,409600,train_logit_64,8448,1,1.0,dynamics_h_0p01_stage_2,8f5887633c4c57f2ac0982e01a15dae641286ed569accf33e93d0425c2b98209,shallow_m0256_r1,production_final
2,1024.0,shallow,final_geometry_v15_20260930,4327fe4ece9317f6fd20fad18389a71e9b1f423b,False,32,4727.548901290927,0.4332054607495998,0.4332054607495998,c3c24218a3cf0b38db09e41488b370dd06b4fd0032cf7a8d9da01024ebebce18,train_logit,0.01,408,full_posterior,256,128,409600,train_logit_80,8448,1,1.0,dynamics_h_0p01_stage_2,8f5887633c4c57f2ac0982e01a15dae641286ed569accf33e93d0425c2b98209,shallow_m0256_r1,production_final
2,1024.0,shallow,final_geometry_v15_20260930,4327fe4ece9317f6fd20fad18389a71e9b1f423b,False,32,4479.4846214921945,0.45719545283711127,0.45719545283711127,c3c24218a3cf0b38db09e41488b370dd06b4fd0032cf7a8d9da01024ebebce18,train_logit,0.01,450,full_posterior,256,128,409600,train_logit_96,8448,1,1.0,dynamics_h_0p01_stage_2,8f5887633c4c57f2ac0982e01a15dae641286ed569accf33e93d0425c2b98209,shallow_m0256_r1,production_final
2,1024.0,shallow,final_geometry_v15_20260930,4327fe4ece9317f6fd20fad18389a71e9b1f423b,False,32,4899.42787190065,0.41800799063616245,0.41800799063616245,c3c24218a3cf0b38db09e41488b370dd06b4fd0032cf7a8d9da01024ebebce18,train_logit,0.01,318,full_posterior,256,128,409600,train_logit_112,8448,1,1.0,dynamics_h_0p01_stage_2,8f5887633c4c57f2ac0982e01a15dae641286ed569accf33e93d0425c2b98209,shallow_m0256_r1,production_final
2,1024.0,shallow,final_geometry_v15_20260930,4327fe4ece9317f6fd20fad18389a71e9b1f423b,False,32,4065.744561207107,0.5037207746745298,0.5037207746745298,c3c24218a3cf0b38db09e41488b370dd06b4fd0032cf7a8d9da01024ebebce18,test_probability,0.01,416,full_posterior,256,128,409600,test_prob_0,8448,1,1.0,dynamics_h_0p01_stage_2,8f5887633c4c57f2ac0982e01a15dae641286ed569accf33e93d0425c2b98209,shallow_m0256_r1,production_final
2,1024.0,shallow,final_geometry_v15_20260930,4327fe4ece9317f6fd20fad18389a71e9b1f423b,False,32,4355.4875262411615,0.4702114258532727,0.4702114258532727,c3c24218a3cf0b38db09e41488b370dd06b4fd0032cf7a8d9da01024ebebce18,test_probability,0.01,542,full_posterior,256,128,409600,test_prob_128,8448,1,1.0,dynamics_h_0p01_stage_2,8f5887633c4c57f2ac0982e01a15dae641286ed569accf33e93d0425c2b98209,shallow_m0256_r1,production_final
2,1024.0,shallow,final_geometry_v15_20260930,4327fe4ece9317f6fd20fad18389a71e9b1f423b,False,32,4437.4811913114245,0.4615230829620142,0.4615230829620142,c3c24218a3cf0b38db09e41488b370dd06b4fd0032cf7a8d9da01024ebebce18,test_probability,0.01,464,full_posterior,256,128,409600,test_prob_256,8448,1,1.0,dynamics_h_0p01_stage_2,8f5887633c4c57f2ac0982e01a15dae641286ed569accf33e93d0425c2b98209,shallow_m0256_r1,production_final
2,1024.0,shallow,final_geometry_v15_20260930,4327fe4ece9317f6fd20fad18389a71e9b1f423b,False,32,4705.391702955483,0.4352453800421418,0.4352453800421418,c3c24218a3cf0b38db09e41488b370dd06b4fd0032cf7a8d9da01024ebebce18,test_probability,0.01,690,full_posterior,256,128,409600,test_prob_384,8448,1,1.0,dynamics_h_0p01_stage_2,8f5887633c4c57f2ac0982e01a15dae641286ed569accf33e93d0425c2b98209,shallow_m0256_r1,production_final
2,1024.0,shallow,final_geometry_v15_20260930,4327fe4ece9317f6fd20fad18389a71e9b1f423b,False,32,3860.7060629239754,0.5304729152182361,0.5304729152182361,c3c24218a3cf0b38db09e41488b370dd06b4fd0032cf7a8d9da01024ebebce18,test_probability,0.01,544,full_posterior,256,128,409600,test_prob_512,8448,1,1.0,dynamics_h_0p01_stage_2,8f5887633c4c57f2ac0982e01a15dae641286ed569accf33e93d0425c2b98209,shallow_m0256_r1,production_final
2,1024.0,shallow,final_geometry_v15_20260930,4327fe4ece9317f6fd20fad18389a71e9b1f423b,False,32,4124.562316676132,0.496537533623792,0.496537533623792,c3c24218a3cf0b38db09e41488b370dd06b4fd0032cf7a8d9da01024ebebce18,test_probability,0.01,470,full_posterior,256,128,409600,test_prob_640,8448,1,1.0,dynamics_h_0p01_stage_2,8f5887633c4c57f2ac0982e01a15dae641286ed569accf33e93d0425c2b98209,shallow_m0256_r1,production_final
2,1024.0,shallow,final_geometry_v15_20260930,4327fe4ece9317f6fd20fad18389a71e9b1f423b,False,32,4020.0437913467194,0.5094471867217938,0.5094471867217938,c3c24218a3cf0b38db09e41488b370dd06b4fd0032cf7a8d9da01024ebebce18,test_probability,0.01,444,full_posterior,256,128,409600,test_prob_768,8448,1,1.0,dynamics_h_0p01_stage_2,8f5887633c4c57f2ac0982e01a15dae641286ed569accf33e93d0425c2b98209,shallow_m0256_r1,production_final
2,1024.0,shallow,final_geometry_v15_20260930,4327fe4ece9317f6fd20fad18389a71e9b1f423b,False,32,4335.069294992934,0.4724261276204901,0.4724261276204901,c3c24218a3cf0b38db09e41488b370dd06b4fd0032cf7a8d9da01024ebebce18,test_probability,0.01,228,full_posterior,256,128,409600,test_prob_896,8448,1,1.0,dynamics_h_0p01_stage_2,8f5887633c4c57f2ac0982e01a15dae641286ed569accf33e93d0425c2b98209,shallow_m0256_r1,production_final
2,1024.0,shallow,final_geometry_v15_20260930,4327fe4ece9317f6fd20fad18389a71e9b1f423b,False,32,4177.149273458977,0.4902865245953037,0.4902865245953037,c3c24218a3cf0b38db09e41488b370dd06b4fd0032cf7a8d9da01024ebebce18,interaction,0.01,344,full_posterior,256,128,409600,interaction_0,8448,1,1.0,dynamics_h_0p01_stage_2,8f5887633c4c57f2ac0982e01a15dae641286ed569accf33e93d0425c2b98209,shallow_m0256_r1,production_final
2,1024.0,shallow,final_geometry_v15_20260930,4327fe4ece9317f6fd20fad18389a71e9b1f423b,False,32,4137.633860744952,0.4949688805068103,0.4949688805068103,c3c24218a3cf0b38db09e41488b370dd06b4fd0032cf7a8d9da01024ebebce18,interaction,0.01,448,full_posterior,256,128,409600,interaction_1,8448,1,1.0,dynamics_h_0p01_stage_2,8f5887633c4c57f2ac0982e01a15dae641286ed569accf33e93d0425c2b98209,shallow_m0256_r1,production_final
2,1024.0,shallow,final_geometry_v15_20260930,4327fe4ece9317f6fd20fad18389a71e9b1f423b,False,32,4127.489480041576,0.4961853954814612,0.4961853954814612,c3c24218a3cf0b38db09e41488b370dd06b4fd0032cf7a8d9da01024ebebce18,interaction,0.01,408,full_posterior,256,128,409600,interaction_2,8448,1,1.0,dynamics_h_0p01_stage_2,8f5887633c4c57f2ac0982e01a15dae641286ed569accf33e93d0425c2b98209,shallow_m0256_r1,production_final
2,1024.0,shallow,final_geometry_v15_20260930,4327fe4ece9317f6fd20fad18389a71e9b1f423b,False,32,3837.998691267996,0.5336114378203144,0.5336114378203144,c3c24218a3cf0b38db09e41488b370dd06b4fd0032cf7a8d9da01024ebebce18,interaction,0.01,264,full_posterior,256,128,409600,interaction_3,8448,1,1.0,dynamics_h_0p01_stage_2,8f5887633c4c57f2ac0982e01a15dae641286ed569accf33e93d0425c2b98209,shallow_m0256_r1,production_final
2,1024.0,shallow,final_geometry_v15_20260930,4327fe4ece9317f6fd20fad18389a71e9b1f423b,False,32,1839.5011083965987,1.1133453470898635,1.1133453470898635,c3c24218a3cf0b38db09e41488b370dd06b4fd0032cf7a8d9da01024ebebce18,control,0.01,700,full_posterior,256,128,409600,q_A,8448,1,1.0,dynamics_h_0p01_stage_2,8f5887633c4c57f2ac0982e01a15dae641286ed569accf33e93d0425c2b98209,shallow_m0256_r1,production_final
2,1024.0,shallow,final_geometry_v15_20260930,4327fe4ece9317f6fd20fad18389a71e9b1f423b,False,32,1855.5195361720396,1.1037340001415723,1.1037340001415723,c3c24218a3cf0b38db09e41488b370dd06b4fd0032cf7a8d9da01024ebebce18,control,0.01,1226,full_posterior,256,128,409600,q_W,8448,1,1.0,dynamics_h_0p01_stage_2,8f5887633c4c57f2ac0982e01a15dae641286ed569accf33e93d0425c2b98209,shallow_m0256_r1,production_final
2,1024.0,shallow,final_geometry_v15_20260930,4327fe4ece9317f6fd20fad18389a71e9b1f423b,False,32,3879.2261059585726,0.5279403530653264,0.5279403530653264,c3c24218a3cf0b38db09e41488b370dd06b4fd0032cf7a8d9da01024ebebce18,control,0.01,516,full_posterior,256,128,409600,U,8448,1,1.0,dynamics_h_0p01_stage_2,8f5887633c4c57f2ac0982e01a15dae641286ed569accf33e93d0425c2b98209,shallow_m0256_r1,production_final
2,1024.0,shallow,final_geometry_v15_20260930,4327fe4ece9317f6fd20fad18389a71e9b1f423b,False,32,4999.09138422064,0.40967444733344954,0.40967444733344954,aaa1959cbf4b71d236b96313c7510654d87ccac7aab478398a63c2530b769b97,loss,0.02,184,full_posterior,256,128,204800,V,8448,1,1.0,dynamics_h_0p02_stage_2,8f5887633c4c57f2ac0982e01a15dae641286ed569accf33e93d0425c2b98209,shallow_m0256_r1,validation_or_superseded
2,1024.0,shallow,final_geometry_v15_20260930,4327fe4ece9317f6fd20fad18389a71e9b1f423b,False,32,4820.546615898687,0.4248480853282226,0.4248480853282226,aaa1959cbf4b71d236b96313c7510654d87ccac7aab478398a63c2530b769b97,train_logit,0.02,154,full_posterior,256,128,204800,train_logit_0,8448,1,1.0,dynamics_h_0p02_stage_2,8f5887633c4c57f2ac0982e01a15dae641286ed569accf33e93d0425c2b98209,shallow_m0256_r1,validation_or_superseded
2,1024.0,shallow,final_geometry_v15_20260930,4327fe4ece9317f6fd20fad18389a71e9b1f423b,False,32,4592.152383824547,0.4459782317359285,0.4459782317359285,aaa1959cbf4b71d236b96313c7510654d87ccac7aab478398a63c2530b769b97,train_logit,0.02,274,full_posterior,256,128,204800,train_logit_16,8448,1,1.0,dynamics_h_0p02_stage_2,8f5887633c4c57f2ac0982e01a15dae641286ed569accf33e93d0425c2b98209,shallow_m0256_r1,validation_or_superseded
2,1024.0,shallow,final_geometry_v15_20260930,4327fe4ece9317f6fd20fad18389a71e9b1f423b,False,32,4756.275646481512,0.43058900539438294,0.43058900539438294,aaa1959cbf4b71d236b96313c7510654d87ccac7aab478398a63c2530b769b97,train_logit,0.02,192,full_posterior,256,128,204800,train_logit_32,8448,1,1.0,dynamics_h_0p02_stage_2,8f5887633c4c57f2ac0982e01a15dae641286ed569accf33e93d0425c2b98209,shallow_m0256_r1,validation_or_superseded
2,1024.0,shallow,final_geometry_v15_20260930,4327fe4ece9317f6fd20fad18389a71e9b1f423b,False,32,4394.631703678018,0.4660231250518578,0.4660231250518578,aaa1959cbf4b71d236b96313c7510654d87ccac7aab478398a63c2530b769b97,train_logit,0.02,136,full_posterior,256,128,204800,train_logit_48,8448,1,1.0,dynamics_h_0p02_stage_2,8f5887633c4c57f2ac0982e01a15dae641286ed569accf33e93d0425c2b98209,shallow_m0256_r1,validation_or_superseded
2,1024.0,shallow,final_geometry_v15_20260930,4327fe4ece9317f6fd20fad18389a71e9b1f423b,False,32,4489.166523048904,0.4562094075781936,0.4562094075781936,aaa1959cbf4b71d236b96313c7510654d87ccac7aab478398a63c2530b769b97,train_logit,0.02,332,full_posterior,256,128,204800,train_logit_64,8448,1,1.0,dynamics_h_0p02_stage_2,8f5887633c4c57f2ac0982e01a15dae641286ed569accf33e93d0425c2b98209,shallow_m0256_r1,validation_or_superseded
2,1024.0,shallow,final_geometry_v15_20260930,4327fe4ece9317f6fd20fad18389a71e9b1f423b,False,32,4310.521127643827,0.4751165669658733,0.4751165669658733,aaa1959cbf4b71d236b96313c7510654d87ccac7aab478398a63c2530b769b97,train_logit,0.02,298,full_posterior,256,128,204800,train_logit_80,8448,1,1.0,dynamics_h_0p02_stage_2,8f5887633c4c57f2ac0982e01a15dae641286ed569accf33e93d0425c2b98209,shallow_m0256_r1,validation_or_superseded
2,1024.0,shallow,final_geometry_v15_20260930,4327fe4ece9317f6fd20fad18389a71e9b1f423b,False,32,4926.897484370014,0.41567741291492916,0.41567741291492916,aaa1959cbf4b71d236b96313c7510654d87ccac7aab478398a63c2530b769b97,train_logit,0.02,118,full_posterior,256,128,204800,train_logit_96,8448,1,1.0,dynamics_h_0p02_stage_2,8f5887633c4c57f2ac0982e01a15dae641286ed569accf33e93d0425c2b98209,shallow_m0256_r1,validation_or_superseded
2,1024.0,shallow,final_geometry_v15_20260930,4327fe4ece9317f6fd20fad18389a71e9b1f423b,False,32,5021.473615261563,0.4078484040572464,0.4078484040572464,aaa1959cbf4b71d236b96313c7510654d87ccac7aab478398a63c2530b769b97,train_logit,0.02,154,full_posterior,256,128,204800,train_logit_112,8448,1,1.0,dynamics_h_0p02_stage_2,8f5887633c4c57f2ac0982e01a15dae641286ed569accf33e93d0425c2b98209,shallow_m0256_r1,validation_or_superseded
2,1024.0,shallow,final_geometry_v15_20260930,4327fe4ece9317f6fd20fad18389a71e9b1f423b,False,32,4309.787912075609,0.47519739759390534,0.47519739759390534,aaa1959cbf4b71d236b96313c7510654d87ccac7aab478398a63c2530b769b97,test_probability,0.02,194,full_posterior,256,128,204800,test_prob_0,8448,1,1.0,dynamics_h_0p02_stage_2,8f5887633c4c57f2ac0982e01a15dae641286ed569accf33e93d0425c2b98209,shallow_m0256_r1,validation_or_superseded
2,1024.0,shallow,final_geometry_v15_20260930,4327fe4ece9317f6fd20fad18389a71e9b1f423b,False,32,4819.388315754041,0.4249501940537385,0.4249501940537385,aaa1959cbf4b71d236b96313c7510654d87ccac7aab478398a63c2530b769b97,test_probability,0.02,176,full_posterior,256,128,204800,test_prob_128,8448,1,1.0,dynamics_h_0p02_stage_2,8f5887633c4c57f2ac0982e01a15dae641286ed569accf33e93d0425c2b98209,shallow_m0256_r1,validation_or_superseded
2,1024.0,shallow,final_geometry_v15_20260930,4327fe4ece9317f6fd20fad18389a71e9b1f423b,False,32,4310.355014393159,0.4751348770951136,0.4751348770951136,aaa1959cbf4b71d236b96313c7510654d87ccac7aab478398a63c2530b769b97,test_probability,0.02,162,full_posterior,256,128,204800,test_prob_256,8448,1,1.0,dynamics_h_0p02_stage_2,8f5887633c4c57f2ac0982e01a15dae641286ed569accf33e93d0425c2b98209,shallow_m0256_r1,validation_or_superseded
2,1024.0,shallow,final_geometry_v15_20260930,4327fe4ece9317f6fd20fad18389a71e9b1f423b,False,32,4954.2781214168745,0.41338010297538413,0.41338010297538413,aaa1959cbf4b71d236b96313c7510654d87ccac7aab478398a63c2530b769b97,test_probability,0.02,178,full_posterior,256,128,204800,test_prob_384,8448,1,1.0,dynamics_h_0p02_stage_2,8f5887633c4c57f2ac0982e01a15dae641286ed569accf33e93d0425c2b98209,shallow_m0256_r1,validation_or_superseded
2,1024.0,shallow,final_geometry_v15_20260930,4327fe4ece9317f6fd20fad18389a71e9b1f423b,False,32,4224.608781539965,0.48477861641272685,0.48477861641272685,aaa1959cbf4b71d236b96313c7510654d87ccac7aab478398a63c2530b769b97,test_probability,0.02,364,full_posterior,256,128,204800,test_prob_512,8448,1,1.0,dynamics_h_0p02_stage_2,8f5887633c4c57f2ac0982e01a15dae641286ed569accf33e93d0425c2b98209,shallow_m0256_r1,validation_or_superseded
2,1024.0,shallow,final_geometry_v15_20260930,4327fe4ece9317f6fd20fad18389a71e9b1f423b,False,32,3991.0518678434605,0.5131479288708477,0.5131479288708477,aaa1959cbf4b71d236b96313c7510654d87ccac7aab478398a63c2530b769b97,test_probability,0.02,392,full_posterior,256,128,204800,test_prob_640,8448,1,1.0,dynamics_h_0p02_stage_2,8f5887633c4c57f2ac0982e01a15dae641286ed569accf33e93d0425c2b98209,shallow_m0256_r1,validation_or_superseded
2,1024.0,shallow,final_geometry_v15_20260930,4327fe4ece9317f6fd20fad18389a71e9b1f423b,False,32,4059.076114233412,0.5045483115772469,0.5045483115772469,aaa1959cbf4b71d236b96313c7510654d87ccac7aab478398a63c2530b769b97,test_probability,0.02,172,full_posterior,256,128,204800,test_prob_768,8448,1,1.0,dynamics_h_0p02_stage_2,8f5887633c4c57f2ac0982e01a15dae641286ed569accf33e93d0425c2b98209,shallow_m0256_r1,validation_or_superseded
2,1024.0,shallow,final_geometry_v15_20260930,4327fe4ece9317f6fd20fad18389a71e9b1f423b,False,32,3889.4273612517663,0.5265556622558636,0.5265556622558636,aaa1959cbf4b71d236b96313c7510654d87ccac7aab478398a63c2530b769b97,test_probability,0.02,374,full_posterior,256,128,204800,test_prob_896,8448,1,1.0,dynamics_h_0p02_stage_2,8f5887633c4c57f2ac0982e01a15dae641286ed569accf33e93d0425c2b98209,shallow_m0256_r1,validation_or_superseded
2,1024.0,shallow,final_geometry_v15_20260930,4327fe4ece9317f6fd20fad18389a71e9b1f423b,False,32,4259.427618810238,0.48081577697335226,0.48081577697335226,aaa1959cbf4b71d236b96313c7510654d87ccac7aab478398a63c2530b769b97,interaction,0.02,108,full_posterior,256,128,204800,interaction_0,8448,1,1.0,dynamics_h_0p02_stage_2,8f5887633c4c57f2ac0982e01a15dae641286ed569accf33e93d0425c2b98209,shallow_m0256_r1,validation_or_superseded
2,1024.0,shallow,final_geometry_v15_20260930,4327fe4ece9317f6fd20fad18389a71e9b1f423b,False,32,3619.8225443737865,0.5657735910792542,0.5657735910792542,aaa1959cbf4b71d236b96313c7510654d87ccac7aab478398a63c2530b769b97,interaction,0.02,206,full_posterior,256,128,204800,interaction_1,8448,1,1.0,dynamics_h_0p02_stage_2,8f5887633c4c57f2ac0982e01a15dae641286ed569accf33e93d0425c2b98209,shallow_m0256_r1,validation_or_superseded
2,1024.0,shallow,final_geometry_v15_20260930,4327fe4ece9317f6fd20fad18389a71e9b1f423b,False,32,3547.9166955669275,0.5772401597137125,0.5772401597137125,aaa1959cbf4b71d236b96313c7510654d87ccac7aab478398a63c2530b769b97,interaction,0.02,414,full_posterior,256,128,204800,interaction_2,8448,1,1.0,dynamics_h_0p02_stage_2,8f5887633c4c57f2ac0982e01a15dae641286ed569accf33e93d0425c2b98209,shallow_m0256_r1,validation_or_superseded
2,1024.0,shallow,final_geometry_v15_20260930,4327fe4ece9317f6fd20fad18389a71e9b1f423b,False,32,3500.3574772462503,0.5850830988871378,0.5850830988871378,aaa1959cbf4b71d236b96313c7510654d87ccac7aab478398a63c2530b769b97,interaction,0.02,224,full_posterior,256,128,204800,interaction_3,8448,1,1.0,dynamics_h_0p02_stage_2,8f5887633c4c57f2ac0982e01a15dae641286ed569accf33e93d0425c2b98209,shallow_m0256_r1,validation_or_superseded
2,1024.0,shallow,final_geometry_v15_20260930,4327fe4ece9317f6fd20fad18389a71e9b1f423b,False,32,1876.9739304566028,1.0911179781286533,1.0911179781286533,aaa1959cbf4b71d236b96313c7510654d87ccac7aab478398a63c2530b769b97,control,0.02,332,full_posterior,256,128,204800,q_A,8448,1,1.0,dynamics_h_0p02_stage_2,8f5887633c4c57f2ac0982e01a15dae641286ed569accf33e93d0425c2b98209,shallow_m0256_r1,validation_or_superseded
2,1024.0,shallow,final_geometry_v15_20260930,4327fe4ece9317f6fd20fad18389a71e9b1f423b,False,32,1879.1606537170646,1.0898482766489195,1.0898482766489195,aaa1959cbf4b71d236b96313c7510654d87ccac7aab478398a63c2530b769b97,control,0.02,510,full_posterior,256,128,204800,q_W,8448,1,1.0,dynamics_h_0p02_stage_2,8f5887633c4c57f2ac0982e01a15dae641286ed569accf33e93d0425c2b98209,shallow_m0256_r1,validation_or_superseded
2,1024.0,shallow,final_geometry_v15_20260930,4327fe4ece9317f6fd20fad18389a71e9b1f423b,False,32,3990.4538735636065,0.5132248272728608,0.5132248272728608,aaa1959cbf4b71d236b96313c7510654d87ccac7aab478398a63c2530b769b97,control,0.02,134,full_posterior,256,128,204800,U,8448,1,1.0,dynamics_h_0p02_stage_2,8f5887633c4c57f2ac0982e01a15dae641286ed569accf33e93d0425c2b98209,shallow_m0256_r1,validation_or_superseded
2,1024.0,shallow,final_geometry_v15_20260930,4327fe4ece9317f6fd20fad18389a71e9b1f423b,False,32,5260.977796019285,0.3892812475942434,0.3892812475942434,4249eabf37ec2244057d1eef206140dcc514d6e887324c0662943dd90fd1b66f,loss,0.01,326,full_posterior,256,128,409600,V,8448,2,1.0,dynamics_h_0p01_stage_2,2b0a25edaba13f9bb4eae0a84a065effa6848903405ea8fc1871d85b581b5ff9,shallow_m0256_r2,production_final
2,1024.0,shallow,final_geometry_v15_20260930,4327fe4ece9317f6fd20fad18389a71e9b1f423b,False,32,3954.328003566111,0.5179135362956899,0.5179135362956899,4249eabf37ec2244057d1eef206140dcc514d6e887324c0662943dd90fd1b66f,train_logit,0.01,446,full_posterior,256,128,409600,train_logit_0,8448,2,1.0,dynamics_h_0p01_stage_2,2b0a25edaba13f9bb4eae0a84a065effa6848903405ea8fc1871d85b581b5ff9,shallow_m0256_r2,production_final
2,1024.0,shallow,final_geometry_v15_20260930,4327fe4ece9317f6fd20fad18389a71e9b1f423b,False,32,5234.504532517868,0.3912500194196764,0.3912500194196764,4249eabf37ec2244057d1eef206140dcc514d6e887324c0662943dd90fd1b66f,train_logit,0.01,248,full_posterior,256,128,409600,train_logit_16,8448,2,1.0,dynamics_h_0p01_stage_2,2b0a25edaba13f9bb4eae0a84a065effa6848903405ea8fc1871d85b581b5ff9,shallow_m0256_r2,production_final
2,1024.0,shallow,final_geometry_v15_20260930,4327fe4ece9317f6fd20fad18389a71e9b1f423b,False,32,4995.098838129224,0.4100018971330349,0.4100018971330349,4249eabf37ec2244057d1eef206140dcc514d6e887324c0662943dd90fd1b66f,train_logit,0.01,456,full_posterior,256,128,409600,train_logit_32,8448,2,1.0,dynamics_h_0p01_stage_2,2b0a25edaba13f9bb4eae0a84a065effa6848903405ea8fc1871d85b581b5ff9,shallow_m0256_r2,production_final
2,1024.0,shallow,final_geometry_v15_20260930,4327fe4ece9317f6fd20fad18389a71e9b1f423b,False,32,4466.449916870514,0.45852971333326004,0.45852971333326004,4249eabf37ec2244057d1eef206140dcc514d6e887324c0662943dd90fd1b66f,train_logit,0.01,320,full_posterior,256,128,409600,train_logit_48,8448,2,1.0,dynamics_h_0p01_stage_2,2b0a25edaba13f9bb4eae0a84a065effa6848903405ea8fc1871d85b581b5ff9,shallow_m0256_r2,production_final
2,1024.0,shallow,final_geometry_v15_20260930,4327fe4ece9317f6fd20fad18389a71e9b1f423b,False,32,4562.065516025803,0.4489194626437751,0.4489194626437751,4249eabf37ec2244057d1eef206140dcc514d6e887324c0662943dd90fd1b66f,train_logit,0.01,332,full_posterior,256,128,409600,train_logit_64,8448,2,1.0,dynamics_h_0p01_stage_2,2b0a25edaba13f9bb4eae0a84a065effa6848903405ea8fc1871d85b581b5ff9,shallow_m0256_r2,production_final
2,1024.0,shallow,final_geometry_v15_20260930,4327fe4ece9317f6fd20fad18389a71e9b1f423b,False,32,5367.453653895307,0.3815589536602167,0.3815589536602167,4249eabf37ec2244057d1eef206140dcc514d6e887324c0662943dd90fd1b66f,train_logit,0.01,238,full_posterior,256,128,409600,train_logit_80,8448,2,1.0,dynamics_h_0p01_stage_2,2b0a25edaba13f9bb4eae0a84a065effa6848903405ea8fc1871d85b581b5ff9,shallow_m0256_r2,production_final
2,1024.0,shallow,final_geometry_v15_20260930,4327fe4ece9317f6fd20fad18389a71e9b1f423b,False,32,4645.6227342205175,0.4408450959467829,0.4408450959467829,4249eabf37ec2244057d1eef206140dcc514d6e887324c0662943dd90fd1b66f,train_logit,0.01,336,full_posterior,256,128,409600,train_logit_96,8448,2,1.0,dynamics_h_0p01_stage_2,2b0a25edaba13f9bb4eae0a84a065effa6848903405ea8fc1871d85b581b5ff9,shallow_m0256_r2,production_final
2,1024.0,shallow,final_geometry_v15_20260930,4327fe4ece9317f6fd20fad18389a71e9b1f423b,False,32,5803.455200743467,0.3528932212206335,0.3528932212206335,4249eabf37ec2244057d1eef206140dcc514d6e887324c0662943dd90fd1b66f,train_logit,0.01,378,full_posterior,256,128,409600,train_logit_112,8448,2,1.0,dynamics_h_0p01_stage_2,2b0a25edaba13f9bb4eae0a84a065effa6848903405ea8fc1871d85b581b5ff9,shallow_m0256_r2,production_final
2,1024.0,shallow,final_geometry_v15_20260930,4327fe4ece9317f6fd20fad18389a71e9b1f423b,False,32,4872.8830042987975,0.4202850752200042,0.4202850752200042,4249eabf37ec2244057d1eef206140dcc514d6e887324c0662943dd90fd1b66f,test_probability,0.01,410,full_posterior,256,128,409600,test_prob_0,8448,2,1.0,dynamics_h_0p01_stage_2,2b0a25edaba13f9bb4eae0a84a065effa6848903405ea8fc1871d85b581b5ff9,shallow_m0256_r2,production_final
2,1024.0,shallow,final_geometry_v15_20260930,4327fe4ece9317f6fd20fad18389a71e9b1f423b,False,32,4729.593632609297,0.43301817430562783,0.43301817430562783,4249eabf37ec2244057d1eef206140dcc514d6e887324c0662943dd90fd1b66f,test_probability,0.01,350,full_posterior,256,128,409600,test_prob_128,8448,2,1.0,dynamics_h_0p01_stage_2,2b0a25edaba13f9bb4eae0a84a065effa6848903405ea8fc1871d85b581b5ff9,shallow_m0256_r2,production_final
2,1024.0,shallow,final_geometry_v15_20260930,4327fe4ece9317f6fd20fad18389a71e9b1f423b,False,32,4814.473081801697,0.4253840379212561,0.4253840379212561,4249eabf37ec2244057d1eef206140dcc514d6e887324c0662943dd90fd1b66f,test_probability,0.01,556,full_posterior,256,128,409600,test_prob_256,8448,2,1.0,dynamics_h_0p01_stage_2,2b0a25edaba13f9bb4eae0a84a065effa6848903405ea8fc1871d85b581b5ff9,shallow_m0256_r2,production_final
2,1024.0,shallow,final_geometry_v15_20260930,4327fe4ece9317f6fd20fad18389a71e9b1f423b,False,32,4610.156933446326,0.44423650421570715,0.44423650421570715,4249eabf37ec2244057d1eef206140dcc514d6e887324c0662943dd90fd1b66f,test_probability,0.01,324,full_posterior,256,128,409600,test_prob_384,8448,2,1.0,dynamics_h_0p01_stage_2,2b0a25edaba13f9bb4eae0a84a065effa6848903405ea8fc1871d85b581b5ff9,shallow_m0256_r2,production_final
2,1024.0,shallow,final_geometry_v15_20260930,4327fe4ece9317f6fd20fad18389a71e9b1f423b,False,32,4480.932888650654,0.45704768424164366,0.45704768424164366,4249eabf37ec2244057d1eef206140dcc514d6e887324c0662943dd90fd1b66f,test_probability,0.01,406,full_posterior,256,128,409600,test_prob_512,8448,2,1.0,dynamics_h_0p01_stage_2,2b0a25edaba13f9bb4eae0a84a065effa6848903405ea8fc1871d85b581b5ff9,shallow_m0256_r2,production_final
2,1024.0,shallow,final_geometry_v15_20260930,4327fe4ece9317f6fd20fad18389a71e9b1f423b,False,32,5076.180217810085,0.40345297292922505,0.40345297292922505,4249eabf37ec2244057d1eef206140dcc514d6e887324c0662943dd90fd1b66f,test_probability,0.01,328,full_posterior,256,128,409600,test_prob_640,8448,2,1.0,dynamics_h_0p01_stage_2,2b0a25edaba13f9bb4eae0a84a065effa6848903405ea8fc1871d85b581b5ff9,shallow_m0256_r2,production_final
2,1024.0,shallow,final_geometry_v15_20260930,4327fe4ece9317f6fd20fad18389a71e9b1f423b,False,32,4727.9153634013455,0.43317188286692015,0.43317188286692015,4249eabf37ec2244057d1eef206140dcc514d6e887324c0662943dd90fd1b66f,test_probability,0.01,264,full_posterior,256,128,409600,test_prob_768,8448,2,1.0,dynamics_h_0p01_stage_2,2b0a25edaba13f9bb4eae0a84a065effa6848903405ea8fc1871d85b581b5ff9,shallow_m0256_r2,production_final
2,1024.0,shallow,final_geometry_v15_20260930,4327fe4ece9317f6fd20fad18389a71e9b1f423b,False,32,4406.078638657203,0.46481240303603594,0.46481240303603594,4249eabf37ec2244057d1eef206140dcc514d6e887324c0662943dd90fd1b66f,test_probability,0.01,672,full_posterior,256,128,409600,test_prob_896,8448,2,1.0,dynamics_h_0p01_stage_2,2b0a25edaba13f9bb4eae0a84a065effa6848903405ea8fc1871d85b581b5ff9,shallow_m0256_r2,production_final
2,1024.0,shallow,final_geometry_v15_20260930,4327fe4ece9317f6fd20fad18389a71e9b1f423b,False,32,4149.1263359634795,0.4935978888491542,0.4935978888491542,4249eabf37ec2244057d1eef206140dcc514d6e887324c0662943dd90fd1b66f,interaction,0.01,318,full_posterior,256,128,409600,interaction_0,8448,2,1.0,dynamics_h_0p01_stage_2,2b0a25edaba13f9bb4eae0a84a065effa6848903405ea8fc1871d85b581b5ff9,shallow_m0256_r2,production_final
2,1024.0,shallow,final_geometry_v15_20260930,4327fe4ece9317f6fd20fad18389a71e9b1f423b,False,32,4008.2340412250705,0.5109482078481756,0.5109482078481756,4249eabf37ec2244057d1eef206140dcc514d6e887324c0662943dd90fd1b66f,interaction,0.01,342,full_posterior,256,128,409600,interaction_1,8448,2,1.0,dynamics_h_0p01_stage_2,2b0a25edaba13f9bb4eae0a84a065effa6848903405ea8fc1871d85b581b5ff9,shallow_m0256_r2,production_final
2,1024.0,shallow,final_geometry_v15_20260930,4327fe4ece9317f6fd20fad18389a71e9b1f423b,False,32,4083.0946467821827,0.5015803397097331,0.5015803397097331,4249eabf37ec2244057d1eef206140dcc514d6e887324c0662943dd90fd1b66f,interaction,0.01,246,full_posterior,256,128,409600,interaction_2,8448,2,1.0,dynamics_h_0p01_stage_2,2b0a25edaba13f9bb4eae0a84a065effa6848903405ea8fc1871d85b581b5ff9,shallow_m0256_r2,production_final
2,1024.0,shallow,final_geometry_v15_20260930,4327fe4ece9317f6fd20fad18389a71e9b1f423b,False,32,4444.5236783896935,0.4607917851710076,0.4607917851710076,4249eabf37ec2244057d1eef206140dcc514d6e887324c0662943dd90fd1b66f,interaction,0.01,386,full_posterior,256,128,409600,interaction_3,8448,2,1.0,dynamics_h_0p01_stage_2,2b0a25edaba13f9bb4eae0a84a065effa6848903405ea8fc1871d85b581b5ff9,shallow_m0256_r2,production_final
2,1024.0,shallow,final_geometry_v15_20260930,4327fe4ece9317f6fd20fad18389a71e9b1f423b,False,32,1893.0558156775567,1.0818487141473885,1.0818487141473885,4249eabf37ec2244057d1eef206140dcc514d6e887324c0662943dd90fd1b66f,control,0.01,480,full_posterior,256,128,409600,q_A,8448,2,1.0,dynamics_h_0p01_stage_2,2b0a25edaba13f9bb4eae0a84a065effa6848903405ea8fc1871d85b581b5ff9,shallow_m0256_r2,production_final
2,1024.0,shallow,final_geometry_v15_20260930,4327fe4ece9317f6fd20fad18389a71e9b1f423b,False,32,1781.813479778926,1.1493907882289118,1.1493907882289118,4249eabf37ec2244057d1eef206140dcc514d6e887324c0662943dd90fd1b66f,control,0.01,806,full_posterior,256,128,409600,q_W,8448,2,1.0,dynamics_h_0p01_stage_2,2b0a25edaba13f9bb4eae0a84a065effa6848903405ea8fc1871d85b581b5ff9,shallow_m0256_r2,production_final
2,1024.0,shallow,final_geometry_v15_20260930,4327fe4ece9317f6fd20fad18389a71e9b1f423b,False,32,3919.896257497081,0.5224628065304162,0.5224628065304162,4249eabf37ec2244057d1eef206140dcc514d6e887324c0662943dd90fd1b66f,control,0.01,336,full_posterior,256,128,409600,U,8448,2,1.0,dynamics_h_0p01_stage_2,2b0a25edaba13f9bb4eae0a84a065effa6848903405ea8fc1871d85b581b5ff9,shallow_m0256_r2,production_final
2,1024.0,shallow,final_geometry_v15_20260930,4327fe4ece9317f6fd20fad18389a71e9b1f423b,False,32,5009.830582269947,0.4087962589489512,0.4087962589489512,aed4bd6a5c3abe2abe94e1a0dcd43892f55e5d104279a60b38c992085443150d,loss,0.02,360,full_posterior,256,128,204800,V,8448,2,1.0,dynamics_h_0p02_stage_2,2b0a25edaba13f9bb4eae0a84a065effa6848903405ea8fc1871d85b581b5ff9,shallow_m0256_r2,validation_or_superseded
2,1024.0,shallow,final_geometry_v15_20260930,4327fe4ece9317f6fd20fad18389a71e9b1f423b,False,32,4178.840346003401,0.4900881178575501,0.4900881178575501,aed4bd6a5c3abe2abe94e1a0dcd43892f55e5d104279a60b38c992085443150d,train_logit,0.02,220,full_posterior,256,128,204800,train_logit_0,8448,2,1.0,dynamics_h_0p02_stage_2,2b0a25edaba13f9bb4eae0a84a065effa6848903405ea8fc1871d85b581b5ff9,shallow_m0256_r2,validation_or_superseded
2,1024.0,shallow,final_geometry_v15_20260930,4327fe4ece9317f6fd20fad18389a71e9b1f423b,False,32,4624.76712356656,0.44283310819348004,0.44283310819348004,aed4bd6a5c3abe2abe94e1a0dcd43892f55e5d104279a60b38c992085443150d,train_logit,0.02,200,full_posterior,256,128,204800,train_logit_16,8448,2,1.0,dynamics_h_0p02_stage_2,2b0a25edaba13f9bb4eae0a84a065effa6848903405ea8fc1871d85b581b5ff9,shallow_m0256_r2,validation_or_superseded
2,1024.0,shallow,final_geometry_v15_20260930,4327fe4ece9317f6fd20fad18389a71e9b1f423b,False,32,4746.4918990951155,0.43147656069747775,0.43147656069747775,aed4bd6a5c3abe2abe94e1a0dcd43892f55e5d104279a60b38c992085443150d,train_logit,0.02,214,full_posterior,256,128,204800,train_logit_32,8448,2,1.0,dynamics_h_0p02_stage_2,2b0a25edaba13f9bb4eae0a84a065effa6848903405ea8fc1871d85b581b5ff9,shallow_m0256_r2,validation_or_superseded
2,1024.0,shallow,final_geometry_v15_20260930,4327fe4ece9317f6fd20fad18389a71e9b1f423b,False,32,4193.052295849407,0.4884270110409217,0.4884270110409217,aed4bd6a5c3abe2abe94e1a0dcd43892f55e5d104279a60b38c992085443150d,train_logit,0.02,186,full_posterior,256,128,204800,train_logit_48,8448,2,1.0,dynamics_h_0p02_stage_2,2b0a25edaba13f9bb4eae0a84a065effa6848903405ea8fc1871d85b581b5ff9,shallow_m0256_r2,validation_or_superseded
2,1024.0,shallow,final_geometry_v15_20260930,4327fe4ece9317f6fd20fad18389a71e9b1f423b,False,32,4912.833703117116,0.4168673567559546,0.4168673567559546,aed4bd6a5c3abe2abe94e1a0dcd43892f55e5d104279a60b38c992085443150d,train_logit,0.02,130,full_posterior,256,128,204800,train_logit_64,8448,2,1.0,dynamics_h_0p02_stage_2,2b0a25edaba13f9bb4eae0a84a065effa6848903405ea8fc1871d85b581b5ff9,shallow_m0256_r2,validation_or_superseded
2,1024.0,shallow,final_geometry_v15_20260930,4327fe4ece9317f6fd20fad18389a71e9b1f423b,False,32,4367.85728477374,0.4688797885268106,0.4688797885268106,aed4bd6a5c3abe2abe94e1a0dcd43892f55e5d104279a60b38c992085443150d,train_logit,0.02,424,full_posterior,256,128,204800,train_logit_80,8448,2,1.0,dynamics_h_0p02_stage_2,2b0a25edaba13f9bb4eae0a84a065effa6848903405ea8fc1871d85b581b5ff9,shallow_m0256_r2,validation_or_superseded
2,1024.0,shallow,final_geometry_v15_20260930,4327fe4ece9317f6fd20fad18389a71e9b1f423b,False,32,4925.6913637158705,0.41577919702525135,0.41577919702525135,aed4bd6a5c3abe2abe94e1a0dcd43892f55e5d104279a60b38c992085443150d,train_logit,0.02,178,full_posterior,256,128,204800,train_logit_96,8448,2,1.0,dynamics_h_0p02_stage_2,2b0a25edaba13f9bb4eae0a84a065effa6848903405ea8fc1871d85b581b5ff9,shallow_m0256_r2,validation_or_superseded
2,1024.0,shallow,final_geometry_v15_20260930,4327fe4ece9317f6fd20fad18389a71e9b1f423b,False,32,5479.861796921201,0.37373205308766105,0.37373205308766105,aed4bd6a5c3abe2abe94e1a0dcd43892f55e5d104279a60b38c992085443150d,train_logit,0.02,172,full_posterior,256,128,204800,train_logit_112,8448,2,1.0,dynamics_h_0p02_stage_2,2b0a25edaba13f9bb4eae0a84a065effa6848903405ea8fc1871d85b581b5ff9,shallow_m0256_r2,validation_or_superseded
2,1024.0,shallow,final_geometry_v15_20260930,4327fe4ece9317f6fd20fad18389a71e9b1f423b,False,32,4166.397591374493,0.4915517434629579,0.4915517434629579,aed4bd6a5c3abe2abe94e1a0dcd43892f55e5d104279a60b38c992085443150d,test_probability,0.02,216,full_posterior,256,128,204800,test_prob_0,8448,2,1.0,dynamics_h_0p02_stage_2,2b0a25edaba13f9bb4eae0a84a065effa6848903405ea8fc1871d85b581b5ff9,shallow_m0256_r2,validation_or_superseded
2,1024.0,shallow,final_geometry_v15_20260930,4327fe4ece9317f6fd20fad18389a71e9b1f423b,False,32,4309.131288466001,0.4752698079730737,0.4752698079730737,aed4bd6a5c3abe2abe94e1a0dcd43892f55e5d104279a60b38c992085443150d,test_probability,0.02,380,full_posterior,256,128,204800,test_prob_128,8448,2,1.0,dynamics_h_0p02_stage_2,2b0a25edaba13f9bb4eae0a84a065effa6848903405ea8fc1871d85b581b5ff9,shallow_m0256_r2,validation_or_superseded
2,1024.0,shallow,final_geometry_v15_20260930,4327fe4ece9317f6fd20fad18389a71e9b1f423b,False,32,3564.6689867154223,0.5745273986539434,0.5745273986539434,aed4bd6a5c3abe2abe94e1a0dcd43892f55e5d104279a60b38c992085443150d,test_probability,0.02,882,full_posterior,256,128,204800,test_prob_256,8448,2,1.0,dynamics_h_0p02_stage_2,2b0a25edaba13f9bb4eae0a84a065effa6848903405ea8fc1871d85b581b5ff9,shallow_m0256_r2,validation_or_superseded
2,1024.0,shallow,final_geometry_v15_20260930,4327fe4ece9317f6fd20fad18389a71e9b1f423b,False,32,4746.91421949556,0.43143817336931667,0.43143817336931667,aed4bd6a5c3abe2abe94e1a0dcd43892f55e5d104279a60b38c992085443150d,test_probability,0.02,286,full_posterior,256,128,204800,test_prob_384,8448,2,1.0,dynamics_h_0p02_stage_2,2b0a25edaba13f9bb4eae0a84a065effa6848903405ea8fc1871d85b581b5ff9,shallow_m0256_r2,validation_or_superseded
2,1024.0,shallow,final_geometry_v15_20260930,4327fe4ece9317f6fd20fad18389a71e9b1f423b,False,32,4100.748663401168,0.4994210004329759,0.4994210004329759,aed4bd6a5c3abe2abe94e1a0dcd43892f55e5d104279a60b38c992085443150d,test_probability,0.02,368,full_posterior,256,128,204800,test_prob_512,8448,2,1.0,dynamics_h_0p02_stage_2,2b0a25edaba13f9bb4eae0a84a065effa6848903405ea8fc1871d85b581b5ff9,shallow_m0256_r2,validation_or_superseded
2,1024.0,shallow,final_geometry_v15_20260930,4327fe4ece9317f6fd20fad18389a71e9b1f423b,False,32,4131.0475855420555,0.4957580268907194,0.4957580268907194,aed4bd6a5c3abe2abe94e1a0dcd43892f55e5d104279a60b38c992085443150d,test_probability,0.02,442,full_posterior,256,128,204800,test_prob_640,8448,2,1.0,dynamics_h_0p02_stage_2,2b0a25edaba13f9bb4eae0a84a065effa6848903405ea8fc1871d85b581b5ff9,shallow_m0256_r2,validation_or_superseded
2,1024.0,shallow,final_geometry_v15_20260930,4327fe4ece9317f6fd20fad18389a71e9b1f423b,False,32,4614.138627155613,0.44385315775882755,0.44385315775882755,aed4bd6a5c3abe2abe94e1a0dcd43892f55e5d104279a60b38c992085443150d,test_probability,0.02,126,full_posterior,256,128,204800,test_prob_768,8448,2,1.0,dynamics_h_0p02_stage_2,2b0a25edaba13f9bb4eae0a84a065effa6848903405ea8fc1871d85b581b5ff9,shallow_m0256_r2,validation_or_superseded
2,1024.0,shallow,final_geometry_v15_20260930,4327fe4ece9317f6fd20fad18389a71e9b1f423b,False,32,4008.1249745357845,0.5109621114639012,0.5109621114639012,aed4bd6a5c3abe2abe94e1a0dcd43892f55e5d104279a60b38c992085443150d,test_probability,0.02,276,full_posterior,256,128,204800,test_prob_896,8448,2,1.0,dynamics_h_0p02_stage_2,2b0a25edaba13f9bb4eae0a84a065effa6848903405ea8fc1871d85b581b5ff9,shallow_m0256_r2,validation_or_superseded
2,1024.0,shallow,final_geometry_v15_20260930,4327fe4ece9317f6fd20fad18389a71e9b1f423b,False,32,4590.676097439337,0.44612165104446533,0.44612165104446533,aed4bd6a5c3abe2abe94e1a0dcd43892f55e5d104279a60b38c992085443150d,interaction,0.02,150,full_posterior,256,128,204800,interaction_0,8448,2,1.0,dynamics_h_0p02_stage_2,2b0a25edaba13f9bb4eae0a84a065effa6848903405ea8fc1871d85b581b5ff9,shallow_m0256_r2,validation_or_superseded
2,1024.0,shallow,final_geometry_v15_20260930,4327fe4ece9317f6fd20fad18389a71e9b1f423b,False,32,4213.836244898501,0.48601793733190757,0.48601793733190757,aed4bd6a5c3abe2abe94e1a0dcd43892f55e5d104279a60b38c992085443150d,interaction,0.02,136,full_posterior,256,128,204800,interaction_1,8448,2,1.0,dynamics_h_0p02_stage_2,2b0a25edaba13f9bb4eae0a84a065effa6848903405ea8fc1871d85b581b5ff9,shallow_m0256_r2,validation_or_superseded
2,1024.0,shallow,final_geometry_v15_20260930,4327fe4ece9317f6fd20fad18389a71e9b1f423b,False,32,4260.831970470899,0.4806573021873141,0.4806573021873141,aed4bd6a5c3abe2abe94e1a0dcd43892f55e5d104279a60b38c992085443150d,interaction,0.02,110,full_posterior,256,128,204800,interaction_2,8448,2,1.0,dynamics_h_0p02_stage_2,2b0a25edaba13f9bb4eae0a84a065effa6848903405ea8fc1871d85b581b5ff9,shallow_m0256_r2,validation_or_superseded
2,1024.0,shallow,final_geometry_v15_20260930,4327fe4ece9317f6fd20fad18389a71e9b1f423b,False,32,3898.610681427971,0.5253153411178427,0.5253153411178427,aed4bd6a5c3abe2abe94e1a0dcd43892f55e5d104279a60b38c992085443150d,interaction,0.02,202,full_posterior,256,128,204800,interaction_3,8448,2,1.0,dynamics_h_0p02_stage_2,2b0a25edaba13f9bb4eae0a84a065effa6848903405ea8fc1871d85b581b5ff9,shallow_m0256_r2,validation_or_superseded
2,1024.0,shallow,final_geometry_v15_20260930,4327fe4ece9317f6fd20fad18389a71e9b1f423b,False,32,1915.279742231302,1.0692954949829307,1.0692954949829307,aed4bd6a5c3abe2abe94e1a0dcd43892f55e5d104279a60b38c992085443150d,control,0.02,290,full_posterior,256,128,204800,q_A,8448,2,1.0,dynamics_h_0p02_stage_2,2b0a25edaba13f9bb4eae0a84a065effa6848903405ea8fc1871d85b581b5ff9,shallow_m0256_r2,validation_or_superseded
2,1024.0,shallow,final_geometry_v15_20260930,4327fe4ece9317f6fd20fad18389a71e9b1f423b,False,32,2049.9879843706863,0.9990302458424914,0.9990302458424914,aed4bd6a5c3abe2abe94e1a0dcd43892f55e5d104279a60b38c992085443150d,control,0.02,312,full_posterior,256,128,204800,q_W,8448,2,1.0,dynamics_h_0p02_stage_2,2b0a25edaba13f9bb4eae0a84a065effa6848903405ea8fc1871d85b581b5ff9,shallow_m0256_r2,validation_or_superseded
2,1024.0,shallow,final_geometry_v15_20260930,4327fe4ece9317f6fd20fad18389a71e9b1f423b,False,32,4104.127608613811,0.49900982506041563,0.49900982506041563,aed4bd6a5c3abe2abe94e1a0dcd43892f55e5d104279a60b38c992085443150d,control,0.02,288,full_posterior,256,128,204800,U,8448,2,1.0,dynamics_h_0p02_stage_2,2b0a25edaba13f9bb4eae0a84a065effa6848903405ea8fc1871d85b581b5ff9,shallow_m0256_r2,validation_or_superseded
2,1024.0,shallow,final_geometry_v15_20260930,4327fe4ece9317f6fd20fad18389a71e9b1f423b,False,32,5657.90875292161,0.361971196326286,0.361971196326286,e2017cad3b17a071ee7b7614968ab2408d9b37eae47773c2035786756e05b49f,loss,0.01,194,full_posterior,1024,128,409600,V,33792,0,1.0,dynamics_h_0p01_stage_2,02cdf7a9fb4a8ebea158d555e3da7f259fe2d98afd52f242938d3e8f57697d6a,shallow_m1024_r0,production_final
2,1024.0,shallow,final_geometry_v15_20260930,4327fe4ece9317f6fd20fad18389a71e9b1f423b,False,32,4434.6192962331415,0.46182092829019483,0.46182092829019483,e2017cad3b17a071ee7b7614968ab2408d9b37eae47773c2035786756e05b49f,train_logit,0.01,654,full_posterior,1024,128,409600,train_logit_0,33792,0,1.0,dynamics_h_0p01_stage_2,02cdf7a9fb4a8ebea158d555e3da7f259fe2d98afd52f242938d3e8f57697d6a,shallow_m1024_r0,production_final
2,1024.0,shallow,final_geometry_v15_20260930,4327fe4ece9317f6fd20fad18389a71e9b1f423b,False,32,5357.881062676948,0.38224066119466293,0.38224066119466293,e2017cad3b17a071ee7b7614968ab2408d9b37eae47773c2035786756e05b49f,train_logit,0.01,306,full_posterior,1024,128,409600,train_logit_16,33792,0,1.0,dynamics_h_0p01_stage_2,02cdf7a9fb4a8ebea158d555e3da7f259fe2d98afd52f242938d3e8f57697d6a,shallow_m1024_r0,production_final
2,1024.0,shallow,final_geometry_v15_20260930,4327fe4ece9317f6fd20fad18389a71e9b1f423b,False,32,4473.178518114716,0.4578399882111475,0.4578399882111475,e2017cad3b17a071ee7b7614968ab2408d9b37eae47773c2035786756e05b49f,train_logit,0.01,604,full_posterior,1024,128,409600,train_logit_32,33792,0,1.0,dynamics_h_0p01_stage_2,02cdf7a9fb4a8ebea158d555e3da7f259fe2d98afd52f242938d3e8f57697d6a,shallow_m1024_r0,production_final
2,1024.0,shallow,final_geometry_v15_20260930,4327fe4ece9317f6fd20fad18389a71e9b1f423b,False,32,4665.285293747579,0.4389870867586024,0.4389870867586024,e2017cad3b17a071ee7b7614968ab2408d9b37eae47773c2035786756e05b49f,train_logit,0.01,396,full_posterior,1024,128,409600,train_logit_48,33792,0,1.0,dynamics_h_0p01_stage_2,02cdf7a9fb4a8ebea158d555e3da7f259fe2d98afd52f242938d3e8f57697d6a,shallow_m1024_r0,production_final
2,1024.0,shallow,final_geometry_v15_20260930,4327fe4ece9317f6fd20fad18389a71e9b1f423b,False,32,4936.6148911742985,0.41485917883961804,0.41485917883961804,e2017cad3b17a071ee7b7614968ab2408d9b37eae47773c2035786756e05b49f,train_logit,0.01,552,full_posterior,1024,128,409600,train_logit_64,33792,0,1.0,dynamics_h_0p01_stage_2,02cdf7a9fb4a8ebea158d555e3da7f259fe2d98afd52f242938d3e8f57697d6a,shallow_m1024_r0,production_final
2,1024.0,shallow,final_geometry_v15_20260930,4327fe4ece9317f6fd20fad18389a71e9b1f423b,False,32,4521.620561353701,0.4529349537872017,0.4529349537872017,e2017cad3b17a071ee7b7614968ab2408d9b37eae47773c2035786756e05b49f,train_logit,0.01,268,full_posterior,1024,128,409600,train_logit_80,33792,0,1.0,dynamics_h_0p01_stage_2,02cdf7a9fb4a8ebea158d555e3da7f259fe2d98afd52f242938d3e8f57697d6a,shallow_m1024_r0,production_final
2,1024.0,shallow,final_geometry_v15_20260930,4327fe4ece9317f6fd20fad18389a71e9b1f423b,False,32,4796.897836518075,0.42694259285842584,0.42694259285842584,e2017cad3b17a071ee7b7614968ab2408d9b37eae47773c2035786756e05b49f,train_logit,0.01,318,full_posterior,1024,128,409600,train_logit_96,33792,0,1.0,dynamics_h_0p01_stage_2,02cdf7a9fb4a8ebea158d555e3da7f259fe2d98afd52f242938d3e8f57697d6a,shallow_m1024_r0,production_final
2,1024.0,shallow,final_geometry_v15_20260930,4327fe4ece9317f6fd20fad18389a71e9b1f423b,False,32,5196.530410646029,0.3941091147670959,0.3941091147670959,e2017cad3b17a071ee7b7614968ab2408d9b37eae47773c2035786756e05b49f,train_logit,0.01,312,full_posterior,1024,128,409600,train_logit_112,33792,0,1.0,dynamics_h_0p01_stage_2,02cdf7a9fb4a8ebea158d555e3da7f259fe2d98afd52f242938d3e8f57697d6a,shallow_m1024_r0,production_final
2,1024.0,shallow,final_geometry_v15_20260930,4327fe4ece9317f6fd20fad18389a71e9b1f423b,False,32,4402.0664622464565,0.46523604710749134,0.46523604710749134,e2017cad3b17a071ee7b7614968ab2408d9b37eae47773c2035786756e05b49f,test_probability,0.01,378,full_posterior,1024,128,409600,test_prob_0,33792,0,1.0,dynamics_h_0p01_stage_2,02cdf7a9fb4a8ebea158d555e3da7f259fe2d98afd52f242938d3e8f57697d6a,shallow_m1024_r0,production_final
2,1024.0,shallow,final_geometry_v15_20260930,4327fe4ece9317f6fd20fad18389a71e9b1f423b,False,32,4572.190226291341,0.4479253702576593,0.4479253702576593,e2017cad3b17a071ee7b7614968ab2408d9b37eae47773c2035786756e05b49f,test_probability,0.01,284,full_posterior,1024,128,409600,test_prob_128,33792,0,1.0,dynamics_h_0p01_stage_2,02cdf7a9fb4a8ebea158d555e3da7f259fe2d98afd52f242938d3e8f57697d6a,shallow_m1024_r0,production_final
2,1024.0,shallow,final_geometry_v15_20260930,4327fe4ece9317f6fd20fad18389a71e9b1f423b,False,32,4624.652457742332,0.4428440880073818,0.4428440880073818,e2017cad3b17a071ee7b7614968ab2408d9b37eae47773c2035786756e05b49f,test_probability,0.01,444,full_posterior,1024,128,409600,test_prob_256,33792,0,1.0,dynamics_h_0p01_stage_2,02cdf7a9fb4a8ebea158d555e3da7f259fe2d98afd52f242938d3e8f57697d6a,shallow_m1024_r0,production_final
2,1024.0,shallow,final_geometry_v15_20260930,4327fe4ece9317f6fd20fad18389a71e9b1f423b,False,32,4775.6873845749415,0.4288387901215778,0.4288387901215778,e2017cad3b17a071ee7b7614968ab2408d9b37eae47773c2035786756e05b49f,test_probability,0.01,296,full_posterior,1024,128,409600,test_prob_384,33792,0,1.0,dynamics_h_0p01_stage_2,02cdf7a9fb4a8ebea158d555e3da7f259fe2d98afd52f242938d3e8f57697d6a,shallow_m1024_r0,production_final
2,1024.0,shallow,final_geometry_v15_20260930,4327fe4ece9317f6fd20fad18389a71e9b1f423b,False,32,4381.419146584967,0.4674284590179608,0.4674284590179608,e2017cad3b17a071ee7b7614968ab2408d9b37eae47773c2035786756e05b49f,test_probability,0.01,356,full_posterior,1024,128,409600,test_prob_512,33792,0,1.0,dynamics_h_0p01_stage_2,02cdf7a9fb4a8ebea158d555e3da7f259fe2d98afd52f242938d3e8f57697d6a,shallow_m1024_r0,production_final
2,1024.0,shallow,final_geometry_v15_20260930,4327fe4ece9317f6fd20fad18389a71e9b1f423b,False,32,4152.664831135924,0.4931772929624538,0.4931772929624538,e2017cad3b17a071ee7b7614968ab2408d9b37eae47773c2035786756e05b49f,test_probability,0.01,572,full_posterior,1024,128,409600,test_prob_640,33792,0,1.0,dynamics_h_0p01_stage_2,02cdf7a9fb4a8ebea158d555e3da7f259fe2d98afd52f242938d3e8f57697d6a,shallow_m1024_r0,production_final
2,1024.0,shallow,final_geometry_v15_20260930,4327fe4ece9317f6fd20fad18389a71e9b1f423b,False,32,4141.99589828124,0.4944476166308703,0.4944476166308703,e2017cad3b17a071ee7b7614968ab2408d9b37eae47773c2035786756e05b49f,test_probability,0.01,432,full_posterior,1024,128,409600,test_prob_768,33792,0,1.0,dynamics_h_0p01_stage_2,02cdf7a9fb4a8ebea158d555e3da7f259fe2d98afd52f242938d3e8f57697d6a,shallow_m1024_r0,production_final
2,1024.0,shallow,final_geometry_v15_20260930,4327fe4ece9317f6fd20fad18389a71e9b1f423b,False,32,4653.095608950016,0.4401370984212673,0.4401370984212673,e2017cad3b17a071ee7b7614968ab2408d9b37eae47773c2035786756e05b49f,test_probability,0.01,336,full_posterior,1024,128,409600,test_prob_896,33792,0,1.0,dynamics_h_0p01_stage_2,02cdf7a9fb4a8ebea158d555e3da7f259fe2d98afd52f242938d3e8f57697d6a,shallow_m1024_r0,production_final
2,1024.0,shallow,final_geometry_v15_20260930,4327fe4ece9317f6fd20fad18389a71e9b1f423b,False,32,3715.119000520049,0.5512609420353204,0.5512609420353204,e2017cad3b17a071ee7b7614968ab2408d9b37eae47773c2035786756e05b49f,interaction,0.01,584,full_posterior,1024,128,409600,interaction_0,33792,0,1.0,dynamics_h_0p01_stage_2,02cdf7a9fb4a8ebea158d555e3da7f259fe2d98afd52f242938d3e8f57697d6a,shallow_m1024_r0,production_final
2,1024.0,shallow,final_geometry_v15_20260930,4327fe4ece9317f6fd20fad18389a71e9b1f423b,False,32,4084.23580631083,0.5014401952099573,0.5014401952099573,e2017cad3b17a071ee7b7614968ab2408d9b37eae47773c2035786756e05b49f,interaction,0.01,312,full_posterior,1024,128,409600,interaction_1,33792,0,1.0,dynamics_h_0p01_stage_2,02cdf7a9fb4a8ebea158d555e3da7f259fe2d98afd52f242938d3e8f57697d6a,shallow_m1024_r0,production_final
2,1024.0,shallow,final_geometry_v15_20260930,4327fe4ece9317f6fd20fad18389a71e9b1f423b,False,32,4210.457356292003,0.4864079663316194,0.4864079663316194,e2017cad3b17a071ee7b7614968ab2408d9b37eae47773c2035786756e05b49f,interaction,0.01,320,full_posterior,1024,128,409600,interaction_2,33792,0,1.0,dynamics_h_0p01_stage_2,02cdf7a9fb4a8ebea158d555e3da7f259fe2d98afd52f242938d3e8f57697d6a,shallow_m1024_r0,production_final
2,1024.0,shallow,final_geometry_v15_20260930,4327fe4ece9317f6fd20fad18389a71e9b1f423b,False,32,4283.651477524742,0.478096785124875,0.478096785124875,e2017cad3b17a071ee7b7614968ab2408d9b37eae47773c2035786756e05b49f,interaction,0.01,244,full_posterior,1024,128,409600,interaction_3,33792,0,1.0,dynamics_h_0p01_stage_2,02cdf7a9fb4a8ebea158d555e3da7f259fe2d98afd52f242938d3e8f57697d6a,shallow_m1024_r0,production_final
2,1024.0,shallow,final_geometry_v15_20260930,4327fe4ece9317f6fd20fad18389a71e9b1f423b,False,32,1751.5257882305384,1.1692662556050468,1.1692662556050468,e2017cad3b17a071ee7b7614968ab2408d9b37eae47773c2035786756e05b49f,control,0.01,1340,full_posterior,1024,128,409600,q_A,33792,0,1.0,dynamics_h_0p01_stage_2,02cdf7a9fb4a8ebea158d555e3da7f259fe2d98afd52f242938d3e8f57697d6a,shallow_m1024_r0,production_final
2,1024.0,shallow,final_geometry_v15_20260930,4327fe4ece9317f6fd20fad18389a71e9b1f423b,False,32,1911.0118405868782,1.0716835743786142,1.0716835743786142,e2017cad3b17a071ee7b7614968ab2408d9b37eae47773c2035786756e05b49f,control,0.01,1188,full_posterior,1024,128,409600,q_W,33792,0,1.0,dynamics_h_0p01_stage_2,02cdf7a9fb4a8ebea158d555e3da7f259fe2d98afd52f242938d3e8f57697d6a,shallow_m1024_r0,production_final
2,1024.0,shallow,final_geometry_v15_20260930,4327fe4ece9317f6fd20fad18389a71e9b1f423b,False,32,4091.6143803796635,0.5005359277796763,0.5005359277796763,e2017cad3b17a071ee7b7614968ab2408d9b37eae47773c2035786756e05b49f,control,0.01,408,full_posterior,1024,128,409600,U,33792,0,1.0,dynamics_h_0p01_stage_2,02cdf7a9fb4a8ebea158d555e3da7f259fe2d98afd52f242938d3e8f57697d6a,shallow_m1024_r0,production_final
2,512.0,shallow,final_geometry_v15_20260930,4327fe4ece9317f6fd20fad18389a71e9b1f423b,False,32,2469.3186870405825,0.41468928468979377,0.41468928468979377,695649e43e92a5dbc72c5f5af66436d0d716e4fe75d84666ec8b9ea7e35cc7e1,loss,0.02,164,full_posterior,1024,128,102400,V,33792,0,1.0,dynamics_h_0p02_stage_1,02cdf7a9fb4a8ebea158d555e3da7f259fe2d98afd52f242938d3e8f57697d6a,shallow_m1024_r0,validation_or_superseded
2,512.0,shallow,final_geometry_v15_20260930,4327fe4ece9317f6fd20fad18389a71e9b1f423b,False,32,2623.0382089444006,0.39038699341405797,0.39038699341405797,695649e43e92a5dbc72c5f5af66436d0d716e4fe75d84666ec8b9ea7e35cc7e1,train_logit,0.02,202,full_posterior,1024,128,102400,train_logit_0,33792,0,1.0,dynamics_h_0p02_stage_1,02cdf7a9fb4a8ebea158d555e3da7f259fe2d98afd52f242938d3e8f57697d6a,shallow_m1024_r0,validation_or_superseded
2,512.0,shallow,final_geometry_v15_20260930,4327fe4ece9317f6fd20fad18389a71e9b1f423b,False,32,2488.1733030442438,0.41154689616963214,0.41154689616963214,695649e43e92a5dbc72c5f5af66436d0d716e4fe75d84666ec8b9ea7e35cc7e1,train_logit,0.02,152,full_posterior,1024,128,102400,train_logit_16,33792,0,1.0,dynamics_h_0p02_stage_1,02cdf7a9fb4a8ebea158d555e3da7f259fe2d98afd52f242938d3e8f57697d6a,shallow_m1024_r0,validation_or_superseded
2,512.0,shallow,final_geometry_v15_20260930,4327fe4ece9317f6fd20fad18389a71e9b1f423b,False,32,2320.5924182008157,0.44126663173101294,0.44126663173101294,695649e43e92a5dbc72c5f5af66436d0d716e4fe75d84666ec8b9ea7e35cc7e1,train_logit,0.02,174,full_posterior,1024,128,102400,train_logit_32,33792,0,1.0,dynamics_h_0p02_stage_1,02cdf7a9fb4a8ebea158d555e3da7f259fe2d98afd52f242938d3e8f57697d6a,shallow_m1024_r0,validation_or_superseded
2,512.0,shallow,final_geometry_v15_20260930,4327fe4ece9317f6fd20fad18389a71e9b1f423b,False,32,2163.081379111715,0.4733987402824914,0.4733987402824914,695649e43e92a5dbc72c5f5af66436d0d716e4fe75d84666ec8b9ea7e35cc7e1,train_logit,0.02,278,full_posterior,1024,128,102400,train_logit_48,33792,0,1.0,dynamics_h_0p02_stage_1,02cdf7a9fb4a8ebea158d555e3da7f259fe2d98afd52f242938d3e8f57697d6a,shallow_m1024_r0,validation_or_superseded
2,512.0,shallow,final_geometry_v15_20260930,4327fe4ece9317f6fd20fad18389a71e9b1f423b,False,32,2500.439046281818,0.4095280792877955,0.4095280792877955,695649e43e92a5dbc72c5f5af66436d0d716e4fe75d84666ec8b9ea7e35cc7e1,train_logit,0.02,196,full_posterior,1024,128,102400,train_logit_64,33792,0,1.0,dynamics_h_0p02_stage_1,02cdf7a9fb4a8ebea158d555e3da7f259fe2d98afd52f242938d3e8f57697d6a,shallow_m1024_r0,validation_or_superseded
2,512.0,shallow,final_geometry_v15_20260930,4327fe4ece9317f6fd20fad18389a71e9b1f423b,False,32,2160.61279498872,0.4739396167490279,0.4739396167490279,695649e43e92a5dbc72c5f5af66436d0d716e4fe75d84666ec8b9ea7e35cc7e1,train_logit,0.02,168,full_posterior,1024,128,102400,train_logit_80,33792,0,1.0,dynamics_h_0p02_stage_1,02cdf7a9fb4a8ebea158d555e3da7f259fe2d98afd52f242938d3e8f57697d6a,shallow_m1024_r0,validation_or_superseded
2,512.0,shallow,final_geometry_v15_20260930,4327fe4ece9317f6fd20fad18389a71e9b1f423b,False,32,2310.961487598777,0.4431056101519007,0.4431056101519007,695649e43e92a5dbc72c5f5af66436d0d716e4fe75d84666ec8b9ea7e35cc7e1,train_logit,0.02,150,full_posterior,1024,128,102400,train_logit_96,33792,0,1.0,dynamics_h_0p02_stage_1,02cdf7a9fb4a8ebea158d555e3da7f259fe2d98afd52f242938d3e8f57697d6a,shallow_m1024_r0,validation_or_superseded
2,512.0,shallow,final_geometry_v15_20260930,4327fe4ece9317f6fd20fad18389a71e9b1f423b,False,32,2626.7906468436418,0.38982931556819767,0.38982931556819767,695649e43e92a5dbc72c5f5af66436d0d716e4fe75d84666ec8b9ea7e35cc7e1,train_logit,0.02,138,full_posterior,1024,128,102400,train_logit_112,33792,0,1.0,dynamics_h_0p02_stage_1,02cdf7a9fb4a8ebea158d555e3da7f259fe2d98afd52f242938d3e8f57697d6a,shallow_m1024_r0,validation_or_superseded
2,512.0,shallow,final_geometry_v15_20260930,4327fe4ece9317f6fd20fad18389a71e9b1f423b,False,32,2073.546990284473,0.4938397850629447,0.4938397850629447,695649e43e92a5dbc72c5f5af66436d0d716e4fe75d84666ec8b9ea7e35cc7e1,test_probability,0.02,170,full_posterior,1024,128,102400,test_prob_0,33792,0,1.0,dynamics_h_0p02_stage_1,02cdf7a9fb4a8ebea158d555e3da7f259fe2d98afd52f242938d3e8f57697d6a,shallow_m1024_r0,validation_or_superseded
2,512.0,shallow,final_geometry_v15_20260930,4327fe4ece9317f6fd20fad18389a71e9b1f423b,False,32,1670.4515029653435,0.6130079192255632,0.6130079192255632,695649e43e92a5dbc72c5f5af66436d0d716e4fe75d84666ec8b9ea7e35cc7e1,test_probability,0.02,444,full_posterior,1024,128,102400,test_prob_128,33792,0,1.0,dynamics_h_0p02_stage_1,02cdf7a9fb4a8ebea158d555e3da7f259fe2d98afd52f242938d3e8f57697d6a,shallow_m1024_r0,validation_or_superseded
2,512.0,shallow,final_geometry_v15_20260930,4327fe4ece9317f6fd20fad18389a71e9b1f423b,False,32,2065.653240831859,0.4957269592778433,0.4957269592778433,695649e43e92a5dbc72c5f5af66436d0d716e4fe75d84666ec8b9ea7e35cc7e1,test_probability,0.02,202,full_posterior,1024,128,102400,test_prob_256,33792,0,1.0,dynamics_h_0p02_stage_1,02cdf7a9fb4a8ebea158d555e3da7f259fe2d98afd52f242938d3e8f57697d6a,shallow_m1024_r0,validation_or_superseded
2,512.0,shallow,final_geometry_v15_20260930,4327fe4ece9317f6fd20fad18389a71e9b1f423b,False,32,2188.5347563766322,0.46789295761304167,0.46789295761304167,695649e43e92a5dbc72c5f5af66436d0d716e4fe75d84666ec8b9ea7e35cc7e1,test_probability,0.02,122,full_posterior,1024,128,102400,test_prob_384,33792,0,1.0,dynamics_h_0p02_stage_1,02cdf7a9fb4a8ebea158d555e3da7f259fe2d98afd52f242938d3e8f57697d6a,shallow_m1024_r0,validation_or_superseded
2,512.0,shallow,final_geometry_v15_20260930,4327fe4ece9317f6fd20fad18389a71e9b1f423b,False,32,2239.7513277930925,0.45719361220738014,0.45719361220738014,695649e43e92a5dbc72c5f5af66436d0d716e4fe75d84666ec8b9ea7e35cc7e1,test_probability,0.02,196,full_posterior,1024,128,102400,test_prob_512,33792,0,1.0,dynamics_h_0p02_stage_1,02cdf7a9fb4a8ebea158d555e3da7f259fe2d98afd52f242938d3e8f57697d6a,shallow_m1024_r0,validation_or_superseded
2,512.0,shallow,final_geometry_v15_20260930,4327fe4ece9317f6fd20fad18389a71e9b1f423b,False,32,2217.5468972834947,0.46177151935519595,0.46177151935519595,695649e43e92a5dbc72c5f5af66436d0d716e4fe75d84666ec8b9ea7e35cc7e1,test_probability,0.02,240,full_posterior,1024,128,102400,test_prob_640,33792,0,1.0,dynamics_h_0p02_stage_1,02cdf7a9fb4a8ebea158d555e3da7f259fe2d98afd52f242938d3e8f57697d6a,shallow_m1024_r0,validation_or_superseded
2,512.0,shallow,final_geometry_v15_20260930,4327fe4ece9317f6fd20fad18389a71e9b1f423b,False,32,2308.7209487097757,0.4435356297920112,0.4435356297920112,695649e43e92a5dbc72c5f5af66436d0d716e4fe75d84666ec8b9ea7e35cc7e1,test_probability,0.02,114,full_posterior,1024,128,102400,test_prob_768,33792,0,1.0,dynamics_h_0p02_stage_1,02cdf7a9fb4a8ebea158d555e3da7f259fe2d98afd52f242938d3e8f57697d6a,shallow_m1024_r0,validation_or_superseded
2,512.0,shallow,final_geometry_v15_20260930,4327fe4ece9317f6fd20fad18389a71e9b1f423b,False,32,2115.1454918214995,0.48412745315130173,0.48412745315130173,695649e43e92a5dbc72c5f5af66436d0d716e4fe75d84666ec8b9ea7e35cc7e1,test_probability,0.02,142,full_posterior,1024,128,102400,test_prob_896,33792,0,1.0,dynamics_h_0p02_stage_1,02cdf7a9fb4a8ebea158d555e3da7f259fe2d98afd52f242938d3e8f57697d6a,shallow_m1024_r0,validation_or_superseded
2,512.0,shallow,final_geometry_v15_20260930,4327fe4ece9317f6fd20fad18389a71e9b1f423b,False,32,1873.4263315894273,0.5465920825033092,0.5465920825033092,695649e43e92a5dbc72c5f5af66436d0d716e4fe75d84666ec8b9ea7e35cc7e1,interaction,0.02,184,full_posterior,1024,128,102400,interaction_0,33792,0,1.0,dynamics_h_0p02_stage_1,02cdf7a9fb4a8ebea158d555e3da7f259fe2d98afd52f242938d3e8f57697d6a,shallow_m1024_r0,validation_or_superseded
2,512.0,shallow,final_geometry_v15_20260930,4327fe4ece9317f6fd20fad18389a71e9b1f423b,False,32,2278.1365460369507,0.4494901773036176,0.4494901773036176,695649e43e92a5dbc72c5f5af66436d0d716e4fe75d84666ec8b9ea7e35cc7e1,interaction,0.02,96,full_posterior,1024,128,102400,interaction_1,33792,0,1.0,dynamics_h_0p02_stage_1,02cdf7a9fb4a8ebea158d555e3da7f259fe2d98afd52f242938d3e8f57697d6a,shallow_m1024_r0,validation_or_superseded
2,512.0,shallow,final_geometry_v15_20260930,4327fe4ece9317f6fd20fad18389a71e9b1f423b,False,32,2360.3994230693716,0.43382488149756887,0.43382488149756887,695649e43e92a5dbc72c5f5af66436d0d716e4fe75d84666ec8b9ea7e35cc7e1,interaction,0.02,92,full_posterior,1024,128,102400,interaction_2,33792,0,1.0,dynamics_h_0p02_stage_1,02cdf7a9fb4a8ebea158d555e3da7f259fe2d98afd52f242938d3e8f57697d6a,shallow_m1024_r0,validation_or_superseded
2,512.0,shallow,final_geometry_v15_20260930,4327fe4ece9317f6fd20fad18389a71e9b1f423b,False,32,2075.4856673737436,0.49337849742693646,0.49337849742693646,695649e43e92a5dbc72c5f5af66436d0d716e4fe75d84666ec8b9ea7e35cc7e1,interaction,0.02,310,full_posterior,1024,128,102400,interaction_3,33792,0,1.0,dynamics_h_0p02_stage_1,02cdf7a9fb4a8ebea158d555e3da7f259fe2d98afd52f242938d3e8f57697d6a,shallow_m1024_r0,validation_or_superseded
2,512.0,shallow,final_geometry_v15_20260930,4327fe4ece9317f6fd20fad18389a71e9b1f423b,False,32,1008.2493353771551,1.0156217951950874,1.0156217951950874,695649e43e92a5dbc72c5f5af66436d0d716e4fe75d84666ec8b9ea7e35cc7e1,control,0.02,294,full_posterior,1024,128,102400,q_A,33792,0,1.0,dynamics_h_0p02_stage_1,02cdf7a9fb4a8ebea158d555e3da7f259fe2d98afd52f242938d3e8f57697d6a,shallow_m1024_r0,validation_or_superseded
2,512.0,shallow,final_geometry_v15_20260930,4327fe4ece9317f6fd20fad18389a71e9b1f423b,False,32,1044.1450772233798,0.9807066300815686,0.9807066300815686,695649e43e92a5dbc72c5f5af66436d0d716e4fe75d84666ec8b9ea7e35cc7e1,control,0.02,254,full_posterior,1024,128,102400,q_W,33792,0,1.0,dynamics_h_0p02_stage_1,02cdf7a9fb4a8ebea158d555e3da7f259fe2d98afd52f242938d3e8f57697d6a,shallow_m1024_r0,validation_or_superseded
2,512.0,shallow,final_geometry_v15_20260930,4327fe4ece9317f6fd20fad18389a71e9b1f423b,False,32,1992.981710219643,0.5138030092043077,0.5138030092043077,695649e43e92a5dbc72c5f5af66436d0d716e4fe75d84666ec8b9ea7e35cc7e1,control,0.02,108,full_posterior,1024,128,102400,U,33792,0,1.0,dynamics_h_0p02_stage_1,02cdf7a9fb4a8ebea158d555e3da7f259fe2d98afd52f242938d3e8f57697d6a,shallow_m1024_r0,validation_or_superseded
2,1024.0,shallow,final_geometry_v15_20260930,4327fe4ece9317f6fd20fad18389a71e9b1f423b,False,32,4820.168955233112,0.4248813722134259,0.4248813722134259,1ba5ed6b2d648eaf1fb0f8fdbee5782deaa8ea3260d998a4e873fcfd5e6d8eef,loss,0.01,312,full_posterior,1024,128,409600,V,33792,1,1.0,dynamics_h_0p01_stage_2,75855771a1231e62e6e66f10e2f0fc9a96b653fa2c1e6c16aa05920b18f8825c,shallow_m1024_r1,production_final
2,1024.0,shallow,final_geometry_v15_20260930,4327fe4ece9317f6fd20fad18389a71e9b1f423b,False,32,4790.289644183557,0.42753155907528745,0.42753155907528745,1ba5ed6b2d648eaf1fb0f8fdbee5782deaa8ea3260d998a4e873fcfd5e6d8eef,train_logit,0.01,686,full_posterior,1024,128,409600,train_logit_0,33792,1,1.0,dynamics_h_0p01_stage_2,75855771a1231e62e6e66f10e2f0fc9a96b653fa2c1e6c16aa05920b18f8825c,shallow_m1024_r1,production_final
2,1024.0,shallow,final_geometry_v15_20260930,4327fe4ece9317f6fd20fad18389a71e9b1f423b,False,32,5080.839187464296,0.4030830192486567,0.4030830192486567,1ba5ed6b2d648eaf1fb0f8fdbee5782deaa8ea3260d998a4e873fcfd5e6d8eef,train_logit,0.01,302,full_posterior,1024,128,409600,train_logit_16,33792,1,1.0,dynamics_h_0p01_stage_2,75855771a1231e62e6e66f10e2f0fc9a96b653fa2c1e6c16aa05920b18f8825c,shallow_m1024_r1,production_final
2,1024.0,shallow,final_geometry_v15_20260930,4327fe4ece9317f6fd20fad18389a71e9b1f423b,False,32,5111.505596994187,0.4006647280606175,0.4006647280606175,1ba5ed6b2d648eaf1fb0f8fdbee5782deaa8ea3260d998a4e873fcfd5e6d8eef,train_logit,0.01,398,full_posterior,1024,128,409600,train_logit_32,33792,1,1.0,dynamics_h_0p01_stage_2,75855771a1231e62e6e66f10e2f0fc9a96b653fa2c1e6c16aa05920b18f8825c,shallow_m1024_r1,production_final
2,1024.0,shallow,final_geometry_v15_20260930,4327fe4ece9317f6fd20fad18389a71e9b1f423b,False,32,4562.475561237487,0.44887911672331626,0.44887911672331626,1ba5ed6b2d648eaf1fb0f8fdbee5782deaa8ea3260d998a4e873fcfd5e6d8eef,train_logit,0.01,334,full_posterior,1024,128,409600,train_logit_48,33792,1,1.0,dynamics_h_0p01_stage_2,75855771a1231e62e6e66f10e2f0fc9a96b653fa2c1e6c16aa05920b18f8825c,shallow_m1024_r1,production_final
2,1024.0,shallow,final_geometry_v15_20260930,4327fe4ece9317f6fd20fad18389a71e9b1f423b,False,32,5055.8572785246,0.4050747256452713,0.4050747256452713,1ba5ed6b2d648eaf1fb0f8fdbee5782deaa8ea3260d998a4e873fcfd5e6d8eef,train_logit,0.01,224,full_posterior,1024,128,409600,train_logit_64,33792,1,1.0,dynamics_h_0p01_stage_2,75855771a1231e62e6e66f10e2f0fc9a96b653fa2c1e6c16aa05920b18f8825c,shallow_m1024_r1,production_final
2,1024.0,shallow,final_geometry_v15_20260930,4327fe4ece9317f6fd20fad18389a71e9b1f423b,False,32,4750.323441794607,0.4311285378972624,0.4311285378972624,1ba5ed6b2d648eaf1fb0f8fdbee5782deaa8ea3260d998a4e873fcfd5e6d8eef,train_logit,0.01,372,full_posterior,1024,128,409600,train_logit_80,33792,1,1.0,dynamics_h_0p01_stage_2,75855771a1231e62e6e66f10e2f0fc9a96b653fa2c1e6c16aa05920b18f8825c,shallow_m1024_r1,production_final
2,1024.0,shallow,final_geometry_v15_20260930,4327fe4ece9317f6fd20fad18389a71e9b1f423b,False,32,4987.755930758805,0.4106054964258105,0.4106054964258105,1ba5ed6b2d648eaf1fb0f8fdbee5782deaa8ea3260d998a4e873fcfd5e6d8eef,train_logit,0.01,192,full_posterior,1024,128,409600,train_logit_96,33792,1,1.0,dynamics_h_0p01_stage_2,75855771a1231e62e6e66f10e2f0fc9a96b653fa2c1e6c16aa05920b18f8825c,shallow_m1024_r1,production_final
2,1024.0,shallow,final_geometry_v15_20260930,4327fe4ece9317f6fd20fad18389a71e9b1f423b,False,32,5098.51765725331,0.4016853794919101,0.4016853794919101,1ba5ed6b2d648eaf1fb0f8fdbee5782deaa8ea3260d998a4e873fcfd5e6d8eef,train_logit,0.01,358,full_posterior,1024,128,409600,train_logit_112,33792,1,1.0,dynamics_h_0p01_stage_2,75855771a1231e62e6e66f10e2f0fc9a96b653fa2c1e6c16aa05920b18f8825c,shallow_m1024_r1,production_final
2,1024.0,shallow,final_geometry_v15_20260930,4327fe4ece9317f6fd20fad18389a71e9b1f423b,False,32,4421.038224142525,0.4632396048548566,0.4632396048548566,1ba5ed6b2d648eaf1fb0f8fdbee5782deaa8ea3260d998a4e873fcfd5e6d8eef,test_probability,0.01,294,full_posterior,1024,128,409600,test_prob_0,33792,1,1.0,dynamics_h_0p01_stage_2,75855771a1231e62e6e66f10e2f0fc9a96b653fa2c1e6c16aa05920b18f8825c,shallow_m1024_r1,production_final
2,1024.0,shallow,final_geometry_v15_20260930,4327fe4ece9317f6fd20fad18389a71e9b1f423b,False,32,4713.846634999166,0.4344647076114225,0.4344647076114225,1ba5ed6b2d648eaf1fb0f8fdbee5782deaa8ea3260d998a4e873fcfd5e6d8eef,test_probability,0.01,292,full_posterior,1024,128,409600,test_prob_128,33792,1,1.0,dynamics_h_0p01_stage_2,75855771a1231e62e6e66f10e2f0fc9a96b653fa2c1e6c16aa05920b18f8825c,shallow_m1024_r1,production_final
2,1024.0,shallow,final_geometry_v15_20260930,4327fe4ece9317f6fd20fad18389a71e9b1f423b,False,32,4434.017354660773,0.46188362295137736,0.46188362295137736,1ba5ed6b2d648eaf1fb0f8fdbee5782deaa8ea3260d998a4e873fcfd5e6d8eef,test_probability,0.01,288,full_posterior,1024,128,409600,test_prob_256,33792,1,1.0,dynamics_h_0p01_stage_2,75855771a1231e62e6e66f10e2f0fc9a96b653fa2c1e6c16aa05920b18f8825c,shallow_m1024_r1,production_final
2,1024.0,shallow,final_geometry_v15_20260930,4327fe4ece9317f6fd20fad18389a71e9b1f423b,False,32,4703.640351017497,0.43540743916719193,0.43540743916719193,1ba5ed6b2d648eaf1fb0f8fdbee5782deaa8ea3260d998a4e873fcfd5e6d8eef,test_probability,0.01,288,full_posterior,1024,128,409600,test_prob_384,33792,1,1.0,dynamics_h_0p01_stage_2,75855771a1231e62e6e66f10e2f0fc9a96b653fa2c1e6c16aa05920b18f8825c,shallow_m1024_r1,production_final
2,1024.0,shallow,final_geometry_v15_20260930,4327fe4ece9317f6fd20fad18389a71e9b1f423b,False,32,4202.652570318961,0.4873112791820826,0.4873112791820826,1ba5ed6b2d648eaf1fb0f8fdbee5782deaa8ea3260d998a4e873fcfd5e6d8eef,test_probability,0.01,316,full_posterior,1024,128,409600,test_prob_512,33792,1,1.0,dynamics_h_0p01_stage_2,75855771a1231e62e6e66f10e2f0fc9a96b653fa2c1e6c16aa05920b18f8825c,shallow_m1024_r1,production_final
2,1024.0,shallow,final_geometry_v15_20260930,4327fe4ece9317f6fd20fad18389a71e9b1f423b,False,32,4271.931006858597,0.4794084915491215,0.4794084915491215,1ba5ed6b2d648eaf1fb0f8fdbee5782deaa8ea3260d998a4e873fcfd5e6d8eef,test_probability,0.01,298,full_posterior,1024,128,409600,test_prob_640,33792,1,1.0,dynamics_h_0p01_stage_2,75855771a1231e62e6e66f10e2f0fc9a96b653fa2c1e6c16aa05920b18f8825c,shallow_m1024_r1,production_final
2,1024.0,shallow,final_geometry_v15_20260930,4327fe4ece9317f6fd20fad18389a71e9b1f423b,False,32,4426.730146932794,0.46264396790010437,0.46264396790010437,1ba5ed6b2d648eaf1fb0f8fdbee5782deaa8ea3260d998a4e873fcfd5e6d8eef,test_probability,0.01,428,full_posterior,1024,128,409600,test_prob_768,33792,1,1.0,dynamics_h_0p01_stage_2,75855771a1231e62e6e66f10e2f0fc9a96b653fa2c1e6c16aa05920b18f8825c,shallow_m1024_r1,production_final
2,1024.0,shallow,final_geometry_v15_20260930,4327fe4ece9317f6fd20fad18389a71e9b1f423b,False,32,4585.474797390577,0.44662768644273015,0.44662768644273015,1ba5ed6b2d648eaf1fb0f8fdbee5782deaa8ea3260d998a4e873fcfd5e6d8eef,test_probability,0.01,292,full_posterior,1024,128,409600,test_prob_896,33792,1,1.0,dynamics_h_0p01_stage_2,75855771a1231e62e6e66f10e2f0fc9a96b653fa2c1e6c16aa05920b18f8825c,shallow_m1024_r1,production_final
2,1024.0,shallow,final_geometry_v15_20260930,4327fe4ece9317f6fd20fad18389a71e9b1f423b,False,32,4257.051765028205,0.4810841194895432,0.4810841194895432,1ba5ed6b2d648eaf1fb0f8fdbee5782deaa8ea3260d998a4e873fcfd5e6d8eef,interaction,0.01,294,full_posterior,1024,128,409600,interaction_0,33792,1,1.0,dynamics_h_0p01_stage_2,75855771a1231e62e6e66f10e2f0fc9a96b653fa2c1e6c16aa05920b18f8825c,shallow_m1024_r1,production_final
2,1024.0,shallow,final_geometry_v15_20260930,4327fe4ece9317f6fd20fad18389a71e9b1f423b,False,32,4122.0737969019,0.4968372962025211,0.4968372962025211,1ba5ed6b2d648eaf1fb0f8fdbee5782deaa8ea3260d998a4e873fcfd5e6d8eef,interaction,0.01,206,full_posterior,1024,128,409600,interaction_1,33792,1,1.0,dynamics_h_0p01_stage_2,75855771a1231e62e6e66f10e2f0fc9a96b653fa2c1e6c16aa05920b18f8825c,shallow_m1024_r1,production_final
2,1024.0,shallow,final_geometry_v15_20260930,4327fe4ece9317f6fd20fad18389a71e9b1f423b,False,32,3973.647605430291,0.5153954762373122,0.5153954762373122,1ba5ed6b2d648eaf1fb0f8fdbee5782deaa8ea3260d998a4e873fcfd5e6d8eef,interaction,0.01,442,full_posterior,1024,128,409600,interaction_2,33792,1,1.0,dynamics_h_0p01_stage_2,75855771a1231e62e6e66f10e2f0fc9a96b653fa2c1e6c16aa05920b18f8825c,shallow_m1024_r1,production_final
2,1024.0,shallow,final_geometry_v15_20260930,4327fe4ece9317f6fd20fad18389a71e9b1f423b,False,32,4198.949114608191,0.4877410857099899,0.4877410857099899,1ba5ed6b2d648eaf1fb0f8fdbee5782deaa8ea3260d998a4e873fcfd5e6d8eef,interaction,0.01,694,full_posterior,1024,128,409600,interaction_3,33792,1,1.0,dynamics_h_0p01_stage_2,75855771a1231e62e6e66f10e2f0fc9a96b653fa2c1e6c16aa05920b18f8825c,shallow_m1024_r1,production_final
2,1024.0,shallow,final_geometry_v15_20260930,4327fe4ece9317f6fd20fad18389a71e9b1f423b,False,32,1964.7333932278607,1.0423806136034268,1.0423806136034268,1ba5ed6b2d648eaf1fb0f8fdbee5782deaa8ea3260d998a4e873fcfd5e6d8eef,control,0.01,954,full_posterior,1024,128,409600,q_A,33792,1,1.0,dynamics_h_0p01_stage_2,75855771a1231e62e6e66f10e2f0fc9a96b653fa2c1e6c16aa05920b18f8825c,shallow_m1024_r1,production_final
2,1024.0,shallow,final_geometry_v15_20260930,4327fe4ece9317f6fd20fad18389a71e9b1f423b,False,32,1886.831589483456,1.0854174858078702,1.0854174858078702,1ba5ed6b2d648eaf1fb0f8fdbee5782deaa8ea3260d998a4e873fcfd5e6d8eef,control,0.01,680,full_posterior,1024,128,409600,q_W,33792,1,1.0,dynamics_h_0p01_stage_2,75855771a1231e62e6e66f10e2f0fc9a96b653fa2c1e6c16aa05920b18f8825c,shallow_m1024_r1,production_final
2,1024.0,shallow,final_geometry_v15_20260930,4327fe4ece9317f6fd20fad18389a71e9b1f423b,False,32,4014.131006167545,0.5101975986467141,0.5101975986467141,1ba5ed6b2d648eaf1fb0f8fdbee5782deaa8ea3260d998a4e873fcfd5e6d8eef,control,0.01,262,full_posterior,1024,128,409600,U,33792,1,1.0,dynamics_h_0p01_stage_2,75855771a1231e62e6e66f10e2f0fc9a96b653fa2c1e6c16aa05920b18f8825c,shallow_m1024_r1,production_final
2,1024.0,shallow,final_geometry_v15_20260930,4327fe4ece9317f6fd20fad18389a71e9b1f423b,False,32,5443.8514904344465,0.3762042376796284,0.3762042376796284,44b83303b6b8bc34fe9e4b04e1e8cf3ff198871f508553998ed22b378ac85977,loss,0.02,140,full_posterior,1024,128,204800,V,33792,1,1.0,dynamics_h_0p02_stage_2,75855771a1231e62e6e66f10e2f0fc9a96b653fa2c1e6c16aa05920b18f8825c,shallow_m1024_r1,validation_or_superseded
2,1024.0,shallow,final_geometry_v15_20260930,4327fe4ece9317f6fd20fad18389a71e9b1f423b,False,32,5118.689068950738,0.40010244271778206,0.40010244271778206,44b83303b6b8bc34fe9e4b04e1e8cf3ff198871f508553998ed22b378ac85977,train_logit,0.02,108,full_posterior,1024,128,204800,train_logit_0,33792,1,1.0,dynamics_h_0p02_stage_2,75855771a1231e62e6e66f10e2f0fc9a96b653fa2c1e6c16aa05920b18f8825c,shallow_m1024_r1,validation_or_superseded
2,1024.0,shallow,final_geometry_v15_20260930,4327fe4ece9317f6fd20fad18389a71e9b1f423b,False,32,5196.149877736151,0.394137976807603,0.394137976807603,44b83303b6b8bc34fe9e4b04e1e8cf3ff198871f508553998ed22b378ac85977,train_logit,0.02,106,full_posterior,1024,128,204800,train_logit_16,33792,1,1.0,dynamics_h_0p02_stage_2,75855771a1231e62e6e66f10e2f0fc9a96b653fa2c1e6c16aa05920b18f8825c,shallow_m1024_r1,validation_or_superseded
2,1024.0,shallow,final_geometry_v15_20260930,4327fe4ece9317f6fd20fad18389a71e9b1f423b,False,32,4883.5206394392635,0.4193695801058713,0.4193695801058713,44b83303b6b8bc34fe9e4b04e1e8cf3ff198871f508553998ed22b378ac85977,train_logit,0.02,248,full_posterior,1024,128,204800,train_logit_32,33792,1,1.0,dynamics_h_0p02_stage_2,75855771a1231e62e6e66f10e2f0fc9a96b653fa2c1e6c16aa05920b18f8825c,shallow_m1024_r1,validation_or_superseded
2,1024.0,shallow,final_geometry_v15_20260930,4327fe4ece9317f6fd20fad18389a71e9b1f423b,False,32,4825.485076105345,0.4244132906225758,0.4244132906225758,44b83303b6b8bc34fe9e4b04e1e8cf3ff198871f508553998ed22b378ac85977,train_logit,0.02,174,full_posterior,1024,128,204800,train_logit_48,33792,1,1.0,dynamics_h_0p02_stage_2,75855771a1231e62e6e66f10e2f0fc9a96b653fa2c1e6c16aa05920b18f8825c,shallow_m1024_r1,validation_or_superseded
2,1024.0,shallow,final_geometry_v15_20260930,4327fe4ece9317f6fd20fad18389a71e9b1f423b,False,32,4934.729300884166,0.4150176990727851,0.4150176990727851,44b83303b6b8bc34fe9e4b04e1e8cf3ff198871f508553998ed22b378ac85977,train_logit,0.02,226,full_posterior,1024,128,204800,train_logit_64,33792,1,1.0,dynamics_h_0p02_stage_2,75855771a1231e62e6e66f10e2f0fc9a96b653fa2c1e6c16aa05920b18f8825c,shallow_m1024_r1,validation_or_superseded
2,1024.0,shallow,final_geometry_v15_20260930,4327fe4ece9317f6fd20fad18389a71e9b1f423b,False,32,5159.922109832907,0.3969052160879072,0.3969052160879072,44b83303b6b8bc34fe9e4b04e1e8cf3ff198871f508553998ed22b378ac85977,train_logit,0.02,212,full_posterior,1024,128,204800,train_logit_80,33792,1,1.0,dynamics_h_0p02_stage_2,75855771a1231e62e6e66f10e2f0fc9a96b653fa2c1e6c16aa05920b18f8825c,shallow_m1024_r1,validation_or_superseded
2,1024.0,shallow,final_geometry_v15_20260930,4327fe4ece9317f6fd20fad18389a71e9b1f423b,False,32,5193.773723033568,0.39431829517667333,0.39431829517667333,44b83303b6b8bc34fe9e4b04e1e8cf3ff198871f508553998ed22b378ac85977,train_logit,0.02,104,full_posterior,1024,128,204800,train_logit_96,33792,1,1.0,dynamics_h_0p02_stage_2,75855771a1231e62e6e66f10e2f0fc9a96b653fa2c1e6c16aa05920b18f8825c,shallow_m1024_r1,validation_or_superseded
2,1024.0,shallow,final_geometry_v15_20260930,4327fe4ece9317f6fd20fad18389a71e9b1f423b,False,32,5007.010129789264,0.4090265341816268,0.4090265341816268,44b83303b6b8bc34fe9e4b04e1e8cf3ff198871f508553998ed22b378ac85977,train_logit,0.02,134,full_posterior,1024,128,204800,train_logit_112,33792,1,1.0,dynamics_h_0p02_stage_2,75855771a1231e62e6e66f10e2f0fc9a96b653fa2c1e6c16aa05920b18f8825c,shallow_m1024_r1,validation_or_superseded
2,1024.0,shallow,final_geometry_v15_20260930,4327fe4ece9317f6fd20fad18389a71e9b1f423b,False,32,4391.183719008497,0.4663890492977201,0.4663890492977201,44b83303b6b8bc34fe9e4b04e1e8cf3ff198871f508553998ed22b378ac85977,test_probability,0.02,180,full_posterior,1024,128,204800,test_prob_0,33792,1,1.0,dynamics_h_0p02_stage_2,75855771a1231e62e6e66f10e2f0fc9a96b653fa2c1e6c16aa05920b18f8825c,shallow_m1024_r1,validation_or_superseded
2,1024.0,shallow,final_geometry_v15_20260930,4327fe4ece9317f6fd20fad18389a71e9b1f423b,False,32,4615.554509710518,0.44371699991653835,0.44371699991653835,44b83303b6b8bc34fe9e4b04e1e8cf3ff198871f508553998ed22b378ac85977,test_probability,0.02,166,full_posterior,1024,128,204800,test_prob_128,33792,1,1.0,dynamics_h_0p02_stage_2,75855771a1231e62e6e66f10e2f0fc9a96b653fa2c1e6c16aa05920b18f8825c,shallow_m1024_r1,validation_or_superseded
2,1024.0,shallow,final_geometry_v15_20260930,4327fe4ece9317f6fd20fad18389a71e9b1f423b,False,32,3921.216656876181,0.5222868765510983,0.5222868765510983,44b83303b6b8bc34fe9e4b04e1e8cf3ff198871f508553998ed22b378ac85977,test_probability,0.02,368,full_posterior,1024,128,204800,test_prob_256,33792,1,1.0,dynamics_h_0p02_stage_2,75855771a1231e62e6e66f10e2f0fc9a96b653fa2c1e6c16aa05920b18f8825c,shallow_m1024_r1,validation_or_superseded
2,1024.0,shallow,final_geometry_v15_20260930,4327fe4ece9317f6fd20fad18389a71e9b1f423b,False,32,4676.462277887786,0.4379378851581411,0.4379378851581411,44b83303b6b8bc34fe9e4b04e1e8cf3ff198871f508553998ed22b378ac85977,test_probability,0.02,224,full_posterior,1024,128,204800,test_prob_384,33792,1,1.0,dynamics_h_0p02_stage_2,75855771a1231e62e6e66f10e2f0fc9a96b653fa2c1e6c16aa05920b18f8825c,shallow_m1024_r1,validation_or_superseded
2,1024.0,shallow,final_geometry_v15_20260930,4327fe4ece9317f6fd20fad18389a71e9b1f423b,False,32,4077.8970117155072,0.5022196475576117,0.5022196475576117,44b83303b6b8bc34fe9e4b04e1e8cf3ff198871f508553998ed22b378ac85977,test_probability,0.02,190,full_posterior,1024,128,204800,test_prob_512,33792,1,1.0,dynamics_h_0p02_stage_2,75855771a1231e62e6e66f10e2f0fc9a96b653fa2c1e6c16aa05920b18f8825c,shallow_m1024_r1,validation_or_superseded
2,1024.0,shallow,final_geometry_v15_20260930,4327fe4ece9317f6fd20fad18389a71e9b1f423b,False,32,4174.31761462715,0.49061911168993005,0.49061911168993005,44b83303b6b8bc34fe9e4b04e1e8cf3ff198871f508553998ed22b378ac85977,test_probability,0.02,150,full_posterior,1024,128,204800,test_prob_640,33792,1,1.0,dynamics_h_0p02_stage_2,75855771a1231e62e6e66f10e2f0fc9a96b653fa2c1e6c16aa05920b18f8825c,shallow_m1024_r1,validation_or_superseded
2,1024.0,shallow,final_geometry_v15_20260930,4327fe4ece9317f6fd20fad18389a71e9b1f423b,False,32,4731.386299860607,0.4328541087546237,0.4328541087546237,44b83303b6b8bc34fe9e4b04e1e8cf3ff198871f508553998ed22b378ac85977,test_probability,0.02,166,full_posterior,1024,128,204800,test_prob_768,33792,1,1.0,dynamics_h_0p02_stage_2,75855771a1231e62e6e66f10e2f0fc9a96b653fa2c1e6c16aa05920b18f8825c,shallow_m1024_r1,validation_or_superseded
2,1024.0,shallow,final_geometry_v15_20260930,4327fe4ece9317f6fd20fad18389a71e9b1f423b,False,32,4543.1880588014465,0.45078477348795676,0.45078477348795676,44b83303b6b8bc34fe9e4b04e1e8cf3ff198871f508553998ed22b378ac85977,test_probability,0.02,254,full_posterior,1024,128,204800,test_prob_896,33792,1,1.0,dynamics_h_0p02_stage_2,75855771a1231e62e6e66f10e2f0fc9a96b653fa2c1e6c16aa05920b18f8825c,shallow_m1024_r1,validation_or_superseded
2,1024.0,shallow,final_geometry_v15_20260930,4327fe4ece9317f6fd20fad18389a71e9b1f423b,False,32,3686.374590940733,0.5555593848310915,0.5555593848310915,44b83303b6b8bc34fe9e4b04e1e8cf3ff198871f508553998ed22b378ac85977,interaction,0.02,208,full_posterior,1024,128,204800,interaction_0,33792,1,1.0,dynamics_h_0p02_stage_2,75855771a1231e62e6e66f10e2f0fc9a96b653fa2c1e6c16aa05920b18f8825c,shallow_m1024_r1,validation_or_superseded
2,1024.0,shallow,final_geometry_v15_20260930,4327fe4ece9317f6fd20fad18389a71e9b1f423b,False,32,4259.32901238057,0.4808269081930719,0.4808269081930719,44b83303b6b8bc34fe9e4b04e1e8cf3ff198871f508553998ed22b378ac85977,interaction,0.02,114,full_posterior,1024,128,204800,interaction_1,33792,1,1.0,dynamics_h_0p02_stage_2,75855771a1231e62e6e66f10e2f0fc9a96b653fa2c1e6c16aa05920b18f8825c,shallow_m1024_r1,validation_or_superseded
2,1024.0,shallow,final_geometry_v15_20260930,4327fe4ece9317f6fd20fad18389a71e9b1f423b,False,32,4263.631263209574,0.48034172600055186,0.48034172600055186,44b83303b6b8bc34fe9e4b04e1e8cf3ff198871f508553998ed22b378ac85977,interaction,0.02,144,full_posterior,1024,128,204800,interaction_2,33792,1,1.0,dynamics_h_0p02_stage_2,75855771a1231e62e6e66f10e2f0fc9a96b653fa2c1e6c16aa05920b18f8825c,shallow_m1024_r1,validation_or_superseded
2,1024.0,shallow,final_geometry_v15_20260930,4327fe4ece9317f6fd20fad18389a71e9b1f423b,False,32,4255.950573050927,0.4812085960227371,0.4812085960227371,44b83303b6b8bc34fe9e4b04e1e8cf3ff198871f508553998ed22b378ac85977,interaction,0.02,160,full_posterior,1024,128,204800,interaction_3,33792,1,1.0,dynamics_h_0p02_stage_2,75855771a1231e62e6e66f10e2f0fc9a96b653fa2c1e6c16aa05920b18f8825c,shallow_m1024_r1,validation_or_superseded
2,1024.0,shallow,final_geometry_v15_20260930,4327fe4ece9317f6fd20fad18389a71e9b1f423b,False,32,1782.1369882705735,1.1491821411480978,1.1491821411480978,44b83303b6b8bc34fe9e4b04e1e8cf3ff198871f508553998ed22b378ac85977,control,0.02,378,full_posterior,1024,128,204800,q_A,33792,1,1.0,dynamics_h_0p02_stage_2,75855771a1231e62e6e66f10e2f0fc9a96b653fa2c1e6c16aa05920b18f8825c,shallow_m1024_r1,validation_or_superseded
2,1024.0,shallow,final_geometry_v15_20260930,4327fe4ece9317f6fd20fad18389a71e9b1f423b,False,32,1997.1484173580577,1.0254620949549718,1.0254620949549718,44b83303b6b8bc34fe9e4b04e1e8cf3ff198871f508553998ed22b378ac85977,control,0.02,372,full_posterior,1024,128,204800,q_W,33792,1,1.0,dynamics_h_0p02_stage_2,75855771a1231e62e6e66f10e2f0fc9a96b653fa2c1e6c16aa05920b18f8825c,shallow_m1024_r1,validation_or_superseded
2,1024.0,shallow,final_geometry_v15_20260930,4327fe4ece9317f6fd20fad18389a71e9b1f423b,False,32,4027.3637164585393,0.5085212422286279,0.5085212422286279,44b83303b6b8bc34fe9e4b04e1e8cf3ff198871f508553998ed22b378ac85977,control,0.02,114,full_posterior,1024,128,204800,U,33792,1,1.0,dynamics_h_0p02_stage_2,75855771a1231e62e6e66f10e2f0fc9a96b653fa2c1e6c16aa05920b18f8825c,shallow_m1024_r1,validation_or_superseded
2,1024.0,shallow,final_geometry_v15_20260930,4327fe4ece9317f6fd20fad18389a71e9b1f423b,False,32,5564.9270916496,0.36801919706605096,0.36801919706605096,65c31b43cc8bbecafa99293d37af058acc314ea0328e19d56d42efd6354d837e,loss,0.01,276,full_posterior,1024,128,409600,V,33792,2,1.0,dynamics_h_0p01_stage_2,61fa5b97160a40ea4623d9b0909f5c6bd1efc198e054db5ea14dff80a68ca165,shallow_m1024_r2,production_final
2,1024.0,shallow,final_geometry_v15_20260930,4327fe4ece9317f6fd20fad18389a71e9b1f423b,False,32,4180.0821596186715,0.4899425230883091,0.4899425230883091,65c31b43cc8bbecafa99293d37af058acc314ea0328e19d56d42efd6354d837e,train_logit,0.01,570,full_posterior,1024,128,409600,train_logit_0,33792,2,1.0,dynamics_h_0p01_stage_2,61fa5b97160a40ea4623d9b0909f5c6bd1efc198e054db5ea14dff80a68ca165,shallow_m1024_r2,production_final
2,1024.0,shallow,final_geometry_v15_20260930,4327fe4ece9317f6fd20fad18389a71e9b1f423b,False,32,4583.139865033298,0.44685522596092986,0.44685522596092986,65c31b43cc8bbecafa99293d37af058acc314ea0328e19d56d42efd6354d837e,train_logit,0.01,550,full_posterior,1024,128,409600,train_logit_16,33792,2,1.0,dynamics_h_0p01_stage_2,61fa5b97160a40ea4623d9b0909f5c6bd1efc198e054db5ea14dff80a68ca165,shallow_m1024_r2,production_final
2,1024.0,shallow,final_geometry_v15_20260930,4327fe4ece9317f6fd20fad18389a71e9b1f423b,False,32,5590.933085960851,0.3663073709722343,0.3663073709722343,65c31b43cc8bbecafa99293d37af058acc314ea0328e19d56d42efd6354d837e,train_logit,0.01,194,full_posterior,1024,128,409600,train_logit_32,33792,2,1.0,dynamics_h_0p01_stage_2,61fa5b97160a40ea4623d9b0909f5c6bd1efc198e054db5ea14dff80a68ca165,shallow_m1024_r2,production_final
2,1024.0,shallow,final_geometry_v15_20260930,4327fe4ece9317f6fd20fad18389a71e9b1f423b,False,32,4369.296472116994,0.46872534584674486,0.46872534584674486,65c31b43cc8bbecafa99293d37af058acc314ea0328e19d56d42efd6354d837e,train_logit,0.01,530,full_posterior,1024,128,409600,train_logit_48,33792,2,1.0,dynamics_h_0p01_stage_2,61fa5b97160a40ea4623d9b0909f5c6bd1efc198e054db5ea14dff80a68ca165,shallow_m1024_r2,production_final
2,1024.0,shallow,final_geometry_v15_20260930,4327fe4ece9317f6fd20fad18389a71e9b1f423b,False,32,4911.540910457669,0.4169770826176754,0.4169770826176754,65c31b43cc8bbecafa99293d37af058acc314ea0328e19d56d42efd6354d837e,train_logit,0.01,350,full_posterior,1024,128,409600,train_logit_64,33792,2,1.0,dynamics_h_0p01_stage_2,61fa5b97160a40ea4623d9b0909f5c6bd1efc198e054db5ea14dff80a68ca165,shallow_m1024_r2,production_final
2,1024.0,shallow,final_geometry_v15_20260930,4327fe4ece9317f6fd20fad18389a71e9b1f423b,False,32,5121.637734668784,0.39987209289265435,0.39987209289265435,65c31b43cc8bbecafa99293d37af058acc314ea0328e19d56d42efd6354d837e,train_logit,0.01,242,full_posterior,1024,128,409600,train_logit_80,33792,2,1.0,dynamics_h_0p01_stage_2,61fa5b97160a40ea4623d9b0909f5c6bd1efc198e054db5ea14dff80a68ca165,shallow_m1024_r2,production_final
2,1024.0,shallow,final_geometry_v15_20260930,4327fe4ece9317f6fd20fad18389a71e9b1f423b,False,32,4886.1798795799705,0.41914134364125205,0.41914134364125205,65c31b43cc8bbecafa99293d37af058acc314ea0328e19d56d42efd6354d837e,train_logit,0.01,294,full_posterior,1024,128,409600,train_logit_96,33792,2,1.0,dynamics_h_0p01_stage_2,61fa5b97160a40ea4623d9b0909f5c6bd1efc198e054db5ea14dff80a68ca165,shallow_m1024_r2,production_final
2,1024.0,shallow,final_geometry_v15_20260930,4327fe4ece9317f6fd20fad18389a71e9b1f423b,False,32,5244.22227107465,0.3905250186087788,0.3905250186087788,65c31b43cc8bbecafa99293d37af058acc314ea0328e19d56d42efd6354d837e,train_logit,0.01,478,full_posterior,1024,128,409600,train_logit_112,33792,2,1.0,dynamics_h_0p01_stage_2,61fa5b97160a40ea4623d9b0909f5c6bd1efc198e054db5ea14dff80a68ca165,shallow_m1024_r2,production_final
2,1024.0,shallow,final_geometry_v15_20260930,4327fe4ece9317f6fd20fad18389a71e9b1f423b,False,32,4718.877313962086,0.434001535479728,0.434001535479728,65c31b43cc8bbecafa99293d37af058acc314ea0328e19d56d42efd6354d837e,test_probability,0.01,250,full_posterior,1024,128,409600,test_prob_0,33792,2,1.0,dynamics_h_0p01_stage_2,61fa5b97160a40ea4623d9b0909f5c6bd1efc198e054db5ea14dff80a68ca165,shallow_m1024_r2,production_final
2,1024.0,shallow,final_geometry_v15_20260930,4327fe4ece9317f6fd20fad18389a71e9b1f423b,False,32,4257.06441079959,0.48108269041090945,0.48108269041090945,65c31b43cc8bbecafa99293d37af058acc314ea0328e19d56d42efd6354d837e,test_probability,0.01,758,full_posterior,1024,128,409600,test_prob_128,33792,2,1.0,dynamics_h_0p01_stage_2,61fa5b97160a40ea4623d9b0909f5c6bd1efc198e054db5ea14dff80a68ca165,shallow_m1024_r2,production_final
2,1024.0,shallow,final_geometry_v15_20260930,4327fe4ece9317f6fd20fad18389a71e9b1f423b,False,32,4866.027247850825,0.42087721578306797,0.42087721578306797,65c31b43cc8bbecafa99293d37af058acc314ea0328e19d56d42efd6354d837e,test_probability,0.01,244,full_posterior,1024,128,409600,test_prob_256,33792,2,1.0,dynamics_h_0p01_stage_2,61fa5b97160a40ea4623d9b0909f5c6bd1efc198e054db5ea14dff80a68ca165,shallow_m1024_r2,production_final
2,1024.0,shallow,final_geometry_v15_20260930,4327fe4ece9317f6fd20fad18389a71e9b1f423b,False,32,4493.417606307317,0.4557778019842324,0.4557778019842324,65c31b43cc8bbecafa99293d37af058acc314ea0328e19d56d42efd6354d837e,test_probability,0.01,474,full_posterior,1024,128,409600,test_prob_384,33792,2,1.0,dynamics_h_0p01_stage_2,61fa5b97160a40ea4623d9b0909f5c6bd1efc198e054db5ea14dff80a68ca165,shallow_m1024_r2,production_final
2,1024.0,shallow,final_geometry_v15_20260930,4327fe4ece9317f6fd20fad18389a71e9b1f423b,False,32,4303.296638933049,0.4759142052795546,0.4759142052795546,65c31b43cc8bbecafa99293d37af058acc314ea0328e19d56d42efd6354d837e,test_probability,0.01,506,full_posterior,1024,128,409600,test_prob_512,33792,2,1.0,dynamics_h_0p01_stage_2,61fa5b97160a40ea4623d9b0909f5c6bd1efc198e054db5ea14dff80a68ca165,shallow_m1024_r2,production_final
2,1024.0,shallow,final_geometry_v15_20260930,4327fe4ece9317f6fd20fad18389a71e9b1f423b,False,32,4500.386197430114,0.4550720560758726,0.4550720560758726,65c31b43cc8bbecafa99293d37af058acc314ea0328e19d56d42efd6354d837e,test_probability,0.01,308,full_posterior,1024,128,409600,test_prob_640,33792,2,1.0,dynamics_h_0p01_stage_2,61fa5b97160a40ea4623d9b0909f5c6bd1efc198e054db5ea14dff80a68ca165,shallow_m1024_r2,production_final
2,1024.0,shallow,final_geometry_v15_20260930,4327fe4ece9317f6fd20fad18389a71e9b1f423b,False,32,4461.79845199117,0.45900773466942185,0.45900773466942185,65c31b43cc8bbecafa99293d37af058acc314ea0328e19d56d42efd6354d837e,test_probability,0.01,362,full_posterior,1024,128,409600,test_prob_768,33792,2,1.0,dynamics_h_0p01_stage_2,61fa5b97160a40ea4623d9b0909f5c6bd1efc198e054db5ea14dff80a68ca165,shallow_m1024_r2,production_final
2,1024.0,shallow,final_geometry_v15_20260930,4327fe4ece9317f6fd20fad18389a71e9b1f423b,False,32,4023.915404079688,0.5089570217911674,0.5089570217911674,65c31b43cc8bbecafa99293d37af058acc314ea0328e19d56d42efd6354d837e,test_probability,0.01,692,full_posterior,1024,128,409600,test_prob_896,33792,2,1.0,dynamics_h_0p01_stage_2,61fa5b97160a40ea4623d9b0909f5c6bd1efc198e054db5ea14dff80a68ca165,shallow_m1024_r2,production_final
2,1024.0,shallow,final_geometry_v15_20260930,4327fe4ece9317f6fd20fad18389a71e9b1f423b,False,32,4104.958320156066,0.49890884152074344,0.49890884152074344,65c31b43cc8bbecafa99293d37af058acc314ea0328e19d56d42efd6354d837e,interaction,0.01,250,full_posterior,1024,128,409600,interaction_0,33792,2,1.0,dynamics_h_0p01_stage_2,61fa5b97160a40ea4623d9b0909f5c6bd1efc198e054db5ea14dff80a68ca165,shallow_m1024_r2,production_final
2,1024.0,shallow,final_geometry_v15_20260930,4327fe4ece9317f6fd20fad18389a71e9b1f423b,False,32,3702.652714030613,0.5531169564564967,0.5531169564564967,65c31b43cc8bbecafa99293d37af058acc314ea0328e19d56d42efd6354d837e,interaction,0.01,610,full_posterior,1024,128,409600,interaction_1,33792,2,1.0,dynamics_h_0p01_stage_2,61fa5b97160a40ea4623d9b0909f5c6bd1efc198e054db5ea14dff80a68ca165,shallow_m1024_r2,production_final
2,1024.0,shallow,final_geometry_v15_20260930,4327fe4ece9317f6fd20fad18389a71e9b1f423b,False,32,4478.173583360925,0.45732930219800694,0.45732930219800694,65c31b43cc8bbecafa99293d37af058acc314ea0328e19d56d42efd6354d837e,interaction,0.01,226,full_posterior,1024,128,409600,interaction_2,33792,2,1.0,dynamics_h_0p01_stage_2,61fa5b97160a40ea4623d9b0909f5c6bd1efc198e054db5ea14dff80a68ca165,shallow_m1024_r2,production_final
2,1024.0,shallow,final_geometry_v15_20260930,4327fe4ece9317f6fd20fad18389a71e9b1f423b,False,32,4266.0486768313785,0.4800695339278591,0.4800695339278591,65c31b43cc8bbecafa99293d37af058acc314ea0328e19d56d42efd6354d837e,interaction,0.01,220,full_posterior,1024,128,409600,interaction_3,33792,2,1.0,dynamics_h_0p01_stage_2,61fa5b97160a40ea4623d9b0909f5c6bd1efc198e054db5ea14dff80a68ca165,shallow_m1024_r2,production_final
2,1024.0,shallow,final_geometry_v15_20260930,4327fe4ece9317f6fd20fad18389a71e9b1f423b,False,32,2039.349181314033,1.0042419506993858,1.0042419506993858,65c31b43cc8bbecafa99293d37af058acc314ea0328e19d56d42efd6354d837e,control,0.01,424,full_posterior,1024,128,409600,q_A,33792,2,1.0,dynamics_h_0p01_stage_2,61fa5b97160a40ea4623d9b0909f5c6bd1efc198e054db5ea14dff80a68ca165,shallow_m1024_r2,production_final
2,1024.0,shallow,final_geometry_v15_20260930,4327fe4ece9317f6fd20fad18389a71e9b1f423b,False,32,2036.6963588191948,1.0055499884073829,1.0055499884073829,65c31b43cc8bbecafa99293d37af058acc314ea0328e19d56d42efd6354d837e,control,0.01,658,full_posterior,1024,128,409600,q_W,33792,2,1.0,dynamics_h_0p01_stage_2,61fa5b97160a40ea4623d9b0909f5c6bd1efc198e054db5ea14dff80a68ca165,shallow_m1024_r2,production_final
2,1024.0,shallow,final_geometry_v15_20260930,4327fe4ece9317f6fd20fad18389a71e9b1f423b,False,32,3982.482865732748,0.5142520555761846,0.5142520555761846,65c31b43cc8bbecafa99293d37af058acc314ea0328e19d56d42efd6354d837e,control,0.01,270,full_posterior,1024,128,409600,U,33792,2,1.0,dynamics_h_0p01_stage_2,61fa5b97160a40ea4623d9b0909f5c6bd1efc198e054db5ea14dff80a68ca165,shallow_m1024_r2,production_final
2,1024.0,shallow,final_geometry_v15_20260930,4327fe4ece9317f6fd20fad18389a71e9b1f423b,False,32,5214.02303889668,0.39278691036113444,0.39278691036113444,3c33ab97068dd5945a282db5d37da09715405593a7f159763e25828fdf3e6101,loss,0.02,304,full_posterior,1024,128,204800,V,33792,2,1.0,dynamics_h_0p02_stage_2,61fa5b97160a40ea4623d9b0909f5c6bd1efc198e054db5ea14dff80a68ca165,shallow_m1024_r2,validation_or_superseded
2,1024.0,shallow,final_geometry_v15_20260930,4327fe4ece9317f6fd20fad18389a71e9b1f423b,False,32,4983.520076836413,0.41095449971580944,0.41095449971580944,3c33ab97068dd5945a282db5d37da09715405593a7f159763e25828fdf3e6101,train_logit,0.02,112,full_posterior,1024,128,204800,train_logit_0,33792,2,1.0,dynamics_h_0p02_stage_2,61fa5b97160a40ea4623d9b0909f5c6bd1efc198e054db5ea14dff80a68ca165,shallow_m1024_r2,validation_or_superseded
2,1024.0,shallow,final_geometry_v15_20260930,4327fe4ece9317f6fd20fad18389a71e9b1f423b,False,32,4852.695019281982,0.4220335281451558,0.4220335281451558,3c33ab97068dd5945a282db5d37da09715405593a7f159763e25828fdf3e6101,train_logit,0.02,228,full_posterior,1024,128,204800,train_logit_16,33792,2,1.0,dynamics_h_0p02_stage_2,61fa5b97160a40ea4623d9b0909f5c6bd1efc198e054db5ea14dff80a68ca165,shallow_m1024_r2,validation_or_superseded
2,1024.0,shallow,final_geometry_v15_20260930,4327fe4ece9317f6fd20fad18389a71e9b1f423b,False,32,5845.759289806662,0.35033943384756333,0.35033943384756333,3c33ab97068dd5945a282db5d37da09715405593a7f159763e25828fdf3e6101,train_logit,0.02,96,full_posterior,1024,128,204800,train_logit_32,33792,2,1.0,dynamics_h_0p02_stage_2,61fa5b97160a40ea4623d9b0909f5c6bd1efc198e054db5ea14dff80a68ca165,shallow_m1024_r2,validation_or_superseded
2,1024.0,shallow,final_geometry_v15_20260930,4327fe4ece9317f6fd20fad18389a71e9b1f423b,False,32,4593.925384207753,0.44580610887592564,0.44580610887592564,3c33ab97068dd5945a282db5d37da09715405593a7f159763e25828fdf3e6101,train_logit,0.02,128,full_posterior,1024,128,204800,train_logit_48,33792,2,1.0,dynamics_h_0p02_stage_2,61fa5b97160a40ea4623d9b0909f5c6bd1efc198e054db5ea14dff80a68ca165,shallow_m1024_r2,validation_or_superseded
2,1024.0,shallow,final_geometry_v15_20260930,4327fe4ece9317f6fd20fad18389a71e9b1f423b,False,32,4923.335527601909,0.41597814906544733,0.41597814906544733,3c33ab97068dd5945a282db5d37da09715405593a7f159763e25828fdf3e6101,train_logit,0.02,160,full_posterior,1024,128,204800,train_logit_64,33792,2,1.0,dynamics_h_0p02_stage_2,61fa5b97160a40ea4623d9b0909f5c6bd1efc198e054db5ea14dff80a68ca165,shallow_m1024_r2,validation_or_superseded
2,1024.0,shallow,final_geometry_v15_20260930,4327fe4ece9317f6fd20fad18389a71e9b1f423b,False,32,4792.382516858452,0.4273448525437249,0.4273448525437249,3c33ab97068dd5945a282db5d37da09715405593a7f159763e25828fdf3e6101,train_logit,0.02,148,full_posterior,1024,128,204800,train_logit_80,33792,2,1.0,dynamics_h_0p02_stage_2,61fa5b97160a40ea4623d9b0909f5c6bd1efc198e054db5ea14dff80a68ca165,shallow_m1024_r2,validation_or_superseded
2,1024.0,shallow,final_geometry_v15_20260930,4327fe4ece9317f6fd20fad18389a71e9b1f423b,False,32,5167.6887660291,0.39630869673556246,0.39630869673556246,3c33ab97068dd5945a282db5d37da09715405593a7f159763e25828fdf3e6101,train_logit,0.02,242,full_posterior,1024,128,204800,train_logit_96,33792,2,1.0,dynamics_h_0p02_stage_2,61fa5b97160a40ea4623d9b0909f5c6bd1efc198e054db5ea14dff80a68ca165,shallow_m1024_r2,validation_or_superseded
2,1024.0,shallow,final_geometry_v15_20260930,4327fe4ece9317f6fd20fad18389a71e9b1f423b,False,32,5416.968988957887,0.3780712062732324,0.3780712062732324,3c33ab97068dd5945a282db5d37da09715405593a7f159763e25828fdf3e6101,train_logit,0.02,156,full_posterior,1024,128,204800,train_logit_112,33792,2,1.0,dynamics_h_0p02_stage_2,61fa5b97160a40ea4623d9b0909f5c6bd1efc198e054db5ea14dff80a68ca165,shallow_m1024_r2,validation_or_superseded
2,1024.0,shallow,final_geometry_v15_20260930,4327fe4ece9317f6fd20fad18389a71e9b1f423b,False,32,4449.185696339798,0.4603089508457298,0.4603089508457298,3c33ab97068dd5945a282db5d37da09715405593a7f159763e25828fdf3e6101,test_probability,0.02,200,full_posterior,1024,128,204800,test_prob_0,33792,2,1.0,dynamics_h_0p02_stage_2,61fa5b97160a40ea4623d9b0909f5c6bd1efc198e054db5ea14dff80a68ca165,shallow_m1024_r2,validation_or_superseded
2,1024.0,shallow,final_geometry_v15_20260930,4327fe4ece9317f6fd20fad18389a71e9b1f423b,False,32,4845.440350904095,0.4226654032832889,0.4226654032832889,3c33ab97068dd5945a282db5d37da09715405593a7f159763e25828fdf3e6101,test_probability,0.02,274,full_posterior,1024,128,204800,test_prob_128,33792,2,1.0,dynamics_h_0p02_stage_2,61fa5b97160a40ea4623d9b0909f5c6bd1efc198e054db5ea14dff80a68ca165,shallow_m1024_r2,validation_or_superseded
2,1024.0,shallow,final_geometry_v15_20260930,4327fe4ece9317f6fd20fad18389a71e9b1f423b,False,32,4661.082875387643,0.43938287620120386,0.43938287620120386,3c33ab97068dd5945a282db5d37da09715405593a7f159763e25828fdf3e6101,test_probability,0.02,230,full_posterior,1024,128,204800,test_prob_256,33792,2,1.0,dynamics_h_0p02_stage_2,61fa5b97160a40ea4623d9b0909f5c6bd1efc198e054db5ea14dff80a68ca165,shallow_m1024_r2,validation_or_superseded
2,1024.0,shallow,final_geometry_v15_20260930,4327fe4ece9317f6fd20fad18389a71e9b1f423b,False,32,4463.051025883133,0.4588789122335318,0.4588789122335318,3c33ab97068dd5945a282db5d37da09715405593a7f159763e25828fdf3e6101,test_probability,0.02,200,full_posterior,1024,128,204800,test_prob_384,33792,2,1.0,dynamics_h_0p02_stage_2,61fa5b97160a40ea4623d9b0909f5c6bd1efc198e054db5ea14dff80a68ca165,shallow_m1024_r2,validation_or_superseded
2,1024.0,shallow,final_geometry_v15_20260930,4327fe4ece9317f6fd20fad18389a71e9b1f423b,False,32,4253.075614040713,0.4815338794445415,0.4815338794445415,3c33ab97068dd5945a282db5d37da09715405593a7f159763e25828fdf3e6101,test_probability,0.02,154,full_posterior,1024,128,204800,test_prob_512,33792,2,1.0,dynamics_h_0p02_stage_2,61fa5b97160a40ea4623d9b0909f5c6bd1efc198e054db5ea14dff80a68ca165,shallow_m1024_r2,validation_or_superseded
2,1024.0,shallow,final_geometry_v15_20260930,4327fe4ece9317f6fd20fad18389a71e9b1f423b,False,32,4375.498113390552,0.4680609948687682,0.4680609948687682,3c33ab97068dd5945a282db5d37da09715405593a7f159763e25828fdf3e6101,test_probability,0.02,228,full_posterior,1024,128,204800,test_prob_640,33792,2,1.0,dynamics_h_0p02_stage_2,61fa5b97160a40ea4623d9b0909f5c6bd1efc198e054db5ea14dff80a68ca165,shallow_m1024_r2,validation_or_superseded
2,1024.0,shallow,final_geometry_v15_20260930,4327fe4ece9317f6fd20fad18389a71e9b1f423b,False,32,4146.92269776798,0.49386018241967855,0.49386018241967855,3c33ab97068dd5945a282db5d37da09715405593a7f159763e25828fdf3e6101,test_probability,0.02,176,full_posterior,1024,128,204800,test_prob_768,33792,2,1.0,dynamics_h_0p02_stage_2,61fa5b97160a40ea4623d9b0909f5c6bd1efc198e054db5ea14dff80a68ca165,shallow_m1024_r2,validation_or_superseded
2,1024.0,shallow,final_geometry_v15_20260930,4327fe4ece9317f6fd20fad18389a71e9b1f423b,False,32,3842.510263676381,0.532984913367686,0.532984913367686,3c33ab97068dd5945a282db5d37da09715405593a7f159763e25828fdf3e6101,test_probability,0.02,236,full_posterior,1024,128,204800,test_prob_896,33792,2,1.0,dynamics_h_0p02_stage_2,61fa5b97160a40ea4623d9b0909f5c6bd1efc198e054db5ea14dff80a68ca165,shallow_m1024_r2,validation_or_superseded
2,1024.0,shallow,final_geometry_v15_20260930,4327fe4ece9317f6fd20fad18389a71e9b1f423b,False,32,4308.135954814237,0.4753796123150222,0.4753796123150222,3c33ab97068dd5945a282db5d37da09715405593a7f159763e25828fdf3e6101,interaction,0.02,110,full_posterior,1024,128,204800,interaction_0,33792,2,1.0,dynamics_h_0p02_stage_2,61fa5b97160a40ea4623d9b0909f5c6bd1efc198e054db5ea14dff80a68ca165,shallow_m1024_r2,validation_or_superseded
2,1024.0,shallow,final_geometry_v15_20260930,4327fe4ece9317f6fd20fad18389a71e9b1f423b,False,32,3677.790261332274,0.5568561158944706,0.5568561158944706,3c33ab97068dd5945a282db5d37da09715405593a7f159763e25828fdf3e6101,interaction,0.02,270,full_posterior,1024,128,204800,interaction_1,33792,2,1.0,dynamics_h_0p02_stage_2,61fa5b97160a40ea4623d9b0909f5c6bd1efc198e054db5ea14dff80a68ca165,shallow_m1024_r2,validation_or_superseded
2,1024.0,shallow,final_geometry_v15_20260930,4327fe4ece9317f6fd20fad18389a71e9b1f423b,False,32,4505.1233306202,0.45459354821215536,0.45459354821215536,3c33ab97068dd5945a282db5d37da09715405593a7f159763e25828fdf3e6101,interaction,0.02,98,full_posterior,1024,128,204800,interaction_2,33792,2,1.0,dynamics_h_0p02_stage_2,61fa5b97160a40ea4623d9b0909f5c6bd1efc198e054db5ea14dff80a68ca165,shallow_m1024_r2,validation_or_superseded
2,1024.0,shallow,final_geometry_v15_20260930,4327fe4ece9317f6fd20fad18389a71e9b1f423b,False,32,4113.331735897123,0.49789322415380843,0.49789322415380843,3c33ab97068dd5945a282db5d37da09715405593a7f159763e25828fdf3e6101,interaction,0.02,158,full_posterior,1024,128,204800,interaction_3,33792,2,1.0,dynamics_h_0p02_stage_2,61fa5b97160a40ea4623d9b0909f5c6bd1efc198e054db5ea14dff80a68ca165,shallow_m1024_r2,validation_or_superseded
2,1024.0,shallow,final_geometry_v15_20260930,4327fe4ece9317f6fd20fad18389a71e9b1f423b,False,32,1934.4323289165225,1.058708526209902,1.058708526209902,3c33ab97068dd5945a282db5d37da09715405593a7f159763e25828fdf3e6101,control,0.02,364,full_posterior,1024,128,204800,q_A,33792,2,1.0,dynamics_h_0p02_stage_2,61fa5b97160a40ea4623d9b0909f5c6bd1efc198e054db5ea14dff80a68ca165,shallow_m1024_r2,validation_or_superseded
2,1024.0,shallow,final_geometry_v15_20260930,4327fe4ece9317f6fd20fad18389a71e9b1f423b,False,32,1831.22900204314,1.1183745985428388,1.1183745985428388,3c33ab97068dd5945a282db5d37da09715405593a7f159763e25828fdf3e6101,control,0.02,806,full_posterior,1024,128,204800,q_W,33792,2,1.0,dynamics_h_0p02_stage_2,61fa5b97160a40ea4623d9b0909f5c6bd1efc198e054db5ea14dff80a68ca165,shallow_m1024_r2,validation_or_superseded
2,1024.0,shallow,final_geometry_v15_20260930,4327fe4ece9317f6fd20fad18389a71e9b1f423b,False,32,3695.0051621570096,0.5542617425747931,0.5542617425747931,3c33ab97068dd5945a282db5d37da09715405593a7f159763e25828fdf3e6101,control,0.02,174,full_posterior,1024,128,204800,U,33792,2,1.0,dynamics_h_0p02_stage_2,61fa5b97160a40ea4623d9b0909f5c6bd1efc198e054db5ea14dff80a68ca165,shallow_m1024_r2,validation_or_superseded
2,1024.0,shallow,final_geometry_v15_20260930,4327fe4ece9317f6fd20fad18389a71e9b1f423b,False,32,5773.471755924297,0.35472590610640786,0.35472590610640786,716f82a4d32f5766e4a42e897396d994db572eb1891080247638fa1c4a0c6777,loss,0.005,408,full_posterior,4096,128,819200,V,135168,0,1.0,dynamics_h_0p005_stage_2,8a6220ba8b63029337f3aba7bf23ad58f356eb9ebe1053d6e3e3fcf5e1c55e2a,shallow_m4096_r0,validation_or_superseded
2,1024.0,shallow,final_geometry_v15_20260930,4327fe4ece9317f6fd20fad18389a71e9b1f423b,False,32,4852.089382055202,0.4220862063205702,0.4220862063205702,716f82a4d32f5766e4a42e897396d994db572eb1891080247638fa1c4a0c6777,train_logit,0.005,1076,full_posterior,4096,128,819200,train_logit_0,135168,0,1.0,dynamics_h_0p005_stage_2,8a6220ba8b63029337f3aba7bf23ad58f356eb9ebe1053d6e3e3fcf5e1c55e2a,shallow_m4096_r0,validation_or_superseded
2,1024.0,shallow,final_geometry_v15_20260930,4327fe4ece9317f6fd20fad18389a71e9b1f423b,False,32,5131.8756693879695,0.39907436031945914,0.39907436031945914,716f82a4d32f5766e4a42e897396d994db572eb1891080247638fa1c4a0c6777,train_logit,0.005,852,full_posterior,4096,128,819200,train_logit_16,135168,0,1.0,dynamics_h_0p005_stage_2,8a6220ba8b63029337f3aba7bf23ad58f356eb9ebe1053d6e3e3fcf5e1c55e2a,shallow_m4096_r0,validation_or_superseded
2,1024.0,shallow,final_geometry_v15_20260930,4327fe4ece9317f6fd20fad18389a71e9b1f423b,False,32,4955.936887568275,0.41324174348089615,0.41324174348089615,716f82a4d32f5766e4a42e897396d994db572eb1891080247638fa1c4a0c6777,train_logit,0.005,432,full_posterior,4096,128,819200,train_logit_32,135168,0,1.0,dynamics_h_0p005_stage_2,8a6220ba8b63029337f3aba7bf23ad58f356eb9ebe1053d6e3e3fcf5e1c55e2a,shallow_m4096_r0,validation_or_superseded
2,1024.0,shallow,final_geometry_v15_20260930,4327fe4ece9317f6fd20fad18389a71e9b1f423b,False,32,5111.0919523522125,0.40069715416829377,0.40069715416829377,716f82a4d32f5766e4a42e897396d994db572eb1891080247638fa1c4a0c6777,train_logit,0.005,860,full_posterior,4096,128,819200,train_logit_48,135168,0,1.0,dynamics_h_0p005_stage_2,8a6220ba8b63029337f3aba7bf23ad58f356eb9ebe1053d6e3e3fcf5e1c55e2a,shallow_m4096_r0,validation_or_superseded
2,1024.0,shallow,final_geometry_v15_20260930,4327fe4ece9317f6fd20fad18389a71e9b1f423b,False,32,5098.5163538496145,0.4016854821802554,0.4016854821802554,716f82a4d32f5766e4a42e897396d994db572eb1891080247638fa1c4a0c6777,train_logit,0.005,688,full_posterior,4096,128,819200,train_logit_64,135168,0,1.0,dynamics_h_0p005_stage_2,8a6220ba8b63029337f3aba7bf23ad58f356eb9ebe1053d6e3e3fcf5e1c55e2a,shallow_m4096_r0,validation_or_superseded
2,1024.0,shallow,final_geometry_v15_20260930,4327fe4ece9317f6fd20fad18389a71e9b1f423b,False,32,5122.867451041443,0.39977610577912887,0.39977610577912887,716f82a4d32f5766e4a42e897396d994db572eb1891080247638fa1c4a0c6777,train_logit,0.005,490,full_posterior,4096,128,819200,train_logit_80,135168,0,1.0,dynamics_h_0p005_stage_2,8a6220ba8b63029337f3aba7bf23ad58f356eb9ebe1053d6e3e3fcf5e1c55e2a,shallow_m4096_r0,validation_or_superseded
2,1024.0,shallow,final_geometry_v15_20260930,4327fe4ece9317f6fd20fad18389a71e9b1f423b,False,32,5192.856896087235,0.3943879142025168,0.3943879142025168,716f82a4d32f5766e4a42e897396d994db572eb1891080247638fa1c4a0c6777,train_logit,0.005,804,full_posterior,4096,128,819200,train_logit_96,135168,0,1.0,dynamics_h_0p005_stage_2,8a6220ba8b63029337f3aba7bf23ad58f356eb9ebe1053d6e3e3fcf5e1c55e2a,shallow_m4096_r0,validation_or_superseded
2,1024.0,shallow,final_geometry_v15_20260930,4327fe4ece9317f6fd20fad18389a71e9b1f423b,False,32,5281.828246111321,0.3877445279497329,0.3877445279497329,716f82a4d32f5766e4a42e897396d994db572eb1891080247638fa1c4a0c6777,train_logit,0.005,762,full_posterior,4096,128,819200,train_logit_112,135168,0,1.0,dynamics_h_0p005_stage_2,8a6220ba8b63029337f3aba7bf23ad58f356eb9ebe1053d6e3e3fcf5e1c55e2a,shallow_m4096_r0,validation_or_superseded
2,1024.0,shallow,final_geometry_v15_20260930,4327fe4ece9317f6fd20fad18389a71e9b1f423b,False,32,4138.073357151123,0.4949163108625884,0.4949163108625884,716f82a4d32f5766e4a42e897396d994db572eb1891080247638fa1c4a0c6777,test_probability,0.005,1164,full_posterior,4096,128,819200,test_prob_0,135168,0,1.0,dynamics_h_0p005_stage_2,8a6220ba8b63029337f3aba7bf23ad58f356eb9ebe1053d6e3e3fcf5e1c55e2a,shallow_m4096_r0,validation_or_superseded
2,1024.0,shallow,final_geometry_v15_20260930,4327fe4ece9317f6fd20fad18389a71e9b1f423b,False,32,4471.088054864663,0.45805405191510856,0.45805405191510856,716f82a4d32f5766e4a42e897396d994db572eb1891080247638fa1c4a0c6777,test_probability,0.005,648,full_posterior,4096,128,819200,test_prob_128,135168,0,1.0,dynamics_h_0p005_stage_2,8a6220ba8b63029337f3aba7bf23ad58f356eb9ebe1053d6e3e3fcf5e1c55e2a,shallow_m4096_r0,validation_or_superseded
2,1024.0,shallow,final_geometry_v15_20260930,4327fe4ece9317f6fd20fad18389a71e9b1f423b,False,32,4497.340060640636,0.45538028532097863,0.45538028532097863,716f82a4d32f5766e4a42e897396d994db572eb1891080247638fa1c4a0c6777,test_probability,0.005,928,full_posterior,4096,128,819200,test_prob_256,135168,0,1.0,dynamics_h_0p005_stage_2,8a6220ba8b63029337f3aba7bf23ad58f356eb9ebe1053d6e3e3fcf5e1c55e2a,shallow_m4096_r0,validation_or_superseded
2,1024.0,shallow,final_geometry_v15_20260930,4327fe4ece9317f6fd20fad18389a71e9b1f423b,False,32,4245.75872557498,0.48236372633789976,0.48236372633789976,716f82a4d32f5766e4a42e897396d994db572eb1891080247638fa1c4a0c6777,test_probability,0.005,796,full_posterior,4096,128,819200,test_prob_384,135168,0,1.0,dynamics_h_0p005_stage_2,8a6220ba8b63029337f3aba7bf23ad58f356eb9ebe1053d6e3e3fcf5e1c55e2a,shallow_m4096_r0,validation_or_superseded
2,1024.0,shallow,final_geometry_v15_20260930,4327fe4ece9317f6fd20fad18389a71e9b1f423b,False,32,4579.930527000663,0.4471683550495271,0.4471683550495271,716f82a4d32f5766e4a42e897396d994db572eb1891080247638fa1c4a0c6777,test_probability,0.005,604,full_posterior,4096,128,819200,test_prob_512,135168,0,1.0,dynamics_h_0p005_stage_2,8a6220ba8b63029337f3aba7bf23ad58f356eb9ebe1053d6e3e3fcf5e1c55e2a,shallow_m4096_r0,validation_or_superseded
2,1024.0,shallow,final_geometry_v15_20260930,4327fe4ece9317f6fd20fad18389a71e9b1f423b,False,32,4797.8072304504985,0.42686166859765634,0.42686166859765634,716f82a4d32f5766e4a42e897396d994db572eb1891080247638fa1c4a0c6777,test_probability,0.005,712,full_posterior,4096,128,819200,test_prob_640,135168,0,1.0,dynamics_h_0p005_stage_2,8a6220ba8b63029337f3aba7bf23ad58f356eb9ebe1053d6e3e3fcf5e1c55e2a,shallow_m4096_r0,validation_or_superseded
2,1024.0,shallow,final_geometry_v15_20260930,4327fe4ece9317f6fd20fad18389a71e9b1f423b,False,32,3968.742350977224,0.5160324906190297,0.5160324906190297,716f82a4d32f5766e4a42e897396d994db572eb1891080247638fa1c4a0c6777,test_probability,0.005,1262,full_posterior,4096,128,819200,test_prob_768,135168,0,1.0,dynamics_h_0p005_stage_2,8a6220ba8b63029337f3aba7bf23ad58f356eb9ebe1053d6e3e3fcf5e1c55e2a,shallow_m4096_r0,validation_or_superseded
2,1024.0,shallow,final_geometry_v15_20260930,4327fe4ece9317f6fd20fad18389a71e9b1f423b,False,32,4099.217272118729,0.49960757482402657,0.49960757482402657,716f82a4d32f5766e4a42e897396d994db572eb1891080247638fa1c4a0c6777,test_probability,0.005,1002,full_posterior,4096,128,819200,test_prob_896,135168,0,1.0,dynamics_h_0p005_stage_2,8a6220ba8b63029337f3aba7bf23ad58f356eb9ebe1053d6e3e3fcf5e1c55e2a,shallow_m4096_r0,validation_or_superseded
2,1024.0,shallow,final_geometry_v15_20260930,4327fe4ece9317f6fd20fad18389a71e9b1f423b,False,32,4273.651874977606,0.4792154484999393,0.4792154484999393,716f82a4d32f5766e4a42e897396d994db572eb1891080247638fa1c4a0c6777,interaction,0.005,420,full_posterior,4096,128,819200,interaction_0,135168,0,1.0,dynamics_h_0p005_stage_2,8a6220ba8b63029337f3aba7bf23ad58f356eb9ebe1053d6e3e3fcf5e1c55e2a,shallow_m4096_r0,validation_or_superseded
2,1024.0,shallow,final_geometry_v15_20260930,4327fe4ece9317f6fd20fad18389a71e9b1f423b,False,32,4157.506792059978,0.49260292344230877,0.49260292344230877,716f82a4d32f5766e4a42e897396d994db572eb1891080247638fa1c4a0c6777,interaction,0.005,534,full_posterior,4096,128,819200,interaction_1,135168,0,1.0,dynamics_h_0p005_stage_2,8a6220ba8b63029337f3aba7bf23ad58f356eb9ebe1053d6e3e3fcf5e1c55e2a,shallow_m4096_r0,validation_or_superseded
2,1024.0,shallow,final_geometry_v15_20260930,4327fe4ece9317f6fd20fad18389a71e9b1f423b,False,32,4355.020540828293,0.47026184625308004,0.47026184625308004,716f82a4d32f5766e4a42e897396d994db572eb1891080247638fa1c4a0c6777,interaction,0.005,518,full_posterior,4096,128,819200,interaction_2,135168,0,1.0,dynamics_h_0p005_stage_2,8a6220ba8b63029337f3aba7bf23ad58f356eb9ebe1053d6e3e3fcf5e1c55e2a,shallow_m4096_r0,validation_or_superseded
2,1024.0,shallow,final_geometry_v15_20260930,4327fe4ece9317f6fd20fad18389a71e9b1f423b,False,32,4381.401620950988,0.4674303287347301,0.4674303287347301,716f82a4d32f5766e4a42e897396d994db572eb1891080247638fa1c4a0c6777,interaction,0.005,492,full_posterior,4096,128,819200,interaction_3,135168,0,1.0,dynamics_h_0p005_stage_2,8a6220ba8b63029337f3aba7bf23ad58f356eb9ebe1053d6e3e3fcf5e1c55e2a,shallow_m4096_r0,validation_or_superseded
2,1024.0,shallow,final_geometry_v15_20260930,4327fe4ece9317f6fd20fad18389a71e9b1f423b,False,32,2082.937974897165,0.9832265889247662,0.9832265889247662,716f82a4d32f5766e4a42e897396d994db572eb1891080247638fa1c4a0c6777,control,0.005,2010,full_posterior,4096,128,819200,q_A,135168,0,1.0,dynamics_h_0p005_stage_2,8a6220ba8b63029337f3aba7bf23ad58f356eb9ebe1053d6e3e3fcf5e1c55e2a,shallow_m4096_r0,validation_or_superseded
2,1024.0,shallow,final_geometry_v15_20260930,4327fe4ece9317f6fd20fad18389a71e9b1f423b,False,32,2106.622832050951,0.9721721272744978,0.9721721272744978,716f82a4d32f5766e4a42e897396d994db572eb1891080247638fa1c4a0c6777,control,0.005,2220,full_posterior,4096,128,819200,q_W,135168,0,1.0,dynamics_h_0p005_stage_2,8a6220ba8b63029337f3aba7bf23ad58f356eb9ebe1053d6e3e3fcf5e1c55e2a,shallow_m4096_r0,validation_or_superseded
2,1024.0,shallow,final_geometry_v15_20260930,4327fe4ece9317f6fd20fad18389a71e9b1f423b,False,32,4178.634195470464,0.4901122960751102,0.4901122960751102,716f82a4d32f5766e4a42e897396d994db572eb1891080247638fa1c4a0c6777,control,0.005,508,full_posterior,4096,128,819200,U,135168,0,1.0,dynamics_h_0p005_stage_2,8a6220ba8b63029337f3aba7bf23ad58f356eb9ebe1053d6e3e3fcf5e1c55e2a,shallow_m4096_r0,validation_or_superseded
2,1024.0,shallow,final_geometry_v15_20260930,4327fe4ece9317f6fd20fad18389a71e9b1f423b,False,32,5745.356636138787,0.3564617707311508,0.3564617707311508,5eeddbc393d63b7d3fbc867f539f2d7395eac85f469014fe61df0e7b731376b2,loss,0.01,370,full_posterior,4096,128,409600,V,135168,0,1.0,dynamics_h_0p01_stage_2,8a6220ba8b63029337f3aba7bf23ad58f356eb9ebe1053d6e3e3fcf5e1c55e2a,shallow_m4096_r0,production_final
2,1024.0,shallow,final_geometry_v15_20260930,4327fe4ece9317f6fd20fad18389a71e9b1f423b,False,32,4936.864884460183,0.4148381711734727,0.4148381711734727,5eeddbc393d63b7d3fbc867f539f2d7395eac85f469014fe61df0e7b731376b2,train_logit,0.01,222,full_posterior,4096,128,409600,train_logit_0,135168,0,1.0,dynamics_h_0p01_stage_2,8a6220ba8b63029337f3aba7bf23ad58f356eb9ebe1053d6e3e3fcf5e1c55e2a,shallow_m4096_r0,production_final
2,1024.0,shallow,final_geometry_v15_20260930,4327fe4ece9317f6fd20fad18389a71e9b1f423b,False,32,5031.721142269457,0.407017786179679,0.407017786179679,5eeddbc393d63b7d3fbc867f539f2d7395eac85f469014fe61df0e7b731376b2,train_logit,0.01,428,full_posterior,4096,128,409600,train_logit_16,135168,0,1.0,dynamics_h_0p01_stage_2,8a6220ba8b63029337f3aba7bf23ad58f356eb9ebe1053d6e3e3fcf5e1c55e2a,shallow_m4096_r0,production_final
2,1024.0,shallow,final_geometry_v15_20260930,4327fe4ece9317f6fd20fad18389a71e9b1f423b,False,32,4630.389396411092,0.44229541506538467,0.44229541506538467,5eeddbc393d63b7d3fbc867f539f2d7395eac85f469014fe61df0e7b731376b2,train_logit,0.01,336,full_posterior,4096,128,409600,train_logit_32,135168,0,1.0,dynamics_h_0p01_stage_2,8a6220ba8b63029337f3aba7bf23ad58f356eb9ebe1053d6e3e3fcf5e1c55e2a,shallow_m4096_r0,production_final
2,1024.0,shallow,final_geometry_v15_20260930,4327fe4ece9317f6fd20fad18389a71e9b1f423b,False,32,4953.265173769668,0.4134646396169773,0.4134646396169773,5eeddbc393d63b7d3fbc867f539f2d7395eac85f469014fe61df0e7b731376b2,train_logit,0.01,368,full_posterior,4096,128,409600,train_logit_48,135168,0,1.0,dynamics_h_0p01_stage_2,8a6220ba8b63029337f3aba7bf23ad58f356eb9ebe1053d6e3e3fcf5e1c55e2a,shallow_m4096_r0,production_final
2,1024.0,shallow,final_geometry_v15_20260930,4327fe4ece9317f6fd20fad18389a71e9b1f423b,False,32,5002.481523500656,0.4093968144367763,0.4093968144367763,5eeddbc393d63b7d3fbc867f539f2d7395eac85f469014fe61df0e7b731376b2,train_logit,0.01,340,full_posterior,4096,128,409600,train_logit_64,135168,0,1.0,dynamics_h_0p01_stage_2,8a6220ba8b63029337f3aba7bf23ad58f356eb9ebe1053d6e3e3fcf5e1c55e2a,shallow_m4096_r0,production_final
2,1024.0,shallow,final_geometry_v15_20260930,4327fe4ece9317f6fd20fad18389a71e9b1f423b,False,32,4506.52211300948,0.45445244661904804,0.45445244661904804,5eeddbc393d63b7d3fbc867f539f2d7395eac85f469014fe61df0e7b731376b2,train_logit,0.01,460,full_posterior,4096,128,409600,train_logit_80,135168,0,1.0,dynamics_h_0p01_stage_2,8a6220ba8b63029337f3aba7bf23ad58f356eb9ebe1053d6e3e3fcf5e1c55e2a,shallow_m4096_r0,production_final
2,1024.0,shallow,final_geometry_v15_20260930,4327fe4ece9317f6fd20fad18389a71e9b1f423b,False,32,4722.7884484711885,0.43364212103613425,0.43364212103613425,5eeddbc393d63b7d3fbc867f539f2d7395eac85f469014fe61df0e7b731376b2,train_logit,0.01,354,full_posterior,4096,128,409600,train_logit_96,135168,0,1.0,dynamics_h_0p01_stage_2,8a6220ba8b63029337f3aba7bf23ad58f356eb9ebe1053d6e3e3fcf5e1c55e2a,shallow_m4096_r0,production_final
2,1024.0,shallow,final_geometry_v15_20260930,4327fe4ece9317f6fd20fad18389a71e9b1f423b,False,32,5382.622263480374,0.38048369358836903,0.38048369358836903,5eeddbc393d63b7d3fbc867f539f2d7395eac85f469014fe61df0e7b731376b2,train_logit,0.01,606,full_posterior,4096,128,409600,train_logit_112,135168,0,1.0,dynamics_h_0p01_stage_2,8a6220ba8b63029337f3aba7bf23ad58f356eb9ebe1053d6e3e3fcf5e1c55e2a,shallow_m4096_r0,production_final
2,1024.0,shallow,final_geometry_v15_20260930,4327fe4ece9317f6fd20fad18389a71e9b1f423b,False,32,4392.126385703913,0.46628894985037483,0.46628894985037483,5eeddbc393d63b7d3fbc867f539f2d7395eac85f469014fe61df0e7b731376b2,test_probability,0.01,466,full_posterior,4096,128,409600,test_prob_0,135168,0,1.0,dynamics_h_0p01_stage_2,8a6220ba8b63029337f3aba7bf23ad58f356eb9ebe1053d6e3e3fcf5e1c55e2a,shallow_m4096_r0,production_final
2,1024.0,shallow,final_geometry_v15_20260930,4327fe4ece9317f6fd20fad18389a71e9b1f423b,False,32,4313.088825500973,0.47483371728661794,0.47483371728661794,5eeddbc393d63b7d3fbc867f539f2d7395eac85f469014fe61df0e7b731376b2,test_probability,0.01,396,full_posterior,4096,128,409600,test_prob_128,135168,0,1.0,dynamics_h_0p01_stage_2,8a6220ba8b63029337f3aba7bf23ad58f356eb9ebe1053d6e3e3fcf5e1c55e2a,shallow_m4096_r0,production_final
2,1024.0,shallow,final_geometry_v15_20260930,4327fe4ece9317f6fd20fad18389a71e9b1f423b,False,32,4215.963631661842,0.4857726913532987,0.4857726913532987,5eeddbc393d63b7d3fbc867f539f2d7395eac85f469014fe61df0e7b731376b2,test_probability,0.01,674,full_posterior,4096,128,409600,test_prob_256,135168,0,1.0,dynamics_h_0p01_stage_2,8a6220ba8b63029337f3aba7bf23ad58f356eb9ebe1053d6e3e3fcf5e1c55e2a,shallow_m4096_r0,production_final
2,1024.0,shallow,final_geometry_v15_20260930,4327fe4ece9317f6fd20fad18389a71e9b1f423b,False,32,4498.459517288143,0.45526696241886355,0.45526696241886355,5eeddbc393d63b7d3fbc867f539f2d7395eac85f469014fe61df0e7b731376b2,test_probability,0.01,252,full_posterior,4096,128,409600,test_prob_384,135168,0,1.0,dynamics_h_0p01_stage_2,8a6220ba8b63029337f3aba7bf23ad58f356eb9ebe1053d6e3e3fcf5e1c55e2a,shallow_m4096_r0,production_final
2,1024.0,shallow,final_geometry_v15_20260930,4327fe4ece9317f6fd20fad18389a71e9b1f423b,False,32,4208.2712780378515,0.48666064155324623,0.48666064155324623,5eeddbc393d63b7d3fbc867f539f2d7395eac85f469014fe61df0e7b731376b2,test_probability,0.01,482,full_posterior,4096,128,409600,test_prob_512,135168,0,1.0,dynamics_h_0p01_stage_2,8a6220ba8b63029337f3aba7bf23ad58f356eb9ebe1053d6e3e3fcf5e1c55e2a,shallow_m4096_r0,production_final
2,1024.0,shallow,final_geometry_v15_20260930,4327fe4ece9317f6fd20fad18389a71e9b1f423b,False,32,4797.879413024948,0.42685524659920226,0.42685524659920226,5eeddbc393d63b7d3fbc867f539f2d7395eac85f469014fe61df0e7b731376b2,test_probability,0.01,248,full_posterior,4096,128,409600,test_prob_640,135168,0,1.0,dynamics_h_0p01_stage_2,8a6220ba8b63029337f3aba7bf23ad58f356eb9ebe1053d6e3e3fcf5e1c55e2a,shallow_m4096_r0,production_final
2,1024.0,shallow,final_geometry_v15_20260930,4327fe4ece9317f6fd20fad18389a71e9b1f423b,False,32,4690.985654415961,0.4365820215357237,0.4365820215357237,5eeddbc393d63b7d3fbc867f539f2d7395eac85f469014fe61df0e7b731376b2,test_probability,0.01,560,full_posterior,4096,128,409600,test_prob_768,135168,0,1.0,dynamics_h_0p01_stage_2,8a6220ba8b63029337f3aba7bf23ad58f356eb9ebe1053d6e3e3fcf5e1c55e2a,shallow_m4096_r0,production_final
2,1024.0,shallow,final_geometry_v15_20260930,4327fe4ece9317f6fd20fad18389a71e9b1f423b,False,32,4816.710587336366,0.4251864343654787,0.4251864343654787,5eeddbc393d63b7d3fbc867f539f2d7395eac85f469014fe61df0e7b731376b2,test_probability,0.01,374,full_posterior,4096,128,409600,test_prob_896,135168,0,1.0,dynamics_h_0p01_stage_2,8a6220ba8b63029337f3aba7bf23ad58f356eb9ebe1053d6e3e3fcf5e1c55e2a,shallow_m4096_r0,production_final
2,1024.0,shallow,final_geometry_v15_20260930,4327fe4ece9317f6fd20fad18389a71e9b1f423b,False,32,4111.529372433121,0.49811148467803223,0.49811148467803223,5eeddbc393d63b7d3fbc867f539f2d7395eac85f469014fe61df0e7b731376b2,interaction,0.01,694,full_posterior,4096,128,409600,interaction_0,135168,0,1.0,dynamics_h_0p01_stage_2,8a6220ba8b63029337f3aba7bf23ad58f356eb9ebe1053d6e3e3fcf5e1c55e2a,shallow_m4096_r0,production_final
2,1024.0,shallow,final_geometry_v15_20260930,4327fe4ece9317f6fd20fad18389a71e9b1f423b,False,32,4185.665547648738,0.4892889736855461,0.4892889736855461,5eeddbc393d63b7d3fbc867f539f2d7395eac85f469014fe61df0e7b731376b2,interaction,0.01,308,full_posterior,4096,128,409600,interaction_1,135168,0,1.0,dynamics_h_0p01_stage_2,8a6220ba8b63029337f3aba7bf23ad58f356eb9ebe1053d6e3e3fcf5e1c55e2a,shallow_m4096_r0,production_final
2,1024.0,shallow,final_geometry_v15_20260930,4327fe4ece9317f6fd20fad18389a71e9b1f423b,False,32,4171.9749142832725,0.49089461036508597,0.49089461036508597,5eeddbc393d63b7d3fbc867f539f2d7395eac85f469014fe61df0e7b731376b2,interaction,0.01,638,full_posterior,4096,128,409600,interaction_2,135168,0,1.0,dynamics_h_0p01_stage_2,8a6220ba8b63029337f3aba7bf23ad58f356eb9ebe1053d6e3e3fcf5e1c55e2a,shallow_m4096_r0,production_final
2,1024.0,shallow,final_geometry_v15_20260930,4327fe4ece9317f6fd20fad18389a71e9b1f423b,False,32,4320.004059326069,0.47407362860661123,0.47407362860661123,5eeddbc393d63b7d3fbc867f539f2d7395eac85f469014fe61df0e7b731376b2,interaction,0.01,346,full_posterior,4096,128,409600,interaction_3,135168,0,1.0,dynamics_h_0p01_stage_2,8a6220ba8b63029337f3aba7bf23ad58f356eb9ebe1053d6e3e3fcf5e1c55e2a,shallow_m4096_r0,production_final
2,1024.0,shallow,final_geometry_v15_20260930,4327fe4ece9317f6fd20fad18389a71e9b1f423b,False,32,1725.270476021242,1.1870602485026147,1.1870602485026147,5eeddbc393d63b7d3fbc867f539f2d7395eac85f469014fe61df0e7b731376b2,control,0.01,1438,full_posterior,4096,128,409600,q_A,135168,0,1.0,dynamics_h_0p01_stage_2,8a6220ba8b63029337f3aba7bf23ad58f356eb9ebe1053d6e3e3fcf5e1c55e2a,shallow_m4096_r0,production_final
2,1024.0,shallow,final_geometry_v15_20260930,4327fe4ece9317f6fd20fad18389a71e9b1f423b,False,32,1994.0931518321165,1.0270332647792082,1.0270332647792082,5eeddbc393d63b7d3fbc867f539f2d7395eac85f469014fe61df0e7b731376b2,control,0.01,698,full_posterior,4096,128,409600,q_W,135168,0,1.0,dynamics_h_0p01_stage_2,8a6220ba8b63029337f3aba7bf23ad58f356eb9ebe1053d6e3e3fcf5e1c55e2a,shallow_m4096_r0,production_final
2,1024.0,shallow,final_geometry_v15_20260930,4327fe4ece9317f6fd20fad18389a71e9b1f423b,False,32,4145.468063387857,0.4940334767230809,0.4940334767230809,5eeddbc393d63b7d3fbc867f539f2d7395eac85f469014fe61df0e7b731376b2,control,0.01,338,full_posterior,4096,128,409600,U,135168,0,1.0,dynamics_h_0p01_stage_2,8a6220ba8b63029337f3aba7bf23ad58f356eb9ebe1053d6e3e3fcf5e1c55e2a,shallow_m4096_r0,production_final
2,1024.0,shallow,final_geometry_v15_20260930,4327fe4ece9317f6fd20fad18389a71e9b1f423b,False,32,5481.738900241236,0.3736040766023849,0.3736040766023849,988cad91d81cd602d1a7d2796f9ce0dc77f5f95c1ff606584500709b94575fe3,loss,0.02,252,full_posterior,4096,128,204800,V,135168,0,1.0,dynamics_h_0p02_stage_2,8a6220ba8b63029337f3aba7bf23ad58f356eb9ebe1053d6e3e3fcf5e1c55e2a,shallow_m4096_r0,validation_or_superseded
2,1024.0,shallow,final_geometry_v15_20260930,4327fe4ece9317f6fd20fad18389a71e9b1f423b,False,32,4910.720179398334,0.4170467722009204,0.4170467722009204,988cad91d81cd602d1a7d2796f9ce0dc77f5f95c1ff606584500709b94575fe3,train_logit,0.02,236,full_posterior,4096,128,204800,train_logit_0,135168,0,1.0,dynamics_h_0p02_stage_2,8a6220ba8b63029337f3aba7bf23ad58f356eb9ebe1053d6e3e3fcf5e1c55e2a,shallow_m4096_r0,validation_or_superseded
2,1024.0,shallow,final_geometry_v15_20260930,4327fe4ece9317f6fd20fad18389a71e9b1f423b,False,32,4506.376586608046,0.45446712245181703,0.45446712245181703,988cad91d81cd602d1a7d2796f9ce0dc77f5f95c1ff606584500709b94575fe3,train_logit,0.02,242,full_posterior,4096,128,204800,train_logit_16,135168,0,1.0,dynamics_h_0p02_stage_2,8a6220ba8b63029337f3aba7bf23ad58f356eb9ebe1053d6e3e3fcf5e1c55e2a,shallow_m4096_r0,validation_or_superseded
2,1024.0,shallow,final_geometry_v15_20260930,4327fe4ece9317f6fd20fad18389a71e9b1f423b,False,32,4815.032063993367,0.42533465463602393,0.42533465463602393,988cad91d81cd602d1a7d2796f9ce0dc77f5f95c1ff606584500709b94575fe3,train_logit,0.02,280,full_posterior,4096,128,204800,train_logit_32,135168,0,1.0,dynamics_h_0p02_stage_2,8a6220ba8b63029337f3aba7bf23ad58f356eb9ebe1053d6e3e3fcf5e1c55e2a,shallow_m4096_r0,validation_or_superseded
2,1024.0,shallow,final_geometry_v15_20260930,4327fe4ece9317f6fd20fad18389a71e9b1f423b,False,32,4925.744338154991,0.415774725483846,0.415774725483846,988cad91d81cd602d1a7d2796f9ce0dc77f5f95c1ff606584500709b94575fe3,train_logit,0.02,140,full_posterior,4096,128,204800,train_logit_48,135168,0,1.0,dynamics_h_0p02_stage_2,8a6220ba8b63029337f3aba7bf23ad58f356eb9ebe1053d6e3e3fcf5e1c55e2a,shallow_m4096_r0,validation_or_superseded
2,1024.0,shallow,final_geometry_v15_20260930,4327fe4ece9317f6fd20fad18389a71e9b1f423b,False,32,4646.912915106684,0.4407226985774022,0.4407226985774022,988cad91d81cd602d1a7d2796f9ce0dc77f5f95c1ff606584500709b94575fe3,train_logit,0.02,382,full_posterior,4096,128,204800,train_logit_64,135168,0,1.0,dynamics_h_0p02_stage_2,8a6220ba8b63029337f3aba7bf23ad58f356eb9ebe1053d6e3e3fcf5e1c55e2a,shallow_m4096_r0,validation_or_superseded
2,1024.0,shallow,final_geometry_v15_20260930,4327fe4ece9317f6fd20fad18389a71e9b1f423b,False,32,4837.905643880877,0.4233236757294698,0.4233236757294698,988cad91d81cd602d1a7d2796f9ce0dc77f5f95c1ff606584500709b94575fe3,train_logit,0.02,234,full_posterior,4096,128,204800,train_logit_80,135168,0,1.0,dynamics_h_0p02_stage_2,8a6220ba8b63029337f3aba7bf23ad58f356eb9ebe1053d6e3e3fcf5e1c55e2a,shallow_m4096_r0,validation_or_superseded
2,1024.0,shallow,final_geometry_v15_20260930,4327fe4ece9317f6fd20fad18389a71e9b1f423b,False,32,5242.265496513221,0.39067078944440775,0.39067078944440775,988cad91d81cd602d1a7d2796f9ce0dc77f5f95c1ff606584500709b94575fe3,train_logit,0.02,90,full_posterior,4096,128,204800,train_logit_96,135168,0,1.0,dynamics_h_0p02_stage_2,8a6220ba8b63029337f3aba7bf23ad58f356eb9ebe1053d6e3e3fcf5e1c55e2a,shallow_m4096_r0,validation_or_superseded
2,1024.0,shallow,final_geometry_v15_20260930,4327fe4ece9317f6fd20fad18389a71e9b1f423b,False,32,5621.622664495939,0.36430762472451245,0.36430762472451245,988cad91d81cd602d1a7d2796f9ce0dc77f5f95c1ff606584500709b94575fe3,train_logit,0.02,152,full_posterior,4096,128,204800,train_logit_112,135168,0,1.0,dynamics_h_0p02_stage_2,8a6220ba8b63029337f3aba7bf23ad58f356eb9ebe1053d6e3e3fcf5e1c55e2a,shallow_m4096_r0,validation_or_superseded
2,1024.0,shallow,final_geometry_v15_20260930,4327fe4ece9317f6fd20fad18389a71e9b1f423b,False,32,3989.8160429263967,0.513306873792071,0.513306873792071,988cad91d81cd602d1a7d2796f9ce0dc77f5f95c1ff606584500709b94575fe3,test_probability,0.02,230,full_posterior,4096,128,204800,test_prob_0,135168,0,1.0,dynamics_h_0p02_stage_2,8a6220ba8b63029337f3aba7bf23ad58f356eb9ebe1053d6e3e3fcf5e1c55e2a,shallow_m4096_r0,validation_or_superseded
2,1024.0,shallow,final_geometry_v15_20260930,4327fe4ece9317f6fd20fad18389a71e9b1f423b,False,32,4277.911907516044,0.47873823591406417,0.47873823591406417,988cad91d81cd602d1a7d2796f9ce0dc77f5f95c1ff606584500709b94575fe3,test_probability,0.02,330,full_posterior,4096,128,204800,test_prob_128,135168,0,1.0,dynamics_h_0p02_stage_2,8a6220ba8b63029337f3aba7bf23ad58f356eb9ebe1053d6e3e3fcf5e1c55e2a,shallow_m4096_r0,validation_or_superseded
2,1024.0,shallow,final_geometry_v15_20260930,4327fe4ece9317f6fd20fad18389a71e9b1f423b,False,32,4414.624656135963,0.46391259948984553,0.46391259948984553,988cad91d81cd602d1a7d2796f9ce0dc77f5f95c1ff606584500709b94575fe3,test_probability,0.02,156,full_posterior,4096,128,204800,test_prob_256,135168,0,1.0,dynamics_h_0p02_stage_2,8a6220ba8b63029337f3aba7bf23ad58f356eb9ebe1053d6e3e3fcf5e1c55e2a,shallow_m4096_r0,validation_or_superseded
2,1024.0,shallow,final_geometry_v15_20260930,4327fe4ece9317f6fd20fad18389a71e9b1f423b,False,32,4670.394258470155,0.43850687686286416,0.43850687686286416,988cad91d81cd602d1a7d2796f9ce0dc77f5f95c1ff606584500709b94575fe3,test_probability,0.02,166,full_posterior,4096,128,204800,test_prob_384,135168,0,1.0,dynamics_h_0p02_stage_2,8a6220ba8b63029337f3aba7bf23ad58f356eb9ebe1053d6e3e3fcf5e1c55e2a,shallow_m4096_r0,validation_or_superseded
2,1024.0,shallow,final_geometry_v15_20260930,4327fe4ece9317f6fd20fad18389a71e9b1f423b,False,32,4622.177782934392,0.4430811829786059,0.4430811829786059,988cad91d81cd602d1a7d2796f9ce0dc77f5f95c1ff606584500709b94575fe3,test_probability,0.02,188,full_posterior,4096,128,204800,test_prob_512,135168,0,1.0,dynamics_h_0p02_stage_2,8a6220ba8b63029337f3aba7bf23ad58f356eb9ebe1053d6e3e3fcf5e1c55e2a,shallow_m4096_r0,validation_or_superseded
2,1024.0,shallow,final_geometry_v15_20260930,4327fe4ece9317f6fd20fad18389a71e9b1f423b,False,32,5077.324549432803,0.4033620423631942,0.4033620423631942,988cad91d81cd602d1a7d2796f9ce0dc77f5f95c1ff606584500709b94575fe3,test_probability,0.02,148,full_posterior,4096,128,204800,test_prob_640,135168,0,1.0,dynamics_h_0p02_stage_2,8a6220ba8b63029337f3aba7bf23ad58f356eb9ebe1053d6e3e3fcf5e1c55e2a,shallow_m4096_r0,validation_or_superseded
2,1024.0,shallow,final_geometry_v15_20260930,4327fe4ece9317f6fd20fad18389a71e9b1f423b,False,32,3894.531267309129,0.525865594453177,0.525865594453177,988cad91d81cd602d1a7d2796f9ce0dc77f5f95c1ff606584500709b94575fe3,test_probability,0.02,252,full_posterior,4096,128,204800,test_prob_768,135168,0,1.0,dynamics_h_0p02_stage_2,8a6220ba8b63029337f3aba7bf23ad58f356eb9ebe1053d6e3e3fcf5e1c55e2a,shallow_m4096_r0,validation_or_superseded
2,1024.0,shallow,final_geometry_v15_20260930,4327fe4ece9317f6fd20fad18389a71e9b1f423b,False,32,4557.693898857287,0.44935005409500584,0.44935005409500584,988cad91d81cd602d1a7d2796f9ce0dc77f5f95c1ff606584500709b94575fe3,test_probability,0.02,160,full_posterior,4096,128,204800,test_prob_896,135168,0,1.0,dynamics_h_0p02_stage_2,8a6220ba8b63029337f3aba7bf23ad58f356eb9ebe1053d6e3e3fcf5e1c55e2a,shallow_m4096_r0,validation_or_superseded
2,1024.0,shallow,final_geometry_v15_20260930,4327fe4ece9317f6fd20fad18389a71e9b1f423b,False,32,3996.9409548070075,0.5123918574621245,0.5123918574621245,988cad91d81cd602d1a7d2796f9ce0dc77f5f95c1ff606584500709b94575fe3,interaction,0.02,306,full_posterior,4096,128,204800,interaction_0,135168,0,1.0,dynamics_h_0p02_stage_2,8a6220ba8b63029337f3aba7bf23ad58f356eb9ebe1053d6e3e3fcf5e1c55e2a,shallow_m4096_r0,validation_or_superseded
2,1024.0,shallow,final_geometry_v15_20260930,4327fe4ece9317f6fd20fad18389a71e9b1f423b,False,32,4080.8635216332377,0.5018545680695423,0.5018545680695423,988cad91d81cd602d1a7d2796f9ce0dc77f5f95c1ff606584500709b94575fe3,interaction,0.02,130,full_posterior,4096,128,204800,interaction_1,135168,0,1.0,dynamics_h_0p02_stage_2,8a6220ba8b63029337f3aba7bf23ad58f356eb9ebe1053d6e3e3fcf5e1c55e2a,shallow_m4096_r0,validation_or_superseded
2,1024.0,shallow,final_geometry_v15_20260930,4327fe4ece9317f6fd20fad18389a71e9b1f423b,False,32,4746.18226050281,0.4315047100157159,0.4315047100157159,988cad91d81cd602d1a7d2796f9ce0dc77f5f95c1ff606584500709b94575fe3,interaction,0.02,86,full_posterior,4096,128,204800,interaction_2,135168,0,1.0,dynamics_h_0p02_stage_2,8a6220ba8b63029337f3aba7bf23ad58f356eb9ebe1053d6e3e3fcf5e1c55e2a,shallow_m4096_r0,validation_or_superseded
2,1024.0,shallow,final_geometry_v15_20260930,4327fe4ece9317f6fd20fad18389a71e9b1f423b,False,32,4429.978699778579,0.4623047059125508,0.4623047059125508,988cad91d81cd602d1a7d2796f9ce0dc77f5f95c1ff606584500709b94575fe3,interaction,0.02,124,full_posterior,4096,128,204800,interaction_3,135168,0,1.0,dynamics_h_0p02_stage_2,8a6220ba8b63029337f3aba7bf23ad58f356eb9ebe1053d6e3e3fcf5e1c55e2a,shallow_m4096_r0,validation_or_superseded
2,1024.0,shallow,final_geometry_v15_20260930,4327fe4ece9317f6fd20fad18389a71e9b1f423b,False,32,2002.706928312223,1.022615925998692,1.022615925998692,988cad91d81cd602d1a7d2796f9ce0dc77f5f95c1ff606584500709b94575fe3,control,0.02,264,full_posterior,4096,128,204800,q_A,135168,0,1.0,dynamics_h_0p02_stage_2,8a6220ba8b63029337f3aba7bf23ad58f356eb9ebe1053d6e3e3fcf5e1c55e2a,shallow_m4096_r0,validation_or_superseded
2,1024.0,shallow,final_geometry_v15_20260930,4327fe4ece9317f6fd20fad18389a71e9b1f423b,False,32,1938.4500701106658,1.0565141870706425,1.0565141870706425,988cad91d81cd602d1a7d2796f9ce0dc77f5f95c1ff606584500709b94575fe3,control,0.02,294,full_posterior,4096,128,204800,q_W,135168,0,1.0,dynamics_h_0p02_stage_2,8a6220ba8b63029337f3aba7bf23ad58f356eb9ebe1053d6e3e3fcf5e1c55e2a,shallow_m4096_r0,validation_or_superseded
2,1024.0,shallow,final_geometry_v15_20260930,4327fe4ece9317f6fd20fad18389a71e9b1f423b,False,32,4121.716723811101,0.4968803382747612,0.4968803382747612,988cad91d81cd602d1a7d2796f9ce0dc77f5f95c1ff606584500709b94575fe3,control,0.02,124,full_posterior,4096,128,204800,U,135168,0,1.0,dynamics_h_0p02_stage_2,8a6220ba8b63029337f3aba7bf23ad58f356eb9ebe1053d6e3e3fcf5e1c55e2a,shallow_m4096_r0,validation_or_superseded
2,1024.0,shallow,final_geometry_v15_20260930,4327fe4ece9317f6fd20fad18389a71e9b1f423b,False,32,5317.5794356976585,0.38513764105741194,0.38513764105741194,7244aecffa509d1523ad6d9548c54524932aababceb94bfe08022223d9c87345,loss,0.005,1088,full_posterior,4096,128,819200,V,135168,1,1.0,dynamics_h_0p005_stage_2,2d18a154c082aebdf0c7dff9779adbab12358b1b72ad29a412f3643b39e3fb64,shallow_m4096_r1,validation_or_superseded
2,1024.0,shallow,final_geometry_v15_20260930,4327fe4ece9317f6fd20fad18389a71e9b1f423b,False,32,4992.585629434089,0.4102082872501761,0.4102082872501761,7244aecffa509d1523ad6d9548c54524932aababceb94bfe08022223d9c87345,train_logit,0.005,548,full_posterior,4096,128,819200,train_logit_0,135168,1,1.0,dynamics_h_0p005_stage_2,2d18a154c082aebdf0c7dff9779adbab12358b1b72ad29a412f3643b39e3fb64,shallow_m4096_r1,validation_or_superseded
2,1024.0,shallow,final_geometry_v15_20260930,4327fe4ece9317f6fd20fad18389a71e9b1f423b,False,32,5030.086996365968,0.4071500157908991,0.4071500157908991,7244aecffa509d1523ad6d9548c54524932aababceb94bfe08022223d9c87345,train_logit,0.005,768,full_posterior,4096,128,819200,train_logit_16,135168,1,1.0,dynamics_h_0p005_stage_2,2d18a154c082aebdf0c7dff9779adbab12358b1b72ad29a412f3643b39e3fb64,shallow_m4096_r1,validation_or_superseded
2,1024.0,shallow,final_geometry_v15_20260930,4327fe4ece9317f6fd20fad18389a71e9b1f423b,False,32,4809.79905345212,0.42579741424542394,0.42579741424542394,7244aecffa509d1523ad6d9548c54524932aababceb94bfe08022223d9c87345,train_logit,0.005,968,full_posterior,4096,128,819200,train_logit_32,135168,1,1.0,dynamics_h_0p005_stage_2,2d18a154c082aebdf0c7dff9779adbab12358b1b72ad29a412f3643b39e3fb64,shallow_m4096_r1,validation_or_superseded
2,1024.0,shallow,final_geometry_v15_20260930,4327fe4ece9317f6fd20fad18389a71e9b1f423b,False,32,4884.264578929103,0.41930570445244664,0.41930570445244664,7244aecffa509d1523ad6d9548c54524932aababceb94bfe08022223d9c87345,train_logit,0.005,502,full_posterior,4096,128,819200,train_logit_48,135168,1,1.0,dynamics_h_0p005_stage_2,2d18a154c082aebdf0c7dff9779adbab12358b1b72ad29a412f3643b39e3fb64,shallow_m4096_r1,validation_or_superseded
2,1024.0,shallow,final_geometry_v15_20260930,4327fe4ece9317f6fd20fad18389a71e9b1f423b,False,32,5064.176993346125,0.4044092461007759,0.4044092461007759,7244aecffa509d1523ad6d9548c54524932aababceb94bfe08022223d9c87345,train_logit,0.005,540,full_posterior,4096,128,819200,train_logit_64,135168,1,1.0,dynamics_h_0p005_stage_2,2d18a154c082aebdf0c7dff9779adbab12358b1b72ad29a412f3643b39e3fb64,shallow_m4096_r1,validation_or_superseded
2,1024.0,shallow,final_geometry_v15_20260930,4327fe4ece9317f6fd20fad18389a71e9b1f423b,False,32,5017.762386113917,0.4081500562217943,0.4081500562217943,7244aecffa509d1523ad6d9548c54524932aababceb94bfe08022223d9c87345,train_logit,0.005,608,full_posterior,4096,128,819200,train_logit_80,135168,1,1.0,dynamics_h_0p005_stage_2,2d18a154c082aebdf0c7dff9779adbab12358b1b72ad29a412f3643b39e3fb64,shallow_m4096_r1,validation_or_superseded
2,1024.0,shallow,final_geometry_v15_20260930,4327fe4ece9317f6fd20fad18389a71e9b1f423b,False,32,4682.12448073028,0.437408276612195,0.437408276612195,7244aecffa509d1523ad6d9548c54524932aababceb94bfe08022223d9c87345,train_logit,0.005,678,full_posterior,4096,128,819200,train_logit_96,135168,1,1.0,dynamics_h_0p005_stage_2,2d18a154c082aebdf0c7dff9779adbab12358b1b72ad29a412f3643b39e3fb64,shallow_m4096_r1,validation_or_superseded
2,1024.0,shallow,final_geometry_v15_20260930,4327fe4ece9317f6fd20fad18389a71e9b1f423b,False,32,5217.832435395632,0.3925001473997534,0.3925001473997534,7244aecffa509d1523ad6d9548c54524932aababceb94bfe08022223d9c87345,train_logit,0.005,450,full_posterior,4096,128,819200,train_logit_112,135168,1,1.0,dynamics_h_0p005_stage_2,2d18a154c082aebdf0c7dff9779adbab12358b1b72ad29a412f3643b39e3fb64,shallow_m4096_r1,validation_or_superseded
2,1024.0,shallow,final_geometry_v15_20260930,4327fe4ece9317f6fd20fad18389a71e9b1f423b,False,32,4512.634651745119,0.4538368731463781,0.4538368731463781,7244aecffa509d1523ad6d9548c54524932aababceb94bfe08022223d9c87345,test_probability,0.005,504,full_posterior,4096,128,819200,test_prob_0,135168,1,1.0,dynamics_h_0p005_stage_2,2d18a154c082aebdf0c7dff9779adbab12358b1b72ad29a412f3643b39e3fb64,shallow_m4096_r1,validation_or_superseded
2,1024.0,shallow,final_geometry_v15_20260930,4327fe4ece9317f6fd20fad18389a71e9b1f423b,False,32,4650.028755048838,0.4404273839761428,0.4404273839761428,7244aecffa509d1523ad6d9548c54524932aababceb94bfe08022223d9c87345,test_probability,0.005,752,full_posterior,4096,128,819200,test_prob_128,135168,1,1.0,dynamics_h_0p005_stage_2,2d18a154c082aebdf0c7dff9779adbab12358b1b72ad29a412f3643b39e3fb64,shallow_m4096_r1,validation_or_superseded
2,1024.0,shallow,final_geometry_v15_20260930,4327fe4ece9317f6fd20fad18389a71e9b1f423b,False,32,4191.598021994602,0.4885964706666801,0.4885964706666801,7244aecffa509d1523ad6d9548c54524932aababceb94bfe08022223d9c87345,test_probability,0.005,884,full_posterior,4096,128,819200,test_prob_256,135168,1,1.0,dynamics_h_0p005_stage_2,2d18a154c082aebdf0c7dff9779adbab12358b1b72ad29a412f3643b39e3fb64,shallow_m4096_r1,validation_or_superseded
2,1024.0,shallow,final_geometry_v15_20260930,4327fe4ece9317f6fd20fad18389a71e9b1f423b,False,32,5348.245285136399,0.3829293330453091,0.3829293330453091,7244aecffa509d1523ad6d9548c54524932aababceb94bfe08022223d9c87345,test_probability,0.005,494,full_posterior,4096,128,819200,test_prob_384,135168,1,1.0,dynamics_h_0p005_stage_2,2d18a154c082aebdf0c7dff9779adbab12358b1b72ad29a412f3643b39e3fb64,shallow_m4096_r1,validation_or_superseded
2,1024.0,shallow,final_geometry_v15_20260930,4327fe4ece9317f6fd20fad18389a71e9b1f423b,False,32,4529.750588524721,0.4521220230509438,0.4521220230509438,7244aecffa509d1523ad6d9548c54524932aababceb94bfe08022223d9c87345,test_probability,0.005,638,full_posterior,4096,128,819200,test_prob_512,135168,1,1.0,dynamics_h_0p005_stage_2,2d18a154c082aebdf0c7dff9779adbab12358b1b72ad29a412f3643b39e3fb64,shallow_m4096_r1,validation_or_superseded
2,1024.0,shallow,final_geometry_v15_20260930,4327fe4ece9317f6fd20fad18389a71e9b1f423b,False,32,4006.920083106166,0.511115759117509,0.511115759117509,7244aecffa509d1523ad6d9548c54524932aababceb94bfe08022223d9c87345,test_probability,0.005,812,full_posterior,4096,128,819200,test_prob_640,135168,1,1.0,dynamics_h_0p005_stage_2,2d18a154c082aebdf0c7dff9779adbab12358b1b72ad29a412f3643b39e3fb64,shallow_m4096_r1,validation_or_superseded
2,1024.0,shallow,final_geometry_v15_20260930,4327fe4ece9317f6fd20fad18389a71e9b1f423b,False,32,4631.727296906056,0.4421676555457058,0.4421676555457058,7244aecffa509d1523ad6d9548c54524932aababceb94bfe08022223d9c87345,test_probability,0.005,798,full_posterior,4096,128,819200,test_prob_768,135168,1,1.0,dynamics_h_0p005_stage_2,2d18a154c082aebdf0c7dff9779adbab12358b1b72ad29a412f3643b39e3fb64,shallow_m4096_r1,validation_or_superseded
2,1024.0,shallow,final_geometry_v15_20260930,4327fe4ece9317f6fd20fad18389a71e9b1f423b,False,32,4155.9172035436995,0.4927913381560382,0.4927913381560382,7244aecffa509d1523ad6d9548c54524932aababceb94bfe08022223d9c87345,test_probability,0.005,976,full_posterior,4096,128,819200,test_prob_896,135168,1,1.0,dynamics_h_0p005_stage_2,2d18a154c082aebdf0c7dff9779adbab12358b1b72ad29a412f3643b39e3fb64,shallow_m4096_r1,validation_or_superseded
2,1024.0,shallow,final_geometry_v15_20260930,4327fe4ece9317f6fd20fad18389a71e9b1f423b,False,32,4113.719153265354,0.4978463341072653,0.4978463341072653,7244aecffa509d1523ad6d9548c54524932aababceb94bfe08022223d9c87345,interaction,0.005,428,full_posterior,4096,128,819200,interaction_0,135168,1,1.0,dynamics_h_0p005_stage_2,2d18a154c082aebdf0c7dff9779adbab12358b1b72ad29a412f3643b39e3fb64,shallow_m4096_r1,validation_or_superseded
2,1024.0,shallow,final_geometry_v15_20260930,4327fe4ece9317f6fd20fad18389a71e9b1f423b,False,32,4330.929712639072,0.47287768121086454,0.47287768121086454,7244aecffa509d1523ad6d9548c54524932aababceb94bfe08022223d9c87345,interaction,0.005,452,full_posterior,4096,128,819200,interaction_1,135168,1,1.0,dynamics_h_0p005_stage_2,2d18a154c082aebdf0c7dff9779adbab12358b1b72ad29a412f3643b39e3fb64,shallow_m4096_r1,validation_or_superseded
2,1024.0,shallow,final_geometry_v15_20260930,4327fe4ece9317f6fd20fad18389a71e9b1f423b,False,32,3924.3801394536003,0.5218658558100713,0.5218658558100713,7244aecffa509d1523ad6d9548c54524932aababceb94bfe08022223d9c87345,interaction,0.005,888,full_posterior,4096,128,819200,interaction_2,135168,1,1.0,dynamics_h_0p005_stage_2,2d18a154c082aebdf0c7dff9779adbab12358b1b72ad29a412f3643b39e3fb64,shallow_m4096_r1,validation_or_superseded
2,1024.0,shallow,final_geometry_v15_20260930,4327fe4ece9317f6fd20fad18389a71e9b1f423b,False,32,4381.387909526795,0.46743179154415276,0.46743179154415276,7244aecffa509d1523ad6d9548c54524932aababceb94bfe08022223d9c87345,interaction,0.005,982,full_posterior,4096,128,819200,interaction_3,135168,1,1.0,dynamics_h_0p005_stage_2,2d18a154c082aebdf0c7dff9779adbab12358b1b72ad29a412f3643b39e3fb64,shallow_m4096_r1,validation_or_superseded
2,1024.0,shallow,final_geometry_v15_20260930,4327fe4ece9317f6fd20fad18389a71e9b1f423b,False,32,1895.8727900400145,1.0802412539275774,1.0802412539275774,7244aecffa509d1523ad6d9548c54524932aababceb94bfe08022223d9c87345,control,0.005,1330,full_posterior,4096,128,819200,q_A,135168,1,1.0,dynamics_h_0p005_stage_2,2d18a154c082aebdf0c7dff9779adbab12358b1b72ad29a412f3643b39e3fb64,shallow_m4096_r1,validation_or_superseded
2,1024.0,shallow,final_geometry_v15_20260930,4327fe4ece9317f6fd20fad18389a71e9b1f423b,False,32,1968.7416003245437,1.040258406518352,1.040258406518352,7244aecffa509d1523ad6d9548c54524932aababceb94bfe08022223d9c87345,control,0.005,1238,full_posterior,4096,128,819200,q_W,135168,1,1.0,dynamics_h_0p005_stage_2,2d18a154c082aebdf0c7dff9779adbab12358b1b72ad29a412f3643b39e3fb64,shallow_m4096_r1,validation_or_superseded
2,1024.0,shallow,final_geometry_v15_20260930,4327fe4ece9317f6fd20fad18389a71e9b1f423b,False,32,4543.806984757452,0.4507233707043835,0.4507233707043835,7244aecffa509d1523ad6d9548c54524932aababceb94bfe08022223d9c87345,control,0.005,370,full_posterior,4096,128,819200,U,135168,1,1.0,dynamics_h_0p005_stage_2,2d18a154c082aebdf0c7dff9779adbab12358b1b72ad29a412f3643b39e3fb64,shallow_m4096_r1,validation_or_superseded
2,1024.0,shallow,final_geometry_v15_20260930,4327fe4ece9317f6fd20fad18389a71e9b1f423b,False,32,5248.565547261087,0.39020185259355844,0.39020185259355844,e1a2e3725fcaa0ece76a02838c95541351514212e35ba5d0f08f00275fab5647,loss,0.01,348,full_posterior,4096,128,409600,V,135168,1,1.0,dynamics_h_0p01_stage_2,2d18a154c082aebdf0c7dff9779adbab12358b1b72ad29a412f3643b39e3fb64,shallow_m4096_r1,production_final
2,1024.0,shallow,final_geometry_v15_20260930,4327fe4ece9317f6fd20fad18389a71e9b1f423b,False,32,5332.408740172092,0.3840665822503894,0.3840665822503894,e1a2e3725fcaa0ece76a02838c95541351514212e35ba5d0f08f00275fab5647,train_logit,0.01,238,full_posterior,4096,128,409600,train_logit_0,135168,1,1.0,dynamics_h_0p01_stage_2,2d18a154c082aebdf0c7dff9779adbab12358b1b72ad29a412f3643b39e3fb64,shallow_m4096_r1,production_final
2,1024.0,shallow,final_geometry_v15_20260930,4327fe4ece9317f6fd20fad18389a71e9b1f423b,False,32,5080.304678989526,0.40312542837634446,0.40312542837634446,e1a2e3725fcaa0ece76a02838c95541351514212e35ba5d0f08f00275fab5647,train_logit,0.01,324,full_posterior,4096,128,409600,train_logit_16,135168,1,1.0,dynamics_h_0p01_stage_2,2d18a154c082aebdf0c7dff9779adbab12358b1b72ad29a412f3643b39e3fb64,shallow_m4096_r1,production_final
2,1024.0,shallow,final_geometry_v15_20260930,4327fe4ece9317f6fd20fad18389a71e9b1f423b,False,32,5325.740355536291,0.3845474738307573,0.3845474738307573,e1a2e3725fcaa0ece76a02838c95541351514212e35ba5d0f08f00275fab5647,train_logit,0.01,250,full_posterior,4096,128,409600,train_logit_32,135168,1,1.0,dynamics_h_0p01_stage_2,2d18a154c082aebdf0c7dff9779adbab12358b1b72ad29a412f3643b39e3fb64,shallow_m4096_r1,production_final
2,1024.0,shallow,final_geometry_v15_20260930,4327fe4ece9317f6fd20fad18389a71e9b1f423b,False,32,5081.88947171793,0.40299971327547873,0.40299971327547873,e1a2e3725fcaa0ece76a02838c95541351514212e35ba5d0f08f00275fab5647,train_logit,0.01,204,full_posterior,4096,128,409600,train_logit_48,135168,1,1.0,dynamics_h_0p01_stage_2,2d18a154c082aebdf0c7dff9779adbab12358b1b72ad29a412f3643b39e3fb64,shallow_m4096_r1,production_final
2,1024.0,shallow,final_geometry_v15_20260930,4327fe4ece9317f6fd20fad18389a71e9b1f423b,False,32,4710.7937133982105,0.43474627092567825,0.43474627092567825,e1a2e3725fcaa0ece76a02838c95541351514212e35ba5d0f08f00275fab5647,train_logit,0.01,260,full_posterior,4096,128,409600,train_logit_64,135168,1,1.0,dynamics_h_0p01_stage_2,2d18a154c082aebdf0c7dff9779adbab12358b1b72ad29a412f3643b39e3fb64,shallow_m4096_r1,production_final
2,1024.0,shallow,final_geometry_v15_20260930,4327fe4ece9317f6fd20fad18389a71e9b1f423b,False,32,5057.521616949559,0.4049414229167942,0.4049414229167942,e1a2e3725fcaa0ece76a02838c95541351514212e35ba5d0f08f00275fab5647,train_logit,0.01,286,full_posterior,4096,128,409600,train_logit_80,135168,1,1.0,dynamics_h_0p01_stage_2,2d18a154c082aebdf0c7dff9779adbab12358b1b72ad29a412f3643b39e3fb64,shallow_m4096_r1,production_final
2,1024.0,shallow,final_geometry_v15_20260930,4327fe4ece9317f6fd20fad18389a71e9b1f423b,False,32,4596.6681676281905,0.4455401010721068,0.4455401010721068,e1a2e3725fcaa0ece76a02838c95541351514212e35ba5d0f08f00275fab5647,train_logit,0.01,348,full_posterior,4096,128,409600,train_logit_96,135168,1,1.0,dynamics_h_0p01_stage_2,2d18a154c082aebdf0c7dff9779adbab12358b1b72ad29a412f3643b39e3fb64,shallow_m4096_r1,production_final
2,1024.0,shallow,final_geometry_v15_20260930,4327fe4ece9317f6fd20fad18389a71e9b1f423b,False,32,4637.825911163848,0.4415862171691694,0.4415862171691694,e1a2e3725fcaa0ece76a02838c95541351514212e35ba5d0f08f00275fab5647,train_logit,0.01,510,full_posterior,4096,128,409600,train_logit_112,135168,1,1.0,dynamics_h_0p01_stage_2,2d18a154c082aebdf0c7dff9779adbab12358b1b72ad29a412f3643b39e3fb64,shallow_m4096_r1,production_final
2,1024.0,shallow,final_geometry_v15_20260930,4327fe4ece9317f6fd20fad18389a71e9b1f423b,False,32,4565.934821871758,0.448539035246334,0.448539035246334,e1a2e3725fcaa0ece76a02838c95541351514212e35ba5d0f08f00275fab5647,test_probability,0.01,236,full_posterior,4096,128,409600,test_prob_0,135168,1,1.0,dynamics_h_0p01_stage_2,2d18a154c082aebdf0c7dff9779adbab12358b1b72ad29a412f3643b39e3fb64,shallow_m4096_r1,production_final
2,1024.0,shallow,final_geometry_v15_20260930,4327fe4ece9317f6fd20fad18389a71e9b1f423b,False,32,4806.823827480131,0.4260609653076506,0.4260609653076506,e1a2e3725fcaa0ece76a02838c95541351514212e35ba5d0f08f00275fab5647,test_probability,0.01,246,full_posterior,4096,128,409600,test_prob_128,135168,1,1.0,dynamics_h_0p01_stage_2,2d18a154c082aebdf0c7dff9779adbab12358b1b72ad29a412f3643b39e3fb64,shallow_m4096_r1,production_final
2,1024.0,shallow,final_geometry_v15_20260930,4327fe4ece9317f6fd20fad18389a71e9b1f423b,False,32,4640.5724981191115,0.4413248582648117,0.4413248582648117,e1a2e3725fcaa0ece76a02838c95541351514212e35ba5d0f08f00275fab5647,test_probability,0.01,236,full_posterior,4096,128,409600,test_prob_256,135168,1,1.0,dynamics_h_0p01_stage_2,2d18a154c082aebdf0c7dff9779adbab12358b1b72ad29a412f3643b39e3fb64,shallow_m4096_r1,production_final
2,1024.0,shallow,final_geometry_v15_20260930,4327fe4ece9317f6fd20fad18389a71e9b1f423b,False,32,4900.101073691845,0.41795056248849805,0.41795056248849805,e1a2e3725fcaa0ece76a02838c95541351514212e35ba5d0f08f00275fab5647,test_probability,0.01,306,full_posterior,4096,128,409600,test_prob_384,135168,1,1.0,dynamics_h_0p01_stage_2,2d18a154c082aebdf0c7dff9779adbab12358b1b72ad29a412f3643b39e3fb64,shallow_m4096_r1,production_final
2,1024.0,shallow,final_geometry_v15_20260930,4327fe4ece9317f6fd20fad18389a71e9b1f423b,False,32,4219.793134497405,0.48533184796603196,0.48533184796603196,e1a2e3725fcaa0ece76a02838c95541351514212e35ba5d0f08f00275fab5647,test_probability,0.01,450,full_posterior,4096,128,409600,test_prob_512,135168,1,1.0,dynamics_h_0p01_stage_2,2d18a154c082aebdf0c7dff9779adbab12358b1b72ad29a412f3643b39e3fb64,shallow_m4096_r1,production_final
2,1024.0,shallow,final_geometry_v15_20260930,4327fe4ece9317f6fd20fad18389a71e9b1f423b,False,32,4183.736465456019,0.48951458030633205,0.48951458030633205,e1a2e3725fcaa0ece76a02838c95541351514212e35ba5d0f08f00275fab5647,test_probability,0.01,330,full_posterior,4096,128,409600,test_prob_640,135168,1,1.0,dynamics_h_0p01_stage_2,2d18a154c082aebdf0c7dff9779adbab12358b1b72ad29a412f3643b39e3fb64,shallow_m4096_r1,production_final
2,1024.0,shallow,final_geometry_v15_20260930,4327fe4ece9317f6fd20fad18389a71e9b1f423b,False,32,4326.440842501362,0.4733683123275839,0.4733683123275839,e1a2e3725fcaa0ece76a02838c95541351514212e35ba5d0f08f00275fab5647,test_probability,0.01,474,full_posterior,4096,128,409600,test_prob_768,135168,1,1.0,dynamics_h_0p01_stage_2,2d18a154c082aebdf0c7dff9779adbab12358b1b72ad29a412f3643b39e3fb64,shallow_m4096_r1,production_final
2,1024.0,shallow,final_geometry_v15_20260930,4327fe4ece9317f6fd20fad18389a71e9b1f423b,False,32,4211.06933197647,0.4863372788589945,0.4863372788589945,e1a2e3725fcaa0ece76a02838c95541351514212e35ba5d0f08f00275fab5647,test_probability,0.01,482,full_posterior,4096,128,409600,test_prob_896,135168,1,1.0,dynamics_h_0p01_stage_2,2d18a154c082aebdf0c7dff9779adbab12358b1b72ad29a412f3643b39e3fb64,shallow_m4096_r1,production_final
2,1024.0,shallow,final_geometry_v15_20260930,4327fe4ece9317f6fd20fad18389a71e9b1f423b,False,32,4433.87880875109,0.4618980554808779,0.4618980554808779,e1a2e3725fcaa0ece76a02838c95541351514212e35ba5d0f08f00275fab5647,interaction,0.01,316,full_posterior,4096,128,409600,interaction_0,135168,1,1.0,dynamics_h_0p01_stage_2,2d18a154c082aebdf0c7dff9779adbab12358b1b72ad29a412f3643b39e3fb64,shallow_m4096_r1,production_final
2,1024.0,shallow,final_geometry_v15_20260930,4327fe4ece9317f6fd20fad18389a71e9b1f423b,False,32,4442.346168779138,0.4610176519770946,0.4610176519770946,e1a2e3725fcaa0ece76a02838c95541351514212e35ba5d0f08f00275fab5647,interaction,0.01,228,full_posterior,4096,128,409600,interaction_1,135168,1,1.0,dynamics_h_0p01_stage_2,2d18a154c082aebdf0c7dff9779adbab12358b1b72ad29a412f3643b39e3fb64,shallow_m4096_r1,production_final
2,1024.0,shallow,final_geometry_v15_20260930,4327fe4ece9317f6fd20fad18389a71e9b1f423b,False,32,4190.0117646285535,0.4887814438348137,0.4887814438348137,e1a2e3725fcaa0ece76a02838c95541351514212e35ba5d0f08f00275fab5647,interaction,0.01,490,full_posterior,4096,128,409600,interaction_2,135168,1,1.0,dynamics_h_0p01_stage_2,2d18a154c082aebdf0c7dff9779adbab12358b1b72ad29a412f3643b39e3fb64,shallow_m4096_r1,production_final
2,1024.0,shallow,final_geometry_v15_20260930,4327fe4ece9317f6fd20fad18389a71e9b1f423b,False,32,4371.525966864541,0.4684862941507172,0.4684862941507172,e1a2e3725fcaa0ece76a02838c95541351514212e35ba5d0f08f00275fab5647,interaction,0.01,214,full_posterior,4096,128,409600,interaction_3,135168,1,1.0,dynamics_h_0p01_stage_2,2d18a154c082aebdf0c7dff9779adbab12358b1b72ad29a412f3643b39e3fb64,shallow_m4096_r1,production_final
2,1024.0,shallow,final_geometry_v15_20260930,4327fe4ece9317f6fd20fad18389a71e9b1f423b,False,32,2070.8673256809316,0.988957609501414,0.988957609501414,e1a2e3725fcaa0ece76a02838c95541351514212e35ba5d0f08f00275fab5647,control,0.01,420,full_posterior,4096,128,409600,q_A,135168,1,1.0,dynamics_h_0p01_stage_2,2d18a154c082aebdf0c7dff9779adbab12358b1b72ad29a412f3643b39e3fb64,shallow_m4096_r1,production_final
2,1024.0,shallow,final_geometry_v15_20260930,4327fe4ece9317f6fd20fad18389a71e9b1f423b,False,32,2202.27917364241,0.9299456783277646,0.9299456783277646,e1a2e3725fcaa0ece76a02838c95541351514212e35ba5d0f08f00275fab5647,control,0.01,404,full_posterior,4096,128,409600,q_W,135168,1,1.0,dynamics_h_0p01_stage_2,2d18a154c082aebdf0c7dff9779adbab12358b1b72ad29a412f3643b39e3fb64,shallow_m4096_r1,production_final
2,1024.0,shallow,final_geometry_v15_20260930,4327fe4ece9317f6fd20fad18389a71e9b1f423b,False,32,3870.0978311932754,0.5291855889256774,0.5291855889256774,e1a2e3725fcaa0ece76a02838c95541351514212e35ba5d0f08f00275fab5647,control,0.01,296,full_posterior,4096,128,409600,U,135168,1,1.0,dynamics_h_0p01_stage_2,2d18a154c082aebdf0c7dff9779adbab12358b1b72ad29a412f3643b39e3fb64,shallow_m4096_r1,production_final
2,1024.0,shallow,final_geometry_v15_20260930,4327fe4ece9317f6fd20fad18389a71e9b1f423b,False,32,5241.032438408155,0.39076270259110124,0.39076270259110124,200718884598203961bbe0b2a41eba08a7468d8b52e7977617445fdba9c96451,loss,0.02,152,full_posterior,4096,128,204800,V,135168,1,1.0,dynamics_h_0p02_stage_2,2d18a154c082aebdf0c7dff9779adbab12358b1b72ad29a412f3643b39e3fb64,shallow_m4096_r1,validation_or_superseded
2,1024.0,shallow,final_geometry_v15_20260930,4327fe4ece9317f6fd20fad18389a71e9b1f423b,False,32,4738.100565996641,0.43224071998336977,0.43224071998336977,200718884598203961bbe0b2a41eba08a7468d8b52e7977617445fdba9c96451,train_logit,0.02,152,full_posterior,4096,128,204800,train_logit_0,135168,1,1.0,dynamics_h_0p02_stage_2,2d18a154c082aebdf0c7dff9779adbab12358b1b72ad29a412f3643b39e3fb64,shallow_m4096_r1,validation_or_superseded
2,1024.0,shallow,final_geometry_v15_20260930,4327fe4ece9317f6fd20fad18389a71e9b1f423b,False,32,4878.808259651731,0.4197746439304001,0.4197746439304001,200718884598203961bbe0b2a41eba08a7468d8b52e7977617445fdba9c96451,train_logit,0.02,308,full_posterior,4096,128,204800,train_logit_16,135168,1,1.0,dynamics_h_0p02_stage_2,2d18a154c082aebdf0c7dff9779adbab12358b1b72ad29a412f3643b39e3fb64,shallow_m4096_r1,validation_or_superseded
2,1024.0,shallow,final_geometry_v15_20260930,4327fe4ece9317f6fd20fad18389a71e9b1f423b,False,32,4458.554005457918,0.45934175014880396,0.45934175014880396,200718884598203961bbe0b2a41eba08a7468d8b52e7977617445fdba9c96451,train_logit,0.02,276,full_posterior,4096,128,204800,train_logit_32,135168,1,1.0,dynamics_h_0p02_stage_2,2d18a154c082aebdf0c7dff9779adbab12358b1b72ad29a412f3643b39e3fb64,shallow_m4096_r1,validation_or_superseded
2,1024.0,shallow,final_geometry_v15_20260930,4327fe4ece9317f6fd20fad18389a71e9b1f423b,False,32,4788.569501071952,0.42768513635262934,0.42768513635262934,200718884598203961bbe0b2a41eba08a7468d8b52e7977617445fdba9c96451,train_logit,0.02,126,full_posterior,4096,128,204800,train_logit_48,135168,1,1.0,dynamics_h_0p02_stage_2,2d18a154c082aebdf0c7dff9779adbab12358b1b72ad29a412f3643b39e3fb64,shallow_m4096_r1,validation_or_superseded
2,1024.0,shallow,final_geometry_v15_20260930,4327fe4ece9317f6fd20fad18389a71e9b1f423b,False,32,5149.72785856325,0.39769091809278295,0.39769091809278295,200718884598203961bbe0b2a41eba08a7468d8b52e7977617445fdba9c96451,train_logit,0.02,106,full_posterior,4096,128,204800,train_logit_64,135168,1,1.0,dynamics_h_0p02_stage_2,2d18a154c082aebdf0c7dff9779adbab12358b1b72ad29a412f3643b39e3fb64,shallow_m4096_r1,validation_or_superseded
2,1024.0,shallow,final_geometry_v15_20260930,4327fe4ece9317f6fd20fad18389a71e9b1f423b,False,32,4859.178714598179,0.4214704007175739,0.4214704007175739,200718884598203961bbe0b2a41eba08a7468d8b52e7977617445fdba9c96451,train_logit,0.02,220,full_posterior,4096,128,204800,train_logit_80,135168,1,1.0,dynamics_h_0p02_stage_2,2d18a154c082aebdf0c7dff9779adbab12358b1b72ad29a412f3643b39e3fb64,shallow_m4096_r1,validation_or_superseded
2,1024.0,shallow,final_geometry_v15_20260930,4327fe4ece9317f6fd20fad18389a71e9b1f423b,False,32,4705.746445523418,0.43521256908099354,0.43521256908099354,200718884598203961bbe0b2a41eba08a7468d8b52e7977617445fdba9c96451,train_logit,0.02,220,full_posterior,4096,128,204800,train_logit_96,135168,1,1.0,dynamics_h_0p02_stage_2,2d18a154c082aebdf0c7dff9779adbab12358b1b72ad29a412f3643b39e3fb64,shallow_m4096_r1,validation_or_superseded
2,1024.0,shallow,final_geometry_v15_20260930,4327fe4ece9317f6fd20fad18389a71e9b1f423b,False,32,4600.2852685569715,0.44518978290283756,0.44518978290283756,200718884598203961bbe0b2a41eba08a7468d8b52e7977617445fdba9c96451,train_logit,0.02,200,full_posterior,4096,128,204800,train_logit_112,135168,1,1.0,dynamics_h_0p02_stage_2,2d18a154c082aebdf0c7dff9779adbab12358b1b72ad29a412f3643b39e3fb64,shallow_m4096_r1,validation_or_superseded
2,1024.0,shallow,final_geometry_v15_20260930,4327fe4ece9317f6fd20fad18389a71e9b1f423b,False,32,4232.893691860089,0.48382977440192537,0.48382977440192537,200718884598203961bbe0b2a41eba08a7468d8b52e7977617445fdba9c96451,test_probability,0.02,404,full_posterior,4096,128,204800,test_prob_0,135168,1,1.0,dynamics_h_0p02_stage_2,2d18a154c082aebdf0c7dff9779adbab12358b1b72ad29a412f3643b39e3fb64,shallow_m4096_r1,validation_or_superseded
2,1024.0,shallow,final_geometry_v15_20260930,4327fe4ece9317f6fd20fad18389a71e9b1f423b,False,32,5060.248844526339,0.40472317921979617,0.40472317921979617,200718884598203961bbe0b2a41eba08a7468d8b52e7977617445fdba9c96451,test_probability,0.02,242,full_posterior,4096,128,204800,test_prob_128,135168,1,1.0,dynamics_h_0p02_stage_2,2d18a154c082aebdf0c7dff9779adbab12358b1b72ad29a412f3643b39e3fb64,shallow_m4096_r1,validation_or_superseded
2,1024.0,shallow,final_geometry_v15_20260930,4327fe4ece9317f6fd20fad18389a71e9b1f423b,False,32,4327.858291958986,0.47321327590718815,0.47321327590718815,200718884598203961bbe0b2a41eba08a7468d8b52e7977617445fdba9c96451,test_probability,0.02,242,full_posterior,4096,128,204800,test_prob_256,135168,1,1.0,dynamics_h_0p02_stage_2,2d18a154c082aebdf0c7dff9779adbab12358b1b72ad29a412f3643b39e3fb64,shallow_m4096_r1,validation_or_superseded
2,1024.0,shallow,final_geometry_v15_20260930,4327fe4ece9317f6fd20fad18389a71e9b1f423b,False,32,4967.708344097306,0.4122625279387547,0.4122625279387547,200718884598203961bbe0b2a41eba08a7468d8b52e7977617445fdba9c96451,test_probability,0.02,124,full_posterior,4096,128,204800,test_prob_384,135168,1,1.0,dynamics_h_0p02_stage_2,2d18a154c082aebdf0c7dff9779adbab12358b1b72ad29a412f3643b39e3fb64,shallow_m4096_r1,validation_or_superseded
2,1024.0,shallow,final_geometry_v15_20260930,4327fe4ece9317f6fd20fad18389a71e9b1f423b,False,32,3860.1125620021785,0.5305544766129139,0.5305544766129139,200718884598203961bbe0b2a41eba08a7468d8b52e7977617445fdba9c96451,test_probability,0.02,778,full_posterior,4096,128,204800,test_prob_512,135168,1,1.0,dynamics_h_0p02_stage_2,2d18a154c082aebdf0c7dff9779adbab12358b1b72ad29a412f3643b39e3fb64,shallow_m4096_r1,validation_or_superseded
2,1024.0,shallow,final_geometry_v15_20260930,4327fe4ece9317f6fd20fad18389a71e9b1f423b,False,32,4129.474191074305,0.4959469184785489,0.4959469184785489,200718884598203961bbe0b2a41eba08a7468d8b52e7977617445fdba9c96451,test_probability,0.02,144,full_posterior,4096,128,204800,test_prob_640,135168,1,1.0,dynamics_h_0p02_stage_2,2d18a154c082aebdf0c7dff9779adbab12358b1b72ad29a412f3643b39e3fb64,shallow_m4096_r1,validation_or_superseded
2,1024.0,shallow,final_geometry_v15_20260930,4327fe4ece9317f6fd20fad18389a71e9b1f423b,False,32,4359.4961524218215,0.4697790589543883,0.4697790589543883,200718884598203961bbe0b2a41eba08a7468d8b52e7977617445fdba9c96451,test_probability,0.02,168,full_posterior,4096,128,204800,test_prob_768,135168,1,1.0,dynamics_h_0p02_stage_2,2d18a154c082aebdf0c7dff9779adbab12358b1b72ad29a412f3643b39e3fb64,shallow_m4096_r1,validation_or_superseded
2,1024.0,shallow,final_geometry_v15_20260930,4327fe4ece9317f6fd20fad18389a71e9b1f423b,False,32,3887.123317921952,0.5268677714847638,0.5268677714847638,200718884598203961bbe0b2a41eba08a7468d8b52e7977617445fdba9c96451,test_probability,0.02,618,full_posterior,4096,128,204800,test_prob_896,135168,1,1.0,dynamics_h_0p02_stage_2,2d18a154c082aebdf0c7dff9779adbab12358b1b72ad29a412f3643b39e3fb64,shallow_m4096_r1,validation_or_superseded
2,1024.0,shallow,final_geometry_v15_20260930,4327fe4ece9317f6fd20fad18389a71e9b1f423b,False,32,4535.035182288093,0.4515951735057342,0.4515951735057342,200718884598203961bbe0b2a41eba08a7468d8b52e7977617445fdba9c96451,interaction,0.02,100,full_posterior,4096,128,204800,interaction_0,135168,1,1.0,dynamics_h_0p02_stage_2,2d18a154c082aebdf0c7dff9779adbab12358b1b72ad29a412f3643b39e3fb64,shallow_m4096_r1,validation_or_superseded
2,1024.0,shallow,final_geometry_v15_20260930,4327fe4ece9317f6fd20fad18389a71e9b1f423b,False,32,4612.741380621621,0.4439876054191462,0.4439876054191462,200718884598203961bbe0b2a41eba08a7468d8b52e7977617445fdba9c96451,interaction,0.02,102,full_posterior,4096,128,204800,interaction_1,135168,1,1.0,dynamics_h_0p02_stage_2,2d18a154c082aebdf0c7dff9779adbab12358b1b72ad29a412f3643b39e3fb64,shallow_m4096_r1,validation_or_superseded
2,1024.0,shallow,final_geometry_v15_20260930,4327fe4ece9317f6fd20fad18389a71e9b1f423b,False,32,3829.021970553945,0.5348624311246027,0.5348624311246027,200718884598203961bbe0b2a41eba08a7468d8b52e7977617445fdba9c96451,interaction,0.02,220,full_posterior,4096,128,204800,interaction_2,135168,1,1.0,dynamics_h_0p02_stage_2,2d18a154c082aebdf0c7dff9779adbab12358b1b72ad29a412f3643b39e3fb64,shallow_m4096_r1,validation_or_superseded
2,1024.0,shallow,final_geometry_v15_20260930,4327fe4ece9317f6fd20fad18389a71e9b1f423b,False,32,3790.408768827846,0.5403111181154554,0.5403111181154554,200718884598203961bbe0b2a41eba08a7468d8b52e7977617445fdba9c96451,interaction,0.02,176,full_posterior,4096,128,204800,interaction_3,135168,1,1.0,dynamics_h_0p02_stage_2,2d18a154c082aebdf0c7dff9779adbab12358b1b72ad29a412f3643b39e3fb64,shallow_m4096_r1,validation_or_superseded
2,1024.0,shallow,final_geometry_v15_20260930,4327fe4ece9317f6fd20fad18389a71e9b1f423b,False,32,1730.0650800269286,1.1837704972162797,1.1837704972162797,200718884598203961bbe0b2a41eba08a7468d8b52e7977617445fdba9c96451,control,0.02,336,full_posterior,4096,128,204800,q_A,135168,1,1.0,dynamics_h_0p02_stage_2,2d18a154c082aebdf0c7dff9779adbab12358b1b72ad29a412f3643b39e3fb64,shallow_m4096_r1,validation_or_superseded
2,1024.0,shallow,final_geometry_v15_20260930,4327fe4ece9317f6fd20fad18389a71e9b1f423b,False,32,2025.6530171260606,1.0110319895288111,1.0110319895288111,200718884598203961bbe0b2a41eba08a7468d8b52e7977617445fdba9c96451,control,0.02,236,full_posterior,4096,128,204800,q_W,135168,1,1.0,dynamics_h_0p02_stage_2,2d18a154c082aebdf0c7dff9779adbab12358b1b72ad29a412f3643b39e3fb64,shallow_m4096_r1,validation_or_superseded
2,1024.0,shallow,final_geometry_v15_20260930,4327fe4ece9317f6fd20fad18389a71e9b1f423b,False,32,3834.9261241924596,0.5340389706806302,0.5340389706806302,200718884598203961bbe0b2a41eba08a7468d8b52e7977617445fdba9c96451,control,0.02,160,full_posterior,4096,128,204800,U,135168,1,1.0,dynamics_h_0p02_stage_2,2d18a154c082aebdf0c7dff9779adbab12358b1b72ad29a412f3643b39e3fb64,shallow_m4096_r1,validation_or_superseded
2,1024.0,shallow,final_geometry_v15_20260930,4327fe4ece9317f6fd20fad18389a71e9b1f423b,False,32,5191.201747024284,0.39451365980410236,0.39451365980410236,451e6460141267a0117079f7dd5ec76f988a000f308f991740e990f926ceaf60,loss,0.005,942,full_posterior,4096,128,819200,V,135168,2,1.0,dynamics_h_0p005_stage_2,8c615bef38ec1c9a9068713982d858e21e32dae4d6bf4d65ddce5685b8944212,shallow_m4096_r2,validation_or_superseded
2,1024.0,shallow,final_geometry_v15_20260930,4327fe4ece9317f6fd20fad18389a71e9b1f423b,False,32,4879.529002941655,0.41971264004483844,0.41971264004483844,451e6460141267a0117079f7dd5ec76f988a000f308f991740e990f926ceaf60,train_logit,0.005,644,full_posterior,4096,128,819200,train_logit_0,135168,2,1.0,dynamics_h_0p005_stage_2,8c615bef38ec1c9a9068713982d858e21e32dae4d6bf4d65ddce5685b8944212,shallow_m4096_r2,validation_or_superseded
2,1024.0,shallow,final_geometry_v15_20260930,4327fe4ece9317f6fd20fad18389a71e9b1f423b,False,32,4675.698448664643,0.43800942735836584,0.43800942735836584,451e6460141267a0117079f7dd5ec76f988a000f308f991740e990f926ceaf60,train_logit,0.005,740,full_posterior,4096,128,819200,train_logit_16,135168,2,1.0,dynamics_h_0p005_stage_2,8c615bef38ec1c9a9068713982d858e21e32dae4d6bf4d65ddce5685b8944212,shallow_m4096_r2,validation_or_superseded
2,1024.0,shallow,final_geometry_v15_20260930,4327fe4ece9317f6fd20fad18389a71e9b1f423b,False,32,5656.864767827239,0.36203799879533305,0.36203799879533305,451e6460141267a0117079f7dd5ec76f988a000f308f991740e990f926ceaf60,train_logit,0.005,368,full_posterior,4096,128,819200,train_logit_32,135168,2,1.0,dynamics_h_0p005_stage_2,8c615bef38ec1c9a9068713982d858e21e32dae4d6bf4d65ddce5685b8944212,shallow_m4096_r2,validation_or_superseded
2,1024.0,shallow,final_geometry_v15_20260930,4327fe4ece9317f6fd20fad18389a71e9b1f423b,False,32,4788.321418571999,0.42770729468089186,0.42770729468089186,451e6460141267a0117079f7dd5ec76f988a000f308f991740e990f926ceaf60,train_logit,0.005,694,full_posterior,4096,128,819200,train_logit_48,135168,2,1.0,dynamics_h_0p005_stage_2,8c615bef38ec1c9a9068713982d858e21e32dae4d6bf4d65ddce5685b8944212,shallow_m4096_r2,validation_or_superseded
2,1024.0,shallow,final_geometry_v15_20260930,4327fe4ece9317f6fd20fad18389a71e9b1f423b,False,32,4827.199872523469,0.4242625236334759,0.4242625236334759,451e6460141267a0117079f7dd5ec76f988a000f308f991740e990f926ceaf60,train_logit,0.005,588,full_posterior,4096,128,819200,train_logit_64,135168,2,1.0,dynamics_h_0p005_stage_2,8c615bef38ec1c9a9068713982d858e21e32dae4d6bf4d65ddce5685b8944212,shallow_m4096_r2,validation_or_superseded
2,1024.0,shallow,final_geometry_v15_20260930,4327fe4ece9317f6fd20fad18389a71e9b1f423b,False,32,4873.554503963384,0.4202271665033146,0.4202271665033146,451e6460141267a0117079f7dd5ec76f988a000f308f991740e990f926ceaf60,train_logit,0.005,812,full_posterior,4096,128,819200,train_logit_80,135168,2,1.0,dynamics_h_0p005_stage_2,8c615bef38ec1c9a9068713982d858e21e32dae4d6bf4d65ddce5685b8944212,shallow_m4096_r2,validation_or_superseded
2,1024.0,shallow,final_geometry_v15_20260930,4327fe4ece9317f6fd20fad18389a71e9b1f423b,False,32,5094.667151780921,0.4019889698356623,0.4019889698356623,451e6460141267a0117079f7dd5ec76f988a000f308f991740e990f926ceaf60,train_logit,0.005,466,full_posterior,4096,128,819200,train_logit_96,135168,2,1.0,dynamics_h_0p005_stage_2,8c615bef38ec1c9a9068713982d858e21e32dae4d6bf4d65ddce5685b8944212,shallow_m4096_r2,validation_or_superseded
2,1024.0,shallow,final_geometry_v15_20260930,4327fe4ece9317f6fd20fad18389a71e9b1f423b,False,32,4938.455876596223,0.4147045252961867,0.4147045252961867,451e6460141267a0117079f7dd5ec76f988a000f308f991740e990f926ceaf60,train_logit,0.005,1282,full_posterior,4096,128,819200,train_logit_112,135168,2,1.0,dynamics_h_0p005_stage_2,8c615bef38ec1c9a9068713982d858e21e32dae4d6bf4d65ddce5685b8944212,shallow_m4096_r2,validation_or_superseded
2,1024.0,shallow,final_geometry_v15_20260930,4327fe4ece9317f6fd20fad18389a71e9b1f423b,False,32,4708.290600379118,0.4349773991934764,0.4349773991934764,451e6460141267a0117079f7dd5ec76f988a000f308f991740e990f926ceaf60,test_probability,0.005,1282,full_posterior,4096,128,819200,test_prob_0,135168,2,1.0,dynamics_h_0p005_stage_2,8c615bef38ec1c9a9068713982d858e21e32dae4d6bf4d65ddce5685b8944212,shallow_m4096_r2,validation_or_superseded
2,1024.0,shallow,final_geometry_v15_20260930,4327fe4ece9317f6fd20fad18389a71e9b1f423b,False,32,4899.737094714516,0.417981610117252,0.417981610117252,451e6460141267a0117079f7dd5ec76f988a000f308f991740e990f926ceaf60,test_probability,0.005,830,full_posterior,4096,128,819200,test_prob_128,135168,2,1.0,dynamics_h_0p005_stage_2,8c615bef38ec1c9a9068713982d858e21e32dae4d6bf4d65ddce5685b8944212,shallow_m4096_r2,validation_or_superseded
2,1024.0,shallow,final_geometry_v15_20260930,4327fe4ece9317f6fd20fad18389a71e9b1f423b,False,32,4419.913787340655,0.4633574541353729,0.4633574541353729,451e6460141267a0117079f7dd5ec76f988a000f308f991740e990f926ceaf60,test_probability,0.005,1334,full_posterior,4096,128,819200,test_prob_256,135168,2,1.0,dynamics_h_0p005_stage_2,8c615bef38ec1c9a9068713982d858e21e32dae4d6bf4d65ddce5685b8944212,shallow_m4096_r2,validation_or_superseded
2,1024.0,shallow,final_geometry_v15_20260930,4327fe4ece9317f6fd20fad18389a71e9b1f423b,False,32,4809.311765381157,0.4258405568011015,0.4258405568011015,451e6460141267a0117079f7dd5ec76f988a000f308f991740e990f926ceaf60,test_probability,0.005,814,full_posterior,4096,128,819200,test_prob_384,135168,2,1.0,dynamics_h_0p005_stage_2,8c615bef38ec1c9a9068713982d858e21e32dae4d6bf4d65ddce5685b8944212,shallow_m4096_r2,validation_or_superseded
2,1024.0,shallow,final_geometry_v15_20260930,4327fe4ece9317f6fd20fad18389a71e9b1f423b,False,32,4425.059480729921,0.46281863756149527,0.46281863756149527,451e6460141267a0117079f7dd5ec76f988a000f308f991740e990f926ceaf60,test_probability,0.005,1822,full_posterior,4096,128,819200,test_prob_512,135168,2,1.0,dynamics_h_0p005_stage_2,8c615bef38ec1c9a9068713982d858e21e32dae4d6bf4d65ddce5685b8944212,shallow_m4096_r2,validation_or_superseded
2,1024.0,shallow,final_geometry_v15_20260930,4327fe4ece9317f6fd20fad18389a71e9b1f423b,False,32,4098.216154633017,0.49972961960162693,0.49972961960162693,451e6460141267a0117079f7dd5ec76f988a000f308f991740e990f926ceaf60,test_probability,0.005,988,full_posterior,4096,128,819200,test_prob_640,135168,2,1.0,dynamics_h_0p005_stage_2,8c615bef38ec1c9a9068713982d858e21e32dae4d6bf4d65ddce5685b8944212,shallow_m4096_r2,validation_or_superseded
2,1024.0,shallow,final_geometry_v15_20260930,4327fe4ece9317f6fd20fad18389a71e9b1f423b,False,32,4396.9416916392875,0.4657782940115487,0.4657782940115487,451e6460141267a0117079f7dd5ec76f988a000f308f991740e990f926ceaf60,test_probability,0.005,1490,full_posterior,4096,128,819200,test_prob_768,135168,2,1.0,dynamics_h_0p005_stage_2,8c615bef38ec1c9a9068713982d858e21e32dae4d6bf4d65ddce5685b8944212,shallow_m4096_r2,validation_or_superseded
2,1024.0,shallow,final_geometry_v15_20260930,4327fe4ece9317f6fd20fad18389a71e9b1f423b,False,32,4387.4228075457,0.46678883933359494,0.46678883933359494,451e6460141267a0117079f7dd5ec76f988a000f308f991740e990f926ceaf60,test_probability,0.005,1068,full_posterior,4096,128,819200,test_prob_896,135168,2,1.0,dynamics_h_0p005_stage_2,8c615bef38ec1c9a9068713982d858e21e32dae4d6bf4d65ddce5685b8944212,shallow_m4096_r2,validation_or_superseded
2,1024.0,shallow,final_geometry_v15_20260930,4327fe4ece9317f6fd20fad18389a71e9b1f423b,False,32,4064.352966895621,0.5038932436924334,0.5038932436924334,451e6460141267a0117079f7dd5ec76f988a000f308f991740e990f926ceaf60,interaction,0.005,884,full_posterior,4096,128,819200,interaction_0,135168,2,1.0,dynamics_h_0p005_stage_2,8c615bef38ec1c9a9068713982d858e21e32dae4d6bf4d65ddce5685b8944212,shallow_m4096_r2,validation_or_superseded
2,1024.0,shallow,final_geometry_v15_20260930,4327fe4ece9317f6fd20fad18389a71e9b1f423b,False,32,4174.236693842603,0.49062862271825536,0.49062862271825536,451e6460141267a0117079f7dd5ec76f988a000f308f991740e990f926ceaf60,interaction,0.005,644,full_posterior,4096,128,819200,interaction_1,135168,2,1.0,dynamics_h_0p005_stage_2,8c615bef38ec1c9a9068713982d858e21e32dae4d6bf4d65ddce5685b8944212,shallow_m4096_r2,validation_or_superseded
2,1024.0,shallow,final_geometry_v15_20260930,4327fe4ece9317f6fd20fad18389a71e9b1f423b,False,32,4135.839906678759,0.49518357726874007,0.49518357726874007,451e6460141267a0117079f7dd5ec76f988a000f308f991740e990f926ceaf60,interaction,0.005,494,full_posterior,4096,128,819200,interaction_2,135168,2,1.0,dynamics_h_0p005_stage_2,8c615bef38ec1c9a9068713982d858e21e32dae4d6bf4d65ddce5685b8944212,shallow_m4096_r2,validation_or_superseded
2,1024.0,shallow,final_geometry_v15_20260930,4327fe4ece9317f6fd20fad18389a71e9b1f423b,False,32,4126.252105418859,0.49633419085334973,0.49633419085334973,451e6460141267a0117079f7dd5ec76f988a000f308f991740e990f926ceaf60,interaction,0.005,1010,full_posterior,4096,128,819200,interaction_3,135168,2,1.0,dynamics_h_0p005_stage_2,8c615bef38ec1c9a9068713982d858e21e32dae4d6bf4d65ddce5685b8944212,shallow_m4096_r2,validation_or_superseded
2,1024.0,shallow,final_geometry_v15_20260930,4327fe4ece9317f6fd20fad18389a71e9b1f423b,False,32,1879.8530327838284,1.0894468686028966,1.0894468686028966,451e6460141267a0117079f7dd5ec76f988a000f308f991740e990f926ceaf60,control,0.005,1608,full_posterior,4096,128,819200,q_A,135168,2,1.0,dynamics_h_0p005_stage_2,8c615bef38ec1c9a9068713982d858e21e32dae4d6bf4d65ddce5685b8944212,shallow_m4096_r2,validation_or_superseded
2,1024.0,shallow,final_geometry_v15_20260930,4327fe4ece9317f6fd20fad18389a71e9b1f423b,False,32,2075.520837857326,0.9867402738843436,0.9867402738843436,451e6460141267a0117079f7dd5ec76f988a000f308f991740e990f926ceaf60,control,0.005,1432,full_posterior,4096,128,819200,q_W,135168,2,1.0,dynamics_h_0p005_stage_2,8c615bef38ec1c9a9068713982d858e21e32dae4d6bf4d65ddce5685b8944212,shallow_m4096_r2,validation_or_superseded
2,1024.0,shallow,final_geometry_v15_20260930,4327fe4ece9317f6fd20fad18389a71e9b1f423b,False,32,3766.03320072761,0.5438082700928711,0.5438082700928711,451e6460141267a0117079f7dd5ec76f988a000f308f991740e990f926ceaf60,control,0.005,1140,full_posterior,4096,128,819200,U,135168,2,1.0,dynamics_h_0p005_stage_2,8c615bef38ec1c9a9068713982d858e21e32dae4d6bf4d65ddce5685b8944212,shallow_m4096_r2,validation_or_superseded
2,1024.0,shallow,final_geometry_v15_20260930,4327fe4ece9317f6fd20fad18389a71e9b1f423b,False,32,5410.979864622622,0.3784896730793571,0.3784896730793571,75f510444b90135c5003f8e540871cfef4e3b09c0d0135dfbd6dbf9c0ede1f98,loss,0.01,366,full_posterior,4096,128,409600,V,135168,2,1.0,dynamics_h_0p01_stage_2,8c615bef38ec1c9a9068713982d858e21e32dae4d6bf4d65ddce5685b8944212,shallow_m4096_r2,production_final
2,1024.0,shallow,final_geometry_v15_20260930,4327fe4ece9317f6fd20fad18389a71e9b1f423b,False,32,4411.29445815175,0.4642628188683813,0.4642628188683813,75f510444b90135c5003f8e540871cfef4e3b09c0d0135dfbd6dbf9c0ede1f98,train_logit,0.01,342,full_posterior,4096,128,409600,train_logit_0,135168,2,1.0,dynamics_h_0p01_stage_2,8c615bef38ec1c9a9068713982d858e21e32dae4d6bf4d65ddce5685b8944212,shallow_m4096_r2,production_final
2,1024.0,shallow,final_geometry_v15_20260930,4327fe4ece9317f6fd20fad18389a71e9b1f423b,False,32,5054.896350785525,0.40515172970495095,0.40515172970495095,75f510444b90135c5003f8e540871cfef4e3b09c0d0135dfbd6dbf9c0ede1f98,train_logit,0.01,304,full_posterior,4096,128,409600,train_logit_16,135168,2,1.0,dynamics_h_0p01_stage_2,8c615bef38ec1c9a9068713982d858e21e32dae4d6bf4d65ddce5685b8944212,shallow_m4096_r2,production_final
2,1024.0,shallow,final_geometry_v15_20260930,4327fe4ece9317f6fd20fad18389a71e9b1f423b,False,32,5077.218086838312,0.4033705003354173,0.4033705003354173,75f510444b90135c5003f8e540871cfef4e3b09c0d0135dfbd6dbf9c0ede1f98,train_logit,0.01,464,full_posterior,4096,128,409600,train_logit_32,135168,2,1.0,dynamics_h_0p01_stage_2,8c615bef38ec1c9a9068713982d858e21e32dae4d6bf4d65ddce5685b8944212,shallow_m4096_r2,production_final
2,1024.0,shallow,final_geometry_v15_20260930,4327fe4ece9317f6fd20fad18389a71e9b1f423b,False,32,4632.208007850666,0.4421217692575657,0.4421217692575657,75f510444b90135c5003f8e540871cfef4e3b09c0d0135dfbd6dbf9c0ede1f98,train_logit,0.01,230,full_posterior,4096,128,409600,train_logit_48,135168,2,1.0,dynamics_h_0p01_stage_2,8c615bef38ec1c9a9068713982d858e21e32dae4d6bf4d65ddce5685b8944212,shallow_m4096_r2,production_final
2,1024.0,shallow,final_geometry_v15_20260930,4327fe4ece9317f6fd20fad18389a71e9b1f423b,False,32,4599.129767020916,0.4453016339494571,0.4453016339494571,75f510444b90135c5003f8e540871cfef4e3b09c0d0135dfbd6dbf9c0ede1f98,train_logit,0.01,296,full_posterior,4096,128,409600,train_logit_64,135168,2,1.0,dynamics_h_0p01_stage_2,8c615bef38ec1c9a9068713982d858e21e32dae4d6bf4d65ddce5685b8944212,shallow_m4096_r2,production_final
2,1024.0,shallow,final_geometry_v15_20260930,4327fe4ece9317f6fd20fad18389a71e9b1f423b,False,32,4855.789888309416,0.4217645423519403,0.4217645423519403,75f510444b90135c5003f8e540871cfef4e3b09c0d0135dfbd6dbf9c0ede1f98,train_logit,0.01,368,full_posterior,4096,128,409600,train_logit_80,135168,2,1.0,dynamics_h_0p01_stage_2,8c615bef38ec1c9a9068713982d858e21e32dae4d6bf4d65ddce5685b8944212,shallow_m4096_r2,production_final
2,1024.0,shallow,final_geometry_v15_20260930,4327fe4ece9317f6fd20fad18389a71e9b1f423b,False,32,4422.681726142518,0.4630674615119263,0.4630674615119263,75f510444b90135c5003f8e540871cfef4e3b09c0d0135dfbd6dbf9c0ede1f98,train_logit,0.01,614,full_posterior,4096,128,409600,train_logit_96,135168,2,1.0,dynamics_h_0p01_stage_2,8c615bef38ec1c9a9068713982d858e21e32dae4d6bf4d65ddce5685b8944212,shallow_m4096_r2,production_final
2,1024.0,shallow,final_geometry_v15_20260930,4327fe4ece9317f6fd20fad18389a71e9b1f423b,False,32,5642.260538312122,0.3629750852683343,0.3629750852683343,75f510444b90135c5003f8e540871cfef4e3b09c0d0135dfbd6dbf9c0ede1f98,train_logit,0.01,220,full_posterior,4096,128,409600,train_logit_112,135168,2,1.0,dynamics_h_0p01_stage_2,8c615bef38ec1c9a9068713982d858e21e32dae4d6bf4d65ddce5685b8944212,shallow_m4096_r2,production_final
2,1024.0,shallow,final_geometry_v15_20260930,4327fe4ece9317f6fd20fad18389a71e9b1f423b,False,32,4620.339962679081,0.4432574261943439,0.4432574261943439,75f510444b90135c5003f8e540871cfef4e3b09c0d0135dfbd6dbf9c0ede1f98,test_probability,0.01,436,full_posterior,4096,128,409600,test_prob_0,135168,2,1.0,dynamics_h_0p01_stage_2,8c615bef38ec1c9a9068713982d858e21e32dae4d6bf4d65ddce5685b8944212,shallow_m4096_r2,production_final
2,1024.0,shallow,final_geometry_v15_20260930,4327fe4ece9317f6fd20fad18389a71e9b1f423b,False,32,4436.967221840017,0.4615765448793852,0.4615765448793852,75f510444b90135c5003f8e540871cfef4e3b09c0d0135dfbd6dbf9c0ede1f98,test_probability,0.01,360,full_posterior,4096,128,409600,test_prob_128,135168,2,1.0,dynamics_h_0p01_stage_2,8c615bef38ec1c9a9068713982d858e21e32dae4d6bf4d65ddce5685b8944212,shallow_m4096_r2,production_final
2,1024.0,shallow,final_geometry_v15_20260930,4327fe4ece9317f6fd20fad18389a71e9b1f423b,False,32,4643.309962873586,0.44106467506480285,0.44106467506480285,75f510444b90135c5003f8e540871cfef4e3b09c0d0135dfbd6dbf9c0ede1f98,test_probability,0.01,286,full_posterior,4096,128,409600,test_prob_256,135168,2,1.0,dynamics_h_0p01_stage_2,8c615bef38ec1c9a9068713982d858e21e32dae4d6bf4d65ddce5685b8944212,shallow_m4096_r2,production_final
2,1024.0,shallow,final_geometry_v15_20260930,4327fe4ece9317f6fd20fad18389a71e9b1f423b,False,32,5006.660391711306,0.409055106551771,0.409055106551771,75f510444b90135c5003f8e540871cfef4e3b09c0d0135dfbd6dbf9c0ede1f98,test_probability,0.01,276,full_posterior,4096,128,409600,test_prob_384,135168,2,1.0,dynamics_h_0p01_stage_2,8c615bef38ec1c9a9068713982d858e21e32dae4d6bf4d65ddce5685b8944212,shallow_m4096_r2,production_final
2,1024.0,shallow,final_geometry_v15_20260930,4327fe4ece9317f6fd20fad18389a71e9b1f423b,False,32,4767.802197364356,0.4295480213361485,0.4295480213361485,75f510444b90135c5003f8e540871cfef4e3b09c0d0135dfbd6dbf9c0ede1f98,test_probability,0.01,356,full_posterior,4096,128,409600,test_prob_512,135168,2,1.0,dynamics_h_0p01_stage_2,8c615bef38ec1c9a9068713982d858e21e32dae4d6bf4d65ddce5685b8944212,shallow_m4096_r2,production_final
2,1024.0,shallow,final_geometry_v15_20260930,4327fe4ece9317f6fd20fad18389a71e9b1f423b,False,32,4256.259735075105,0.4811736424642472,0.4811736424642472,75f510444b90135c5003f8e540871cfef4e3b09c0d0135dfbd6dbf9c0ede1f98,test_probability,0.01,406,full_posterior,4096,128,409600,test_prob_640,135168,2,1.0,dynamics_h_0p01_stage_2,8c615bef38ec1c9a9068713982d858e21e32dae4d6bf4d65ddce5685b8944212,shallow_m4096_r2,production_final
2,1024.0,shallow,final_geometry_v15_20260930,4327fe4ece9317f6fd20fad18389a71e9b1f423b,False,32,4458.484837905635,0.4593488762343856,0.4593488762343856,75f510444b90135c5003f8e540871cfef4e3b09c0d0135dfbd6dbf9c0ede1f98,test_probability,0.01,322,full_posterior,4096,128,409600,test_prob_768,135168,2,1.0,dynamics_h_0p01_stage_2,8c615bef38ec1c9a9068713982d858e21e32dae4d6bf4d65ddce5685b8944212,shallow_m4096_r2,production_final
2,1024.0,shallow,final_geometry_v15_20260930,4327fe4ece9317f6fd20fad18389a71e9b1f423b,False,32,4211.554262793263,0.48628128054598274,0.48628128054598274,75f510444b90135c5003f8e540871cfef4e3b09c0d0135dfbd6dbf9c0ede1f98,test_probability,0.01,504,full_posterior,4096,128,409600,test_prob_896,135168,2,1.0,dynamics_h_0p01_stage_2,8c615bef38ec1c9a9068713982d858e21e32dae4d6bf4d65ddce5685b8944212,shallow_m4096_r2,production_final
2,1024.0,shallow,final_geometry_v15_20260930,4327fe4ece9317f6fd20fad18389a71e9b1f423b,False,32,4400.307321519008,0.46542203768009105,0.46542203768009105,75f510444b90135c5003f8e540871cfef4e3b09c0d0135dfbd6dbf9c0ede1f98,interaction,0.01,220,full_posterior,4096,128,409600,interaction_0,135168,2,1.0,dynamics_h_0p01_stage_2,8c615bef38ec1c9a9068713982d858e21e32dae4d6bf4d65ddce5685b8944212,shallow_m4096_r2,production_final
2,1024.0,shallow,final_geometry_v15_20260930,4327fe4ece9317f6fd20fad18389a71e9b1f423b,False,32,4538.6219756210885,0.45123828576177927,0.45123828576177927,75f510444b90135c5003f8e540871cfef4e3b09c0d0135dfbd6dbf9c0ede1f98,interaction,0.01,204,full_posterior,4096,128,409600,interaction_1,135168,2,1.0,dynamics_h_0p01_stage_2,8c615bef38ec1c9a9068713982d858e21e32dae4d6bf4d65ddce5685b8944212,shallow_m4096_r2,production_final
2,1024.0,shallow,final_geometry_v15_20260930,4327fe4ece9317f6fd20fad18389a71e9b1f423b,False,32,4252.0037751657255,0.48165526379857865,0.48165526379857865,75f510444b90135c5003f8e540871cfef4e3b09c0d0135dfbd6dbf9c0ede1f98,interaction,0.01,364,full_posterior,4096,128,409600,interaction_2,135168,2,1.0,dynamics_h_0p01_stage_2,8c615bef38ec1c9a9068713982d858e21e32dae4d6bf4d65ddce5685b8944212,shallow_m4096_r2,production_final
2,1024.0,shallow,final_geometry_v15_20260930,4327fe4ece9317f6fd20fad18389a71e9b1f423b,False,32,4497.46331193922,0.45536780579471625,0.45536780579471625,75f510444b90135c5003f8e540871cfef4e3b09c0d0135dfbd6dbf9c0ede1f98,interaction,0.01,198,full_posterior,4096,128,409600,interaction_3,135168,2,1.0,dynamics_h_0p01_stage_2,8c615bef38ec1c9a9068713982d858e21e32dae4d6bf4d65ddce5685b8944212,shallow_m4096_r2,production_final
2,1024.0,shallow,final_geometry_v15_20260930,4327fe4ece9317f6fd20fad18389a71e9b1f423b,False,32,2070.0564589826895,0.9893449964193107,0.9893449964193107,75f510444b90135c5003f8e540871cfef4e3b09c0d0135dfbd6dbf9c0ede1f98,control,0.01,410,full_posterior,4096,128,409600,q_A,135168,2,1.0,dynamics_h_0p01_stage_2,8c615bef38ec1c9a9068713982d858e21e32dae4d6bf4d65ddce5685b8944212,shallow_m4096_r2,production_final
2,1024.0,shallow,final_geometry_v15_20260930,4327fe4ece9317f6fd20fad18389a71e9b1f423b,False,32,2155.947945189744,0.949930170888127,0.949930170888127,75f510444b90135c5003f8e540871cfef4e3b09c0d0135dfbd6dbf9c0ede1f98,control,0.01,396,full_posterior,4096,128,409600,q_W,135168,2,1.0,dynamics_h_0p01_stage_2,8c615bef38ec1c9a9068713982d858e21e32dae4d6bf4d65ddce5685b8944212,shallow_m4096_r2,production_final
2,1024.0,shallow,final_geometry_v15_20260930,4327fe4ece9317f6fd20fad18389a71e9b1f423b,False,32,4036.047189274153,0.5074271691972746,0.5074271691972746,75f510444b90135c5003f8e540871cfef4e3b09c0d0135dfbd6dbf9c0ede1f98,control,0.01,288,full_posterior,4096,128,409600,U,135168,2,1.0,dynamics_h_0p01_stage_2,8c615bef38ec1c9a9068713982d858e21e32dae4d6bf4d65ddce5685b8944212,shallow_m4096_r2,production_final
2,1024.0,shallow,final_geometry_v15_20260930,4327fe4ece9317f6fd20fad18389a71e9b1f423b,False,32,5203.607933615807,0.3935730797029736,0.3935730797029736,d45e09bd326d6b9e0a712a1338a1af3e3cb8b2fcb6d6e851829dd2997c86316e,loss,0.02,536,full_posterior,4096,128,204800,V,135168,2,1.0,dynamics_h_0p02_stage_2,8c615bef38ec1c9a9068713982d858e21e32dae4d6bf4d65ddce5685b8944212,shallow_m4096_r2,validation_or_superseded
2,1024.0,shallow,final_geometry_v15_20260930,4327fe4ece9317f6fd20fad18389a71e9b1f423b,False,32,4762.197044209292,0.43005360361774936,0.43005360361774936,d45e09bd326d6b9e0a712a1338a1af3e3cb8b2fcb6d6e851829dd2997c86316e,train_logit,0.02,152,full_posterior,4096,128,204800,train_logit_0,135168,2,1.0,dynamics_h_0p02_stage_2,8c615bef38ec1c9a9068713982d858e21e32dae4d6bf4d65ddce5685b8944212,shallow_m4096_r2,validation_or_superseded
2,1024.0,shallow,final_geometry_v15_20260930,4327fe4ece9317f6fd20fad18389a71e9b1f423b,False,32,4962.744218532277,0.412674905217197,0.412674905217197,d45e09bd326d6b9e0a712a1338a1af3e3cb8b2fcb6d6e851829dd2997c86316e,train_logit,0.02,352,full_posterior,4096,128,204800,train_logit_16,135168,2,1.0,dynamics_h_0p02_stage_2,8c615bef38ec1c9a9068713982d858e21e32dae4d6bf4d65ddce5685b8944212,shallow_m4096_r2,validation_or_superseded
2,1024.0,shallow,final_geometry_v15_20260930,4327fe4ece9317f6fd20fad18389a71e9b1f423b,False,32,5411.40322283111,0.3784600621442026,0.3784600621442026,d45e09bd326d6b9e0a712a1338a1af3e3cb8b2fcb6d6e851829dd2997c86316e,train_logit,0.02,130,full_posterior,4096,128,204800,train_logit_32,135168,2,1.0,dynamics_h_0p02_stage_2,8c615bef38ec1c9a9068713982d858e21e32dae4d6bf4d65ddce5685b8944212,shallow_m4096_r2,validation_or_superseded
2,1024.0,shallow,final_geometry_v15_20260930,4327fe4ece9317f6fd20fad18389a71e9b1f423b,False,32,4503.155694663759,0.45479218105358443,0.45479218105358443,d45e09bd326d6b9e0a712a1338a1af3e3cb8b2fcb6d6e851829dd2997c86316e,train_logit,0.02,298,full_posterior,4096,128,204800,train_logit_48,135168,2,1.0,dynamics_h_0p02_stage_2,8c615bef38ec1c9a9068713982d858e21e32dae4d6bf4d65ddce5685b8944212,shallow_m4096_r2,validation_or_superseded
2,1024.0,shallow,final_geometry_v15_20260930,4327fe4ece9317f6fd20fad18389a71e9b1f423b,False,32,4850.814446685119,0.42219714287350923,0.42219714287350923,d45e09bd326d6b9e0a712a1338a1af3e3cb8b2fcb6d6e851829dd2997c86316e,train_logit,0.02,182,full_posterior,4096,128,204800,train_logit_64,135168,2,1.0,dynamics_h_0p02_stage_2,8c615bef38ec1c9a9068713982d858e21e32dae4d6bf4d65ddce5685b8944212,shallow_m4096_r2,validation_or_superseded
2,1024.0,shallow,final_geometry_v15_20260930,4327fe4ece9317f6fd20fad18389a71e9b1f423b,False,32,4966.172166519947,0.4123900524043127,0.4123900524043127,d45e09bd326d6b9e0a712a1338a1af3e3cb8b2fcb6d6e851829dd2997c86316e,train_logit,0.02,292,full_posterior,4096,128,204800,train_logit_80,135168,2,1.0,dynamics_h_0p02_stage_2,8c615bef38ec1c9a9068713982d858e21e32dae4d6bf4d65ddce5685b8944212,shallow_m4096_r2,validation_or_superseded
2,1024.0,shallow,final_geometry_v15_20260930,4327fe4ece9317f6fd20fad18389a71e9b1f423b,False,32,4774.302932913256,0.42896314473081004,0.42896314473081004,d45e09bd326d6b9e0a712a1338a1af3e3cb8b2fcb6d6e851829dd2997c86316e,train_logit,0.02,562,full_posterior,4096,128,204800,train_logit_96,135168,2,1.0,dynamics_h_0p02_stage_2,8c615bef38ec1c9a9068713982d858e21e32dae4d6bf4d65ddce5685b8944212,shallow_m4096_r2,validation_or_superseded
2,1024.0,shallow,final_geometry_v15_20260930,4327fe4ece9317f6fd20fad18389a71e9b1f423b,False,32,5385.358037258307,0.3802904070316259,0.3802904070316259,d45e09bd326d6b9e0a712a1338a1af3e3cb8b2fcb6d6e851829dd2997c86316e,train_logit,0.02,198,full_posterior,4096,128,204800,train_logit_112,135168,2,1.0,dynamics_h_0p02_stage_2,8c615bef38ec1c9a9068713982d858e21e32dae4d6bf4d65ddce5685b8944212,shallow_m4096_r2,validation_or_superseded
2,1024.0,shallow,final_geometry_v15_20260930,4327fe4ece9317f6fd20fad18389a71e9b1f423b,False,32,4662.826168470925,0.43921860391197004,0.43921860391197004,d45e09bd326d6b9e0a712a1338a1af3e3cb8b2fcb6d6e851829dd2997c86316e,test_probability,0.02,170,full_posterior,4096,128,204800,test_prob_0,135168,2,1.0,dynamics_h_0p02_stage_2,8c615bef38ec1c9a9068713982d858e21e32dae4d6bf4d65ddce5685b8944212,shallow_m4096_r2,validation_or_superseded
2,1024.0,shallow,final_geometry_v15_20260930,4327fe4ece9317f6fd20fad18389a71e9b1f423b,False,32,4695.932877289194,0.43612207702215766,0.43612207702215766,d45e09bd326d6b9e0a712a1338a1af3e3cb8b2fcb6d6e851829dd2997c86316e,test_probability,0.02,338,full_posterior,4096,128,204800,test_prob_128,135168,2,1.0,dynamics_h_0p02_stage_2,8c615bef38ec1c9a9068713982d858e21e32dae4d6bf4d65ddce5685b8944212,shallow_m4096_r2,validation_or_superseded
2,1024.0,shallow,final_geometry_v15_20260930,4327fe4ece9317f6fd20fad18389a71e9b1f423b,False,32,4450.120978131257,0.46021220772744437,0.46021220772744437,d45e09bd326d6b9e0a712a1338a1af3e3cb8b2fcb6d6e851829dd2997c86316e,test_probability,0.02,222,full_posterior,4096,128,204800,test_prob_256,135168,2,1.0,dynamics_h_0p02_stage_2,8c615bef38ec1c9a9068713982d858e21e32dae4d6bf4d65ddce5685b8944212,shallow_m4096_r2,validation_or_superseded
2,1024.0,shallow,final_geometry_v15_20260930,4327fe4ece9317f6fd20fad18389a71e9b1f423b,False,32,4902.9319736224215,0.4177092423509358,0.4177092423509358,d45e09bd326d6b9e0a712a1338a1af3e3cb8b2fcb6d6e851829dd2997c86316e,test_probability,0.02,206,full_posterior,4096,128,204800,test_prob_384,135168,2,1.0,dynamics_h_0p02_stage_2,8c615bef38ec1c9a9068713982d858e21e32dae4d6bf4d65ddce5685b8944212,shallow_m4096_r2,validation_or_superseded
2,1024.0,shallow,final_geometry_v15_20260930,4327fe4ece9317f6fd20fad18389a71e9b1f423b,False,32,4348.525128888824,0.47096427853075884,0.47096427853075884,d45e09bd326d6b9e0a712a1338a1af3e3cb8b2fcb6d6e851829dd2997c86316e,test_probability,0.02,156,full_posterior,4096,128,204800,test_prob_512,135168,2,1.0,dynamics_h_0p02_stage_2,8c615bef38ec1c9a9068713982d858e21e32dae4d6bf4d65ddce5685b8944212,shallow_m4096_r2,validation_or_superseded
2,1024.0,shallow,final_geometry_v15_20260930,4327fe4ece9317f6fd20fad18389a71e9b1f423b,False,32,4382.134892058471,0.4673521127137118,0.4673521127137118,d45e09bd326d6b9e0a712a1338a1af3e3cb8b2fcb6d6e851829dd2997c86316e,test_probability,0.02,156,full_posterior,4096,128,204800,test_prob_640,135168,2,1.0,dynamics_h_0p02_stage_2,8c615bef38ec1c9a9068713982d858e21e32dae4d6bf4d65ddce5685b8944212,shallow_m4096_r2,validation_or_superseded
2,1024.0,shallow,final_geometry_v15_20260930,4327fe4ece9317f6fd20fad18389a71e9b1f423b,False,32,4565.03699946478,0.44862725104749734,0.44862725104749734,d45e09bd326d6b9e0a712a1338a1af3e3cb8b2fcb6d6e851829dd2997c86316e,test_probability,0.02,158,full_posterior,4096,128,204800,test_prob_768,135168,2,1.0,dynamics_h_0p02_stage_2,8c615bef38ec1c9a9068713982d858e21e32dae4d6bf4d65ddce5685b8944212,shallow_m4096_r2,validation_or_superseded
2,1024.0,shallow,final_geometry_v15_20260930,4327fe4ece9317f6fd20fad18389a71e9b1f423b,False,32,4022.297845367172,0.5091616977988983,0.5091616977988983,d45e09bd326d6b9e0a712a1338a1af3e3cb8b2fcb6d6e851829dd2997c86316e,test_probability,0.02,192,full_posterior,4096,128,204800,test_prob_896,135168,2,1.0,dynamics_h_0p02_stage_2,8c615bef38ec1c9a9068713982d858e21e32dae4d6bf4d65ddce5685b8944212,shallow_m4096_r2,validation_or_superseded
2,1024.0,shallow,final_geometry_v15_20260930,4327fe4ece9317f6fd20fad18389a71e9b1f423b,False,32,4334.481941512811,0.4724901447588479,0.4724901447588479,d45e09bd326d6b9e0a712a1338a1af3e3cb8b2fcb6d6e851829dd2997c86316e,interaction,0.02,124,full_posterior,4096,128,204800,interaction_0,135168,2,1.0,dynamics_h_0p02_stage_2,8c615bef38ec1c9a9068713982d858e21e32dae4d6bf4d65ddce5685b8944212,shallow_m4096_r2,validation_or_superseded
2,1024.0,shallow,final_geometry_v15_20260930,4327fe4ece9317f6fd20fad18389a71e9b1f423b,False,32,4754.80019664149,0.4307226203630146,0.4307226203630146,d45e09bd326d6b9e0a712a1338a1af3e3cb8b2fcb6d6e851829dd2997c86316e,interaction,0.02,94,full_posterior,4096,128,204800,interaction_1,135168,2,1.0,dynamics_h_0p02_stage_2,8c615bef38ec1c9a9068713982d858e21e32dae4d6bf4d65ddce5685b8944212,shallow_m4096_r2,validation_or_superseded
2,1024.0,shallow,final_geometry_v15_20260930,4327fe4ece9317f6fd20fad18389a71e9b1f423b,False,32,4330.769943376817,0.4728951264502219,0.4728951264502219,d45e09bd326d6b9e0a712a1338a1af3e3cb8b2fcb6d6e851829dd2997c86316e,interaction,0.02,96,full_posterior,4096,128,204800,interaction_2,135168,2,1.0,dynamics_h_0p02_stage_2,8c615bef38ec1c9a9068713982d858e21e32dae4d6bf4d65ddce5685b8944212,shallow_m4096_r2,validation_or_superseded
2,1024.0,shallow,final_geometry_v15_20260930,4327fe4ece9317f6fd20fad18389a71e9b1f423b,False,32,4464.44339971236,0.45873579674723863,0.45873579674723863,d45e09bd326d6b9e0a712a1338a1af3e3cb8b2fcb6d6e851829dd2997c86316e,interaction,0.02,116,full_posterior,4096,128,204800,interaction_3,135168,2,1.0,dynamics_h_0p02_stage_2,8c615bef38ec1c9a9068713982d858e21e32dae4d6bf4d65ddce5685b8944212,shallow_m4096_r2,validation_or_superseded
2,1024.0,shallow,final_geometry_v15_20260930,4327fe4ece9317f6fd20fad18389a71e9b1f423b,False,32,1893.0489918890275,1.0818526138387738,1.0818526138387738,d45e09bd326d6b9e0a712a1338a1af3e3cb8b2fcb6d6e851829dd2997c86316e,control,0.02,294,full_posterior,4096,128,204800,q_A,135168,2,1.0,dynamics_h_0p02_stage_2,8c615bef38ec1c9a9068713982d858e21e32dae4d6bf4d65ddce5685b8944212,shallow_m4096_r2,validation_or_superseded
2,1024.0,shallow,final_geometry_v15_20260930,4327fe4ece9317f6fd20fad18389a71e9b1f423b,False,32,2097.341715952065,0.9764741646166768,0.9764741646166768,d45e09bd326d6b9e0a712a1338a1af3e3cb8b2fcb6d6e851829dd2997c86316e,control,0.02,196,full_posterior,4096,128,204800,q_W,135168,2,1.0,dynamics_h_0p02_stage_2,8c615bef38ec1c9a9068713982d858e21e32dae4d6bf4d65ddce5685b8944212,shallow_m4096_r2,validation_or_superseded
2,1024.0,shallow,final_geometry_v15_20260930,4327fe4ece9317f6fd20fad18389a71e9b1f423b,False,32,3572.8961706746995,0.5732044543609728,0.5732044543609728,d45e09bd326d6b9e0a712a1338a1af3e3cb8b2fcb6d6e851829dd2997c86316e,control,0.02,344,full_posterior,4096,128,204800,U,135168,2,1.0,dynamics_h_0p02_stage_2,8c615bef38ec1c9a9068713982d858e21e32dae4d6bf4d65ddce5685b8944212,shallow_m4096_r2,validation_or_superseded
3,1024.0,deep,final_geometry_v15_20260930,4327fe4ece9317f6fd20fad18389a71e9b1f423b,False,32,3344.8063271233805,0.6122925514080011,0.6122925514080011,cfd402acd9944c34ab29ba4acb1b71fa49ebb351210a369cc3cc948e765f42b2,loss,0.005,1662,full_posterior,32,128,819200,V,2080,0,1.0,dynamics_h_0p005_stage_2,af056e127c02b019412d5384149e30d1e6c85b146336ef076ef6b326c05fe260,deep_m0032_r0,validation_or_superseded
3,1024.0,deep,final_geometry_v15_20260930,4327fe4ece9317f6fd20fad18389a71e9b1f423b,False,32,4452.156537648644,0.4600017952382303,0.4600017952382303,cfd402acd9944c34ab29ba4acb1b71fa49ebb351210a369cc3cc948e765f42b2,train_logit,0.005,1258,full_posterior,32,128,819200,train_logit_0,2080,0,1.0,dynamics_h_0p005_stage_2,af056e127c02b019412d5384149e30d1e6c85b146336ef076ef6b326c05fe260,deep_m0032_r0,validation_or_superseded
3,1024.0,deep,final_geometry_v15_20260930,4327fe4ece9317f6fd20fad18389a71e9b1f423b,False,32,5249.771870298283,0.39011218974809214,0.39011218974809214,cfd402acd9944c34ab29ba4acb1b71fa49ebb351210a369cc3cc948e765f42b2,train_logit,0.005,774,full_posterior,32,128,819200,train_logit_16,2080,0,1.0,dynamics_h_0p005_stage_2,af056e127c02b019412d5384149e30d1e6c85b146336ef076ef6b326c05fe260,deep_m0032_r0,validation_or_superseded
3,1024.0,deep,final_geometry_v15_20260930,4327fe4ece9317f6fd20fad18389a71e9b1f423b,False,32,4752.598709139224,0.43092213867367046,0.43092213867367046,cfd402acd9944c34ab29ba4acb1b71fa49ebb351210a369cc3cc948e765f42b2,train_logit,0.005,1128,full_posterior,32,128,819200,train_logit_32,2080,0,1.0,dynamics_h_0p005_stage_2,af056e127c02b019412d5384149e30d1e6c85b146336ef076ef6b326c05fe260,deep_m0032_r0,validation_or_superseded
3,1024.0,deep,final_geometry_v15_20260930,4327fe4ece9317f6fd20fad18389a71e9b1f423b,False,32,4810.851735019781,0.4257042438227582,0.4257042438227582,cfd402acd9944c34ab29ba4acb1b71fa49ebb351210a369cc3cc948e765f42b2,train_logit,0.005,974,full_posterior,32,128,819200,train_logit_48,2080,0,1.0,dynamics_h_0p005_stage_2,af056e127c02b019412d5384149e30d1e6c85b146336ef076ef6b326c05fe260,deep_m0032_r0,validation_or_superseded
3,1024.0,deep,final_geometry_v15_20260930,4327fe4ece9317f6fd20fad18389a71e9b1f423b,False,32,5302.714918815538,0.38621725500141724,0.38621725500141724,cfd402acd9944c34ab29ba4acb1b71fa49ebb351210a369cc3cc948e765f42b2,train_logit,0.005,694,full_posterior,32,128,819200,train_logit_64,2080,0,1.0,dynamics_h_0p005_stage_2,af056e127c02b019412d5384149e30d1e6c85b146336ef076ef6b326c05fe260,deep_m0032_r0,validation_or_superseded
3,1024.0,deep,final_geometry_v15_20260930,4327fe4ece9317f6fd20fad18389a71e9b1f423b,False,32,4625.889579456156,0.4427256562922052,0.4427256562922052,cfd402acd9944c34ab29ba4acb1b71fa49ebb351210a369cc3cc948e765f42b2,train_logit,0.005,1132,full_posterior,32,128,819200,train_logit_80,2080,0,1.0,dynamics_h_0p005_stage_2,af056e127c02b019412d5384149e30d1e6c85b146336ef076ef6b326c05fe260,deep_m0032_r0,validation_or_superseded
3,1024.0,deep,final_geometry_v15_20260930,4327fe4ece9317f6fd20fad18389a71e9b1f423b,False,32,5236.878234618339,0.39107267884552166,0.39107267884552166,cfd402acd9944c34ab29ba4acb1b71fa49ebb351210a369cc3cc948e765f42b2,train_logit,0.005,1232,full_posterior,32,128,819200,train_logit_96,2080,0,1.0,dynamics_h_0p005_stage_2,af056e127c02b019412d5384149e30d1e6c85b146336ef076ef6b326c05fe260,deep_m0032_r0,validation_or_superseded
3,1024.0,deep,final_geometry_v15_20260930,4327fe4ece9317f6fd20fad18389a71e9b1f423b,False,32,5272.85973568056,0.3884040355068667,0.3884040355068667,cfd402acd9944c34ab29ba4acb1b71fa49ebb351210a369cc3cc948e765f42b2,train_logit,0.005,1110,full_posterior,32,128,819200,train_logit_112,2080,0,1.0,dynamics_h_0p005_stage_2,af056e127c02b019412d5384149e30d1e6c85b146336ef076ef6b326c05fe260,deep_m0032_r0,validation_or_superseded
3,1024.0,deep,final_geometry_v15_20260930,4327fe4ece9317f6fd20fad18389a71e9b1f423b,False,32,3758.010060675644,0.5449692701545867,0.5449692701545867,cfd402acd9944c34ab29ba4acb1b71fa49ebb351210a369cc3cc948e765f42b2,test_probability,0.005,2134,full_posterior,32,128,819200,test_prob_0,2080,0,1.0,dynamics_h_0p005_stage_2,af056e127c02b019412d5384149e30d1e6c85b146336ef076ef6b326c05fe260,deep_m0032_r0,validation_or_superseded
3,1024.0,deep,final_geometry_v15_20260930,4327fe4ece9317f6fd20fad18389a71e9b1f423b,False,32,4083.9407263405465,0.5014764261368528,0.5014764261368528,cfd402acd9944c34ab29ba4acb1b71fa49ebb351210a369cc3cc948e765f42b2,test_probability,0.005,1064,full_posterior,32,128,819200,test_prob_128,2080,0,1.0,dynamics_h_0p005_stage_2,af056e127c02b019412d5384149e30d1e6c85b146336ef076ef6b326c05fe260,deep_m0032_r0,validation_or_superseded
3,1024.0,deep,final_geometry_v15_20260930,4327fe4ece9317f6fd20fad18389a71e9b1f423b,False,32,4806.719357411368,0.4260702253902627,0.4260702253902627,cfd402acd9944c34ab29ba4acb1b71fa49ebb351210a369cc3cc948e765f42b2,test_probability,0.005,728,full_posterior,32,128,819200,test_prob_256,2080,0,1.0,dynamics_h_0p005_stage_2,af056e127c02b019412d5384149e30d1e6c85b146336ef076ef6b326c05fe260,deep_m0032_r0,validation_or_superseded
3,1024.0,deep,final_geometry_v15_20260930,4327fe4ece9317f6fd20fad18389a71e9b1f423b,False,32,3977.8700274892717,0.514848395208288,0.514848395208288,cfd402acd9944c34ab29ba4acb1b71fa49ebb351210a369cc3cc948e765f42b2,test_probability,0.005,1318,full_posterior,32,128,819200,test_prob_384,2080,0,1.0,dynamics_h_0p005_stage_2,af056e127c02b019412d5384149e30d1e6c85b146336ef076ef6b326c05fe260,deep_m0032_r0,validation_or_superseded
3,1024.0,deep,final_geometry_v15_20260930,4327fe4ece9317f6fd20fad18389a71e9b1f423b,False,32,4914.558302169382,0.4167210711684859,0.4167210711684859,cfd402acd9944c34ab29ba4acb1b71fa49ebb351210a369cc3cc948e765f42b2,test_probability,0.005,676,full_posterior,32,128,819200,test_prob_512,2080,0,1.0,dynamics_h_0p005_stage_2,af056e127c02b019412d5384149e30d1e6c85b146336ef076ef6b326c05fe260,deep_m0032_r0,validation_or_superseded
3,1024.0,deep,final_geometry_v15_20260930,4327fe4ece9317f6fd20fad18389a71e9b1f423b,False,32,4622.339077365907,0.4430657218611224,0.4430657218611224,cfd402acd9944c34ab29ba4acb1b71fa49ebb351210a369cc3cc948e765f42b2,test_probability,0.005,1348,full_posterior,32,128,819200,test_prob_640,2080,0,1.0,dynamics_h_0p005_stage_2,af056e127c02b019412d5384149e30d1e6c85b146336ef076ef6b326c05fe260,deep_m0032_r0,validation_or_superseded
3,1024.0,deep,final_geometry_v15_20260930,4327fe4ece9317f6fd20fad18389a71e9b1f423b,False,32,4609.481266735844,0.4443016212647003,0.4443016212647003,cfd402acd9944c34ab29ba4acb1b71fa49ebb351210a369cc3cc948e765f42b2,test_probability,0.005,946,full_posterior,32,128,819200,test_prob_768,2080,0,1.0,dynamics_h_0p005_stage_2,af056e127c02b019412d5384149e30d1e6c85b146336ef076ef6b326c05fe260,deep_m0032_r0,validation_or_superseded
3,1024.0,deep,final_geometry_v15_20260930,4327fe4ece9317f6fd20fad18389a71e9b1f423b,False,32,4578.951903437098,0.44726392484330535,0.44726392484330535,cfd402acd9944c34ab29ba4acb1b71fa49ebb351210a369cc3cc948e765f42b2,test_probability,0.005,682,full_posterior,32,128,819200,test_prob_896,2080,0,1.0,dynamics_h_0p005_stage_2,af056e127c02b019412d5384149e30d1e6c85b146336ef076ef6b326c05fe260,deep_m0032_r0,validation_or_superseded
3,1024.0,deep,final_geometry_v15_20260930,4327fe4ece9317f6fd20fad18389a71e9b1f423b,False,32,3869.0286405836864,0.5293318272492902,0.5293318272492902,cfd402acd9944c34ab29ba4acb1b71fa49ebb351210a369cc3cc948e765f42b2,interaction,0.005,1264,full_posterior,32,128,819200,interaction_0,2080,0,1.0,dynamics_h_0p005_stage_2,af056e127c02b019412d5384149e30d1e6c85b146336ef076ef6b326c05fe260,deep_m0032_r0,validation_or_superseded
3,1024.0,deep,final_geometry_v15_20260930,4327fe4ece9317f6fd20fad18389a71e9b1f423b,False,32,3820.1123945906043,0.5361098806673936,0.5361098806673936,cfd402acd9944c34ab29ba4acb1b71fa49ebb351210a369cc3cc948e765f42b2,interaction,0.005,524,full_posterior,32,128,819200,interaction_1,2080,0,1.0,dynamics_h_0p005_stage_2,af056e127c02b019412d5384149e30d1e6c85b146336ef076ef6b326c05fe260,deep_m0032_r0,validation_or_superseded
3,1024.0,deep,final_geometry_v15_20260930,4327fe4ece9317f6fd20fad18389a71e9b1f423b,False,32,3211.4592578162155,0.6377163263134887,0.6377163263134887,cfd402acd9944c34ab29ba4acb1b71fa49ebb351210a369cc3cc948e765f42b2,interaction,0.005,768,full_posterior,32,128,819200,interaction_2,2080,0,1.0,dynamics_h_0p005_stage_2,af056e127c02b019412d5384149e30d1e6c85b146336ef076ef6b326c05fe260,deep_m0032_r0,validation_or_superseded
3,1024.0,deep,final_geometry_v15_20260930,4327fe4ece9317f6fd20fad18389a71e9b1f423b,False,32,3709.9322634765585,0.552031642238349,0.552031642238349,cfd402acd9944c34ab29ba4acb1b71fa49ebb351210a369cc3cc948e765f42b2,interaction,0.005,588,full_posterior,32,128,819200,interaction_3,2080,0,1.0,dynamics_h_0p005_stage_2,af056e127c02b019412d5384149e30d1e6c85b146336ef076ef6b326c05fe260,deep_m0032_r0,validation_or_superseded
3,1024.0,deep,final_geometry_v15_20260930,4327fe4ece9317f6fd20fad18389a71e9b1f423b,False,32,1280.8957113476251,1.5988811437625219,1.5988811437625219,cfd402acd9944c34ab29ba4acb1b71fa49ebb351210a369cc3cc948e765f42b2,control,0.005,3382,full_posterior,32,128,819200,q_A,2080,0,1.0,dynamics_h_0p005_stage_2,af056e127c02b019412d5384149e30d1e6c85b146336ef076ef6b326c05fe260,deep_m0032_r0,validation_or_superseded
3,1024.0,deep,final_geometry_v15_20260930,4327fe4ece9317f6fd20fad18389a71e9b1f423b,False,32,2104.591675505293,0.9731103775787263,0.9731103775787263,cfd402acd9944c34ab29ba4acb1b71fa49ebb351210a369cc3cc948e765f42b2,control,0.005,1198,full_posterior,32,128,819200,q_W,2080,0,1.0,dynamics_h_0p005_stage_2,af056e127c02b019412d5384149e30d1e6c85b146336ef076ef6b326c05fe260,deep_m0032_r0,validation_or_superseded
3,1024.0,deep,final_geometry_v15_20260930,4327fe4ece9317f6fd20fad18389a71e9b1f423b,False,32,4043.651618518765,0.5064729094417401,0.5064729094417401,cfd402acd9944c34ab29ba4acb1b71fa49ebb351210a369cc3cc948e765f42b2,control,0.005,620,full_posterior,32,128,819200,U,2080,0,1.0,dynamics_h_0p005_stage_2,af056e127c02b019412d5384149e30d1e6c85b146336ef076ef6b326c05fe260,deep_m0032_r0,validation_or_superseded
3,1024.0,deep,final_geometry_v15_20260930,4327fe4ece9317f6fd20fad18389a71e9b1f423b,False,32,3357.4559296123684,0.6099856685941518,0.6099856685941518,c3981e313e36d7d446ada2410808927f842cb77d50a0f411db041d0a1a2ba6e6,loss,0.01,1304,full_posterior,32,128,409600,V,2080,0,1.0,dynamics_h_0p01_stage_2,af056e127c02b019412d5384149e30d1e6c85b146336ef076ef6b326c05fe260,deep_m0032_r0,production_final
3,1024.0,deep,final_geometry_v15_20260930,4327fe4ece9317f6fd20fad18389a71e9b1f423b,False,32,5257.224365381455,0.3895591775549798,0.3895591775549798,c3981e313e36d7d446ada2410808927f842cb77d50a0f411db041d0a1a2ba6e6,train_logit,0.01,336,full_posterior,32,128,409600,train_logit_0,2080,0,1.0,dynamics_h_0p01_stage_2,af056e127c02b019412d5384149e30d1e6c85b146336ef076ef6b326c05fe260,deep_m0032_r0,production_final
3,1024.0,deep,final_geometry_v15_20260930,4327fe4ece9317f6fd20fad18389a71e9b1f423b,False,32,5346.903588881694,0.38302542134079126,0.38302542134079126,c3981e313e36d7d446ada2410808927f842cb77d50a0f411db041d0a1a2ba6e6,train_logit,0.01,400,full_posterior,32,128,409600,train_logit_16,2080,0,1.0,dynamics_h_0p01_stage_2,af056e127c02b019412d5384149e30d1e6c85b146336ef076ef6b326c05fe260,deep_m0032_r0,production_final
3,1024.0,deep,final_geometry_v15_20260930,4327fe4ece9317f6fd20fad18389a71e9b1f423b,False,32,5319.90491869062,0.3849692863503416,0.3849692863503416,c3981e313e36d7d446ada2410808927f842cb77d50a0f411db041d0a1a2ba6e6,train_logit,0.01,670,full_posterior,32,128,409600,train_logit_32,2080,0,1.0,dynamics_h_0p01_stage_2,af056e127c02b019412d5384149e30d1e6c85b146336ef076ef6b326c05fe260,deep_m0032_r0,production_final
3,1024.0,deep,final_geometry_v15_20260930,4327fe4ece9317f6fd20fad18389a71e9b1f423b,False,32,5294.314068545611,0.3868300923376466,0.3868300923376466,c3981e313e36d7d446ada2410808927f842cb77d50a0f411db041d0a1a2ba6e6,train_logit,0.01,374,full_posterior,32,128,409600,train_logit_48,2080,0,1.0,dynamics_h_0p01_stage_2,af056e127c02b019412d5384149e30d1e6c85b146336ef076ef6b326c05fe260,deep_m0032_r0,production_final
3,1024.0,deep,final_geometry_v15_20260930,4327fe4ece9317f6fd20fad18389a71e9b1f423b,False,32,5645.988579929164,0.3627354131179796,0.3627354131179796,c3981e313e36d7d446ada2410808927f842cb77d50a0f411db041d0a1a2ba6e6,train_logit,0.01,526,full_posterior,32,128,409600,train_logit_64,2080,0,1.0,dynamics_h_0p01_stage_2,af056e127c02b019412d5384149e30d1e6c85b146336ef076ef6b326c05fe260,deep_m0032_r0,production_final
3,1024.0,deep,final_geometry_v15_20260930,4327fe4ece9317f6fd20fad18389a71e9b1f423b,False,32,4965.317076448159,0.4124610711598294,0.4124610711598294,c3981e313e36d7d446ada2410808927f842cb77d50a0f411db041d0a1a2ba6e6,train_logit,0.01,562,full_posterior,32,128,409600,train_logit_80,2080,0,1.0,dynamics_h_0p01_stage_2,af056e127c02b019412d5384149e30d1e6c85b146336ef076ef6b326c05fe260,deep_m0032_r0,production_final
3,1024.0,deep,final_geometry_v15_20260930,4327fe4ece9317f6fd20fad18389a71e9b1f423b,False,32,5504.6548797546575,0.3720487559596614,0.3720487559596614,c3981e313e36d7d446ada2410808927f842cb77d50a0f411db041d0a1a2ba6e6,train_logit,0.01,228,full_posterior,32,128,409600,train_logit_96,2080,0,1.0,dynamics_h_0p01_stage_2,af056e127c02b019412d5384149e30d1e6c85b146336ef076ef6b326c05fe260,deep_m0032_r0,production_final
3,1024.0,deep,final_geometry_v15_20260930,4327fe4ece9317f6fd20fad18389a71e9b1f423b,False,32,5153.261149785143,0.3974182445780743,0.3974182445780743,c3981e313e36d7d446ada2410808927f842cb77d50a0f411db041d0a1a2ba6e6,train_logit,0.01,498,full_posterior,32,128,409600,train_logit_112,2080,0,1.0,dynamics_h_0p01_stage_2,af056e127c02b019412d5384149e30d1e6c85b146336ef076ef6b326c05fe260,deep_m0032_r0,production_final
3,1024.0,deep,final_geometry_v15_20260930,4327fe4ece9317f6fd20fad18389a71e9b1f423b,False,32,4425.862632851669,0.4627346508222814,0.4627346508222814,c3981e313e36d7d446ada2410808927f842cb77d50a0f411db041d0a1a2ba6e6,test_probability,0.01,398,full_posterior,32,128,409600,test_prob_0,2080,0,1.0,dynamics_h_0p01_stage_2,af056e127c02b019412d5384149e30d1e6c85b146336ef076ef6b326c05fe260,deep_m0032_r0,production_final
3,1024.0,deep,final_geometry_v15_20260930,4327fe4ece9317f6fd20fad18389a71e9b1f423b,False,32,4493.463994218627,0.45577309679903844,0.45577309679903844,c3981e313e36d7d446ada2410808927f842cb77d50a0f411db041d0a1a2ba6e6,test_probability,0.01,370,full_posterior,32,128,409600,test_prob_128,2080,0,1.0,dynamics_h_0p01_stage_2,af056e127c02b019412d5384149e30d1e6c85b146336ef076ef6b326c05fe260,deep_m0032_r0,production_final
3,1024.0,deep,final_geometry_v15_20260930,4327fe4ece9317f6fd20fad18389a71e9b1f423b,False,32,4738.73490068645,0.4321828595440796,0.4321828595440796,c3981e313e36d7d446ada2410808927f842cb77d50a0f411db041d0a1a2ba6e6,test_probability,0.01,472,full_posterior,32,128,409600,test_prob_256,2080,0,1.0,dynamics_h_0p01_stage_2,af056e127c02b019412d5384149e30d1e6c85b146336ef076ef6b326c05fe260,deep_m0032_r0,production_final
3,1024.0,deep,final_geometry_v15_20260930,4327fe4ece9317f6fd20fad18389a71e9b1f423b,False,32,4509.586561470816,0.45414362759943083,0.45414362759943083,c3981e313e36d7d446ada2410808927f842cb77d50a0f411db041d0a1a2ba6e6,test_probability,0.01,428,full_posterior,32,128,409600,test_prob_384,2080,0,1.0,dynamics_h_0p01_stage_2,af056e127c02b019412d5384149e30d1e6c85b146336ef076ef6b326c05fe260,deep_m0032_r0,production_final
3,1024.0,deep,final_geometry_v15_20260930,4327fe4ece9317f6fd20fad18389a71e9b1f423b,False,32,4382.345889280082,0.4673296110673818,0.4673296110673818,c3981e313e36d7d446ada2410808927f842cb77d50a0f411db041d0a1a2ba6e6,test_probability,0.01,798,full_posterior,32,128,409600,test_prob_512,2080,0,1.0,dynamics_h_0p01_stage_2,af056e127c02b019412d5384149e30d1e6c85b146336ef076ef6b326c05fe260,deep_m0032_r0,production_final
3,1024.0,deep,final_geometry_v15_20260930,4327fe4ece9317f6fd20fad18389a71e9b1f423b,False,32,4804.891438547329,0.42623231475531015,0.42623231475531015,c3981e313e36d7d446ada2410808927f842cb77d50a0f411db041d0a1a2ba6e6,test_probability,0.01,482,full_posterior,32,128,409600,test_prob_640,2080,0,1.0,dynamics_h_0p01_stage_2,af056e127c02b019412d5384149e30d1e6c85b146336ef076ef6b326c05fe260,deep_m0032_r0,production_final
3,1024.0,deep,final_geometry_v15_20260930,4327fe4ece9317f6fd20fad18389a71e9b1f423b,False,32,4245.153042768092,0.48243254821846954,0.48243254821846954,c3981e313e36d7d446ada2410808927f842cb77d50a0f411db041d0a1a2ba6e6,test_probability,0.01,444,full_posterior,32,128,409600,test_prob_768,2080,0,1.0,dynamics_h_0p01_stage_2,af056e127c02b019412d5384149e30d1e6c85b146336ef076ef6b326c05fe260,deep_m0032_r0,production_final
3,1024.0,deep,final_geometry_v15_20260930,4327fe4ece9317f6fd20fad18389a71e9b1f423b,False,32,4997.963834434648,0.40976687063836326,0.40976687063836326,c3981e313e36d7d446ada2410808927f842cb77d50a0f411db041d0a1a2ba6e6,test_probability,0.01,268,full_posterior,32,128,409600,test_prob_896,2080,0,1.0,dynamics_h_0p01_stage_2,af056e127c02b019412d5384149e30d1e6c85b146336ef076ef6b326c05fe260,deep_m0032_r0,production_final
3,1024.0,deep,final_geometry_v15_20260930,4327fe4ece9317f6fd20fad18389a71e9b1f423b,False,32,3915.66524269984,0.5230273460731055,0.5230273460731055,c3981e313e36d7d446ada2410808927f842cb77d50a0f411db041d0a1a2ba6e6,interaction,0.01,534,full_posterior,32,128,409600,interaction_0,2080,0,1.0,dynamics_h_0p01_stage_2,af056e127c02b019412d5384149e30d1e6c85b146336ef076ef6b326c05fe260,deep_m0032_r0,production_final
3,1024.0,deep,final_geometry_v15_20260930,4327fe4ece9317f6fd20fad18389a71e9b1f423b,False,32,3534.072617646665,0.5795013916164974,0.5795013916164974,c3981e313e36d7d446ada2410808927f842cb77d50a0f411db041d0a1a2ba6e6,interaction,0.01,284,full_posterior,32,128,409600,interaction_1,2080,0,1.0,dynamics_h_0p01_stage_2,af056e127c02b019412d5384149e30d1e6c85b146336ef076ef6b326c05fe260,deep_m0032_r0,production_final
3,1024.0,deep,final_geometry_v15_20260930,4327fe4ece9317f6fd20fad18389a71e9b1f423b,False,32,3619.1495134413085,0.5658788045074813,0.5658788045074813,c3981e313e36d7d446ada2410808927f842cb77d50a0f411db041d0a1a2ba6e6,interaction,0.01,350,full_posterior,32,128,409600,interaction_2,2080,0,1.0,dynamics_h_0p01_stage_2,af056e127c02b019412d5384149e30d1e6c85b146336ef076ef6b326c05fe260,deep_m0032_r0,production_final
3,1024.0,deep,final_geometry_v15_20260930,4327fe4ece9317f6fd20fad18389a71e9b1f423b,False,32,3666.1532712930884,0.558623671311388,0.558623671311388,c3981e313e36d7d446ada2410808927f842cb77d50a0f411db041d0a1a2ba6e6,interaction,0.01,236,full_posterior,32,128,409600,interaction_3,2080,0,1.0,dynamics_h_0p01_stage_2,af056e127c02b019412d5384149e30d1e6c85b146336ef076ef6b326c05fe260,deep_m0032_r0,production_final
3,1024.0,deep,final_geometry_v15_20260930,4327fe4ece9317f6fd20fad18389a71e9b1f423b,False,32,1548.4439808331917,1.3226180768244555,1.3226180768244555,c3981e313e36d7d446ada2410808927f842cb77d50a0f411db041d0a1a2ba6e6,control,0.01,768,full_posterior,32,128,409600,q_A,2080,0,1.0,dynamics_h_0p01_stage_2,af056e127c02b019412d5384149e30d1e6c85b146336ef076ef6b326c05fe260,deep_m0032_r0,production_final
3,1024.0,deep,final_geometry_v15_20260930,4327fe4ece9317f6fd20fad18389a71e9b1f423b,False,32,2084.0637895465647,0.9826954483219484,0.9826954483219484,c3981e313e36d7d446ada2410808927f842cb77d50a0f411db041d0a1a2ba6e6,control,0.01,456,full_posterior,32,128,409600,q_W,2080,0,1.0,dynamics_h_0p01_stage_2,af056e127c02b019412d5384149e30d1e6c85b146336ef076ef6b326c05fe260,deep_m0032_r0,production_final
3,1024.0,deep,final_geometry_v15_20260930,4327fe4ece9317f6fd20fad18389a71e9b1f423b,False,32,3920.9090146474095,0.5223278562061119,0.5223278562061119,c3981e313e36d7d446ada2410808927f842cb77d50a0f411db041d0a1a2ba6e6,control,0.01,360,full_posterior,32,128,409600,U,2080,0,1.0,dynamics_h_0p01_stage_2,af056e127c02b019412d5384149e30d1e6c85b146336ef076ef6b326c05fe260,deep_m0032_r0,production_final
3,1024.0,deep,final_geometry_v15_20260930,4327fe4ece9317f6fd20fad18389a71e9b1f423b,False,32,3362.12327934191,0.6091388773825296,0.6091388773825296,41d63e28db09e50cf291420173d046c9adb4bf9d0b96bdf73f4e1c6042179ae6,loss,0.02,340,full_posterior,32,128,204800,V,2080,0,1.0,dynamics_h_0p02_stage_2,af056e127c02b019412d5384149e30d1e6c85b146336ef076ef6b326c05fe260,deep_m0032_r0,validation_or_superseded
3,1024.0,deep,final_geometry_v15_20260930,4327fe4ece9317f6fd20fad18389a71e9b1f423b,False,32,4944.024864137267,0.4142373989369845,0.4142373989369845,41d63e28db09e50cf291420173d046c9adb4bf9d0b96bdf73f4e1c6042179ae6,train_logit,0.02,226,full_posterior,32,128,204800,train_logit_0,2080,0,1.0,dynamics_h_0p02_stage_2,af056e127c02b019412d5384149e30d1e6c85b146336ef076ef6b326c05fe260,deep_m0032_r0,validation_or_superseded
3,1024.0,deep,final_geometry_v15_20260930,4327fe4ece9317f6fd20fad18389a71e9b1f423b,False,32,5197.429055046289,0.3940409726250242,0.3940409726250242,41d63e28db09e50cf291420173d046c9adb4bf9d0b96bdf73f4e1c6042179ae6,train_logit,0.02,202,full_posterior,32,128,204800,train_logit_16,2080,0,1.0,dynamics_h_0p02_stage_2,af056e127c02b019412d5384149e30d1e6c85b146336ef076ef6b326c05fe260,deep_m0032_r0,validation_or_superseded
3,1024.0,deep,final_geometry_v15_20260930,4327fe4ece9317f6fd20fad18389a71e9b1f423b,False,32,5282.495333498833,0.38769556255216187,0.38769556255216187,41d63e28db09e50cf291420173d046c9adb4bf9d0b96bdf73f4e1c6042179ae6,train_logit,0.02,216,full_posterior,32,128,204800,train_logit_32,2080,0,1.0,dynamics_h_0p02_stage_2,af056e127c02b019412d5384149e30d1e6c85b146336ef076ef6b326c05fe260,deep_m0032_r0,validation_or_superseded
3,1024.0,deep,final_geometry_v15_20260930,4327fe4ece9317f6fd20fad18389a71e9b1f423b,False,32,5138.370688458405,0.39856992112307754,0.39856992112307754,41d63e28db09e50cf291420173d046c9adb4bf9d0b96bdf73f4e1c6042179ae6,train_logit,0.02,248,full_posterior,32,128,204800,train_logit_48,2080,0,1.0,dynamics_h_0p02_stage_2,af056e127c02b019412d5384149e30d1e6c85b146336ef076ef6b326c05fe260,deep_m0032_r0,validation_or_superseded
3,1024.0,deep,final_geometry_v15_20260930,4327fe4ece9317f6fd20fad18389a71e9b1f423b,False,32,5034.088443636202,0.4068263843455037,0.4068263843455037,41d63e28db09e50cf291420173d046c9adb4bf9d0b96bdf73f4e1c6042179ae6,train_logit,0.02,198,full_posterior,32,128,204800,train_logit_64,2080,0,1.0,dynamics_h_0p02_stage_2,af056e127c02b019412d5384149e30d1e6c85b146336ef076ef6b326c05fe260,deep_m0032_r0,validation_or_superseded
3,1024.0,deep,final_geometry_v15_20260930,4327fe4ece9317f6fd20fad18389a71e9b1f423b,False,32,5064.070278533596,0.404417768189631,0.404417768189631,41d63e28db09e50cf291420173d046c9adb4bf9d0b96bdf73f4e1c6042179ae6,train_logit,0.02,196,full_posterior,32,128,204800,train_logit_80,2080,0,1.0,dynamics_h_0p02_stage_2,af056e127c02b019412d5384149e30d1e6c85b146336ef076ef6b326c05fe260,deep_m0032_r0,validation_or_superseded
3,1024.0,deep,final_geometry_v15_20260930,4327fe4ece9317f6fd20fad18389a71e9b1f423b,False,32,5486.4042377592505,0.3732863841685208,0.3732863841685208,41d63e28db09e50cf291420173d046c9adb4bf9d0b96bdf73f4e1c6042179ae6,train_logit,0.02,270,full_posterior,32,128,204800,train_logit_96,2080,0,1.0,dynamics_h_0p02_stage_2,af056e127c02b019412d5384149e30d1e6c85b146336ef076ef6b326c05fe260,deep_m0032_r0,validation_or_superseded
3,1024.0,deep,final_geometry_v15_20260930,4327fe4ece9317f6fd20fad18389a71e9b1f423b,False,32,4132.946503027814,0.49553024664113765,0.49553024664113765,41d63e28db09e50cf291420173d046c9adb4bf9d0b96bdf73f4e1c6042179ae6,train_logit,0.02,340,full_posterior,32,128,204800,train_logit_112,2080,0,1.0,dynamics_h_0p02_stage_2,af056e127c02b019412d5384149e30d1e6c85b146336ef076ef6b326c05fe260,deep_m0032_r0,validation_or_superseded
3,1024.0,deep,final_geometry_v15_20260930,4327fe4ece9317f6fd20fad18389a71e9b1f423b,False,32,4179.403956451011,0.4900220273847572,0.4900220273847572,41d63e28db09e50cf291420173d046c9adb4bf9d0b96bdf73f4e1c6042179ae6,test_probability,0.02,358,full_posterior,32,128,204800,test_prob_0,2080,0,1.0,dynamics_h_0p02_stage_2,af056e127c02b019412d5384149e30d1e6c85b146336ef076ef6b326c05fe260,deep_m0032_r0,validation_or_superseded
3,1024.0,deep,final_geometry_v15_20260930,4327fe4ece9317f6fd20fad18389a71e9b1f423b,False,32,4262.23976174027,0.48049854407153353,0.48049854407153353,41d63e28db09e50cf291420173d046c9adb4bf9d0b96bdf73f4e1c6042179ae6,test_probability,0.02,338,full_posterior,32,128,204800,test_prob_128,2080,0,1.0,dynamics_h_0p02_stage_2,af056e127c02b019412d5384149e30d1e6c85b146336ef076ef6b326c05fe260,deep_m0032_r0,validation_or_superseded
3,1024.0,deep,final_geometry_v15_20260930,4327fe4ece9317f6fd20fad18389a71e9b1f423b,False,32,4047.6231557549168,0.5059759570473231,0.5059759570473231,41d63e28db09e50cf291420173d046c9adb4bf9d0b96bdf73f4e1c6042179ae6,test_probability,0.02,330,full_posterior,32,128,204800,test_prob_256,2080,0,1.0,dynamics_h_0p02_stage_2,af056e127c02b019412d5384149e30d1e6c85b146336ef076ef6b326c05fe260,deep_m0032_r0,validation_or_superseded
3,1024.0,deep,final_geometry_v15_20260930,4327fe4ece9317f6fd20fad18389a71e9b1f423b,False,32,4303.004289890986,0.47594653921478774,0.47594653921478774,41d63e28db09e50cf291420173d046c9adb4bf9d0b96bdf73f4e1c6042179ae6,test_probability,0.02,338,full_posterior,32,128,204800,test_prob_384,2080,0,1.0,dynamics_h_0p02_stage_2,af056e127c02b019412d5384149e30d1e6c85b146336ef076ef6b326c05fe260,deep_m0032_r0,validation_or_superseded
3,1024.0,deep,final_geometry_v15_20260930,4327fe4ece9317f6fd20fad18389a71e9b1f423b,False,32,4078.112355933578,0.502193127911299,0.502193127911299,41d63e28db09e50cf291420173d046c9adb4bf9d0b96bdf73f4e1c6042179ae6,test_probability,0.02,312,full_posterior,32,128,204800,test_prob_512,2080,0,1.0,dynamics_h_0p02_stage_2,af056e127c02b019412d5384149e30d1e6c85b146336ef076ef6b326c05fe260,deep_m0032_r0,validation_or_superseded
3,1024.0,deep,final_geometry_v15_20260930,4327fe4ece9317f6fd20fad18389a71e9b1f423b,False,32,4578.298473062748,0.4473277598762468,0.4473277598762468,41d63e28db09e50cf291420173d046c9adb4bf9d0b96bdf73f4e1c6042179ae6,test_probability,0.02,396,full_posterior,32,128,204800,test_prob_640,2080,0,1.0,dynamics_h_0p02_stage_2,af056e127c02b019412d5384149e30d1e6c85b146336ef076ef6b326c05fe260,deep_m0032_r0,validation_or_superseded
3,1024.0,deep,final_geometry_v15_20260930,4327fe4ece9317f6fd20fad18389a71e9b1f423b,False,32,4144.9762973699535,0.49409208957346396,0.49409208957346396,41d63e28db09e50cf291420173d046c9adb4bf9d0b96bdf73f4e1c6042179ae6,test_probability,0.02,418,full_posterior,32,128,204800,test_prob_768,2080,0,1.0,dynamics_h_0p02_stage_2,af056e127c02b019412d5384149e30d1e6c85b146336ef076ef6b326c05fe260,deep_m0032_r0,validation_or_superseded
3,1024.0,deep,final_geometry_v15_20260930,4327fe4ece9317f6fd20fad18389a71e9b1f423b,False,32,4288.018864192719,0.47760983915017485,0.47760983915017485,41d63e28db09e50cf291420173d046c9adb4bf9d0b96bdf73f4e1c6042179ae6,test_probability,0.02,300,full_posterior,32,128,204800,test_prob_896,2080,0,1.0,dynamics_h_0p02_stage_2,af056e127c02b019412d5384149e30d1e6c85b146336ef076ef6b326c05fe260,deep_m0032_r0,validation_or_superseded
3,1024.0,deep,final_geometry_v15_20260930,4327fe4ece9317f6fd20fad18389a71e9b1f423b,False,32,3611.9874597824733,0.5670008611057963,0.5670008611057963,41d63e28db09e50cf291420173d046c9adb4bf9d0b96bdf73f4e1c6042179ae6,interaction,0.02,198,full_posterior,32,128,204800,interaction_0,2080,0,1.0,dynamics_h_0p02_stage_2,af056e127c02b019412d5384149e30d1e6c85b146336ef076ef6b326c05fe260,deep_m0032_r0,validation_or_superseded
3,1024.0,deep,final_geometry_v15_20260930,4327fe4ece9317f6fd20fad18389a71e9b1f423b,False,32,3016.9071247590905,0.6788409173065079,0.6788409173065079,41d63e28db09e50cf291420173d046c9adb4bf9d0b96bdf73f4e1c6042179ae6,interaction,0.02,350,full_posterior,32,128,204800,interaction_1,2080,0,1.0,dynamics_h_0p02_stage_2,af056e127c02b019412d5384149e30d1e6c85b146336ef076ef6b326c05fe260,deep_m0032_r0,validation_or_superseded
3,1024.0,deep,final_geometry_v15_20260930,4327fe4ece9317f6fd20fad18389a71e9b1f423b,False,32,3649.1046421227716,0.5612335629839953,0.5612335629839953,41d63e28db09e50cf291420173d046c9adb4bf9d0b96bdf73f4e1c6042179ae6,interaction,0.02,164,full_posterior,32,128,204800,interaction_2,2080,0,1.0,dynamics_h_0p02_stage_2,af056e127c02b019412d5384149e30d1e6c85b146336ef076ef6b326c05fe260,deep_m0032_r0,validation_or_superseded
3,1024.0,deep,final_geometry_v15_20260930,4327fe4ece9317f6fd20fad18389a71e9b1f423b,False,32,3562.739768375906,0.5748385043944964,0.5748385043944964,41d63e28db09e50cf291420173d046c9adb4bf9d0b96bdf73f4e1c6042179ae6,interaction,0.02,158,full_posterior,32,128,204800,interaction_3,2080,0,1.0,dynamics_h_0p02_stage_2,af056e127c02b019412d5384149e30d1e6c85b146336ef076ef6b326c05fe260,deep_m0032_r0,validation_or_superseded
3,1024.0,deep,final_geometry_v15_20260930,4327fe4ece9317f6fd20fad18389a71e9b1f423b,False,32,1270.2871926913615,1.6122338411213104,1.6122338411213104,41d63e28db09e50cf291420173d046c9adb4bf9d0b96bdf73f4e1c6042179ae6,control,0.02,462,full_posterior,32,128,204800,q_A,2080,0,1.0,dynamics_h_0p02_stage_2,af056e127c02b019412d5384149e30d1e6c85b146336ef076ef6b326c05fe260,deep_m0032_r0,validation_or_superseded
3,1024.0,deep,final_geometry_v15_20260930,4327fe4ece9317f6fd20fad18389a71e9b1f423b,False,32,1993.7091589689808,1.027231073693364,1.027231073693364,41d63e28db09e50cf291420173d046c9adb4bf9d0b96bdf73f4e1c6042179ae6,control,0.02,374,full_posterior,32,128,204800,q_W,2080,0,1.0,dynamics_h_0p02_stage_2,af056e127c02b019412d5384149e30d1e6c85b146336ef076ef6b326c05fe260,deep_m0032_r0,validation_or_superseded
3,1024.0,deep,final_geometry_v15_20260930,4327fe4ece9317f6fd20fad18389a71e9b1f423b,False,32,4017.3578783434446,0.5097877913840456,0.5097877913840456,41d63e28db09e50cf291420173d046c9adb4bf9d0b96bdf73f4e1c6042179ae6,control,0.02,206,full_posterior,32,128,204800,U,2080,0,1.0,dynamics_h_0p02_stage_2,af056e127c02b019412d5384149e30d1e6c85b146336ef076ef6b326c05fe260,deep_m0032_r0,validation_or_superseded
3,2048.0,deep,final_geometry_v15_20260930,4327fe4ece9317f6fd20fad18389a71e9b1f423b,False,32,5855.893764534616,0.6994662411409918,0.6994662411409918,d73a649efd1effa354d80a14e4d0e73f21dc1d356b034cc8d88cfd0839d7a112,loss,0.005,2062,full_posterior,32,128,1638400,V,2080,1,1.0,dynamics_h_0p005_stage_3,662315e3af404632a903759afc0db53d7616be0be60d5bbeff2faff490855fed,deep_m0032_r1,validation_or_superseded
3,2048.0,deep,final_geometry_v15_20260930,4327fe4ece9317f6fd20fad18389a71e9b1f423b,False,32,10071.3752141848,0.4066971900948623,0.4066971900948623,d73a649efd1effa354d80a14e4d0e73f21dc1d356b034cc8d88cfd0839d7a112,train_logit,0.005,922,full_posterior,32,128,1638400,train_logit_0,2080,1,1.0,dynamics_h_0p005_stage_3,662315e3af404632a903759afc0db53d7616be0be60d5bbeff2faff490855fed,deep_m0032_r1,validation_or_superseded
3,2048.0,deep,final_geometry_v15_20260930,4327fe4ece9317f6fd20fad18389a71e9b1f423b,False,32,8573.572658060775,0.4777471613480744,0.4777471613480744,d73a649efd1effa354d80a14e4d0e73f21dc1d356b034cc8d88cfd0839d7a112,train_logit,0.005,1652,full_posterior,32,128,1638400,train_logit_16,2080,1,1.0,dynamics_h_0p005_stage_3,662315e3af404632a903759afc0db53d7616be0be60d5bbeff2faff490855fed,deep_m0032_r1,validation_or_superseded
3,2048.0,deep,final_geometry_v15_20260930,4327fe4ece9317f6fd20fad18389a71e9b1f423b,False,32,9644.204315135506,0.42471103536989396,0.42471103536989396,d73a649efd1effa354d80a14e4d0e73f21dc1d356b034cc8d88cfd0839d7a112,train_logit,0.005,1652,full_posterior,32,128,1638400,train_logit_32,2080,1,1.0,dynamics_h_0p005_stage_3,662315e3af404632a903759afc0db53d7616be0be60d5bbeff2faff490855fed,deep_m0032_r1,validation_or_superseded
3,2048.0,deep,final_geometry_v15_20260930,4327fe4ece9317f6fd20fad18389a71e9b1f423b,False,32,8930.23451878292,0.458666565965866,0.458666565965866,d73a649efd1effa354d80a14e4d0e73f21dc1d356b034cc8d88cfd0839d7a112,train_logit,0.005,978,full_posterior,32,128,1638400,train_logit_48,2080,1,1.0,dynamics_h_0p005_stage_3,662315e3af404632a903759afc0db53d7616be0be60d5bbeff2faff490855fed,deep_m0032_r1,validation_or_superseded
3,2048.0,deep,final_geometry_v15_20260930,4327fe4ece9317f6fd20fad18389a71e9b1f423b,False,32,9157.736879025768,0.44727207760043736,0.44727207760043736,d73a649efd1effa354d80a14e4d0e73f21dc1d356b034cc8d88cfd0839d7a112,train_logit,0.005,966,full_posterior,32,128,1638400,train_logit_64,2080,1,1.0,dynamics_h_0p005_stage_3,662315e3af404632a903759afc0db53d7616be0be60d5bbeff2faff490855fed,deep_m0032_r1,validation_or_superseded
3,2048.0,deep,final_geometry_v15_20260930,4327fe4ece9317f6fd20fad18389a71e9b1f423b,False,32,9594.707836322637,0.4269020036747543,0.4269020036747543,d73a649efd1effa354d80a14e4d0e73f21dc1d356b034cc8d88cfd0839d7a112,train_logit,0.005,1306,full_posterior,32,128,1638400,train_logit_80,2080,1,1.0,dynamics_h_0p005_stage_3,662315e3af404632a903759afc0db53d7616be0be60d5bbeff2faff490855fed,deep_m0032_r1,validation_or_superseded
3,2048.0,deep,final_geometry_v15_20260930,4327fe4ece9317f6fd20fad18389a71e9b1f423b,False,32,8276.126026910146,0.4949175479785707,0.4949175479785707,d73a649efd1effa354d80a14e4d0e73f21dc1d356b034cc8d88cfd0839d7a112,train_logit,0.005,1390,full_posterior,32,128,1638400,train_logit_96,2080,1,1.0,dynamics_h_0p005_stage_3,662315e3af404632a903759afc0db53d7616be0be60d5bbeff2faff490855fed,deep_m0032_r1,validation_or_superseded
3,2048.0,deep,final_geometry_v15_20260930,4327fe4ece9317f6fd20fad18389a71e9b1f423b,False,32,9314.67318516208,0.43973630835752475,0.43973630835752475,d73a649efd1effa354d80a14e4d0e73f21dc1d356b034cc8d88cfd0839d7a112,train_logit,0.005,1260,full_posterior,32,128,1638400,train_logit_112,2080,1,1.0,dynamics_h_0p005_stage_3,662315e3af404632a903759afc0db53d7616be0be60d5bbeff2faff490855fed,deep_m0032_r1,validation_or_superseded
3,2048.0,deep,final_geometry_v15_20260930,4327fe4ece9317f6fd20fad18389a71e9b1f423b,False,32,9265.574124578876,0.4420665082301271,0.4420665082301271,d73a649efd1effa354d80a14e4d0e73f21dc1d356b034cc8d88cfd0839d7a112,test_probability,0.005,2198,full_posterior,32,128,1638400,test_prob_0,2080,1,1.0,dynamics_h_0p005_stage_3,662315e3af404632a903759afc0db53d7616be0be60d5bbeff2faff490855fed,deep_m0032_r1,validation_or_superseded
3,2048.0,deep,final_geometry_v15_20260930,4327fe4ece9317f6fd20fad18389a71e9b1f423b,False,32,8661.557694101108,0.47289415422234643,0.47289415422234643,d73a649efd1effa354d80a14e4d0e73f21dc1d356b034cc8d88cfd0839d7a112,test_probability,0.005,770,full_posterior,32,128,1638400,test_prob_128,2080,1,1.0,dynamics_h_0p005_stage_3,662315e3af404632a903759afc0db53d7616be0be60d5bbeff2faff490855fed,deep_m0032_r1,validation_or_superseded
3,2048.0,deep,final_geometry_v15_20260930,4327fe4ece9317f6fd20fad18389a71e9b1f423b,False,32,8084.075116795822,0.5066751534124138,0.5066751534124138,d73a649efd1effa354d80a14e4d0e73f21dc1d356b034cc8d88cfd0839d7a112,test_probability,0.005,1280,full_posterior,32,128,1638400,test_prob_256,2080,1,1.0,dynamics_h_0p005_stage_3,662315e3af404632a903759afc0db53d7616be0be60d5bbeff2faff490855fed,deep_m0032_r1,validation_or_superseded
3,2048.0,deep,final_geometry_v15_20260930,4327fe4ece9317f6fd20fad18389a71e9b1f423b,False,32,8849.646981045798,0.4628433211825088,0.4628433211825088,d73a649efd1effa354d80a14e4d0e73f21dc1d356b034cc8d88cfd0839d7a112,test_probability,0.005,1558,full_posterior,32,128,1638400,test_prob_384,2080,1,1.0,dynamics_h_0p005_stage_3,662315e3af404632a903759afc0db53d7616be0be60d5bbeff2faff490855fed,deep_m0032_r1,validation_or_superseded
3,2048.0,deep,final_geometry_v15_20260930,4327fe4ece9317f6fd20fad18389a71e9b1f423b,False,32,7806.674615267319,0.5246792266696444,0.5246792266696444,d73a649efd1effa354d80a14e4d0e73f21dc1d356b034cc8d88cfd0839d7a112,test_probability,0.005,1510,full_posterior,32,128,1638400,test_prob_512,2080,1,1.0,dynamics_h_0p005_stage_3,662315e3af404632a903759afc0db53d7616be0be60d5bbeff2faff490855fed,deep_m0032_r1,validation_or_superseded
3,2048.0,deep,final_geometry_v15_20260930,4327fe4ece9317f6fd20fad18389a71e9b1f423b,False,32,7599.7326523199645,0.538966327815442,0.538966327815442,d73a649efd1effa354d80a14e4d0e73f21dc1d356b034cc8d88cfd0839d7a112,test_probability,0.005,1980,full_posterior,32,128,1638400,test_prob_640,2080,1,1.0,dynamics_h_0p005_stage_3,662315e3af404632a903759afc0db53d7616be0be60d5bbeff2faff490855fed,deep_m0032_r1,validation_or_superseded
3,2048.0,deep,final_geometry_v15_20260930,4327fe4ece9317f6fd20fad18389a71e9b1f423b,False,32,8344.065143863943,0.4908878261829146,0.4908878261829146,d73a649efd1effa354d80a14e4d0e73f21dc1d356b034cc8d88cfd0839d7a112,test_probability,0.005,954,full_posterior,32,128,1638400,test_prob_768,2080,1,1.0,dynamics_h_0p005_stage_3,662315e3af404632a903759afc0db53d7616be0be60d5bbeff2faff490855fed,deep_m0032_r1,validation_or_superseded
3,2048.0,deep,final_geometry_v15_20260930,4327fe4ece9317f6fd20fad18389a71e9b1f423b,False,32,8831.99978050871,0.46376812746751184,0.46376812746751184,d73a649efd1effa354d80a14e4d0e73f21dc1d356b034cc8d88cfd0839d7a112,test_probability,0.005,1208,full_posterior,32,128,1638400,test_prob_896,2080,1,1.0,dynamics_h_0p005_stage_3,662315e3af404632a903759afc0db53d7616be0be60d5bbeff2faff490855fed,deep_m0032_r1,validation_or_superseded
3,2048.0,deep,final_geometry_v15_20260930,4327fe4ece9317f6fd20fad18389a71e9b1f423b,False,32,6131.03515220172,0.6680764174919276,0.6680764174919276,d73a649efd1effa354d80a14e4d0e73f21dc1d356b034cc8d88cfd0839d7a112,interaction,0.005,958,full_posterior,32,128,1638400,interaction_0,2080,1,1.0,dynamics_h_0p005_stage_3,662315e3af404632a903759afc0db53d7616be0be60d5bbeff2faff490855fed,deep_m0032_r1,validation_or_superseded
3,2048.0,deep,final_geometry_v15_20260930,4327fe4ece9317f6fd20fad18389a71e9b1f423b,False,32,6311.715666788908,0.6489519199276359,0.6489519199276359,d73a649efd1effa354d80a14e4d0e73f21dc1d356b034cc8d88cfd0839d7a112,interaction,0.005,804,full_posterior,32,128,1638400,interaction_1,2080,1,1.0,dynamics_h_0p005_stage_3,662315e3af404632a903759afc0db53d7616be0be60d5bbeff2faff490855fed,deep_m0032_r1,validation_or_superseded
3,2048.0,deep,final_geometry_v15_20260930,4327fe4ece9317f6fd20fad18389a71e9b1f423b,False,32,6596.063272765377,0.6209764568075111,0.6209764568075111,d73a649efd1effa354d80a14e4d0e73f21dc1d356b034cc8d88cfd0839d7a112,interaction,0.005,810,full_posterior,32,128,1638400,interaction_2,2080,1,1.0,dynamics_h_0p005_stage_3,662315e3af404632a903759afc0db53d7616be0be60d5bbeff2faff490855fed,deep_m0032_r1,validation_or_superseded
3,2048.0,deep,final_geometry_v15_20260930,4327fe4ece9317f6fd20fad18389a71e9b1f423b,False,32,5978.648629468303,0.685104653886353,0.685104653886353,d73a649efd1effa354d80a14e4d0e73f21dc1d356b034cc8d88cfd0839d7a112,interaction,0.005,1870,full_posterior,32,128,1638400,interaction_3,2080,1,1.0,dynamics_h_0p005_stage_3,662315e3af404632a903759afc0db53d7616be0be60d5bbeff2faff490855fed,deep_m0032_r1,validation_or_superseded
3,2048.0,deep,final_geometry_v15_20260930,4327fe4ece9317f6fd20fad18389a71e9b1f423b,False,32,2318.3482126473955,1.7667751451895344,1.7667751451895344,d73a649efd1effa354d80a14e4d0e73f21dc1d356b034cc8d88cfd0839d7a112,control,0.005,1996,full_posterior,32,128,1638400,q_A,2080,1,1.0,dynamics_h_0p005_stage_3,662315e3af404632a903759afc0db53d7616be0be60d5bbeff2faff490855fed,deep_m0032_r1,validation_or_superseded
3,2048.0,deep,final_geometry_v15_20260930,4327fe4ece9317f6fd20fad18389a71e9b1f423b,False,32,4004.367926871644,1.0228830304312075,1.0228830304312075,d73a649efd1effa354d80a14e4d0e73f21dc1d356b034cc8d88cfd0839d7a112,control,0.005,1320,full_posterior,32,128,1638400,q_W,2080,1,1.0,dynamics_h_0p005_stage_3,662315e3af404632a903759afc0db53d7616be0be60d5bbeff2faff490855fed,deep_m0032_r1,validation_or_superseded
3,2048.0,deep,final_geometry_v15_20260930,4327fe4ece9317f6fd20fad18389a71e9b1f423b,False,32,8270.978038210347,0.4952255925571629,0.4952255925571629,d73a649efd1effa354d80a14e4d0e73f21dc1d356b034cc8d88cfd0839d7a112,control,0.005,1050,full_posterior,32,128,1638400,U,2080,1,1.0,dynamics_h_0p005_stage_3,662315e3af404632a903759afc0db53d7616be0be60d5bbeff2faff490855fed,deep_m0032_r1,validation_or_superseded
3,2048.0,deep,final_geometry_v15_20260930,4327fe4ece9317f6fd20fad18389a71e9b1f423b,False,32,6701.486685810315,0.6112076606334,0.6112076606334,a4f1deb03ebac7680343345dbe04314973750f53dfb4636fc2040125204ab8c5,loss,0.01,462,full_posterior,32,128,819200,V,2080,1,1.0,dynamics_h_0p01_stage_3,662315e3af404632a903759afc0db53d7616be0be60d5bbeff2faff490855fed,deep_m0032_r1,production_final
3,2048.0,deep,final_geometry_v15_20260930,4327fe4ece9317f6fd20fad18389a71e9b1f423b,False,32,8236.747515695912,0.4972836659366673,0.4972836659366673,a4f1deb03ebac7680343345dbe04314973750f53dfb4636fc2040125204ab8c5,train_logit,0.01,628,full_posterior,32,128,819200,train_logit_0,2080,1,1.0,dynamics_h_0p01_stage_3,662315e3af404632a903759afc0db53d7616be0be60d5bbeff2faff490855fed,deep_m0032_r1,production_final
3,2048.0,deep,final_geometry_v15_20260930,4327fe4ece9317f6fd20fad18389a71e9b1f423b,False,32,9114.724303002413,0.44938276395817783,0.44938276395817783,a4f1deb03ebac7680343345dbe04314973750f53dfb4636fc2040125204ab8c5,train_logit,0.01,490,full_posterior,32,128,819200,train_logit_16,2080,1,1.0,dynamics_h_0p01_stage_3,662315e3af404632a903759afc0db53d7616be0be60d5bbeff2faff490855fed,deep_m0032_r1,production_final
3,2048.0,deep,final_geometry_v15_20260930,4327fe4ece9317f6fd20fad18389a71e9b1f423b,False,32,10727.93705556992,0.38180686359204224,0.38180686359204224,a4f1deb03ebac7680343345dbe04314973750f53dfb4636fc2040125204ab8c5,train_logit,0.01,304,full_posterior,32,128,819200,train_logit_32,2080,1,1.0,dynamics_h_0p01_stage_3,662315e3af404632a903759afc0db53d7616be0be60d5bbeff2faff490855fed,deep_m0032_r1,production_final
3,2048.0,deep,final_geometry_v15_20260930,4327fe4ece9317f6fd20fad18389a71e9b1f423b,False,32,8828.97160834389,0.463927191263028,0.463927191263028,a4f1deb03ebac7680343345dbe04314973750f53dfb4636fc2040125204ab8c5,train_logit,0.01,542,full_posterior,32,128,819200,train_logit_48,2080,1,1.0,dynamics_h_0p01_stage_3,662315e3af404632a903759afc0db53d7616be0be60d5bbeff2faff490855fed,deep_m0032_r1,production_final
3,2048.0,deep,final_geometry_v15_20260930,4327fe4ece9317f6fd20fad18389a71e9b1f423b,False,32,9349.351033028552,0.4381052744227934,0.4381052744227934,a4f1deb03ebac7680343345dbe04314973750f53dfb4636fc2040125204ab8c5,train_logit,0.01,450,full_posterior,32,128,819200,train_logit_64,2080,1,1.0,dynamics_h_0p01_stage_3,662315e3af404632a903759afc0db53d7616be0be60d5bbeff2faff490855fed,deep_m0032_r1,production_final
3,2048.0,deep,final_geometry_v15_20260930,4327fe4ece9317f6fd20fad18389a71e9b1f423b,False,32,9584.66471369648,0.42734932544346793,0.42734932544346793,a4f1deb03ebac7680343345dbe04314973750f53dfb4636fc2040125204ab8c5,train_logit,0.01,444,full_posterior,32,128,819200,train_logit_80,2080,1,1.0,dynamics_h_0p01_stage_3,662315e3af404632a903759afc0db53d7616be0be60d5bbeff2faff490855fed,deep_m0032_r1,production_final
3,2048.0,deep,final_geometry_v15_20260930,4327fe4ece9317f6fd20fad18389a71e9b1f423b,False,32,7873.410301636367,0.5202320015189237,0.5202320015189237,a4f1deb03ebac7680343345dbe04314973750f53dfb4636fc2040125204ab8c5,train_logit,0.01,1030,full_posterior,32,128,819200,train_logit_96,2080,1,1.0,dynamics_h_0p01_stage_3,662315e3af404632a903759afc0db53d7616be0be60d5bbeff2faff490855fed,deep_m0032_r1,production_final
3,2048.0,deep,final_geometry_v15_20260930,4327fe4ece9317f6fd20fad18389a71e9b1f423b,False,32,8328.429037400716,0.4918094374828644,0.4918094374828644,a4f1deb03ebac7680343345dbe04314973750f53dfb4636fc2040125204ab8c5,train_logit,0.01,912,full_posterior,32,128,819200,train_logit_112,2080,1,1.0,dynamics_h_0p01_stage_3,662315e3af404632a903759afc0db53d7616be0be60d5bbeff2faff490855fed,deep_m0032_r1,production_final
3,2048.0,deep,final_geometry_v15_20260930,4327fe4ece9317f6fd20fad18389a71e9b1f423b,False,32,8186.750256424535,0.5003206243876406,0.5003206243876406,a4f1deb03ebac7680343345dbe04314973750f53dfb4636fc2040125204ab8c5,test_probability,0.01,520,full_posterior,32,128,819200,test_prob_0,2080,1,1.0,dynamics_h_0p01_stage_3,662315e3af404632a903759afc0db53d7616be0be60d5bbeff2faff490855fed,deep_m0032_r1,production_final
3,2048.0,deep,final_geometry_v15_20260930,4327fe4ece9317f6fd20fad18389a71e9b1f423b,False,32,8029.730845407537,0.5101042710967871,0.5101042710967871,a4f1deb03ebac7680343345dbe04314973750f53dfb4636fc2040125204ab8c5,test_probability,0.01,538,full_posterior,32,128,819200,test_prob_128,2080,1,1.0,dynamics_h_0p01_stage_3,662315e3af404632a903759afc0db53d7616be0be60d5bbeff2faff490855fed,deep_m0032_r1,production_final
3,2048.0,deep,final_geometry_v15_20260930,4327fe4ece9317f6fd20fad18389a71e9b1f423b,False,32,8210.088304048635,0.4988984098965345,0.4988984098965345,a4f1deb03ebac7680343345dbe04314973750f53dfb4636fc2040125204ab8c5,test_probability,0.01,596,full_posterior,32,128,819200,test_prob_256,2080,1,1.0,dynamics_h_0p01_stage_3,662315e3af404632a903759afc0db53d7616be0be60d5bbeff2faff490855fed,deep_m0032_r1,production_final
3,2048.0,deep,final_geometry_v15_20260930,4327fe4ece9317f6fd20fad18389a71e9b1f423b,False,32,9345.340465127094,0.43829328800642,0.43829328800642,a4f1deb03ebac7680343345dbe04314973750f53dfb4636fc2040125204ab8c5,test_probability,0.01,562,full_posterior,32,128,819200,test_prob_384,2080,1,1.0,dynamics_h_0p01_stage_3,662315e3af404632a903759afc0db53d7616be0be60d5bbeff2faff490855fed,deep_m0032_r1,production_final
3,2048.0,deep,final_geometry_v15_20260930,4327fe4ece9317f6fd20fad18389a71e9b1f423b,False,32,7925.558107602665,0.5168090302777383,0.5168090302777383,a4f1deb03ebac7680343345dbe04314973750f53dfb4636fc2040125204ab8c5,test_probability,0.01,776,full_posterior,32,128,819200,test_prob_512,2080,1,1.0,dynamics_h_0p01_stage_3,662315e3af404632a903759afc0db53d7616be0be60d5bbeff2faff490855fed,deep_m0032_r1,production_final
3,2048.0,deep,final_geometry_v15_20260930,4327fe4ece9317f6fd20fad18389a71e9b1f423b,False,32,8745.95311162002,0.4683308894668079,0.4683308894668079,a4f1deb03ebac7680343345dbe04314973750f53dfb4636fc2040125204ab8c5,test_probability,0.01,456,full_posterior,32,128,819200,test_prob_640,2080,1,1.0,dynamics_h_0p01_stage_3,662315e3af404632a903759afc0db53d7616be0be60d5bbeff2faff490855fed,deep_m0032_r1,production_final
3,2048.0,deep,final_geometry_v15_20260930,4327fe4ece9317f6fd20fad18389a71e9b1f423b,False,32,7840.4693552052695,0.5224177041493919,0.5224177041493919,a4f1deb03ebac7680343345dbe04314973750f53dfb4636fc2040125204ab8c5,test_probability,0.01,570,full_posterior,32,128,819200,test_prob_768,2080,1,1.0,dynamics_h_0p01_stage_3,662315e3af404632a903759afc0db53d7616be0be60d5bbeff2faff490855fed,deep_m0032_r1,production_final
3,2048.0,deep,final_geometry_v15_20260930,4327fe4ece9317f6fd20fad18389a71e9b1f423b,False,32,8571.026018930126,0.4778891104697966,0.4778891104697966,a4f1deb03ebac7680343345dbe04314973750f53dfb4636fc2040125204ab8c5,test_probability,0.01,446,full_posterior,32,128,819200,test_prob_896,2080,1,1.0,dynamics_h_0p01_stage_3,662315e3af404632a903759afc0db53d7616be0be60d5bbeff2faff490855fed,deep_m0032_r1,production_final
3,2048.0,deep,final_geometry_v15_20260930,4327fe4ece9317f6fd20fad18389a71e9b1f423b,False,32,5579.11599436438,0.7341664887658697,0.7341664887658697,a4f1deb03ebac7680343345dbe04314973750f53dfb4636fc2040125204ab8c5,interaction,0.01,540,full_posterior,32,128,819200,interaction_0,2080,1,1.0,dynamics_h_0p01_stage_3,662315e3af404632a903759afc0db53d7616be0be60d5bbeff2faff490855fed,deep_m0032_r1,production_final
3,2048.0,deep,final_geometry_v15_20260930,4327fe4ece9317f6fd20fad18389a71e9b1f423b,False,32,5808.90478981046,0.7051243131381483,0.7051243131381483,a4f1deb03ebac7680343345dbe04314973750f53dfb4636fc2040125204ab8c5,interaction,0.01,508,full_posterior,32,128,819200,interaction_1,2080,1,1.0,dynamics_h_0p01_stage_3,662315e3af404632a903759afc0db53d7616be0be60d5bbeff2faff490855fed,deep_m0032_r1,production_final
3,2048.0,deep,final_geometry_v15_20260930,4327fe4ece9317f6fd20fad18389a71e9b1f423b,False,32,6203.311594085009,0.6602924805366256,0.6602924805366256,a4f1deb03ebac7680343345dbe04314973750f53dfb4636fc2040125204ab8c5,interaction,0.01,474,full_posterior,32,128,819200,interaction_2,2080,1,1.0,dynamics_h_0p01_stage_3,662315e3af404632a903759afc0db53d7616be0be60d5bbeff2faff490855fed,deep_m0032_r1,production_final
3,2048.0,deep,final_geometry_v15_20260930,4327fe4ece9317f6fd20fad18389a71e9b1f423b,False,32,6584.510647873135,0.6220659695224352,0.6220659695224352,a4f1deb03ebac7680343345dbe04314973750f53dfb4636fc2040125204ab8c5,interaction,0.01,362,full_posterior,32,128,819200,interaction_3,2080,1,1.0,dynamics_h_0p01_stage_3,662315e3af404632a903759afc0db53d7616be0be60d5bbeff2faff490855fed,deep_m0032_r1,production_final
3,2048.0,deep,final_geometry_v15_20260930,4327fe4ece9317f6fd20fad18389a71e9b1f423b,False,32,2001.5128808609952,2.046451980982513,2.046451980982513,a4f1deb03ebac7680343345dbe04314973750f53dfb4636fc2040125204ab8c5,control,0.01,1176,full_posterior,32,128,819200,q_A,2080,1,1.0,dynamics_h_0p01_stage_3,662315e3af404632a903759afc0db53d7616be0be60d5bbeff2faff490855fed,deep_m0032_r1,production_final
3,2048.0,deep,final_geometry_v15_20260930,4327fe4ece9317f6fd20fad18389a71e9b1f423b,False,32,4137.037761353794,0.9900803996189862,0.9900803996189862,a4f1deb03ebac7680343345dbe04314973750f53dfb4636fc2040125204ab8c5,control,0.01,926,full_posterior,32,128,819200,q_W,2080,1,1.0,dynamics_h_0p01_stage_3,662315e3af404632a903759afc0db53d7616be0be60d5bbeff2faff490855fed,deep_m0032_r1,production_final
3,2048.0,deep,final_geometry_v15_20260930,4327fe4ece9317f6fd20fad18389a71e9b1f423b,False,32,8274.13493996227,0.4950366448844352,0.4950366448844352,a4f1deb03ebac7680343345dbe04314973750f53dfb4636fc2040125204ab8c5,control,0.01,336,full_posterior,32,128,819200,U,2080,1,1.0,dynamics_h_0p01_stage_3,662315e3af404632a903759afc0db53d7616be0be60d5bbeff2faff490855fed,deep_m0032_r1,production_final
3,1024.0,deep,final_geometry_v15_20260930,4327fe4ece9317f6fd20fad18389a71e9b1f423b,False,32,3200.2223511304096,0.639955532863705,0.639955532863705,a6ebfb9f286f0e2f1f0df47ef0e22696b5879dfacbc3b55ceba1d4b1deb18ce1,loss,0.02,224,full_posterior,32,128,204800,V,2080,1,1.0,dynamics_h_0p02_stage_2,662315e3af404632a903759afc0db53d7616be0be60d5bbeff2faff490855fed,deep_m0032_r1,validation_or_superseded
3,1024.0,deep,final_geometry_v15_20260930,4327fe4ece9317f6fd20fad18389a71e9b1f423b,False,32,3973.610049622344,0.5154003473981158,0.5154003473981158,a6ebfb9f286f0e2f1f0df47ef0e22696b5879dfacbc3b55ceba1d4b1deb18ce1,train_logit,0.02,418,full_posterior,32,128,204800,train_logit_0,2080,1,1.0,dynamics_h_0p02_stage_2,662315e3af404632a903759afc0db53d7616be0be60d5bbeff2faff490855fed,deep_m0032_r1,validation_or_superseded
3,1024.0,deep,final_geometry_v15_20260930,4327fe4ece9317f6fd20fad18389a71e9b1f423b,False,32,4077.1718332783507,0.5023089739029358,0.5023089739029358,a6ebfb9f286f0e2f1f0df47ef0e22696b5879dfacbc3b55ceba1d4b1deb18ce1,train_logit,0.02,360,full_posterior,32,128,204800,train_logit_16,2080,1,1.0,dynamics_h_0p02_stage_2,662315e3af404632a903759afc0db53d7616be0be60d5bbeff2faff490855fed,deep_m0032_r1,validation_or_superseded
3,1024.0,deep,final_geometry_v15_20260930,4327fe4ece9317f6fd20fad18389a71e9b1f423b,False,32,4182.6670055766845,0.48963974355822104,0.48963974355822104,a6ebfb9f286f0e2f1f0df47ef0e22696b5879dfacbc3b55ceba1d4b1deb18ce1,train_logit,0.02,228,full_posterior,32,128,204800,train_logit_32,2080,1,1.0,dynamics_h_0p02_stage_2,662315e3af404632a903759afc0db53d7616be0be60d5bbeff2faff490855fed,deep_m0032_r1,validation_or_superseded
3,1024.0,deep,final_geometry_v15_20260930,4327fe4ece9317f6fd20fad18389a71e9b1f423b,False,32,4512.535008789454,0.45384689448634385,0.45384689448634385,a6ebfb9f286f0e2f1f0df47ef0e22696b5879dfacbc3b55ceba1d4b1deb18ce1,train_logit,0.02,284,full_posterior,32,128,204800,train_logit_48,2080,1,1.0,dynamics_h_0p02_stage_2,662315e3af404632a903759afc0db53d7616be0be60d5bbeff2faff490855fed,deep_m0032_r1,validation_or_superseded
3,1024.0,deep,final_geometry_v15_20260930,4327fe4ece9317f6fd20fad18389a71e9b1f423b,False,32,4022.5235788836253,0.5091331249743434,0.5091331249743434,a6ebfb9f286f0e2f1f0df47ef0e22696b5879dfacbc3b55ceba1d4b1deb18ce1,train_logit,0.02,300,full_posterior,32,128,204800,train_logit_64,2080,1,1.0,dynamics_h_0p02_stage_2,662315e3af404632a903759afc0db53d7616be0be60d5bbeff2faff490855fed,deep_m0032_r1,validation_or_superseded
3,1024.0,deep,final_geometry_v15_20260930,4327fe4ece9317f6fd20fad18389a71e9b1f423b,False,32,4668.0169521924045,0.4387301976352348,0.4387301976352348,a6ebfb9f286f0e2f1f0df47ef0e22696b5879dfacbc3b55ceba1d4b1deb18ce1,train_logit,0.02,208,full_posterior,32,128,204800,train_logit_80,2080,1,1.0,dynamics_h_0p02_stage_2,662315e3af404632a903759afc0db53d7616be0be60d5bbeff2faff490855fed,deep_m0032_r1,validation_or_superseded
3,1024.0,deep,final_geometry_v15_20260930,4327fe4ece9317f6fd20fad18389a71e9b1f423b,False,32,4541.3495181616845,0.4509672712504675,0.4509672712504675,a6ebfb9f286f0e2f1f0df47ef0e22696b5879dfacbc3b55ceba1d4b1deb18ce1,train_logit,0.02,190,full_posterior,32,128,204800,train_logit_96,2080,1,1.0,dynamics_h_0p02_stage_2,662315e3af404632a903759afc0db53d7616be0be60d5bbeff2faff490855fed,deep_m0032_r1,validation_or_superseded
3,1024.0,deep,final_geometry_v15_20260930,4327fe4ece9317f6fd20fad18389a71e9b1f423b,False,32,4622.063265334923,0.4430921608883686,0.4430921608883686,a6ebfb9f286f0e2f1f0df47ef0e22696b5879dfacbc3b55ceba1d4b1deb18ce1,train_logit,0.02,224,full_posterior,32,128,204800,train_logit_112,2080,1,1.0,dynamics_h_0p02_stage_2,662315e3af404632a903759afc0db53d7616be0be60d5bbeff2faff490855fed,deep_m0032_r1,validation_or_superseded
3,1024.0,deep,final_geometry_v15_20260930,4327fe4ece9317f6fd20fad18389a71e9b1f423b,False,32,4251.998214261415,0.48165589372331,0.48165589372331,a6ebfb9f286f0e2f1f0df47ef0e22696b5879dfacbc3b55ceba1d4b1deb18ce1,test_probability,0.02,190,full_posterior,32,128,204800,test_prob_0,2080,1,1.0,dynamics_h_0p02_stage_2,662315e3af404632a903759afc0db53d7616be0be60d5bbeff2faff490855fed,deep_m0032_r1,validation_or_superseded
3,1024.0,deep,final_geometry_v15_20260930,4327fe4ece9317f6fd20fad18389a71e9b1f423b,False,32,4515.239368037592,0.4535750672483394,0.4535750672483394,a6ebfb9f286f0e2f1f0df47ef0e22696b5879dfacbc3b55ceba1d4b1deb18ce1,test_probability,0.02,304,full_posterior,32,128,204800,test_prob_128,2080,1,1.0,dynamics_h_0p02_stage_2,662315e3af404632a903759afc0db53d7616be0be60d5bbeff2faff490855fed,deep_m0032_r1,validation_or_superseded
3,1024.0,deep,final_geometry_v15_20260930,4327fe4ece9317f6fd20fad18389a71e9b1f423b,False,32,4035.9740810373396,0.5074363608087434,0.5074363608087434,a6ebfb9f286f0e2f1f0df47ef0e22696b5879dfacbc3b55ceba1d4b1deb18ce1,test_probability,0.02,206,full_posterior,32,128,204800,test_prob_256,2080,1,1.0,dynamics_h_0p02_stage_2,662315e3af404632a903759afc0db53d7616be0be60d5bbeff2faff490855fed,deep_m0032_r1,validation_or_superseded
3,1024.0,deep,final_geometry_v15_20260930,4327fe4ece9317f6fd20fad18389a71e9b1f423b,False,32,4872.897724661545,0.4202838055958269,0.4202838055958269,a6ebfb9f286f0e2f1f0df47ef0e22696b5879dfacbc3b55ceba1d4b1deb18ce1,test_probability,0.02,212,full_posterior,32,128,204800,test_prob_384,2080,1,1.0,dynamics_h_0p02_stage_2,662315e3af404632a903759afc0db53d7616be0be60d5bbeff2faff490855fed,deep_m0032_r1,validation_or_superseded
3,1024.0,deep,final_geometry_v15_20260930,4327fe4ece9317f6fd20fad18389a71e9b1f423b,False,32,3765.863934976714,0.5438327128546836,0.5438327128546836,a6ebfb9f286f0e2f1f0df47ef0e22696b5879dfacbc3b55ceba1d4b1deb18ce1,test_probability,0.02,276,full_posterior,32,128,204800,test_prob_512,2080,1,1.0,dynamics_h_0p02_stage_2,662315e3af404632a903759afc0db53d7616be0be60d5bbeff2faff490855fed,deep_m0032_r1,validation_or_superseded
3,1024.0,deep,final_geometry_v15_20260930,4327fe4ece9317f6fd20fad18389a71e9b1f423b,False,32,3629.2854062526685,0.5642984143577215,0.5642984143577215,a6ebfb9f286f0e2f1f0df47ef0e22696b5879dfacbc3b55ceba1d4b1deb18ce1,test_probability,0.02,234,full_posterior,32,128,204800,test_prob_640,2080,1,1.0,dynamics_h_0p02_stage_2,662315e3af404632a903759afc0db53d7616be0be60d5bbeff2faff490855fed,deep_m0032_r1,validation_or_superseded
3,1024.0,deep,final_geometry_v15_20260930,4327fe4ece9317f6fd20fad18389a71e9b1f423b,False,32,3685.7117326922603,0.5556592996229851,0.5556592996229851,a6ebfb9f286f0e2f1f0df47ef0e22696b5879dfacbc3b55ceba1d4b1deb18ce1,test_probability,0.02,278,full_posterior,32,128,204800,test_prob_768,2080,1,1.0,dynamics_h_0p02_stage_2,662315e3af404632a903759afc0db53d7616be0be60d5bbeff2faff490855fed,deep_m0032_r1,validation_or_superseded
3,1024.0,deep,final_geometry_v15_20260930,4327fe4ece9317f6fd20fad18389a71e9b1f423b,False,32,3968.8091949384952,0.5160237994338093,0.5160237994338093,a6ebfb9f286f0e2f1f0df47ef0e22696b5879dfacbc3b55ceba1d4b1deb18ce1,test_probability,0.02,344,full_posterior,32,128,204800,test_prob_896,2080,1,1.0,dynamics_h_0p02_stage_2,662315e3af404632a903759afc0db53d7616be0be60d5bbeff2faff490855fed,deep_m0032_r1,validation_or_superseded
3,1024.0,deep,final_geometry_v15_20260930,4327fe4ece9317f6fd20fad18389a71e9b1f423b,False,32,3179.1190795599646,0.644203613877676,0.644203613877676,a6ebfb9f286f0e2f1f0df47ef0e22696b5879dfacbc3b55ceba1d4b1deb18ce1,interaction,0.02,316,full_posterior,32,128,204800,interaction_0,2080,1,1.0,dynamics_h_0p02_stage_2,662315e3af404632a903759afc0db53d7616be0be60d5bbeff2faff490855fed,deep_m0032_r1,validation_or_superseded
3,1024.0,deep,final_geometry_v15_20260930,4327fe4ece9317f6fd20fad18389a71e9b1f423b,False,32,2937.9583433946887,0.6970827222940205,0.6970827222940205,a6ebfb9f286f0e2f1f0df47ef0e22696b5879dfacbc3b55ceba1d4b1deb18ce1,interaction,0.02,216,full_posterior,32,128,204800,interaction_1,2080,1,1.0,dynamics_h_0p02_stage_2,662315e3af404632a903759afc0db53d7616be0be60d5bbeff2faff490855fed,deep_m0032_r1,validation_or_superseded
3,1024.0,deep,final_geometry_v15_20260930,4327fe4ece9317f6fd20fad18389a71e9b1f423b,False,32,2896.492740068842,0.7070620173387089,0.7070620173387089,a6ebfb9f286f0e2f1f0df47ef0e22696b5879dfacbc3b55ceba1d4b1deb18ce1,interaction,0.02,464,full_posterior,32,128,204800,interaction_2,2080,1,1.0,dynamics_h_0p02_stage_2,662315e3af404632a903759afc0db53d7616be0be60d5bbeff2faff490855fed,deep_m0032_r1,validation_or_superseded
3,1024.0,deep,final_geometry_v15_20260930,4327fe4ece9317f6fd20fad18389a71e9b1f423b,False,32,3037.0222649235834,0.6743447434197626,0.6743447434197626,a6ebfb9f286f0e2f1f0df47ef0e22696b5879dfacbc3b55ceba1d4b1deb18ce1,interaction,0.02,382,full_posterior,32,128,204800,interaction_3,2080,1,1.0,dynamics_h_0p02_stage_2,662315e3af404632a903759afc0db53d7616be0be60d5bbeff2faff490855fed,deep_m0032_r1,validation_or_superseded
3,1024.0,deep,final_geometry_v15_20260930,4327fe4ece9317f6fd20fad18389a71e9b1f423b,False,32,1034.288420442164,1.9801053163917943,1.9801053163917943,a6ebfb9f286f0e2f1f0df47ef0e22696b5879dfacbc3b55ceba1d4b1deb18ce1,control,0.02,524,full_posterior,32,128,204800,q_A,2080,1,1.0,dynamics_h_0p02_stage_2,662315e3af404632a903759afc0db53d7616be0be60d5bbeff2faff490855fed,deep_m0032_r1,validation_or_superseded
3,1024.0,deep,final_geometry_v15_20260930,4327fe4ece9317f6fd20fad18389a71e9b1f423b,False,32,1967.5085184658615,1.0409103598681753,1.0409103598681753,a6ebfb9f286f0e2f1f0df47ef0e22696b5879dfacbc3b55ceba1d4b1deb18ce1,control,0.02,390,full_posterior,32,128,204800,q_W,2080,1,1.0,dynamics_h_0p02_stage_2,662315e3af404632a903759afc0db53d7616be0be60d5bbeff2faff490855fed,deep_m0032_r1,validation_or_superseded
3,1024.0,deep,final_geometry_v15_20260930,4327fe4ece9317f6fd20fad18389a71e9b1f423b,False,32,3939.9155706668344,0.5198080931600709,0.5198080931600709,a6ebfb9f286f0e2f1f0df47ef0e22696b5879dfacbc3b55ceba1d4b1deb18ce1,control,0.02,128,full_posterior,32,128,204800,U,2080,1,1.0,dynamics_h_0p02_stage_2,662315e3af404632a903759afc0db53d7616be0be60d5bbeff2faff490855fed,deep_m0032_r1,validation_or_superseded
3,1024.0,deep,final_geometry_v15_20260930,4327fe4ece9317f6fd20fad18389a71e9b1f423b,False,32,3196.135823809941,0.640773769607416,0.640773769607416,14eeb703081df8250f25aa1cb40db63327adbc1eb7e032a329bc62baa80183c5,loss,0.005,1220,full_posterior,32,128,819200,V,2080,2,1.0,dynamics_h_0p005_stage_2,e1bd5b82d8da839a2fc5ffa8fd46793eab0e499a09e69bcda3048c51750c1a05,deep_m0032_r2,validation_or_superseded
3,1024.0,deep,final_geometry_v15_20260930,4327fe4ece9317f6fd20fad18389a71e9b1f423b,False,32,4481.632325726077,0.4569763539600942,0.4569763539600942,14eeb703081df8250f25aa1cb40db63327adbc1eb7e032a329bc62baa80183c5,train_logit,0.005,914,full_posterior,32,128,819200,train_logit_0,2080,2,1.0,dynamics_h_0p005_stage_2,e1bd5b82d8da839a2fc5ffa8fd46793eab0e499a09e69bcda3048c51750c1a05,deep_m0032_r2,validation_or_superseded
3,1024.0,deep,final_geometry_v15_20260930,4327fe4ece9317f6fd20fad18389a71e9b1f423b,False,32,5021.920275225531,0.40781212917762333,0.40781212917762333,14eeb703081df8250f25aa1cb40db63327adbc1eb7e032a329bc62baa80183c5,train_logit,0.005,1122,full_posterior,32,128,819200,train_logit_16,2080,2,1.0,dynamics_h_0p005_stage_2,e1bd5b82d8da839a2fc5ffa8fd46793eab0e499a09e69bcda3048c51750c1a05,deep_m0032_r2,validation_or_superseded
3,1024.0,deep,final_geometry_v15_20260930,4327fe4ece9317f6fd20fad18389a71e9b1f423b,False,32,5856.542633942695,0.3496943722616191,0.3496943722616191,14eeb703081df8250f25aa1cb40db63327adbc1eb7e032a329bc62baa80183c5,train_logit,0.005,800,full_posterior,32,128,819200,train_logit_32,2080,2,1.0,dynamics_h_0p005_stage_2,e1bd5b82d8da839a2fc5ffa8fd46793eab0e499a09e69bcda3048c51750c1a05,deep_m0032_r2,validation_or_superseded
3,1024.0,deep,final_geometry_v15_20260930,4327fe4ece9317f6fd20fad18389a71e9b1f423b,False,32,4641.491090096585,0.4412375161873645,0.4412375161873645,14eeb703081df8250f25aa1cb40db63327adbc1eb7e032a329bc62baa80183c5,train_logit,0.005,986,full_posterior,32,128,819200,train_logit_48,2080,2,1.0,dynamics_h_0p005_stage_2,e1bd5b82d8da839a2fc5ffa8fd46793eab0e499a09e69bcda3048c51750c1a05,deep_m0032_r2,validation_or_superseded
3,1024.0,deep,final_geometry_v15_20260930,4327fe4ece9317f6fd20fad18389a71e9b1f423b,False,32,5027.9936194048705,0.40731953041786234,0.40731953041786234,14eeb703081df8250f25aa1cb40db63327adbc1eb7e032a329bc62baa80183c5,train_logit,0.005,788,full_posterior,32,128,819200,train_logit_64,2080,2,1.0,dynamics_h_0p005_stage_2,e1bd5b82d8da839a2fc5ffa8fd46793eab0e499a09e69bcda3048c51750c1a05,deep_m0032_r2,validation_or_superseded
3,1024.0,deep,final_geometry_v15_20260930,4327fe4ece9317f6fd20fad18389a71e9b1f423b,False,32,4740.524310982968,0.43201972306209696,0.43201972306209696,14eeb703081df8250f25aa1cb40db63327adbc1eb7e032a329bc62baa80183c5,train_logit,0.005,890,full_posterior,32,128,819200,train_logit_80,2080,2,1.0,dynamics_h_0p005_stage_2,e1bd5b82d8da839a2fc5ffa8fd46793eab0e499a09e69bcda3048c51750c1a05,deep_m0032_r2,validation_or_superseded
3,1024.0,deep,final_geometry_v15_20260930,4327fe4ece9317f6fd20fad18389a71e9b1f423b,False,32,5097.890875882481,0.40173476636952865,0.40173476636952865,14eeb703081df8250f25aa1cb40db63327adbc1eb7e032a329bc62baa80183c5,train_logit,0.005,578,full_posterior,32,128,819200,train_logit_96,2080,2,1.0,dynamics_h_0p005_stage_2,e1bd5b82d8da839a2fc5ffa8fd46793eab0e499a09e69bcda3048c51750c1a05,deep_m0032_r2,validation_or_superseded
3,1024.0,deep,final_geometry_v15_20260930,4327fe4ece9317f6fd20fad18389a71e9b1f423b,False,32,5887.806153858331,0.34783753854700666,0.34783753854700666,14eeb703081df8250f25aa1cb40db63327adbc1eb7e032a329bc62baa80183c5,train_logit,0.005,556,full_posterior,32,128,819200,train_logit_112,2080,2,1.0,dynamics_h_0p005_stage_2,e1bd5b82d8da839a2fc5ffa8fd46793eab0e499a09e69bcda3048c51750c1a05,deep_m0032_r2,validation_or_superseded
3,1024.0,deep,final_geometry_v15_20260930,4327fe4ece9317f6fd20fad18389a71e9b1f423b,False,32,4758.67928508782,0.4303715122004077,0.4303715122004077,14eeb703081df8250f25aa1cb40db63327adbc1eb7e032a329bc62baa80183c5,test_probability,0.005,1014,full_posterior,32,128,819200,test_prob_0,2080,2,1.0,dynamics_h_0p005_stage_2,e1bd5b82d8da839a2fc5ffa8fd46793eab0e499a09e69bcda3048c51750c1a05,deep_m0032_r2,validation_or_superseded
3,1024.0,deep,final_geometry_v15_20260930,4327fe4ece9317f6fd20fad18389a71e9b1f423b,False,32,4586.624075163653,0.4465157742248423,0.4465157742248423,14eeb703081df8250f25aa1cb40db63327adbc1eb7e032a329bc62baa80183c5,test_probability,0.005,1046,full_posterior,32,128,819200,test_prob_128,2080,2,1.0,dynamics_h_0p005_stage_2,e1bd5b82d8da839a2fc5ffa8fd46793eab0e499a09e69bcda3048c51750c1a05,deep_m0032_r2,validation_or_superseded
3,1024.0,deep,final_geometry_v15_20260930,4327fe4ece9317f6fd20fad18389a71e9b1f423b,False,32,3906.131709161804,0.5243038772083467,0.5243038772083467,14eeb703081df8250f25aa1cb40db63327adbc1eb7e032a329bc62baa80183c5,test_probability,0.005,1514,full_posterior,32,128,819200,test_prob_256,2080,2,1.0,dynamics_h_0p005_stage_2,e1bd5b82d8da839a2fc5ffa8fd46793eab0e499a09e69bcda3048c51750c1a05,deep_m0032_r2,validation_or_superseded
3,1024.0,deep,final_geometry_v15_20260930,4327fe4ece9317f6fd20fad18389a71e9b1f423b,False,32,5005.041527307748,0.4091874140955701,0.4091874140955701,14eeb703081df8250f25aa1cb40db63327adbc1eb7e032a329bc62baa80183c5,test_probability,0.005,716,full_posterior,32,128,819200,test_prob_384,2080,2,1.0,dynamics_h_0p005_stage_2,e1bd5b82d8da839a2fc5ffa8fd46793eab0e499a09e69bcda3048c51750c1a05,deep_m0032_r2,validation_or_superseded
3,1024.0,deep,final_geometry_v15_20260930,4327fe4ece9317f6fd20fad18389a71e9b1f423b,False,32,4735.494009931451,0.4324786380691982,0.4324786380691982,14eeb703081df8250f25aa1cb40db63327adbc1eb7e032a329bc62baa80183c5,test_probability,0.005,1052,full_posterior,32,128,819200,test_prob_512,2080,2,1.0,dynamics_h_0p005_stage_2,e1bd5b82d8da839a2fc5ffa8fd46793eab0e499a09e69bcda3048c51750c1a05,deep_m0032_r2,validation_or_superseded
3,1024.0,deep,final_geometry_v15_20260930,4327fe4ece9317f6fd20fad18389a71e9b1f423b,False,32,4522.491162344107,0.45284776166118074,0.45284776166118074,14eeb703081df8250f25aa1cb40db63327adbc1eb7e032a329bc62baa80183c5,test_probability,0.005,968,full_posterior,32,128,819200,test_prob_640,2080,2,1.0,dynamics_h_0p005_stage_2,e1bd5b82d8da839a2fc5ffa8fd46793eab0e499a09e69bcda3048c51750c1a05,deep_m0032_r2,validation_or_superseded
3,1024.0,deep,final_geometry_v15_20260930,4327fe4ece9317f6fd20fad18389a71e9b1f423b,False,32,4340.1008557549685,0.4718784351023443,0.4718784351023443,14eeb703081df8250f25aa1cb40db63327adbc1eb7e032a329bc62baa80183c5,test_probability,0.005,694,full_posterior,32,128,819200,test_prob_768,2080,2,1.0,dynamics_h_0p005_stage_2,e1bd5b82d8da839a2fc5ffa8fd46793eab0e499a09e69bcda3048c51750c1a05,deep_m0032_r2,validation_or_superseded
3,1024.0,deep,final_geometry_v15_20260930,4327fe4ece9317f6fd20fad18389a71e9b1f423b,False,32,4642.405020462682,0.44115065164992595,0.44115065164992595,14eeb703081df8250f25aa1cb40db63327adbc1eb7e032a329bc62baa80183c5,test_probability,0.005,836,full_posterior,32,128,819200,test_prob_896,2080,2,1.0,dynamics_h_0p005_stage_2,e1bd5b82d8da839a2fc5ffa8fd46793eab0e499a09e69bcda3048c51750c1a05,deep_m0032_r2,validation_or_superseded
3,1024.0,deep,final_geometry_v15_20260930,4327fe4ece9317f6fd20fad18389a71e9b1f423b,False,32,3926.6090047889506,0.5215696285273702,0.5215696285273702,14eeb703081df8250f25aa1cb40db63327adbc1eb7e032a329bc62baa80183c5,interaction,0.005,432,full_posterior,32,128,819200,interaction_0,2080,2,1.0,dynamics_h_0p005_stage_2,e1bd5b82d8da839a2fc5ffa8fd46793eab0e499a09e69bcda3048c51750c1a05,deep_m0032_r2,validation_or_superseded
3,1024.0,deep,final_geometry_v15_20260930,4327fe4ece9317f6fd20fad18389a71e9b1f423b,False,32,3138.4141055792666,0.6525588820032385,0.6525588820032385,14eeb703081df8250f25aa1cb40db63327adbc1eb7e032a329bc62baa80183c5,interaction,0.005,1170,full_posterior,32,128,819200,interaction_1,2080,2,1.0,dynamics_h_0p005_stage_2,e1bd5b82d8da839a2fc5ffa8fd46793eab0e499a09e69bcda3048c51750c1a05,deep_m0032_r2,validation_or_superseded
3,1024.0,deep,final_geometry_v15_20260930,4327fe4ece9317f6fd20fad18389a71e9b1f423b,False,32,3582.0509447118393,0.5717394955042306,0.5717394955042306,14eeb703081df8250f25aa1cb40db63327adbc1eb7e032a329bc62baa80183c5,interaction,0.005,782,full_posterior,32,128,819200,interaction_2,2080,2,1.0,dynamics_h_0p005_stage_2,e1bd5b82d8da839a2fc5ffa8fd46793eab0e499a09e69bcda3048c51750c1a05,deep_m0032_r2,validation_or_superseded
3,1024.0,deep,final_geometry_v15_20260930,4327fe4ece9317f6fd20fad18389a71e9b1f423b,False,32,3668.326866511903,0.55829266979891,0.55829266979891,14eeb703081df8250f25aa1cb40db63327adbc1eb7e032a329bc62baa80183c5,interaction,0.005,528,full_posterior,32,128,819200,interaction_3,2080,2,1.0,dynamics_h_0p005_stage_2,e1bd5b82d8da839a2fc5ffa8fd46793eab0e499a09e69bcda3048c51750c1a05,deep_m0032_r2,validation_or_superseded
3,1024.0,deep,final_geometry_v15_20260930,4327fe4ece9317f6fd20fad18389a71e9b1f423b,False,32,1382.5897621590223,1.481278146311374,1.481278146311374,14eeb703081df8250f25aa1cb40db63327adbc1eb7e032a329bc62baa80183c5,control,0.005,2060,full_posterior,32,128,819200,q_A,2080,2,1.0,dynamics_h_0p005_stage_2,e1bd5b82d8da839a2fc5ffa8fd46793eab0e499a09e69bcda3048c51750c1a05,deep_m0032_r2,validation_or_superseded
3,1024.0,deep,final_geometry_v15_20260930,4327fe4ece9317f6fd20fad18389a71e9b1f423b,False,32,1977.5857351377767,1.0356061755559325,1.0356061755559325,14eeb703081df8250f25aa1cb40db63327adbc1eb7e032a329bc62baa80183c5,control,0.005,1246,full_posterior,32,128,819200,q_W,2080,2,1.0,dynamics_h_0p005_stage_2,e1bd5b82d8da839a2fc5ffa8fd46793eab0e499a09e69bcda3048c51750c1a05,deep_m0032_r2,validation_or_superseded
3,1024.0,deep,final_geometry_v15_20260930,4327fe4ece9317f6fd20fad18389a71e9b1f423b,False,32,3827.101292828553,0.5351308583960561,0.5351308583960561,14eeb703081df8250f25aa1cb40db63327adbc1eb7e032a329bc62baa80183c5,control,0.005,1044,full_posterior,32,128,819200,U,2080,2,1.0,dynamics_h_0p005_stage_2,e1bd5b82d8da839a2fc5ffa8fd46793eab0e499a09e69bcda3048c51750c1a05,deep_m0032_r2,validation_or_superseded
3,1024.0,deep,final_geometry_v15_20260930,4327fe4ece9317f6fd20fad18389a71e9b1f423b,False,32,3298.9965885040156,0.6207948220185033,0.6207948220185033,74b1cdd48aebf572176c6ea81488a0174ce262b6e90b258c8a8cc0c89551cfa1,loss,0.01,518,full_posterior,32,128,409600,V,2080,2,1.0,dynamics_h_0p01_stage_2,e1bd5b82d8da839a2fc5ffa8fd46793eab0e499a09e69bcda3048c51750c1a05,deep_m0032_r2,production_final
3,1024.0,deep,final_geometry_v15_20260930,4327fe4ece9317f6fd20fad18389a71e9b1f423b,False,32,4338.234118125104,0.4720814839022804,0.4720814839022804,74b1cdd48aebf572176c6ea81488a0174ce262b6e90b258c8a8cc0c89551cfa1,train_logit,0.01,476,full_posterior,32,128,409600,train_logit_0,2080,2,1.0,dynamics_h_0p01_stage_2,e1bd5b82d8da839a2fc5ffa8fd46793eab0e499a09e69bcda3048c51750c1a05,deep_m0032_r2,production_final
3,1024.0,deep,final_geometry_v15_20260930,4327fe4ece9317f6fd20fad18389a71e9b1f423b,False,32,5018.030393108267,0.40812825741603936,0.40812825741603936,74b1cdd48aebf572176c6ea81488a0174ce262b6e90b258c8a8cc0c89551cfa1,train_logit,0.01,496,full_posterior,32,128,409600,train_logit_16,2080,2,1.0,dynamics_h_0p01_stage_2,e1bd5b82d8da839a2fc5ffa8fd46793eab0e499a09e69bcda3048c51750c1a05,deep_m0032_r2,production_final
3,1024.0,deep,final_geometry_v15_20260930,4327fe4ece9317f6fd20fad18389a71e9b1f423b,False,32,5429.099501679795,0.3772264625775116,0.3772264625775116,74b1cdd48aebf572176c6ea81488a0174ce262b6e90b258c8a8cc0c89551cfa1,train_logit,0.01,370,full_posterior,32,128,409600,train_logit_32,2080,2,1.0,dynamics_h_0p01_stage_2,e1bd5b82d8da839a2fc5ffa8fd46793eab0e499a09e69bcda3048c51750c1a05,deep_m0032_r2,production_final
3,1024.0,deep,final_geometry_v15_20260930,4327fe4ece9317f6fd20fad18389a71e9b1f423b,False,32,4802.500330365554,0.4264445307896754,0.4264445307896754,74b1cdd48aebf572176c6ea81488a0174ce262b6e90b258c8a8cc0c89551cfa1,train_logit,0.01,394,full_posterior,32,128,409600,train_logit_48,2080,2,1.0,dynamics_h_0p01_stage_2,e1bd5b82d8da839a2fc5ffa8fd46793eab0e499a09e69bcda3048c51750c1a05,deep_m0032_r2,production_final
3,1024.0,deep,final_geometry_v15_20260930,4327fe4ece9317f6fd20fad18389a71e9b1f423b,False,32,4740.214835951317,0.4320479283907785,0.4320479283907785,74b1cdd48aebf572176c6ea81488a0174ce262b6e90b258c8a8cc0c89551cfa1,train_logit,0.01,564,full_posterior,32,128,409600,train_logit_64,2080,2,1.0,dynamics_h_0p01_stage_2,e1bd5b82d8da839a2fc5ffa8fd46793eab0e499a09e69bcda3048c51750c1a05,deep_m0032_r2,production_final
3,1024.0,deep,final_geometry_v15_20260930,4327fe4ece9317f6fd20fad18389a71e9b1f423b,False,32,5408.579415983198,0.3786576552704098,0.3786576552704098,74b1cdd48aebf572176c6ea81488a0174ce262b6e90b258c8a8cc0c89551cfa1,train_logit,0.01,412,full_posterior,32,128,409600,train_logit_80,2080,2,1.0,dynamics_h_0p01_stage_2,e1bd5b82d8da839a2fc5ffa8fd46793eab0e499a09e69bcda3048c51750c1a05,deep_m0032_r2,production_final
3,1024.0,deep,final_geometry_v15_20260930,4327fe4ece9317f6fd20fad18389a71e9b1f423b,False,32,4769.932026974949,0.4293562231952443,0.4293562231952443,74b1cdd48aebf572176c6ea81488a0174ce262b6e90b258c8a8cc0c89551cfa1,train_logit,0.01,532,full_posterior,32,128,409600,train_logit_96,2080,2,1.0,dynamics_h_0p01_stage_2,e1bd5b82d8da839a2fc5ffa8fd46793eab0e499a09e69bcda3048c51750c1a05,deep_m0032_r2,production_final
3,1024.0,deep,final_geometry_v15_20260930,4327fe4ece9317f6fd20fad18389a71e9b1f423b,False,32,5401.161205253701,0.3791777216365832,0.3791777216365832,74b1cdd48aebf572176c6ea81488a0174ce262b6e90b258c8a8cc0c89551cfa1,train_logit,0.01,426,full_posterior,32,128,409600,train_logit_112,2080,2,1.0,dynamics_h_0p01_stage_2,e1bd5b82d8da839a2fc5ffa8fd46793eab0e499a09e69bcda3048c51750c1a05,deep_m0032_r2,production_final
3,1024.0,deep,final_geometry_v15_20260930,4327fe4ece9317f6fd20fad18389a71e9b1f423b,False,32,4774.115714538152,0.4289799666487815,0.4289799666487815,74b1cdd48aebf572176c6ea81488a0174ce262b6e90b258c8a8cc0c89551cfa1,test_probability,0.01,660,full_posterior,32,128,409600,test_prob_0,2080,2,1.0,dynamics_h_0p01_stage_2,e1bd5b82d8da839a2fc5ffa8fd46793eab0e499a09e69bcda3048c51750c1a05,deep_m0032_r2,production_final
3,1024.0,deep,final_geometry_v15_20260930,4327fe4ece9317f6fd20fad18389a71e9b1f423b,False,32,4739.305539596763,0.4321308223090954,0.4321308223090954,74b1cdd48aebf572176c6ea81488a0174ce262b6e90b258c8a8cc0c89551cfa1,test_probability,0.01,428,full_posterior,32,128,409600,test_prob_128,2080,2,1.0,dynamics_h_0p01_stage_2,e1bd5b82d8da839a2fc5ffa8fd46793eab0e499a09e69bcda3048c51750c1a05,deep_m0032_r2,production_final
3,1024.0,deep,final_geometry_v15_20260930,4327fe4ece9317f6fd20fad18389a71e9b1f423b,False,32,4652.096891178826,0.4402315875843772,0.4402315875843772,74b1cdd48aebf572176c6ea81488a0174ce262b6e90b258c8a8cc0c89551cfa1,test_probability,0.01,478,full_posterior,32,128,409600,test_prob_256,2080,2,1.0,dynamics_h_0p01_stage_2,e1bd5b82d8da839a2fc5ffa8fd46793eab0e499a09e69bcda3048c51750c1a05,deep_m0032_r2,production_final
3,1024.0,deep,final_geometry_v15_20260930,4327fe4ece9317f6fd20fad18389a71e9b1f423b,False,32,5016.489149276208,0.40825364892805377,0.40825364892805377,74b1cdd48aebf572176c6ea81488a0174ce262b6e90b258c8a8cc0c89551cfa1,test_probability,0.01,404,full_posterior,32,128,409600,test_prob_384,2080,2,1.0,dynamics_h_0p01_stage_2,e1bd5b82d8da839a2fc5ffa8fd46793eab0e499a09e69bcda3048c51750c1a05,deep_m0032_r2,production_final
3,1024.0,deep,final_geometry_v15_20260930,4327fe4ece9317f6fd20fad18389a71e9b1f423b,False,32,3951.069765498214,0.5183406321709826,0.5183406321709826,74b1cdd48aebf572176c6ea81488a0174ce262b6e90b258c8a8cc0c89551cfa1,test_probability,0.01,944,full_posterior,32,128,409600,test_prob_512,2080,2,1.0,dynamics_h_0p01_stage_2,e1bd5b82d8da839a2fc5ffa8fd46793eab0e499a09e69bcda3048c51750c1a05,deep_m0032_r2,production_final
3,1024.0,deep,final_geometry_v15_20260930,4327fe4ece9317f6fd20fad18389a71e9b1f423b,False,32,5070.439144084304,0.403909788048518,0.403909788048518,74b1cdd48aebf572176c6ea81488a0174ce262b6e90b258c8a8cc0c89551cfa1,test_probability,0.01,330,full_posterior,32,128,409600,test_prob_640,2080,2,1.0,dynamics_h_0p01_stage_2,e1bd5b82d8da839a2fc5ffa8fd46793eab0e499a09e69bcda3048c51750c1a05,deep_m0032_r2,production_final
3,1024.0,deep,final_geometry_v15_20260930,4327fe4ece9317f6fd20fad18389a71e9b1f423b,False,32,5179.468348892577,0.39540737814101773,0.39540737814101773,74b1cdd48aebf572176c6ea81488a0174ce262b6e90b258c8a8cc0c89551cfa1,test_probability,0.01,260,full_posterior,32,128,409600,test_prob_768,2080,2,1.0,dynamics_h_0p01_stage_2,e1bd5b82d8da839a2fc5ffa8fd46793eab0e499a09e69bcda3048c51750c1a05,deep_m0032_r2,production_final
3,1024.0,deep,final_geometry_v15_20260930,4327fe4ece9317f6fd20fad18389a71e9b1f423b,False,32,4550.9522734056345,0.45001570593650964,0.45001570593650964,74b1cdd48aebf572176c6ea81488a0174ce262b6e90b258c8a8cc0c89551cfa1,test_probability,0.01,266,full_posterior,32,128,409600,test_prob_896,2080,2,1.0,dynamics_h_0p01_stage_2,e1bd5b82d8da839a2fc5ffa8fd46793eab0e499a09e69bcda3048c51750c1a05,deep_m0032_r2,production_final
3,1024.0,deep,final_geometry_v15_20260930,4327fe4ece9317f6fd20fad18389a71e9b1f423b,False,32,3537.041294419654,0.5790150098702845,0.5790150098702845,74b1cdd48aebf572176c6ea81488a0174ce262b6e90b258c8a8cc0c89551cfa1,interaction,0.01,608,full_posterior,32,128,409600,interaction_0,2080,2,1.0,dynamics_h_0p01_stage_2,e1bd5b82d8da839a2fc5ffa8fd46793eab0e499a09e69bcda3048c51750c1a05,deep_m0032_r2,production_final
3,1024.0,deep,final_geometry_v15_20260930,4327fe4ece9317f6fd20fad18389a71e9b1f423b,False,32,3358.947711656316,0.6097147606355919,0.6097147606355919,74b1cdd48aebf572176c6ea81488a0174ce262b6e90b258c8a8cc0c89551cfa1,interaction,0.01,416,full_posterior,32,128,409600,interaction_1,2080,2,1.0,dynamics_h_0p01_stage_2,e1bd5b82d8da839a2fc5ffa8fd46793eab0e499a09e69bcda3048c51750c1a05,deep_m0032_r2,production_final
3,1024.0,deep,final_geometry_v15_20260930,4327fe4ece9317f6fd20fad18389a71e9b1f423b,False,32,3567.0653827547426,0.5741414244609074,0.5741414244609074,74b1cdd48aebf572176c6ea81488a0174ce262b6e90b258c8a8cc0c89551cfa1,interaction,0.01,916,full_posterior,32,128,409600,interaction_2,2080,2,1.0,dynamics_h_0p01_stage_2,e1bd5b82d8da839a2fc5ffa8fd46793eab0e499a09e69bcda3048c51750c1a05,deep_m0032_r2,production_final
3,1024.0,deep,final_geometry_v15_20260930,4327fe4ece9317f6fd20fad18389a71e9b1f423b,False,32,3214.943587488608,0.6370251745536287,0.6370251745536287,74b1cdd48aebf572176c6ea81488a0174ce262b6e90b258c8a8cc0c89551cfa1,interaction,0.01,1032,full_posterior,32,128,409600,interaction_3,2080,2,1.0,dynamics_h_0p01_stage_2,e1bd5b82d8da839a2fc5ffa8fd46793eab0e499a09e69bcda3048c51750c1a05,deep_m0032_r2,production_final
3,1024.0,deep,final_geometry_v15_20260930,4327fe4ece9317f6fd20fad18389a71e9b1f423b,False,32,1294.0834167810447,1.5825873150389933,1.5825873150389933,74b1cdd48aebf572176c6ea81488a0174ce262b6e90b258c8a8cc0c89551cfa1,control,0.01,700,full_posterior,32,128,409600,q_A,2080,2,1.0,dynamics_h_0p01_stage_2,e1bd5b82d8da839a2fc5ffa8fd46793eab0e499a09e69bcda3048c51750c1a05,deep_m0032_r2,production_final
3,1024.0,deep,final_geometry_v15_20260930,4327fe4ece9317f6fd20fad18389a71e9b1f423b,False,32,2037.5737575315936,1.0051169889825422,1.0051169889825422,74b1cdd48aebf572176c6ea81488a0174ce262b6e90b258c8a8cc0c89551cfa1,control,0.01,436,full_posterior,32,128,409600,q_W,2080,2,1.0,dynamics_h_0p01_stage_2,e1bd5b82d8da839a2fc5ffa8fd46793eab0e499a09e69bcda3048c51750c1a05,deep_m0032_r2,production_final
3,1024.0,deep,final_geometry_v15_20260930,4327fe4ece9317f6fd20fad18389a71e9b1f423b,False,32,3588.5423492924665,0.57070526153991,0.57070526153991,74b1cdd48aebf572176c6ea81488a0174ce262b6e90b258c8a8cc0c89551cfa1,control,0.01,502,full_posterior,32,128,409600,U,2080,2,1.0,dynamics_h_0p01_stage_2,e1bd5b82d8da839a2fc5ffa8fd46793eab0e499a09e69bcda3048c51750c1a05,deep_m0032_r2,production_final
3,1024.0,deep,final_geometry_v15_20260930,4327fe4ece9317f6fd20fad18389a71e9b1f423b,False,32,3441.947115707435,0.5950120472955226,0.5950120472955226,3b2e0f888c249b028eb58bd0127f54b8d9f202ba1cbeb1cf983ea7881bab56cf,loss,0.02,180,full_posterior,32,128,204800,V,2080,2,1.0,dynamics_h_0p02_stage_2,e1bd5b82d8da839a2fc5ffa8fd46793eab0e499a09e69bcda3048c51750c1a05,deep_m0032_r2,validation_or_superseded
3,1024.0,deep,final_geometry_v15_20260930,4327fe4ece9317f6fd20fad18389a71e9b1f423b,False,32,4457.028577572043,0.45949896087847025,0.45949896087847025,3b2e0f888c249b028eb58bd0127f54b8d9f202ba1cbeb1cf983ea7881bab56cf,train_logit,0.02,206,full_posterior,32,128,204800,train_logit_0,2080,2,1.0,dynamics_h_0p02_stage_2,e1bd5b82d8da839a2fc5ffa8fd46793eab0e499a09e69bcda3048c51750c1a05,deep_m0032_r2,validation_or_superseded
3,1024.0,deep,final_geometry_v15_20260930,4327fe4ece9317f6fd20fad18389a71e9b1f423b,False,32,4815.445211888895,0.42529816245103874,0.42529816245103874,3b2e0f888c249b028eb58bd0127f54b8d9f202ba1cbeb1cf983ea7881bab56cf,train_logit,0.02,224,full_posterior,32,128,204800,train_logit_16,2080,2,1.0,dynamics_h_0p02_stage_2,e1bd5b82d8da839a2fc5ffa8fd46793eab0e499a09e69bcda3048c51750c1a05,deep_m0032_r2,validation_or_superseded
3,1024.0,deep,final_geometry_v15_20260930,4327fe4ece9317f6fd20fad18389a71e9b1f423b,False,32,5607.132084308871,0.36524910938537924,0.36524910938537924,3b2e0f888c249b028eb58bd0127f54b8d9f202ba1cbeb1cf983ea7881bab56cf,train_logit,0.02,192,full_posterior,32,128,204800,train_logit_32,2080,2,1.0,dynamics_h_0p02_stage_2,e1bd5b82d8da839a2fc5ffa8fd46793eab0e499a09e69bcda3048c51750c1a05,deep_m0032_r2,validation_or_superseded
3,1024.0,deep,final_geometry_v15_20260930,4327fe4ece9317f6fd20fad18389a71e9b1f423b,False,32,5008.732757190121,0.40888585981355485,0.40888585981355485,3b2e0f888c249b028eb58bd0127f54b8d9f202ba1cbeb1cf983ea7881bab56cf,train_logit,0.02,162,full_posterior,32,128,204800,train_logit_48,2080,2,1.0,dynamics_h_0p02_stage_2,e1bd5b82d8da839a2fc5ffa8fd46793eab0e499a09e69bcda3048c51750c1a05,deep_m0032_r2,validation_or_superseded
3,1024.0,deep,final_geometry_v15_20260930,4327fe4ece9317f6fd20fad18389a71e9b1f423b,False,32,4890.525217005352,0.418768927492427,0.418768927492427,3b2e0f888c249b028eb58bd0127f54b8d9f202ba1cbeb1cf983ea7881bab56cf,train_logit,0.02,176,full_posterior,32,128,204800,train_logit_64,2080,2,1.0,dynamics_h_0p02_stage_2,e1bd5b82d8da839a2fc5ffa8fd46793eab0e499a09e69bcda3048c51750c1a05,deep_m0032_r2,validation_or_superseded
3,1024.0,deep,final_geometry_v15_20260930,4327fe4ece9317f6fd20fad18389a71e9b1f423b,False,32,5280.514820695183,0.3878409718638722,0.3878409718638722,3b2e0f888c249b028eb58bd0127f54b8d9f202ba1cbeb1cf983ea7881bab56cf,train_logit,0.02,188,full_posterior,32,128,204800,train_logit_80,2080,2,1.0,dynamics_h_0p02_stage_2,e1bd5b82d8da839a2fc5ffa8fd46793eab0e499a09e69bcda3048c51750c1a05,deep_m0032_r2,validation_or_superseded
3,1024.0,deep,final_geometry_v15_20260930,4327fe4ece9317f6fd20fad18389a71e9b1f423b,False,32,4869.98642217657,0.4205350533779673,0.4205350533779673,3b2e0f888c249b028eb58bd0127f54b8d9f202ba1cbeb1cf983ea7881bab56cf,train_logit,0.02,230,full_posterior,32,128,204800,train_logit_96,2080,2,1.0,dynamics_h_0p02_stage_2,e1bd5b82d8da839a2fc5ffa8fd46793eab0e499a09e69bcda3048c51750c1a05,deep_m0032_r2,validation_or_superseded
3,1024.0,deep,final_geometry_v15_20260930,4327fe4ece9317f6fd20fad18389a71e9b1f423b,False,32,5636.545500857094,0.36334311497859473,0.36334311497859473,3b2e0f888c249b028eb58bd0127f54b8d9f202ba1cbeb1cf983ea7881bab56cf,train_logit,0.02,224,full_posterior,32,128,204800,train_logit_112,2080,2,1.0,dynamics_h_0p02_stage_2,e1bd5b82d8da839a2fc5ffa8fd46793eab0e499a09e69bcda3048c51750c1a05,deep_m0032_r2,validation_or_superseded
3,1024.0,deep,final_geometry_v15_20260930,4327fe4ece9317f6fd20fad18389a71e9b1f423b,False,32,4722.402475786731,0.4336775635919961,0.4336775635919961,3b2e0f888c249b028eb58bd0127f54b8d9f202ba1cbeb1cf983ea7881bab56cf,test_probability,0.02,340,full_posterior,32,128,204800,test_prob_0,2080,2,1.0,dynamics_h_0p02_stage_2,e1bd5b82d8da839a2fc5ffa8fd46793eab0e499a09e69bcda3048c51750c1a05,deep_m0032_r2,validation_or_superseded
3,1024.0,deep,final_geometry_v15_20260930,4327fe4ece9317f6fd20fad18389a71e9b1f423b,False,32,4606.318265551242,0.444606707989795,0.444606707989795,3b2e0f888c249b028eb58bd0127f54b8d9f202ba1cbeb1cf983ea7881bab56cf,test_probability,0.02,172,full_posterior,32,128,204800,test_prob_128,2080,2,1.0,dynamics_h_0p02_stage_2,e1bd5b82d8da839a2fc5ffa8fd46793eab0e499a09e69bcda3048c51750c1a05,deep_m0032_r2,validation_or_superseded
3,1024.0,deep,final_geometry_v15_20260930,4327fe4ece9317f6fd20fad18389a71e9b1f423b,False,32,4344.405503074732,0.47141087510144664,0.47141087510144664,3b2e0f888c249b028eb58bd0127f54b8d9f202ba1cbeb1cf983ea7881bab56cf,test_probability,0.02,232,full_posterior,32,128,204800,test_prob_256,2080,2,1.0,dynamics_h_0p02_stage_2,e1bd5b82d8da839a2fc5ffa8fd46793eab0e499a09e69bcda3048c51750c1a05,deep_m0032_r2,validation_or_superseded
3,1024.0,deep,final_geometry_v15_20260930,4327fe4ece9317f6fd20fad18389a71e9b1f423b,False,32,4797.024594219725,0.42693131122733463,0.42693131122733463,3b2e0f888c249b028eb58bd0127f54b8d9f202ba1cbeb1cf983ea7881bab56cf,test_probability,0.02,242,full_posterior,32,128,204800,test_prob_384,2080,2,1.0,dynamics_h_0p02_stage_2,e1bd5b82d8da839a2fc5ffa8fd46793eab0e499a09e69bcda3048c51750c1a05,deep_m0032_r2,validation_or_superseded
3,1024.0,deep,final_geometry_v15_20260930,4327fe4ece9317f6fd20fad18389a71e9b1f423b,False,32,4667.34481688571,0.4387933783230804,0.4387933783230804,3b2e0f888c249b028eb58bd0127f54b8d9f202ba1cbeb1cf983ea7881bab56cf,test_probability,0.02,186,full_posterior,32,128,204800,test_prob_512,2080,2,1.0,dynamics_h_0p02_stage_2,e1bd5b82d8da839a2fc5ffa8fd46793eab0e499a09e69bcda3048c51750c1a05,deep_m0032_r2,validation_or_superseded
3,1024.0,deep,final_geometry_v15_20260930,4327fe4ece9317f6fd20fad18389a71e9b1f423b,False,32,4803.712799325319,0.4263368951382026,0.4263368951382026,3b2e0f888c249b028eb58bd0127f54b8d9f202ba1cbeb1cf983ea7881bab56cf,test_probability,0.02,180,full_posterior,32,128,204800,test_prob_640,2080,2,1.0,dynamics_h_0p02_stage_2,e1bd5b82d8da839a2fc5ffa8fd46793eab0e499a09e69bcda3048c51750c1a05,deep_m0032_r2,validation_or_superseded
3,1024.0,deep,final_geometry_v15_20260930,4327fe4ece9317f6fd20fad18389a71e9b1f423b,False,32,4654.485918874882,0.4400056280533465,0.4400056280533465,3b2e0f888c249b028eb58bd0127f54b8d9f202ba1cbeb1cf983ea7881bab56cf,test_probability,0.02,176,full_posterior,32,128,204800,test_prob_768,2080,2,1.0,dynamics_h_0p02_stage_2,e1bd5b82d8da839a2fc5ffa8fd46793eab0e499a09e69bcda3048c51750c1a05,deep_m0032_r2,validation_or_superseded
3,1024.0,deep,final_geometry_v15_20260930,4327fe4ece9317f6fd20fad18389a71e9b1f423b,False,32,4511.07782988831,0.4539934971706544,0.4539934971706544,3b2e0f888c249b028eb58bd0127f54b8d9f202ba1cbeb1cf983ea7881bab56cf,test_probability,0.02,206,full_posterior,32,128,204800,test_prob_896,2080,2,1.0,dynamics_h_0p02_stage_2,e1bd5b82d8da839a2fc5ffa8fd46793eab0e499a09e69bcda3048c51750c1a05,deep_m0032_r2,validation_or_superseded
3,1024.0,deep,final_geometry_v15_20260930,4327fe4ece9317f6fd20fad18389a71e9b1f423b,False,32,3731.6929813023066,0.5488125658411689,0.5488125658411689,3b2e0f888c249b028eb58bd0127f54b8d9f202ba1cbeb1cf983ea7881bab56cf,interaction,0.02,142,full_posterior,32,128,204800,interaction_0,2080,2,1.0,dynamics_h_0p02_stage_2,e1bd5b82d8da839a2fc5ffa8fd46793eab0e499a09e69bcda3048c51750c1a05,deep_m0032_r2,validation_or_superseded
3,1024.0,deep,final_geometry_v15_20260930,4327fe4ece9317f6fd20fad18389a71e9b1f423b,False,32,3517.501787585869,0.5822314027608734,0.5822314027608734,3b2e0f888c249b028eb58bd0127f54b8d9f202ba1cbeb1cf983ea7881bab56cf,interaction,0.02,170,full_posterior,32,128,204800,interaction_1,2080,2,1.0,dynamics_h_0p02_stage_2,e1bd5b82d8da839a2fc5ffa8fd46793eab0e499a09e69bcda3048c51750c1a05,deep_m0032_r2,validation_or_superseded
3,1024.0,deep,final_geometry_v15_20260930,4327fe4ece9317f6fd20fad18389a71e9b1f423b,False,32,3502.8219310637105,0.5846714564157359,0.5846714564157359,3b2e0f888c249b028eb58bd0127f54b8d9f202ba1cbeb1cf983ea7881bab56cf,interaction,0.02,258,full_posterior,32,128,204800,interaction_2,2080,2,1.0,dynamics_h_0p02_stage_2,e1bd5b82d8da839a2fc5ffa8fd46793eab0e499a09e69bcda3048c51750c1a05,deep_m0032_r2,validation_or_superseded
3,1024.0,deep,final_geometry_v15_20260930,4327fe4ece9317f6fd20fad18389a71e9b1f423b,False,32,3693.5689946175953,0.5544772557340667,0.5544772557340667,3b2e0f888c249b028eb58bd0127f54b8d9f202ba1cbeb1cf983ea7881bab56cf,interaction,0.02,128,full_posterior,32,128,204800,interaction_3,2080,2,1.0,dynamics_h_0p02_stage_2,e1bd5b82d8da839a2fc5ffa8fd46793eab0e499a09e69bcda3048c51750c1a05,deep_m0032_r2,validation_or_superseded
3,1024.0,deep,final_geometry_v15_20260930,4327fe4ece9317f6fd20fad18389a71e9b1f423b,False,32,1224.681949440083,1.6722709115916448,1.6722709115916448,3b2e0f888c249b028eb58bd0127f54b8d9f202ba1cbeb1cf983ea7881bab56cf,control,0.02,1034,full_posterior,32,128,204800,q_A,2080,2,1.0,dynamics_h_0p02_stage_2,e1bd5b82d8da839a2fc5ffa8fd46793eab0e499a09e69bcda3048c51750c1a05,deep_m0032_r2,validation_or_superseded
3,1024.0,deep,final_geometry_v15_20260930,4327fe4ece9317f6fd20fad18389a71e9b1f423b,False,32,1918.1214865727902,1.0677113073058113,1.0677113073058113,3b2e0f888c249b028eb58bd0127f54b8d9f202ba1cbeb1cf983ea7881bab56cf,control,0.02,230,full_posterior,32,128,204800,q_W,2080,2,1.0,dynamics_h_0p02_stage_2,e1bd5b82d8da839a2fc5ffa8fd46793eab0e499a09e69bcda3048c51750c1a05,deep_m0032_r2,validation_or_superseded
3,1024.0,deep,final_geometry_v15_20260930,4327fe4ece9317f6fd20fad18389a71e9b1f423b,False,32,4259.761883997466,0.4807780471705865,0.4807780471705865,3b2e0f888c249b028eb58bd0127f54b8d9f202ba1cbeb1cf983ea7881bab56cf,control,0.02,110,full_posterior,32,128,204800,U,2080,2,1.0,dynamics_h_0p02_stage_2,e1bd5b82d8da839a2fc5ffa8fd46793eab0e499a09e69bcda3048c51750c1a05,deep_m0032_r2,validation_or_superseded
3,1024.0,deep,final_geometry_v15_20260930,4327fe4ece9317f6fd20fad18389a71e9b1f423b,False,32,4392.272892802914,0.4662733964813092,0.4662733964813092,c425740c6ef89fbc802305187be5ae316069b92195e81914fc19cdaa54d3b35f,loss,0.01,432,full_posterior,64,128,409600,V,6208,0,1.0,dynamics_h_0p01_stage_2,981c8c16f8288893162866a44dc7f238a562d94baba61c4736c9e2c0a9aaafac,deep_m0064_r0,production_final
3,1024.0,deep,final_geometry_v15_20260930,4327fe4ece9317f6fd20fad18389a71e9b1f423b,False,32,5296.418741073429,0.3866763751358772,0.3866763751358772,c425740c6ef89fbc802305187be5ae316069b92195e81914fc19cdaa54d3b35f,train_logit,0.01,648,full_posterior,64,128,409600,train_logit_0,6208,0,1.0,dynamics_h_0p01_stage_2,981c8c16f8288893162866a44dc7f238a562d94baba61c4736c9e2c0a9aaafac,deep_m0064_r0,production_final
3,1024.0,deep,final_geometry_v15_20260930,4327fe4ece9317f6fd20fad18389a71e9b1f423b,False,32,6524.149543525767,0.3139106463358632,0.3139106463358632,c425740c6ef89fbc802305187be5ae316069b92195e81914fc19cdaa54d3b35f,train_logit,0.01,388,full_posterior,64,128,409600,train_logit_16,6208,0,1.0,dynamics_h_0p01_stage_2,981c8c16f8288893162866a44dc7f238a562d94baba61c4736c9e2c0a9aaafac,deep_m0064_r0,production_final
3,1024.0,deep,final_geometry_v15_20260930,4327fe4ece9317f6fd20fad18389a71e9b1f423b,False,32,5890.518259940505,0.34767738756159716,0.34767738756159716,c425740c6ef89fbc802305187be5ae316069b92195e81914fc19cdaa54d3b35f,train_logit,0.01,306,full_posterior,64,128,409600,train_logit_32,6208,0,1.0,dynamics_h_0p01_stage_2,981c8c16f8288893162866a44dc7f238a562d94baba61c4736c9e2c0a9aaafac,deep_m0064_r0,production_final
3,1024.0,deep,final_geometry_v15_20260930,4327fe4ece9317f6fd20fad18389a71e9b1f423b,False,32,5833.290063984166,0.3510883185193787,0.3510883185193787,c425740c6ef89fbc802305187be5ae316069b92195e81914fc19cdaa54d3b35f,train_logit,0.01,294,full_posterior,64,128,409600,train_logit_48,6208,0,1.0,dynamics_h_0p01_stage_2,981c8c16f8288893162866a44dc7f238a562d94baba61c4736c9e2c0a9aaafac,deep_m0064_r0,production_final
3,1024.0,deep,final_geometry_v15_20260930,4327fe4ece9317f6fd20fad18389a71e9b1f423b,False,32,6145.355284031016,0.33325982068470816,0.33325982068470816,c425740c6ef89fbc802305187be5ae316069b92195e81914fc19cdaa54d3b35f,train_logit,0.01,306,full_posterior,64,128,409600,train_logit_64,6208,0,1.0,dynamics_h_0p01_stage_2,981c8c16f8288893162866a44dc7f238a562d94baba61c4736c9e2c0a9aaafac,deep_m0064_r0,production_final
3,1024.0,deep,final_geometry_v15_20260930,4327fe4ece9317f6fd20fad18389a71e9b1f423b,False,32,5900.783581251561,0.34707254923008335,0.34707254923008335,c425740c6ef89fbc802305187be5ae316069b92195e81914fc19cdaa54d3b35f,train_logit,0.01,372,full_posterior,64,128,409600,train_logit_80,6208,0,1.0,dynamics_h_0p01_stage_2,981c8c16f8288893162866a44dc7f238a562d94baba61c4736c9e2c0a9aaafac,deep_m0064_r0,production_final
3,1024.0,deep,final_geometry_v15_20260930,4327fe4ece9317f6fd20fad18389a71e9b1f423b,False,32,5975.209438674224,0.3427494920503421,0.3427494920503421,c425740c6ef89fbc802305187be5ae316069b92195e81914fc19cdaa54d3b35f,train_logit,0.01,272,full_posterior,64,128,409600,train_logit_96,6208,0,1.0,dynamics_h_0p01_stage_2,981c8c16f8288893162866a44dc7f238a562d94baba61c4736c9e2c0a9aaafac,deep_m0064_r0,production_final
3,1024.0,deep,final_geometry_v15_20260930,4327fe4ece9317f6fd20fad18389a71e9b1f423b,False,32,6093.640901373692,0.33608806838918237,0.33608806838918237,c425740c6ef89fbc802305187be5ae316069b92195e81914fc19cdaa54d3b35f,train_logit,0.01,270,full_posterior,64,128,409600,train_logit_112,6208,0,1.0,dynamics_h_0p01_stage_2,981c8c16f8288893162866a44dc7f238a562d94baba61c4736c9e2c0a9aaafac,deep_m0064_r0,production_final
3,1024.0,deep,final_geometry_v15_20260930,4327fe4ece9317f6fd20fad18389a71e9b1f423b,False,32,5400.872757664079,0.37919797260429755,0.37919797260429755,c425740c6ef89fbc802305187be5ae316069b92195e81914fc19cdaa54d3b35f,test_probability,0.01,470,full_posterior,64,128,409600,test_prob_0,6208,0,1.0,dynamics_h_0p01_stage_2,981c8c16f8288893162866a44dc7f238a562d94baba61c4736c9e2c0a9aaafac,deep_m0064_r0,production_final
3,1024.0,deep,final_geometry_v15_20260930,4327fe4ece9317f6fd20fad18389a71e9b1f423b,False,32,5413.339605293386,0.378324684820694,0.378324684820694,c425740c6ef89fbc802305187be5ae316069b92195e81914fc19cdaa54d3b35f,test_probability,0.01,370,full_posterior,64,128,409600,test_prob_128,6208,0,1.0,dynamics_h_0p01_stage_2,981c8c16f8288893162866a44dc7f238a562d94baba61c4736c9e2c0a9aaafac,deep_m0064_r0,production_final
3,1024.0,deep,final_geometry_v15_20260930,4327fe4ece9317f6fd20fad18389a71e9b1f423b,False,32,5148.582886396407,0.39777935893995775,0.39777935893995775,c425740c6ef89fbc802305187be5ae316069b92195e81914fc19cdaa54d3b35f,test_probability,0.01,548,full_posterior,64,128,409600,test_prob_256,6208,0,1.0,dynamics_h_0p01_stage_2,981c8c16f8288893162866a44dc7f238a562d94baba61c4736c9e2c0a9aaafac,deep_m0064_r0,production_final
3,1024.0,deep,final_geometry_v15_20260930,4327fe4ece9317f6fd20fad18389a71e9b1f423b,False,32,5139.031230421087,0.39851869120324246,0.39851869120324246,c425740c6ef89fbc802305187be5ae316069b92195e81914fc19cdaa54d3b35f,test_probability,0.01,508,full_posterior,64,128,409600,test_prob_384,6208,0,1.0,dynamics_h_0p01_stage_2,981c8c16f8288893162866a44dc7f238a562d94baba61c4736c9e2c0a9aaafac,deep_m0064_r0,production_final
3,1024.0,deep,final_geometry_v15_20260930,4327fe4ece9317f6fd20fad18389a71e9b1f423b,False,32,5465.999845381236,0.37467984960346423,0.37467984960346423,c425740c6ef89fbc802305187be5ae316069b92195e81914fc19cdaa54d3b35f,test_probability,0.01,258,full_posterior,64,128,409600,test_prob_512,6208,0,1.0,dynamics_h_0p01_stage_2,981c8c16f8288893162866a44dc7f238a562d94baba61c4736c9e2c0a9aaafac,deep_m0064_r0,production_final
3,1024.0,deep,final_geometry_v15_20260930,4327fe4ece9317f6fd20fad18389a71e9b1f423b,False,32,5797.189806634824,0.353274615513897,0.353274615513897,c425740c6ef89fbc802305187be5ae316069b92195e81914fc19cdaa54d3b35f,test_probability,0.01,226,full_posterior,64,128,409600,test_prob_640,6208,0,1.0,dynamics_h_0p01_stage_2,981c8c16f8288893162866a44dc7f238a562d94baba61c4736c9e2c0a9aaafac,deep_m0064_r0,production_final
3,1024.0,deep,final_geometry_v15_20260930,4327fe4ece9317f6fd20fad18389a71e9b1f423b,False,32,5842.525972913926,0.3505333154691261,0.3505333154691261,c425740c6ef89fbc802305187be5ae316069b92195e81914fc19cdaa54d3b35f,test_probability,0.01,282,full_posterior,64,128,409600,test_prob_768,6208,0,1.0,dynamics_h_0p01_stage_2,981c8c16f8288893162866a44dc7f238a562d94baba61c4736c9e2c0a9aaafac,deep_m0064_r0,production_final
3,1024.0,deep,final_geometry_v15_20260930,4327fe4ece9317f6fd20fad18389a71e9b1f423b,False,32,5352.825415692583,0.3826016805995561,0.3826016805995561,c425740c6ef89fbc802305187be5ae316069b92195e81914fc19cdaa54d3b35f,test_probability,0.01,648,full_posterior,64,128,409600,test_prob_896,6208,0,1.0,dynamics_h_0p01_stage_2,981c8c16f8288893162866a44dc7f238a562d94baba61c4736c9e2c0a9aaafac,deep_m0064_r0,production_final
3,1024.0,deep,final_geometry_v15_20260930,4327fe4ece9317f6fd20fad18389a71e9b1f423b,False,32,4180.449403310498,0.48989948266762623,0.48989948266762623,c425740c6ef89fbc802305187be5ae316069b92195e81914fc19cdaa54d3b35f,interaction,0.01,322,full_posterior,64,128,409600,interaction_0,6208,0,1.0,dynamics_h_0p01_stage_2,981c8c16f8288893162866a44dc7f238a562d94baba61c4736c9e2c0a9aaafac,deep_m0064_r0,production_final
3,1024.0,deep,final_geometry_v15_20260930,4327fe4ece9317f6fd20fad18389a71e9b1f423b,False,32,3687.213905072942,0.5554329238079518,0.5554329238079518,c425740c6ef89fbc802305187be5ae316069b92195e81914fc19cdaa54d3b35f,interaction,0.01,486,full_posterior,64,128,409600,interaction_1,6208,0,1.0,dynamics_h_0p01_stage_2,981c8c16f8288893162866a44dc7f238a562d94baba61c4736c9e2c0a9aaafac,deep_m0064_r0,production_final
3,1024.0,deep,final_geometry_v15_20260930,4327fe4ece9317f6fd20fad18389a71e9b1f423b,False,32,3930.849536074959,0.5210069683931413,0.5210069683931413,c425740c6ef89fbc802305187be5ae316069b92195e81914fc19cdaa54d3b35f,interaction,0.01,224,full_posterior,64,128,409600,interaction_2,6208,0,1.0,dynamics_h_0p01_stage_2,981c8c16f8288893162866a44dc7f238a562d94baba61c4736c9e2c0a9aaafac,deep_m0064_r0,production_final
3,1024.0,deep,final_geometry_v15_20260930,4327fe4ece9317f6fd20fad18389a71e9b1f423b,False,32,3585.6450407111415,0.571166408483596,0.571166408483596,c425740c6ef89fbc802305187be5ae316069b92195e81914fc19cdaa54d3b35f,interaction,0.01,634,full_posterior,64,128,409600,interaction_3,6208,0,1.0,dynamics_h_0p01_stage_2,981c8c16f8288893162866a44dc7f238a562d94baba61c4736c9e2c0a9aaafac,deep_m0064_r0,production_final
3,1024.0,deep,final_geometry_v15_20260930,4327fe4ece9317f6fd20fad18389a71e9b1f423b,False,32,1658.06987166139,1.2351711076855278,1.2351711076855278,c425740c6ef89fbc802305187be5ae316069b92195e81914fc19cdaa54d3b35f,control,0.01,1298,full_posterior,64,128,409600,q_A,6208,0,1.0,dynamics_h_0p01_stage_2,981c8c16f8288893162866a44dc7f238a562d94baba61c4736c9e2c0a9aaafac,deep_m0064_r0,production_final
3,1024.0,deep,final_geometry_v15_20260930,4327fe4ece9317f6fd20fad18389a71e9b1f423b,False,32,2114.879866308249,0.968376517563149,0.968376517563149,c425740c6ef89fbc802305187be5ae316069b92195e81914fc19cdaa54d3b35f,control,0.01,414,full_posterior,64,128,409600,q_W,6208,0,1.0,dynamics_h_0p01_stage_2,981c8c16f8288893162866a44dc7f238a562d94baba61c4736c9e2c0a9aaafac,deep_m0064_r0,production_final
3,1024.0,deep,final_geometry_v15_20260930,4327fe4ece9317f6fd20fad18389a71e9b1f423b,False,32,4110.531560836965,0.4982323988245932,0.4982323988245932,c425740c6ef89fbc802305187be5ae316069b92195e81914fc19cdaa54d3b35f,control,0.01,256,full_posterior,64,128,409600,U,6208,0,1.0,dynamics_h_0p01_stage_2,981c8c16f8288893162866a44dc7f238a562d94baba61c4736c9e2c0a9aaafac,deep_m0064_r0,production_final
3,1024.0,deep,final_geometry_v15_20260930,4327fe4ece9317f6fd20fad18389a71e9b1f423b,False,32,4611.6273451970765,0.44409485994850684,0.44409485994850684,87bd2e7a5e38746866db282febb4d8513a499c33b31084950053a42f895546c0,loss,0.02,194,full_posterior,64,128,204800,V,6208,0,1.0,dynamics_h_0p02_stage_2,981c8c16f8288893162866a44dc7f238a562d94baba61c4736c9e2c0a9aaafac,deep_m0064_r0,validation_or_superseded
3,1024.0,deep,final_geometry_v15_20260930,4327fe4ece9317f6fd20fad18389a71e9b1f423b,False,32,6266.572326209104,0.3268134305949862,0.3268134305949862,87bd2e7a5e38746866db282febb4d8513a499c33b31084950053a42f895546c0,train_logit,0.02,110,full_posterior,64,128,204800,train_logit_0,6208,0,1.0,dynamics_h_0p02_stage_2,981c8c16f8288893162866a44dc7f238a562d94baba61c4736c9e2c0a9aaafac,deep_m0064_r0,validation_or_superseded
3,1024.0,deep,final_geometry_v15_20260930,4327fe4ece9317f6fd20fad18389a71e9b1f423b,False,32,6106.286195287286,0.3353920753961069,0.3353920753961069,87bd2e7a5e38746866db282febb4d8513a499c33b31084950053a42f895546c0,train_logit,0.02,188,full_posterior,64,128,204800,train_logit_16,6208,0,1.0,dynamics_h_0p02_stage_2,981c8c16f8288893162866a44dc7f238a562d94baba61c4736c9e2c0a9aaafac,deep_m0064_r0,validation_or_superseded
3,1024.0,deep,final_geometry_v15_20260930,4327fe4ece9317f6fd20fad18389a71e9b1f423b,False,32,5818.446166775335,0.35198400763670395,0.35198400763670395,87bd2e7a5e38746866db282febb4d8513a499c33b31084950053a42f895546c0,train_logit,0.02,140,full_posterior,64,128,204800,train_logit_32,6208,0,1.0,dynamics_h_0p02_stage_2,981c8c16f8288893162866a44dc7f238a562d94baba61c4736c9e2c0a9aaafac,deep_m0064_r0,validation_or_superseded
3,1024.0,deep,final_geometry_v15_20260930,4327fe4ece9317f6fd20fad18389a71e9b1f423b,False,32,5978.966665892069,0.3425341057148102,0.3425341057148102,87bd2e7a5e38746866db282febb4d8513a499c33b31084950053a42f895546c0,train_logit,0.02,248,full_posterior,64,128,204800,train_logit_48,6208,0,1.0,dynamics_h_0p02_stage_2,981c8c16f8288893162866a44dc7f238a562d94baba61c4736c9e2c0a9aaafac,deep_m0064_r0,validation_or_superseded
3,1024.0,deep,final_geometry_v15_20260930,4327fe4ece9317f6fd20fad18389a71e9b1f423b,False,32,5799.631264068409,0.353125898311566,0.353125898311566,87bd2e7a5e38746866db282febb4d8513a499c33b31084950053a42f895546c0,train_logit,0.02,196,full_posterior,64,128,204800,train_logit_64,6208,0,1.0,dynamics_h_0p02_stage_2,981c8c16f8288893162866a44dc7f238a562d94baba61c4736c9e2c0a9aaafac,deep_m0064_r0,validation_or_superseded
3,1024.0,deep,final_geometry_v15_20260930,4327fe4ece9317f6fd20fad18389a71e9b1f423b,False,32,5417.696314715474,0.3780204502118825,0.3780204502118825,87bd2e7a5e38746866db282febb4d8513a499c33b31084950053a42f895546c0,train_logit,0.02,242,full_posterior,64,128,204800,train_logit_80,6208,0,1.0,dynamics_h_0p02_stage_2,981c8c16f8288893162866a44dc7f238a562d94baba61c4736c9e2c0a9aaafac,deep_m0064_r0,validation_or_superseded
3,1024.0,deep,final_geometry_v15_20260930,4327fe4ece9317f6fd20fad18389a71e9b1f423b,False,32,5769.444092512144,0.35497354115242935,0.35497354115242935,87bd2e7a5e38746866db282febb4d8513a499c33b31084950053a42f895546c0,train_logit,0.02,134,full_posterior,64,128,204800,train_logit_96,6208,0,1.0,dynamics_h_0p02_stage_2,981c8c16f8288893162866a44dc7f238a562d94baba61c4736c9e2c0a9aaafac,deep_m0064_r0,validation_or_superseded
3,1024.0,deep,final_geometry_v15_20260930,4327fe4ece9317f6fd20fad18389a71e9b1f423b,False,32,5651.4448326896145,0.36238520601913465,0.36238520601913465,87bd2e7a5e38746866db282febb4d8513a499c33b31084950053a42f895546c0,train_logit,0.02,232,full_posterior,64,128,204800,train_logit_112,6208,0,1.0,dynamics_h_0p02_stage_2,981c8c16f8288893162866a44dc7f238a562d94baba61c4736c9e2c0a9aaafac,deep_m0064_r0,validation_or_superseded
3,1024.0,deep,final_geometry_v15_20260930,4327fe4ece9317f6fd20fad18389a71e9b1f423b,False,32,5438.645381424011,0.37656435681485234,0.37656435681485234,87bd2e7a5e38746866db282febb4d8513a499c33b31084950053a42f895546c0,test_probability,0.02,180,full_posterior,64,128,204800,test_prob_0,6208,0,1.0,dynamics_h_0p02_stage_2,981c8c16f8288893162866a44dc7f238a562d94baba61c4736c9e2c0a9aaafac,deep_m0064_r0,validation_or_superseded
3,1024.0,deep,final_geometry_v15_20260930,4327fe4ece9317f6fd20fad18389a71e9b1f423b,False,32,5355.510150553957,0.3824098811180782,0.3824098811180782,87bd2e7a5e38746866db282febb4d8513a499c33b31084950053a42f895546c0,test_probability,0.02,184,full_posterior,64,128,204800,test_prob_128,6208,0,1.0,dynamics_h_0p02_stage_2,981c8c16f8288893162866a44dc7f238a562d94baba61c4736c9e2c0a9aaafac,deep_m0064_r0,validation_or_superseded
3,1024.0,deep,final_geometry_v15_20260930,4327fe4ece9317f6fd20fad18389a71e9b1f423b,False,32,5367.408286574737,0.3815621787376549,0.3815621787376549,87bd2e7a5e38746866db282febb4d8513a499c33b31084950053a42f895546c0,test_probability,0.02,204,full_posterior,64,128,204800,test_prob_256,6208,0,1.0,dynamics_h_0p02_stage_2,981c8c16f8288893162866a44dc7f238a562d94baba61c4736c9e2c0a9aaafac,deep_m0064_r0,validation_or_superseded
3,1024.0,deep,final_geometry_v15_20260930,4327fe4ece9317f6fd20fad18389a71e9b1f423b,False,32,4904.040572671998,0.4176148157118802,0.4176148157118802,87bd2e7a5e38746866db282febb4d8513a499c33b31084950053a42f895546c0,test_probability,0.02,440,full_posterior,64,128,204800,test_prob_384,6208,0,1.0,dynamics_h_0p02_stage_2,981c8c16f8288893162866a44dc7f238a562d94baba61c4736c9e2c0a9aaafac,deep_m0064_r0,validation_or_superseded
3,1024.0,deep,final_geometry_v15_20260930,4327fe4ece9317f6fd20fad18389a71e9b1f423b,False,32,5353.983605744086,0.3825189150379128,0.3825189150379128,87bd2e7a5e38746866db282febb4d8513a499c33b31084950053a42f895546c0,test_probability,0.02,140,full_posterior,64,128,204800,test_prob_512,6208,0,1.0,dynamics_h_0p02_stage_2,981c8c16f8288893162866a44dc7f238a562d94baba61c4736c9e2c0a9aaafac,deep_m0064_r0,validation_or_superseded
3,1024.0,deep,final_geometry_v15_20260930,4327fe4ece9317f6fd20fad18389a71e9b1f423b,False,32,5372.613200792331,0.38119252651539653,0.38119252651539653,87bd2e7a5e38746866db282febb4d8513a499c33b31084950053a42f895546c0,test_probability,0.02,336,full_posterior,64,128,204800,test_prob_640,6208,0,1.0,dynamics_h_0p02_stage_2,981c8c16f8288893162866a44dc7f238a562d94baba61c4736c9e2c0a9aaafac,deep_m0064_r0,validation_or_superseded
3,1024.0,deep,final_geometry_v15_20260930,4327fe4ece9317f6fd20fad18389a71e9b1f423b,False,32,5829.437001385905,0.35132037613805644,0.35132037613805644,87bd2e7a5e38746866db282febb4d8513a499c33b31084950053a42f895546c0,test_probability,0.02,122,full_posterior,64,128,204800,test_prob_768,6208,0,1.0,dynamics_h_0p02_stage_2,981c8c16f8288893162866a44dc7f238a562d94baba61c4736c9e2c0a9aaafac,deep_m0064_r0,validation_or_superseded
3,1024.0,deep,final_geometry_v15_20260930,4327fe4ece9317f6fd20fad18389a71e9b1f423b,False,32,5146.710712079442,0.3979240556873149,0.3979240556873149,87bd2e7a5e38746866db282febb4d8513a499c33b31084950053a42f895546c0,test_probability,0.02,216,full_posterior,64,128,204800,test_prob_896,6208,0,1.0,dynamics_h_0p02_stage_2,981c8c16f8288893162866a44dc7f238a562d94baba61c4736c9e2c0a9aaafac,deep_m0064_r0,validation_or_superseded
3,1024.0,deep,final_geometry_v15_20260930,4327fe4ece9317f6fd20fad18389a71e9b1f423b,False,32,3717.424534615341,0.5509190518676974,0.5509190518676974,87bd2e7a5e38746866db282febb4d8513a499c33b31084950053a42f895546c0,interaction,0.02,204,full_posterior,64,128,204800,interaction_0,6208,0,1.0,dynamics_h_0p02_stage_2,981c8c16f8288893162866a44dc7f238a562d94baba61c4736c9e2c0a9aaafac,deep_m0064_r0,validation_or_superseded
3,1024.0,deep,final_geometry_v15_20260930,4327fe4ece9317f6fd20fad18389a71e9b1f423b,False,32,3803.0881133406124,0.5385097423370104,0.5385097423370104,87bd2e7a5e38746866db282febb4d8513a499c33b31084950053a42f895546c0,interaction,0.02,236,full_posterior,64,128,204800,interaction_1,6208,0,1.0,dynamics_h_0p02_stage_2,981c8c16f8288893162866a44dc7f238a562d94baba61c4736c9e2c0a9aaafac,deep_m0064_r0,validation_or_superseded
3,1024.0,deep,final_geometry_v15_20260930,4327fe4ece9317f6fd20fad18389a71e9b1f423b,False,32,4109.94999234097,0.49830289999063654,0.49830289999063654,87bd2e7a5e38746866db282febb4d8513a499c33b31084950053a42f895546c0,interaction,0.02,108,full_posterior,64,128,204800,interaction_2,6208,0,1.0,dynamics_h_0p02_stage_2,981c8c16f8288893162866a44dc7f238a562d94baba61c4736c9e2c0a9aaafac,deep_m0064_r0,validation_or_superseded
3,1024.0,deep,final_geometry_v15_20260930,4327fe4ece9317f6fd20fad18389a71e9b1f423b,False,32,3984.1976722156805,0.5140307204840748,0.5140307204840748,87bd2e7a5e38746866db282febb4d8513a499c33b31084950053a42f895546c0,interaction,0.02,178,full_posterior,64,128,204800,interaction_3,6208,0,1.0,dynamics_h_0p02_stage_2,981c8c16f8288893162866a44dc7f238a562d94baba61c4736c9e2c0a9aaafac,deep_m0064_r0,validation_or_superseded
3,1024.0,deep,final_geometry_v15_20260930,4327fe4ece9317f6fd20fad18389a71e9b1f423b,False,32,1577.7840452244398,1.2980230128443668,1.2980230128443668,87bd2e7a5e38746866db282febb4d8513a499c33b31084950053a42f895546c0,control,0.02,338,full_posterior,64,128,204800,q_A,6208,0,1.0,dynamics_h_0p02_stage_2,981c8c16f8288893162866a44dc7f238a562d94baba61c4736c9e2c0a9aaafac,deep_m0064_r0,validation_or_superseded
3,1024.0,deep,final_geometry_v15_20260930,4327fe4ece9317f6fd20fad18389a71e9b1f423b,False,32,2036.2156740334501,1.0057873662976018,1.0057873662976018,87bd2e7a5e38746866db282febb4d8513a499c33b31084950053a42f895546c0,control,0.02,278,full_posterior,64,128,204800,q_W,6208,0,1.0,dynamics_h_0p02_stage_2,981c8c16f8288893162866a44dc7f238a562d94baba61c4736c9e2c0a9aaafac,deep_m0064_r0,validation_or_superseded
3,1024.0,deep,final_geometry_v15_20260930,4327fe4ece9317f6fd20fad18389a71e9b1f423b,False,32,3795.5991779030514,0.5395722530247399,0.5395722530247399,87bd2e7a5e38746866db282febb4d8513a499c33b31084950053a42f895546c0,control,0.02,178,full_posterior,64,128,204800,U,6208,0,1.0,dynamics_h_0p02_stage_2,981c8c16f8288893162866a44dc7f238a562d94baba61c4736c9e2c0a9aaafac,deep_m0064_r0,validation_or_superseded
3,1024.0,deep,final_geometry_v15_20260930,4327fe4ece9317f6fd20fad18389a71e9b1f423b,False,32,4237.437427156358,0.4833109715968982,0.4833109715968982,59beb161d147e59330a34df2512a0eb546d1434c8fd78cd51061a45e604219ed,loss,0.01,412,full_posterior,64,128,409600,V,6208,1,1.0,dynamics_h_0p01_stage_2,cffc441cee2bd015a78c885c0750263a0ede3b1b8b3eb5af88b7ed906fea8e96,deep_m0064_r1,production_final
3,1024.0,deep,final_geometry_v15_20260930,4327fe4ece9317f6fd20fad18389a71e9b1f423b,False,32,5523.968984489325,0.37074791798262274,0.37074791798262274,59beb161d147e59330a34df2512a0eb546d1434c8fd78cd51061a45e604219ed,train_logit,0.01,648,full_posterior,64,128,409600,train_logit_0,6208,1,1.0,dynamics_h_0p01_stage_2,cffc441cee2bd015a78c885c0750263a0ede3b1b8b3eb5af88b7ed906fea8e96,deep_m0064_r1,production_final
3,1024.0,deep,final_geometry_v15_20260930,4327fe4ece9317f6fd20fad18389a71e9b1f423b,False,32,5531.320574193042,0.3702551628548089,0.3702551628548089,59beb161d147e59330a34df2512a0eb546d1434c8fd78cd51061a45e604219ed,train_logit,0.01,428,full_posterior,64,128,409600,train_logit_16,6208,1,1.0,dynamics_h_0p01_stage_2,cffc441cee2bd015a78c885c0750263a0ede3b1b8b3eb5af88b7ed906fea8e96,deep_m0064_r1,production_final
3,1024.0,deep,final_geometry_v15_20260930,4327fe4ece9317f6fd20fad18389a71e9b1f423b,False,32,5232.788986566427,0.3913782889502345,0.3913782889502345,59beb161d147e59330a34df2512a0eb546d1434c8fd78cd51061a45e604219ed,train_logit,0.01,674,full_posterior,64,128,409600,train_logit_32,6208,1,1.0,dynamics_h_0p01_stage_2,cffc441cee2bd015a78c885c0750263a0ede3b1b8b3eb5af88b7ed906fea8e96,deep_m0064_r1,production_final
3,1024.0,deep,final_geometry_v15_20260930,4327fe4ece9317f6fd20fad18389a71e9b1f423b,False,32,5264.011645257792,0.3890568900707103,0.3890568900707103,59beb161d147e59330a34df2512a0eb546d1434c8fd78cd51061a45e604219ed,train_logit,0.01,286,full_posterior,64,128,409600,train_logit_48,6208,1,1.0,dynamics_h_0p01_stage_2,cffc441cee2bd015a78c885c0750263a0ede3b1b8b3eb5af88b7ed906fea8e96,deep_m0064_r1,production_final
3,1024.0,deep,final_geometry_v15_20260930,4327fe4ece9317f6fd20fad18389a71e9b1f423b,False,32,5650.263283902161,0.36246098581544667,0.36246098581544667,59beb161d147e59330a34df2512a0eb546d1434c8fd78cd51061a45e604219ed,train_logit,0.01,348,full_posterior,64,128,409600,train_logit_64,6208,1,1.0,dynamics_h_0p01_stage_2,cffc441cee2bd015a78c885c0750263a0ede3b1b8b3eb5af88b7ed906fea8e96,deep_m0064_r1,production_final
3,1024.0,deep,final_geometry_v15_20260930,4327fe4ece9317f6fd20fad18389a71e9b1f423b,False,32,5707.542592266281,0.3588234282780543,0.3588234282780543,59beb161d147e59330a34df2512a0eb546d1434c8fd78cd51061a45e604219ed,train_logit,0.01,456,full_posterior,64,128,409600,train_logit_80,6208,1,1.0,dynamics_h_0p01_stage_2,cffc441cee2bd015a78c885c0750263a0ede3b1b8b3eb5af88b7ed906fea8e96,deep_m0064_r1,production_final
3,1024.0,deep,final_geometry_v15_20260930,4327fe4ece9317f6fd20fad18389a71e9b1f423b,False,32,4644.848895750091,0.44091854137039066,0.44091854137039066,59beb161d147e59330a34df2512a0eb546d1434c8fd78cd51061a45e604219ed,train_logit,0.01,604,full_posterior,64,128,409600,train_logit_96,6208,1,1.0,dynamics_h_0p01_stage_2,cffc441cee2bd015a78c885c0750263a0ede3b1b8b3eb5af88b7ed906fea8e96,deep_m0064_r1,production_final
3,1024.0,deep,final_geometry_v15_20260930,4327fe4ece9317f6fd20fad18389a71e9b1f423b,False,32,5527.6325155775885,0.37050219858655026,0.37050219858655026,59beb161d147e59330a34df2512a0eb546d1434c8fd78cd51061a45e604219ed,train_logit,0.01,274,full_posterior,64,128,409600,train_logit_112,6208,1,1.0,dynamics_h_0p01_stage_2,cffc441cee2bd015a78c885c0750263a0ede3b1b8b3eb5af88b7ed906fea8e96,deep_m0064_r1,production_final
3,1024.0,deep,final_geometry_v15_20260930,4327fe4ece9317f6fd20fad18389a71e9b1f423b,False,32,4617.234381043428,0.4435555639991535,0.4435555639991535,59beb161d147e59330a34df2512a0eb546d1434c8fd78cd51061a45e604219ed,test_probability,0.01,550,full_posterior,64,128,409600,test_prob_0,6208,1,1.0,dynamics_h_0p01_stage_2,cffc441cee2bd015a78c885c0750263a0ede3b1b8b3eb5af88b7ed906fea8e96,deep_m0064_r1,production_final
3,1024.0,deep,final_geometry_v15_20260930,4327fe4ece9317f6fd20fad18389a71e9b1f423b,False,32,5151.251895265206,0.39757325823697875,0.39757325823697875,59beb161d147e59330a34df2512a0eb546d1434c8fd78cd51061a45e604219ed,test_probability,0.01,334,full_posterior,64,128,409600,test_prob_128,6208,1,1.0,dynamics_h_0p01_stage_2,cffc441cee2bd015a78c885c0750263a0ede3b1b8b3eb5af88b7ed906fea8e96,deep_m0064_r1,production_final
3,1024.0,deep,final_geometry_v15_20260930,4327fe4ece9317f6fd20fad18389a71e9b1f423b,False,32,5216.2785596054255,0.3926170691610681,0.3926170691610681,59beb161d147e59330a34df2512a0eb546d1434c8fd78cd51061a45e604219ed,test_probability,0.01,452,full_posterior,64,128,409600,test_prob_256,6208,1,1.0,dynamics_h_0p01_stage_2,cffc441cee2bd015a78c885c0750263a0ede3b1b8b3eb5af88b7ed906fea8e96,deep_m0064_r1,production_final
3,1024.0,deep,final_geometry_v15_20260930,4327fe4ece9317f6fd20fad18389a71e9b1f423b,False,32,5657.838844557244,0.3619756688492719,0.3619756688492719,59beb161d147e59330a34df2512a0eb546d1434c8fd78cd51061a45e604219ed,test_probability,0.01,378,full_posterior,64,128,409600,test_prob_384,6208,1,1.0,dynamics_h_0p01_stage_2,cffc441cee2bd015a78c885c0750263a0ede3b1b8b3eb5af88b7ed906fea8e96,deep_m0064_r1,production_final
3,1024.0,deep,final_geometry_v15_20260930,4327fe4ece9317f6fd20fad18389a71e9b1f423b,False,32,4900.3391001100335,0.41793026118417265,0.41793026118417265,59beb161d147e59330a34df2512a0eb546d1434c8fd78cd51061a45e604219ed,test_probability,0.01,780,full_posterior,64,128,409600,test_prob_512,6208,1,1.0,dynamics_h_0p01_stage_2,cffc441cee2bd015a78c885c0750263a0ede3b1b8b3eb5af88b7ed906fea8e96,deep_m0064_r1,production_final
3,1024.0,deep,final_geometry_v15_20260930,4327fe4ece9317f6fd20fad18389a71e9b1f423b,False,32,4520.890199020514,0.45300812668348267,0.45300812668348267,59beb161d147e59330a34df2512a0eb546d1434c8fd78cd51061a45e604219ed,test_probability,0.01,498,full_posterior,64,128,409600,test_prob_640,6208,1,1.0,dynamics_h_0p01_stage_2,cffc441cee2bd015a78c885c0750263a0ede3b1b8b3eb5af88b7ed906fea8e96,deep_m0064_r1,production_final
3,1024.0,deep,final_geometry_v15_20260930,4327fe4ece9317f6fd20fad18389a71e9b1f423b,False,32,5423.553733762793,0.3776121894489139,0.3776121894489139,59beb161d147e59330a34df2512a0eb546d1434c8fd78cd51061a45e604219ed,test_probability,0.01,264,full_posterior,64,128,409600,test_prob_768,6208,1,1.0,dynamics_h_0p01_stage_2,cffc441cee2bd015a78c885c0750263a0ede3b1b8b3eb5af88b7ed906fea8e96,deep_m0064_r1,production_final
3,1024.0,deep,final_geometry_v15_20260930,4327fe4ece9317f6fd20fad18389a71e9b1f423b,False,32,4412.428161307006,0.4641435339297086,0.4641435339297086,59beb161d147e59330a34df2512a0eb546d1434c8fd78cd51061a45e604219ed,test_probability,0.01,600,full_posterior,64,128,409600,test_prob_896,6208,1,1.0,dynamics_h_0p01_stage_2,cffc441cee2bd015a78c885c0750263a0ede3b1b8b3eb5af88b7ed906fea8e96,deep_m0064_r1,production_final
3,1024.0,deep,final_geometry_v15_20260930,4327fe4ece9317f6fd20fad18389a71e9b1f423b,False,32,3687.4336469049726,0.5553998244060548,0.5553998244060548,59beb161d147e59330a34df2512a0eb546d1434c8fd78cd51061a45e604219ed,interaction,0.01,324,full_posterior,64,128,409600,interaction_0,6208,1,1.0,dynamics_h_0p01_stage_2,cffc441cee2bd015a78c885c0750263a0ede3b1b8b3eb5af88b7ed906fea8e96,deep_m0064_r1,production_final
3,1024.0,deep,final_geometry_v15_20260930,4327fe4ece9317f6fd20fad18389a71e9b1f423b,False,32,3250.439598421781,0.6300686224086078,0.6300686224086078,59beb161d147e59330a34df2512a0eb546d1434c8fd78cd51061a45e604219ed,interaction,0.01,502,full_posterior,64,128,409600,interaction_1,6208,1,1.0,dynamics_h_0p01_stage_2,cffc441cee2bd015a78c885c0750263a0ede3b1b8b3eb5af88b7ed906fea8e96,deep_m0064_r1,production_final
3,1024.0,deep,final_geometry_v15_20260930,4327fe4ece9317f6fd20fad18389a71e9b1f423b,False,32,3339.0797946727253,0.6133426350779172,0.6133426350779172,59beb161d147e59330a34df2512a0eb546d1434c8fd78cd51061a45e604219ed,interaction,0.01,428,full_posterior,64,128,409600,interaction_2,6208,1,1.0,dynamics_h_0p01_stage_2,cffc441cee2bd015a78c885c0750263a0ede3b1b8b3eb5af88b7ed906fea8e96,deep_m0064_r1,production_final
3,1024.0,deep,final_geometry_v15_20260930,4327fe4ece9317f6fd20fad18389a71e9b1f423b,False,32,3433.276042228548,0.5965148082502094,0.5965148082502094,59beb161d147e59330a34df2512a0eb546d1434c8fd78cd51061a45e604219ed,interaction,0.01,282,full_posterior,64,128,409600,interaction_3,6208,1,1.0,dynamics_h_0p01_stage_2,cffc441cee2bd015a78c885c0750263a0ede3b1b8b3eb5af88b7ed906fea8e96,deep_m0064_r1,production_final
3,1024.0,deep,final_geometry_v15_20260930,4327fe4ece9317f6fd20fad18389a71e9b1f423b,False,32,1309.0667486427362,1.5644733182042878,1.5644733182042878,59beb161d147e59330a34df2512a0eb546d1434c8fd78cd51061a45e604219ed,control,0.01,792,full_posterior,64,128,409600,q_A,6208,1,1.0,dynamics_h_0p01_stage_2,cffc441cee2bd015a78c885c0750263a0ede3b1b8b3eb5af88b7ed906fea8e96,deep_m0064_r1,production_final
3,1024.0,deep,final_geometry_v15_20260930,4327fe4ece9317f6fd20fad18389a71e9b1f423b,False,32,2190.03097561242,0.9351465905304365,0.9351465905304365,59beb161d147e59330a34df2512a0eb546d1434c8fd78cd51061a45e604219ed,control,0.01,366,full_posterior,64,128,409600,q_W,6208,1,1.0,dynamics_h_0p01_stage_2,cffc441cee2bd015a78c885c0750263a0ede3b1b8b3eb5af88b7ed906fea8e96,deep_m0064_r1,production_final
3,1024.0,deep,final_geometry_v15_20260930,4327fe4ece9317f6fd20fad18389a71e9b1f423b,False,32,4362.899290377507,0.4694126230502088,0.4694126230502088,59beb161d147e59330a34df2512a0eb546d1434c8fd78cd51061a45e604219ed,control,0.01,228,full_posterior,64,128,409600,U,6208,1,1.0,dynamics_h_0p01_stage_2,cffc441cee2bd015a78c885c0750263a0ede3b1b8b3eb5af88b7ed906fea8e96,deep_m0064_r1,production_final
3,1024.0,deep,final_geometry_v15_20260930,4327fe4ece9317f6fd20fad18389a71e9b1f423b,False,32,4215.100612362851,0.4858721507128999,0.4858721507128999,16f90fa96fd42672b1b3e52e74db498c96fa2cf07fe3fa186e800bed3dd5803a,loss,0.02,228,full_posterior,64,128,204800,V,6208,1,1.0,dynamics_h_0p02_stage_2,cffc441cee2bd015a78c885c0750263a0ede3b1b8b3eb5af88b7ed906fea8e96,deep_m0064_r1,validation_or_superseded
3,1024.0,deep,final_geometry_v15_20260930,4327fe4ece9317f6fd20fad18389a71e9b1f423b,False,32,5238.698425814917,0.39093680023801314,0.39093680023801314,16f90fa96fd42672b1b3e52e74db498c96fa2cf07fe3fa186e800bed3dd5803a,train_logit,0.02,234,full_posterior,64,128,204800,train_logit_0,6208,1,1.0,dynamics_h_0p02_stage_2,cffc441cee2bd015a78c885c0750263a0ede3b1b8b3eb5af88b7ed906fea8e96,deep_m0064_r1,validation_or_superseded
3,1024.0,deep,final_geometry_v15_20260930,4327fe4ece9317f6fd20fad18389a71e9b1f423b,False,32,5857.25017315741,0.34965213017288704,0.34965213017288704,16f90fa96fd42672b1b3e52e74db498c96fa2cf07fe3fa186e800bed3dd5803a,train_logit,0.02,128,full_posterior,64,128,204800,train_logit_16,6208,1,1.0,dynamics_h_0p02_stage_2,cffc441cee2bd015a78c885c0750263a0ede3b1b8b3eb5af88b7ed906fea8e96,deep_m0064_r1,validation_or_superseded
3,1024.0,deep,final_geometry_v15_20260930,4327fe4ece9317f6fd20fad18389a71e9b1f423b,False,32,5649.978181987516,0.36247927585440104,0.36247927585440104,16f90fa96fd42672b1b3e52e74db498c96fa2cf07fe3fa186e800bed3dd5803a,train_logit,0.02,228,full_posterior,64,128,204800,train_logit_32,6208,1,1.0,dynamics_h_0p02_stage_2,cffc441cee2bd015a78c885c0750263a0ede3b1b8b3eb5af88b7ed906fea8e96,deep_m0064_r1,validation_or_superseded
3,1024.0,deep,final_geometry_v15_20260930,4327fe4ece9317f6fd20fad18389a71e9b1f423b,False,32,5502.017094537723,0.37222712412747816,0.37222712412747816,16f90fa96fd42672b1b3e52e74db498c96fa2cf07fe3fa186e800bed3dd5803a,train_logit,0.02,210,full_posterior,64,128,204800,train_logit_48,6208,1,1.0,dynamics_h_0p02_stage_2,cffc441cee2bd015a78c885c0750263a0ede3b1b8b3eb5af88b7ed906fea8e96,deep_m0064_r1,validation_or_superseded
3,1024.0,deep,final_geometry_v15_20260930,4327fe4ece9317f6fd20fad18389a71e9b1f423b,False,32,4871.627699198367,0.42039337290429674,0.42039337290429674,16f90fa96fd42672b1b3e52e74db498c96fa2cf07fe3fa186e800bed3dd5803a,train_logit,0.02,382,full_posterior,64,128,204800,train_logit_64,6208,1,1.0,dynamics_h_0p02_stage_2,cffc441cee2bd015a78c885c0750263a0ede3b1b8b3eb5af88b7ed906fea8e96,deep_m0064_r1,validation_or_superseded
3,1024.0,deep,final_geometry_v15_20260930,4327fe4ece9317f6fd20fad18389a71e9b1f423b,False,32,4847.783435768757,0.42246111591724395,0.42246111591724395,16f90fa96fd42672b1b3e52e74db498c96fa2cf07fe3fa186e800bed3dd5803a,train_logit,0.02,284,full_posterior,64,128,204800,train_logit_80,6208,1,1.0,dynamics_h_0p02_stage_2,cffc441cee2bd015a78c885c0750263a0ede3b1b8b3eb5af88b7ed906fea8e96,deep_m0064_r1,validation_or_superseded
3,1024.0,deep,final_geometry_v15_20260930,4327fe4ece9317f6fd20fad18389a71e9b1f423b,False,32,5545.471275077682,0.36931036126795397,0.36931036126795397,16f90fa96fd42672b1b3e52e74db498c96fa2cf07fe3fa186e800bed3dd5803a,train_logit,0.02,140,full_posterior,64,128,204800,train_logit_96,6208,1,1.0,dynamics_h_0p02_stage_2,cffc441cee2bd015a78c885c0750263a0ede3b1b8b3eb5af88b7ed906fea8e96,deep_m0064_r1,validation_or_superseded
3,1024.0,deep,final_geometry_v15_20260930,4327fe4ece9317f6fd20fad18389a71e9b1f423b,False,32,5482.447844146864,0.37355576527489864,0.37355576527489864,16f90fa96fd42672b1b3e52e74db498c96fa2cf07fe3fa186e800bed3dd5803a,train_logit,0.02,210,full_posterior,64,128,204800,train_logit_112,6208,1,1.0,dynamics_h_0p02_stage_2,cffc441cee2bd015a78c885c0750263a0ede3b1b8b3eb5af88b7ed906fea8e96,deep_m0064_r1,validation_or_superseded
3,1024.0,deep,final_geometry_v15_20260930,4327fe4ece9317f6fd20fad18389a71e9b1f423b,False,32,5427.7955662763525,0.3773170848077825,0.3773170848077825,16f90fa96fd42672b1b3e52e74db498c96fa2cf07fe3fa186e800bed3dd5803a,test_probability,0.02,156,full_posterior,64,128,204800,test_prob_0,6208,1,1.0,dynamics_h_0p02_stage_2,cffc441cee2bd015a78c885c0750263a0ede3b1b8b3eb5af88b7ed906fea8e96,deep_m0064_r1,validation_or_superseded
3,1024.0,deep,final_geometry_v15_20260930,4327fe4ece9317f6fd20fad18389a71e9b1f423b,False,32,4982.437841539774,0.4110437631404721,0.4110437631404721,16f90fa96fd42672b1b3e52e74db498c96fa2cf07fe3fa186e800bed3dd5803a,test_probability,0.02,176,full_posterior,64,128,204800,test_prob_128,6208,1,1.0,dynamics_h_0p02_stage_2,cffc441cee2bd015a78c885c0750263a0ede3b1b8b3eb5af88b7ed906fea8e96,deep_m0064_r1,validation_or_superseded
3,1024.0,deep,final_geometry_v15_20260930,4327fe4ece9317f6fd20fad18389a71e9b1f423b,False,32,4936.77981721261,0.41484531938398983,0.41484531938398983,16f90fa96fd42672b1b3e52e74db498c96fa2cf07fe3fa186e800bed3dd5803a,test_probability,0.02,182,full_posterior,64,128,204800,test_prob_256,6208,1,1.0,dynamics_h_0p02_stage_2,cffc441cee2bd015a78c885c0750263a0ede3b1b8b3eb5af88b7ed906fea8e96,deep_m0064_r1,validation_or_superseded
3,1024.0,deep,final_geometry_v15_20260930,4327fe4ece9317f6fd20fad18389a71e9b1f423b,False,32,5612.865380928608,0.3648760233870375,0.3648760233870375,16f90fa96fd42672b1b3e52e74db498c96fa2cf07fe3fa186e800bed3dd5803a,test_probability,0.02,234,full_posterior,64,128,204800,test_prob_384,6208,1,1.0,dynamics_h_0p02_stage_2,cffc441cee2bd015a78c885c0750263a0ede3b1b8b3eb5af88b7ed906fea8e96,deep_m0064_r1,validation_or_superseded
3,1024.0,deep,final_geometry_v15_20260930,4327fe4ece9317f6fd20fad18389a71e9b1f423b,False,32,4862.797051161626,0.4211567907220749,0.4211567907220749,16f90fa96fd42672b1b3e52e74db498c96fa2cf07fe3fa186e800bed3dd5803a,test_probability,0.02,274,full_posterior,64,128,204800,test_prob_512,6208,1,1.0,dynamics_h_0p02_stage_2,cffc441cee2bd015a78c885c0750263a0ede3b1b8b3eb5af88b7ed906fea8e96,deep_m0064_r1,validation_or_superseded
3,1024.0,deep,final_geometry_v15_20260930,4327fe4ece9317f6fd20fad18389a71e9b1f423b,False,32,5031.375457464013,0.4070457506727718,0.4070457506727718,16f90fa96fd42672b1b3e52e74db498c96fa2cf07fe3fa186e800bed3dd5803a,test_probability,0.02,210,full_posterior,64,128,204800,test_prob_640,6208,1,1.0,dynamics_h_0p02_stage_2,cffc441cee2bd015a78c885c0750263a0ede3b1b8b3eb5af88b7ed906fea8e96,deep_m0064_r1,validation_or_superseded
3,1024.0,deep,final_geometry_v15_20260930,4327fe4ece9317f6fd20fad18389a71e9b1f423b,False,32,5150.913224122215,0.3975993985705335,0.3975993985705335,16f90fa96fd42672b1b3e52e74db498c96fa2cf07fe3fa186e800bed3dd5803a,test_probability,0.02,168,full_posterior,64,128,204800,test_prob_768,6208,1,1.0,dynamics_h_0p02_stage_2,cffc441cee2bd015a78c885c0750263a0ede3b1b8b3eb5af88b7ed906fea8e96,deep_m0064_r1,validation_or_superseded
3,1024.0,deep,final_geometry_v15_20260930,4327fe4ece9317f6fd20fad18389a71e9b1f423b,False,32,5205.209690713322,0.39345196864092946,0.39345196864092946,16f90fa96fd42672b1b3e52e74db498c96fa2cf07fe3fa186e800bed3dd5803a,test_probability,0.02,208,full_posterior,64,128,204800,test_prob_896,6208,1,1.0,dynamics_h_0p02_stage_2,cffc441cee2bd015a78c885c0750263a0ede3b1b8b3eb5af88b7ed906fea8e96,deep_m0064_r1,validation_or_superseded
3,1024.0,deep,final_geometry_v15_20260930,4327fe4ece9317f6fd20fad18389a71e9b1f423b,False,32,3796.6815323375417,0.539418432269479,0.539418432269479,16f90fa96fd42672b1b3e52e74db498c96fa2cf07fe3fa186e800bed3dd5803a,interaction,0.02,132,full_posterior,64,128,204800,interaction_0,6208,1,1.0,dynamics_h_0p02_stage_2,cffc441cee2bd015a78c885c0750263a0ede3b1b8b3eb5af88b7ed906fea8e96,deep_m0064_r1,validation_or_superseded
3,1024.0,deep,final_geometry_v15_20260930,4327fe4ece9317f6fd20fad18389a71e9b1f423b,False,32,3449.1059538608747,0.5937770620550237,0.5937770620550237,16f90fa96fd42672b1b3e52e74db498c96fa2cf07fe3fa186e800bed3dd5803a,interaction,0.02,174,full_posterior,64,128,204800,interaction_1,6208,1,1.0,dynamics_h_0p02_stage_2,cffc441cee2bd015a78c885c0750263a0ede3b1b8b3eb5af88b7ed906fea8e96,deep_m0064_r1,validation_or_superseded
3,1024.0,deep,final_geometry_v15_20260930,4327fe4ece9317f6fd20fad18389a71e9b1f423b,False,32,3542.734360068175,0.57808455047716,0.57808455047716,16f90fa96fd42672b1b3e52e74db498c96fa2cf07fe3fa186e800bed3dd5803a,interaction,0.02,118,full_posterior,64,128,204800,interaction_2,6208,1,1.0,dynamics_h_0p02_stage_2,cffc441cee2bd015a78c885c0750263a0ede3b1b8b3eb5af88b7ed906fea8e96,deep_m0064_r1,validation_or_superseded
3,1024.0,deep,final_geometry_v15_20260930,4327fe4ece9317f6fd20fad18389a71e9b1f423b,False,32,3423.4680839835205,0.5982237747684691,0.5982237747684691,16f90fa96fd42672b1b3e52e74db498c96fa2cf07fe3fa186e800bed3dd5803a,interaction,0.02,174,full_posterior,64,128,204800,interaction_3,6208,1,1.0,dynamics_h_0p02_stage_2,cffc441cee2bd015a78c885c0750263a0ede3b1b8b3eb5af88b7ed906fea8e96,deep_m0064_r1,validation_or_superseded
3,1024.0,deep,final_geometry_v15_20260930,4327fe4ece9317f6fd20fad18389a71e9b1f423b,False,32,1415.4098291230605,1.4469307460361998,1.4469307460361998,16f90fa96fd42672b1b3e52e74db498c96fa2cf07fe3fa186e800bed3dd5803a,control,0.02,286,full_posterior,64,128,204800,q_A,6208,1,1.0,dynamics_h_0p02_stage_2,cffc441cee2bd015a78c885c0750263a0ede3b1b8b3eb5af88b7ed906fea8e96,deep_m0064_r1,validation_or_superseded
3,1024.0,deep,final_geometry_v15_20260930,4327fe4ece9317f6fd20fad18389a71e9b1f423b,False,32,2075.566775479502,0.9867184347884285,0.9867184347884285,16f90fa96fd42672b1b3e52e74db498c96fa2cf07fe3fa186e800bed3dd5803a,control,0.02,220,full_posterior,64,128,204800,q_W,6208,1,1.0,dynamics_h_0p02_stage_2,cffc441cee2bd015a78c885c0750263a0ede3b1b8b3eb5af88b7ed906fea8e96,deep_m0064_r1,validation_or_superseded
3,1024.0,deep,final_geometry_v15_20260930,4327fe4ece9317f6fd20fad18389a71e9b1f423b,False,32,3745.192462121608,0.5468343805326982,0.5468343805326982,16f90fa96fd42672b1b3e52e74db498c96fa2cf07fe3fa186e800bed3dd5803a,control,0.02,228,full_posterior,64,128,204800,U,6208,1,1.0,dynamics_h_0p02_stage_2,cffc441cee2bd015a78c885c0750263a0ede3b1b8b3eb5af88b7ed906fea8e96,deep_m0064_r1,validation_or_superseded
3,1024.0,deep,final_geometry_v15_20260930,4327fe4ece9317f6fd20fad18389a71e9b1f423b,False,32,5062.697622708524,0.4045274185078286,0.4045274185078286,b805c7fff1e7078c23282a5d5aa160d3793608efb74d92fba16d3b28621e1ae9,loss,0.01,344,full_posterior,64,128,409600,V,6208,2,1.0,dynamics_h_0p01_stage_2,5e7e9d9b0e46c28d13a71799ccda6b52c4855a61024370dac3c38fe8cb82e7c3,deep_m0064_r2,production_final
3,1024.0,deep,final_geometry_v15_20260930,4327fe4ece9317f6fd20fad18389a71e9b1f423b,False,32,5268.783415239746,0.38870453358857787,0.38870453358857787,b805c7fff1e7078c23282a5d5aa160d3793608efb74d92fba16d3b28621e1ae9,train_logit,0.01,866,full_posterior,64,128,409600,train_logit_0,6208,2,1.0,dynamics_h_0p01_stage_2,5e7e9d9b0e46c28d13a71799ccda6b52c4855a61024370dac3c38fe8cb82e7c3,deep_m0064_r2,production_final
3,1024.0,deep,final_geometry_v15_20260930,4327fe4ece9317f6fd20fad18389a71e9b1f423b,False,32,5883.48660102197,0.3480929147768025,0.3480929147768025,b805c7fff1e7078c23282a5d5aa160d3793608efb74d92fba16d3b28621e1ae9,train_logit,0.01,268,full_posterior,64,128,409600,train_logit_16,6208,2,1.0,dynamics_h_0p01_stage_2,5e7e9d9b0e46c28d13a71799ccda6b52c4855a61024370dac3c38fe8cb82e7c3,deep_m0064_r2,production_final
3,1024.0,deep,final_geometry_v15_20260930,4327fe4ece9317f6fd20fad18389a71e9b1f423b,False,32,6420.757820105861,0.3189654644171323,0.3189654644171323,b805c7fff1e7078c23282a5d5aa160d3793608efb74d92fba16d3b28621e1ae9,train_logit,0.01,318,full_posterior,64,128,409600,train_logit_32,6208,2,1.0,dynamics_h_0p01_stage_2,5e7e9d9b0e46c28d13a71799ccda6b52c4855a61024370dac3c38fe8cb82e7c3,deep_m0064_r2,production_final
3,1024.0,deep,final_geometry_v15_20260930,4327fe4ece9317f6fd20fad18389a71e9b1f423b,False,32,5704.685817131258,0.35900311877822,0.35900311877822,b805c7fff1e7078c23282a5d5aa160d3793608efb74d92fba16d3b28621e1ae9,train_logit,0.01,326,full_posterior,64,128,409600,train_logit_48,6208,2,1.0,dynamics_h_0p01_stage_2,5e7e9d9b0e46c28d13a71799ccda6b52c4855a61024370dac3c38fe8cb82e7c3,deep_m0064_r2,production_final
3,1024.0,deep,final_geometry_v15_20260930,4327fe4ece9317f6fd20fad18389a71e9b1f423b,False,32,6487.434848786249,0.31568717801970153,0.31568717801970153,b805c7fff1e7078c23282a5d5aa160d3793608efb74d92fba16d3b28621e1ae9,train_logit,0.01,200,full_posterior,64,128,409600,train_logit_64,6208,2,1.0,dynamics_h_0p01_stage_2,5e7e9d9b0e46c28d13a71799ccda6b52c4855a61024370dac3c38fe8cb82e7c3,deep_m0064_r2,production_final
3,1024.0,deep,final_geometry_v15_20260930,4327fe4ece9317f6fd20fad18389a71e9b1f423b,False,32,6220.766628149666,0.3292198731154084,0.3292198731154084,b805c7fff1e7078c23282a5d5aa160d3793608efb74d92fba16d3b28621e1ae9,train_logit,0.01,344,full_posterior,64,128,409600,train_logit_80,6208,2,1.0,dynamics_h_0p01_stage_2,5e7e9d9b0e46c28d13a71799ccda6b52c4855a61024370dac3c38fe8cb82e7c3,deep_m0064_r2,production_final
3,1024.0,deep,final_geometry_v15_20260930,4327fe4ece9317f6fd20fad18389a71e9b1f423b,False,32,5672.80151076079,0.36102091640525935,0.36102091640525935,b805c7fff1e7078c23282a5d5aa160d3793608efb74d92fba16d3b28621e1ae9,train_logit,0.01,306,full_posterior,64,128,409600,train_logit_96,6208,2,1.0,dynamics_h_0p01_stage_2,5e7e9d9b0e46c28d13a71799ccda6b52c4855a61024370dac3c38fe8cb82e7c3,deep_m0064_r2,production_final
3,1024.0,deep,final_geometry_v15_20260930,4327fe4ece9317f6fd20fad18389a71e9b1f423b,False,32,6096.740274821866,0.33591721275347236,0.33591721275347236,b805c7fff1e7078c23282a5d5aa160d3793608efb74d92fba16d3b28621e1ae9,train_logit,0.01,312,full_posterior,64,128,409600,train_logit_112,6208,2,1.0,dynamics_h_0p01_stage_2,5e7e9d9b0e46c28d13a71799ccda6b52c4855a61024370dac3c38fe8cb82e7c3,deep_m0064_r2,production_final
3,1024.0,deep,final_geometry_v15_20260930,4327fe4ece9317f6fd20fad18389a71e9b1f423b,False,32,5799.960288658166,0.35310586591512844,0.35310586591512844,b805c7fff1e7078c23282a5d5aa160d3793608efb74d92fba16d3b28621e1ae9,test_probability,0.01,312,full_posterior,64,128,409600,test_prob_0,6208,2,1.0,dynamics_h_0p01_stage_2,5e7e9d9b0e46c28d13a71799ccda6b52c4855a61024370dac3c38fe8cb82e7c3,deep_m0064_r2,production_final
3,1024.0,deep,final_geometry_v15_20260930,4327fe4ece9317f6fd20fad18389a71e9b1f423b,False,32,5215.55504328313,0.39267153409444383,0.39267153409444383,b805c7fff1e7078c23282a5d5aa160d3793608efb74d92fba16d3b28621e1ae9,test_probability,0.01,558,full_posterior,64,128,409600,test_prob_128,6208,2,1.0,dynamics_h_0p01_stage_2,5e7e9d9b0e46c28d13a71799ccda6b52c4855a61024370dac3c38fe8cb82e7c3,deep_m0064_r2,production_final
3,1024.0,deep,final_geometry_v15_20260930,4327fe4ece9317f6fd20fad18389a71e9b1f423b,False,32,5067.556358598703,0.40413956058424966,0.40413956058424966,b805c7fff1e7078c23282a5d5aa160d3793608efb74d92fba16d3b28621e1ae9,test_probability,0.01,434,full_posterior,64,128,409600,test_prob_256,6208,2,1.0,dynamics_h_0p01_stage_2,5e7e9d9b0e46c28d13a71799ccda6b52c4855a61024370dac3c38fe8cb82e7c3,deep_m0064_r2,production_final
3,1024.0,deep,final_geometry_v15_20260930,4327fe4ece9317f6fd20fad18389a71e9b1f423b,False,32,6311.451336508229,0.32448954936140617,0.32448954936140617,b805c7fff1e7078c23282a5d5aa160d3793608efb74d92fba16d3b28621e1ae9,test_probability,0.01,256,full_posterior,64,128,409600,test_prob_384,6208,2,1.0,dynamics_h_0p01_stage_2,5e7e9d9b0e46c28d13a71799ccda6b52c4855a61024370dac3c38fe8cb82e7c3,deep_m0064_r2,production_final
3,1024.0,deep,final_geometry_v15_20260930,4327fe4ece9317f6fd20fad18389a71e9b1f423b,False,32,5757.116968334294,0.35573360959392625,0.35573360959392625,b805c7fff1e7078c23282a5d5aa160d3793608efb74d92fba16d3b28621e1ae9,test_probability,0.01,304,full_posterior,64,128,409600,test_prob_512,6208,2,1.0,dynamics_h_0p01_stage_2,5e7e9d9b0e46c28d13a71799ccda6b52c4855a61024370dac3c38fe8cb82e7c3,deep_m0064_r2,production_final
3,1024.0,deep,final_geometry_v15_20260930,4327fe4ece9317f6fd20fad18389a71e9b1f423b,False,32,5225.637066019169,0.39191393778905187,0.39191393778905187,b805c7fff1e7078c23282a5d5aa160d3793608efb74d92fba16d3b28621e1ae9,test_probability,0.01,454,full_posterior,64,128,409600,test_prob_640,6208,2,1.0,dynamics_h_0p01_stage_2,5e7e9d9b0e46c28d13a71799ccda6b52c4855a61024370dac3c38fe8cb82e7c3,deep_m0064_r2,production_final
3,1024.0,deep,final_geometry_v15_20260930,4327fe4ece9317f6fd20fad18389a71e9b1f423b,False,32,5390.533622337288,0.3799252807761925,0.3799252807761925,b805c7fff1e7078c23282a5d5aa160d3793608efb74d92fba16d3b28621e1ae9,test_probability,0.01,340,full_posterior,64,128,409600,test_prob_768,6208,2,1.0,dynamics_h_0p01_stage_2,5e7e9d9b0e46c28d13a71799ccda6b52c4855a61024370dac3c38fe8cb82e7c3,deep_m0064_r2,production_final
3,1024.0,deep,final_geometry_v15_20260930,4327fe4ece9317f6fd20fad18389a71e9b1f423b,False,32,4945.434922885869,0.41411929020085175,0.41411929020085175,b805c7fff1e7078c23282a5d5aa160d3793608efb74d92fba16d3b28621e1ae9,test_probability,0.01,424,full_posterior,64,128,409600,test_prob_896,6208,2,1.0,dynamics_h_0p01_stage_2,5e7e9d9b0e46c28d13a71799ccda6b52c4855a61024370dac3c38fe8cb82e7c3,deep_m0064_r2,production_final
3,1024.0,deep,final_geometry_v15_20260930,4327fe4ece9317f6fd20fad18389a71e9b1f423b,False,32,3762.363393073651,0.5443387004483087,0.5443387004483087,b805c7fff1e7078c23282a5d5aa160d3793608efb74d92fba16d3b28621e1ae9,interaction,0.01,260,full_posterior,64,128,409600,interaction_0,6208,2,1.0,dynamics_h_0p01_stage_2,5e7e9d9b0e46c28d13a71799ccda6b52c4855a61024370dac3c38fe8cb82e7c3,deep_m0064_r2,production_final
3,1024.0,deep,final_geometry_v15_20260930,4327fe4ece9317f6fd20fad18389a71e9b1f423b,False,32,3618.252203950885,0.5660191397834909,0.5660191397834909,b805c7fff1e7078c23282a5d5aa160d3793608efb74d92fba16d3b28621e1ae9,interaction,0.01,486,full_posterior,64,128,409600,interaction_1,6208,2,1.0,dynamics_h_0p01_stage_2,5e7e9d9b0e46c28d13a71799ccda6b52c4855a61024370dac3c38fe8cb82e7c3,deep_m0064_r2,production_final
3,1024.0,deep,final_geometry_v15_20260930,4327fe4ece9317f6fd20fad18389a71e9b1f423b,False,32,3928.359705291979,0.5213371874375696,0.5213371874375696,b805c7fff1e7078c23282a5d5aa160d3793608efb74d92fba16d3b28621e1ae9,interaction,0.01,248,full_posterior,64,128,409600,interaction_2,6208,2,1.0,dynamics_h_0p01_stage_2,5e7e9d9b0e46c28d13a71799ccda6b52c4855a61024370dac3c38fe8cb82e7c3,deep_m0064_r2,production_final
3,1024.0,deep,final_geometry_v15_20260930,4327fe4ece9317f6fd20fad18389a71e9b1f423b,False,32,3749.2013758480584,0.5462496661803737,0.5462496661803737,b805c7fff1e7078c23282a5d5aa160d3793608efb74d92fba16d3b28621e1ae9,interaction,0.01,324,full_posterior,64,128,409600,interaction_3,6208,2,1.0,dynamics_h_0p01_stage_2,5e7e9d9b0e46c28d13a71799ccda6b52c4855a61024370dac3c38fe8cb82e7c3,deep_m0064_r2,production_final
3,1024.0,deep,final_geometry_v15_20260930,4327fe4ece9317f6fd20fad18389a71e9b1f423b,False,32,1119.3902811355279,1.8295674301571345,1.8295674301571345,b805c7fff1e7078c23282a5d5aa160d3793608efb74d92fba16d3b28621e1ae9,control,0.01,3074,full_posterior,64,128,409600,q_A,6208,2,1.0,dynamics_h_0p01_stage_2,5e7e9d9b0e46c28d13a71799ccda6b52c4855a61024370dac3c38fe8cb82e7c3,deep_m0064_r2,production_final
3,1024.0,deep,final_geometry_v15_20260930,4327fe4ece9317f6fd20fad18389a71e9b1f423b,False,32,2027.983713530373,1.0098700430067962,1.0098700430067962,b805c7fff1e7078c23282a5d5aa160d3793608efb74d92fba16d3b28621e1ae9,control,0.01,1192,full_posterior,64,128,409600,q_W,6208,2,1.0,dynamics_h_0p01_stage_2,5e7e9d9b0e46c28d13a71799ccda6b52c4855a61024370dac3c38fe8cb82e7c3,deep_m0064_r2,production_final
3,1024.0,deep,final_geometry_v15_20260930,4327fe4ece9317f6fd20fad18389a71e9b1f423b,False,32,3963.2758127771726,0.5167442531749795,0.5167442531749795,b805c7fff1e7078c23282a5d5aa160d3793608efb74d92fba16d3b28621e1ae9,control,0.01,446,full_posterior,64,128,409600,U,6208,2,1.0,dynamics_h_0p01_stage_2,5e7e9d9b0e46c28d13a71799ccda6b52c4855a61024370dac3c38fe8cb82e7c3,deep_m0064_r2,production_final
3,1024.0,deep,final_geometry_v15_20260930,4327fe4ece9317f6fd20fad18389a71e9b1f423b,False,32,4382.872984794953,0.4672734088131037,0.4672734088131037,ec32b32a49132cef6cd2f991b53a647c9fa35e0d2f01bed3fe1dba7147f8c193,loss,0.02,210,full_posterior,64,128,204800,V,6208,2,1.0,dynamics_h_0p02_stage_2,5e7e9d9b0e46c28d13a71799ccda6b52c4855a61024370dac3c38fe8cb82e7c3,deep_m0064_r2,validation_or_superseded
3,1024.0,deep,final_geometry_v15_20260930,4327fe4ece9317f6fd20fad18389a71e9b1f423b,False,32,4611.142008690262,0.4441416022625834,0.4441416022625834,ec32b32a49132cef6cd2f991b53a647c9fa35e0d2f01bed3fe1dba7147f8c193,train_logit,0.02,238,full_posterior,64,128,204800,train_logit_0,6208,2,1.0,dynamics_h_0p02_stage_2,5e7e9d9b0e46c28d13a71799ccda6b52c4855a61024370dac3c38fe8cb82e7c3,deep_m0064_r2,validation_or_superseded
3,1024.0,deep,final_geometry_v15_20260930,4327fe4ece9317f6fd20fad18389a71e9b1f423b,False,32,5809.2000803863975,0.35254423529233614,0.35254423529233614,ec32b32a49132cef6cd2f991b53a647c9fa35e0d2f01bed3fe1dba7147f8c193,train_logit,0.02,250,full_posterior,64,128,204800,train_logit_16,6208,2,1.0,dynamics_h_0p02_stage_2,5e7e9d9b0e46c28d13a71799ccda6b52c4855a61024370dac3c38fe8cb82e7c3,deep_m0064_r2,validation_or_superseded
3,1024.0,deep,final_geometry_v15_20260930,4327fe4ece9317f6fd20fad18389a71e9b1f423b,False,32,6494.670633694721,0.31533546741767926,0.31533546741767926,ec32b32a49132cef6cd2f991b53a647c9fa35e0d2f01bed3fe1dba7147f8c193,train_logit,0.02,126,full_posterior,64,128,204800,train_logit_32,6208,2,1.0,dynamics_h_0p02_stage_2,5e7e9d9b0e46c28d13a71799ccda6b52c4855a61024370dac3c38fe8cb82e7c3,deep_m0064_r2,validation_or_superseded
3,1024.0,deep,final_geometry_v15_20260930,4327fe4ece9317f6fd20fad18389a71e9b1f423b,False,32,5432.936294435996,0.376960061559604,0.376960061559604,ec32b32a49132cef6cd2f991b53a647c9fa35e0d2f01bed3fe1dba7147f8c193,train_logit,0.02,164,full_posterior,64,128,204800,train_logit_48,6208,2,1.0,dynamics_h_0p02_stage_2,5e7e9d9b0e46c28d13a71799ccda6b52c4855a61024370dac3c38fe8cb82e7c3,deep_m0064_r2,validation_or_superseded
3,1024.0,deep,final_geometry_v15_20260930,4327fe4ece9317f6fd20fad18389a71e9b1f423b,False,32,5604.015531952326,0.3654522347989493,0.3654522347989493,ec32b32a49132cef6cd2f991b53a647c9fa35e0d2f01bed3fe1dba7147f8c193,train_logit,0.02,196,full_posterior,64,128,204800,train_logit_64,6208,2,1.0,dynamics_h_0p02_stage_2,5e7e9d9b0e46c28d13a71799ccda6b52c4855a61024370dac3c38fe8cb82e7c3,deep_m0064_r2,validation_or_superseded
3,1024.0,deep,final_geometry_v15_20260930,4327fe4ece9317f6fd20fad18389a71e9b1f423b,False,32,6442.609536350989,0.3178836135334007,0.3178836135334007,ec32b32a49132cef6cd2f991b53a647c9fa35e0d2f01bed3fe1dba7147f8c193,train_logit,0.02,110,full_posterior,64,128,204800,train_logit_80,6208,2,1.0,dynamics_h_0p02_stage_2,5e7e9d9b0e46c28d13a71799ccda6b52c4855a61024370dac3c38fe8cb82e7c3,deep_m0064_r2,validation_or_superseded
3,1024.0,deep,final_geometry_v15_20260930,4327fe4ece9317f6fd20fad18389a71e9b1f423b,False,32,6157.764407760689,0.33258823566209944,0.33258823566209944,ec32b32a49132cef6cd2f991b53a647c9fa35e0d2f01bed3fe1dba7147f8c193,train_logit,0.02,146,full_posterior,64,128,204800,train_logit_96,6208,2,1.0,dynamics_h_0p02_stage_2,5e7e9d9b0e46c28d13a71799ccda6b52c4855a61024370dac3c38fe8cb82e7c3,deep_m0064_r2,validation_or_superseded
3,1024.0,deep,final_geometry_v15_20260930,4327fe4ece9317f6fd20fad18389a71e9b1f423b,False,32,6231.005489002598,0.32867889518226456,0.32867889518226456,ec32b32a49132cef6cd2f991b53a647c9fa35e0d2f01bed3fe1dba7147f8c193,train_logit,0.02,244,full_posterior,64,128,204800,train_logit_112,6208,2,1.0,dynamics_h_0p02_stage_2,5e7e9d9b0e46c28d13a71799ccda6b52c4855a61024370dac3c38fe8cb82e7c3,deep_m0064_r2,validation_or_superseded
3,1024.0,deep,final_geometry_v15_20260930,4327fe4ece9317f6fd20fad18389a71e9b1f423b,False,32,5587.888664966832,0.3665069443562646,0.3665069443562646,ec32b32a49132cef6cd2f991b53a647c9fa35e0d2f01bed3fe1dba7147f8c193,test_probability,0.02,170,full_posterior,64,128,204800,test_prob_0,6208,2,1.0,dynamics_h_0p02_stage_2,5e7e9d9b0e46c28d13a71799ccda6b52c4855a61024370dac3c38fe8cb82e7c3,deep_m0064_r2,validation_or_superseded
3,1024.0,deep,final_geometry_v15_20260930,4327fe4ece9317f6fd20fad18389a71e9b1f423b,False,32,4952.387663369813,0.41353790115179606,0.41353790115179606,ec32b32a49132cef6cd2f991b53a647c9fa35e0d2f01bed3fe1dba7147f8c193,test_probability,0.02,226,full_posterior,64,128,204800,test_prob_128,6208,2,1.0,dynamics_h_0p02_stage_2,5e7e9d9b0e46c28d13a71799ccda6b52c4855a61024370dac3c38fe8cb82e7c3,deep_m0064_r2,validation_or_superseded
3,1024.0,deep,final_geometry_v15_20260930,4327fe4ece9317f6fd20fad18389a71e9b1f423b,False,32,5269.803278687788,0.38862930771677,0.38862930771677,ec32b32a49132cef6cd2f991b53a647c9fa35e0d2f01bed3fe1dba7147f8c193,test_probability,0.02,190,full_posterior,64,128,204800,test_prob_256,6208,2,1.0,dynamics_h_0p02_stage_2,5e7e9d9b0e46c28d13a71799ccda6b52c4855a61024370dac3c38fe8cb82e7c3,deep_m0064_r2,validation_or_superseded
3,1024.0,deep,final_geometry_v15_20260930,4327fe4ece9317f6fd20fad18389a71e9b1f423b,False,32,5200.794872107435,0.39378595971621577,0.39378595971621577,ec32b32a49132cef6cd2f991b53a647c9fa35e0d2f01bed3fe1dba7147f8c193,test_probability,0.02,224,full_posterior,64,128,204800,test_prob_384,6208,2,1.0,dynamics_h_0p02_stage_2,5e7e9d9b0e46c28d13a71799ccda6b52c4855a61024370dac3c38fe8cb82e7c3,deep_m0064_r2,validation_or_superseded
3,1024.0,deep,final_geometry_v15_20260930,4327fe4ece9317f6fd20fad18389a71e9b1f423b,False,32,4987.947553674773,0.41058972211750216,0.41058972211750216,ec32b32a49132cef6cd2f991b53a647c9fa35e0d2f01bed3fe1dba7147f8c193,test_probability,0.02,222,full_posterior,64,128,204800,test_prob_512,6208,2,1.0,dynamics_h_0p02_stage_2,5e7e9d9b0e46c28d13a71799ccda6b52c4855a61024370dac3c38fe8cb82e7c3,deep_m0064_r2,validation_or_superseded
3,1024.0,deep,final_geometry_v15_20260930,4327fe4ece9317f6fd20fad18389a71e9b1f423b,False,32,5434.084341598125,0.37688042202850647,0.37688042202850647,ec32b32a49132cef6cd2f991b53a647c9fa35e0d2f01bed3fe1dba7147f8c193,test_probability,0.02,132,full_posterior,64,128,204800,test_prob_640,6208,2,1.0,dynamics_h_0p02_stage_2,5e7e9d9b0e46c28d13a71799ccda6b52c4855a61024370dac3c38fe8cb82e7c3,deep_m0064_r2,validation_or_superseded
3,1024.0,deep,final_geometry_v15_20260930,4327fe4ece9317f6fd20fad18389a71e9b1f423b,False,32,5652.791832179934,0.3622988535224748,0.3622988535224748,ec32b32a49132cef6cd2f991b53a647c9fa35e0d2f01bed3fe1dba7147f8c193,test_probability,0.02,230,full_posterior,64,128,204800,test_prob_768,6208,2,1.0,dynamics_h_0p02_stage_2,5e7e9d9b0e46c28d13a71799ccda6b52c4855a61024370dac3c38fe8cb82e7c3,deep_m0064_r2,validation_or_superseded
3,1024.0,deep,final_geometry_v15_20260930,4327fe4ece9317f6fd20fad18389a71e9b1f423b,False,32,5142.167222488121,0.39827565137196025,0.39827565137196025,ec32b32a49132cef6cd2f991b53a647c9fa35e0d2f01bed3fe1dba7147f8c193,test_probability,0.02,152,full_posterior,64,128,204800,test_prob_896,6208,2,1.0,dynamics_h_0p02_stage_2,5e7e9d9b0e46c28d13a71799ccda6b52c4855a61024370dac3c38fe8cb82e7c3,deep_m0064_r2,validation_or_superseded
3,1024.0,deep,final_geometry_v15_20260930,4327fe4ece9317f6fd20fad18389a71e9b1f423b,False,32,3630.7221814947256,0.5640751061698867,0.5640751061698867,ec32b32a49132cef6cd2f991b53a647c9fa35e0d2f01bed3fe1dba7147f8c193,interaction,0.02,152,full_posterior,64,128,204800,interaction_0,6208,2,1.0,dynamics_h_0p02_stage_2,5e7e9d9b0e46c28d13a71799ccda6b52c4855a61024370dac3c38fe8cb82e7c3,deep_m0064_r2,validation_or_superseded
3,1024.0,deep,final_geometry_v15_20260930,4327fe4ece9317f6fd20fad18389a71e9b1f423b,False,32,3987.839627934118,0.513561274042747,0.513561274042747,ec32b32a49132cef6cd2f991b53a647c9fa35e0d2f01bed3fe1dba7147f8c193,interaction,0.02,126,full_posterior,64,128,204800,interaction_1,6208,2,1.0,dynamics_h_0p02_stage_2,5e7e9d9b0e46c28d13a71799ccda6b52c4855a61024370dac3c38fe8cb82e7c3,deep_m0064_r2,validation_or_superseded
3,1024.0,deep,final_geometry_v15_20260930,4327fe4ece9317f6fd20fad18389a71e9b1f423b,False,32,3715.3435083047343,0.5512276308831744,0.5512276308831744,ec32b32a49132cef6cd2f991b53a647c9fa35e0d2f01bed3fe1dba7147f8c193,interaction,0.02,188,full_posterior,64,128,204800,interaction_2,6208,2,1.0,dynamics_h_0p02_stage_2,5e7e9d9b0e46c28d13a71799ccda6b52c4855a61024370dac3c38fe8cb82e7c3,deep_m0064_r2,validation_or_superseded
3,1024.0,deep,final_geometry_v15_20260930,4327fe4ece9317f6fd20fad18389a71e9b1f423b,False,32,3707.934155680477,0.5523291175121078,0.5523291175121078,ec32b32a49132cef6cd2f991b53a647c9fa35e0d2f01bed3fe1dba7147f8c193,interaction,0.02,196,full_posterior,64,128,204800,interaction_3,6208,2,1.0,dynamics_h_0p02_stage_2,5e7e9d9b0e46c28d13a71799ccda6b52c4855a61024370dac3c38fe8cb82e7c3,deep_m0064_r2,validation_or_superseded
3,1024.0,deep,final_geometry_v15_20260930,4327fe4ece9317f6fd20fad18389a71e9b1f423b,False,32,1454.1568341256577,1.408376285100914,1.408376285100914,ec32b32a49132cef6cd2f991b53a647c9fa35e0d2f01bed3fe1dba7147f8c193,control,0.02,1302,full_posterior,64,128,204800,q_A,6208,2,1.0,dynamics_h_0p02_stage_2,5e7e9d9b0e46c28d13a71799ccda6b52c4855a61024370dac3c38fe8cb82e7c3,deep_m0064_r2,validation_or_superseded
3,1024.0,deep,final_geometry_v15_20260930,4327fe4ece9317f6fd20fad18389a71e9b1f423b,False,32,2060.9724566481373,0.9937056622924331,0.9937056622924331,ec32b32a49132cef6cd2f991b53a647c9fa35e0d2f01bed3fe1dba7147f8c193,control,0.02,234,full_posterior,64,128,204800,q_W,6208,2,1.0,dynamics_h_0p02_stage_2,5e7e9d9b0e46c28d13a71799ccda6b52c4855a61024370dac3c38fe8cb82e7c3,deep_m0064_r2,validation_or_superseded
3,1024.0,deep,final_geometry_v15_20260930,4327fe4ece9317f6fd20fad18389a71e9b1f423b,False,32,3528.0049427901445,0.5804980529251546,0.5804980529251546,ec32b32a49132cef6cd2f991b53a647c9fa35e0d2f01bed3fe1dba7147f8c193,control,0.02,322,full_posterior,64,128,204800,U,6208,2,1.0,dynamics_h_0p02_stage_2,5e7e9d9b0e46c28d13a71799ccda6b52c4855a61024370dac3c38fe8cb82e7c3,deep_m0064_r2,validation_or_superseded
3,2048.0,deep,final_geometry_v15_20260930,4327fe4ece9317f6fd20fad18389a71e9b1f423b,False,32,11220.850807252444,0.36503470818385775,0.36503470818385775,d5a9d240fc309666b4aeb3540e3e73f7b408afdaece615ca0ba3d727cc2a8c1a,loss,0.01,340,full_posterior,128,128,819200,V,20608,0,1.0,dynamics_h_0p01_stage_3,a3fbfe3694a6d3a7a8f724b8f6e362367e3afc7860a1c5f1481a53f3e86fcfbf,deep_m0128_r0,production_final
3,2048.0,deep,final_geometry_v15_20260930,4327fe4ece9317f6fd20fad18389a71e9b1f423b,False,32,12986.333993466365,0.31540849034537105,0.31540849034537105,d5a9d240fc309666b4aeb3540e3e73f7b408afdaece615ca0ba3d727cc2a8c1a,train_logit,0.01,518,full_posterior,128,128,819200,train_logit_0,20608,0,1.0,dynamics_h_0p01_stage_3,a3fbfe3694a6d3a7a8f724b8f6e362367e3afc7860a1c5f1481a53f3e86fcfbf,deep_m0128_r0,production_final
3,2048.0,deep,final_geometry_v15_20260930,4327fe4ece9317f6fd20fad18389a71e9b1f423b,False,32,12980.765715330666,0.31554378915894793,0.31554378915894793,d5a9d240fc309666b4aeb3540e3e73f7b408afdaece615ca0ba3d727cc2a8c1a,train_logit,0.01,526,full_posterior,128,128,819200,train_logit_16,20608,0,1.0,dynamics_h_0p01_stage_3,a3fbfe3694a6d3a7a8f724b8f6e362367e3afc7860a1c5f1481a53f3e86fcfbf,deep_m0128_r0,production_final
3,2048.0,deep,final_geometry_v15_20260930,4327fe4ece9317f6fd20fad18389a71e9b1f423b,False,32,13626.275382033944,0.30059571564218635,0.30059571564218635,d5a9d240fc309666b4aeb3540e3e73f7b408afdaece615ca0ba3d727cc2a8c1a,train_logit,0.01,616,full_posterior,128,128,819200,train_logit_32,20608,0,1.0,dynamics_h_0p01_stage_3,a3fbfe3694a6d3a7a8f724b8f6e362367e3afc7860a1c5f1481a53f3e86fcfbf,deep_m0128_r0,production_final
3,2048.0,deep,final_geometry_v15_20260930,4327fe4ece9317f6fd20fad18389a71e9b1f423b,False,32,13416.551714942141,0.30529454117768917,0.30529454117768917,d5a9d240fc309666b4aeb3540e3e73f7b408afdaece615ca0ba3d727cc2a8c1a,train_logit,0.01,250,full_posterior,128,128,819200,train_logit_48,20608,0,1.0,dynamics_h_0p01_stage_3,a3fbfe3694a6d3a7a8f724b8f6e362367e3afc7860a1c5f1481a53f3e86fcfbf,deep_m0128_r0,production_final
3,2048.0,deep,final_geometry_v15_20260930,4327fe4ece9317f6fd20fad18389a71e9b1f423b,False,32,14690.55034136652,0.27881868989388653,0.27881868989388653,d5a9d240fc309666b4aeb3540e3e73f7b408afdaece615ca0ba3d727cc2a8c1a,train_logit,0.01,230,full_posterior,128,128,819200,train_logit_64,20608,0,1.0,dynamics_h_0p01_stage_3,a3fbfe3694a6d3a7a8f724b8f6e362367e3afc7860a1c5f1481a53f3e86fcfbf,deep_m0128_r0,production_final
3,2048.0,deep,final_geometry_v15_20260930,4327fe4ece9317f6fd20fad18389a71e9b1f423b,False,32,12605.202575360814,0.3249451942967093,0.3249451942967093,d5a9d240fc309666b4aeb3540e3e73f7b408afdaece615ca0ba3d727cc2a8c1a,train_logit,0.01,392,full_posterior,128,128,819200,train_logit_80,20608,0,1.0,dynamics_h_0p01_stage_3,a3fbfe3694a6d3a7a8f724b8f6e362367e3afc7860a1c5f1481a53f3e86fcfbf,deep_m0128_r0,production_final
3,2048.0,deep,final_geometry_v15_20260930,4327fe4ece9317f6fd20fad18389a71e9b1f423b,False,32,12843.776071371898,0.3189093283189333,0.3189093283189333,d5a9d240fc309666b4aeb3540e3e73f7b408afdaece615ca0ba3d727cc2a8c1a,train_logit,0.01,460,full_posterior,128,128,819200,train_logit_96,20608,0,1.0,dynamics_h_0p01_stage_3,a3fbfe3694a6d3a7a8f724b8f6e362367e3afc7860a1c5f1481a53f3e86fcfbf,deep_m0128_r0,production_final
3,2048.0,deep,final_geometry_v15_20260930,4327fe4ece9317f6fd20fad18389a71e9b1f423b,False,32,14079.533362975995,0.2909187324894571,0.2909187324894571,d5a9d240fc309666b4aeb3540e3e73f7b408afdaece615ca0ba3d727cc2a8c1a,train_logit,0.01,290,full_posterior,128,128,819200,train_logit_112,20608,0,1.0,dynamics_h_0p01_stage_3,a3fbfe3694a6d3a7a8f724b8f6e362367e3afc7860a1c5f1481a53f3e86fcfbf,deep_m0128_r0,production_final
3,2048.0,deep,final_geometry_v15_20260930,4327fe4ece9317f6fd20fad18389a71e9b1f423b,False,32,11919.65401782906,0.34363413517484037,0.34363413517484037,d5a9d240fc309666b4aeb3540e3e73f7b408afdaece615ca0ba3d727cc2a8c1a,test_probability,0.01,318,full_posterior,128,128,819200,test_prob_0,20608,0,1.0,dynamics_h_0p01_stage_3,a3fbfe3694a6d3a7a8f724b8f6e362367e3afc7860a1c5f1481a53f3e86fcfbf,deep_m0128_r0,production_final
3,2048.0,deep,final_geometry_v15_20260930,4327fe4ece9317f6fd20fad18389a71e9b1f423b,False,32,11921.194515803743,0.3435897295837255,0.3435897295837255,d5a9d240fc309666b4aeb3540e3e73f7b408afdaece615ca0ba3d727cc2a8c1a,test_probability,0.01,260,full_posterior,128,128,819200,test_prob_128,20608,0,1.0,dynamics_h_0p01_stage_3,a3fbfe3694a6d3a7a8f724b8f6e362367e3afc7860a1c5f1481a53f3e86fcfbf,deep_m0128_r0,production_final
3,2048.0,deep,final_geometry_v15_20260930,4327fe4ece9317f6fd20fad18389a71e9b1f423b,False,32,12003.718098974765,0.34122760683207304,0.34122760683207304,d5a9d240fc309666b4aeb3540e3e73f7b408afdaece615ca0ba3d727cc2a8c1a,test_probability,0.01,306,full_posterior,128,128,819200,test_prob_256,20608,0,1.0,dynamics_h_0p01_stage_3,a3fbfe3694a6d3a7a8f724b8f6e362367e3afc7860a1c5f1481a53f3e86fcfbf,deep_m0128_r0,production_final
3,2048.0,deep,final_geometry_v15_20260930,4327fe4ece9317f6fd20fad18389a71e9b1f423b,False,32,12016.31478885275,0.3408698982985834,0.3408698982985834,d5a9d240fc309666b4aeb3540e3e73f7b408afdaece615ca0ba3d727cc2a8c1a,test_probability,0.01,390,full_posterior,128,128,819200,test_prob_384,20608,0,1.0,dynamics_h_0p01_stage_3,a3fbfe3694a6d3a7a8f724b8f6e362367e3afc7860a1c5f1481a53f3e86fcfbf,deep_m0128_r0,production_final
3,2048.0,deep,final_geometry_v15_20260930,4327fe4ece9317f6fd20fad18389a71e9b1f423b,False,32,11877.331270504652,0.34485861400293893,0.34485861400293893,d5a9d240fc309666b4aeb3540e3e73f7b408afdaece615ca0ba3d727cc2a8c1a,test_probability,0.01,394,full_posterior,128,128,819200,test_prob_512,20608,0,1.0,dynamics_h_0p01_stage_3,a3fbfe3694a6d3a7a8f724b8f6e362367e3afc7860a1c5f1481a53f3e86fcfbf,deep_m0128_r0,production_final
3,2048.0,deep,final_geometry_v15_20260930,4327fe4ece9317f6fd20fad18389a71e9b1f423b,False,32,12691.209623269759,0.3227430734805488,0.3227430734805488,d5a9d240fc309666b4aeb3540e3e73f7b408afdaece615ca0ba3d727cc2a8c1a,test_probability,0.01,216,full_posterior,128,128,819200,test_prob_640,20608,0,1.0,dynamics_h_0p01_stage_3,a3fbfe3694a6d3a7a8f724b8f6e362367e3afc7860a1c5f1481a53f3e86fcfbf,deep_m0128_r0,production_final
3,2048.0,deep,final_geometry_v15_20260930,4327fe4ece9317f6fd20fad18389a71e9b1f423b,False,32,12673.298557301105,0.3231992035443913,0.3231992035443913,d5a9d240fc309666b4aeb3540e3e73f7b408afdaece615ca0ba3d727cc2a8c1a,test_probability,0.01,278,full_posterior,128,128,819200,test_prob_768,20608,0,1.0,dynamics_h_0p01_stage_3,a3fbfe3694a6d3a7a8f724b8f6e362367e3afc7860a1c5f1481a53f3e86fcfbf,deep_m0128_r0,production_final
3,2048.0,deep,final_geometry_v15_20260930,4327fe4ece9317f6fd20fad18389a71e9b1f423b,False,32,12124.91376960532,0.3378168354704373,0.3378168354704373,d5a9d240fc309666b4aeb3540e3e73f7b408afdaece615ca0ba3d727cc2a8c1a,test_probability,0.01,316,full_posterior,128,128,819200,test_prob_896,20608,0,1.0,dynamics_h_0p01_stage_3,a3fbfe3694a6d3a7a8f724b8f6e362367e3afc7860a1c5f1481a53f3e86fcfbf,deep_m0128_r0,production_final
3,2048.0,deep,final_geometry_v15_20260930,4327fe4ece9317f6fd20fad18389a71e9b1f423b,False,32,8384.464005403403,0.48852258145068256,0.48852258145068256,d5a9d240fc309666b4aeb3540e3e73f7b408afdaece615ca0ba3d727cc2a8c1a,interaction,0.01,262,full_posterior,128,128,819200,interaction_0,20608,0,1.0,dynamics_h_0p01_stage_3,a3fbfe3694a6d3a7a8f724b8f6e362367e3afc7860a1c5f1481a53f3e86fcfbf,deep_m0128_r0,production_final
3,2048.0,deep,final_geometry_v15_20260930,4327fe4ece9317f6fd20fad18389a71e9b1f423b,False,32,8022.858153476577,0.5105412462296949,0.5105412462296949,d5a9d240fc309666b4aeb3540e3e73f7b408afdaece615ca0ba3d727cc2a8c1a,interaction,0.01,378,full_posterior,128,128,819200,interaction_1,20608,0,1.0,dynamics_h_0p01_stage_3,a3fbfe3694a6d3a7a8f724b8f6e362367e3afc7860a1c5f1481a53f3e86fcfbf,deep_m0128_r0,production_final
3,2048.0,deep,final_geometry_v15_20260930,4327fe4ece9317f6fd20fad18389a71e9b1f423b,False,32,8052.2527342775875,0.5086775260497924,0.5086775260497924,d5a9d240fc309666b4aeb3540e3e73f7b408afdaece615ca0ba3d727cc2a8c1a,interaction,0.01,984,full_posterior,128,128,819200,interaction_2,20608,0,1.0,dynamics_h_0p01_stage_3,a3fbfe3694a6d3a7a8f724b8f6e362367e3afc7860a1c5f1481a53f3e86fcfbf,deep_m0128_r0,production_final
3,2048.0,deep,final_geometry_v15_20260930,4327fe4ece9317f6fd20fad18389a71e9b1f423b,False,32,7829.999912040963,0.5231162255444188,0.5231162255444188,d5a9d240fc309666b4aeb3540e3e73f7b408afdaece615ca0ba3d727cc2a8c1a,interaction,0.01,564,full_posterior,128,128,819200,interaction_3,20608,0,1.0,dynamics_h_0p01_stage_3,a3fbfe3694a6d3a7a8f724b8f6e362367e3afc7860a1c5f1481a53f3e86fcfbf,deep_m0128_r0,production_final
3,2048.0,deep,final_geometry_v15_20260930,4327fe4ece9317f6fd20fad18389a71e9b1f423b,False,32,3647.458208444986,1.1229737987172825,1.1229737987172825,d5a9d240fc309666b4aeb3540e3e73f7b408afdaece615ca0ba3d727cc2a8c1a,control,0.01,894,full_posterior,128,128,819200,q_A,20608,0,1.0,dynamics_h_0p01_stage_3,a3fbfe3694a6d3a7a8f724b8f6e362367e3afc7860a1c5f1481a53f3e86fcfbf,deep_m0128_r0,production_final
3,2048.0,deep,final_geometry_v15_20260930,4327fe4ece9317f6fd20fad18389a71e9b1f423b,False,32,4093.8491489915377,1.0005253859949852,1.0005253859949852,d5a9d240fc309666b4aeb3540e3e73f7b408afdaece615ca0ba3d727cc2a8c1a,control,0.01,550,full_posterior,128,128,819200,q_W,20608,0,1.0,dynamics_h_0p01_stage_3,a3fbfe3694a6d3a7a8f724b8f6e362367e3afc7860a1c5f1481a53f3e86fcfbf,deep_m0128_r0,production_final
3,2048.0,deep,final_geometry_v15_20260930,4327fe4ece9317f6fd20fad18389a71e9b1f423b,False,32,8203.557735273736,0.4992955656773134,0.4992955656773134,d5a9d240fc309666b4aeb3540e3e73f7b408afdaece615ca0ba3d727cc2a8c1a,control,0.01,428,full_posterior,128,128,819200,U,20608,0,1.0,dynamics_h_0p01_stage_3,a3fbfe3694a6d3a7a8f724b8f6e362367e3afc7860a1c5f1481a53f3e86fcfbf,deep_m0128_r0,production_final
3,1024.0,deep,final_geometry_v15_20260930,4327fe4ece9317f6fd20fad18389a71e9b1f423b,False,32,5973.2058184820935,0.3428644621056162,0.3428644621056162,63541ad03799fc2d5a33d8e7679bab775c1be94a79ab6f16c06dc557ba15ae76,loss,0.02,122,full_posterior,128,128,204800,V,20608,0,1.0,dynamics_h_0p02_stage_2,a3fbfe3694a6d3a7a8f724b8f6e362367e3afc7860a1c5f1481a53f3e86fcfbf,deep_m0128_r0,validation_or_superseded
3,1024.0,deep,final_geometry_v15_20260930,4327fe4ece9317f6fd20fad18389a71e9b1f423b,False,32,6813.320931060634,0.30058763130671823,0.30058763130671823,63541ad03799fc2d5a33d8e7679bab775c1be94a79ab6f16c06dc557ba15ae76,train_logit,0.02,114,full_posterior,128,128,204800,train_logit_0,20608,0,1.0,dynamics_h_0p02_stage_2,a3fbfe3694a6d3a7a8f724b8f6e362367e3afc7860a1c5f1481a53f3e86fcfbf,deep_m0128_r0,validation_or_superseded
3,1024.0,deep,final_geometry_v15_20260930,4327fe4ece9317f6fd20fad18389a71e9b1f423b,False,32,7080.080371527488,0.28926225304390935,0.28926225304390935,63541ad03799fc2d5a33d8e7679bab775c1be94a79ab6f16c06dc557ba15ae76,train_logit,0.02,102,full_posterior,128,128,204800,train_logit_16,20608,0,1.0,dynamics_h_0p02_stage_2,a3fbfe3694a6d3a7a8f724b8f6e362367e3afc7860a1c5f1481a53f3e86fcfbf,deep_m0128_r0,validation_or_superseded
3,1024.0,deep,final_geometry_v15_20260930,4327fe4ece9317f6fd20fad18389a71e9b1f423b,False,32,6682.45638852364,0.30647412881245395,0.30647412881245395,63541ad03799fc2d5a33d8e7679bab775c1be94a79ab6f16c06dc557ba15ae76,train_logit,0.02,110,full_posterior,128,128,204800,train_logit_32,20608,0,1.0,dynamics_h_0p02_stage_2,a3fbfe3694a6d3a7a8f724b8f6e362367e3afc7860a1c5f1481a53f3e86fcfbf,deep_m0128_r0,validation_or_superseded
3,1024.0,deep,final_geometry_v15_20260930,4327fe4ece9317f6fd20fad18389a71e9b1f423b,False,32,6756.610971353082,0.3031105399856796,0.3031105399856796,63541ad03799fc2d5a33d8e7679bab775c1be94a79ab6f16c06dc557ba15ae76,train_logit,0.02,126,full_posterior,128,128,204800,train_logit_48,20608,0,1.0,dynamics_h_0p02_stage_2,a3fbfe3694a6d3a7a8f724b8f6e362367e3afc7860a1c5f1481a53f3e86fcfbf,deep_m0128_r0,validation_or_superseded
3,1024.0,deep,final_geometry_v15_20260930,4327fe4ece9317f6fd20fad18389a71e9b1f423b,False,32,6915.076157988512,0.29616448947334967,0.29616448947334967,63541ad03799fc2d5a33d8e7679bab775c1be94a79ab6f16c06dc557ba15ae76,train_logit,0.02,104,full_posterior,128,128,204800,train_logit_64,20608,0,1.0,dynamics_h_0p02_stage_2,a3fbfe3694a6d3a7a8f724b8f6e362367e3afc7860a1c5f1481a53f3e86fcfbf,deep_m0128_r0,validation_or_superseded
3,1024.0,deep,final_geometry_v15_20260930,4327fe4ece9317f6fd20fad18389a71e9b1f423b,False,32,6758.567728317756,0.303022782685017,0.303022782685017,63541ad03799fc2d5a33d8e7679bab775c1be94a79ab6f16c06dc557ba15ae76,train_logit,0.02,78,full_posterior,128,128,204800,train_logit_80,20608,0,1.0,dynamics_h_0p02_stage_2,a3fbfe3694a6d3a7a8f724b8f6e362367e3afc7860a1c5f1481a53f3e86fcfbf,deep_m0128_r0,validation_or_superseded
3,1024.0,deep,final_geometry_v15_20260930,4327fe4ece9317f6fd20fad18389a71e9b1f423b,False,32,7047.1272346013975,0.2906148749442637,0.2906148749442637,63541ad03799fc2d5a33d8e7679bab775c1be94a79ab6f16c06dc557ba15ae76,train_logit,0.02,138,full_posterior,128,128,204800,train_logit_96,20608,0,1.0,dynamics_h_0p02_stage_2,a3fbfe3694a6d3a7a8f724b8f6e362367e3afc7860a1c5f1481a53f3e86fcfbf,deep_m0128_r0,validation_or_superseded
3,1024.0,deep,final_geometry_v15_20260930,4327fe4ece9317f6fd20fad18389a71e9b1f423b,False,32,6764.786555393878,0.30274421568660353,0.30274421568660353,63541ad03799fc2d5a33d8e7679bab775c1be94a79ab6f16c06dc557ba15ae76,train_logit,0.02,258,full_posterior,128,128,204800,train_logit_112,20608,0,1.0,dynamics_h_0p02_stage_2,a3fbfe3694a6d3a7a8f724b8f6e362367e3afc7860a1c5f1481a53f3e86fcfbf,deep_m0128_r0,validation_or_superseded
3,1024.0,deep,final_geometry_v15_20260930,4327fe4ece9317f6fd20fad18389a71e9b1f423b,False,32,5844.9493074191505,0.3503879832457091,0.3503879832457091,63541ad03799fc2d5a33d8e7679bab775c1be94a79ab6f16c06dc557ba15ae76,test_probability,0.02,206,full_posterior,128,128,204800,test_prob_0,20608,0,1.0,dynamics_h_0p02_stage_2,a3fbfe3694a6d3a7a8f724b8f6e362367e3afc7860a1c5f1481a53f3e86fcfbf,deep_m0128_r0,validation_or_superseded
3,1024.0,deep,final_geometry_v15_20260930,4327fe4ece9317f6fd20fad18389a71e9b1f423b,False,32,6169.136031051568,0.33197517281052813,0.33197517281052813,63541ad03799fc2d5a33d8e7679bab775c1be94a79ab6f16c06dc557ba15ae76,test_probability,0.02,114,full_posterior,128,128,204800,test_prob_128,20608,0,1.0,dynamics_h_0p02_stage_2,a3fbfe3694a6d3a7a8f724b8f6e362367e3afc7860a1c5f1481a53f3e86fcfbf,deep_m0128_r0,validation_or_superseded
3,1024.0,deep,final_geometry_v15_20260930,4327fe4ece9317f6fd20fad18389a71e9b1f423b,False,32,6575.162825816499,0.3114751762433626,0.3114751762433626,63541ad03799fc2d5a33d8e7679bab775c1be94a79ab6f16c06dc557ba15ae76,test_probability,0.02,96,full_posterior,128,128,204800,test_prob_256,20608,0,1.0,dynamics_h_0p02_stage_2,a3fbfe3694a6d3a7a8f724b8f6e362367e3afc7860a1c5f1481a53f3e86fcfbf,deep_m0128_r0,validation_or_superseded
3,1024.0,deep,final_geometry_v15_20260930,4327fe4ece9317f6fd20fad18389a71e9b1f423b,False,32,6182.298510854149,0.33126837799960057,0.33126837799960057,63541ad03799fc2d5a33d8e7679bab775c1be94a79ab6f16c06dc557ba15ae76,test_probability,0.02,132,full_posterior,128,128,204800,test_prob_384,20608,0,1.0,dynamics_h_0p02_stage_2,a3fbfe3694a6d3a7a8f724b8f6e362367e3afc7860a1c5f1481a53f3e86fcfbf,deep_m0128_r0,validation_or_superseded
3,1024.0,deep,final_geometry_v15_20260930,4327fe4ece9317f6fd20fad18389a71e9b1f423b,False,32,6182.7107473270125,0.3312462904536521,0.3312462904536521,63541ad03799fc2d5a33d8e7679bab775c1be94a79ab6f16c06dc557ba15ae76,test_probability,0.02,216,full_posterior,128,128,204800,test_prob_512,20608,0,1.0,dynamics_h_0p02_stage_2,a3fbfe3694a6d3a7a8f724b8f6e362367e3afc7860a1c5f1481a53f3e86fcfbf,deep_m0128_r0,validation_or_superseded
3,1024.0,deep,final_geometry_v15_20260930,4327fe4ece9317f6fd20fad18389a71e9b1f423b,False,32,6180.432209091482,0.33136841093206554,0.33136841093206554,63541ad03799fc2d5a33d8e7679bab775c1be94a79ab6f16c06dc557ba15ae76,test_probability,0.02,186,full_posterior,128,128,204800,test_prob_640,20608,0,1.0,dynamics_h_0p02_stage_2,a3fbfe3694a6d3a7a8f724b8f6e362367e3afc7860a1c5f1481a53f3e86fcfbf,deep_m0128_r0,validation_or_superseded
3,1024.0,deep,final_geometry_v15_20260930,4327fe4ece9317f6fd20fad18389a71e9b1f423b,False,32,6214.979542022338,0.32952642662015685,0.32952642662015685,63541ad03799fc2d5a33d8e7679bab775c1be94a79ab6f16c06dc557ba15ae76,test_probability,0.02,194,full_posterior,128,128,204800,test_prob_768,20608,0,1.0,dynamics_h_0p02_stage_2,a3fbfe3694a6d3a7a8f724b8f6e362367e3afc7860a1c5f1481a53f3e86fcfbf,deep_m0128_r0,validation_or_superseded
3,1024.0,deep,final_geometry_v15_20260930,4327fe4ece9317f6fd20fad18389a71e9b1f423b,False,32,5530.893105060543,0.37028377896621484,0.37028377896621484,63541ad03799fc2d5a33d8e7679bab775c1be94a79ab6f16c06dc557ba15ae76,test_probability,0.02,386,full_posterior,128,128,204800,test_prob_896,20608,0,1.0,dynamics_h_0p02_stage_2,a3fbfe3694a6d3a7a8f724b8f6e362367e3afc7860a1c5f1481a53f3e86fcfbf,deep_m0128_r0,validation_or_superseded
3,1024.0,deep,final_geometry_v15_20260930,4327fe4ece9317f6fd20fad18389a71e9b1f423b,False,32,3810.290345591713,0.5374918481919412,0.5374918481919412,63541ad03799fc2d5a33d8e7679bab775c1be94a79ab6f16c06dc557ba15ae76,interaction,0.02,128,full_posterior,128,128,204800,interaction_0,20608,0,1.0,dynamics_h_0p02_stage_2,a3fbfe3694a6d3a7a8f724b8f6e362367e3afc7860a1c5f1481a53f3e86fcfbf,deep_m0128_r0,validation_or_superseded
3,1024.0,deep,final_geometry_v15_20260930,4327fe4ece9317f6fd20fad18389a71e9b1f423b,False,32,3894.090061079099,0.5259251758117979,0.5259251758117979,63541ad03799fc2d5a33d8e7679bab775c1be94a79ab6f16c06dc557ba15ae76,interaction,0.02,252,full_posterior,128,128,204800,interaction_1,20608,0,1.0,dynamics_h_0p02_stage_2,a3fbfe3694a6d3a7a8f724b8f6e362367e3afc7860a1c5f1481a53f3e86fcfbf,deep_m0128_r0,validation_or_superseded
3,1024.0,deep,final_geometry_v15_20260930,4327fe4ece9317f6fd20fad18389a71e9b1f423b,False,32,4280.99844656616,0.47839307244849044,0.47839307244849044,63541ad03799fc2d5a33d8e7679bab775c1be94a79ab6f16c06dc557ba15ae76,interaction,0.02,122,full_posterior,128,128,204800,interaction_2,20608,0,1.0,dynamics_h_0p02_stage_2,a3fbfe3694a6d3a7a8f724b8f6e362367e3afc7860a1c5f1481a53f3e86fcfbf,deep_m0128_r0,validation_or_superseded
3,1024.0,deep,final_geometry_v15_20260930,4327fe4ece9317f6fd20fad18389a71e9b1f423b,False,32,4586.7689748786315,0.44650166843299344,0.44650166843299344,63541ad03799fc2d5a33d8e7679bab775c1be94a79ab6f16c06dc557ba15ae76,interaction,0.02,136,full_posterior,128,128,204800,interaction_3,20608,0,1.0,dynamics_h_0p02_stage_2,a3fbfe3694a6d3a7a8f724b8f6e362367e3afc7860a1c5f1481a53f3e86fcfbf,deep_m0128_r0,validation_or_superseded
3,1024.0,deep,final_geometry_v15_20260930,4327fe4ece9317f6fd20fad18389a71e9b1f423b,False,32,2010.981620249421,1.0184081144142867,1.0184081144142867,63541ad03799fc2d5a33d8e7679bab775c1be94a79ab6f16c06dc557ba15ae76,control,0.02,190,full_posterior,128,128,204800,q_A,20608,0,1.0,dynamics_h_0p02_stage_2,a3fbfe3694a6d3a7a8f724b8f6e362367e3afc7860a1c5f1481a53f3e86fcfbf,deep_m0128_r0,validation_or_superseded
3,1024.0,deep,final_geometry_v15_20260930,4327fe4ece9317f6fd20fad18389a71e9b1f423b,False,32,2080.4077437998185,0.9844224076283112,0.9844224076283112,63541ad03799fc2d5a33d8e7679bab775c1be94a79ab6f16c06dc557ba15ae76,control,0.02,194,full_posterior,128,128,204800,q_W,20608,0,1.0,dynamics_h_0p02_stage_2,a3fbfe3694a6d3a7a8f724b8f6e362367e3afc7860a1c5f1481a53f3e86fcfbf,deep_m0128_r0,validation_or_superseded
3,1024.0,deep,final_geometry_v15_20260930,4327fe4ece9317f6fd20fad18389a71e9b1f423b,False,32,3827.2171115114043,0.5351146643445126,0.5351146643445126,63541ad03799fc2d5a33d8e7679bab775c1be94a79ab6f16c06dc557ba15ae76,control,0.02,318,full_posterior,128,128,204800,U,20608,0,1.0,dynamics_h_0p02_stage_2,a3fbfe3694a6d3a7a8f724b8f6e362367e3afc7860a1c5f1481a53f3e86fcfbf,deep_m0128_r0,validation_or_superseded
3,1024.0,deep,final_geometry_v15_20260930,4327fe4ece9317f6fd20fad18389a71e9b1f423b,False,32,4932.184161301176,0.4152318593593858,0.4152318593593858,31c8bf5b050a294cd0906a1e629aed70efa719721d8a54ae8d2dd38ca42880ec,loss,0.01,424,full_posterior,128,128,409600,V,20608,1,1.0,dynamics_h_0p01_stage_2,12140e25162df7ed81599a111742b07052ef21dac4d3086bb8a4c937317db44a,deep_m0128_r1,production_final
3,1024.0,deep,final_geometry_v15_20260930,4327fe4ece9317f6fd20fad18389a71e9b1f423b,False,32,6030.7867848335445,0.339590848270476,0.339590848270476,31c8bf5b050a294cd0906a1e629aed70efa719721d8a54ae8d2dd38ca42880ec,train_logit,0.01,380,full_posterior,128,128,409600,train_logit_0,20608,1,1.0,dynamics_h_0p01_stage_2,12140e25162df7ed81599a111742b07052ef21dac4d3086bb8a4c937317db44a,deep_m0128_r1,production_final
3,1024.0,deep,final_geometry_v15_20260930,4327fe4ece9317f6fd20fad18389a71e9b1f423b,False,32,6304.746910068735,0.3248346094161728,0.3248346094161728,31c8bf5b050a294cd0906a1e629aed70efa719721d8a54ae8d2dd38ca42880ec,train_logit,0.01,510,full_posterior,128,128,409600,train_logit_16,20608,1,1.0,dynamics_h_0p01_stage_2,12140e25162df7ed81599a111742b07052ef21dac4d3086bb8a4c937317db44a,deep_m0128_r1,production_final
3,1024.0,deep,final_geometry_v15_20260930,4327fe4ece9317f6fd20fad18389a71e9b1f423b,False,32,6241.826360323521,0.32810909528310717,0.32810909528310717,31c8bf5b050a294cd0906a1e629aed70efa719721d8a54ae8d2dd38ca42880ec,train_logit,0.01,228,full_posterior,128,128,409600,train_logit_32,20608,1,1.0,dynamics_h_0p01_stage_2,12140e25162df7ed81599a111742b07052ef21dac4d3086bb8a4c937317db44a,deep_m0128_r1,production_final
3,1024.0,deep,final_geometry_v15_20260930,4327fe4ece9317f6fd20fad18389a71e9b1f423b,False,32,5840.690604929776,0.3506434664201193,0.3506434664201193,31c8bf5b050a294cd0906a1e629aed70efa719721d8a54ae8d2dd38ca42880ec,train_logit,0.01,786,full_posterior,128,128,409600,train_logit_48,20608,1,1.0,dynamics_h_0p01_stage_2,12140e25162df7ed81599a111742b07052ef21dac4d3086bb8a4c937317db44a,deep_m0128_r1,production_final
3,1024.0,deep,final_geometry_v15_20260930,4327fe4ece9317f6fd20fad18389a71e9b1f423b,False,32,5666.987907959915,0.3613912775644635,0.3613912775644635,31c8bf5b050a294cd0906a1e629aed70efa719721d8a54ae8d2dd38ca42880ec,train_logit,0.01,500,full_posterior,128,128,409600,train_logit_64,20608,1,1.0,dynamics_h_0p01_stage_2,12140e25162df7ed81599a111742b07052ef21dac4d3086bb8a4c937317db44a,deep_m0128_r1,production_final
3,1024.0,deep,final_geometry_v15_20260930,4327fe4ece9317f6fd20fad18389a71e9b1f423b,False,32,5631.1201450047165,0.3636931813320926,0.3636931813320926,31c8bf5b050a294cd0906a1e629aed70efa719721d8a54ae8d2dd38ca42880ec,train_logit,0.01,662,full_posterior,128,128,409600,train_logit_80,20608,1,1.0,dynamics_h_0p01_stage_2,12140e25162df7ed81599a111742b07052ef21dac4d3086bb8a4c937317db44a,deep_m0128_r1,production_final
3,1024.0,deep,final_geometry_v15_20260930,4327fe4ece9317f6fd20fad18389a71e9b1f423b,False,32,5870.142870723341,0.34888418307741087,0.34888418307741087,31c8bf5b050a294cd0906a1e629aed70efa719721d8a54ae8d2dd38ca42880ec,train_logit,0.01,402,full_posterior,128,128,409600,train_logit_96,20608,1,1.0,dynamics_h_0p01_stage_2,12140e25162df7ed81599a111742b07052ef21dac4d3086bb8a4c937317db44a,deep_m0128_r1,production_final
3,1024.0,deep,final_geometry_v15_20260930,4327fe4ece9317f6fd20fad18389a71e9b1f423b,False,32,5501.173436509121,0.3722842087486701,0.3722842087486701,31c8bf5b050a294cd0906a1e629aed70efa719721d8a54ae8d2dd38ca42880ec,train_logit,0.01,498,full_posterior,128,128,409600,train_logit_112,20608,1,1.0,dynamics_h_0p01_stage_2,12140e25162df7ed81599a111742b07052ef21dac4d3086bb8a4c937317db44a,deep_m0128_r1,production_final
3,1024.0,deep,final_geometry_v15_20260930,4327fe4ece9317f6fd20fad18389a71e9b1f423b,False,32,5438.613153044469,0.37656658827693135,0.37656658827693135,31c8bf5b050a294cd0906a1e629aed70efa719721d8a54ae8d2dd38ca42880ec,test_probability,0.01,382,full_posterior,128,128,409600,test_prob_0,20608,1,1.0,dynamics_h_0p01_stage_2,12140e25162df7ed81599a111742b07052ef21dac4d3086bb8a4c937317db44a,deep_m0128_r1,production_final
3,1024.0,deep,final_geometry_v15_20260930,4327fe4ece9317f6fd20fad18389a71e9b1f423b,False,32,5831.019234349151,0.3512250462038811,0.3512250462038811,31c8bf5b050a294cd0906a1e629aed70efa719721d8a54ae8d2dd38ca42880ec,test_probability,0.01,234,full_posterior,128,128,409600,test_prob_128,20608,1,1.0,dynamics_h_0p01_stage_2,12140e25162df7ed81599a111742b07052ef21dac4d3086bb8a4c937317db44a,deep_m0128_r1,production_final
3,1024.0,deep,final_geometry_v15_20260930,4327fe4ece9317f6fd20fad18389a71e9b1f423b,False,32,5701.649520764393,0.3591942985168675,0.3591942985168675,31c8bf5b050a294cd0906a1e629aed70efa719721d8a54ae8d2dd38ca42880ec,test_probability,0.01,318,full_posterior,128,128,409600,test_prob_256,20608,1,1.0,dynamics_h_0p01_stage_2,12140e25162df7ed81599a111742b07052ef21dac4d3086bb8a4c937317db44a,deep_m0128_r1,production_final
3,1024.0,deep,final_geometry_v15_20260930,4327fe4ece9317f6fd20fad18389a71e9b1f423b,False,32,5516.016826453951,0.3712824062062526,0.3712824062062526,31c8bf5b050a294cd0906a1e629aed70efa719721d8a54ae8d2dd38ca42880ec,test_probability,0.01,310,full_posterior,128,128,409600,test_prob_384,20608,1,1.0,dynamics_h_0p01_stage_2,12140e25162df7ed81599a111742b07052ef21dac4d3086bb8a4c937317db44a,deep_m0128_r1,production_final
3,1024.0,deep,final_geometry_v15_20260930,4327fe4ece9317f6fd20fad18389a71e9b1f423b,False,32,5344.982919304722,0.38316305794039934,0.38316305794039934,31c8bf5b050a294cd0906a1e629aed70efa719721d8a54ae8d2dd38ca42880ec,test_probability,0.01,320,full_posterior,128,128,409600,test_prob_512,20608,1,1.0,dynamics_h_0p01_stage_2,12140e25162df7ed81599a111742b07052ef21dac4d3086bb8a4c937317db44a,deep_m0128_r1,production_final
3,1024.0,deep,final_geometry_v15_20260930,4327fe4ece9317f6fd20fad18389a71e9b1f423b,False,32,5787.367079792336,0.3538742180621256,0.3538742180621256,31c8bf5b050a294cd0906a1e629aed70efa719721d8a54ae8d2dd38ca42880ec,test_probability,0.01,226,full_posterior,128,128,409600,test_prob_640,20608,1,1.0,dynamics_h_0p01_stage_2,12140e25162df7ed81599a111742b07052ef21dac4d3086bb8a4c937317db44a,deep_m0128_r1,production_final
3,1024.0,deep,final_geometry_v15_20260930,4327fe4ece9317f6fd20fad18389a71e9b1f423b,False,32,5402.747486860192,0.37906639260503283,0.37906639260503283,31c8bf5b050a294cd0906a1e629aed70efa719721d8a54ae8d2dd38ca42880ec,test_probability,0.01,412,full_posterior,128,128,409600,test_prob_768,20608,1,1.0,dynamics_h_0p01_stage_2,12140e25162df7ed81599a111742b07052ef21dac4d3086bb8a4c937317db44a,deep_m0128_r1,production_final
3,1024.0,deep,final_geometry_v15_20260930,4327fe4ece9317f6fd20fad18389a71e9b1f423b,False,32,5089.20407514558,0.40242049046567574,0.40242049046567574,31c8bf5b050a294cd0906a1e629aed70efa719721d8a54ae8d2dd38ca42880ec,test_probability,0.01,492,full_posterior,128,128,409600,test_prob_896,20608,1,1.0,dynamics_h_0p01_stage_2,12140e25162df7ed81599a111742b07052ef21dac4d3086bb8a4c937317db44a,deep_m0128_r1,production_final
3,1024.0,deep,final_geometry_v15_20260930,4327fe4ece9317f6fd20fad18389a71e9b1f423b,False,32,3945.3696955389432,0.5190895044172129,0.5190895044172129,31c8bf5b050a294cd0906a1e629aed70efa719721d8a54ae8d2dd38ca42880ec,interaction,0.01,228,full_posterior,128,128,409600,interaction_0,20608,1,1.0,dynamics_h_0p01_stage_2,12140e25162df7ed81599a111742b07052ef21dac4d3086bb8a4c937317db44a,deep_m0128_r1,production_final
3,1024.0,deep,final_geometry_v15_20260930,4327fe4ece9317f6fd20fad18389a71e9b1f423b,False,32,4191.33161759102,0.48862752625073697,0.48862752625073697,31c8bf5b050a294cd0906a1e629aed70efa719721d8a54ae8d2dd38ca42880ec,interaction,0.01,232,full_posterior,128,128,409600,interaction_1,20608,1,1.0,dynamics_h_0p01_stage_2,12140e25162df7ed81599a111742b07052ef21dac4d3086bb8a4c937317db44a,deep_m0128_r1,production_final
3,1024.0,deep,final_geometry_v15_20260930,4327fe4ece9317f6fd20fad18389a71e9b1f423b,False,32,3718.1961156368748,0.5508047279666437,0.5508047279666437,31c8bf5b050a294cd0906a1e629aed70efa719721d8a54ae8d2dd38ca42880ec,interaction,0.01,322,full_posterior,128,128,409600,interaction_2,20608,1,1.0,dynamics_h_0p01_stage_2,12140e25162df7ed81599a111742b07052ef21dac4d3086bb8a4c937317db44a,deep_m0128_r1,production_final
3,1024.0,deep,final_geometry_v15_20260930,4327fe4ece9317f6fd20fad18389a71e9b1f423b,False,32,4017.528714710166,0.5097661138055481,0.5097661138055481,31c8bf5b050a294cd0906a1e629aed70efa719721d8a54ae8d2dd38ca42880ec,interaction,0.01,222,full_posterior,128,128,409600,interaction_3,20608,1,1.0,dynamics_h_0p01_stage_2,12140e25162df7ed81599a111742b07052ef21dac4d3086bb8a4c937317db44a,deep_m0128_r1,production_final
3,1024.0,deep,final_geometry_v15_20260930,4327fe4ece9317f6fd20fad18389a71e9b1f423b,False,32,1503.9185383493402,1.3617758859783913,1.3617758859783913,31c8bf5b050a294cd0906a1e629aed70efa719721d8a54ae8d2dd38ca42880ec,control,0.01,940,full_posterior,128,128,409600,q_A,20608,1,1.0,dynamics_h_0p01_stage_2,12140e25162df7ed81599a111742b07052ef21dac4d3086bb8a4c937317db44a,deep_m0128_r1,production_final
3,1024.0,deep,final_geometry_v15_20260930,4327fe4ece9317f6fd20fad18389a71e9b1f423b,False,32,1822.3897200355132,1.1237991399337406,1.1237991399337406,31c8bf5b050a294cd0906a1e629aed70efa719721d8a54ae8d2dd38ca42880ec,control,0.01,648,full_posterior,128,128,409600,q_W,20608,1,1.0,dynamics_h_0p01_stage_2,12140e25162df7ed81599a111742b07052ef21dac4d3086bb8a4c937317db44a,deep_m0128_r1,production_final
3,1024.0,deep,final_geometry_v15_20260930,4327fe4ece9317f6fd20fad18389a71e9b1f423b,False,32,4154.73380534465,0.4929317005497326,0.4929317005497326,31c8bf5b050a294cd0906a1e629aed70efa719721d8a54ae8d2dd38ca42880ec,control,0.01,222,full_posterior,128,128,409600,U,20608,1,1.0,dynamics_h_0p01_stage_2,12140e25162df7ed81599a111742b07052ef21dac4d3086bb8a4c937317db44a,deep_m0128_r1,production_final
3,1024.0,deep,final_geometry_v15_20260930,4327fe4ece9317f6fd20fad18389a71e9b1f423b,False,32,4965.57607001368,0.4124395580942853,0.4124395580942853,4b342c1a4ea7ea49da9295e9c0c8f0e58b2255accfd3f7e3cbde420553098a86,loss,0.02,204,full_posterior,128,128,204800,V,20608,1,1.0,dynamics_h_0p02_stage_2,12140e25162df7ed81599a111742b07052ef21dac4d3086bb8a4c937317db44a,deep_m0128_r1,validation_or_superseded
3,1024.0,deep,final_geometry_v15_20260930,4327fe4ece9317f6fd20fad18389a71e9b1f423b,False,32,6210.388458856548,0.3297700318696451,0.3297700318696451,4b342c1a4ea7ea49da9295e9c0c8f0e58b2255accfd3f7e3cbde420553098a86,train_logit,0.02,160,full_posterior,128,128,204800,train_logit_0,20608,1,1.0,dynamics_h_0p02_stage_2,12140e25162df7ed81599a111742b07052ef21dac4d3086bb8a4c937317db44a,deep_m0128_r1,validation_or_superseded
3,1024.0,deep,final_geometry_v15_20260930,4327fe4ece9317f6fd20fad18389a71e9b1f423b,False,32,6264.668186228846,0.32691276522864626,0.32691276522864626,4b342c1a4ea7ea49da9295e9c0c8f0e58b2255accfd3f7e3cbde420553098a86,train_logit,0.02,178,full_posterior,128,128,204800,train_logit_16,20608,1,1.0,dynamics_h_0p02_stage_2,12140e25162df7ed81599a111742b07052ef21dac4d3086bb8a4c937317db44a,deep_m0128_r1,validation_or_superseded
3,1024.0,deep,final_geometry_v15_20260930,4327fe4ece9317f6fd20fad18389a71e9b1f423b,False,32,5964.3651681142155,0.34337267123560894,0.34337267123560894,4b342c1a4ea7ea49da9295e9c0c8f0e58b2255accfd3f7e3cbde420553098a86,train_logit,0.02,160,full_posterior,128,128,204800,train_logit_32,20608,1,1.0,dynamics_h_0p02_stage_2,12140e25162df7ed81599a111742b07052ef21dac4d3086bb8a4c937317db44a,deep_m0128_r1,validation_or_superseded
3,1024.0,deep,final_geometry_v15_20260930,4327fe4ece9317f6fd20fad18389a71e9b1f423b,False,32,5825.211513126827,0.35157521669126224,0.35157521669126224,4b342c1a4ea7ea49da9295e9c0c8f0e58b2255accfd3f7e3cbde420553098a86,train_logit,0.02,234,full_posterior,128,128,204800,train_logit_48,20608,1,1.0,dynamics_h_0p02_stage_2,12140e25162df7ed81599a111742b07052ef21dac4d3086bb8a4c937317db44a,deep_m0128_r1,validation_or_superseded
3,1024.0,deep,final_geometry_v15_20260930,4327fe4ece9317f6fd20fad18389a71e9b1f423b,False,32,6594.390425794399,0.31056699221039613,0.31056699221039613,4b342c1a4ea7ea49da9295e9c0c8f0e58b2255accfd3f7e3cbde420553098a86,train_logit,0.02,142,full_posterior,128,128,204800,train_logit_64,20608,1,1.0,dynamics_h_0p02_stage_2,12140e25162df7ed81599a111742b07052ef21dac4d3086bb8a4c937317db44a,deep_m0128_r1,validation_or_superseded
3,1024.0,deep,final_geometry_v15_20260930,4327fe4ece9317f6fd20fad18389a71e9b1f423b,False,32,6685.116482839882,0.306352178792552,0.306352178792552,4b342c1a4ea7ea49da9295e9c0c8f0e58b2255accfd3f7e3cbde420553098a86,train_logit,0.02,202,full_posterior,128,128,204800,train_logit_80,20608,1,1.0,dynamics_h_0p02_stage_2,12140e25162df7ed81599a111742b07052ef21dac4d3086bb8a4c937317db44a,deep_m0128_r1,validation_or_superseded
3,1024.0,deep,final_geometry_v15_20260930,4327fe4ece9317f6fd20fad18389a71e9b1f423b,False,32,5577.858415716205,0.3671660066217428,0.3671660066217428,4b342c1a4ea7ea49da9295e9c0c8f0e58b2255accfd3f7e3cbde420553098a86,train_logit,0.02,372,full_posterior,128,128,204800,train_logit_96,20608,1,1.0,dynamics_h_0p02_stage_2,12140e25162df7ed81599a111742b07052ef21dac4d3086bb8a4c937317db44a,deep_m0128_r1,validation_or_superseded
3,1024.0,deep,final_geometry_v15_20260930,4327fe4ece9317f6fd20fad18389a71e9b1f423b,False,32,6192.701909646346,0.3307118653345543,0.3307118653345543,4b342c1a4ea7ea49da9295e9c0c8f0e58b2255accfd3f7e3cbde420553098a86,train_logit,0.02,156,full_posterior,128,128,204800,train_logit_112,20608,1,1.0,dynamics_h_0p02_stage_2,12140e25162df7ed81599a111742b07052ef21dac4d3086bb8a4c937317db44a,deep_m0128_r1,validation_or_superseded
3,1024.0,deep,final_geometry_v15_20260930,4327fe4ece9317f6fd20fad18389a71e9b1f423b,False,32,6138.268954393542,0.3336445527584969,0.3336445527584969,4b342c1a4ea7ea49da9295e9c0c8f0e58b2255accfd3f7e3cbde420553098a86,test_probability,0.02,114,full_posterior,128,128,204800,test_prob_0,20608,1,1.0,dynamics_h_0p02_stage_2,12140e25162df7ed81599a111742b07052ef21dac4d3086bb8a4c937317db44a,deep_m0128_r1,validation_or_superseded
3,1024.0,deep,final_geometry_v15_20260930,4327fe4ece9317f6fd20fad18389a71e9b1f423b,False,32,5918.051049659708,0.34605987390354825,0.34605987390354825,4b342c1a4ea7ea49da9295e9c0c8f0e58b2255accfd3f7e3cbde420553098a86,test_probability,0.02,224,full_posterior,128,128,204800,test_prob_128,20608,1,1.0,dynamics_h_0p02_stage_2,12140e25162df7ed81599a111742b07052ef21dac4d3086bb8a4c937317db44a,deep_m0128_r1,validation_or_superseded
3,1024.0,deep,final_geometry_v15_20260930,4327fe4ece9317f6fd20fad18389a71e9b1f423b,False,32,5902.548997078725,0.3469687419814035,0.3469687419814035,4b342c1a4ea7ea49da9295e9c0c8f0e58b2255accfd3f7e3cbde420553098a86,test_probability,0.02,116,full_posterior,128,128,204800,test_prob_256,20608,1,1.0,dynamics_h_0p02_stage_2,12140e25162df7ed81599a111742b07052ef21dac4d3086bb8a4c937317db44a,deep_m0128_r1,validation_or_superseded
3,1024.0,deep,final_geometry_v15_20260930,4327fe4ece9317f6fd20fad18389a71e9b1f423b,False,32,6330.062460066564,0.3235355121564573,0.3235355121564573,4b342c1a4ea7ea49da9295e9c0c8f0e58b2255accfd3f7e3cbde420553098a86,test_probability,0.02,104,full_posterior,128,128,204800,test_prob_384,20608,1,1.0,dynamics_h_0p02_stage_2,12140e25162df7ed81599a111742b07052ef21dac4d3086bb8a4c937317db44a,deep_m0128_r1,validation_or_superseded
3,1024.0,deep,final_geometry_v15_20260930,4327fe4ece9317f6fd20fad18389a71e9b1f423b,False,32,4967.219709945182,0.4123030829297868,0.4123030829297868,4b342c1a4ea7ea49da9295e9c0c8f0e58b2255accfd3f7e3cbde420553098a86,test_probability,0.02,184,full_posterior,128,128,204800,test_prob_512,20608,1,1.0,dynamics_h_0p02_stage_2,12140e25162df7ed81599a111742b07052ef21dac4d3086bb8a4c937317db44a,deep_m0128_r1,validation_or_superseded
3,1024.0,deep,final_geometry_v15_20260930,4327fe4ece9317f6fd20fad18389a71e9b1f423b,False,32,5913.6328486004995,0.34631842260627876,0.34631842260627876,4b342c1a4ea7ea49da9295e9c0c8f0e58b2255accfd3f7e3cbde420553098a86,test_probability,0.02,126,full_posterior,128,128,204800,test_prob_640,20608,1,1.0,dynamics_h_0p02_stage_2,12140e25162df7ed81599a111742b07052ef21dac4d3086bb8a4c937317db44a,deep_m0128_r1,validation_or_superseded
3,1024.0,deep,final_geometry_v15_20260930,4327fe4ece9317f6fd20fad18389a71e9b1f423b,False,32,5411.425589059134,0.37845849791239183,0.37845849791239183,4b342c1a4ea7ea49da9295e9c0c8f0e58b2255accfd3f7e3cbde420553098a86,test_probability,0.02,132,full_posterior,128,128,204800,test_prob_768,20608,1,1.0,dynamics_h_0p02_stage_2,12140e25162df7ed81599a111742b07052ef21dac4d3086bb8a4c937317db44a,deep_m0128_r1,validation_or_superseded
3,1024.0,deep,final_geometry_v15_20260930,4327fe4ece9317f6fd20fad18389a71e9b1f423b,False,32,5595.603912570989,0.36600160268653,0.36600160268653,4b342c1a4ea7ea49da9295e9c0c8f0e58b2255accfd3f7e3cbde420553098a86,test_probability,0.02,122,full_posterior,128,128,204800,test_prob_896,20608,1,1.0,dynamics_h_0p02_stage_2,12140e25162df7ed81599a111742b07052ef21dac4d3086bb8a4c937317db44a,deep_m0128_r1,validation_or_superseded
3,1024.0,deep,final_geometry_v15_20260930,4327fe4ece9317f6fd20fad18389a71e9b1f423b,False,32,3557.5711500125267,0.5756736586962677,0.5756736586962677,4b342c1a4ea7ea49da9295e9c0c8f0e58b2255accfd3f7e3cbde420553098a86,interaction,0.02,262,full_posterior,128,128,204800,interaction_0,20608,1,1.0,dynamics_h_0p02_stage_2,12140e25162df7ed81599a111742b07052ef21dac4d3086bb8a4c937317db44a,deep_m0128_r1,validation_or_superseded
3,1024.0,deep,final_geometry_v15_20260930,4327fe4ece9317f6fd20fad18389a71e9b1f423b,False,32,3958.674375046567,0.5173449003306589,0.5173449003306589,4b342c1a4ea7ea49da9295e9c0c8f0e58b2255accfd3f7e3cbde420553098a86,interaction,0.02,180,full_posterior,128,128,204800,interaction_1,20608,1,1.0,dynamics_h_0p02_stage_2,12140e25162df7ed81599a111742b07052ef21dac4d3086bb8a4c937317db44a,deep_m0128_r1,validation_or_superseded
3,1024.0,deep,final_geometry_v15_20260930,4327fe4ece9317f6fd20fad18389a71e9b1f423b,False,32,3750.8953434135387,0.5460029706230614,0.5460029706230614,4b342c1a4ea7ea49da9295e9c0c8f0e58b2255accfd3f7e3cbde420553098a86,interaction,0.02,168,full_posterior,128,128,204800,interaction_2,20608,1,1.0,dynamics_h_0p02_stage_2,12140e25162df7ed81599a111742b07052ef21dac4d3086bb8a4c937317db44a,deep_m0128_r1,validation_or_superseded
3,1024.0,deep,final_geometry_v15_20260930,4327fe4ece9317f6fd20fad18389a71e9b1f423b,False,32,3528.502001750636,0.5804162783481213,0.5804162783481213,4b342c1a4ea7ea49da9295e9c0c8f0e58b2255accfd3f7e3cbde420553098a86,interaction,0.02,276,full_posterior,128,128,204800,interaction_3,20608,1,1.0,dynamics_h_0p02_stage_2,12140e25162df7ed81599a111742b07052ef21dac4d3086bb8a4c937317db44a,deep_m0128_r1,validation_or_superseded
3,1024.0,deep,final_geometry_v15_20260930,4327fe4ece9317f6fd20fad18389a71e9b1f423b,False,32,1702.002522423307,1.2032884634530756,1.2032884634530756,4b342c1a4ea7ea49da9295e9c0c8f0e58b2255accfd3f7e3cbde420553098a86,control,0.02,302,full_posterior,128,128,204800,q_A,20608,1,1.0,dynamics_h_0p02_stage_2,12140e25162df7ed81599a111742b07052ef21dac4d3086bb8a4c937317db44a,deep_m0128_r1,validation_or_superseded
3,1024.0,deep,final_geometry_v15_20260930,4327fe4ece9317f6fd20fad18389a71e9b1f423b,False,32,1884.8055808440133,1.0865842189850203,1.0865842189850203,4b342c1a4ea7ea49da9295e9c0c8f0e58b2255accfd3f7e3cbde420553098a86,control,0.02,308,full_posterior,128,128,204800,q_W,20608,1,1.0,dynamics_h_0p02_stage_2,12140e25162df7ed81599a111742b07052ef21dac4d3086bb8a4c937317db44a,deep_m0128_r1,validation_or_superseded
3,1024.0,deep,final_geometry_v15_20260930,4327fe4ece9317f6fd20fad18389a71e9b1f423b,False,32,4081.546380194263,0.5017706058512373,0.5017706058512373,4b342c1a4ea7ea49da9295e9c0c8f0e58b2255accfd3f7e3cbde420553098a86,control,0.02,108,full_posterior,128,128,204800,U,20608,1,1.0,dynamics_h_0p02_stage_2,12140e25162df7ed81599a111742b07052ef21dac4d3086bb8a4c937317db44a,deep_m0128_r1,validation_or_superseded
3,1024.0,deep,final_geometry_v15_20260930,4327fe4ece9317f6fd20fad18389a71e9b1f423b,False,32,5640.306529493496,0.36310083313573244,0.36310083313573244,c8727eca7ef330dfa0a71a2a335179847cb07c9c75adc570dd50e0476c1ce109,loss,0.01,314,full_posterior,128,128,409600,V,20608,2,1.0,dynamics_h_0p01_stage_2,ab9e24560eea0ddc4fd775ee6d516b1daa269452cd648f2739f422995dd944b3,deep_m0128_r2,production_final
3,1024.0,deep,final_geometry_v15_20260930,4327fe4ece9317f6fd20fad18389a71e9b1f423b,False,32,5828.923542286689,0.351351323300523,0.351351323300523,c8727eca7ef330dfa0a71a2a335179847cb07c9c75adc570dd50e0476c1ce109,train_logit,0.01,278,full_posterior,128,128,409600,train_logit_0,20608,2,1.0,dynamics_h_0p01_stage_2,ab9e24560eea0ddc4fd775ee6d516b1daa269452cd648f2739f422995dd944b3,deep_m0128_r2,production_final
3,1024.0,deep,final_geometry_v15_20260930,4327fe4ece9317f6fd20fad18389a71e9b1f423b,False,32,6219.510081262855,0.329286386426141,0.329286386426141,c8727eca7ef330dfa0a71a2a335179847cb07c9c75adc570dd50e0476c1ce109,train_logit,0.01,354,full_posterior,128,128,409600,train_logit_16,20608,2,1.0,dynamics_h_0p01_stage_2,ab9e24560eea0ddc4fd775ee6d516b1daa269452cd648f2739f422995dd944b3,deep_m0128_r2,production_final
3,1024.0,deep,final_geometry_v15_20260930,4327fe4ece9317f6fd20fad18389a71e9b1f423b,False,32,6589.312912077645,0.3108063051985575,0.3108063051985575,c8727eca7ef330dfa0a71a2a335179847cb07c9c75adc570dd50e0476c1ce109,train_logit,0.01,548,full_posterior,128,128,409600,train_logit_32,20608,2,1.0,dynamics_h_0p01_stage_2,ab9e24560eea0ddc4fd775ee6d516b1daa269452cd648f2739f422995dd944b3,deep_m0128_r2,production_final
3,1024.0,deep,final_geometry_v15_20260930,4327fe4ece9317f6fd20fad18389a71e9b1f423b,False,32,6156.050566737674,0.3326808280402598,0.3326808280402598,c8727eca7ef330dfa0a71a2a335179847cb07c9c75adc570dd50e0476c1ce109,train_logit,0.01,306,full_posterior,128,128,409600,train_logit_48,20608,2,1.0,dynamics_h_0p01_stage_2,ab9e24560eea0ddc4fd775ee6d516b1daa269452cd648f2739f422995dd944b3,deep_m0128_r2,production_final
3,1024.0,deep,final_geometry_v15_20260930,4327fe4ece9317f6fd20fad18389a71e9b1f423b,False,32,7027.8202803767035,0.2914132573535622,0.2914132573535622,c8727eca7ef330dfa0a71a2a335179847cb07c9c75adc570dd50e0476c1ce109,train_logit,0.01,168,full_posterior,128,128,409600,train_logit_64,20608,2,1.0,dynamics_h_0p01_stage_2,ab9e24560eea0ddc4fd775ee6d516b1daa269452cd648f2739f422995dd944b3,deep_m0128_r2,production_final
3,1024.0,deep,final_geometry_v15_20260930,4327fe4ece9317f6fd20fad18389a71e9b1f423b,False,32,6397.480405884983,0.32012602932180356,0.32012602932180356,c8727eca7ef330dfa0a71a2a335179847cb07c9c75adc570dd50e0476c1ce109,train_logit,0.01,290,full_posterior,128,128,409600,train_logit_80,20608,2,1.0,dynamics_h_0p01_stage_2,ab9e24560eea0ddc4fd775ee6d516b1daa269452cd648f2739f422995dd944b3,deep_m0128_r2,production_final
3,1024.0,deep,final_geometry_v15_20260930,4327fe4ece9317f6fd20fad18389a71e9b1f423b,False,32,6811.352051946349,0.300674518712446,0.300674518712446,c8727eca7ef330dfa0a71a2a335179847cb07c9c75adc570dd50e0476c1ce109,train_logit,0.01,308,full_posterior,128,128,409600,train_logit_96,20608,2,1.0,dynamics_h_0p01_stage_2,ab9e24560eea0ddc4fd775ee6d516b1daa269452cd648f2739f422995dd944b3,deep_m0128_r2,production_final
3,1024.0,deep,final_geometry_v15_20260930,4327fe4ece9317f6fd20fad18389a71e9b1f423b,False,32,7509.749154464421,0.2727121715886473,0.2727121715886473,c8727eca7ef330dfa0a71a2a335179847cb07c9c75adc570dd50e0476c1ce109,train_logit,0.01,166,full_posterior,128,128,409600,train_logit_112,20608,2,1.0,dynamics_h_0p01_stage_2,ab9e24560eea0ddc4fd775ee6d516b1daa269452cd648f2739f422995dd944b3,deep_m0128_r2,production_final
3,1024.0,deep,final_geometry_v15_20260930,4327fe4ece9317f6fd20fad18389a71e9b1f423b,False,32,6342.916893874264,0.3228798412884578,0.3228798412884578,c8727eca7ef330dfa0a71a2a335179847cb07c9c75adc570dd50e0476c1ce109,test_probability,0.01,266,full_posterior,128,128,409600,test_prob_0,20608,2,1.0,dynamics_h_0p01_stage_2,ab9e24560eea0ddc4fd775ee6d516b1daa269452cd648f2739f422995dd944b3,deep_m0128_r2,production_final
3,1024.0,deep,final_geometry_v15_20260930,4327fe4ece9317f6fd20fad18389a71e9b1f423b,False,32,6632.314559297393,0.30879114397990176,0.30879114397990176,c8727eca7ef330dfa0a71a2a335179847cb07c9c75adc570dd50e0476c1ce109,test_probability,0.01,312,full_posterior,128,128,409600,test_prob_128,20608,2,1.0,dynamics_h_0p01_stage_2,ab9e24560eea0ddc4fd775ee6d516b1daa269452cd648f2739f422995dd944b3,deep_m0128_r2,production_final
3,1024.0,deep,final_geometry_v15_20260930,4327fe4ece9317f6fd20fad18389a71e9b1f423b,False,32,6135.208687832108,0.33381097599202714,0.33381097599202714,c8727eca7ef330dfa0a71a2a335179847cb07c9c75adc570dd50e0476c1ce109,test_probability,0.01,226,full_posterior,128,128,409600,test_prob_256,20608,2,1.0,dynamics_h_0p01_stage_2,ab9e24560eea0ddc4fd775ee6d516b1daa269452cd648f2739f422995dd944b3,deep_m0128_r2,production_final
3,1024.0,deep,final_geometry_v15_20260930,4327fe4ece9317f6fd20fad18389a71e9b1f423b,False,32,6744.985360882169,0.3036329792318696,0.3036329792318696,c8727eca7ef330dfa0a71a2a335179847cb07c9c75adc570dd50e0476c1ce109,test_probability,0.01,270,full_posterior,128,128,409600,test_prob_384,20608,2,1.0,dynamics_h_0p01_stage_2,ab9e24560eea0ddc4fd775ee6d516b1daa269452cd648f2739f422995dd944b3,deep_m0128_r2,production_final
3,1024.0,deep,final_geometry_v15_20260930,4327fe4ece9317f6fd20fad18389a71e9b1f423b,False,32,6382.846381771702,0.32085998589104875,0.32085998589104875,c8727eca7ef330dfa0a71a2a335179847cb07c9c75adc570dd50e0476c1ce109,test_probability,0.01,278,full_posterior,128,128,409600,test_prob_512,20608,2,1.0,dynamics_h_0p01_stage_2,ab9e24560eea0ddc4fd775ee6d516b1daa269452cd648f2739f422995dd944b3,deep_m0128_r2,production_final
3,1024.0,deep,final_geometry_v15_20260930,4327fe4ece9317f6fd20fad18389a71e9b1f423b,False,32,6063.381290991885,0.33776533285852056,0.33776533285852056,c8727eca7ef330dfa0a71a2a335179847cb07c9c75adc570dd50e0476c1ce109,test_probability,0.01,270,full_posterior,128,128,409600,test_prob_640,20608,2,1.0,dynamics_h_0p01_stage_2,ab9e24560eea0ddc4fd775ee6d516b1daa269452cd648f2739f422995dd944b3,deep_m0128_r2,production_final
3,1024.0,deep,final_geometry_v15_20260930,4327fe4ece9317f6fd20fad18389a71e9b1f423b,False,32,5757.882603290801,0.35568630712086896,0.35568630712086896,c8727eca7ef330dfa0a71a2a335179847cb07c9c75adc570dd50e0476c1ce109,test_probability,0.01,692,full_posterior,128,128,409600,test_prob_768,20608,2,1.0,dynamics_h_0p01_stage_2,ab9e24560eea0ddc4fd775ee6d516b1daa269452cd648f2739f422995dd944b3,deep_m0128_r2,production_final
3,1024.0,deep,final_geometry_v15_20260930,4327fe4ece9317f6fd20fad18389a71e9b1f423b,False,32,5714.537279288911,0.3583842225375845,0.3583842225375845,c8727eca7ef330dfa0a71a2a335179847cb07c9c75adc570dd50e0476c1ce109,test_probability,0.01,368,full_posterior,128,128,409600,test_prob_896,20608,2,1.0,dynamics_h_0p01_stage_2,ab9e24560eea0ddc4fd775ee6d516b1daa269452cd648f2739f422995dd944b3,deep_m0128_r2,production_final
3,1024.0,deep,final_geometry_v15_20260930,4327fe4ece9317f6fd20fad18389a71e9b1f423b,False,32,3932.6025814145837,0.5207747179129707,0.5207747179129707,c8727eca7ef330dfa0a71a2a335179847cb07c9c75adc570dd50e0476c1ce109,interaction,0.01,334,full_posterior,128,128,409600,interaction_0,20608,2,1.0,dynamics_h_0p01_stage_2,ab9e24560eea0ddc4fd775ee6d516b1daa269452cd648f2739f422995dd944b3,deep_m0128_r2,production_final
3,1024.0,deep,final_geometry_v15_20260930,4327fe4ece9317f6fd20fad18389a71e9b1f423b,False,32,3808.3582484237927,0.5377645343233212,0.5377645343233212,c8727eca7ef330dfa0a71a2a335179847cb07c9c75adc570dd50e0476c1ce109,interaction,0.01,528,full_posterior,128,128,409600,interaction_1,20608,2,1.0,dynamics_h_0p01_stage_2,ab9e24560eea0ddc4fd775ee6d516b1daa269452cd648f2739f422995dd944b3,deep_m0128_r2,production_final
3,1024.0,deep,final_geometry_v15_20260930,4327fe4ece9317f6fd20fad18389a71e9b1f423b,False,32,4147.178876535572,0.4938296757797043,0.4938296757797043,c8727eca7ef330dfa0a71a2a335179847cb07c9c75adc570dd50e0476c1ce109,interaction,0.01,254,full_posterior,128,128,409600,interaction_2,20608,2,1.0,dynamics_h_0p01_stage_2,ab9e24560eea0ddc4fd775ee6d516b1daa269452cd648f2739f422995dd944b3,deep_m0128_r2,production_final
3,1024.0,deep,final_geometry_v15_20260930,4327fe4ece9317f6fd20fad18389a71e9b1f423b,False,32,3857.3432324703467,0.5309353813164315,0.5309353813164315,c8727eca7ef330dfa0a71a2a335179847cb07c9c75adc570dd50e0476c1ce109,interaction,0.01,316,full_posterior,128,128,409600,interaction_3,20608,2,1.0,dynamics_h_0p01_stage_2,ab9e24560eea0ddc4fd775ee6d516b1daa269452cd648f2739f422995dd944b3,deep_m0128_r2,production_final
3,1024.0,deep,final_geometry_v15_20260930,4327fe4ece9317f6fd20fad18389a71e9b1f423b,False,32,1480.532336688929,1.3832862337746428,1.3832862337746428,c8727eca7ef330dfa0a71a2a335179847cb07c9c75adc570dd50e0476c1ce109,control,0.01,1338,full_posterior,128,128,409600,q_A,20608,2,1.0,dynamics_h_0p01_stage_2,ab9e24560eea0ddc4fd775ee6d516b1daa269452cd648f2739f422995dd944b3,deep_m0128_r2,production_final
3,1024.0,deep,final_geometry_v15_20260930,4327fe4ece9317f6fd20fad18389a71e9b1f423b,False,32,1743.7219967120834,1.1744991482940832,1.1744991482940832,c8727eca7ef330dfa0a71a2a335179847cb07c9c75adc570dd50e0476c1ce109,control,0.01,1686,full_posterior,128,128,409600,q_W,20608,2,1.0,dynamics_h_0p01_stage_2,ab9e24560eea0ddc4fd775ee6d516b1daa269452cd648f2739f422995dd944b3,deep_m0128_r2,production_final
3,1024.0,deep,final_geometry_v15_20260930,4327fe4ece9317f6fd20fad18389a71e9b1f423b,False,32,4182.404661015363,0.48967045658915437,0.48967045658915437,c8727eca7ef330dfa0a71a2a335179847cb07c9c75adc570dd50e0476c1ce109,control,0.01,324,full_posterior,128,128,409600,U,20608,2,1.0,dynamics_h_0p01_stage_2,ab9e24560eea0ddc4fd775ee6d516b1daa269452cd648f2739f422995dd944b3,deep_m0128_r2,production_final
3,1024.0,deep,final_geometry_v15_20260930,4327fe4ece9317f6fd20fad18389a71e9b1f423b,False,32,5286.031954035397,0.3874361747731285,0.3874361747731285,f008efa6f96857bacb28241bf0d8210952daa18e8d892e6f42af2b6329779f71,loss,0.02,270,full_posterior,128,128,204800,V,20608,2,1.0,dynamics_h_0p02_stage_2,ab9e24560eea0ddc4fd775ee6d516b1daa269452cd648f2739f422995dd944b3,deep_m0128_r2,validation_or_superseded
3,1024.0,deep,final_geometry_v15_20260930,4327fe4ece9317f6fd20fad18389a71e9b1f423b,False,32,5743.11226515374,0.35660107367676125,0.35660107367676125,f008efa6f96857bacb28241bf0d8210952daa18e8d892e6f42af2b6329779f71,train_logit,0.02,150,full_posterior,128,128,204800,train_logit_0,20608,2,1.0,dynamics_h_0p02_stage_2,ab9e24560eea0ddc4fd775ee6d516b1daa269452cd648f2739f422995dd944b3,deep_m0128_r2,validation_or_superseded
3,1024.0,deep,final_geometry_v15_20260930,4327fe4ece9317f6fd20fad18389a71e9b1f423b,False,32,7151.649923475916,0.2863674846943027,0.2863674846943027,f008efa6f96857bacb28241bf0d8210952daa18e8d892e6f42af2b6329779f71,train_logit,0.02,94,full_posterior,128,128,204800,train_logit_16,20608,2,1.0,dynamics_h_0p02_stage_2,ab9e24560eea0ddc4fd775ee6d516b1daa269452cd648f2739f422995dd944b3,deep_m0128_r2,validation_or_superseded
3,1024.0,deep,final_geometry_v15_20260930,4327fe4ece9317f6fd20fad18389a71e9b1f423b,False,32,6543.212299093651,0.3129961105317771,0.3129961105317771,f008efa6f96857bacb28241bf0d8210952daa18e8d892e6f42af2b6329779f71,train_logit,0.02,224,full_posterior,128,128,204800,train_logit_32,20608,2,1.0,dynamics_h_0p02_stage_2,ab9e24560eea0ddc4fd775ee6d516b1daa269452cd648f2739f422995dd944b3,deep_m0128_r2,validation_or_superseded
3,1024.0,deep,final_geometry_v15_20260930,4327fe4ece9317f6fd20fad18389a71e9b1f423b,False,32,5981.746390749584,0.34237492969730554,0.34237492969730554,f008efa6f96857bacb28241bf0d8210952daa18e8d892e6f42af2b6329779f71,train_logit,0.02,106,full_posterior,128,128,204800,train_logit_48,20608,2,1.0,dynamics_h_0p02_stage_2,ab9e24560eea0ddc4fd775ee6d516b1daa269452cd648f2739f422995dd944b3,deep_m0128_r2,validation_or_superseded
3,1024.0,deep,final_geometry_v15_20260930,4327fe4ece9317f6fd20fad18389a71e9b1f423b,False,32,6649.784299696161,0.3079799144903958,0.3079799144903958,f008efa6f96857bacb28241bf0d8210952daa18e8d892e6f42af2b6329779f71,train_logit,0.02,94,full_posterior,128,128,204800,train_logit_64,20608,2,1.0,dynamics_h_0p02_stage_2,ab9e24560eea0ddc4fd775ee6d516b1daa269452cd648f2739f422995dd944b3,deep_m0128_r2,validation_or_superseded
3,1024.0,deep,final_geometry_v15_20260930,4327fe4ece9317f6fd20fad18389a71e9b1f423b,False,32,6530.728645624707,0.3135944105367274,0.3135944105367274,f008efa6f96857bacb28241bf0d8210952daa18e8d892e6f42af2b6329779f71,train_logit,0.02,152,full_posterior,128,128,204800,train_logit_80,20608,2,1.0,dynamics_h_0p02_stage_2,ab9e24560eea0ddc4fd775ee6d516b1daa269452cd648f2739f422995dd944b3,deep_m0128_r2,validation_or_superseded
3,1024.0,deep,final_geometry_v15_20260930,4327fe4ece9317f6fd20fad18389a71e9b1f423b,False,32,6453.597230247718,0.31734239478117987,0.31734239478117987,f008efa6f96857bacb28241bf0d8210952daa18e8d892e6f42af2b6329779f71,train_logit,0.02,144,full_posterior,128,128,204800,train_logit_96,20608,2,1.0,dynamics_h_0p02_stage_2,ab9e24560eea0ddc4fd775ee6d516b1daa269452cd648f2739f422995dd944b3,deep_m0128_r2,validation_or_superseded
3,1024.0,deep,final_geometry_v15_20260930,4327fe4ece9317f6fd20fad18389a71e9b1f423b,False,32,6483.8134672164215,0.3158634976707976,0.3158634976707976,f008efa6f96857bacb28241bf0d8210952daa18e8d892e6f42af2b6329779f71,train_logit,0.02,178,full_posterior,128,128,204800,train_logit_112,20608,2,1.0,dynamics_h_0p02_stage_2,ab9e24560eea0ddc4fd775ee6d516b1daa269452cd648f2739f422995dd944b3,deep_m0128_r2,validation_or_superseded
3,1024.0,deep,final_geometry_v15_20260930,4327fe4ece9317f6fd20fad18389a71e9b1f423b,False,32,6353.934395021138,0.32231997887872227,0.32231997887872227,f008efa6f96857bacb28241bf0d8210952daa18e8d892e6f42af2b6329779f71,test_probability,0.02,132,full_posterior,128,128,204800,test_prob_0,20608,2,1.0,dynamics_h_0p02_stage_2,ab9e24560eea0ddc4fd775ee6d516b1daa269452cd648f2739f422995dd944b3,deep_m0128_r2,validation_or_superseded
3,1024.0,deep,final_geometry_v15_20260930,4327fe4ece9317f6fd20fad18389a71e9b1f423b,False,32,6188.261611067997,0.33094916290175186,0.33094916290175186,f008efa6f96857bacb28241bf0d8210952daa18e8d892e6f42af2b6329779f71,test_probability,0.02,154,full_posterior,128,128,204800,test_prob_128,20608,2,1.0,dynamics_h_0p02_stage_2,ab9e24560eea0ddc4fd775ee6d516b1daa269452cd648f2739f422995dd944b3,deep_m0128_r2,validation_or_superseded
3,1024.0,deep,final_geometry_v15_20260930,4327fe4ece9317f6fd20fad18389a71e9b1f423b,False,32,6127.500736341452,0.3342308859880774,0.3342308859880774,f008efa6f96857bacb28241bf0d8210952daa18e8d892e6f42af2b6329779f71,test_probability,0.02,168,full_posterior,128,128,204800,test_prob_256,20608,2,1.0,dynamics_h_0p02_stage_2,ab9e24560eea0ddc4fd775ee6d516b1daa269452cd648f2739f422995dd944b3,deep_m0128_r2,validation_or_superseded
3,1024.0,deep,final_geometry_v15_20260930,4327fe4ece9317f6fd20fad18389a71e9b1f423b,False,32,5882.168604698063,0.3481709107019257,0.3481709107019257,f008efa6f96857bacb28241bf0d8210952daa18e8d892e6f42af2b6329779f71,test_probability,0.02,232,full_posterior,128,128,204800,test_prob_384,20608,2,1.0,dynamics_h_0p02_stage_2,ab9e24560eea0ddc4fd775ee6d516b1daa269452cd648f2739f422995dd944b3,deep_m0128_r2,validation_or_superseded
3,1024.0,deep,final_geometry_v15_20260930,4327fe4ece9317f6fd20fad18389a71e9b1f423b,False,32,5409.55460930888,0.3785893937507825,0.3785893937507825,f008efa6f96857bacb28241bf0d8210952daa18e8d892e6f42af2b6329779f71,test_probability,0.02,202,full_posterior,128,128,204800,test_prob_512,20608,2,1.0,dynamics_h_0p02_stage_2,ab9e24560eea0ddc4fd775ee6d516b1daa269452cd648f2739f422995dd944b3,deep_m0128_r2,validation_or_superseded
3,1024.0,deep,final_geometry_v15_20260930,4327fe4ece9317f6fd20fad18389a71e9b1f423b,False,32,5971.668614054721,0.34295272098319307,0.34295272098319307,f008efa6f96857bacb28241bf0d8210952daa18e8d892e6f42af2b6329779f71,test_probability,0.02,170,full_posterior,128,128,204800,test_prob_640,20608,2,1.0,dynamics_h_0p02_stage_2,ab9e24560eea0ddc4fd775ee6d516b1daa269452cd648f2739f422995dd944b3,deep_m0128_r2,validation_or_superseded
3,1024.0,deep,final_geometry_v15_20260930,4327fe4ece9317f6fd20fad18389a71e9b1f423b,False,32,5609.877736926786,0.36507034485246004,0.36507034485246004,f008efa6f96857bacb28241bf0d8210952daa18e8d892e6f42af2b6329779f71,test_probability,0.02,318,full_posterior,128,128,204800,test_prob_768,20608,2,1.0,dynamics_h_0p02_stage_2,ab9e24560eea0ddc4fd775ee6d516b1daa269452cd648f2739f422995dd944b3,deep_m0128_r2,validation_or_superseded
3,1024.0,deep,final_geometry_v15_20260930,4327fe4ece9317f6fd20fad18389a71e9b1f423b,False,32,5725.785771025295,0.35768016511614487,0.35768016511614487,f008efa6f96857bacb28241bf0d8210952daa18e8d892e6f42af2b6329779f71,test_probability,0.02,142,full_posterior,128,128,204800,test_prob_896,20608,2,1.0,dynamics_h_0p02_stage_2,ab9e24560eea0ddc4fd775ee6d516b1daa269452cd648f2739f422995dd944b3,deep_m0128_r2,validation_or_superseded
3,1024.0,deep,final_geometry_v15_20260930,4327fe4ece9317f6fd20fad18389a71e9b1f423b,False,32,3805.200528942334,0.5382107945226338,0.5382107945226338,f008efa6f96857bacb28241bf0d8210952daa18e8d892e6f42af2b6329779f71,interaction,0.02,164,full_posterior,128,128,204800,interaction_0,20608,2,1.0,dynamics_h_0p02_stage_2,ab9e24560eea0ddc4fd775ee6d516b1daa269452cd648f2739f422995dd944b3,deep_m0128_r2,validation_or_superseded
3,1024.0,deep,final_geometry_v15_20260930,4327fe4ece9317f6fd20fad18389a71e9b1f423b,False,32,3885.5120822039,0.527086251868854,0.527086251868854,f008efa6f96857bacb28241bf0d8210952daa18e8d892e6f42af2b6329779f71,interaction,0.02,150,full_posterior,128,128,204800,interaction_1,20608,2,1.0,dynamics_h_0p02_stage_2,ab9e24560eea0ddc4fd775ee6d516b1daa269452cd648f2739f422995dd944b3,deep_m0128_r2,validation_or_superseded
3,1024.0,deep,final_geometry_v15_20260930,4327fe4ece9317f6fd20fad18389a71e9b1f423b,False,32,3896.354244480227,0.525619559079183,0.525619559079183,f008efa6f96857bacb28241bf0d8210952daa18e8d892e6f42af2b6329779f71,interaction,0.02,194,full_posterior,128,128,204800,interaction_2,20608,2,1.0,dynamics_h_0p02_stage_2,ab9e24560eea0ddc4fd775ee6d516b1daa269452cd648f2739f422995dd944b3,deep_m0128_r2,validation_or_superseded
3,1024.0,deep,final_geometry_v15_20260930,4327fe4ece9317f6fd20fad18389a71e9b1f423b,False,32,3728.3499702727877,0.5493046565717533,0.5493046565717533,f008efa6f96857bacb28241bf0d8210952daa18e8d892e6f42af2b6329779f71,interaction,0.02,340,full_posterior,128,128,204800,interaction_3,20608,2,1.0,dynamics_h_0p02_stage_2,ab9e24560eea0ddc4fd775ee6d516b1daa269452cd648f2739f422995dd944b3,deep_m0128_r2,validation_or_superseded
3,1024.0,deep,final_geometry_v15_20260930,4327fe4ece9317f6fd20fad18389a71e9b1f423b,False,32,1720.0871992141504,1.1906373124197784,1.1906373124197784,f008efa6f96857bacb28241bf0d8210952daa18e8d892e6f42af2b6329779f71,control,0.02,482,full_posterior,128,128,204800,q_A,20608,2,1.0,dynamics_h_0p02_stage_2,ab9e24560eea0ddc4fd775ee6d516b1daa269452cd648f2739f422995dd944b3,deep_m0128_r2,validation_or_superseded
3,1024.0,deep,final_geometry_v15_20260930,4327fe4ece9317f6fd20fad18389a71e9b1f423b,False,32,2072.139039176602,0.988350666282416,0.988350666282416,f008efa6f96857bacb28241bf0d8210952daa18e8d892e6f42af2b6329779f71,control,0.02,598,full_posterior,128,128,204800,q_W,20608,2,1.0,dynamics_h_0p02_stage_2,ab9e24560eea0ddc4fd775ee6d516b1daa269452cd648f2739f422995dd944b3,deep_m0128_r2,validation_or_superseded
3,1024.0,deep,final_geometry_v15_20260930,4327fe4ece9317f6fd20fad18389a71e9b1f423b,False,32,4241.352259694899,0.48286486823127556,0.48286486823127556,f008efa6f96857bacb28241bf0d8210952daa18e8d892e6f42af2b6329779f71,control,0.02,102,full_posterior,128,128,204800,U,20608,2,1.0,dynamics_h_0p02_stage_2,ab9e24560eea0ddc4fd775ee6d516b1daa269452cd648f2739f422995dd944b3,deep_m0128_r2,validation_or_superseded
3,1024.0,deep,final_geometry_v15_20260930,4327fe4ece9317f6fd20fad18389a71e9b1f423b,False,32,5837.786100358249,0.350817923917137,0.350817923917137,3bd20447f9b9454cb8d4098f5084133a6975dbc5676b5665bb84ad62424d1d0f,loss,0.005,848,full_posterior,256,128,819200,V,73984,0,1.0,dynamics_h_0p005_stage_2,2814b4d76a9cc9419ec01ed447161e8acf050a7bbe1b8e92bdfa0e832e724270,deep_m0256_r0,validation_or_superseded
3,1024.0,deep,final_geometry_v15_20260930,4327fe4ece9317f6fd20fad18389a71e9b1f423b,False,32,7387.444528011965,0.27722712397153354,0.27722712397153354,3bd20447f9b9454cb8d4098f5084133a6975dbc5676b5665bb84ad62424d1d0f,train_logit,0.005,370,full_posterior,256,128,819200,train_logit_0,73984,0,1.0,dynamics_h_0p005_stage_2,2814b4d76a9cc9419ec01ed447161e8acf050a7bbe1b8e92bdfa0e832e724270,deep_m0256_r0,validation_or_superseded
3,1024.0,deep,final_geometry_v15_20260930,4327fe4ece9317f6fd20fad18389a71e9b1f423b,False,32,7636.218301098759,0.26819558048848835,0.26819558048848835,3bd20447f9b9454cb8d4098f5084133a6975dbc5676b5665bb84ad62424d1d0f,train_logit,0.005,322,full_posterior,256,128,819200,train_logit_16,73984,0,1.0,dynamics_h_0p005_stage_2,2814b4d76a9cc9419ec01ed447161e8acf050a7bbe1b8e92bdfa0e832e724270,deep_m0256_r0,validation_or_superseded
3,1024.0,deep,final_geometry_v15_20260930,4327fe4ece9317f6fd20fad18389a71e9b1f423b,False,32,7039.145717230618,0.29094439613415707,0.29094439613415707,3bd20447f9b9454cb8d4098f5084133a6975dbc5676b5665bb84ad62424d1d0f,train_logit,0.005,554,full_posterior,256,128,819200,train_logit_32,73984,0,1.0,dynamics_h_0p005_stage_2,2814b4d76a9cc9419ec01ed447161e8acf050a7bbe1b8e92bdfa0e832e724270,deep_m0256_r0,validation_or_superseded
3,1024.0,deep,final_geometry_v15_20260930,4327fe4ece9317f6fd20fad18389a71e9b1f423b,False,32,7249.378069768204,0.28250699305374816,0.28250699305374816,3bd20447f9b9454cb8d4098f5084133a6975dbc5676b5665bb84ad62424d1d0f,train_logit,0.005,326,full_posterior,256,128,819200,train_logit_48,73984,0,1.0,dynamics_h_0p005_stage_2,2814b4d76a9cc9419ec01ed447161e8acf050a7bbe1b8e92bdfa0e832e724270,deep_m0256_r0,validation_or_superseded
3,1024.0,deep,final_geometry_v15_20260930,4327fe4ece9317f6fd20fad18389a71e9b1f423b,False,32,7676.397520681954,0.26679181145611913,0.26679181145611913,3bd20447f9b9454cb8d4098f5084133a6975dbc5676b5665bb84ad62424d1d0f,train_logit,0.005,552,full_posterior,256,128,819200,train_logit_64,73984,0,1.0,dynamics_h_0p005_stage_2,2814b4d76a9cc9419ec01ed447161e8acf050a7bbe1b8e92bdfa0e832e724270,deep_m0256_r0,validation_or_superseded
3,1024.0,deep,final_geometry_v15_20260930,4327fe4ece9317f6fd20fad18389a71e9b1f423b,False,32,6732.96502780919,0.30417505386425414,0.30417505386425414,3bd20447f9b9454cb8d4098f5084133a6975dbc5676b5665bb84ad62424d1d0f,train_logit,0.005,662,full_posterior,256,128,819200,train_logit_80,73984,0,1.0,dynamics_h_0p005_stage_2,2814b4d76a9cc9419ec01ed447161e8acf050a7bbe1b8e92bdfa0e832e724270,deep_m0256_r0,validation_or_superseded
3,1024.0,deep,final_geometry_v15_20260930,4327fe4ece9317f6fd20fad18389a71e9b1f423b,False,32,6457.040312830566,0.31717317854288263,0.31717317854288263,3bd20447f9b9454cb8d4098f5084133a6975dbc5676b5665bb84ad62424d1d0f,train_logit,0.005,592,full_posterior,256,128,819200,train_logit_96,73984,0,1.0,dynamics_h_0p005_stage_2,2814b4d76a9cc9419ec01ed447161e8acf050a7bbe1b8e92bdfa0e832e724270,deep_m0256_r0,validation_or_superseded
3,1024.0,deep,final_geometry_v15_20260930,4327fe4ece9317f6fd20fad18389a71e9b1f423b,False,32,7809.552442318208,0.262242940952973,0.262242940952973,3bd20447f9b9454cb8d4098f5084133a6975dbc5676b5665bb84ad62424d1d0f,train_logit,0.005,382,full_posterior,256,128,819200,train_logit_112,73984,0,1.0,dynamics_h_0p005_stage_2,2814b4d76a9cc9419ec01ed447161e8acf050a7bbe1b8e92bdfa0e832e724270,deep_m0256_r0,validation_or_superseded
3,1024.0,deep,final_geometry_v15_20260930,4327fe4ece9317f6fd20fad18389a71e9b1f423b,False,32,6383.4560926322465,0.3208293391982114,0.3208293391982114,3bd20447f9b9454cb8d4098f5084133a6975dbc5676b5665bb84ad62424d1d0f,test_probability,0.005,746,full_posterior,256,128,819200,test_prob_0,73984,0,1.0,dynamics_h_0p005_stage_2,2814b4d76a9cc9419ec01ed447161e8acf050a7bbe1b8e92bdfa0e832e724270,deep_m0256_r0,validation_or_superseded
3,1024.0,deep,final_geometry_v15_20260930,4327fe4ece9317f6fd20fad18389a71e9b1f423b,False,32,6415.449184104846,0.31922940097073804,0.31922940097073804,3bd20447f9b9454cb8d4098f5084133a6975dbc5676b5665bb84ad62424d1d0f,test_probability,0.005,1030,full_posterior,256,128,819200,test_prob_128,73984,0,1.0,dynamics_h_0p005_stage_2,2814b4d76a9cc9419ec01ed447161e8acf050a7bbe1b8e92bdfa0e832e724270,deep_m0256_r0,validation_or_superseded
3,1024.0,deep,final_geometry_v15_20260930,4327fe4ece9317f6fd20fad18389a71e9b1f423b,False,32,7045.5778477982985,0.29067878380479295,0.29067878380479295,3bd20447f9b9454cb8d4098f5084133a6975dbc5676b5665bb84ad62424d1d0f,test_probability,0.005,306,full_posterior,256,128,819200,test_prob_256,73984,0,1.0,dynamics_h_0p005_stage_2,2814b4d76a9cc9419ec01ed447161e8acf050a7bbe1b8e92bdfa0e832e724270,deep_m0256_r0,validation_or_superseded
3,1024.0,deep,final_geometry_v15_20260930,4327fe4ece9317f6fd20fad18389a71e9b1f423b,False,32,6399.852881403627,0.32000735609891534,0.32000735609891534,3bd20447f9b9454cb8d4098f5084133a6975dbc5676b5665bb84ad62424d1d0f,test_probability,0.005,808,full_posterior,256,128,819200,test_prob_384,73984,0,1.0,dynamics_h_0p005_stage_2,2814b4d76a9cc9419ec01ed447161e8acf050a7bbe1b8e92bdfa0e832e724270,deep_m0256_r0,validation_or_superseded
3,1024.0,deep,final_geometry_v15_20260930,4327fe4ece9317f6fd20fad18389a71e9b1f423b,False,32,6715.336123204673,0.3049735653474125,0.3049735653474125,3bd20447f9b9454cb8d4098f5084133a6975dbc5676b5665bb84ad62424d1d0f,test_probability,0.005,360,full_posterior,256,128,819200,test_prob_512,73984,0,1.0,dynamics_h_0p005_stage_2,2814b4d76a9cc9419ec01ed447161e8acf050a7bbe1b8e92bdfa0e832e724270,deep_m0256_r0,validation_or_superseded
3,1024.0,deep,final_geometry_v15_20260930,4327fe4ece9317f6fd20fad18389a71e9b1f423b,False,32,6407.861297005758,0.31960741736981446,0.31960741736981446,3bd20447f9b9454cb8d4098f5084133a6975dbc5676b5665bb84ad62424d1d0f,test_probability,0.005,798,full_posterior,256,128,819200,test_prob_640,73984,0,1.0,dynamics_h_0p005_stage_2,2814b4d76a9cc9419ec01ed447161e8acf050a7bbe1b8e92bdfa0e832e724270,deep_m0256_r0,validation_or_superseded
3,1024.0,deep,final_geometry_v15_20260930,4327fe4ece9317f6fd20fad18389a71e9b1f423b,False,32,6727.99198303989,0.3043998870930072,0.3043998870930072,3bd20447f9b9454cb8d4098f5084133a6975dbc5676b5665bb84ad62424d1d0f,test_probability,0.005,534,full_posterior,256,128,819200,test_prob_768,73984,0,1.0,dynamics_h_0p005_stage_2,2814b4d76a9cc9419ec01ed447161e8acf050a7bbe1b8e92bdfa0e832e724270,deep_m0256_r0,validation_or_superseded
3,1024.0,deep,final_geometry_v15_20260930,4327fe4ece9317f6fd20fad18389a71e9b1f423b,False,32,6522.917442677095,0.313969940290931,0.313969940290931,3bd20447f9b9454cb8d4098f5084133a6975dbc5676b5665bb84ad62424d1d0f,test_probability,0.005,872,full_posterior,256,128,819200,test_prob_896,73984,0,1.0,dynamics_h_0p005_stage_2,2814b4d76a9cc9419ec01ed447161e8acf050a7bbe1b8e92bdfa0e832e724270,deep_m0256_r0,validation_or_superseded
3,1024.0,deep,final_geometry_v15_20260930,4327fe4ece9317f6fd20fad18389a71e9b1f423b,False,32,4552.896565562178,0.4498235289356105,0.4498235289356105,3bd20447f9b9454cb8d4098f5084133a6975dbc5676b5665bb84ad62424d1d0f,interaction,0.005,396,full_posterior,256,128,819200,interaction_0,73984,0,1.0,dynamics_h_0p005_stage_2,2814b4d76a9cc9419ec01ed447161e8acf050a7bbe1b8e92bdfa0e832e724270,deep_m0256_r0,validation_or_superseded
3,1024.0,deep,final_geometry_v15_20260930,4327fe4ece9317f6fd20fad18389a71e9b1f423b,False,32,4219.742577774481,0.4853376627254187,0.4853376627254187,3bd20447f9b9454cb8d4098f5084133a6975dbc5676b5665bb84ad62424d1d0f,interaction,0.005,592,full_posterior,256,128,819200,interaction_1,73984,0,1.0,dynamics_h_0p005_stage_2,2814b4d76a9cc9419ec01ed447161e8acf050a7bbe1b8e92bdfa0e832e724270,deep_m0256_r0,validation_or_superseded
3,1024.0,deep,final_geometry_v15_20260930,4327fe4ece9317f6fd20fad18389a71e9b1f423b,False,32,4407.714505112411,0.46463989390069843,0.46463989390069843,3bd20447f9b9454cb8d4098f5084133a6975dbc5676b5665bb84ad62424d1d0f,interaction,0.005,396,full_posterior,256,128,819200,interaction_2,73984,0,1.0,dynamics_h_0p005_stage_2,2814b4d76a9cc9419ec01ed447161e8acf050a7bbe1b8e92bdfa0e832e724270,deep_m0256_r0,validation_or_superseded
3,1024.0,deep,final_geometry_v15_20260930,4327fe4ece9317f6fd20fad18389a71e9b1f423b,False,32,4138.291943742154,0.4948901691425967,0.4948901691425967,3bd20447f9b9454cb8d4098f5084133a6975dbc5676b5665bb84ad62424d1d0f,interaction,0.005,482,full_posterior,256,128,819200,interaction_3,73984,0,1.0,dynamics_h_0p005_stage_2,2814b4d76a9cc9419ec01ed447161e8acf050a7bbe1b8e92bdfa0e832e724270,deep_m0256_r0,validation_or_superseded
3,1024.0,deep,final_geometry_v15_20260930,4327fe4ece9317f6fd20fad18389a71e9b1f423b,False,32,1896.9064608381932,1.079652604006126,1.079652604006126,3bd20447f9b9454cb8d4098f5084133a6975dbc5676b5665bb84ad62424d1d0f,control,0.005,1316,full_posterior,256,128,819200,q_A,73984,0,1.0,dynamics_h_0p005_stage_2,2814b4d76a9cc9419ec01ed447161e8acf050a7bbe1b8e92bdfa0e832e724270,deep_m0256_r0,validation_or_superseded
3,1024.0,deep,final_geometry_v15_20260930,4327fe4ece9317f6fd20fad18389a71e9b1f423b,False,32,1829.1328839900775,1.1196562141141353,1.1196562141141353,3bd20447f9b9454cb8d4098f5084133a6975dbc5676b5665bb84ad62424d1d0f,control,0.005,3412,full_posterior,256,128,819200,q_W,73984,0,1.0,dynamics_h_0p005_stage_2,2814b4d76a9cc9419ec01ed447161e8acf050a7bbe1b8e92bdfa0e832e724270,deep_m0256_r0,validation_or_superseded
3,1024.0,deep,final_geometry_v15_20260930,4327fe4ece9317f6fd20fad18389a71e9b1f423b,False,32,4214.937701977813,0.4858909300222868,0.4858909300222868,3bd20447f9b9454cb8d4098f5084133a6975dbc5676b5665bb84ad62424d1d0f,control,0.005,438,full_posterior,256,128,819200,U,73984,0,1.0,dynamics_h_0p005_stage_2,2814b4d76a9cc9419ec01ed447161e8acf050a7bbe1b8e92bdfa0e832e724270,deep_m0256_r0,validation_or_superseded
3,1024.0,deep,final_geometry_v15_20260930,4327fe4ece9317f6fd20fad18389a71e9b1f423b,False,32,7019.132422130148,0.29177395108589194,0.29177395108589194,f9f9c939099fbd0520ace6b57c291d0a11d6cf95cee94e55194d46964bc7a444,loss,0.01,750,full_posterior,256,128,409600,V,73984,0,1.0,dynamics_h_0p01_stage_2,2814b4d76a9cc9419ec01ed447161e8acf050a7bbe1b8e92bdfa0e832e724270,deep_m0256_r0,production_final
3,1024.0,deep,final_geometry_v15_20260930,4327fe4ece9317f6fd20fad18389a71e9b1f423b,False,32,6731.951929213748,0.30422082949115686,0.30422082949115686,f9f9c939099fbd0520ace6b57c291d0a11d6cf95cee94e55194d46964bc7a444,train_logit,0.01,328,full_posterior,256,128,409600,train_logit_0,73984,0,1.0,dynamics_h_0p01_stage_2,2814b4d76a9cc9419ec01ed447161e8acf050a7bbe1b8e92bdfa0e832e724270,deep_m0256_r0,production_final
3,1024.0,deep,final_geometry_v15_20260930,4327fe4ece9317f6fd20fad18389a71e9b1f423b,False,32,7131.918900021445,0.28715974322055765,0.28715974322055765,f9f9c939099fbd0520ace6b57c291d0a11d6cf95cee94e55194d46964bc7a444,train_logit,0.01,252,full_posterior,256,128,409600,train_logit_16,73984,0,1.0,dynamics_h_0p01_stage_2,2814b4d76a9cc9419ec01ed447161e8acf050a7bbe1b8e92bdfa0e832e724270,deep_m0256_r0,production_final
3,1024.0,deep,final_geometry_v15_20260930,4327fe4ece9317f6fd20fad18389a71e9b1f423b,False,32,6749.382028941609,0.3034351872835317,0.3034351872835317,f9f9c939099fbd0520ace6b57c291d0a11d6cf95cee94e55194d46964bc7a444,train_logit,0.01,202,full_posterior,256,128,409600,train_logit_32,73984,0,1.0,dynamics_h_0p01_stage_2,2814b4d76a9cc9419ec01ed447161e8acf050a7bbe1b8e92bdfa0e832e724270,deep_m0256_r0,production_final
3,1024.0,deep,final_geometry_v15_20260930,4327fe4ece9317f6fd20fad18389a71e9b1f423b,False,32,7171.916415195084,0.28555826384994093,0.28555826384994093,f9f9c939099fbd0520ace6b57c291d0a11d6cf95cee94e55194d46964bc7a444,train_logit,0.01,146,full_posterior,256,128,409600,train_logit_48,73984,0,1.0,dynamics_h_0p01_stage_2,2814b4d76a9cc9419ec01ed447161e8acf050a7bbe1b8e92bdfa0e832e724270,deep_m0256_r0,production_final
3,1024.0,deep,final_geometry_v15_20260930,4327fe4ece9317f6fd20fad18389a71e9b1f423b,False,32,7216.864684930396,0.28377974223023034,0.28377974223023034,f9f9c939099fbd0520ace6b57c291d0a11d6cf95cee94e55194d46964bc7a444,train_logit,0.01,388,full_posterior,256,128,409600,train_logit_64,73984,0,1.0,dynamics_h_0p01_stage_2,2814b4d76a9cc9419ec01ed447161e8acf050a7bbe1b8e92bdfa0e832e724270,deep_m0256_r0,production_final
3,1024.0,deep,final_geometry_v15_20260930,4327fe4ece9317f6fd20fad18389a71e9b1f423b,False,32,7041.242343932393,0.2908577634406818,0.2908577634406818,f9f9c939099fbd0520ace6b57c291d0a11d6cf95cee94e55194d46964bc7a444,train_logit,0.01,182,full_posterior,256,128,409600,train_logit_80,73984,0,1.0,dynamics_h_0p01_stage_2,2814b4d76a9cc9419ec01ed447161e8acf050a7bbe1b8e92bdfa0e832e724270,deep_m0256_r0,production_final
3,1024.0,deep,final_geometry_v15_20260930,4327fe4ece9317f6fd20fad18389a71e9b1f423b,False,32,7265.267508802914,0.28188913863371917,0.28188913863371917,f9f9c939099fbd0520ace6b57c291d0a11d6cf95cee94e55194d46964bc7a444,train_logit,0.01,164,full_posterior,256,128,409600,train_logit_96,73984,0,1.0,dynamics_h_0p01_stage_2,2814b4d76a9cc9419ec01ed447161e8acf050a7bbe1b8e92bdfa0e832e724270,deep_m0256_r0,production_final
3,1024.0,deep,final_geometry_v15_20260930,4327fe4ece9317f6fd20fad18389a71e9b1f423b,False,32,7242.497904880856,0.2827753665789553,0.2827753665789553,f9f9c939099fbd0520ace6b57c291d0a11d6cf95cee94e55194d46964bc7a444,train_logit,0.01,302,full_posterior,256,128,409600,train_logit_112,73984,0,1.0,dynamics_h_0p01_stage_2,2814b4d76a9cc9419ec01ed447161e8acf050a7bbe1b8e92bdfa0e832e724270,deep_m0256_r0,production_final
3,1024.0,deep,final_geometry_v15_20260930,4327fe4ece9317f6fd20fad18389a71e9b1f423b,False,32,6036.800977064825,0.33925252924203003,0.33925252924203003,f9f9c939099fbd0520ace6b57c291d0a11d6cf95cee94e55194d46964bc7a444,test_probability,0.01,408,full_posterior,256,128,409600,test_prob_0,73984,0,1.0,dynamics_h_0p01_stage_2,2814b4d76a9cc9419ec01ed447161e8acf050a7bbe1b8e92bdfa0e832e724270,deep_m0256_r0,production_final
3,1024.0,deep,final_geometry_v15_20260930,4327fe4ece9317f6fd20fad18389a71e9b1f423b,False,32,6093.470028009637,0.3360974929861034,0.3360974929861034,f9f9c939099fbd0520ace6b57c291d0a11d6cf95cee94e55194d46964bc7a444,test_probability,0.01,484,full_posterior,256,128,409600,test_prob_128,73984,0,1.0,dynamics_h_0p01_stage_2,2814b4d76a9cc9419ec01ed447161e8acf050a7bbe1b8e92bdfa0e832e724270,deep_m0256_r0,production_final
3,1024.0,deep,final_geometry_v15_20260930,4327fe4ece9317f6fd20fad18389a71e9b1f423b,False,32,7022.963721780512,0.29161477705608546,0.29161477705608546,f9f9c939099fbd0520ace6b57c291d0a11d6cf95cee94e55194d46964bc7a444,test_probability,0.01,260,full_posterior,256,128,409600,test_prob_256,73984,0,1.0,dynamics_h_0p01_stage_2,2814b4d76a9cc9419ec01ed447161e8acf050a7bbe1b8e92bdfa0e832e724270,deep_m0256_r0,production_final
3,1024.0,deep,final_geometry_v15_20260930,4327fe4ece9317f6fd20fad18389a71e9b1f423b,False,32,6585.642608177099,0.3109795234647397,0.3109795234647397,f9f9c939099fbd0520ace6b57c291d0a11d6cf95cee94e55194d46964bc7a444,test_probability,0.01,184,full_posterior,256,128,409600,test_prob_384,73984,0,1.0,dynamics_h_0p01_stage_2,2814b4d76a9cc9419ec01ed447161e8acf050a7bbe1b8e92bdfa0e832e724270,deep_m0256_r0,production_final
3,1024.0,deep,final_geometry_v15_20260930,4327fe4ece9317f6fd20fad18389a71e9b1f423b,False,32,6576.724528451647,0.3114012136497618,0.3114012136497618,f9f9c939099fbd0520ace6b57c291d0a11d6cf95cee94e55194d46964bc7a444,test_probability,0.01,222,full_posterior,256,128,409600,test_prob_512,73984,0,1.0,dynamics_h_0p01_stage_2,2814b4d76a9cc9419ec01ed447161e8acf050a7bbe1b8e92bdfa0e832e724270,deep_m0256_r0,production_final
3,1024.0,deep,final_geometry_v15_20260930,4327fe4ece9317f6fd20fad18389a71e9b1f423b,False,32,6309.702932383837,0.3245794646668501,0.3245794646668501,f9f9c939099fbd0520ace6b57c291d0a11d6cf95cee94e55194d46964bc7a444,test_probability,0.01,360,full_posterior,256,128,409600,test_prob_640,73984,0,1.0,dynamics_h_0p01_stage_2,2814b4d76a9cc9419ec01ed447161e8acf050a7bbe1b8e92bdfa0e832e724270,deep_m0256_r0,production_final
3,1024.0,deep,final_geometry_v15_20260930,4327fe4ece9317f6fd20fad18389a71e9b1f423b,False,32,6154.746993853241,0.33275128970294665,0.33275128970294665,f9f9c939099fbd0520ace6b57c291d0a11d6cf95cee94e55194d46964bc7a444,test_probability,0.01,332,full_posterior,256,128,409600,test_prob_768,73984,0,1.0,dynamics_h_0p01_stage_2,2814b4d76a9cc9419ec01ed447161e8acf050a7bbe1b8e92bdfa0e832e724270,deep_m0256_r0,production_final
3,1024.0,deep,final_geometry_v15_20260930,4327fe4ece9317f6fd20fad18389a71e9b1f423b,False,32,6414.840901195663,0.3192596716807541,0.3192596716807541,f9f9c939099fbd0520ace6b57c291d0a11d6cf95cee94e55194d46964bc7a444,test_probability,0.01,294,full_posterior,256,128,409600,test_prob_896,73984,0,1.0,dynamics_h_0p01_stage_2,2814b4d76a9cc9419ec01ed447161e8acf050a7bbe1b8e92bdfa0e832e724270,deep_m0256_r0,production_final
3,1024.0,deep,final_geometry_v15_20260930,4327fe4ece9317f6fd20fad18389a71e9b1f423b,False,32,3819.5934153228973,0.536182723476307,0.536182723476307,f9f9c939099fbd0520ace6b57c291d0a11d6cf95cee94e55194d46964bc7a444,interaction,0.01,392,full_posterior,256,128,409600,interaction_0,73984,0,1.0,dynamics_h_0p01_stage_2,2814b4d76a9cc9419ec01ed447161e8acf050a7bbe1b8e92bdfa0e832e724270,deep_m0256_r0,production_final
3,1024.0,deep,final_geometry_v15_20260930,4327fe4ece9317f6fd20fad18389a71e9b1f423b,False,32,3969.7247270116613,0.5159047895851706,0.5159047895851706,f9f9c939099fbd0520ace6b57c291d0a11d6cf95cee94e55194d46964bc7a444,interaction,0.01,496,full_posterior,256,128,409600,interaction_1,73984,0,1.0,dynamics_h_0p01_stage_2,2814b4d76a9cc9419ec01ed447161e8acf050a7bbe1b8e92bdfa0e832e724270,deep_m0256_r0,production_final
3,1024.0,deep,final_geometry_v15_20260930,4327fe4ece9317f6fd20fad18389a71e9b1f423b,False,32,4122.792695272878,0.49675066183856426,0.49675066183856426,f9f9c939099fbd0520ace6b57c291d0a11d6cf95cee94e55194d46964bc7a444,interaction,0.01,386,full_posterior,256,128,409600,interaction_2,73984,0,1.0,dynamics_h_0p01_stage_2,2814b4d76a9cc9419ec01ed447161e8acf050a7bbe1b8e92bdfa0e832e724270,deep_m0256_r0,production_final
3,1024.0,deep,final_geometry_v15_20260930,4327fe4ece9317f6fd20fad18389a71e9b1f423b,False,32,3924.4195726901767,0.5218606120130277,0.5218606120130277,f9f9c939099fbd0520ace6b57c291d0a11d6cf95cee94e55194d46964bc7a444,interaction,0.01,618,full_posterior,256,128,409600,interaction_3,73984,0,1.0,dynamics_h_0p01_stage_2,2814b4d76a9cc9419ec01ed447161e8acf050a7bbe1b8e92bdfa0e832e724270,deep_m0256_r0,production_final
3,1024.0,deep,final_geometry_v15_20260930,4327fe4ece9317f6fd20fad18389a71e9b1f423b,False,32,2096.3122392560444,0.9769537007172224,0.9769537007172224,f9f9c939099fbd0520ace6b57c291d0a11d6cf95cee94e55194d46964bc7a444,control,0.01,420,full_posterior,256,128,409600,q_A,73984,0,1.0,dynamics_h_0p01_stage_2,2814b4d76a9cc9419ec01ed447161e8acf050a7bbe1b8e92bdfa0e832e724270,deep_m0256_r0,production_final
3,1024.0,deep,final_geometry_v15_20260930,4327fe4ece9317f6fd20fad18389a71e9b1f423b,False,32,1809.600194260091,1.1317416999048155,1.1317416999048155,f9f9c939099fbd0520ace6b57c291d0a11d6cf95cee94e55194d46964bc7a444,control,0.01,976,full_posterior,256,128,409600,q_W,73984,0,1.0,dynamics_h_0p01_stage_2,2814b4d76a9cc9419ec01ed447161e8acf050a7bbe1b8e92bdfa0e832e724270,deep_m0256_r0,production_final
3,1024.0,deep,final_geometry_v15_20260930,4327fe4ece9317f6fd20fad18389a71e9b1f423b,False,32,4190.305492873012,0.4887471816752491,0.4887471816752491,f9f9c939099fbd0520ace6b57c291d0a11d6cf95cee94e55194d46964bc7a444,control,0.01,244,full_posterior,256,128,409600,U,73984,0,1.0,dynamics_h_0p01_stage_2,2814b4d76a9cc9419ec01ed447161e8acf050a7bbe1b8e92bdfa0e832e724270,deep_m0256_r0,production_final
3,1024.0,deep,final_geometry_v15_20260930,4327fe4ece9317f6fd20fad18389a71e9b1f423b,False,32,6384.455330107566,0.32077912587814994,0.32077912587814994,444f5ef0c887613c190411e5f4151cb84488520c78adc24d2acb31140c1b2e28,loss,0.02,176,full_posterior,256,128,204800,V,73984,0,1.0,dynamics_h_0p02_stage_2,2814b4d76a9cc9419ec01ed447161e8acf050a7bbe1b8e92bdfa0e832e724270,deep_m0256_r0,validation_or_superseded
3,1024.0,deep,final_geometry_v15_20260930,4327fe4ece9317f6fd20fad18389a71e9b1f423b,False,32,7175.1751954615365,0.28542857062157967,0.28542857062157967,444f5ef0c887613c190411e5f4151cb84488520c78adc24d2acb31140c1b2e28,train_logit,0.02,130,full_posterior,256,128,204800,train_logit_0,73984,0,1.0,dynamics_h_0p02_stage_2,2814b4d76a9cc9419ec01ed447161e8acf050a7bbe1b8e92bdfa0e832e724270,deep_m0256_r0,validation_or_superseded
3,1024.0,deep,final_geometry_v15_20260930,4327fe4ece9317f6fd20fad18389a71e9b1f423b,False,32,6854.788466368936,0.2987692486862181,0.2987692486862181,444f5ef0c887613c190411e5f4151cb84488520c78adc24d2acb31140c1b2e28,train_logit,0.02,160,full_posterior,256,128,204800,train_logit_16,73984,0,1.0,dynamics_h_0p02_stage_2,2814b4d76a9cc9419ec01ed447161e8acf050a7bbe1b8e92bdfa0e832e724270,deep_m0256_r0,validation_or_superseded
3,1024.0,deep,final_geometry_v15_20260930,4327fe4ece9317f6fd20fad18389a71e9b1f423b,False,32,7191.816605253947,0.28476810692083604,0.28476810692083604,444f5ef0c887613c190411e5f4151cb84488520c78adc24d2acb31140c1b2e28,train_logit,0.02,122,full_posterior,256,128,204800,train_logit_32,73984,0,1.0,dynamics_h_0p02_stage_2,2814b4d76a9cc9419ec01ed447161e8acf050a7bbe1b8e92bdfa0e832e724270,deep_m0256_r0,validation_or_superseded
3,1024.0,deep,final_geometry_v15_20260930,4327fe4ece9317f6fd20fad18389a71e9b1f423b,False,32,6708.0133367221715,0.3053064890000267,0.3053064890000267,444f5ef0c887613c190411e5f4151cb84488520c78adc24d2acb31140c1b2e28,train_logit,0.02,162,full_posterior,256,128,204800,train_logit_48,73984,0,1.0,dynamics_h_0p02_stage_2,2814b4d76a9cc9419ec01ed447161e8acf050a7bbe1b8e92bdfa0e832e724270,deep_m0256_r0,validation_or_superseded
3,1024.0,deep,final_geometry_v15_20260930,4327fe4ece9317f6fd20fad18389a71e9b1f423b,False,32,7105.593572145978,0.2882236338464653,0.2882236338464653,444f5ef0c887613c190411e5f4151cb84488520c78adc24d2acb31140c1b2e28,train_logit,0.02,154,full_posterior,256,128,204800,train_logit_64,73984,0,1.0,dynamics_h_0p02_stage_2,2814b4d76a9cc9419ec01ed447161e8acf050a7bbe1b8e92bdfa0e832e724270,deep_m0256_r0,validation_or_superseded
3,1024.0,deep,final_geometry_v15_20260930,4327fe4ece9317f6fd20fad18389a71e9b1f423b,False,32,6407.6045846295765,0.3196202220269176,0.3196202220269176,444f5ef0c887613c190411e5f4151cb84488520c78adc24d2acb31140c1b2e28,train_logit,0.02,194,full_posterior,256,128,204800,train_logit_80,73984,0,1.0,dynamics_h_0p02_stage_2,2814b4d76a9cc9419ec01ed447161e8acf050a7bbe1b8e92bdfa0e832e724270,deep_m0256_r0,validation_or_superseded
3,1024.0,deep,final_geometry_v15_20260930,4327fe4ece9317f6fd20fad18389a71e9b1f423b,False,32,6478.779013590796,0.31610894517374766,0.31610894517374766,444f5ef0c887613c190411e5f4151cb84488520c78adc24d2acb31140c1b2e28,train_logit,0.02,174,full_posterior,256,128,204800,train_logit_96,73984,0,1.0,dynamics_h_0p02_stage_2,2814b4d76a9cc9419ec01ed447161e8acf050a7bbe1b8e92bdfa0e832e724270,deep_m0256_r0,validation_or_superseded
3,1024.0,deep,final_geometry_v15_20260930,4327fe4ece9317f6fd20fad18389a71e9b1f423b,False,32,6578.555520453469,0.3113145421715356,0.3113145421715356,444f5ef0c887613c190411e5f4151cb84488520c78adc24d2acb31140c1b2e28,train_logit,0.02,168,full_posterior,256,128,204800,train_logit_112,73984,0,1.0,dynamics_h_0p02_stage_2,2814b4d76a9cc9419ec01ed447161e8acf050a7bbe1b8e92bdfa0e832e724270,deep_m0256_r0,validation_or_superseded
3,1024.0,deep,final_geometry_v15_20260930,4327fe4ece9317f6fd20fad18389a71e9b1f423b,False,32,6447.853977550857,0.31762505899333493,0.31762505899333493,444f5ef0c887613c190411e5f4151cb84488520c78adc24d2acb31140c1b2e28,test_probability,0.02,110,full_posterior,256,128,204800,test_prob_0,73984,0,1.0,dynamics_h_0p02_stage_2,2814b4d76a9cc9419ec01ed447161e8acf050a7bbe1b8e92bdfa0e832e724270,deep_m0256_r0,validation_or_superseded
3,1024.0,deep,final_geometry_v15_20260930,4327fe4ece9317f6fd20fad18389a71e9b1f423b,False,32,6194.510505941908,0.33061530818868,0.33061530818868,444f5ef0c887613c190411e5f4151cb84488520c78adc24d2acb31140c1b2e28,test_probability,0.02,152,full_posterior,256,128,204800,test_prob_128,73984,0,1.0,dynamics_h_0p02_stage_2,2814b4d76a9cc9419ec01ed447161e8acf050a7bbe1b8e92bdfa0e832e724270,deep_m0256_r0,validation_or_superseded
3,1024.0,deep,final_geometry_v15_20260930,4327fe4ece9317f6fd20fad18389a71e9b1f423b,False,32,6348.449545193517,0.32259845264905096,0.32259845264905096,444f5ef0c887613c190411e5f4151cb84488520c78adc24d2acb31140c1b2e28,test_probability,0.02,162,full_posterior,256,128,204800,test_prob_256,73984,0,1.0,dynamics_h_0p02_stage_2,2814b4d76a9cc9419ec01ed447161e8acf050a7bbe1b8e92bdfa0e832e724270,deep_m0256_r0,validation_or_superseded
3,1024.0,deep,final_geometry_v15_20260930,4327fe4ece9317f6fd20fad18389a71e9b1f423b,False,32,6822.093460758134,0.3002011056841205,0.3002011056841205,444f5ef0c887613c190411e5f4151cb84488520c78adc24d2acb31140c1b2e28,test_probability,0.02,258,full_posterior,256,128,204800,test_prob_384,73984,0,1.0,dynamics_h_0p02_stage_2,2814b4d76a9cc9419ec01ed447161e8acf050a7bbe1b8e92bdfa0e832e724270,deep_m0256_r0,validation_or_superseded
3,1024.0,deep,final_geometry_v15_20260930,4327fe4ece9317f6fd20fad18389a71e9b1f423b,False,32,6586.14472698771,0.31095581480437484,0.31095581480437484,444f5ef0c887613c190411e5f4151cb84488520c78adc24d2acb31140c1b2e28,test_probability,0.02,204,full_posterior,256,128,204800,test_prob_512,73984,0,1.0,dynamics_h_0p02_stage_2,2814b4d76a9cc9419ec01ed447161e8acf050a7bbe1b8e92bdfa0e832e724270,deep_m0256_r0,validation_or_superseded
3,1024.0,deep,final_geometry_v15_20260930,4327fe4ece9317f6fd20fad18389a71e9b1f423b,False,32,5905.996909645576,0.34676618212502625,0.34676618212502625,444f5ef0c887613c190411e5f4151cb84488520c78adc24d2acb31140c1b2e28,test_probability,0.02,204,full_posterior,256,128,204800,test_prob_640,73984,0,1.0,dynamics_h_0p02_stage_2,2814b4d76a9cc9419ec01ed447161e8acf050a7bbe1b8e92bdfa0e832e724270,deep_m0256_r0,validation_or_superseded
3,1024.0,deep,final_geometry_v15_20260930,4327fe4ece9317f6fd20fad18389a71e9b1f423b,False,32,6269.116704080516,0.32668079040018094,0.32668079040018094,444f5ef0c887613c190411e5f4151cb84488520c78adc24d2acb31140c1b2e28,test_probability,0.02,152,full_posterior,256,128,204800,test_prob_768,73984,0,1.0,dynamics_h_0p02_stage_2,2814b4d76a9cc9419ec01ed447161e8acf050a7bbe1b8e92bdfa0e832e724270,deep_m0256_r0,validation_or_superseded
3,1024.0,deep,final_geometry_v15_20260930,4327fe4ece9317f6fd20fad18389a71e9b1f423b,False,32,6040.149972121973,0.3390644287728694,0.3390644287728694,444f5ef0c887613c190411e5f4151cb84488520c78adc24d2acb31140c1b2e28,test_probability,0.02,114,full_posterior,256,128,204800,test_prob_896,73984,0,1.0,dynamics_h_0p02_stage_2,2814b4d76a9cc9419ec01ed447161e8acf050a7bbe1b8e92bdfa0e832e724270,deep_m0256_r0,validation_or_superseded
3,1024.0,deep,final_geometry_v15_20260930,4327fe4ece9317f6fd20fad18389a71e9b1f423b,False,32,3940.3363676591225,0.5197525817362331,0.5197525817362331,444f5ef0c887613c190411e5f4151cb84488520c78adc24d2acb31140c1b2e28,interaction,0.02,172,full_posterior,256,128,204800,interaction_0,73984,0,1.0,dynamics_h_0p02_stage_2,2814b4d76a9cc9419ec01ed447161e8acf050a7bbe1b8e92bdfa0e832e724270,deep_m0256_r0,validation_or_superseded
3,1024.0,deep,final_geometry_v15_20260930,4327fe4ece9317f6fd20fad18389a71e9b1f423b,False,32,4013.418695175715,0.5102881497167927,0.5102881497167927,444f5ef0c887613c190411e5f4151cb84488520c78adc24d2acb31140c1b2e28,interaction,0.02,194,full_posterior,256,128,204800,interaction_1,73984,0,1.0,dynamics_h_0p02_stage_2,2814b4d76a9cc9419ec01ed447161e8acf050a7bbe1b8e92bdfa0e832e724270,deep_m0256_r0,validation_or_superseded
3,1024.0,deep,final_geometry_v15_20260930,4327fe4ece9317f6fd20fad18389a71e9b1f423b,False,32,4034.4800739245306,0.5076242694161612,0.5076242694161612,444f5ef0c887613c190411e5f4151cb84488520c78adc24d2acb31140c1b2e28,interaction,0.02,124,full_posterior,256,128,204800,interaction_2,73984,0,1.0,dynamics_h_0p02_stage_2,2814b4d76a9cc9419ec01ed447161e8acf050a7bbe1b8e92bdfa0e832e724270,deep_m0256_r0,validation_or_superseded
3,1024.0,deep,final_geometry_v15_20260930,4327fe4ece9317f6fd20fad18389a71e9b1f423b,False,32,3875.6534832916955,0.5284270146516244,0.5284270146516244,444f5ef0c887613c190411e5f4151cb84488520c78adc24d2acb31140c1b2e28,interaction,0.02,254,full_posterior,256,128,204800,interaction_3,73984,0,1.0,dynamics_h_0p02_stage_2,2814b4d76a9cc9419ec01ed447161e8acf050a7bbe1b8e92bdfa0e832e724270,deep_m0256_r0,validation_or_superseded
3,1024.0,deep,final_geometry_v15_20260930,4327fe4ece9317f6fd20fad18389a71e9b1f423b,False,32,1752.4995879113812,1.1686165372745076,1.1686165372745076,444f5ef0c887613c190411e5f4151cb84488520c78adc24d2acb31140c1b2e28,control,0.02,596,full_posterior,256,128,204800,q_A,73984,0,1.0,dynamics_h_0p02_stage_2,2814b4d76a9cc9419ec01ed447161e8acf050a7bbe1b8e92bdfa0e832e724270,deep_m0256_r0,validation_or_superseded
3,1024.0,deep,final_geometry_v15_20260930,4327fe4ece9317f6fd20fad18389a71e9b1f423b,False,32,1992.1164299803295,1.0280523613874428,1.0280523613874428,444f5ef0c887613c190411e5f4151cb84488520c78adc24d2acb31140c1b2e28,control,0.02,318,full_posterior,256,128,204800,q_W,73984,0,1.0,dynamics_h_0p02_stage_2,2814b4d76a9cc9419ec01ed447161e8acf050a7bbe1b8e92bdfa0e832e724270,deep_m0256_r0,validation_or_superseded
3,1024.0,deep,final_geometry_v15_20260930,4327fe4ece9317f6fd20fad18389a71e9b1f423b,False,32,4055.0647722463646,0.5050474197149456,0.5050474197149456,444f5ef0c887613c190411e5f4151cb84488520c78adc24d2acb31140c1b2e28,control,0.02,150,full_posterior,256,128,204800,U,73984,0,1.0,dynamics_h_0p02_stage_2,2814b4d76a9cc9419ec01ed447161e8acf050a7bbe1b8e92bdfa0e832e724270,deep_m0256_r0,validation_or_superseded
3,1024.0,deep,final_geometry_v15_20260930,4327fe4ece9317f6fd20fad18389a71e9b1f423b,False,32,6510.8638071311525,0.31455119637994694,0.31455119637994694,9a99f49392e059203eb1e4be69ea410fde04e8caae11bda6cc9ef3bf1484dada,loss,0.005,348,full_posterior,256,128,819200,V,73984,1,1.0,dynamics_h_0p005_stage_2,09d81740c09e1434a4c78134a13a48b854f29cf5822e72d75983713cdb747963,deep_m0256_r1,validation_or_superseded
3,1024.0,deep,final_geometry_v15_20260930,4327fe4ece9317f6fd20fad18389a71e9b1f423b,False,32,6746.717608174536,0.30355502022473546,0.30355502022473546,9a99f49392e059203eb1e4be69ea410fde04e8caae11bda6cc9ef3bf1484dada,train_logit,0.005,402,full_posterior,256,128,819200,train_logit_0,73984,1,1.0,dynamics_h_0p005_stage_2,09d81740c09e1434a4c78134a13a48b854f29cf5822e72d75983713cdb747963,deep_m0256_r1,validation_or_superseded
3,1024.0,deep,final_geometry_v15_20260930,4327fe4ece9317f6fd20fad18389a71e9b1f423b,False,32,6437.617623174743,0.31813010959635385,0.31813010959635385,9a99f49392e059203eb1e4be69ea410fde04e8caae11bda6cc9ef3bf1484dada,train_logit,0.005,998,full_posterior,256,128,819200,train_logit_16,73984,1,1.0,dynamics_h_0p005_stage_2,09d81740c09e1434a4c78134a13a48b854f29cf5822e72d75983713cdb747963,deep_m0256_r1,validation_or_superseded
3,1024.0,deep,final_geometry_v15_20260930,4327fe4ece9317f6fd20fad18389a71e9b1f423b,False,32,7085.74850901132,0.28903086207412676,0.28903086207412676,9a99f49392e059203eb1e4be69ea410fde04e8caae11bda6cc9ef3bf1484dada,train_logit,0.005,390,full_posterior,256,128,819200,train_logit_32,73984,1,1.0,dynamics_h_0p005_stage_2,09d81740c09e1434a4c78134a13a48b854f29cf5822e72d75983713cdb747963,deep_m0256_r1,validation_or_superseded
3,1024.0,deep,final_geometry_v15_20260930,4327fe4ece9317f6fd20fad18389a71e9b1f423b,False,32,6726.179182768067,0.3044819271610861,0.3044819271610861,9a99f49392e059203eb1e4be69ea410fde04e8caae11bda6cc9ef3bf1484dada,train_logit,0.005,444,full_posterior,256,128,819200,train_logit_48,73984,1,1.0,dynamics_h_0p005_stage_2,09d81740c09e1434a4c78134a13a48b854f29cf5822e72d75983713cdb747963,deep_m0256_r1,validation_or_superseded
3,1024.0,deep,final_geometry_v15_20260930,4327fe4ece9317f6fd20fad18389a71e9b1f423b,False,32,6811.795394753861,0.30065494943921506,0.30065494943921506,9a99f49392e059203eb1e4be69ea410fde04e8caae11bda6cc9ef3bf1484dada,train_logit,0.005,1118,full_posterior,256,128,819200,train_logit_64,73984,1,1.0,dynamics_h_0p005_stage_2,09d81740c09e1434a4c78134a13a48b854f29cf5822e72d75983713cdb747963,deep_m0256_r1,validation_or_superseded
3,1024.0,deep,final_geometry_v15_20260930,4327fe4ece9317f6fd20fad18389a71e9b1f423b,False,32,6993.563185505599,0.29284070875981366,0.29284070875981366,9a99f49392e059203eb1e4be69ea410fde04e8caae11bda6cc9ef3bf1484dada,train_logit,0.005,470,full_posterior,256,128,819200,train_logit_80,73984,1,1.0,dynamics_h_0p005_stage_2,09d81740c09e1434a4c78134a13a48b854f29cf5822e72d75983713cdb747963,deep_m0256_r1,validation_or_superseded
3,1024.0,deep,final_geometry_v15_20260930,4327fe4ece9317f6fd20fad18389a71e9b1f423b,False,32,6584.497172520624,0.3110336212986786,0.3110336212986786,9a99f49392e059203eb1e4be69ea410fde04e8caae11bda6cc9ef3bf1484dada,train_logit,0.005,598,full_posterior,256,128,819200,train_logit_96,73984,1,1.0,dynamics_h_0p005_stage_2,09d81740c09e1434a4c78134a13a48b854f29cf5822e72d75983713cdb747963,deep_m0256_r1,validation_or_superseded
3,1024.0,deep,final_geometry_v15_20260930,4327fe4ece9317f6fd20fad18389a71e9b1f423b,False,32,6754.340570650438,0.303212427412848,0.303212427412848,9a99f49392e059203eb1e4be69ea410fde04e8caae11bda6cc9ef3bf1484dada,train_logit,0.005,972,full_posterior,256,128,819200,train_logit_112,73984,1,1.0,dynamics_h_0p005_stage_2,09d81740c09e1434a4c78134a13a48b854f29cf5822e72d75983713cdb747963,deep_m0256_r1,validation_or_superseded
3,1024.0,deep,final_geometry_v15_20260930,4327fe4ece9317f6fd20fad18389a71e9b1f423b,False,32,7083.116643279579,0.2891382569483916,0.2891382569483916,9a99f49392e059203eb1e4be69ea410fde04e8caae11bda6cc9ef3bf1484dada,test_probability,0.005,766,full_posterior,256,128,819200,test_prob_0,73984,1,1.0,dynamics_h_0p005_stage_2,09d81740c09e1434a4c78134a13a48b854f29cf5822e72d75983713cdb747963,deep_m0256_r1,validation_or_superseded
3,1024.0,deep,final_geometry_v15_20260930,4327fe4ece9317f6fd20fad18389a71e9b1f423b,False,32,6507.283239459783,0.31472427503709205,0.31472427503709205,9a99f49392e059203eb1e4be69ea410fde04e8caae11bda6cc9ef3bf1484dada,test_probability,0.005,476,full_posterior,256,128,819200,test_prob_128,73984,1,1.0,dynamics_h_0p005_stage_2,09d81740c09e1434a4c78134a13a48b854f29cf5822e72d75983713cdb747963,deep_m0256_r1,validation_or_superseded
3,1024.0,deep,final_geometry_v15_20260930,4327fe4ece9317f6fd20fad18389a71e9b1f423b,False,32,6292.231127312236,0.3254807330758073,0.3254807330758073,9a99f49392e059203eb1e4be69ea410fde04e8caae11bda6cc9ef3bf1484dada,test_probability,0.005,396,full_posterior,256,128,819200,test_prob_256,73984,1,1.0,dynamics_h_0p005_stage_2,09d81740c09e1434a4c78134a13a48b854f29cf5822e72d75983713cdb747963,deep_m0256_r1,validation_or_superseded
3,1024.0,deep,final_geometry_v15_20260930,4327fe4ece9317f6fd20fad18389a71e9b1f423b,False,32,6636.928619790424,0.3085764692260123,0.3085764692260123,9a99f49392e059203eb1e4be69ea410fde04e8caae11bda6cc9ef3bf1484dada,test_probability,0.005,432,full_posterior,256,128,819200,test_prob_384,73984,1,1.0,dynamics_h_0p005_stage_2,09d81740c09e1434a4c78134a13a48b854f29cf5822e72d75983713cdb747963,deep_m0256_r1,validation_or_superseded
3,1024.0,deep,final_geometry_v15_20260930,4327fe4ece9317f6fd20fad18389a71e9b1f423b,False,32,6094.964882287299,0.3360150615390311,0.3360150615390311,9a99f49392e059203eb1e4be69ea410fde04e8caae11bda6cc9ef3bf1484dada,test_probability,0.005,914,full_posterior,256,128,819200,test_prob_512,73984,1,1.0,dynamics_h_0p005_stage_2,09d81740c09e1434a4c78134a13a48b854f29cf5822e72d75983713cdb747963,deep_m0256_r1,validation_or_superseded
3,1024.0,deep,final_geometry_v15_20260930,4327fe4ece9317f6fd20fad18389a71e9b1f423b,False,32,6188.111118423012,0.33095721146680307,0.33095721146680307,9a99f49392e059203eb1e4be69ea410fde04e8caae11bda6cc9ef3bf1484dada,test_probability,0.005,610,full_posterior,256,128,819200,test_prob_640,73984,1,1.0,dynamics_h_0p005_stage_2,09d81740c09e1434a4c78134a13a48b854f29cf5822e72d75983713cdb747963,deep_m0256_r1,validation_or_superseded
3,1024.0,deep,final_geometry_v15_20260930,4327fe4ece9317f6fd20fad18389a71e9b1f423b,False,32,6602.942199602207,0.3101647626301168,0.3101647626301168,9a99f49392e059203eb1e4be69ea410fde04e8caae11bda6cc9ef3bf1484dada,test_probability,0.005,672,full_posterior,256,128,819200,test_prob_768,73984,1,1.0,dynamics_h_0p005_stage_2,09d81740c09e1434a4c78134a13a48b854f29cf5822e72d75983713cdb747963,deep_m0256_r1,validation_or_superseded
3,1024.0,deep,final_geometry_v15_20260930,4327fe4ece9317f6fd20fad18389a71e9b1f423b,False,32,6086.996209127824,0.33645494914698626,0.33645494914698626,9a99f49392e059203eb1e4be69ea410fde04e8caae11bda6cc9ef3bf1484dada,test_probability,0.005,462,full_posterior,256,128,819200,test_prob_896,73984,1,1.0,dynamics_h_0p005_stage_2,09d81740c09e1434a4c78134a13a48b854f29cf5822e72d75983713cdb747963,deep_m0256_r1,validation_or_superseded
3,1024.0,deep,final_geometry_v15_20260930,4327fe4ece9317f6fd20fad18389a71e9b1f423b,False,32,4035.8362802329902,0.5074536868680333,0.5074536868680333,9a99f49392e059203eb1e4be69ea410fde04e8caae11bda6cc9ef3bf1484dada,interaction,0.005,548,full_posterior,256,128,819200,interaction_0,73984,1,1.0,dynamics_h_0p005_stage_2,09d81740c09e1434a4c78134a13a48b854f29cf5822e72d75983713cdb747963,deep_m0256_r1,validation_or_superseded
3,1024.0,deep,final_geometry_v15_20260930,4327fe4ece9317f6fd20fad18389a71e9b1f423b,False,32,3841.2733513563485,0.5331565376040874,0.5331565376040874,9a99f49392e059203eb1e4be69ea410fde04e8caae11bda6cc9ef3bf1484dada,interaction,0.005,522,full_posterior,256,128,819200,interaction_1,73984,1,1.0,dynamics_h_0p005_stage_2,09d81740c09e1434a4c78134a13a48b854f29cf5822e72d75983713cdb747963,deep_m0256_r1,validation_or_superseded
3,1024.0,deep,final_geometry_v15_20260930,4327fe4ece9317f6fd20fad18389a71e9b1f423b,False,32,4154.067642278359,0.49301074906829023,0.49301074906829023,9a99f49392e059203eb1e4be69ea410fde04e8caae11bda6cc9ef3bf1484dada,interaction,0.005,794,full_posterior,256,128,819200,interaction_2,73984,1,1.0,dynamics_h_0p005_stage_2,09d81740c09e1434a4c78134a13a48b854f29cf5822e72d75983713cdb747963,deep_m0256_r1,validation_or_superseded
3,1024.0,deep,final_geometry_v15_20260930,4327fe4ece9317f6fd20fad18389a71e9b1f423b,False,32,4092.213838027492,0.500462605587387,0.500462605587387,9a99f49392e059203eb1e4be69ea410fde04e8caae11bda6cc9ef3bf1484dada,interaction,0.005,824,full_posterior,256,128,819200,interaction_3,73984,1,1.0,dynamics_h_0p005_stage_2,09d81740c09e1434a4c78134a13a48b854f29cf5822e72d75983713cdb747963,deep_m0256_r1,validation_or_superseded
3,1024.0,deep,final_geometry_v15_20260930,4327fe4ece9317f6fd20fad18389a71e9b1f423b,False,32,1462.023661991306,1.4007981219747034,1.4007981219747034,9a99f49392e059203eb1e4be69ea410fde04e8caae11bda6cc9ef3bf1484dada,control,0.005,2478,full_posterior,256,128,819200,q_A,73984,1,1.0,dynamics_h_0p005_stage_2,09d81740c09e1434a4c78134a13a48b854f29cf5822e72d75983713cdb747963,deep_m0256_r1,validation_or_superseded
3,1024.0,deep,final_geometry_v15_20260930,4327fe4ece9317f6fd20fad18389a71e9b1f423b,False,32,1972.933512309649,1.0380481588568453,1.0380481588568453,9a99f49392e059203eb1e4be69ea410fde04e8caae11bda6cc9ef3bf1484dada,control,0.005,1006,full_posterior,256,128,819200,q_W,73984,1,1.0,dynamics_h_0p005_stage_2,09d81740c09e1434a4c78134a13a48b854f29cf5822e72d75983713cdb747963,deep_m0256_r1,validation_or_superseded
3,1024.0,deep,final_geometry_v15_20260930,4327fe4ece9317f6fd20fad18389a71e9b1f423b,False,32,3810.0792462029935,0.5375216282026084,0.5375216282026084,9a99f49392e059203eb1e4be69ea410fde04e8caae11bda6cc9ef3bf1484dada,control,0.005,724,full_posterior,256,128,819200,U,73984,1,1.0,dynamics_h_0p005_stage_2,09d81740c09e1434a4c78134a13a48b854f29cf5822e72d75983713cdb747963,deep_m0256_r1,validation_or_superseded
3,1024.0,deep,final_geometry_v15_20260930,4327fe4ece9317f6fd20fad18389a71e9b1f423b,False,32,5846.268924590538,0.3503088938289712,0.3503088938289712,2ac399a694d6b5748b586b11b769180516ed4e5afbe0a19c5625d293f9199a18,loss,0.01,358,full_posterior,256,128,409600,V,73984,1,1.0,dynamics_h_0p01_stage_2,09d81740c09e1434a4c78134a13a48b854f29cf5822e72d75983713cdb747963,deep_m0256_r1,production_final
3,1024.0,deep,final_geometry_v15_20260930,4327fe4ece9317f6fd20fad18389a71e9b1f423b,False,32,6557.665403906779,0.31230626661431804,0.31230626661431804,2ac399a694d6b5748b586b11b769180516ed4e5afbe0a19c5625d293f9199a18,train_logit,0.01,248,full_posterior,256,128,409600,train_logit_0,73984,1,1.0,dynamics_h_0p01_stage_2,09d81740c09e1434a4c78134a13a48b854f29cf5822e72d75983713cdb747963,deep_m0256_r1,production_final
3,1024.0,deep,final_geometry_v15_20260930,4327fe4ece9317f6fd20fad18389a71e9b1f423b,False,32,7137.054841764483,0.2869530983586608,0.2869530983586608,2ac399a694d6b5748b586b11b769180516ed4e5afbe0a19c5625d293f9199a18,train_logit,0.01,216,full_posterior,256,128,409600,train_logit_16,73984,1,1.0,dynamics_h_0p01_stage_2,09d81740c09e1434a4c78134a13a48b854f29cf5822e72d75983713cdb747963,deep_m0256_r1,production_final
3,1024.0,deep,final_geometry_v15_20260930,4327fe4ece9317f6fd20fad18389a71e9b1f423b,False,32,7173.985812670353,0.2854758921299955,0.2854758921299955,2ac399a694d6b5748b586b11b769180516ed4e5afbe0a19c5625d293f9199a18,train_logit,0.01,218,full_posterior,256,128,409600,train_logit_32,73984,1,1.0,dynamics_h_0p01_stage_2,09d81740c09e1434a4c78134a13a48b854f29cf5822e72d75983713cdb747963,deep_m0256_r1,production_final
3,1024.0,deep,final_geometry_v15_20260930,4327fe4ece9317f6fd20fad18389a71e9b1f423b,False,32,6839.889861295725,0.2994200259844585,0.2994200259844585,2ac399a694d6b5748b586b11b769180516ed4e5afbe0a19c5625d293f9199a18,train_logit,0.01,216,full_posterior,256,128,409600,train_logit_48,73984,1,1.0,dynamics_h_0p01_stage_2,09d81740c09e1434a4c78134a13a48b854f29cf5822e72d75983713cdb747963,deep_m0256_r1,production_final
3,1024.0,deep,final_geometry_v15_20260930,4327fe4ece9317f6fd20fad18389a71e9b1f423b,False,32,6620.72198218085,0.3093318229510362,0.3093318229510362,2ac399a694d6b5748b586b11b769180516ed4e5afbe0a19c5625d293f9199a18,train_logit,0.01,228,full_posterior,256,128,409600,train_logit_64,73984,1,1.0,dynamics_h_0p01_stage_2,09d81740c09e1434a4c78134a13a48b854f29cf5822e72d75983713cdb747963,deep_m0256_r1,production_final
3,1024.0,deep,final_geometry_v15_20260930,4327fe4ece9317f6fd20fad18389a71e9b1f423b,False,32,7149.843580095952,0.28643983285191194,0.28643983285191194,2ac399a694d6b5748b586b11b769180516ed4e5afbe0a19c5625d293f9199a18,train_logit,0.01,198,full_posterior,256,128,409600,train_logit_80,73984,1,1.0,dynamics_h_0p01_stage_2,09d81740c09e1434a4c78134a13a48b854f29cf5822e72d75983713cdb747963,deep_m0256_r1,production_final
3,1024.0,deep,final_geometry_v15_20260930,4327fe4ece9317f6fd20fad18389a71e9b1f423b,False,32,6584.836924341989,0.3110175731807744,0.3110175731807744,2ac399a694d6b5748b586b11b769180516ed4e5afbe0a19c5625d293f9199a18,train_logit,0.01,312,full_posterior,256,128,409600,train_logit_96,73984,1,1.0,dynamics_h_0p01_stage_2,09d81740c09e1434a4c78134a13a48b854f29cf5822e72d75983713cdb747963,deep_m0256_r1,production_final
3,1024.0,deep,final_geometry_v15_20260930,4327fe4ece9317f6fd20fad18389a71e9b1f423b,False,32,6666.374198593068,0.3072134775200931,0.3072134775200931,2ac399a694d6b5748b586b11b769180516ed4e5afbe0a19c5625d293f9199a18,train_logit,0.01,360,full_posterior,256,128,409600,train_logit_112,73984,1,1.0,dynamics_h_0p01_stage_2,09d81740c09e1434a4c78134a13a48b854f29cf5822e72d75983713cdb747963,deep_m0256_r1,production_final
3,1024.0,deep,final_geometry_v15_20260930,4327fe4ece9317f6fd20fad18389a71e9b1f423b,False,32,6052.955155003934,0.33834712922115956,0.33834712922115956,2ac399a694d6b5748b586b11b769180516ed4e5afbe0a19c5625d293f9199a18,test_probability,0.01,396,full_posterior,256,128,409600,test_prob_0,73984,1,1.0,dynamics_h_0p01_stage_2,09d81740c09e1434a4c78134a13a48b854f29cf5822e72d75983713cdb747963,deep_m0256_r1,production_final
3,1024.0,deep,final_geometry_v15_20260930,4327fe4ece9317f6fd20fad18389a71e9b1f423b,False,32,6342.8148256836685,0.32288503705123595,0.32288503705123595,2ac399a694d6b5748b586b11b769180516ed4e5afbe0a19c5625d293f9199a18,test_probability,0.01,290,full_posterior,256,128,409600,test_prob_128,73984,1,1.0,dynamics_h_0p01_stage_2,09d81740c09e1434a4c78134a13a48b854f29cf5822e72d75983713cdb747963,deep_m0256_r1,production_final
3,1024.0,deep,final_geometry_v15_20260930,4327fe4ece9317f6fd20fad18389a71e9b1f423b,False,32,6083.151722999102,0.3366675850376948,0.3366675850376948,2ac399a694d6b5748b586b11b769180516ed4e5afbe0a19c5625d293f9199a18,test_probability,0.01,368,full_posterior,256,128,409600,test_prob_256,73984,1,1.0,dynamics_h_0p01_stage_2,09d81740c09e1434a4c78134a13a48b854f29cf5822e72d75983713cdb747963,deep_m0256_r1,production_final
3,1024.0,deep,final_geometry_v15_20260930,4327fe4ece9317f6fd20fad18389a71e9b1f423b,False,32,6692.735519610172,0.30600342625212373,0.30600342625212373,2ac399a694d6b5748b586b11b769180516ed4e5afbe0a19c5625d293f9199a18,test_probability,0.01,284,full_posterior,256,128,409600,test_prob_384,73984,1,1.0,dynamics_h_0p01_stage_2,09d81740c09e1434a4c78134a13a48b854f29cf5822e72d75983713cdb747963,deep_m0256_r1,production_final
3,1024.0,deep,final_geometry_v15_20260930,4327fe4ece9317f6fd20fad18389a71e9b1f423b,False,32,6664.550554705942,0.3072975414004288,0.3072975414004288,2ac399a694d6b5748b586b11b769180516ed4e5afbe0a19c5625d293f9199a18,test_probability,0.01,180,full_posterior,256,128,409600,test_prob_512,73984,1,1.0,dynamics_h_0p01_stage_2,09d81740c09e1434a4c78134a13a48b854f29cf5822e72d75983713cdb747963,deep_m0256_r1,production_final
3,1024.0,deep,final_geometry_v15_20260930,4327fe4ece9317f6fd20fad18389a71e9b1f423b,False,32,6048.938026841484,0.33857182713928125,0.33857182713928125,2ac399a694d6b5748b586b11b769180516ed4e5afbe0a19c5625d293f9199a18,test_probability,0.01,266,full_posterior,256,128,409600,test_prob_640,73984,1,1.0,dynamics_h_0p01_stage_2,09d81740c09e1434a4c78134a13a48b854f29cf5822e72d75983713cdb747963,deep_m0256_r1,production_final
3,1024.0,deep,final_geometry_v15_20260930,4327fe4ece9317f6fd20fad18389a71e9b1f423b,False,32,6421.660868217423,0.3189206097967769,0.3189206097967769,2ac399a694d6b5748b586b11b769180516ed4e5afbe0a19c5625d293f9199a18,test_probability,0.01,248,full_posterior,256,128,409600,test_prob_768,73984,1,1.0,dynamics_h_0p01_stage_2,09d81740c09e1434a4c78134a13a48b854f29cf5822e72d75983713cdb747963,deep_m0256_r1,production_final
3,1024.0,deep,final_geometry_v15_20260930,4327fe4ece9317f6fd20fad18389a71e9b1f423b,False,32,6091.976855498461,0.33617987208069056,0.33617987208069056,2ac399a694d6b5748b586b11b769180516ed4e5afbe0a19c5625d293f9199a18,test_probability,0.01,274,full_posterior,256,128,409600,test_prob_896,73984,1,1.0,dynamics_h_0p01_stage_2,09d81740c09e1434a4c78134a13a48b854f29cf5822e72d75983713cdb747963,deep_m0256_r1,production_final
3,1024.0,deep,final_geometry_v15_20260930,4327fe4ece9317f6fd20fad18389a71e9b1f423b,False,32,4181.019264746557,0.48983271071441586,0.48983271071441586,2ac399a694d6b5748b586b11b769180516ed4e5afbe0a19c5625d293f9199a18,interaction,0.01,268,full_posterior,256,128,409600,interaction_0,73984,1,1.0,dynamics_h_0p01_stage_2,09d81740c09e1434a4c78134a13a48b854f29cf5822e72d75983713cdb747963,deep_m0256_r1,production_final
3,1024.0,deep,final_geometry_v15_20260930,4327fe4ece9317f6fd20fad18389a71e9b1f423b,False,32,3862.094846146332,0.5302821607407004,0.5302821607407004,2ac399a694d6b5748b586b11b769180516ed4e5afbe0a19c5625d293f9199a18,interaction,0.01,564,full_posterior,256,128,409600,interaction_1,73984,1,1.0,dynamics_h_0p01_stage_2,09d81740c09e1434a4c78134a13a48b854f29cf5822e72d75983713cdb747963,deep_m0256_r1,production_final
3,1024.0,deep,final_geometry_v15_20260930,4327fe4ece9317f6fd20fad18389a71e9b1f423b,False,32,3681.8612561623754,0.5562404060099325,0.5562404060099325,2ac399a694d6b5748b586b11b769180516ed4e5afbe0a19c5625d293f9199a18,interaction,0.01,318,full_posterior,256,128,409600,interaction_2,73984,1,1.0,dynamics_h_0p01_stage_2,09d81740c09e1434a4c78134a13a48b854f29cf5822e72d75983713cdb747963,deep_m0256_r1,production_final
3,1024.0,deep,final_geometry_v15_20260930,4327fe4ece9317f6fd20fad18389a71e9b1f423b,False,32,4016.8592896458595,0.5098510682908584,0.5098510682908584,2ac399a694d6b5748b586b11b769180516ed4e5afbe0a19c5625d293f9199a18,interaction,0.01,514,full_posterior,256,128,409600,interaction_3,73984,1,1.0,dynamics_h_0p01_stage_2,09d81740c09e1434a4c78134a13a48b854f29cf5822e72d75983713cdb747963,deep_m0256_r1,production_final
3,1024.0,deep,final_geometry_v15_20260930,4327fe4ece9317f6fd20fad18389a71e9b1f423b,False,32,1794.635339368537,1.1411789097614742,1.1411789097614742,2ac399a694d6b5748b586b11b769180516ed4e5afbe0a19c5625d293f9199a18,control,0.01,912,full_posterior,256,128,409600,q_A,73984,1,1.0,dynamics_h_0p01_stage_2,09d81740c09e1434a4c78134a13a48b854f29cf5822e72d75983713cdb747963,deep_m0256_r1,production_final
3,1024.0,deep,final_geometry_v15_20260930,4327fe4ece9317f6fd20fad18389a71e9b1f423b,False,32,2020.1177798878311,1.013802274495954,1.013802274495954,2ac399a694d6b5748b586b11b769180516ed4e5afbe0a19c5625d293f9199a18,control,0.01,512,full_posterior,256,128,409600,q_W,73984,1,1.0,dynamics_h_0p01_stage_2,09d81740c09e1434a4c78134a13a48b854f29cf5822e72d75983713cdb747963,deep_m0256_r1,production_final
3,1024.0,deep,final_geometry_v15_20260930,4327fe4ece9317f6fd20fad18389a71e9b1f423b,False,32,4208.876368450619,0.48659067663560623,0.48659067663560623,2ac399a694d6b5748b586b11b769180516ed4e5afbe0a19c5625d293f9199a18,control,0.01,248,full_posterior,256,128,409600,U,73984,1,1.0,dynamics_h_0p01_stage_2,09d81740c09e1434a4c78134a13a48b854f29cf5822e72d75983713cdb747963,deep_m0256_r1,production_final
3,1024.0,deep,final_geometry_v15_20260930,4327fe4ece9317f6fd20fad18389a71e9b1f423b,False,32,6423.900023593463,0.31880944480427487,0.31880944480427487,7cfa7e8b29fae67e3294d80a4eb2cfaabb995e2ef545b027eae0c944d67f2d07,loss,0.02,110,full_posterior,256,128,204800,V,73984,1,1.0,dynamics_h_0p02_stage_2,09d81740c09e1434a4c78134a13a48b854f29cf5822e72d75983713cdb747963,deep_m0256_r1,validation_or_superseded
3,1024.0,deep,final_geometry_v15_20260930,4327fe4ece9317f6fd20fad18389a71e9b1f423b,False,32,6501.213934229232,0.31501809057800306,0.31501809057800306,7cfa7e8b29fae67e3294d80a4eb2cfaabb995e2ef545b027eae0c944d67f2d07,train_logit,0.02,258,full_posterior,256,128,204800,train_logit_0,73984,1,1.0,dynamics_h_0p02_stage_2,09d81740c09e1434a4c78134a13a48b854f29cf5822e72d75983713cdb747963,deep_m0256_r1,validation_or_superseded
3,1024.0,deep,final_geometry_v15_20260930,4327fe4ece9317f6fd20fad18389a71e9b1f423b,False,32,7140.173985095814,0.28682774457246196,0.28682774457246196,7cfa7e8b29fae67e3294d80a4eb2cfaabb995e2ef545b027eae0c944d67f2d07,train_logit,0.02,88,full_posterior,256,128,204800,train_logit_16,73984,1,1.0,dynamics_h_0p02_stage_2,09d81740c09e1434a4c78134a13a48b854f29cf5822e72d75983713cdb747963,deep_m0256_r1,validation_or_superseded
3,1024.0,deep,final_geometry_v15_20260930,4327fe4ece9317f6fd20fad18389a71e9b1f423b,False,32,6878.664758725775,0.29773220120984323,0.29773220120984323,7cfa7e8b29fae67e3294d80a4eb2cfaabb995e2ef545b027eae0c944d67f2d07,train_logit,0.02,124,full_posterior,256,128,204800,train_logit_32,73984,1,1.0,dynamics_h_0p02_stage_2,09d81740c09e1434a4c78134a13a48b854f29cf5822e72d75983713cdb747963,deep_m0256_r1,validation_or_superseded
3,1024.0,deep,final_geometry_v15_20260930,4327fe4ece9317f6fd20fad18389a71e9b1f423b,False,32,6430.771045295304,0.31846880966137003,0.31846880966137003,7cfa7e8b29fae67e3294d80a4eb2cfaabb995e2ef545b027eae0c944d67f2d07,train_logit,0.02,230,full_posterior,256,128,204800,train_logit_48,73984,1,1.0,dynamics_h_0p02_stage_2,09d81740c09e1434a4c78134a13a48b854f29cf5822e72d75983713cdb747963,deep_m0256_r1,validation_or_superseded
3,1024.0,deep,final_geometry_v15_20260930,4327fe4ece9317f6fd20fad18389a71e9b1f423b,False,32,6633.082141793426,0.3087554105648796,0.3087554105648796,7cfa7e8b29fae67e3294d80a4eb2cfaabb995e2ef545b027eae0c944d67f2d07,train_logit,0.02,100,full_posterior,256,128,204800,train_logit_64,73984,1,1.0,dynamics_h_0p02_stage_2,09d81740c09e1434a4c78134a13a48b854f29cf5822e72d75983713cdb747963,deep_m0256_r1,validation_or_superseded
3,1024.0,deep,final_geometry_v15_20260930,4327fe4ece9317f6fd20fad18389a71e9b1f423b,False,32,6645.942166388088,0.30815796296840775,0.30815796296840775,7cfa7e8b29fae67e3294d80a4eb2cfaabb995e2ef545b027eae0c944d67f2d07,train_logit,0.02,102,full_posterior,256,128,204800,train_logit_80,73984,1,1.0,dynamics_h_0p02_stage_2,09d81740c09e1434a4c78134a13a48b854f29cf5822e72d75983713cdb747963,deep_m0256_r1,validation_or_superseded
3,1024.0,deep,final_geometry_v15_20260930,4327fe4ece9317f6fd20fad18389a71e9b1f423b,False,32,6368.5279294511065,0.3215813799809329,0.3215813799809329,7cfa7e8b29fae67e3294d80a4eb2cfaabb995e2ef545b027eae0c944d67f2d07,train_logit,0.02,142,full_posterior,256,128,204800,train_logit_96,73984,1,1.0,dynamics_h_0p02_stage_2,09d81740c09e1434a4c78134a13a48b854f29cf5822e72d75983713cdb747963,deep_m0256_r1,validation_or_superseded
3,1024.0,deep,final_geometry_v15_20260930,4327fe4ece9317f6fd20fad18389a71e9b1f423b,False,32,6610.250722741039,0.3098218336793686,0.3098218336793686,7cfa7e8b29fae67e3294d80a4eb2cfaabb995e2ef545b027eae0c944d67f2d07,train_logit,0.02,104,full_posterior,256,128,204800,train_logit_112,73984,1,1.0,dynamics_h_0p02_stage_2,09d81740c09e1434a4c78134a13a48b854f29cf5822e72d75983713cdb747963,deep_m0256_r1,validation_or_superseded
3,1024.0,deep,final_geometry_v15_20260930,4327fe4ece9317f6fd20fad18389a71e9b1f423b,False,32,6346.332446083405,0.322706069592038,0.322706069592038,7cfa7e8b29fae67e3294d80a4eb2cfaabb995e2ef545b027eae0c944d67f2d07,test_probability,0.02,372,full_posterior,256,128,204800,test_prob_0,73984,1,1.0,dynamics_h_0p02_stage_2,09d81740c09e1434a4c78134a13a48b854f29cf5822e72d75983713cdb747963,deep_m0256_r1,validation_or_superseded
3,1024.0,deep,final_geometry_v15_20260930,4327fe4ece9317f6fd20fad18389a71e9b1f423b,False,32,5962.854955745427,0.34345963723747425,0.34345963723747425,7cfa7e8b29fae67e3294d80a4eb2cfaabb995e2ef545b027eae0c944d67f2d07,test_probability,0.02,126,full_posterior,256,128,204800,test_prob_128,73984,1,1.0,dynamics_h_0p02_stage_2,09d81740c09e1434a4c78134a13a48b854f29cf5822e72d75983713cdb747963,deep_m0256_r1,validation_or_superseded
3,1024.0,deep,final_geometry_v15_20260930,4327fe4ece9317f6fd20fad18389a71e9b1f423b,False,32,6210.253025298842,0.32977722351360217,0.32977722351360217,7cfa7e8b29fae67e3294d80a4eb2cfaabb995e2ef545b027eae0c944d67f2d07,test_probability,0.02,128,full_posterior,256,128,204800,test_prob_256,73984,1,1.0,dynamics_h_0p02_stage_2,09d81740c09e1434a4c78134a13a48b854f29cf5822e72d75983713cdb747963,deep_m0256_r1,validation_or_superseded
3,1024.0,deep,final_geometry_v15_20260930,4327fe4ece9317f6fd20fad18389a71e9b1f423b,False,32,7002.355986665138,0.2924729910761588,0.2924729910761588,7cfa7e8b29fae67e3294d80a4eb2cfaabb995e2ef545b027eae0c944d67f2d07,test_probability,0.02,92,full_posterior,256,128,204800,test_prob_384,73984,1,1.0,dynamics_h_0p02_stage_2,09d81740c09e1434a4c78134a13a48b854f29cf5822e72d75983713cdb747963,deep_m0256_r1,validation_or_superseded
3,1024.0,deep,final_geometry_v15_20260930,4327fe4ece9317f6fd20fad18389a71e9b1f423b,False,32,5920.746267138409,0.34590234196775177,0.34590234196775177,7cfa7e8b29fae67e3294d80a4eb2cfaabb995e2ef545b027eae0c944d67f2d07,test_probability,0.02,280,full_posterior,256,128,204800,test_prob_512,73984,1,1.0,dynamics_h_0p02_stage_2,09d81740c09e1434a4c78134a13a48b854f29cf5822e72d75983713cdb747963,deep_m0256_r1,validation_or_superseded
3,1024.0,deep,final_geometry_v15_20260930,4327fe4ece9317f6fd20fad18389a71e9b1f423b,False,32,6050.790833629336,0.33846815338873404,0.33846815338873404,7cfa7e8b29fae67e3294d80a4eb2cfaabb995e2ef545b027eae0c944d67f2d07,test_probability,0.02,134,full_posterior,256,128,204800,test_prob_640,73984,1,1.0,dynamics_h_0p02_stage_2,09d81740c09e1434a4c78134a13a48b854f29cf5822e72d75983713cdb747963,deep_m0256_r1,validation_or_superseded
3,1024.0,deep,final_geometry_v15_20260930,4327fe4ece9317f6fd20fad18389a71e9b1f423b,False,32,6042.0854085185265,0.3389558176573598,0.3389558176573598,7cfa7e8b29fae67e3294d80a4eb2cfaabb995e2ef545b027eae0c944d67f2d07,test_probability,0.02,156,full_posterior,256,128,204800,test_prob_768,73984,1,1.0,dynamics_h_0p02_stage_2,09d81740c09e1434a4c78134a13a48b854f29cf5822e72d75983713cdb747963,deep_m0256_r1,validation_or_superseded
3,1024.0,deep,final_geometry_v15_20260930,4327fe4ece9317f6fd20fad18389a71e9b1f423b,False,32,6125.058880144207,0.3343641326680246,0.3343641326680246,7cfa7e8b29fae67e3294d80a4eb2cfaabb995e2ef545b027eae0c944d67f2d07,test_probability,0.02,176,full_posterior,256,128,204800,test_prob_896,73984,1,1.0,dynamics_h_0p02_stage_2,09d81740c09e1434a4c78134a13a48b854f29cf5822e72d75983713cdb747963,deep_m0256_r1,validation_or_superseded
3,1024.0,deep,final_geometry_v15_20260930,4327fe4ece9317f6fd20fad18389a71e9b1f423b,False,32,3552.9733361143353,0.5764186235745212,0.5764186235745212,7cfa7e8b29fae67e3294d80a4eb2cfaabb995e2ef545b027eae0c944d67f2d07,interaction,0.02,192,full_posterior,256,128,204800,interaction_0,73984,1,1.0,dynamics_h_0p02_stage_2,09d81740c09e1434a4c78134a13a48b854f29cf5822e72d75983713cdb747963,deep_m0256_r1,validation_or_superseded
3,1024.0,deep,final_geometry_v15_20260930,4327fe4ece9317f6fd20fad18389a71e9b1f423b,False,32,3886.436867752951,0.5269608306243005,0.5269608306243005,7cfa7e8b29fae67e3294d80a4eb2cfaabb995e2ef545b027eae0c944d67f2d07,interaction,0.02,106,full_posterior,256,128,204800,interaction_1,73984,1,1.0,dynamics_h_0p02_stage_2,09d81740c09e1434a4c78134a13a48b854f29cf5822e72d75983713cdb747963,deep_m0256_r1,validation_or_superseded
3,1024.0,deep,final_geometry_v15_20260930,4327fe4ece9317f6fd20fad18389a71e9b1f423b,False,32,4332.885451121373,0.4726642379779431,0.4726642379779431,7cfa7e8b29fae67e3294d80a4eb2cfaabb995e2ef545b027eae0c944d67f2d07,interaction,0.02,92,full_posterior,256,128,204800,interaction_2,73984,1,1.0,dynamics_h_0p02_stage_2,09d81740c09e1434a4c78134a13a48b854f29cf5822e72d75983713cdb747963,deep_m0256_r1,validation_or_superseded
3,1024.0,deep,final_geometry_v15_20260930,4327fe4ece9317f6fd20fad18389a71e9b1f423b,False,32,4038.6756223861084,0.5070969276779925,0.5070969276779925,7cfa7e8b29fae67e3294d80a4eb2cfaabb995e2ef545b027eae0c944d67f2d07,interaction,0.02,114,full_posterior,256,128,204800,interaction_3,73984,1,1.0,dynamics_h_0p02_stage_2,09d81740c09e1434a4c78134a13a48b854f29cf5822e72d75983713cdb747963,deep_m0256_r1,validation_or_superseded
3,1024.0,deep,final_geometry_v15_20260930,4327fe4ece9317f6fd20fad18389a71e9b1f423b,False,32,1884.6549220950708,1.086671080201434,1.086671080201434,7cfa7e8b29fae67e3294d80a4eb2cfaabb995e2ef545b027eae0c944d67f2d07,control,0.02,296,full_posterior,256,128,204800,q_A,73984,1,1.0,dynamics_h_0p02_stage_2,09d81740c09e1434a4c78134a13a48b854f29cf5822e72d75983713cdb747963,deep_m0256_r1,validation_or_superseded
3,1024.0,deep,final_geometry_v15_20260930,4327fe4ece9317f6fd20fad18389a71e9b1f423b,False,32,1707.4911761941453,1.1994205466787948,1.1994205466787948,7cfa7e8b29fae67e3294d80a4eb2cfaabb995e2ef545b027eae0c944d67f2d07,control,0.02,414,full_posterior,256,128,204800,q_W,73984,1,1.0,dynamics_h_0p02_stage_2,09d81740c09e1434a4c78134a13a48b854f29cf5822e72d75983713cdb747963,deep_m0256_r1,validation_or_superseded
3,1024.0,deep,final_geometry_v15_20260930,4327fe4ece9317f6fd20fad18389a71e9b1f423b,False,32,4075.919723782999,0.5024632816122252,0.5024632816122252,7cfa7e8b29fae67e3294d80a4eb2cfaabb995e2ef545b027eae0c944d67f2d07,control,0.02,186,full_posterior,256,128,204800,U,73984,1,1.0,dynamics_h_0p02_stage_2,09d81740c09e1434a4c78134a13a48b854f29cf5822e72d75983713cdb747963,deep_m0256_r1,validation_or_superseded
3,1024.0,deep,final_geometry_v15_20260930,4327fe4ece9317f6fd20fad18389a71e9b1f423b,False,32,7066.37450954069,0.28982330291649355,0.28982330291649355,b87bdc458bdf9e0e4eb86743074196f2bbad2539d9cd47dea556960456af0524,loss,0.005,416,full_posterior,256,128,819200,V,73984,2,1.0,dynamics_h_0p005_stage_2,7d2b17335b5ae481f00e8793369fbe114f3ea563c80b91b01102266c3ab73d1e,deep_m0256_r2,validation_or_superseded
3,1024.0,deep,final_geometry_v15_20260930,4327fe4ece9317f6fd20fad18389a71e9b1f423b,False,32,6473.764811520266,0.31635378479544396,0.31635378479544396,b87bdc458bdf9e0e4eb86743074196f2bbad2539d9cd47dea556960456af0524,train_logit,0.005,542,full_posterior,256,128,819200,train_logit_0,73984,2,1.0,dynamics_h_0p005_stage_2,7d2b17335b5ae481f00e8793369fbe114f3ea563c80b91b01102266c3ab73d1e,deep_m0256_r2,validation_or_superseded
3,1024.0,deep,final_geometry_v15_20260930,4327fe4ece9317f6fd20fad18389a71e9b1f423b,False,32,6614.3460870402205,0.30963000318546025,0.30963000318546025,b87bdc458bdf9e0e4eb86743074196f2bbad2539d9cd47dea556960456af0524,train_logit,0.005,570,full_posterior,256,128,819200,train_logit_16,73984,2,1.0,dynamics_h_0p005_stage_2,7d2b17335b5ae481f00e8793369fbe114f3ea563c80b91b01102266c3ab73d1e,deep_m0256_r2,validation_or_superseded
3,1024.0,deep,final_geometry_v15_20260930,4327fe4ece9317f6fd20fad18389a71e9b1f423b,False,32,6823.161840362014,0.3001540998024077,0.3001540998024077,b87bdc458bdf9e0e4eb86743074196f2bbad2539d9cd47dea556960456af0524,train_logit,0.005,482,full_posterior,256,128,819200,train_logit_32,73984,2,1.0,dynamics_h_0p005_stage_2,7d2b17335b5ae481f00e8793369fbe114f3ea563c80b91b01102266c3ab73d1e,deep_m0256_r2,validation_or_superseded
3,1024.0,deep,final_geometry_v15_20260930,4327fe4ece9317f6fd20fad18389a71e9b1f423b,False,32,6602.518273633025,0.3101846772887599,0.3101846772887599,b87bdc458bdf9e0e4eb86743074196f2bbad2539d9cd47dea556960456af0524,train_logit,0.005,436,full_posterior,256,128,819200,train_logit_48,73984,2,1.0,dynamics_h_0p005_stage_2,7d2b17335b5ae481f00e8793369fbe114f3ea563c80b91b01102266c3ab73d1e,deep_m0256_r2,validation_or_superseded
3,1024.0,deep,final_geometry_v15_20260930,4327fe4ece9317f6fd20fad18389a71e9b1f423b,False,32,6843.402643580726,0.29926633089769644,0.29926633089769644,b87bdc458bdf9e0e4eb86743074196f2bbad2539d9cd47dea556960456af0524,train_logit,0.005,322,full_posterior,256,128,819200,train_logit_64,73984,2,1.0,dynamics_h_0p005_stage_2,7d2b17335b5ae481f00e8793369fbe114f3ea563c80b91b01102266c3ab73d1e,deep_m0256_r2,validation_or_superseded
3,1024.0,deep,final_geometry_v15_20260930,4327fe4ece9317f6fd20fad18389a71e9b1f423b,False,32,7039.236225022129,0.29094065528303276,0.29094065528303276,b87bdc458bdf9e0e4eb86743074196f2bbad2539d9cd47dea556960456af0524,train_logit,0.005,470,full_posterior,256,128,819200,train_logit_80,73984,2,1.0,dynamics_h_0p005_stage_2,7d2b17335b5ae481f00e8793369fbe114f3ea563c80b91b01102266c3ab73d1e,deep_m0256_r2,validation_or_superseded
3,1024.0,deep,final_geometry_v15_20260930,4327fe4ece9317f6fd20fad18389a71e9b1f423b,False,32,6272.912809784658,0.3264830967848739,0.3264830967848739,b87bdc458bdf9e0e4eb86743074196f2bbad2539d9cd47dea556960456af0524,train_logit,0.005,916,full_posterior,256,128,819200,train_logit_96,73984,2,1.0,dynamics_h_0p005_stage_2,7d2b17335b5ae481f00e8793369fbe114f3ea563c80b91b01102266c3ab73d1e,deep_m0256_r2,validation_or_superseded
3,1024.0,deep,final_geometry_v15_20260930,4327fe4ece9317f6fd20fad18389a71e9b1f423b,False,32,7590.890437652828,0.26979707016206916,0.26979707016206916,b87bdc458bdf9e0e4eb86743074196f2bbad2539d9cd47dea556960456af0524,train_logit,0.005,422,full_posterior,256,128,819200,train_logit_112,73984,2,1.0,dynamics_h_0p005_stage_2,7d2b17335b5ae481f00e8793369fbe114f3ea563c80b91b01102266c3ab73d1e,deep_m0256_r2,validation_or_superseded
3,1024.0,deep,final_geometry_v15_20260930,4327fe4ece9317f6fd20fad18389a71e9b1f423b,False,32,7078.998235852941,0.2893064713065631,0.2893064713065631,b87bdc458bdf9e0e4eb86743074196f2bbad2539d9cd47dea556960456af0524,test_probability,0.005,492,full_posterior,256,128,819200,test_prob_0,73984,2,1.0,dynamics_h_0p005_stage_2,7d2b17335b5ae481f00e8793369fbe114f3ea563c80b91b01102266c3ab73d1e,deep_m0256_r2,validation_or_superseded
3,1024.0,deep,final_geometry_v15_20260930,4327fe4ece9317f6fd20fad18389a71e9b1f423b,False,32,6762.87950994928,0.3028295856797483,0.3028295856797483,b87bdc458bdf9e0e4eb86743074196f2bbad2539d9cd47dea556960456af0524,test_probability,0.005,602,full_posterior,256,128,819200,test_prob_128,73984,2,1.0,dynamics_h_0p005_stage_2,7d2b17335b5ae481f00e8793369fbe114f3ea563c80b91b01102266c3ab73d1e,deep_m0256_r2,validation_or_superseded
3,1024.0,deep,final_geometry_v15_20260930,4327fe4ece9317f6fd20fad18389a71e9b1f423b,False,32,6557.451895108762,0.3123164352189322,0.3123164352189322,b87bdc458bdf9e0e4eb86743074196f2bbad2539d9cd47dea556960456af0524,test_probability,0.005,444,full_posterior,256,128,819200,test_prob_256,73984,2,1.0,dynamics_h_0p005_stage_2,7d2b17335b5ae481f00e8793369fbe114f3ea563c80b91b01102266c3ab73d1e,deep_m0256_r2,validation_or_superseded
3,1024.0,deep,final_geometry_v15_20260930,4327fe4ece9317f6fd20fad18389a71e9b1f423b,False,32,6508.212619925597,0.3146793320380816,0.3146793320380816,b87bdc458bdf9e0e4eb86743074196f2bbad2539d9cd47dea556960456af0524,test_probability,0.005,752,full_posterior,256,128,819200,test_prob_384,73984,2,1.0,dynamics_h_0p005_stage_2,7d2b17335b5ae481f00e8793369fbe114f3ea563c80b91b01102266c3ab73d1e,deep_m0256_r2,validation_or_superseded
3,1024.0,deep,final_geometry_v15_20260930,4327fe4ece9317f6fd20fad18389a71e9b1f423b,False,32,6874.735712928507,0.2979023609807381,0.2979023609807381,b87bdc458bdf9e0e4eb86743074196f2bbad2539d9cd47dea556960456af0524,test_probability,0.005,318,full_posterior,256,128,819200,test_prob_512,73984,2,1.0,dynamics_h_0p005_stage_2,7d2b17335b5ae481f00e8793369fbe114f3ea563c80b91b01102266c3ab73d1e,deep_m0256_r2,validation_or_superseded
3,1024.0,deep,final_geometry_v15_20260930,4327fe4ece9317f6fd20fad18389a71e9b1f423b,False,32,6441.120594199553,0.31795709613701273,0.31795709613701273,b87bdc458bdf9e0e4eb86743074196f2bbad2539d9cd47dea556960456af0524,test_probability,0.005,402,full_posterior,256,128,819200,test_prob_640,73984,2,1.0,dynamics_h_0p005_stage_2,7d2b17335b5ae481f00e8793369fbe114f3ea563c80b91b01102266c3ab73d1e,deep_m0256_r2,validation_or_superseded
3,1024.0,deep,final_geometry_v15_20260930,4327fe4ece9317f6fd20fad18389a71e9b1f423b,False,32,5868.54714859141,0.34897904850122374,0.34897904850122374,b87bdc458bdf9e0e4eb86743074196f2bbad2539d9cd47dea556960456af0524,test_probability,0.005,1102,full_posterior,256,128,819200,test_prob_768,73984,2,1.0,dynamics_h_0p005_stage_2,7d2b17335b5ae481f00e8793369fbe114f3ea563c80b91b01102266c3ab73d1e,deep_m0256_r2,validation_or_superseded
3,1024.0,deep,final_geometry_v15_20260930,4327fe4ece9317f6fd20fad18389a71e9b1f423b,False,32,6162.6911292490695,0.3323223502602427,0.3323223502602427,b87bdc458bdf9e0e4eb86743074196f2bbad2539d9cd47dea556960456af0524,test_probability,0.005,494,full_posterior,256,128,819200,test_prob_896,73984,2,1.0,dynamics_h_0p005_stage_2,7d2b17335b5ae481f00e8793369fbe114f3ea563c80b91b01102266c3ab73d1e,deep_m0256_r2,validation_or_superseded
3,1024.0,deep,final_geometry_v15_20260930,4327fe4ece9317f6fd20fad18389a71e9b1f423b,False,32,4146.1123316925805,0.493956708395293,0.493956708395293,b87bdc458bdf9e0e4eb86743074196f2bbad2539d9cd47dea556960456af0524,interaction,0.005,396,full_posterior,256,128,819200,interaction_0,73984,2,1.0,dynamics_h_0p005_stage_2,7d2b17335b5ae481f00e8793369fbe114f3ea563c80b91b01102266c3ab73d1e,deep_m0256_r2,validation_or_superseded
3,1024.0,deep,final_geometry_v15_20260930,4327fe4ece9317f6fd20fad18389a71e9b1f423b,False,32,3781.7383716846057,0.5415498902129768,0.5415498902129768,b87bdc458bdf9e0e4eb86743074196f2bbad2539d9cd47dea556960456af0524,interaction,0.005,1968,full_posterior,256,128,819200,interaction_1,73984,2,1.0,dynamics_h_0p005_stage_2,7d2b17335b5ae481f00e8793369fbe114f3ea563c80b91b01102266c3ab73d1e,deep_m0256_r2,validation_or_superseded
3,1024.0,deep,final_geometry_v15_20260930,4327fe4ece9317f6fd20fad18389a71e9b1f423b,False,32,3892.7518462845123,0.5261059735813215,0.5261059735813215,b87bdc458bdf9e0e4eb86743074196f2bbad2539d9cd47dea556960456af0524,interaction,0.005,796,full_posterior,256,128,819200,interaction_2,73984,2,1.0,dynamics_h_0p005_stage_2,7d2b17335b5ae481f00e8793369fbe114f3ea563c80b91b01102266c3ab73d1e,deep_m0256_r2,validation_or_superseded
3,1024.0,deep,final_geometry_v15_20260930,4327fe4ece9317f6fd20fad18389a71e9b1f423b,False,32,4018.2356289208496,0.509676432427139,0.509676432427139,b87bdc458bdf9e0e4eb86743074196f2bbad2539d9cd47dea556960456af0524,interaction,0.005,1030,full_posterior,256,128,819200,interaction_3,73984,2,1.0,dynamics_h_0p005_stage_2,7d2b17335b5ae481f00e8793369fbe114f3ea563c80b91b01102266c3ab73d1e,deep_m0256_r2,validation_or_superseded
3,1024.0,deep,final_geometry_v15_20260930,4327fe4ece9317f6fd20fad18389a71e9b1f423b,False,32,1865.1761437074397,1.0980196197068866,1.0980196197068866,b87bdc458bdf9e0e4eb86743074196f2bbad2539d9cd47dea556960456af0524,control,0.005,852,full_posterior,256,128,819200,q_A,73984,2,1.0,dynamics_h_0p005_stage_2,7d2b17335b5ae481f00e8793369fbe114f3ea563c80b91b01102266c3ab73d1e,deep_m0256_r2,validation_or_superseded
3,1024.0,deep,final_geometry_v15_20260930,4327fe4ece9317f6fd20fad18389a71e9b1f423b,False,32,2055.181083086036,0.9965058635732221,0.9965058635732221,b87bdc458bdf9e0e4eb86743074196f2bbad2539d9cd47dea556960456af0524,control,0.005,872,full_posterior,256,128,819200,q_W,73984,2,1.0,dynamics_h_0p005_stage_2,7d2b17335b5ae481f00e8793369fbe114f3ea563c80b91b01102266c3ab73d1e,deep_m0256_r2,validation_or_superseded
3,1024.0,deep,final_geometry_v15_20260930,4327fe4ece9317f6fd20fad18389a71e9b1f423b,False,32,4117.0086420719645,0.4974485550191375,0.4974485550191375,b87bdc458bdf9e0e4eb86743074196f2bbad2539d9cd47dea556960456af0524,control,0.005,606,full_posterior,256,128,819200,U,73984,2,1.0,dynamics_h_0p005_stage_2,7d2b17335b5ae481f00e8793369fbe114f3ea563c80b91b01102266c3ab73d1e,deep_m0256_r2,validation_or_superseded
3,1024.0,deep,final_geometry_v15_20260930,4327fe4ece9317f6fd20fad18389a71e9b1f423b,False,32,6117.644973241061,0.3347693448962914,0.3347693448962914,ed1b7949d7a988b14a9a74a11e88a5c3eb180f3047f2fef3c2d63cbbf8fe455a,loss,0.01,272,full_posterior,256,128,409600,V,73984,2,1.0,dynamics_h_0p01_stage_2,7d2b17335b5ae481f00e8793369fbe114f3ea563c80b91b01102266c3ab73d1e,deep_m0256_r2,production_final
3,1024.0,deep,final_geometry_v15_20260930,4327fe4ece9317f6fd20fad18389a71e9b1f423b,False,32,6192.165621271579,0.3307405074832991,0.3307405074832991,ed1b7949d7a988b14a9a74a11e88a5c3eb180f3047f2fef3c2d63cbbf8fe455a,train_logit,0.01,224,full_posterior,256,128,409600,train_logit_0,73984,2,1.0,dynamics_h_0p01_stage_2,7d2b17335b5ae481f00e8793369fbe114f3ea563c80b91b01102266c3ab73d1e,deep_m0256_r2,production_final
3,1024.0,deep,final_geometry_v15_20260930,4327fe4ece9317f6fd20fad18389a71e9b1f423b,False,32,6441.558923166999,0.31793546010025453,0.31793546010025453,ed1b7949d7a988b14a9a74a11e88a5c3eb180f3047f2fef3c2d63cbbf8fe455a,train_logit,0.01,348,full_posterior,256,128,409600,train_logit_16,73984,2,1.0,dynamics_h_0p01_stage_2,7d2b17335b5ae481f00e8793369fbe114f3ea563c80b91b01102266c3ab73d1e,deep_m0256_r2,production_final
3,1024.0,deep,final_geometry_v15_20260930,4327fe4ece9317f6fd20fad18389a71e9b1f423b,False,32,6956.362270253428,0.2944067488775839,0.2944067488775839,ed1b7949d7a988b14a9a74a11e88a5c3eb180f3047f2fef3c2d63cbbf8fe455a,train_logit,0.01,376,full_posterior,256,128,409600,train_logit_32,73984,2,1.0,dynamics_h_0p01_stage_2,7d2b17335b5ae481f00e8793369fbe114f3ea563c80b91b01102266c3ab73d1e,deep_m0256_r2,production_final
3,1024.0,deep,final_geometry_v15_20260930,4327fe4ece9317f6fd20fad18389a71e9b1f423b,False,32,7092.726877167762,0.28874649136606806,0.28874649136606806,ed1b7949d7a988b14a9a74a11e88a5c3eb180f3047f2fef3c2d63cbbf8fe455a,train_logit,0.01,152,full_posterior,256,128,409600,train_logit_48,73984,2,1.0,dynamics_h_0p01_stage_2,7d2b17335b5ae481f00e8793369fbe114f3ea563c80b91b01102266c3ab73d1e,deep_m0256_r2,production_final
3,1024.0,deep,final_geometry_v15_20260930,4327fe4ece9317f6fd20fad18389a71e9b1f423b,False,32,6994.040203511585,0.29282073599916325,0.29282073599916325,ed1b7949d7a988b14a9a74a11e88a5c3eb180f3047f2fef3c2d63cbbf8fe455a,train_logit,0.01,216,full_posterior,256,128,409600,train_logit_64,73984,2,1.0,dynamics_h_0p01_stage_2,7d2b17335b5ae481f00e8793369fbe114f3ea563c80b91b01102266c3ab73d1e,deep_m0256_r2,production_final
3,1024.0,deep,final_geometry_v15_20260930,4327fe4ece9317f6fd20fad18389a71e9b1f423b,False,32,7378.924669856059,0.2775472161094647,0.2775472161094647,ed1b7949d7a988b14a9a74a11e88a5c3eb180f3047f2fef3c2d63cbbf8fe455a,train_logit,0.01,460,full_posterior,256,128,409600,train_logit_80,73984,2,1.0,dynamics_h_0p01_stage_2,7d2b17335b5ae481f00e8793369fbe114f3ea563c80b91b01102266c3ab73d1e,deep_m0256_r2,production_final
3,1024.0,deep,final_geometry_v15_20260930,4327fe4ece9317f6fd20fad18389a71e9b1f423b,False,32,6723.614707646595,0.30459806057459865,0.30459806057459865,ed1b7949d7a988b14a9a74a11e88a5c3eb180f3047f2fef3c2d63cbbf8fe455a,train_logit,0.01,610,full_posterior,256,128,409600,train_logit_96,73984,2,1.0,dynamics_h_0p01_stage_2,7d2b17335b5ae481f00e8793369fbe114f3ea563c80b91b01102266c3ab73d1e,deep_m0256_r2,production_final
3,1024.0,deep,final_geometry_v15_20260930,4327fe4ece9317f6fd20fad18389a71e9b1f423b,False,32,7936.102410475276,0.258061185966645,0.258061185966645,ed1b7949d7a988b14a9a74a11e88a5c3eb180f3047f2fef3c2d63cbbf8fe455a,train_logit,0.01,290,full_posterior,256,128,409600,train_logit_112,73984,2,1.0,dynamics_h_0p01_stage_2,7d2b17335b5ae481f00e8793369fbe114f3ea563c80b91b01102266c3ab73d1e,deep_m0256_r2,production_final
3,1024.0,deep,final_geometry_v15_20260930,4327fe4ece9317f6fd20fad18389a71e9b1f423b,False,32,7117.425309084314,0.28774450184760475,0.28774450184760475,ed1b7949d7a988b14a9a74a11e88a5c3eb180f3047f2fef3c2d63cbbf8fe455a,test_probability,0.01,258,full_posterior,256,128,409600,test_prob_0,73984,2,1.0,dynamics_h_0p01_stage_2,7d2b17335b5ae481f00e8793369fbe114f3ea563c80b91b01102266c3ab73d1e,deep_m0256_r2,production_final
3,1024.0,deep,final_geometry_v15_20260930,4327fe4ece9317f6fd20fad18389a71e9b1f423b,False,32,6832.124492281528,0.29976034574804544,0.29976034574804544,ed1b7949d7a988b14a9a74a11e88a5c3eb180f3047f2fef3c2d63cbbf8fe455a,test_probability,0.01,206,full_posterior,256,128,409600,test_prob_128,73984,2,1.0,dynamics_h_0p01_stage_2,7d2b17335b5ae481f00e8793369fbe114f3ea563c80b91b01102266c3ab73d1e,deep_m0256_r2,production_final
3,1024.0,deep,final_geometry_v15_20260930,4327fe4ece9317f6fd20fad18389a71e9b1f423b,False,32,6392.823543205871,0.3203592256471027,0.3203592256471027,ed1b7949d7a988b14a9a74a11e88a5c3eb180f3047f2fef3c2d63cbbf8fe455a,test_probability,0.01,310,full_posterior,256,128,409600,test_prob_256,73984,2,1.0,dynamics_h_0p01_stage_2,7d2b17335b5ae481f00e8793369fbe114f3ea563c80b91b01102266c3ab73d1e,deep_m0256_r2,production_final
3,1024.0,deep,final_geometry_v15_20260930,4327fe4ece9317f6fd20fad18389a71e9b1f423b,False,32,6600.292429392259,0.31028928216572604,0.31028928216572604,ed1b7949d7a988b14a9a74a11e88a5c3eb180f3047f2fef3c2d63cbbf8fe455a,test_probability,0.01,322,full_posterior,256,128,409600,test_prob_384,73984,2,1.0,dynamics_h_0p01_stage_2,7d2b17335b5ae481f00e8793369fbe114f3ea563c80b91b01102266c3ab73d1e,deep_m0256_r2,production_final
3,1024.0,deep,final_geometry_v15_20260930,4327fe4ece9317f6fd20fad18389a71e9b1f423b,False,32,6634.951572880506,0.3086684171699054,0.3086684171699054,ed1b7949d7a988b14a9a74a11e88a5c3eb180f3047f2fef3c2d63cbbf8fe455a,test_probability,0.01,216,full_posterior,256,128,409600,test_prob_512,73984,2,1.0,dynamics_h_0p01_stage_2,7d2b17335b5ae481f00e8793369fbe114f3ea563c80b91b01102266c3ab73d1e,deep_m0256_r2,production_final
3,1024.0,deep,final_geometry_v15_20260930,4327fe4ece9317f6fd20fad18389a71e9b1f423b,False,32,6145.39678354807,0.33325757019997965,0.33325757019997965,ed1b7949d7a988b14a9a74a11e88a5c3eb180f3047f2fef3c2d63cbbf8fe455a,test_probability,0.01,340,full_posterior,256,128,409600,test_prob_640,73984,2,1.0,dynamics_h_0p01_stage_2,7d2b17335b5ae481f00e8793369fbe114f3ea563c80b91b01102266c3ab73d1e,deep_m0256_r2,production_final
3,1024.0,deep,final_geometry_v15_20260930,4327fe4ece9317f6fd20fad18389a71e9b1f423b,False,32,6261.497923772711,0.32707828461053423,0.32707828461053423,ed1b7949d7a988b14a9a74a11e88a5c3eb180f3047f2fef3c2d63cbbf8fe455a,test_probability,0.01,264,full_posterior,256,128,409600,test_prob_768,73984,2,1.0,dynamics_h_0p01_stage_2,7d2b17335b5ae481f00e8793369fbe114f3ea563c80b91b01102266c3ab73d1e,deep_m0256_r2,production_final
3,1024.0,deep,final_geometry_v15_20260930,4327fe4ece9317f6fd20fad18389a71e9b1f423b,False,32,6389.919041800616,0.32050484311345734,0.32050484311345734,ed1b7949d7a988b14a9a74a11e88a5c3eb180f3047f2fef3c2d63cbbf8fe455a,test_probability,0.01,268,full_posterior,256,128,409600,test_prob_896,73984,2,1.0,dynamics_h_0p01_stage_2,7d2b17335b5ae481f00e8793369fbe114f3ea563c80b91b01102266c3ab73d1e,deep_m0256_r2,production_final
3,1024.0,deep,final_geometry_v15_20260930,4327fe4ece9317f6fd20fad18389a71e9b1f423b,False,32,3837.730555566882,0.5336487203431312,0.5336487203431312,ed1b7949d7a988b14a9a74a11e88a5c3eb180f3047f2fef3c2d63cbbf8fe455a,interaction,0.01,442,full_posterior,256,128,409600,interaction_0,73984,2,1.0,dynamics_h_0p01_stage_2,7d2b17335b5ae481f00e8793369fbe114f3ea563c80b91b01102266c3ab73d1e,deep_m0256_r2,production_final
3,1024.0,deep,final_geometry_v15_20260930,4327fe4ece9317f6fd20fad18389a71e9b1f423b,False,32,3802.055000991334,0.538656068748614,0.538656068748614,ed1b7949d7a988b14a9a74a11e88a5c3eb180f3047f2fef3c2d63cbbf8fe455a,interaction,0.01,636,full_posterior,256,128,409600,interaction_1,73984,2,1.0,dynamics_h_0p01_stage_2,7d2b17335b5ae481f00e8793369fbe114f3ea563c80b91b01102266c3ab73d1e,deep_m0256_r2,production_final
3,1024.0,deep,final_geometry_v15_20260930,4327fe4ece9317f6fd20fad18389a71e9b1f423b,False,32,3952.9923791682563,0.5180885272616986,0.5180885272616986,ed1b7949d7a988b14a9a74a11e88a5c3eb180f3047f2fef3c2d63cbbf8fe455a,interaction,0.01,862,full_posterior,256,128,409600,interaction_2,73984,2,1.0,dynamics_h_0p01_stage_2,7d2b17335b5ae481f00e8793369fbe114f3ea563c80b91b01102266c3ab73d1e,deep_m0256_r2,production_final
3,1024.0,deep,final_geometry_v15_20260930,4327fe4ece9317f6fd20fad18389a71e9b1f423b,False,32,4000.38634799111,0.5119505522331492,0.5119505522331492,ed1b7949d7a988b14a9a74a11e88a5c3eb180f3047f2fef3c2d63cbbf8fe455a,interaction,0.01,302,full_posterior,256,128,409600,interaction_3,73984,2,1.0,dynamics_h_0p01_stage_2,7d2b17335b5ae481f00e8793369fbe114f3ea563c80b91b01102266c3ab73d1e,deep_m0256_r2,production_final
3,1024.0,deep,final_geometry_v15_20260930,4327fe4ece9317f6fd20fad18389a71e9b1f423b,False,32,1830.1388505005002,1.119040776299525,1.119040776299525,ed1b7949d7a988b14a9a74a11e88a5c3eb180f3047f2fef3c2d63cbbf8fe455a,control,0.01,502,full_posterior,256,128,409600,q_A,73984,2,1.0,dynamics_h_0p01_stage_2,7d2b17335b5ae481f00e8793369fbe114f3ea563c80b91b01102266c3ab73d1e,deep_m0256_r2,production_final
3,1024.0,deep,final_geometry_v15_20260930,4327fe4ece9317f6fd20fad18389a71e9b1f423b,False,32,1985.5707037470988,1.0314414873945748,1.0314414873945748,ed1b7949d7a988b14a9a74a11e88a5c3eb180f3047f2fef3c2d63cbbf8fe455a,control,0.01,842,full_posterior,256,128,409600,q_W,73984,2,1.0,dynamics_h_0p01_stage_2,7d2b17335b5ae481f00e8793369fbe114f3ea563c80b91b01102266c3ab73d1e,deep_m0256_r2,production_final
3,1024.0,deep,final_geometry_v15_20260930,4327fe4ece9317f6fd20fad18389a71e9b1f423b,False,32,4230.1054564155465,0.48414868638651115,0.48414868638651115,ed1b7949d7a988b14a9a74a11e88a5c3eb180f3047f2fef3c2d63cbbf8fe455a,control,0.01,190,full_posterior,256,128,409600,U,73984,2,1.0,dynamics_h_0p01_stage_2,7d2b17335b5ae481f00e8793369fbe114f3ea563c80b91b01102266c3ab73d1e,deep_m0256_r2,production_final
3,1024.0,deep,final_geometry_v15_20260930,4327fe4ece9317f6fd20fad18389a71e9b1f423b,False,32,6014.633552258945,0.3405028722374654,0.3405028722374654,cce78997c2ca8debccbf09cd5e2f8495c3377fea1da90e3ccb43eb29b49f43c7,loss,0.02,396,full_posterior,256,128,204800,V,73984,2,1.0,dynamics_h_0p02_stage_2,7d2b17335b5ae481f00e8793369fbe114f3ea563c80b91b01102266c3ab73d1e,deep_m0256_r2,validation_or_superseded
3,1024.0,deep,final_geometry_v15_20260930,4327fe4ece9317f6fd20fad18389a71e9b1f423b,False,32,6339.485728853326,0.32305459584502266,0.32305459584502266,cce78997c2ca8debccbf09cd5e2f8495c3377fea1da90e3ccb43eb29b49f43c7,train_logit,0.02,132,full_posterior,256,128,204800,train_logit_0,73984,2,1.0,dynamics_h_0p02_stage_2,7d2b17335b5ae481f00e8793369fbe114f3ea563c80b91b01102266c3ab73d1e,deep_m0256_r2,validation_or_superseded
3,1024.0,deep,final_geometry_v15_20260930,4327fe4ece9317f6fd20fad18389a71e9b1f423b,False,32,6936.648684425676,0.2952434371655894,0.2952434371655894,cce78997c2ca8debccbf09cd5e2f8495c3377fea1da90e3ccb43eb29b49f43c7,train_logit,0.02,128,full_posterior,256,128,204800,train_logit_16,73984,2,1.0,dynamics_h_0p02_stage_2,7d2b17335b5ae481f00e8793369fbe114f3ea563c80b91b01102266c3ab73d1e,deep_m0256_r2,validation_or_superseded
3,1024.0,deep,final_geometry_v15_20260930,4327fe4ece9317f6fd20fad18389a71e9b1f423b,False,32,7185.118660952042,0.2850335668261095,0.2850335668261095,cce78997c2ca8debccbf09cd5e2f8495c3377fea1da90e3ccb43eb29b49f43c7,train_logit,0.02,122,full_posterior,256,128,204800,train_logit_32,73984,2,1.0,dynamics_h_0p02_stage_2,7d2b17335b5ae481f00e8793369fbe114f3ea563c80b91b01102266c3ab73d1e,deep_m0256_r2,validation_or_superseded
3,1024.0,deep,final_geometry_v15_20260930,4327fe4ece9317f6fd20fad18389a71e9b1f423b,False,32,6155.648762821277,0.3327025434539826,0.3327025434539826,cce78997c2ca8debccbf09cd5e2f8495c3377fea1da90e3ccb43eb29b49f43c7,train_logit,0.02,180,full_posterior,256,128,204800,train_logit_48,73984,2,1.0,dynamics_h_0p02_stage_2,7d2b17335b5ae481f00e8793369fbe114f3ea563c80b91b01102266c3ab73d1e,deep_m0256_r2,validation_or_superseded
3,1024.0,deep,final_geometry_v15_20260930,4327fe4ece9317f6fd20fad18389a71e9b1f423b,False,32,6733.937117312205,0.30413114413183623,0.30413114413183623,cce78997c2ca8debccbf09cd5e2f8495c3377fea1da90e3ccb43eb29b49f43c7,train_logit,0.02,106,full_posterior,256,128,204800,train_logit_64,73984,2,1.0,dynamics_h_0p02_stage_2,7d2b17335b5ae481f00e8793369fbe114f3ea563c80b91b01102266c3ab73d1e,deep_m0256_r2,validation_or_superseded
3,1024.0,deep,final_geometry_v15_20260930,4327fe4ece9317f6fd20fad18389a71e9b1f423b,False,32,6721.597738479643,0.3046894621907613,0.3046894621907613,cce78997c2ca8debccbf09cd5e2f8495c3377fea1da90e3ccb43eb29b49f43c7,train_logit,0.02,140,full_posterior,256,128,204800,train_logit_80,73984,2,1.0,dynamics_h_0p02_stage_2,7d2b17335b5ae481f00e8793369fbe114f3ea563c80b91b01102266c3ab73d1e,deep_m0256_r2,validation_or_superseded
3,1024.0,deep,final_geometry_v15_20260930,4327fe4ece9317f6fd20fad18389a71e9b1f423b,False,32,6036.672467984832,0.33925975127215496,0.33925975127215496,cce78997c2ca8debccbf09cd5e2f8495c3377fea1da90e3ccb43eb29b49f43c7,train_logit,0.02,172,full_posterior,256,128,204800,train_logit_96,73984,2,1.0,dynamics_h_0p02_stage_2,7d2b17335b5ae481f00e8793369fbe114f3ea563c80b91b01102266c3ab73d1e,deep_m0256_r2,validation_or_superseded
3,1024.0,deep,final_geometry_v15_20260930,4327fe4ece9317f6fd20fad18389a71e9b1f423b,False,32,7760.638448216188,0.263895813941795,0.263895813941795,cce78997c2ca8debccbf09cd5e2f8495c3377fea1da90e3ccb43eb29b49f43c7,train_logit,0.02,152,full_posterior,256,128,204800,train_logit_112,73984,2,1.0,dynamics_h_0p02_stage_2,7d2b17335b5ae481f00e8793369fbe114f3ea563c80b91b01102266c3ab73d1e,deep_m0256_r2,validation_or_superseded
3,1024.0,deep,final_geometry_v15_20260930,4327fe4ece9317f6fd20fad18389a71e9b1f423b,False,32,6951.544499771663,0.29461078758357523,0.29461078758357523,cce78997c2ca8debccbf09cd5e2f8495c3377fea1da90e3ccb43eb29b49f43c7,test_probability,0.02,100,full_posterior,256,128,204800,test_prob_0,73984,2,1.0,dynamics_h_0p02_stage_2,7d2b17335b5ae481f00e8793369fbe114f3ea563c80b91b01102266c3ab73d1e,deep_m0256_r2,validation_or_superseded
3,1024.0,deep,final_geometry_v15_20260930,4327fe4ece9317f6fd20fad18389a71e9b1f423b,False,32,6005.495986658259,0.3410209588932893,0.3410209588932893,cce78997c2ca8debccbf09cd5e2f8495c3377fea1da90e3ccb43eb29b49f43c7,test_probability,0.02,306,full_posterior,256,128,204800,test_prob_128,73984,2,1.0,dynamics_h_0p02_stage_2,7d2b17335b5ae481f00e8793369fbe114f3ea563c80b91b01102266c3ab73d1e,deep_m0256_r2,validation_or_superseded
3,1024.0,deep,final_geometry_v15_20260930,4327fe4ece9317f6fd20fad18389a71e9b1f423b,False,32,6537.73111365723,0.31325852415706673,0.31325852415706673,cce78997c2ca8debccbf09cd5e2f8495c3377fea1da90e3ccb43eb29b49f43c7,test_probability,0.02,92,full_posterior,256,128,204800,test_prob_256,73984,2,1.0,dynamics_h_0p02_stage_2,7d2b17335b5ae481f00e8793369fbe114f3ea563c80b91b01102266c3ab73d1e,deep_m0256_r2,validation_or_superseded
3,1024.0,deep,final_geometry_v15_20260930,4327fe4ece9317f6fd20fad18389a71e9b1f423b,False,32,6446.040945403415,0.3177143951374372,0.3177143951374372,cce78997c2ca8debccbf09cd5e2f8495c3377fea1da90e3ccb43eb29b49f43c7,test_probability,0.02,220,full_posterior,256,128,204800,test_prob_384,73984,2,1.0,dynamics_h_0p02_stage_2,7d2b17335b5ae481f00e8793369fbe114f3ea563c80b91b01102266c3ab73d1e,deep_m0256_r2,validation_or_superseded
3,1024.0,deep,final_geometry_v15_20260930,4327fe4ece9317f6fd20fad18389a71e9b1f423b,False,32,6717.328540275229,0.3048831075807537,0.3048831075807537,cce78997c2ca8debccbf09cd5e2f8495c3377fea1da90e3ccb43eb29b49f43c7,test_probability,0.02,78,full_posterior,256,128,204800,test_prob_512,73984,2,1.0,dynamics_h_0p02_stage_2,7d2b17335b5ae481f00e8793369fbe114f3ea563c80b91b01102266c3ab73d1e,deep_m0256_r2,validation_or_superseded
3,1024.0,deep,final_geometry_v15_20260930,4327fe4ece9317f6fd20fad18389a71e9b1f423b,False,32,6095.7932090965805,0.33596940213520154,0.33596940213520154,cce78997c2ca8debccbf09cd5e2f8495c3377fea1da90e3ccb43eb29b49f43c7,test_probability,0.02,178,full_posterior,256,128,204800,test_prob_640,73984,2,1.0,dynamics_h_0p02_stage_2,7d2b17335b5ae481f00e8793369fbe114f3ea563c80b91b01102266c3ab73d1e,deep_m0256_r2,validation_or_superseded
3,1024.0,deep,final_geometry_v15_20260930,4327fe4ece9317f6fd20fad18389a71e9b1f423b,False,32,6589.865423572466,0.31078024638775525,0.31078024638775525,cce78997c2ca8debccbf09cd5e2f8495c3377fea1da90e3ccb43eb29b49f43c7,test_probability,0.02,94,full_posterior,256,128,204800,test_prob_768,73984,2,1.0,dynamics_h_0p02_stage_2,7d2b17335b5ae481f00e8793369fbe114f3ea563c80b91b01102266c3ab73d1e,deep_m0256_r2,validation_or_superseded
3,1024.0,deep,final_geometry_v15_20260930,4327fe4ece9317f6fd20fad18389a71e9b1f423b,False,32,6645.433763211826,0.3081815383274808,0.3081815383274808,cce78997c2ca8debccbf09cd5e2f8495c3377fea1da90e3ccb43eb29b49f43c7,test_probability,0.02,136,full_posterior,256,128,204800,test_prob_896,73984,2,1.0,dynamics_h_0p02_stage_2,7d2b17335b5ae481f00e8793369fbe114f3ea563c80b91b01102266c3ab73d1e,deep_m0256_r2,validation_or_superseded
3,1024.0,deep,final_geometry_v15_20260930,4327fe4ece9317f6fd20fad18389a71e9b1f423b,False,32,4271.9124909516095,0.4794105694669294,0.4794105694669294,cce78997c2ca8debccbf09cd5e2f8495c3377fea1da90e3ccb43eb29b49f43c7,interaction,0.02,132,full_posterior,256,128,204800,interaction_0,73984,2,1.0,dynamics_h_0p02_stage_2,7d2b17335b5ae481f00e8793369fbe114f3ea563c80b91b01102266c3ab73d1e,deep_m0256_r2,validation_or_superseded
3,1024.0,deep,final_geometry_v15_20260930,4327fe4ece9317f6fd20fad18389a71e9b1f423b,False,32,4010.2928930482,0.5106858911852015,0.5106858911852015,cce78997c2ca8debccbf09cd5e2f8495c3377fea1da90e3ccb43eb29b49f43c7,interaction,0.02,214,full_posterior,256,128,204800,interaction_1,73984,2,1.0,dynamics_h_0p02_stage_2,7d2b17335b5ae481f00e8793369fbe114f3ea563c80b91b01102266c3ab73d1e,deep_m0256_r2,validation_or_superseded
3,1024.0,deep,final_geometry_v15_20260930,4327fe4ece9317f6fd20fad18389a71e9b1f423b,False,32,3967.908146939796,0.5161409801231152,0.5161409801231152,cce78997c2ca8debccbf09cd5e2f8495c3377fea1da90e3ccb43eb29b49f43c7,interaction,0.02,150,full_posterior,256,128,204800,interaction_2,73984,2,1.0,dynamics_h_0p02_stage_2,7d2b17335b5ae481f00e8793369fbe114f3ea563c80b91b01102266c3ab73d1e,deep_m0256_r2,validation_or_superseded
3,1024.0,deep,final_geometry_v15_20260930,4327fe4ece9317f6fd20fad18389a71e9b1f423b,False,32,4445.688678860897,0.4606710338801213,0.4606710338801213,cce78997c2ca8debccbf09cd5e2f8495c3377fea1da90e3ccb43eb29b49f43c7,interaction,0.02,104,full_posterior,256,128,204800,interaction_3,73984,2,1.0,dynamics_h_0p02_stage_2,7d2b17335b5ae481f00e8793369fbe114f3ea563c80b91b01102266c3ab73d1e,deep_m0256_r2,validation_or_superseded
3,1024.0,deep,final_geometry_v15_20260930,4327fe4ece9317f6fd20fad18389a71e9b1f423b,False,32,1680.9284753401832,1.2183742675818074,1.2183742675818074,cce78997c2ca8debccbf09cd5e2f8495c3377fea1da90e3ccb43eb29b49f43c7,control,0.02,616,full_posterior,256,128,204800,q_A,73984,2,1.0,dynamics_h_0p02_stage_2,7d2b17335b5ae481f00e8793369fbe114f3ea563c80b91b01102266c3ab73d1e,deep_m0256_r2,validation_or_superseded
3,1024.0,deep,final_geometry_v15_20260930,4327fe4ece9317f6fd20fad18389a71e9b1f423b,False,32,1985.3981113775876,1.0315311514923198,1.0315311514923198,cce78997c2ca8debccbf09cd5e2f8495c3377fea1da90e3ccb43eb29b49f43c7,control,0.02,240,full_posterior,256,128,204800,q_W,73984,2,1.0,dynamics_h_0p02_stage_2,7d2b17335b5ae481f00e8793369fbe114f3ea563c80b91b01102266c3ab73d1e,deep_m0256_r2,validation_or_superseded
3,1024.0,deep,final_geometry_v15_20260930,4327fe4ece9317f6fd20fad18389a71e9b1f423b,False,32,3978.9661068640094,0.5147065707513943,0.5147065707513943,cce78997c2ca8debccbf09cd5e2f8495c3377fea1da90e3ccb43eb29b49f43c7,control,0.02,268,full_posterior,256,128,204800,U,73984,2,1.0,dynamics_h_0p02_stage_2,7d2b17335b5ae481f00e8793369fbe114f3ea563c80b91b01102266c3ab73d1e,deep_m0256_r2,validation_or_superseded
