L,T_per_chain,architecture,block_length,block_stable,boot_reason,campaign_id,code_revision,d,enough_blocks,estimate,estimate_over_sigma2,execution_hash,failure_reason,family,h,law,m,max_tau_full_pool,mc_high,mc_high_over_sigma2,mc_low,mc_low_over_sigma2,mcse,mcse_doubled_block,n,n_draws_used,p,precision_pass,precision_reasons,replicate,selected_fold_A_to_B,selected_fold_B_to_A,selection_frequencies,sigma,stage,target_hash,target_id,validity,role,architecture_dynamics_status,acceptance_min,max_rejection_streak,grad_evals_run,grad_evals_target_total
2,1024.0,shallow,2048,True,,final_geometry_v15_20260930,4327fe4ece9317f6fd20fad18389a71e9b1f423b,32,True,0.47072813059424157,0.47072813059424157,3468d1dbfcfad19aff939d83b1b35b55398d7c7f82f99275416801ae2b578ce4,,loss,0.005,full_posterior,64,0.45902276931694813,0.49582611737882865,0.49582611737882865,0.40072806505166975,0.40072806505166975,0.02446044232564468,0.027621782571554666,128,819200,2112,True,,0,V,V,"{""V"": 1.0}",1.0,dynamics_h_0p005_stage_2,71538f5fc37b1391ecadd17c52b8587909347d90439f7dcd7fdebf72a743c41f,shallow_m0064_r0,True,validation_or_superseded,dynamics_unresolved,0.99720703125,2,835204,1463113
2,1024.0,shallow,2048,True,,final_geometry_v15_20260930,4327fe4ece9317f6fd20fad18389a71e9b1f423b,32,True,0.4375742454213992,0.4375742454213992,3468d1dbfcfad19aff939d83b1b35b55398d7c7f82f99275416801ae2b578ce4,,train_logit,0.005,full_posterior,64,0.4674997880214117,0.4929804616029195,0.4929804616029195,0.3826483301415247,0.3826483301415247,0.027848132576096616,0.02693392407362725,128,819200,2112,True,,0,train_logit_96,train_logit_32,"{""train_logit_0"": 0.1125, ""train_logit_112"": 0.09125, ""train_logit_16"": 0.06625, ""train_logit_32"": 0.15375, ""train_logit_48"": 0.01875, ""train_logit_64"": 0.15, ""train_logit_80"": 0.1175, ""train_logit_96"": 0.29}",1.0,dynamics_h_0p005_stage_2,71538f5fc37b1391ecadd17c52b8587909347d90439f7dcd7fdebf72a743c41f,shallow_m0064_r0,True,validation_or_superseded,dynamics_unresolved,0.99720703125,2,835204,1463113
2,1024.0,shallow,4096,True,,final_geometry_v15_20260930,4327fe4ece9317f6fd20fad18389a71e9b1f423b,32,True,0.5448121252742739,0.5448121252742739,3468d1dbfcfad19aff939d83b1b35b55398d7c7f82f99275416801ae2b578ce4,,test_probability,0.005,full_posterior,64,0.6345320624564881,0.6370285650167017,0.6370285650167017,0.43635996001910166,0.43635996001910166,0.05068323198616059,0.05596122080525174,128,819200,2112,True,,0,test_prob_128,test_prob_768,"{""test_prob_0"": 0.08375, ""test_prob_128"": 0.36625, ""test_prob_256"": 0.0075, ""test_prob_384"": 0.01125, ""test_prob_512"": 0.02875, ""test_prob_640"": 0.135, ""test_prob_768"": 0.15875, ""test_prob_896"": 0.20875}",1.0,dynamics_h_0p005_stage_2,71538f5fc37b1391ecadd17c52b8587909347d90439f7dcd7fdebf72a743c41f,shallow_m0064_r0,True,validation_or_superseded,dynamics_unresolved,0.99720703125,2,835204,1463113
2,1024.0,shallow,4096,True,,final_geometry_v15_20260930,4327fe4ece9317f6fd20fad18389a71e9b1f423b,32,True,0.5233310964162323,0.5233310964162323,3468d1dbfcfad19aff939d83b1b35b55398d7c7f82f99275416801ae2b578ce4,,interaction,0.005,full_posterior,64,0.5362589978002128,0.5915347559078635,0.5915347559078635,0.4554169028538693,0.4554169028538693,0.036054617032314065,0.037100479126325726,128,819200,2112,True,,0,interaction_0,interaction_2,"{""interaction_0"": 0.35, ""interaction_1"": 0.055, ""interaction_2"": 0.4625, ""interaction_3"": 0.1325}",1.0,dynamics_h_0p005_stage_2,71538f5fc37b1391ecadd17c52b8587909347d90439f7dcd7fdebf72a743c41f,shallow_m0064_r0,True,validation_or_superseded,dynamics_unresolved,0.99720703125,2,835204,1463113
2,1024.0,shallow,1024,True,,final_geometry_v15_20260930,4327fe4ece9317f6fd20fad18389a71e9b1f423b,32,True,0.48151511262187296,0.48151511262187296,f22190c1cd1da2f9fb2c434d433ad09b6625c74355174329534b70bffc3f5e47,;architecture_dynamics_dynamics_unresolved,loss,0.01,full_posterior,64,0.484780518129473,0.4921536035532023,0.4921536035532023,0.3846101626113318,0.3846101626113318,0.028506118056943332,0.03143114592024617,128,409600,2112,True,,0,V,V,"{""V"": 1.0}",1.0,dynamics_h_0p01_stage_2,71538f5fc37b1391ecadd17c52b8587909347d90439f7dcd7fdebf72a743c41f,shallow_m0064_r0,False,production_final,dynamics_unresolved,0.9925390625,3,417604,1463113
2,1024.0,shallow,2048,True,,final_geometry_v15_20260930,4327fe4ece9317f6fd20fad18389a71e9b1f423b,32,True,0.4712255269704868,0.4712255269704868,f22190c1cd1da2f9fb2c434d433ad09b6625c74355174329534b70bffc3f5e47,;architecture_dynamics_dynamics_unresolved,train_logit,0.01,full_posterior,64,0.525893393354568,0.5548362332127014,0.5548362332127014,0.4010968172033313,0.4010968172033313,0.04025276286560718,0.04296323256253244,128,409600,2112,True,,0,train_logit_16,train_logit_64,"{""train_logit_0"": 0.00875, ""train_logit_112"": 0.005, ""train_logit_16"": 0.1425, ""train_logit_32"": 0.0125, ""train_logit_48"": 0.04, ""train_logit_64"": 0.36375, ""train_logit_80"": 0.29375, ""train_logit_96"": 0.13375}",1.0,dynamics_h_0p01_stage_2,71538f5fc37b1391ecadd17c52b8587909347d90439f7dcd7fdebf72a743c41f,shallow_m0064_r0,False,production_final,dynamics_unresolved,0.9925390625,3,417604,1463113
2,1024.0,shallow,2048,True,,final_geometry_v15_20260930,4327fe4ece9317f6fd20fad18389a71e9b1f423b,32,True,0.47406936635680424,0.47406936635680424,f22190c1cd1da2f9fb2c434d433ad09b6625c74355174329534b70bffc3f5e47,;architecture_dynamics_dynamics_unresolved,test_probability,0.01,full_posterior,64,0.5311966301439541,0.5693029954301774,0.5693029954301774,0.41948855844004007,0.41948855844004007,0.03568428120694233,0.034881091820216356,128,409600,2112,True,,0,test_prob_512,test_prob_256,"{""test_prob_0"": 0.1125, ""test_prob_128"": 0.19375, ""test_prob_256"": 0.16625, ""test_prob_384"": 0.055, ""test_prob_512"": 0.2675, ""test_prob_640"": 0.145, ""test_prob_768"": 0.03625, ""test_prob_896"": 0.02375}",1.0,dynamics_h_0p01_stage_2,71538f5fc37b1391ecadd17c52b8587909347d90439f7dcd7fdebf72a743c41f,shallow_m0064_r0,False,production_final,dynamics_unresolved,0.9925390625,3,417604,1463113
2,1024.0,shallow,2048,True,,final_geometry_v15_20260930,4327fe4ece9317f6fd20fad18389a71e9b1f423b,32,True,0.5704233753078448,0.5704233753078448,f22190c1cd1da2f9fb2c434d433ad09b6625c74355174329534b70bffc3f5e47,;architecture_dynamics_dynamics_unresolved,interaction,0.01,full_posterior,64,0.5686860168012872,0.6297616429713514,0.6297616429713514,0.4521307879157978,0.4521307879157978,0.05008617870000099,0.04974349672014849,128,409600,2112,True,,0,interaction_3,interaction_3,"{""interaction_0"": 0.1375, ""interaction_1"": 0.03, ""interaction_2"": 0.11625, ""interaction_3"": 0.71625}",1.0,dynamics_h_0p01_stage_2,71538f5fc37b1391ecadd17c52b8587909347d90439f7dcd7fdebf72a743c41f,shallow_m0064_r0,False,production_final,dynamics_unresolved,0.9925390625,3,417604,1463113
2,1024.0,shallow,512,True,,final_geometry_v15_20260930,4327fe4ece9317f6fd20fad18389a71e9b1f423b,32,True,0.4702210480714241,0.4702210480714241,db590ad535a08a897b115f001191e96e9e6a1324df15849ab159cf53ebdfd41b,,loss,0.02,full_posterior,64,0.4492601489140304,0.4897465145943915,0.4897465145943915,0.39741547665615956,0.39741547665615956,0.023442183718871395,0.02556659248532153,128,204800,2112,True,,0,V,V,"{""V"": 1.0}",1.0,dynamics_h_0p02_stage_2,71538f5fc37b1391ecadd17c52b8587909347d90439f7dcd7fdebf72a743c41f,shallow_m0064_r0,True,validation_or_superseded,dynamics_unresolved,0.97994140625,3,208804,1463113
2,1024.0,shallow,512,True,,final_geometry_v15_20260930,4327fe4ece9317f6fd20fad18389a71e9b1f423b,32,True,0.46135066597687224,0.46135066597687224,db590ad535a08a897b115f001191e96e9e6a1324df15849ab159cf53ebdfd41b,,train_logit,0.02,full_posterior,64,0.49720667496197535,0.5151213979289956,0.5151213979289956,0.3913049022842956,0.3913049022842956,0.031462419616010366,0.03395378859662565,128,204800,2112,True,,0,train_logit_80,train_logit_0,"{""train_logit_0"": 0.2775, ""train_logit_16"": 0.01375, ""train_logit_32"": 0.14375, ""train_logit_48"": 0.07, ""train_logit_64"": 0.21125, ""train_logit_80"": 0.2225, ""train_logit_96"": 0.06125}",1.0,dynamics_h_0p02_stage_2,71538f5fc37b1391ecadd17c52b8587909347d90439f7dcd7fdebf72a743c41f,shallow_m0064_r0,True,validation_or_superseded,dynamics_unresolved,0.97994140625,3,208804,1463113
2,1024.0,shallow,1024,True,,final_geometry_v15_20260930,4327fe4ece9317f6fd20fad18389a71e9b1f423b,32,True,0.49258686007066754,0.49258686007066754,db590ad535a08a897b115f001191e96e9e6a1324df15849ab159cf53ebdfd41b,,test_probability,0.02,full_posterior,64,0.5658002532174401,0.5844114460131984,0.5844114460131984,0.4331224362598369,0.4331224362598369,0.03947574221896077,0.04183958309267705,128,204800,2112,True,,0,test_prob_128,test_prob_0,"{""test_prob_0"": 0.2925, ""test_prob_128"": 0.27, ""test_prob_256"": 0.04375, ""test_prob_384"": 0.195, ""test_prob_512"": 0.08, ""test_prob_640"": 0.0125, ""test_prob_768"": 0.10375, ""test_prob_896"": 0.0025}",1.0,dynamics_h_0p02_stage_2,71538f5fc37b1391ecadd17c52b8587909347d90439f7dcd7fdebf72a743c41f,shallow_m0064_r0,True,validation_or_superseded,dynamics_unresolved,0.97994140625,3,208804,1463113
2,1024.0,shallow,1024,True,,final_geometry_v15_20260930,4327fe4ece9317f6fd20fad18389a71e9b1f423b,32,True,0.5276278014455974,0.5276278014455974,db590ad535a08a897b115f001191e96e9e6a1324df15849ab159cf53ebdfd41b,,interaction,0.02,full_posterior,64,0.5676712633380273,0.6066524323608525,0.6066524323608525,0.4435468556522601,0.4435468556522601,0.03869444252075235,0.041629460056027134,128,204800,2112,True,,0,interaction_2,interaction_3,"{""interaction_0"": 0.25625, ""interaction_1"": 0.205, ""interaction_2"": 0.3175, ""interaction_3"": 0.22125}",1.0,dynamics_h_0p02_stage_2,71538f5fc37b1391ecadd17c52b8587909347d90439f7dcd7fdebf72a743c41f,shallow_m0064_r0,True,validation_or_superseded,dynamics_unresolved,0.97994140625,3,208804,1463113
2,1024.0,shallow,2048,True,,final_geometry_v15_20260930,4327fe4ece9317f6fd20fad18389a71e9b1f423b,32,True,0.5034808075087309,0.5034808075087309,dcafc5ae0de1479fb220ba30e298ef902e6b66a3d231a72cfa038d595eb3aa76,,loss,0.005,full_posterior,64,0.5062278662433206,0.5336418408576582,0.5336418408576582,0.42833391799631615,0.42833391799631615,0.02708996391986186,0.02599043004242199,128,819200,2112,True,,1,V,V,"{""V"": 1.0}",1.0,dynamics_h_0p005_stage_2,2ebbaf17c0b875a151400adfe0c20fdcca7ef1fee9db82b7da14f8303c6ed54d,shallow_m0064_r1,True,validation_or_superseded,dynamics_unresolved,0.99755859375,2,835204,2077513
2,1024.0,shallow,4096,True,,final_geometry_v15_20260930,4327fe4ece9317f6fd20fad18389a71e9b1f423b,32,True,0.47761326766863665,0.47761326766863665,dcafc5ae0de1479fb220ba30e298ef902e6b66a3d231a72cfa038d595eb3aa76,,train_logit,0.005,full_posterior,64,0.5428151442910104,0.5612101266784901,0.5612101266784901,0.41102189784784443,0.41102189784784443,0.034123540330287354,0.03728542834505481,128,819200,2112,True,,1,train_logit_112,train_logit_16,"{""train_logit_0"": 0.00875, ""train_logit_112"": 0.19625, ""train_logit_16"": 0.4025, ""train_logit_32"": 0.00375, ""train_logit_48"": 0.14375, ""train_logit_64"": 0.0325, ""train_logit_80"": 0.06, ""train_logit_96"": 0.1525}",1.0,dynamics_h_0p005_stage_2,2ebbaf17c0b875a151400adfe0c20fdcca7ef1fee9db82b7da14f8303c6ed54d,shallow_m0064_r1,True,validation_or_superseded,dynamics_unresolved,0.99755859375,2,835204,2077513
2,1024.0,shallow,4096,True,,final_geometry_v15_20260930,4327fe4ece9317f6fd20fad18389a71e9b1f423b,32,True,0.5108712143642049,0.5108712143642049,dcafc5ae0de1479fb220ba30e298ef902e6b66a3d231a72cfa038d595eb3aa76,,test_probability,0.005,full_posterior,64,0.5955599734643527,0.6337323717083289,0.6337323717083289,0.4498454576628185,0.4498454576628185,0.045877544093758604,0.04377029850402749,128,819200,2112,True,,1,test_prob_256,test_prob_512,"{""test_prob_0"": 0.06875, ""test_prob_128"": 0.07125, ""test_prob_256"": 0.375, ""test_prob_384"": 0.00125, ""test_prob_512"": 0.1375, ""test_prob_640"": 0.15875, ""test_prob_768"": 0.145, ""test_prob_896"": 0.0425}",1.0,dynamics_h_0p005_stage_2,2ebbaf17c0b875a151400adfe0c20fdcca7ef1fee9db82b7da14f8303c6ed54d,shallow_m0064_r1,True,validation_or_superseded,dynamics_unresolved,0.99755859375,2,835204,2077513
2,1024.0,shallow,4096,True,,final_geometry_v15_20260930,4327fe4ece9317f6fd20fad18389a71e9b1f423b,32,True,0.650025936678766,0.650025936678766,dcafc5ae0de1479fb220ba30e298ef902e6b66a3d231a72cfa038d595eb3aa76,,interaction,0.005,full_posterior,64,0.6887877569605594,0.7885288870515298,0.7885288870515298,0.5178000565535628,0.5178000565535628,0.07532175824083012,0.07264148446326762,128,819200,2112,True,,1,interaction_1,interaction_3,"{""interaction_0"": 0.03875, ""interaction_1"": 0.29375, ""interaction_2"": 0.0675, ""interaction_3"": 0.6}",1.0,dynamics_h_0p005_stage_2,2ebbaf17c0b875a151400adfe0c20fdcca7ef1fee9db82b7da14f8303c6ed54d,shallow_m0064_r1,True,validation_or_superseded,dynamics_unresolved,0.99755859375,2,835204,2077513
2,1024.0,shallow,2048,True,,final_geometry_v15_20260930,4327fe4ece9317f6fd20fad18389a71e9b1f423b,32,True,0.5644207452924861,0.5644207452924861,a3f404d53243d0ccbf6732c536f61801bf5c58c221f2fc83ed7b8725ce4acfea,;architecture_dynamics_dynamics_unresolved,loss,0.01,full_posterior,64,0.5671413024484814,0.6107447459132594,0.6107447459132594,0.47463677588635306,0.47463677588635306,0.03591261114440975,0.03500573006441946,128,409600,2112,True,,1,V,V,"{""V"": 1.0}",1.0,dynamics_h_0p01_stage_2,2ebbaf17c0b875a151400adfe0c20fdcca7ef1fee9db82b7da14f8303c6ed54d,shallow_m0064_r1,False,production_final,dynamics_unresolved,0.9933203125,2,827204,2077513
2,1024.0,shallow,2048,True,,final_geometry_v15_20260930,4327fe4ece9317f6fd20fad18389a71e9b1f423b,32,True,0.5460592535467426,0.5460592535467426,a3f404d53243d0ccbf6732c536f61801bf5c58c221f2fc83ed7b8725ce4acfea,;architecture_dynamics_dynamics_unresolved,train_logit,0.01,full_posterior,64,0.5488254297678128,0.6012826176830353,0.6012826176830353,0.41936252992070233,0.41936252992070233,0.053867318888978936,0.054171205225078255,128,409600,2112,True,,1,train_logit_48,train_logit_48,"{""train_logit_0"": 0.025, ""train_logit_112"": 0.05125, ""train_logit_16"": 0.01875, ""train_logit_32"": 0.025, ""train_logit_48"": 0.7225, ""train_logit_64"": 0.00375, ""train_logit_80"": 0.09, ""train_logit_96"": 0.06375}",1.0,dynamics_h_0p01_stage_2,2ebbaf17c0b875a151400adfe0c20fdcca7ef1fee9db82b7da14f8303c6ed54d,shallow_m0064_r1,False,production_final,dynamics_unresolved,0.9933203125,2,827204,2077513
2,1024.0,shallow,2048,True,,final_geometry_v15_20260930,4327fe4ece9317f6fd20fad18389a71e9b1f423b,32,True,0.548976113123889,0.548976113123889,a3f404d53243d0ccbf6732c536f61801bf5c58c221f2fc83ed7b8725ce4acfea,;architecture_dynamics_dynamics_unresolved,test_probability,0.01,full_posterior,64,0.5940768311255755,0.6309590287333259,0.6309590287333259,0.4750431804410163,0.4750431804410163,0.03812896091147827,0.04182634687185665,128,409600,2112,True,,1,test_prob_640,test_prob_0,"{""test_prob_0"": 0.17875, ""test_prob_128"": 0.0525, ""test_prob_256"": 0.075, ""test_prob_384"": 0.0025, ""test_prob_512"": 0.07, ""test_prob_640"": 0.44125, ""test_prob_768"": 0.1275, ""test_prob_896"": 0.0525}",1.0,dynamics_h_0p01_stage_2,2ebbaf17c0b875a151400adfe0c20fdcca7ef1fee9db82b7da14f8303c6ed54d,shallow_m0064_r1,False,production_final,dynamics_unresolved,0.9933203125,2,827204,2077513
2,1024.0,shallow,2048,True,,final_geometry_v15_20260930,4327fe4ece9317f6fd20fad18389a71e9b1f423b,32,True,0.6911489797127807,0.6911489797127807,a3f404d53243d0ccbf6732c536f61801bf5c58c221f2fc83ed7b8725ce4acfea,;architecture_dynamics_dynamics_unresolved,interaction,0.01,full_posterior,64,0.6883549018731228,0.7613939165151651,0.7613939165151651,0.5329697588626614,0.5329697588626614,0.05950399469666851,0.05456223390619054,128,409600,2112,True,,1,interaction_3,interaction_3,"{""interaction_0"": 0.0025, ""interaction_1"": 0.30625, ""interaction_2"": 0.03875, ""interaction_3"": 0.6525}",1.0,dynamics_h_0p01_stage_2,2ebbaf17c0b875a151400adfe0c20fdcca7ef1fee9db82b7da14f8303c6ed54d,shallow_m0064_r1,False,production_final,dynamics_unresolved,0.9933203125,2,827204,2077513
2,2048.0,shallow,1024,True,,final_geometry_v15_20260930,4327fe4ece9317f6fd20fad18389a71e9b1f423b,32,True,0.5284041893023169,0.5284041893023169,8a1c5c074c5a2abfd441deb681cd2c7bd77eb0565f60767d8e73ce2cf230b7b8,,loss,0.02,full_posterior,64,0.5245480857473578,0.5522472932943777,0.5522472932943777,0.4690379056350802,0.4690379056350802,0.02227828404817356,0.0230165750697063,128,409600,2112,True,,1,V,V,"{""V"": 1.0}",1.0,dynamics_h_0p02_stage_3,2ebbaf17c0b875a151400adfe0c20fdcca7ef1fee9db82b7da14f8303c6ed54d,shallow_m0064_r1,True,validation_or_superseded,dynamics_unresolved,0.9813671875,2,413604,2077513
2,2048.0,shallow,512,True,,final_geometry_v15_20260930,4327fe4ece9317f6fd20fad18389a71e9b1f423b,32,True,0.4504485836030975,0.4504485836030975,8a1c5c074c5a2abfd441deb681cd2c7bd77eb0565f60767d8e73ce2cf230b7b8,,train_logit,0.02,full_posterior,64,0.5105637556751187,0.5152016073509316,0.5152016073509316,0.4021648958470057,0.4021648958470057,0.028496213201158985,0.029134143374492476,128,409600,2112,True,,1,train_logit_64,train_logit_80,"{""train_logit_0"": 0.02125, ""train_logit_112"": 0.02375, ""train_logit_16"": 0.03625, ""train_logit_32"": 0.01375, ""train_logit_48"": 0.37, ""train_logit_64"": 0.21, ""train_logit_80"": 0.265, ""train_logit_96"": 0.06}",1.0,dynamics_h_0p02_stage_3,2ebbaf17c0b875a151400adfe0c20fdcca7ef1fee9db82b7da14f8303c6ed54d,shallow_m0064_r1,True,validation_or_superseded,dynamics_unresolved,0.9813671875,2,413604,2077513
2,2048.0,shallow,1024,True,,final_geometry_v15_20260930,4327fe4ece9317f6fd20fad18389a71e9b1f423b,32,True,0.5605834016868908,0.5605834016868908,8a1c5c074c5a2abfd441deb681cd2c7bd77eb0565f60767d8e73ce2cf230b7b8,,test_probability,0.02,full_posterior,64,0.5850441667715499,0.6083954244709514,0.6083954244709514,0.4791521733904295,0.4791521733904295,0.03450991286872773,0.037349143444344736,128,409600,2112,True,,1,test_prob_0,test_prob_256,"{""test_prob_0"": 0.3675, ""test_prob_128"": 0.04, ""test_prob_256"": 0.30625, ""test_prob_384"": 0.0025, ""test_prob_512"": 0.03625, ""test_prob_640"": 0.15, ""test_prob_768"": 0.005, ""test_prob_896"": 0.0925}",1.0,dynamics_h_0p02_stage_3,2ebbaf17c0b875a151400adfe0c20fdcca7ef1fee9db82b7da14f8303c6ed54d,shallow_m0064_r1,True,validation_or_superseded,dynamics_unresolved,0.9813671875,2,413604,2077513
2,2048.0,shallow,1024,True,,final_geometry_v15_20260930,4327fe4ece9317f6fd20fad18389a71e9b1f423b,32,True,0.6080113485088736,0.6080113485088736,8a1c5c074c5a2abfd441deb681cd2c7bd77eb0565f60767d8e73ce2cf230b7b8,,interaction,0.02,full_posterior,64,0.6374042358157587,0.6821557241333652,0.6821557241333652,0.5242721100684448,0.5242721100684448,0.04005556658618717,0.03817449112413143,128,409600,2112,True,,1,interaction_1,interaction_3,"{""interaction_0"": 0.00625, ""interaction_1"": 0.33625, ""interaction_2"": 0.065, ""interaction_3"": 0.5925}",1.0,dynamics_h_0p02_stage_3,2ebbaf17c0b875a151400adfe0c20fdcca7ef1fee9db82b7da14f8303c6ed54d,shallow_m0064_r1,True,validation_or_superseded,dynamics_unresolved,0.9813671875,2,413604,2077513
2,1024.0,shallow,4096,True,,final_geometry_v15_20260930,4327fe4ece9317f6fd20fad18389a71e9b1f423b,32,True,0.559027281248338,0.559027281248338,7d364fa72e0d7841381948c3fbcb6e204ab4ad5a6b6d39c1529b10ea2d7993ea,,loss,0.005,full_posterior,64,0.5798151662185806,0.6148273049393473,0.6148273049393473,0.4519447002398789,0.4519447002398789,0.04048991660822993,0.045212428981391994,128,819200,2112,True,,2,V,V,"{""V"": 1.0}",1.0,dynamics_h_0p005_stage_2,fc9da6235fb1548d828cf68d55d93c2f858e835b161969d4cc33b00e5e83b603,shallow_m0064_r2,True,validation_or_superseded,dynamics_unresolved,0.9973828125,2,835204,1463113
2,1024.0,shallow,4096,True,,final_geometry_v15_20260930,4327fe4ece9317f6fd20fad18389a71e9b1f423b,32,True,0.6187306965848739,0.6187306965848739,7d364fa72e0d7841381948c3fbcb6e204ab4ad5a6b6d39c1529b10ea2d7993ea,,train_logit,0.005,full_posterior,64,0.5862061591595754,0.6601035472552936,0.6601035472552936,0.4177829707662619,0.4177829707662619,0.07202025799388051,0.07486637955884483,128,819200,2112,True,,2,train_logit_48,train_logit_48,"{""train_logit_0"": 0.1625, ""train_logit_112"": 0.00625, ""train_logit_16"": 0.0075, ""train_logit_32"": 0.0125, ""train_logit_48"": 0.66375, ""train_logit_64"": 0.0225, ""train_logit_80"": 0.105, ""train_logit_96"": 0.02}",1.0,dynamics_h_0p005_stage_2,fc9da6235fb1548d828cf68d55d93c2f858e835b161969d4cc33b00e5e83b603,shallow_m0064_r2,True,validation_or_superseded,dynamics_unresolved,0.9973828125,2,835204,1463113
2,1024.0,shallow,4096,True,,final_geometry_v15_20260930,4327fe4ece9317f6fd20fad18389a71e9b1f423b,32,True,0.6720470260456375,0.6720470260456375,7d364fa72e0d7841381948c3fbcb6e204ab4ad5a6b6d39c1529b10ea2d7993ea,,test_probability,0.005,full_posterior,64,0.6999750725701358,0.7089909892860814,0.7089909892860814,0.45648667906602364,0.45648667906602364,0.07402880330085856,0.07995043458121498,128,819200,2112,True,,2,test_prob_896,test_prob_896,"{""test_prob_0"": 0.0225, ""test_prob_128"": 0.0075, ""test_prob_256"": 0.06, ""test_prob_384"": 0.035, ""test_prob_512"": 0.07625, ""test_prob_640"": 0.07125, ""test_prob_768"": 0.02, ""test_prob_896"": 0.7075}",1.0,dynamics_h_0p005_stage_2,fc9da6235fb1548d828cf68d55d93c2f858e835b161969d4cc33b00e5e83b603,shallow_m0064_r2,True,validation_or_superseded,dynamics_unresolved,0.9973828125,2,835204,1463113
2,1024.0,shallow,4096,True,,final_geometry_v15_20260930,4327fe4ece9317f6fd20fad18389a71e9b1f423b,32,True,0.5327242340769109,0.5327242340769109,7d364fa72e0d7841381948c3fbcb6e204ab4ad5a6b6d39c1529b10ea2d7993ea,,interaction,0.005,full_posterior,64,0.5488690708218706,0.62468368904629,0.62468368904629,0.44902470372563463,0.44902470372563463,0.047841498846706736,0.0487938204989709,128,819200,2112,True,,2,interaction_1,interaction_3,"{""interaction_0"": 0.02875, ""interaction_1"": 0.44875, ""interaction_2"": 0.06625, ""interaction_3"": 0.45625}",1.0,dynamics_h_0p005_stage_2,fc9da6235fb1548d828cf68d55d93c2f858e835b161969d4cc33b00e5e83b603,shallow_m0064_r2,True,validation_or_superseded,dynamics_unresolved,0.9973828125,2,835204,1463113
2,1024.0,shallow,1024,True,,final_geometry_v15_20260930,4327fe4ece9317f6fd20fad18389a71e9b1f423b,32,True,0.4699350727692992,0.4699350727692992,822118be30066e2ad7805184a823770ccb2ca9a0d6000e559d8be6e5c136ec7b,;architecture_dynamics_dynamics_unresolved,loss,0.01,full_posterior,64,0.47029983727026015,0.48381549874316493,0.48381549874316493,0.4025254628012371,0.4025254628012371,0.02191135280829013,0.02561984784547619,128,409600,2112,True,,2,V,V,"{""V"": 1.0}",1.0,dynamics_h_0p01_stage_2,fc9da6235fb1548d828cf68d55d93c2f858e835b161969d4cc33b00e5e83b603,shallow_m0064_r2,False,production_final,dynamics_unresolved,0.992890625,2,417604,1463113
2,1024.0,shallow,2048,True,,final_geometry_v15_20260930,4327fe4ece9317f6fd20fad18389a71e9b1f423b,32,True,0.5329835745494728,0.5329835745494728,822118be30066e2ad7805184a823770ccb2ca9a0d6000e559d8be6e5c136ec7b,;architecture_dynamics_dynamics_unresolved,train_logit,0.01,full_posterior,64,0.5411859806106949,0.565777672467573,0.565777672467573,0.4296640352187734,0.4296640352187734,0.03656027273871873,0.03445609649366747,128,409600,2112,True,,2,train_logit_0,train_logit_0,"{""train_logit_0"": 0.51875, ""train_logit_16"": 0.0125, ""train_logit_48"": 0.16875, ""train_logit_64"": 0.12875, ""train_logit_96"": 0.17125}",1.0,dynamics_h_0p01_stage_2,fc9da6235fb1548d828cf68d55d93c2f858e835b161969d4cc33b00e5e83b603,shallow_m0064_r2,False,production_final,dynamics_unresolved,0.992890625,2,417604,1463113
2,1024.0,shallow,2048,True,,final_geometry_v15_20260930,4327fe4ece9317f6fd20fad18389a71e9b1f423b,32,True,0.5496130697563306,0.5496130697563306,822118be30066e2ad7805184a823770ccb2ca9a0d6000e559d8be6e5c136ec7b,;architecture_dynamics_dynamics_unresolved,test_probability,0.01,full_posterior,64,0.5593722756271055,0.5945885218705802,0.5945885218705802,0.42776133994360166,0.42776133994360166,0.04707499265729703,0.052306732527011145,128,409600,2112,True,,2,test_prob_640,test_prob_640,"{""test_prob_0"": 0.03625, ""test_prob_128"": 0.09125, ""test_prob_256"": 0.0125, ""test_prob_384"": 0.01875, ""test_prob_512"": 0.16125, ""test_prob_640"": 0.54, ""test_prob_768"": 0.065, ""test_prob_896"": 0.075}",1.0,dynamics_h_0p01_stage_2,fc9da6235fb1548d828cf68d55d93c2f858e835b161969d4cc33b00e5e83b603,shallow_m0064_r2,False,production_final,dynamics_unresolved,0.992890625,2,417604,1463113
2,1024.0,shallow,2048,True,,final_geometry_v15_20260930,4327fe4ece9317f6fd20fad18389a71e9b1f423b,32,True,0.6235237978419885,0.6235237978419885,822118be30066e2ad7805184a823770ccb2ca9a0d6000e559d8be6e5c136ec7b,;architecture_dynamics_dynamics_unresolved,interaction,0.01,full_posterior,64,0.6227229385114634,0.6778650469809848,0.6778650469809848,0.47086046862969794,0.47086046862969794,0.058482783735733256,0.05901793956346961,128,409600,2112,True,,2,interaction_3,interaction_3,"{""interaction_0"": 0.0325, ""interaction_1"": 0.185, ""interaction_2"": 0.11625, ""interaction_3"": 0.66625}",1.0,dynamics_h_0p01_stage_2,fc9da6235fb1548d828cf68d55d93c2f858e835b161969d4cc33b00e5e83b603,shallow_m0064_r2,False,production_final,dynamics_unresolved,0.992890625,2,417604,1463113
2,1024.0,shallow,512,True,,final_geometry_v15_20260930,4327fe4ece9317f6fd20fad18389a71e9b1f423b,32,True,0.4849426092386143,0.4849426092386143,ef1550b23c2d8062c768a542a113e072d27c07791584badd980bc77784340006,,loss,0.02,full_posterior,64,0.4847629098798348,0.5067116478461333,0.5067116478461333,0.4238698979021954,0.4238698979021954,0.02124523105807471,0.02111604910880491,128,204800,2112,True,,2,V,V,"{""V"": 1.0}",1.0,dynamics_h_0p02_stage_2,fc9da6235fb1548d828cf68d55d93c2f858e835b161969d4cc33b00e5e83b603,shallow_m0064_r2,True,validation_or_superseded,dynamics_unresolved,0.97951171875,3,208804,1463113
2,1024.0,shallow,1024,True,,final_geometry_v15_20260930,4327fe4ece9317f6fd20fad18389a71e9b1f423b,32,True,0.5375895321315545,0.5375895321315545,ef1550b23c2d8062c768a542a113e072d27c07791584badd980bc77784340006,,train_logit,0.02,full_posterior,64,0.6030298488072222,0.6229182287475097,0.6229182287475097,0.4579907331851555,0.4579907331851555,0.0398828833528399,0.040074716865935195,128,204800,2112,True,,2,train_logit_0,train_logit_48,"{""train_logit_0"": 0.5, ""train_logit_16"": 0.00375, ""train_logit_48"": 0.4675, ""train_logit_64"": 0.01, ""train_logit_80"": 0.00375, ""train_logit_96"": 0.015}",1.0,dynamics_h_0p02_stage_2,fc9da6235fb1548d828cf68d55d93c2f858e835b161969d4cc33b00e5e83b603,shallow_m0064_r2,True,validation_or_superseded,dynamics_unresolved,0.97951171875,3,208804,1463113
2,1024.0,shallow,1024,True,,final_geometry_v15_20260930,4327fe4ece9317f6fd20fad18389a71e9b1f423b,32,True,0.5204074623098577,0.5204074623098577,ef1550b23c2d8062c768a542a113e072d27c07791584badd980bc77784340006,,test_probability,0.02,full_posterior,64,0.5519530415044663,0.5795931008099039,0.5795931008099039,0.4339922909827873,0.4339922909827873,0.037202187237501017,0.03772862726321115,128,204800,2112,True,,2,test_prob_896,test_prob_640,"{""test_prob_0"": 0.14125, ""test_prob_128"": 0.03125, ""test_prob_256"": 0.17375, ""test_prob_384"": 0.0025, ""test_prob_512"": 0.2175, ""test_prob_640"": 0.20625, ""test_prob_768"": 0.06625, ""test_prob_896"": 0.16125}",1.0,dynamics_h_0p02_stage_2,fc9da6235fb1548d828cf68d55d93c2f858e835b161969d4cc33b00e5e83b603,shallow_m0064_r2,True,validation_or_superseded,dynamics_unresolved,0.97951171875,3,208804,1463113
2,1024.0,shallow,1024,True,,final_geometry_v15_20260930,4327fe4ece9317f6fd20fad18389a71e9b1f423b,32,True,0.5136287095432033,0.5136287095432033,ef1550b23c2d8062c768a542a113e072d27c07791584badd980bc77784340006,,interaction,0.02,full_posterior,64,0.5561393770677997,0.6016991927658688,0.6016991927658688,0.45984231312381313,0.45984231312381313,0.04091899835730133,0.04035803377474011,128,204800,2112,True,,2,interaction_3,interaction_0,"{""interaction_0"": 0.2675, ""interaction_1"": 0.22, ""interaction_2"": 0.005, ""interaction_3"": 0.5075}",1.0,dynamics_h_0p02_stage_2,fc9da6235fb1548d828cf68d55d93c2f858e835b161969d4cc33b00e5e83b603,shallow_m0064_r2,True,validation_or_superseded,dynamics_unresolved,0.97951171875,3,208804,1463113
2,1024.0,shallow,1024,True,,final_geometry_v15_20260930,4327fe4ece9317f6fd20fad18389a71e9b1f423b,32,True,0.3961973075848325,0.3961973075848325,db597f3beb937cc7109ebaeed0b59491104a80f518eea9c625c5c86e56400ba1,;architecture_dynamics_dynamics_unresolved,loss,0.01,full_posterior,256,0.39978167190987757,0.41054857328436756,0.41054857328436756,0.33346378581988095,0.33346378581988095,0.019356268387700316,0.020102899206961577,128,409600,8448,True,,0,V,V,"{""V"": 1.0}",1.0,dynamics_h_0p01_stage_2,5ffcf34dcb33edbff8ac327910bb107a5523c19a0d0683299bb0c37d97e4b101,shallow_m0256_r0,False,production_final,dynamics_unresolved,0.992880859375,2,417604,627909
2,1024.0,shallow,1024,True,,final_geometry_v15_20260930,4327fe4ece9317f6fd20fad18389a71e9b1f423b,32,True,0.40058653359597995,0.40058653359597995,db597f3beb937cc7109ebaeed0b59491104a80f518eea9c625c5c86e56400ba1,;architecture_dynamics_dynamics_unresolved,train_logit,0.01,full_posterior,256,0.46374848255351875,0.48479571395089144,0.48479571395089144,0.3571831689841377,0.3571831689841377,0.03266172321835666,0.035017056885888666,128,409600,8448,True,,0,train_logit_112,train_logit_32,"{""train_logit_0"": 0.065, ""train_logit_112"": 0.0975, ""train_logit_16"": 0.03375, ""train_logit_32"": 0.455, ""train_logit_48"": 0.13875, ""train_logit_64"": 0.04125, ""train_logit_80"": 0.07875, ""train_logit_96"": 0.09}",1.0,dynamics_h_0p01_stage_2,5ffcf34dcb33edbff8ac327910bb107a5523c19a0d0683299bb0c37d97e4b101,shallow_m0256_r0,False,production_final,dynamics_unresolved,0.992880859375,2,417604,627909
2,1024.0,shallow,2048,True,,final_geometry_v15_20260930,4327fe4ece9317f6fd20fad18389a71e9b1f423b,32,True,0.5118194233072081,0.5118194233072081,db597f3beb937cc7109ebaeed0b59491104a80f518eea9c625c5c86e56400ba1,;architecture_dynamics_dynamics_unresolved,test_probability,0.01,full_posterior,256,0.5280822425657062,0.5884184387286625,0.5884184387286625,0.422173657108793,0.422173657108793,0.046034288652065596,0.0418692705818912,128,409600,8448,True,,0,test_prob_896,test_prob_128,"{""test_prob_0"": 0.065, ""test_prob_128"": 0.27625, ""test_prob_256"": 0.0575, ""test_prob_384"": 0.065, ""test_prob_512"": 0.02125, ""test_prob_640"": 0.045, ""test_prob_768"": 0.07625, ""test_prob_896"": 0.39375}",1.0,dynamics_h_0p01_stage_2,5ffcf34dcb33edbff8ac327910bb107a5523c19a0d0683299bb0c37d97e4b101,shallow_m0256_r0,False,production_final,dynamics_unresolved,0.992880859375,2,417604,627909
2,1024.0,shallow,2048,True,,final_geometry_v15_20260930,4327fe4ece9317f6fd20fad18389a71e9b1f423b,32,True,0.5567675958412661,0.5567675958412661,db597f3beb937cc7109ebaeed0b59491104a80f518eea9c625c5c86e56400ba1,;architecture_dynamics_dynamics_unresolved,interaction,0.01,full_posterior,256,0.5787835372179864,0.5792153385731122,0.5792153385731122,0.45351823111136796,0.45351823111136796,0.03602063914410031,0.040812092191458794,128,409600,8448,True,,0,interaction_0,interaction_0,"{""interaction_0"": 0.3725, ""interaction_1"": 0.28875, ""interaction_2"": 0.29875, ""interaction_3"": 0.04}",1.0,dynamics_h_0p01_stage_2,5ffcf34dcb33edbff8ac327910bb107a5523c19a0d0683299bb0c37d97e4b101,shallow_m0256_r0,False,production_final,dynamics_unresolved,0.992880859375,2,417604,627909
2,1024.0,shallow,512,True,,final_geometry_v15_20260930,4327fe4ece9317f6fd20fad18389a71e9b1f423b,32,True,0.40420352383498903,0.40420352383498903,4c1f421861703241d6a8a8db76d6cf626d3ec7b1a922b205cd55d61519b73f9c,,loss,0.02,full_posterior,256,0.39790191219285165,0.42231380775200283,0.42231380775200283,0.35359687584612387,0.35359687584612387,0.017620249598156033,0.018566111657854673,128,204800,8448,True,,0,V,V,"{""V"": 1.0}",1.0,dynamics_h_0p02_stage_2,5ffcf34dcb33edbff8ac327910bb107a5523c19a0d0683299bb0c37d97e4b101,shallow_m0256_r0,True,validation_or_superseded,dynamics_unresolved,0.98021484375,3,208804,627909
2,1024.0,shallow,512,True,,final_geometry_v15_20260930,4327fe4ece9317f6fd20fad18389a71e9b1f423b,32,True,0.43785835878603097,0.43785835878603097,4c1f421861703241d6a8a8db76d6cf626d3ec7b1a922b205cd55d61519b73f9c,,train_logit,0.02,full_posterior,256,0.46049280968363643,0.47341062259336714,0.47341062259336714,0.36908789478882287,0.36908789478882287,0.02700785865557568,0.028508571492135117,128,204800,8448,True,,0,train_logit_96,train_logit_48,"{""train_logit_0"": 0.11375, ""train_logit_112"": 0.0125, ""train_logit_16"": 0.06125, ""train_logit_32"": 0.2425, ""train_logit_48"": 0.19375, ""train_logit_64"": 0.1125, ""train_logit_80"": 0.01875, ""train_logit_96"": 0.245}",1.0,dynamics_h_0p02_stage_2,5ffcf34dcb33edbff8ac327910bb107a5523c19a0d0683299bb0c37d97e4b101,shallow_m0256_r0,True,validation_or_superseded,dynamics_unresolved,0.98021484375,3,208804,627909
2,1024.0,shallow,512,True,,final_geometry_v15_20260930,4327fe4ece9317f6fd20fad18389a71e9b1f423b,32,True,0.46125642181329074,0.46125642181329074,4c1f421861703241d6a8a8db76d6cf626d3ec7b1a922b205cd55d61519b73f9c,,test_probability,0.02,full_posterior,256,0.5020728558602455,0.5354086757324584,0.5354086757324584,0.41173383868576124,0.41173383868576124,0.03222828711260898,0.0310219745813411,128,204800,8448,True,,0,test_prob_768,test_prob_128,"{""test_prob_0"": 0.06, ""test_prob_128"": 0.23875, ""test_prob_256"": 0.035, ""test_prob_384"": 0.13125, ""test_prob_512"": 0.03375, ""test_prob_640"": 0.1125, ""test_prob_768"": 0.13375, ""test_prob_896"": 0.255}",1.0,dynamics_h_0p02_stage_2,5ffcf34dcb33edbff8ac327910bb107a5523c19a0d0683299bb0c37d97e4b101,shallow_m0256_r0,True,validation_or_superseded,dynamics_unresolved,0.98021484375,3,208804,627909
2,1024.0,shallow,1024,True,,final_geometry_v15_20260930,4327fe4ece9317f6fd20fad18389a71e9b1f423b,32,True,0.5062656679841556,0.5062656679841556,4c1f421861703241d6a8a8db76d6cf626d3ec7b1a922b205cd55d61519b73f9c,,interaction,0.02,full_posterior,256,0.5574765887565846,0.6048791206239958,0.6048791206239958,0.44791553743390927,0.44791553743390927,0.043200376029445854,0.0412613624079027,128,204800,8448,True,,0,interaction_0,interaction_3,"{""interaction_0"": 0.23875, ""interaction_1"": 0.20625, ""interaction_2"": 0.0825, ""interaction_3"": 0.4725}",1.0,dynamics_h_0p02_stage_2,5ffcf34dcb33edbff8ac327910bb107a5523c19a0d0683299bb0c37d97e4b101,shallow_m0256_r0,True,validation_or_superseded,dynamics_unresolved,0.98021484375,3,208804,627909
2,1024.0,shallow,1024,True,,final_geometry_v15_20260930,4327fe4ece9317f6fd20fad18389a71e9b1f423b,32,True,0.41140118797110575,0.41140118797110575,c3c24218a3cf0b38db09e41488b370dd06b4fd0032cf7a8d9da01024ebebce18,;architecture_dynamics_dynamics_unresolved,loss,0.01,full_posterior,256,0.41332318164819476,0.4280404177999876,0.4280404177999876,0.3497763637420136,0.3497763637420136,0.019988746396854388,0.022527265928932397,128,409600,8448,True,,1,V,V,"{""V"": 1.0}",1.0,dynamics_h_0p01_stage_2,8f5887633c4c57f2ac0982e01a15dae641286ed569accf33e93d0425c2b98209,shallow_m0256_r1,False,production_final,dynamics_unresolved,0.99376953125,2,417604,627909
2,1024.0,shallow,1024,True,,final_geometry_v15_20260930,4327fe4ece9317f6fd20fad18389a71e9b1f423b,32,True,0.3996362420984446,0.3996362420984446,c3c24218a3cf0b38db09e41488b370dd06b4fd0032cf7a8d9da01024ebebce18,;architecture_dynamics_dynamics_unresolved,train_logit,0.01,full_posterior,256,0.47845736193868504,0.493238140704657,0.493238140704657,0.35977621336573845,0.35977621336573845,0.03540145637294883,0.03790622744206178,128,409600,8448,True,,1,train_logit_32,train_logit_48,"{""train_logit_0"": 0.1175, ""train_logit_112"": 0.06, ""train_logit_16"": 0.01625, ""train_logit_32"": 0.155, ""train_logit_48"": 0.36125, ""train_logit_64"": 0.03, ""train_logit_80"": 0.0475, ""train_logit_96"": 0.2125}",1.0,dynamics_h_0p01_stage_2,8f5887633c4c57f2ac0982e01a15dae641286ed569accf33e93d0425c2b98209,shallow_m0256_r1,False,production_final,dynamics_unresolved,0.99376953125,2,417604,627909
2,1024.0,shallow,2048,True,,final_geometry_v15_20260930,4327fe4ece9317f6fd20fad18389a71e9b1f423b,32,True,0.475321516430088,0.475321516430088,c3c24218a3cf0b38db09e41488b370dd06b4fd0032cf7a8d9da01024ebebce18,;architecture_dynamics_dynamics_unresolved,test_probability,0.01,full_posterior,256,0.5304729152182361,0.56577500077331,0.56577500077331,0.4248232757011779,0.4248232757011779,0.034921944508669145,0.03664783245487262,128,409600,8448,True,,1,test_prob_512,test_prob_640,"{""test_prob_0"": 0.1575, ""test_prob_128"": 0.0325, ""test_prob_256"": 0.0125, ""test_prob_384"": 0.00625, ""test_prob_512"": 0.415, ""test_prob_640"": 0.12, ""test_prob_768"": 0.22625, ""test_prob_896"": 0.03}",1.0,dynamics_h_0p01_stage_2,8f5887633c4c57f2ac0982e01a15dae641286ed569accf33e93d0425c2b98209,shallow_m0256_r1,False,production_final,dynamics_unresolved,0.99376953125,2,417604,627909
2,1024.0,shallow,2048,True,,final_geometry_v15_20260930,4327fe4ece9317f6fd20fad18389a71e9b1f423b,32,True,0.4929799717858347,0.4929799717858347,c3c24218a3cf0b38db09e41488b370dd06b4fd0032cf7a8d9da01024ebebce18,;architecture_dynamics_dynamics_unresolved,interaction,0.01,full_posterior,256,0.5336114378203144,0.5849210736266447,0.5849210736266447,0.43016805940095176,0.43016805940095176,0.041206524886301,0.046388269954128786,128,409600,8448,True,,1,interaction_1,interaction_3,"{""interaction_0"": 0.1225, ""interaction_1"": 0.1975, ""interaction_2"": 0.1975, ""interaction_3"": 0.4825}",1.0,dynamics_h_0p01_stage_2,8f5887633c4c57f2ac0982e01a15dae641286ed569accf33e93d0425c2b98209,shallow_m0256_r1,False,production_final,dynamics_unresolved,0.99376953125,2,417604,627909
2,1024.0,shallow,512,True,,final_geometry_v15_20260930,4327fe4ece9317f6fd20fad18389a71e9b1f423b,32,True,0.41330649000836006,0.41330649000836006,aaa1959cbf4b71d236b96313c7510654d87ccac7aab478398a63c2530b769b97,,loss,0.02,full_posterior,256,0.40967444733344954,0.43558248789513676,0.43558248789513676,0.35622594932601637,0.35622594932601637,0.019158857795026227,0.018545752529598357,128,204800,8448,True,,1,V,V,"{""V"": 1.0}",1.0,dynamics_h_0p02_stage_2,8f5887633c4c57f2ac0982e01a15dae641286ed569accf33e93d0425c2b98209,shallow_m0256_r1,True,validation_or_superseded,dynamics_unresolved,0.98236328125,3,208804,627909
2,1024.0,shallow,512,True,,final_geometry_v15_20260930,4327fe4ece9317f6fd20fad18389a71e9b1f423b,32,True,0.4138065030984967,0.4138065030984967,aaa1959cbf4b71d236b96313c7510654d87ccac7aab478398a63c2530b769b97,,train_logit,0.02,full_posterior,256,0.4751165669658733,0.48816636359154236,0.48816636359154236,0.3602635742864269,0.3602635742864269,0.0328129353348783,0.032137545990776915,128,204800,8448,True,,1,train_logit_16,train_logit_80,"{""train_logit_0"": 0.035, ""train_logit_112"": 0.085, ""train_logit_16"": 0.19625, ""train_logit_32"": 0.02625, ""train_logit_48"": 0.3425, ""train_logit_64"": 0.085, ""train_logit_80"": 0.1925, ""train_logit_96"": 0.0375}",1.0,dynamics_h_0p02_stage_2,8f5887633c4c57f2ac0982e01a15dae641286ed569accf33e93d0425c2b98209,shallow_m0256_r1,True,validation_or_superseded,dynamics_unresolved,0.98236328125,3,208804,627909
2,1024.0,shallow,1024,True,,final_geometry_v15_20260930,4327fe4ece9317f6fd20fad18389a71e9b1f423b,32,True,0.4927706791926002,0.4927706791926002,aaa1959cbf4b71d236b96313c7510654d87ccac7aab478398a63c2530b769b97,,test_probability,0.02,full_posterior,256,0.5265556622558636,0.559565766132328,0.559565766132328,0.4320109669459587,0.4320109669459587,0.03216396219486489,0.03308987243335156,128,204800,8448,True,,1,test_prob_896,test_prob_640,"{""test_prob_0"": 0.1325, ""test_prob_128"": 0.01375, ""test_prob_256"": 0.0475, ""test_prob_512"": 0.1075, ""test_prob_640"": 0.26, ""test_prob_768"": 0.18625, ""test_prob_896"": 0.2525}",1.0,dynamics_h_0p02_stage_2,8f5887633c4c57f2ac0982e01a15dae641286ed569accf33e93d0425c2b98209,shallow_m0256_r1,True,validation_or_superseded,dynamics_unresolved,0.98236328125,3,208804,627909
2,1024.0,shallow,1024,True,,final_geometry_v15_20260930,4327fe4ece9317f6fd20fad18389a71e9b1f423b,32,True,0.5632638139302577,0.5632638139302577,aaa1959cbf4b71d236b96313c7510654d87ccac7aab478398a63c2530b769b97,,interaction,0.02,full_posterior,256,0.5850830988871378,0.6532171169357017,0.6532171169357017,0.46981587298987976,0.46981587298987976,0.04882883229943277,0.04954053489707178,128,204800,8448,True,,1,interaction_3,interaction_2,"{""interaction_0"": 0.01, ""interaction_1"": 0.22625, ""interaction_2"": 0.39375, ""interaction_3"": 0.37}",1.0,dynamics_h_0p02_stage_2,8f5887633c4c57f2ac0982e01a15dae641286ed569accf33e93d0425c2b98209,shallow_m0256_r1,True,validation_or_superseded,dynamics_unresolved,0.98236328125,3,208804,627909
2,1024.0,shallow,1024,True,,final_geometry_v15_20260930,4327fe4ece9317f6fd20fad18389a71e9b1f423b,32,True,0.3897788092046695,0.3897788092046695,4249eabf37ec2244057d1eef206140dcc514d6e887324c0662943dd90fd1b66f,;architecture_dynamics_dynamics_unresolved,loss,0.01,full_posterior,256,0.3892812475942434,0.4088654079572139,0.4088654079572139,0.3440398633777568,0.3440398633777568,0.01636999394480025,0.016681134088158838,128,409600,8448,True,,2,V,V,"{""V"": 1.0}",1.0,dynamics_h_0p01_stage_2,2b0a25edaba13f9bb4eae0a84a065effa6848903405ea8fc1871d85b581b5ff9,shallow_m0256_r2,False,production_final,dynamics_unresolved,0.99326171875,2,417604,627909
2,1024.0,shallow,2048,True,,final_geometry_v15_20260930,4327fe4ece9317f6fd20fad18389a71e9b1f423b,32,True,0.5133125269816139,0.5133125269816139,4249eabf37ec2244057d1eef206140dcc514d6e887324c0662943dd90fd1b66f,;architecture_dynamics_dynamics_unresolved,train_logit,0.01,full_posterior,256,0.5179135362956899,0.5611104307041472,0.5611104307041472,0.38612366112769175,0.38612366112769175,0.04795263763660811,0.045658605278394986,128,409600,8448,True,,2,train_logit_0,train_logit_0,"{""train_logit_0"": 0.645, ""train_logit_16"": 0.0275, ""train_logit_32"": 0.055, ""train_logit_48"": 0.1025, ""train_logit_64"": 0.13375, ""train_logit_96"": 0.03625}",1.0,dynamics_h_0p01_stage_2,2b0a25edaba13f9bb4eae0a84a065effa6848903405ea8fc1871d85b581b5ff9,shallow_m0256_r2,False,production_final,dynamics_unresolved,0.99326171875,2,417604,627909
2,1024.0,shallow,1024,True,,final_geometry_v15_20260930,4327fe4ece9317f6fd20fad18389a71e9b1f423b,32,True,0.4190365316152428,0.4190365316152428,4249eabf37ec2244057d1eef206140dcc514d6e887324c0662943dd90fd1b66f,;architecture_dynamics_dynamics_unresolved,test_probability,0.01,full_posterior,256,0.46481240303603594,0.48185564858760144,0.48185564858760144,0.35161169161466815,0.35161169161466815,0.029592944692775576,0.02951413751818642,128,409600,8448,True,,2,test_prob_384,test_prob_512,"{""test_prob_0"": 0.13875, ""test_prob_128"": 0.1575, ""test_prob_256"": 0.11875, ""test_prob_384"": 0.13125, ""test_prob_512"": 0.16875, ""test_prob_640"": 0.0325, ""test_prob_768"": 0.0675, ""test_prob_896"": 0.185}",1.0,dynamics_h_0p01_stage_2,2b0a25edaba13f9bb4eae0a84a065effa6848903405ea8fc1871d85b581b5ff9,shallow_m0256_r2,False,production_final,dynamics_unresolved,0.99326171875,2,417604,627909
2,1024.0,shallow,1024,True,,final_geometry_v15_20260930,4327fe4ece9317f6fd20fad18389a71e9b1f423b,32,True,0.48851218665218626,0.48851218665218626,4249eabf37ec2244057d1eef206140dcc514d6e887324c0662943dd90fd1b66f,;architecture_dynamics_dynamics_unresolved,interaction,0.01,full_posterior,256,0.5109482078481756,0.5491683830219848,0.5491683830219848,0.42675785840911723,0.42675785840911723,0.03102120182849016,0.03176830515309457,128,409600,8448,True,,2,interaction_1,interaction_2,"{""interaction_0"": 0.19625, ""interaction_1"": 0.37, ""interaction_2"": 0.36, ""interaction_3"": 0.07375}",1.0,dynamics_h_0p01_stage_2,2b0a25edaba13f9bb4eae0a84a065effa6848903405ea8fc1871d85b581b5ff9,shallow_m0256_r2,False,production_final,dynamics_unresolved,0.99326171875,2,417604,627909
2,1024.0,shallow,512,True,,final_geometry_v15_20260930,4327fe4ece9317f6fd20fad18389a71e9b1f423b,32,True,0.43495370949442225,0.43495370949442225,aed4bd6a5c3abe2abe94e1a0dcd43892f55e5d104279a60b38c992085443150d,,loss,0.02,full_posterior,256,0.4087962589489512,0.4591186453142594,0.4591186453142594,0.34982280231757124,0.34982280231757124,0.028395273892381202,0.03445127017481105,128,204800,8448,True,,2,V,V,"{""V"": 1.0}",1.0,dynamics_h_0p02_stage_2,2b0a25edaba13f9bb4eae0a84a065effa6848903405ea8fc1871d85b581b5ff9,shallow_m0256_r2,True,validation_or_superseded,dynamics_unresolved,0.98123046875,3,208804,627909
2,1024.0,shallow,512,True,,final_geometry_v15_20260930,4327fe4ece9317f6fd20fad18389a71e9b1f423b,32,True,0.40974984960199845,0.40974984960199845,aed4bd6a5c3abe2abe94e1a0dcd43892f55e5d104279a60b38c992085443150d,,train_logit,0.02,full_posterior,256,0.4900881178575501,0.5127359106989742,0.5127359106989742,0.37106869682564214,0.37106869682564214,0.0367809807029783,0.03795319216871438,128,204800,8448,True,,2,train_logit_80,train_logit_16,"{""train_logit_0"": 0.2725, ""train_logit_16"": 0.1225, ""train_logit_32"": 0.0925, ""train_logit_48"": 0.28875, ""train_logit_64"": 0.0575, ""train_logit_80"": 0.155, ""train_logit_96"": 0.01125}",1.0,dynamics_h_0p02_stage_2,2b0a25edaba13f9bb4eae0a84a065effa6848903405ea8fc1871d85b581b5ff9,shallow_m0256_r2,True,validation_or_superseded,dynamics_unresolved,0.98123046875,3,208804,627909
2,1024.0,shallow,1024,True,,final_geometry_v15_20260930,4327fe4ece9317f6fd20fad18389a71e9b1f423b,32,True,0.5788903718592393,0.5788903718592393,aed4bd6a5c3abe2abe94e1a0dcd43892f55e5d104279a60b38c992085443150d,,test_probability,0.02,full_posterior,256,0.5745273986539434,0.6351083671722197,0.6351083671722197,0.412390411486399,0.412390411486399,0.06050480812236554,0.0726738796178475,128,204800,8448,True,,2,test_prob_256,test_prob_256,"{""test_prob_0"": 0.06, ""test_prob_128"": 0.01625, ""test_prob_256"": 0.54375, ""test_prob_384"": 0.03125, ""test_prob_512"": 0.15375, ""test_prob_640"": 0.0475, ""test_prob_768"": 0.025, ""test_prob_896"": 0.1225}",1.0,dynamics_h_0p02_stage_2,2b0a25edaba13f9bb4eae0a84a065effa6848903405ea8fc1871d85b581b5ff9,shallow_m0256_r2,True,validation_or_superseded,dynamics_unresolved,0.98123046875,3,208804,627909
2,1024.0,shallow,1024,True,,final_geometry_v15_20260930,4327fe4ece9317f6fd20fad18389a71e9b1f423b,32,True,0.5244906574581609,0.5244906574581609,aed4bd6a5c3abe2abe94e1a0dcd43892f55e5d104279a60b38c992085443150d,,interaction,0.02,full_posterior,256,0.5253153411178427,0.5795529982894965,0.5795529982894965,0.4235503230532169,0.4235503230532169,0.0420661380718774,0.045682078759824406,128,204800,8448,True,,2,interaction_3,interaction_3,"{""interaction_0"": 0.075, ""interaction_1"": 0.25625, ""interaction_2"": 0.13625, ""interaction_3"": 0.5325}",1.0,dynamics_h_0p02_stage_2,2b0a25edaba13f9bb4eae0a84a065effa6848903405ea8fc1871d85b581b5ff9,shallow_m0256_r2,True,validation_or_superseded,dynamics_unresolved,0.98123046875,3,208804,627909
2,1024.0,shallow,1024,True,,final_geometry_v15_20260930,4327fe4ece9317f6fd20fad18389a71e9b1f423b,32,True,0.36231359035132116,0.36231359035132116,e2017cad3b17a071ee7b7614968ab2408d9b37eae47773c2035786756e05b49f,;architecture_dynamics_dynamics_unresolved,loss,0.01,full_posterior,1024,0.361971196326286,0.38641948046144964,0.38641948046144964,0.3291603999269889,0.3291603999269889,0.013488171867258675,0.01260636231044596,128,409600,33792,True,,0,V,V,"{""V"": 1.0}",1.0,dynamics_h_0p01_stage_2,02cdf7a9fb4a8ebea158d555e3da7f259fe2d98afd52f242938d3e8f57697d6a,shallow_m1024_r0,False,production_final,dynamics_unresolved,0.99333984375,2,417604,525509
2,1024.0,shallow,1024,True,,final_geometry_v15_20260930,4327fe4ece9317f6fd20fad18389a71e9b1f423b,32,True,0.42915968212697964,0.42915968212697964,e2017cad3b17a071ee7b7614968ab2408d9b37eae47773c2035786756e05b49f,;architecture_dynamics_dynamics_unresolved,train_logit,0.01,full_posterior,1024,0.46182092829019483,0.4823852271542127,0.4823852271542127,0.35010702703975866,0.35010702703975866,0.034262921920401986,0.039526201210419366,128,409600,33792,True,,0,train_logit_0,train_logit_32,"{""train_logit_0"": 0.24, ""train_logit_112"": 0.01875, ""train_logit_16"": 0.0375, ""train_logit_32"": 0.23875, ""train_logit_48"": 0.05, ""train_logit_64"": 0.0775, ""train_logit_80"": 0.2675, ""train_logit_96"": 0.07}",1.0,dynamics_h_0p01_stage_2,02cdf7a9fb4a8ebea158d555e3da7f259fe2d98afd52f242938d3e8f57697d6a,shallow_m1024_r0,False,production_final,dynamics_unresolved,0.99333984375,2,417604,525509
2,1024.0,shallow,1024,True,,final_geometry_v15_20260930,4327fe4ece9317f6fd20fad18389a71e9b1f423b,32,True,0.4140013473960751,0.4140013473960751,e2017cad3b17a071ee7b7614968ab2408d9b37eae47773c2035786756e05b49f,;architecture_dynamics_dynamics_unresolved,test_probability,0.01,full_posterior,1024,0.4944476166308703,0.4855263958625884,0.4855263958625884,0.36725723676578137,0.36725723676578137,0.027721417741530252,0.029707693312929963,128,409600,33792,True,,0,test_prob_768,test_prob_128,"{""test_prob_0"": 0.065, ""test_prob_128"": 0.31125, ""test_prob_256"": 0.0525, ""test_prob_384"": 0.02375, ""test_prob_512"": 0.1075, ""test_prob_640"": 0.10875, ""test_prob_768"": 0.29125, ""test_prob_896"": 0.04}",1.0,dynamics_h_0p01_stage_2,02cdf7a9fb4a8ebea158d555e3da7f259fe2d98afd52f242938d3e8f57697d6a,shallow_m1024_r0,False,production_final,dynamics_unresolved,0.99333984375,2,417604,525509
2,1024.0,shallow,2048,True,,final_geometry_v15_20260930,4327fe4ece9317f6fd20fad18389a71e9b1f423b,32,True,0.47399364867910987,0.47399364867910987,e2017cad3b17a071ee7b7614968ab2408d9b37eae47773c2035786756e05b49f,;architecture_dynamics_dynamics_unresolved,interaction,0.01,full_posterior,1024,0.5512609420353204,0.5858075897816811,0.5858075897816811,0.4331677678662295,0.4331677678662295,0.04020596089113751,0.04218653613313485,128,409600,33792,True,,0,interaction_2,interaction_0,"{""interaction_0"": 0.4175, ""interaction_1"": 0.28875, ""interaction_2"": 0.2375, ""interaction_3"": 0.05625}",1.0,dynamics_h_0p01_stage_2,02cdf7a9fb4a8ebea158d555e3da7f259fe2d98afd52f242938d3e8f57697d6a,shallow_m1024_r0,False,production_final,dynamics_unresolved,0.99333984375,2,417604,525509
2,512.0,shallow,512,True,,final_geometry_v15_20260930,4327fe4ece9317f6fd20fad18389a71e9b1f423b,32,True,0.4273210148949613,0.4273210148949613,695649e43e92a5dbc72c5f5af66436d0d716e4fe75d84666ec8b9ea7e35cc7e1,,loss,0.02,full_posterior,1024,0.41468928468979377,0.46478044217992104,0.46478044217992104,0.3461411898102898,0.3461411898102898,0.030709671262764488,0.0336463583012059,128,102400,33792,True,,0,V,V,"{""V"": 1.0}",1.0,dynamics_h_0p02_stage_1,02cdf7a9fb4a8ebea158d555e3da7f259fe2d98afd52f242938d3e8f57697d6a,shallow_m1024_r0,True,validation_or_superseded,dynamics_unresolved,0.980703125,3,106404,525509
2,512.0,shallow,512,True,,final_geometry_v15_20260930,4327fe4ece9317f6fd20fad18389a71e9b1f423b,32,True,0.4227769784721727,0.4227769784721727,695649e43e92a5dbc72c5f5af66436d0d716e4fe75d84666ec8b9ea7e35cc7e1,,train_logit,0.02,full_posterior,1024,0.4739396167490279,0.5159141091259222,0.5159141091259222,0.35854056506428267,0.35854056506428267,0.039206193848305024,0.03844467587208386,128,102400,33792,True,,0,train_logit_96,train_logit_48,"{""train_logit_0"": 0.055, ""train_logit_112"": 0.0075, ""train_logit_16"": 0.04375, ""train_logit_32"": 0.17125, ""train_logit_48"": 0.2825, ""train_logit_64"": 0.02375, ""train_logit_80"": 0.25875, ""train_logit_96"": 0.1575}",1.0,dynamics_h_0p02_stage_1,02cdf7a9fb4a8ebea158d555e3da7f259fe2d98afd52f242938d3e8f57697d6a,shallow_m1024_r0,True,validation_or_superseded,dynamics_unresolved,0.980703125,3,106404,525509
2,512.0,shallow,1024,True,,final_geometry_v15_20260930,4327fe4ece9317f6fd20fad18389a71e9b1f423b,32,True,0.47015515964534704,0.47015515964534704,695649e43e92a5dbc72c5f5af66436d0d716e4fe75d84666ec8b9ea7e35cc7e1,,test_probability,0.02,full_posterior,1024,0.6130079192255632,0.6504890815247546,0.6504890815247546,0.4078168821598659,0.4078168821598659,0.06298250022972411,0.06281155855627389,128,102400,33792,True,,0,test_prob_128,test_prob_640,"{""test_prob_0"": 0.08125, ""test_prob_128"": 0.43125, ""test_prob_256"": 0.12375, ""test_prob_384"": 0.04875, ""test_prob_512"": 0.01875, ""test_prob_640"": 0.14625, ""test_prob_768"": 0.035, ""test_prob_896"": 0.115}",1.0,dynamics_h_0p02_stage_1,02cdf7a9fb4a8ebea158d555e3da7f259fe2d98afd52f242938d3e8f57697d6a,shallow_m1024_r0,True,validation_or_superseded,dynamics_unresolved,0.980703125,3,106404,525509
2,512.0,shallow,1024,True,,final_geometry_v15_20260930,4327fe4ece9317f6fd20fad18389a71e9b1f423b,32,True,0.5406717709396525,0.5406717709396525,695649e43e92a5dbc72c5f5af66436d0d716e4fe75d84666ec8b9ea7e35cc7e1,,interaction,0.02,full_posterior,1024,0.5465920825033092,0.6280906609598641,0.6280906609598641,0.3938551612933417,0.3938551612933417,0.06563216694141827,0.06809956562573968,128,102400,33792,True,,0,interaction_0,interaction_0,"{""interaction_0"": 0.55875, ""interaction_1"": 0.04375, ""interaction_2"": 0.0975, ""interaction_3"": 0.3}",1.0,dynamics_h_0p02_stage_1,02cdf7a9fb4a8ebea158d555e3da7f259fe2d98afd52f242938d3e8f57697d6a,shallow_m1024_r0,True,validation_or_superseded,dynamics_unresolved,0.980703125,3,106404,525509
2,1024.0,shallow,1024,True,,final_geometry_v15_20260930,4327fe4ece9317f6fd20fad18389a71e9b1f423b,32,True,0.42408402885806185,0.42408402885806185,1ba5ed6b2d648eaf1fb0f8fdbee5782deaa8ea3260d998a4e873fcfd5e6d8eef,;architecture_dynamics_dynamics_unresolved,loss,0.01,full_posterior,1024,0.4248813722134259,0.44128518671993017,0.44128518671993017,0.3736518862448793,0.3736518862448793,0.018206402276900808,0.017133537307107545,128,409600,33792,True,,1,V,V,"{""V"": 1.0}",1.0,dynamics_h_0p01_stage_2,75855771a1231e62e6e66f10e2f0fc9a96b653fa2c1e6c16aa05920b18f8825c,shallow_m1024_r1,False,production_final,dynamics_unresolved,0.99380859375,2,417604,627909
2,1024.0,shallow,1024,True,,final_geometry_v15_20260930,4327fe4ece9317f6fd20fad18389a71e9b1f423b,32,True,0.4376436423627863,0.4376436423627863,1ba5ed6b2d648eaf1fb0f8fdbee5782deaa8ea3260d998a4e873fcfd5e6d8eef,;architecture_dynamics_dynamics_unresolved,train_logit,0.01,full_posterior,1024,0.44887911672331626,0.4661021743925851,0.4661021743925851,0.35954086143386244,0.35954086143386244,0.02679933239375228,0.028402119781612358,128,409600,33792,True,,1,train_logit_48,train_logit_80,"{""train_logit_0"": 0.12375, ""train_logit_112"": 0.04625, ""train_logit_16"": 0.08125, ""train_logit_32"": 0.02875, ""train_logit_48"": 0.38125, ""train_logit_64"": 0.03, ""train_logit_80"": 0.18625, ""train_logit_96"": 0.1225}",1.0,dynamics_h_0p01_stage_2,75855771a1231e62e6e66f10e2f0fc9a96b653fa2c1e6c16aa05920b18f8825c,shallow_m1024_r1,False,production_final,dynamics_unresolved,0.99380859375,2,417604,627909
2,1024.0,shallow,1024,True,,final_geometry_v15_20260930,4327fe4ece9317f6fd20fad18389a71e9b1f423b,32,True,0.45189072059646057,0.45189072059646057,1ba5ed6b2d648eaf1fb0f8fdbee5782deaa8ea3260d998a4e873fcfd5e6d8eef,;architecture_dynamics_dynamics_unresolved,test_probability,0.01,full_posterior,1024,0.4873112791820826,0.5005073396597248,0.5005073396597248,0.39215037729750746,0.39215037729750746,0.027449885625508545,0.02915224123972191,128,409600,33792,True,,1,test_prob_512,test_prob_256,"{""test_prob_0"": 0.1325, ""test_prob_128"": 0.015, ""test_prob_256"": 0.2125, ""test_prob_384"": 0.0225, ""test_prob_512"": 0.27125, ""test_prob_640"": 0.18375, ""test_prob_768"": 0.07625, ""test_prob_896"": 0.08625}",1.0,dynamics_h_0p01_stage_2,75855771a1231e62e6e66f10e2f0fc9a96b653fa2c1e6c16aa05920b18f8825c,shallow_m1024_r1,False,production_final,dynamics_unresolved,0.99380859375,2,417604,627909
2,1024.0,shallow,2048,True,,final_geometry_v15_20260930,4327fe4ece9317f6fd20fad18389a71e9b1f423b,32,True,0.48249568235992496,0.48249568235992496,1ba5ed6b2d648eaf1fb0f8fdbee5782deaa8ea3260d998a4e873fcfd5e6d8eef,;architecture_dynamics_dynamics_unresolved,interaction,0.01,full_posterior,1024,0.5153954762373122,0.5814248591309233,0.5814248591309233,0.43319856147659036,0.43319856147659036,0.037319947072204464,0.03684226253160705,128,409600,33792,True,,1,interaction_2,interaction_3,"{""interaction_0"": 0.14, ""interaction_1"": 0.24375, ""interaction_2"": 0.305, ""interaction_3"": 0.31125}",1.0,dynamics_h_0p01_stage_2,75855771a1231e62e6e66f10e2f0fc9a96b653fa2c1e6c16aa05920b18f8825c,shallow_m1024_r1,False,production_final,dynamics_unresolved,0.99380859375,2,417604,627909
2,1024.0,shallow,512,True,,final_geometry_v15_20260930,4327fe4ece9317f6fd20fad18389a71e9b1f423b,32,True,0.3760713352426682,0.3760713352426682,44b83303b6b8bc34fe9e4b04e1e8cf3ff198871f508553998ed22b378ac85977,,loss,0.02,full_posterior,1024,0.3762042376796284,0.39460464019687247,0.39460464019687247,0.3357441766489208,0.3357441766489208,0.015669704087659934,0.015651312339352692,128,204800,33792,True,,1,V,V,"{""V"": 1.0}",1.0,dynamics_h_0p02_stage_2,75855771a1231e62e6e66f10e2f0fc9a96b653fa2c1e6c16aa05920b18f8825c,shallow_m1024_r1,True,validation_or_superseded,dynamics_unresolved,0.98302734375,3,208804,627909
2,1024.0,shallow,512,True,,final_geometry_v15_20260930,4327fe4ece9317f6fd20fad18389a71e9b1f423b,32,True,0.4019505130759685,0.4019505130759685,44b83303b6b8bc34fe9e4b04e1e8cf3ff198871f508553998ed22b378ac85977,,train_logit,0.02,full_posterior,1024,0.4244132906225758,0.4380190434351453,0.4380190434351453,0.3466611289087537,0.3466611289087537,0.023057724978379046,0.0247477536241095,128,204800,33792,True,,1,train_logit_32,train_logit_48,"{""train_logit_0"": 0.1225, ""train_logit_112"": 0.12875, ""train_logit_16"": 0.0275, ""train_logit_32"": 0.12375, ""train_logit_48"": 0.26375, ""train_logit_64"": 0.1825, ""train_logit_80"": 0.07125, ""train_logit_96"": 0.08}",1.0,dynamics_h_0p02_stage_2,75855771a1231e62e6e66f10e2f0fc9a96b653fa2c1e6c16aa05920b18f8825c,shallow_m1024_r1,True,validation_or_superseded,dynamics_unresolved,0.98302734375,3,208804,627909
2,1024.0,shallow,1024,True,,final_geometry_v15_20260930,4327fe4ece9317f6fd20fad18389a71e9b1f423b,32,True,0.4590823363227459,0.4590823363227459,44b83303b6b8bc34fe9e4b04e1e8cf3ff198871f508553998ed22b378ac85977,,test_probability,0.02,full_posterior,1024,0.5222868765510983,0.5537329190640076,0.5537329190640076,0.4139136667112602,0.4139136667112602,0.037081105264616956,0.037165649256650085,128,204800,33792,True,,1,test_prob_256,test_prob_896,"{""test_prob_0"": 0.05125, ""test_prob_128"": 0.00875, ""test_prob_256"": 0.29875, ""test_prob_384"": 0.015, ""test_prob_512"": 0.33375, ""test_prob_640"": 0.155, ""test_prob_768"": 0.02125, ""test_prob_896"": 0.11625}",1.0,dynamics_h_0p02_stage_2,75855771a1231e62e6e66f10e2f0fc9a96b653fa2c1e6c16aa05920b18f8825c,shallow_m1024_r1,True,validation_or_superseded,dynamics_unresolved,0.98302734375,3,208804,627909
2,1024.0,shallow,1024,True,,final_geometry_v15_20260930,4327fe4ece9317f6fd20fad18389a71e9b1f423b,32,True,0.5616252748547557,0.5616252748547557,44b83303b6b8bc34fe9e4b04e1e8cf3ff198871f508553998ed22b378ac85977,,interaction,0.02,full_posterior,1024,0.5555593848310915,0.6038040785619662,0.6038040785619662,0.4559443799775983,0.4559443799775983,0.04155028146151309,0.04183212875794101,128,204800,33792,True,,1,interaction_0,interaction_0,"{""interaction_0"": 0.79875, ""interaction_1"": 0.0525, ""interaction_2"": 0.105, ""interaction_3"": 0.04375}",1.0,dynamics_h_0p02_stage_2,75855771a1231e62e6e66f10e2f0fc9a96b653fa2c1e6c16aa05920b18f8825c,shallow_m1024_r1,True,validation_or_superseded,dynamics_unresolved,0.98302734375,3,208804,627909
2,1024.0,shallow,1024,True,,final_geometry_v15_20260930,4327fe4ece9317f6fd20fad18389a71e9b1f423b,32,True,0.3676825348605265,0.3676825348605265,65c31b43cc8bbecafa99293d37af058acc314ea0328e19d56d42efd6354d837e,;architecture_dynamics_dynamics_unresolved,loss,0.01,full_posterior,1024,0.36801919706605096,0.38571725013479985,0.38571725013479985,0.3331440004045704,0.3331440004045704,0.014147256551161726,0.014374683261096055,128,409600,33792,True,,2,V,V,"{""V"": 1.0}",1.0,dynamics_h_0p01_stage_2,61fa5b97160a40ea4623d9b0909f5c6bd1efc198e054db5ea14dff80a68ca165,shallow_m1024_r2,False,production_final,dynamics_unresolved,0.9933984375,2,417604,627909
2,1024.0,shallow,1024,True,,final_geometry_v15_20260930,4327fe4ece9317f6fd20fad18389a71e9b1f423b,32,True,0.4909688547821306,0.4909688547821306,65c31b43cc8bbecafa99293d37af058acc314ea0328e19d56d42efd6354d837e,;architecture_dynamics_dynamics_unresolved,train_logit,0.01,full_posterior,1024,0.4899425230883091,0.5097909677765773,0.5097909677765773,0.36126379181626833,0.36126379181626833,0.04129481788342579,0.04245085680500211,128,409600,33792,True,,2,train_logit_0,train_logit_0,"{""train_logit_0"": 0.41, ""train_logit_112"": 0.015, ""train_logit_16"": 0.1025, ""train_logit_48"": 0.26625, ""train_logit_64"": 0.14125, ""train_logit_80"": 0.02875, ""train_logit_96"": 0.03625}",1.0,dynamics_h_0p01_stage_2,61fa5b97160a40ea4623d9b0909f5c6bd1efc198e054db5ea14dff80a68ca165,shallow_m1024_r2,False,production_final,dynamics_unresolved,0.9933984375,2,417604,627909
2,1024.0,shallow,1024,True,,final_geometry_v15_20260930,4327fe4ece9317f6fd20fad18389a71e9b1f423b,32,True,0.4482611979879282,0.4482611979879282,65c31b43cc8bbecafa99293d37af058acc314ea0328e19d56d42efd6354d837e,;architecture_dynamics_dynamics_unresolved,test_probability,0.01,full_posterior,1024,0.5089570217911674,0.5273076024063866,0.5273076024063866,0.38989412665951156,0.38989412665951156,0.035601232151544135,0.032263662717811635,128,409600,33792,True,,2,test_prob_896,test_prob_640,"{""test_prob_0"": 0.065, ""test_prob_128"": 0.05875, ""test_prob_256"": 0.0025, ""test_prob_384"": 0.10625, ""test_prob_512"": 0.0975, ""test_prob_640"": 0.14, ""test_prob_768"": 0.08375, ""test_prob_896"": 0.44625}",1.0,dynamics_h_0p01_stage_2,61fa5b97160a40ea4623d9b0909f5c6bd1efc198e054db5ea14dff80a68ca165,shallow_m1024_r2,False,production_final,dynamics_unresolved,0.9933984375,2,417604,627909
2,1024.0,shallow,2048,True,,final_geometry_v15_20260930,4327fe4ece9317f6fd20fad18389a71e9b1f423b,32,True,0.5473071240034194,0.5473071240034194,65c31b43cc8bbecafa99293d37af058acc314ea0328e19d56d42efd6354d837e,;architecture_dynamics_dynamics_unresolved,interaction,0.01,full_posterior,1024,0.5531169564564967,0.6103667780346639,0.6103667780346639,0.4336823262914067,0.4336823262914067,0.04811835647365485,0.049057544489023205,128,409600,33792,True,,2,interaction_1,interaction_1,"{""interaction_0"": 0.2725, ""interaction_1"": 0.59375, ""interaction_2"": 0.05625, ""interaction_3"": 0.0775}",1.0,dynamics_h_0p01_stage_2,61fa5b97160a40ea4623d9b0909f5c6bd1efc198e054db5ea14dff80a68ca165,shallow_m1024_r2,False,production_final,dynamics_unresolved,0.9933984375,2,417604,627909
2,1024.0,shallow,512,True,,final_geometry_v15_20260930,4327fe4ece9317f6fd20fad18389a71e9b1f423b,32,True,0.38780308099219457,0.38780308099219457,3c33ab97068dd5945a282db5d37da09715405593a7f159763e25828fdf3e6101,,loss,0.02,full_posterior,1024,0.39278691036113444,0.410848506414527,0.410848506414527,0.3377073800817718,0.3377073800817718,0.018743426412840696,0.019076958456559545,128,204800,33792,True,,2,V,V,"{""V"": 1.0}",1.0,dynamics_h_0p02_stage_2,61fa5b97160a40ea4623d9b0909f5c6bd1efc198e054db5ea14dff80a68ca165,shallow_m1024_r2,True,validation_or_superseded,dynamics_unresolved,0.9812109375,3,208804,627909
2,1024.0,shallow,512,True,,final_geometry_v15_20260930,4327fe4ece9317f6fd20fad18389a71e9b1f423b,32,True,0.4191137089830087,0.4191137089830087,3c33ab97068dd5945a282db5d37da09715405593a7f159763e25828fdf3e6101,,train_logit,0.02,full_posterior,1024,0.44580610887592564,0.4732626125604867,0.4732626125604867,0.36245478718836793,0.36245478718836793,0.02830113213800937,0.02908581561074819,128,204800,33792,True,,2,train_logit_48,train_logit_16,"{""train_logit_0"": 0.08625, ""train_logit_112"": 0.0075, ""train_logit_16"": 0.16125, ""train_logit_32"": 0.00875, ""train_logit_48"": 0.43875, ""train_logit_64"": 0.11125, ""train_logit_80"": 0.15375, ""train_logit_96"": 0.0325}",1.0,dynamics_h_0p02_stage_2,61fa5b97160a40ea4623d9b0909f5c6bd1efc198e054db5ea14dff80a68ca165,shallow_m1024_r2,True,validation_or_superseded,dynamics_unresolved,0.9812109375,3,208804,627909
2,1024.0,shallow,1024,True,,final_geometry_v15_20260930,4327fe4ece9317f6fd20fad18389a71e9b1f423b,32,True,0.5268792399250872,0.5268792399250872,3c33ab97068dd5945a282db5d37da09715405593a7f159763e25828fdf3e6101,,test_probability,0.02,full_posterior,1024,0.532984913367686,0.5625884804834544,0.5625884804834544,0.42287260209944183,0.42287260209944183,0.036688591664551025,0.037923321107082256,128,204800,33792,True,,2,test_prob_896,test_prob_896,"{""test_prob_0"": 0.03, ""test_prob_128"": 0.01125, ""test_prob_256"": 0.01, ""test_prob_384"": 0.0625, ""test_prob_512"": 0.16125, ""test_prob_640"": 0.0475, ""test_prob_768"": 0.19375, ""test_prob_896"": 0.48375}",1.0,dynamics_h_0p02_stage_2,61fa5b97160a40ea4623d9b0909f5c6bd1efc198e054db5ea14dff80a68ca165,shallow_m1024_r2,True,validation_or_superseded,dynamics_unresolved,0.9812109375,3,208804,627909
2,1024.0,shallow,1024,True,,final_geometry_v15_20260930,4327fe4ece9317f6fd20fad18389a71e9b1f423b,32,True,0.4731384334220009,0.4731384334220009,3c33ab97068dd5945a282db5d37da09715405593a7f159763e25828fdf3e6101,,interaction,0.02,full_posterior,1024,0.5568561158944706,0.5906418116957859,0.5906418116957859,0.4309913553308951,0.4309913553308951,0.04212782826961118,0.04631647563900636,128,204800,33792,True,,2,interaction_3,interaction_1,"{""interaction_0"": 0.09375, ""interaction_1"": 0.58125, ""interaction_2"": 0.0125, ""interaction_3"": 0.3125}",1.0,dynamics_h_0p02_stage_2,61fa5b97160a40ea4623d9b0909f5c6bd1efc198e054db5ea14dff80a68ca165,shallow_m1024_r2,True,validation_or_superseded,dynamics_unresolved,0.9812109375,3,208804,627909
2,1024.0,shallow,2048,True,,final_geometry_v15_20260930,4327fe4ece9317f6fd20fad18389a71e9b1f423b,32,True,0.35616266575731587,0.35616266575731587,716f82a4d32f5766e4a42e897396d994db572eb1891080247638fa1c4a0c6777,,loss,0.005,full_posterior,4096,0.35472590610640786,0.3716930888655379,0.3716930888655379,0.3248728403432228,0.3248728403432228,0.012192401671866724,0.013533954491099497,128,819200,135168,True,,0,V,V,"{""V"": 1.0}",1.0,dynamics_h_0p005_stage_2,8a6220ba8b63029337f3aba7bf23ad58f356eb9ebe1053d6e3e3fcf5e1c55e2a,shallow_m4096_r0,True,validation_or_superseded,dynamics_unresolved,0.99765625,2,835204,1463113
2,1024.0,shallow,2048,True,,final_geometry_v15_20260930,4327fe4ece9317f6fd20fad18389a71e9b1f423b,32,True,0.38770296532227666,0.38770296532227666,716f82a4d32f5766e4a42e897396d994db572eb1891080247638fa1c4a0c6777,,train_logit,0.005,full_posterior,4096,0.4220862063205702,0.4371216536627274,0.4371216536627274,0.35113015376037277,0.35113015376037277,0.020626145797846593,0.023327553812995006,128,819200,135168,True,,0,train_logit_80,train_logit_32,"{""train_logit_0"": 0.18, ""train_logit_112"": 0.02125, ""train_logit_16"": 0.0575, ""train_logit_32"": 0.32625, ""train_logit_48"": 0.1075, ""train_logit_64"": 0.08, ""train_logit_80"": 0.15375, ""train_logit_96"": 0.07375}",1.0,dynamics_h_0p005_stage_2,8a6220ba8b63029337f3aba7bf23ad58f356eb9ebe1053d6e3e3fcf5e1c55e2a,shallow_m4096_r0,True,validation_or_superseded,dynamics_unresolved,0.99765625,2,835204,1463113
2,1024.0,shallow,4096,True,,final_geometry_v15_20260930,4327fe4ece9317f6fd20fad18389a71e9b1f423b,32,True,0.470110101635386,0.470110101635386,716f82a4d32f5766e4a42e897396d994db572eb1891080247638fa1c4a0c6777,,test_probability,0.005,full_posterior,4096,0.5160324906190297,0.5425837814068253,0.5425837814068253,0.4218414433592061,0.4218414433592061,0.03159282030504699,0.032621027540434944,128,819200,135168,True,,0,test_prob_384,test_prob_768,"{""test_prob_0"": 0.1575, ""test_prob_128"": 0.02, ""test_prob_256"": 0.03, ""test_prob_384"": 0.2425, ""test_prob_512"": 0.01375, ""test_prob_640"": 0.01, ""test_prob_768"": 0.33, ""test_prob_896"": 0.19625}",1.0,dynamics_h_0p005_stage_2,8a6220ba8b63029337f3aba7bf23ad58f356eb9ebe1053d6e3e3fcf5e1c55e2a,shallow_m4096_r0,True,validation_or_superseded,dynamics_unresolved,0.99765625,2,835204,1463113
2,1024.0,shallow,2048,True,,final_geometry_v15_20260930,4327fe4ece9317f6fd20fad18389a71e9b1f423b,32,True,0.4552413619132771,0.4552413619132771,716f82a4d32f5766e4a42e897396d994db572eb1891080247638fa1c4a0c6777,,interaction,0.005,full_posterior,4096,0.49260292344230877,0.5338218076088158,0.5338218076088158,0.4022326147651447,0.4022326147651447,0.03380379187226644,0.035745810374856336,128,819200,135168,True,,0,interaction_1,interaction_2,"{""interaction_0"": 0.23125, ""interaction_1"": 0.42875, ""interaction_2"": 0.20875, ""interaction_3"": 0.13125}",1.0,dynamics_h_0p005_stage_2,8a6220ba8b63029337f3aba7bf23ad58f356eb9ebe1053d6e3e3fcf5e1c55e2a,shallow_m4096_r0,True,validation_or_superseded,dynamics_unresolved,0.99765625,2,835204,1463113
2,1024.0,shallow,1024,True,,final_geometry_v15_20260930,4327fe4ece9317f6fd20fad18389a71e9b1f423b,32,True,0.3592131104694562,0.3592131104694562,5eeddbc393d63b7d3fbc867f539f2d7395eac85f469014fe61df0e7b731376b2,;architecture_dynamics_dynamics_unresolved,loss,0.01,full_posterior,4096,0.3564617707311508,0.37749186701276666,0.37749186701276666,0.31318050306313516,0.31318050306313516,0.01624818979690603,0.017291848949957757,128,409600,135168,True,,0,V,V,"{""V"": 1.0}",1.0,dynamics_h_0p01_stage_2,8a6220ba8b63029337f3aba7bf23ad58f356eb9ebe1053d6e3e3fcf5e1c55e2a,shallow_m4096_r0,False,production_final,dynamics_unresolved,0.993466796875,2,417604,1463113
2,1024.0,shallow,1024,True,,final_geometry_v15_20260930,4327fe4ece9317f6fd20fad18389a71e9b1f423b,32,True,0.44593847625011607,0.44593847625011607,5eeddbc393d63b7d3fbc867f539f2d7395eac85f469014fe61df0e7b731376b2,;architecture_dynamics_dynamics_unresolved,train_logit,0.01,full_posterior,4096,0.45445244661904804,0.4778232657117942,0.4778232657117942,0.36118435656983905,0.36118435656983905,0.030287700762516953,0.0347797563547013,128,409600,135168,True,,0,train_logit_80,train_logit_32,"{""train_logit_0"": 0.05125, ""train_logit_112"": 0.005, ""train_logit_16"": 0.03375, ""train_logit_32"": 0.29875, ""train_logit_48"": 0.145, ""train_logit_64"": 0.0325, ""train_logit_80"": 0.31625, ""train_logit_96"": 0.1175}",1.0,dynamics_h_0p01_stage_2,8a6220ba8b63029337f3aba7bf23ad58f356eb9ebe1053d6e3e3fcf5e1c55e2a,shallow_m4096_r0,False,production_final,dynamics_unresolved,0.993466796875,2,417604,1463113
2,1024.0,shallow,1024,True,,final_geometry_v15_20260930,4327fe4ece9317f6fd20fad18389a71e9b1f423b,32,True,0.45602660884519775,0.45602660884519775,5eeddbc393d63b7d3fbc867f539f2d7395eac85f469014fe61df0e7b731376b2,;architecture_dynamics_dynamics_unresolved,test_probability,0.01,full_posterior,4096,0.48666064155324623,0.5270568197464782,0.5270568197464782,0.3939039681159111,0.3939039681159111,0.0363037169851604,0.033382941536843916,128,409600,135168,True,,0,test_prob_128,test_prob_256,"{""test_prob_0"": 0.19, ""test_prob_128"": 0.22375, ""test_prob_256"": 0.15625, ""test_prob_384"": 0.11375, ""test_prob_512"": 0.20625, ""test_prob_640"": 0.05125, ""test_prob_768"": 0.03875, ""test_prob_896"": 0.02}",1.0,dynamics_h_0p01_stage_2,8a6220ba8b63029337f3aba7bf23ad58f356eb9ebe1053d6e3e3fcf5e1c55e2a,shallow_m4096_r0,False,production_final,dynamics_unresolved,0.993466796875,2,417604,1463113
2,1024.0,shallow,1024,True,,final_geometry_v15_20260930,4327fe4ece9317f6fd20fad18389a71e9b1f423b,32,True,0.48550158495270146,0.48550158495270146,5eeddbc393d63b7d3fbc867f539f2d7395eac85f469014fe61df0e7b731376b2,;architecture_dynamics_dynamics_unresolved,interaction,0.01,full_posterior,4096,0.49811148467803223,0.5607173820994997,0.5607173820994997,0.41402552223713457,0.41402552223713457,0.03960920452333406,0.04044251917347961,128,409600,135168,True,,0,interaction_0,interaction_1,"{""interaction_0"": 0.41875, ""interaction_1"": 0.24875, ""interaction_2"": 0.15875, ""interaction_3"": 0.17375}",1.0,dynamics_h_0p01_stage_2,8a6220ba8b63029337f3aba7bf23ad58f356eb9ebe1053d6e3e3fcf5e1c55e2a,shallow_m4096_r0,False,production_final,dynamics_unresolved,0.993466796875,2,417604,1463113
2,1024.0,shallow,512,True,,final_geometry_v15_20260930,4327fe4ece9317f6fd20fad18389a71e9b1f423b,32,True,0.361758084169277,0.361758084169277,988cad91d81cd602d1a7d2796f9ce0dc77f5f95c1ff606584500709b94575fe3,,loss,0.02,full_posterior,4096,0.3736040766023849,0.3910344277100605,0.3910344277100605,0.31476369393610665,0.31476369393610665,0.01939343967046039,0.020804323099690897,128,204800,135168,True,,0,V,V,"{""V"": 1.0}",1.0,dynamics_h_0p02_stage_2,8a6220ba8b63029337f3aba7bf23ad58f356eb9ebe1053d6e3e3fcf5e1c55e2a,shallow_m4096_r0,True,validation_or_superseded,dynamics_unresolved,0.9812109375,3,208804,1463113
2,1024.0,shallow,512,True,,final_geometry_v15_20260930,4327fe4ece9317f6fd20fad18389a71e9b1f423b,32,True,0.40879475179820546,0.40879475179820546,988cad91d81cd602d1a7d2796f9ce0dc77f5f95c1ff606584500709b94575fe3,,train_logit,0.02,full_posterior,4096,0.45446712245181703,0.45314340960871735,0.45314340960871735,0.3601403553843358,0.3601403553843358,0.0240305981738611,0.029216135157283864,128,204800,135168,True,,0,train_logit_16,train_logit_80,"{""train_logit_0"": 0.10125, ""train_logit_112"": 0.00125, ""train_logit_16"": 0.3525, ""train_logit_32"": 0.125, ""train_logit_48"": 0.09375, ""train_logit_64"": 0.14875, ""train_logit_80"": 0.1625, ""train_logit_96"": 0.015}",1.0,dynamics_h_0p02_stage_2,8a6220ba8b63029337f3aba7bf23ad58f356eb9ebe1053d6e3e3fcf5e1c55e2a,shallow_m4096_r0,True,validation_or_superseded,dynamics_unresolved,0.9812109375,3,208804,1463113
2,1024.0,shallow,1024,True,,final_geometry_v15_20260930,4327fe4ece9317f6fd20fad18389a71e9b1f423b,32,True,0.4820372798964893,0.4820372798964893,988cad91d81cd602d1a7d2796f9ce0dc77f5f95c1ff606584500709b94575fe3,,test_probability,0.02,full_posterior,4096,0.525865594453177,0.5558278875505576,0.5558278875505576,0.40929788445475146,0.40929788445475146,0.037110667492401765,0.03639285351429117,128,204800,135168,True,,0,test_prob_0,test_prob_768,"{""test_prob_0"": 0.3525, ""test_prob_128"": 0.14, ""test_prob_256"": 0.0625, ""test_prob_384"": 0.02, ""test_prob_512"": 0.0125, ""test_prob_640"": 0.0025, ""test_prob_768"": 0.345, ""test_prob_896"": 0.065}",1.0,dynamics_h_0p02_stage_2,8a6220ba8b63029337f3aba7bf23ad58f356eb9ebe1053d6e3e3fcf5e1c55e2a,shallow_m4096_r0,True,validation_or_superseded,dynamics_unresolved,0.9812109375,3,208804,1463113
2,1024.0,shallow,1024,True,,final_geometry_v15_20260930,4327fe4ece9317f6fd20fad18389a71e9b1f423b,32,True,0.468527141978465,0.468527141978465,988cad91d81cd602d1a7d2796f9ce0dc77f5f95c1ff606584500709b94575fe3,,interaction,0.02,full_posterior,4096,0.5123918574621245,0.5418469580301328,0.5418469580301328,0.41921247875148143,0.41921247875148143,0.03266113004266814,0.03401729035594076,128,204800,135168,True,,0,interaction_1,interaction_0,"{""interaction_0"": 0.4825, ""interaction_1"": 0.46625, ""interaction_2"": 0.01125, ""interaction_3"": 0.04}",1.0,dynamics_h_0p02_stage_2,8a6220ba8b63029337f3aba7bf23ad58f356eb9ebe1053d6e3e3fcf5e1c55e2a,shallow_m4096_r0,True,validation_or_superseded,dynamics_unresolved,0.9812109375,3,208804,1463113
2,1024.0,shallow,2048,True,,final_geometry_v15_20260930,4327fe4ece9317f6fd20fad18389a71e9b1f423b,32,True,0.3827694939137086,0.3827694939137086,7244aecffa509d1523ad6d9548c54524932aababceb94bfe08022223d9c87345,,loss,0.005,full_posterior,4096,0.38513764105741194,0.4032603699110184,0.4032603699110184,0.33517671229866847,0.33517671229866847,0.018188102716759278,0.018940212413909866,128,819200,135168,True,,1,V,V,"{""V"": 1.0}",1.0,dynamics_h_0p005_stage_2,2d18a154c082aebdf0c7dff9779adbab12358b1b72ad29a412f3643b39e3fb64,shallow_m4096_r1,True,validation_or_superseded,dynamics_unresolved,0.99779296875,2,835204,1463113
2,1024.0,shallow,2048,True,,final_geometry_v15_20260930,4327fe4ece9317f6fd20fad18389a71e9b1f423b,32,True,0.3784854765371221,0.3784854765371221,7244aecffa509d1523ad6d9548c54524932aababceb94bfe08022223d9c87345,,train_logit,0.005,full_posterior,4096,0.437408276612195,0.45553430370169784,0.45553430370169784,0.34449421461181945,0.34449421461181945,0.025753577072965852,0.028763336394591763,128,819200,135168,True,,1,train_logit_32,train_logit_0,"{""train_logit_0"": 0.1875, ""train_logit_112"": 0.01875, ""train_logit_16"": 0.03375, ""train_logit_32"": 0.295, ""train_logit_48"": 0.1175, ""train_logit_64"": 0.0425, ""train_logit_80"": 0.05375, ""train_logit_96"": 0.25125}",1.0,dynamics_h_0p005_stage_2,2d18a154c082aebdf0c7dff9779adbab12358b1b72ad29a412f3643b39e3fb64,shallow_m4096_r1,True,validation_or_superseded,dynamics_unresolved,0.99779296875,2,835204,1463113
2,1024.0,shallow,2048,True,,final_geometry_v15_20260930,4327fe4ece9317f6fd20fad18389a71e9b1f423b,32,True,0.4644119543211934,0.4644119543211934,7244aecffa509d1523ad6d9548c54524932aababceb94bfe08022223d9c87345,,test_probability,0.005,full_posterior,4096,0.511115759117509,0.5287050967160549,0.5287050967160549,0.3955420920944807,0.3955420920944807,0.03349407655911646,0.030537134442373815,128,819200,135168,True,,1,test_prob_640,test_prob_256,"{""test_prob_0"": 0.1525, ""test_prob_128"": 0.0075, ""test_prob_256"": 0.19125, ""test_prob_384"": 0.00125, ""test_prob_512"": 0.0575, ""test_prob_640"": 0.44625, ""test_prob_768"": 0.03125, ""test_prob_896"": 0.1125}",1.0,dynamics_h_0p005_stage_2,2d18a154c082aebdf0c7dff9779adbab12358b1b72ad29a412f3643b39e3fb64,shallow_m4096_r1,True,validation_or_superseded,dynamics_unresolved,0.99779296875,2,835204,1463113
2,1024.0,shallow,4096,True,,final_geometry_v15_20260930,4327fe4ece9317f6fd20fad18389a71e9b1f423b,32,True,0.43953632245924246,0.43953632245924246,7244aecffa509d1523ad6d9548c54524932aababceb94bfe08022223d9c87345,,interaction,0.005,full_posterior,4096,0.5218658558100713,0.552757625199098,0.552757625199098,0.4091102022843614,0.4091102022843614,0.03216163271604015,0.03258566747964282,128,819200,135168,True,,1,interaction_1,interaction_0,"{""interaction_0"": 0.435, ""interaction_1"": 0.25625, ""interaction_2"": 0.25875, ""interaction_3"": 0.05}",1.0,dynamics_h_0p005_stage_2,2d18a154c082aebdf0c7dff9779adbab12358b1b72ad29a412f3643b39e3fb64,shallow_m4096_r1,True,validation_or_superseded,dynamics_unresolved,0.99779296875,2,835204,1463113
2,1024.0,shallow,1024,True,,final_geometry_v15_20260930,4327fe4ece9317f6fd20fad18389a71e9b1f423b,32,True,0.38957080142599104,0.38957080142599104,e1a2e3725fcaa0ece76a02838c95541351514212e35ba5d0f08f00275fab5647,;architecture_dynamics_dynamics_unresolved,loss,0.01,full_posterior,4096,0.39020185259355844,0.41661208895111324,0.41661208895111324,0.3433991934226863,0.3433991934226863,0.017178572348661093,0.016528202988190216,128,409600,135168,True,,1,V,V,"{""V"": 1.0}",1.0,dynamics_h_0p01_stage_2,2d18a154c082aebdf0c7dff9779adbab12358b1b72ad29a412f3643b39e3fb64,shallow_m4096_r1,False,production_final,dynamics_unresolved,0.993671875,2,417604,1463113
2,1024.0,shallow,1024,True,,final_geometry_v15_20260930,4327fe4ece9317f6fd20fad18389a71e9b1f423b,32,True,0.4246047518470512,0.4246047518470512,e1a2e3725fcaa0ece76a02838c95541351514212e35ba5d0f08f00275fab5647,;architecture_dynamics_dynamics_unresolved,train_logit,0.01,full_posterior,4096,0.4455401010721068,0.4631360518144502,0.4631360518144502,0.36972715062896844,0.36972715062896844,0.023901117183990624,0.02525835033216344,128,409600,135168,True,,1,train_logit_96,train_logit_112,"{""train_logit_0"": 0.00625, ""train_logit_112"": 0.2125, ""train_logit_16"": 0.03875, ""train_logit_32"": 0.01125, ""train_logit_48"": 0.09875, ""train_logit_64"": 0.18, ""train_logit_80"": 0.0625, ""train_logit_96"": 0.39}",1.0,dynamics_h_0p01_stage_2,2d18a154c082aebdf0c7dff9779adbab12358b1b72ad29a412f3643b39e3fb64,shallow_m4096_r1,False,production_final,dynamics_unresolved,0.993671875,2,417604,1463113
2,1024.0,shallow,1024,True,,final_geometry_v15_20260930,4327fe4ece9317f6fd20fad18389a71e9b1f423b,32,True,0.47431885715378064,0.47431885715378064,e1a2e3725fcaa0ece76a02838c95541351514212e35ba5d0f08f00275fab5647,;architecture_dynamics_dynamics_unresolved,test_probability,0.01,full_posterior,4096,0.48951458030633205,0.5303544777938684,0.5303544777938684,0.3990966550032477,0.3990966550032477,0.033653922792316764,0.033913393901165226,128,409600,135168,True,,1,test_prob_640,test_prob_512,"{""test_prob_0"": 0.0475, ""test_prob_128"": 0.075, ""test_prob_256"": 0.025, ""test_prob_384"": 0.00625, ""test_prob_512"": 0.2175, ""test_prob_640"": 0.25625, ""test_prob_768"": 0.1525, ""test_prob_896"": 0.22}",1.0,dynamics_h_0p01_stage_2,2d18a154c082aebdf0c7dff9779adbab12358b1b72ad29a412f3643b39e3fb64,shallow_m4096_r1,False,production_final,dynamics_unresolved,0.993671875,2,417604,1463113
2,1024.0,shallow,1024,True,,final_geometry_v15_20260930,4327fe4ece9317f6fd20fad18389a71e9b1f423b,32,True,0.486268930595558,0.486268930595558,e1a2e3725fcaa0ece76a02838c95541351514212e35ba5d0f08f00275fab5647,;architecture_dynamics_dynamics_unresolved,interaction,0.01,full_posterior,4096,0.4887814438348137,0.5405531478527367,0.5405531478527367,0.40783105940947884,0.40783105940947884,0.03281272965857427,0.03811601754551795,128,409600,135168,True,,1,interaction_2,interaction_2,"{""interaction_0"": 0.19125, ""interaction_1"": 0.165, ""interaction_2"": 0.435, ""interaction_3"": 0.20875}",1.0,dynamics_h_0p01_stage_2,2d18a154c082aebdf0c7dff9779adbab12358b1b72ad29a412f3643b39e3fb64,shallow_m4096_r1,False,production_final,dynamics_unresolved,0.993671875,2,417604,1463113
2,1024.0,shallow,512,True,,final_geometry_v15_20260930,4327fe4ece9317f6fd20fad18389a71e9b1f423b,32,True,0.3929462756914851,0.3929462756914851,200718884598203961bbe0b2a41eba08a7468d8b52e7977617445fdba9c96451,,loss,0.02,full_posterior,4096,0.39076270259110124,0.41818661048921135,0.41818661048921135,0.347213607514358,0.347213607514358,0.019169251522165868,0.019865510260004358,128,204800,135168,True,,1,V,V,"{""V"": 1.0}",1.0,dynamics_h_0p02_stage_2,2d18a154c082aebdf0c7dff9779adbab12358b1b72ad29a412f3643b39e3fb64,shallow_m4096_r1,True,validation_or_superseded,dynamics_unresolved,0.98287109375,3,208804,1463113
2,1024.0,shallow,512,True,,final_geometry_v15_20260930,4327fe4ece9317f6fd20fad18389a71e9b1f423b,32,True,0.40245621131182274,0.40245621131182274,200718884598203961bbe0b2a41eba08a7468d8b52e7977617445fdba9c96451,,train_logit,0.02,full_posterior,4096,0.45934175014880396,0.46814199539869217,0.46814199539869217,0.36326891832431063,0.36326891832431063,0.02589704554704892,0.028638922502509545,128,204800,135168,True,,1,train_logit_16,train_logit_32,"{""train_logit_0"": 0.08, ""train_logit_112"": 0.1775, ""train_logit_16"": 0.10625, ""train_logit_32"": 0.29375, ""train_logit_48"": 0.155, ""train_logit_64"": 0.01, ""train_logit_80"": 0.06625, ""train_logit_96"": 0.11125}",1.0,dynamics_h_0p02_stage_2,2d18a154c082aebdf0c7dff9779adbab12358b1b72ad29a412f3643b39e3fb64,shallow_m4096_r1,True,validation_or_superseded,dynamics_unresolved,0.98287109375,3,208804,1463113
2,1024.0,shallow,1024,True,,final_geometry_v15_20260930,4327fe4ece9317f6fd20fad18389a71e9b1f423b,32,True,0.4707772905244224,0.4707772905244224,200718884598203961bbe0b2a41eba08a7468d8b52e7977617445fdba9c96451,,test_probability,0.02,full_posterior,4096,0.5305544766129139,0.567751135410808,0.567751135410808,0.4254415203745396,0.4254415203745396,0.036424920311642975,0.03844885784811012,128,204800,135168,True,,1,test_prob_768,test_prob_512,"{""test_prob_0"": 0.0875, ""test_prob_128"": 0.0025, ""test_prob_256"": 0.05125, ""test_prob_384"": 0.00875, ""test_prob_512"": 0.31125, ""test_prob_640"": 0.23625, ""test_prob_768"": 0.14875, ""test_prob_896"": 0.15375}",1.0,dynamics_h_0p02_stage_2,2d18a154c082aebdf0c7dff9779adbab12358b1b72ad29a412f3643b39e3fb64,shallow_m4096_r1,True,validation_or_superseded,dynamics_unresolved,0.98287109375,3,208804,1463113
2,1024.0,shallow,1024,True,,final_geometry_v15_20260930,4327fe4ece9317f6fd20fad18389a71e9b1f423b,32,True,0.5322580475383057,0.5322580475383057,200718884598203961bbe0b2a41eba08a7468d8b52e7977617445fdba9c96451,,interaction,0.02,full_posterior,4096,0.5403111181154554,0.6061106049258921,0.6061106049258921,0.4573187014003626,0.4573187014003626,0.04128490285503792,0.03862915188374119,128,204800,135168,True,,1,interaction_3,interaction_2,"{""interaction_0"": 0.01875, ""interaction_1"": 0.00625, ""interaction_2"": 0.405, ""interaction_3"": 0.57}",1.0,dynamics_h_0p02_stage_2,2d18a154c082aebdf0c7dff9779adbab12358b1b72ad29a412f3643b39e3fb64,shallow_m4096_r1,True,validation_or_superseded,dynamics_unresolved,0.98287109375,3,208804,1463113
2,1024.0,shallow,2048,True,,final_geometry_v15_20260930,4327fe4ece9317f6fd20fad18389a71e9b1f423b,32,True,0.39059696594805704,0.39059696594805704,451e6460141267a0117079f7dd5ec76f988a000f308f991740e990f926ceaf60,,loss,0.005,full_posterior,4096,0.39451365980410236,0.401361755633075,0.401361755633075,0.33021173826252237,0.33021173826252237,0.01871598505253238,0.02087003815799499,128,819200,135168,True,,2,V,V,"{""V"": 1.0}",1.0,dynamics_h_0p005_stage_2,8c615bef38ec1c9a9068713982d858e21e32dae4d6bf4d65ddce5685b8944212,shallow_m4096_r2,True,validation_or_superseded,dynamics_unresolved,0.997587890625,2,835204,1463113
2,1024.0,shallow,2048,True,,final_geometry_v15_20260930,4327fe4ece9317f6fd20fad18389a71e9b1f423b,32,True,0.41582872169991253,0.41582872169991253,451e6460141267a0117079f7dd5ec76f988a000f308f991740e990f926ceaf60,,train_logit,0.005,full_posterior,4096,0.43800942735836584,0.4524521665876971,0.4524521665876971,0.3596613786265692,0.3596613786265692,0.023919455226439484,0.026677684445049046,128,819200,135168,True,,2,train_logit_0,train_logit_16,"{""train_logit_0"": 0.21875, ""train_logit_112"": 0.0625, ""train_logit_16"": 0.20875, ""train_logit_32"": 0.00125, ""train_logit_48"": 0.17875, ""train_logit_64"": 0.16625, ""train_logit_80"": 0.12125, ""train_logit_96"": 0.0425}",1.0,dynamics_h_0p005_stage_2,8c615bef38ec1c9a9068713982d858e21e32dae4d6bf4d65ddce5685b8944212,shallow_m4096_r2,True,validation_or_superseded,dynamics_unresolved,0.997587890625,2,835204,1463113
2,1024.0,shallow,2048,False,,final_geometry_v15_20260930,4327fe4ece9317f6fd20fad18389a71e9b1f423b,32,True,0.4573973209112886,0.4573973209112886,451e6460141267a0117079f7dd5ec76f988a000f308f991740e990f926ceaf60,block_instability,test_probability,0.005,full_posterior,4096,0.49972961960162693,0.5141262185885713,0.5141262185885713,0.38954556243767363,0.38954556243767363,0.032295712116143384,0.22093400860127774,128,819200,135168,False,block_instability,2,test_prob_896,test_prob_640,"{""test_prob_0"": 0.01, ""test_prob_128"": 0.04375, ""test_prob_256"": 0.08625, ""test_prob_384"": 0.02875, ""test_prob_512"": 0.0875, ""test_prob_640"": 0.38, ""test_prob_768"": 0.08375, ""test_prob_896"": 0.28}",1.0,dynamics_h_0p005_stage_2,8c615bef38ec1c9a9068713982d858e21e32dae4d6bf4d65ddce5685b8944212,shallow_m4096_r2,False,validation_or_superseded,dynamics_unresolved,0.997587890625,2,835204,1463113
2,1024.0,shallow,2048,True,,final_geometry_v15_20260930,4327fe4ece9317f6fd20fad18389a71e9b1f423b,32,True,0.48114345334388464,0.48114345334388464,451e6460141267a0117079f7dd5ec76f988a000f308f991740e990f926ceaf60,,interaction,0.005,full_posterior,4096,0.5038932436924334,0.5285214220096395,0.5285214220096395,0.4126499830550519,0.4126499830550519,0.029689931896907457,0.03286029533857329,128,819200,135168,True,,2,interaction_3,interaction_2,"{""interaction_0"": 0.3025, ""interaction_1"": 0.12875, ""interaction_2"": 0.31875, ""interaction_3"": 0.25}",1.0,dynamics_h_0p005_stage_2,8c615bef38ec1c9a9068713982d858e21e32dae4d6bf4d65ddce5685b8944212,shallow_m4096_r2,True,validation_or_superseded,dynamics_unresolved,0.997587890625,2,835204,1463113
2,1024.0,shallow,1024,True,,final_geometry_v15_20260930,4327fe4ece9317f6fd20fad18389a71e9b1f423b,32,True,0.37696402703859966,0.37696402703859966,75f510444b90135c5003f8e540871cfef4e3b09c0d0135dfbd6dbf9c0ede1f98,;architecture_dynamics_dynamics_unresolved,loss,0.01,full_posterior,4096,0.3784896730793571,0.3982365142625331,0.3982365142625331,0.3375192722474049,0.3375192722474049,0.015429864519432564,0.014527808194224721,128,409600,135168,True,,2,V,V,"{""V"": 1.0}",1.0,dynamics_h_0p01_stage_2,8c615bef38ec1c9a9068713982d858e21e32dae4d6bf4d65ddce5685b8944212,shallow_m4096_r2,False,production_final,dynamics_unresolved,0.993515625,2,417604,1463113
2,1024.0,shallow,1024,True,,final_geometry_v15_20260930,4327fe4ece9317f6fd20fad18389a71e9b1f423b,32,True,0.4369873313195776,0.4369873313195776,75f510444b90135c5003f8e540871cfef4e3b09c0d0135dfbd6dbf9c0ede1f98,;architecture_dynamics_dynamics_unresolved,train_logit,0.01,full_posterior,4096,0.4642628188683813,0.4823694313693609,0.4823694313693609,0.36289646528275327,0.36289646528275327,0.030743779968142818,0.03221852672146715,128,409600,135168,True,,2,train_logit_96,train_logit_64,"{""train_logit_0"": 0.2875, ""train_logit_16"": 0.03875, ""train_logit_32"": 0.015, ""train_logit_48"": 0.16625, ""train_logit_64"": 0.1775, ""train_logit_80"": 0.10125, ""train_logit_96"": 0.21375}",1.0,dynamics_h_0p01_stage_2,8c615bef38ec1c9a9068713982d858e21e32dae4d6bf4d65ddce5685b8944212,shallow_m4096_r2,False,production_final,dynamics_unresolved,0.993515625,2,417604,1463113
2,1024.0,shallow,1024,True,,final_geometry_v15_20260930,4327fe4ece9317f6fd20fad18389a71e9b1f423b,32,True,0.45903993923402586,0.45903993923402586,75f510444b90135c5003f8e540871cfef4e3b09c0d0135dfbd6dbf9c0ede1f98,;architecture_dynamics_dynamics_unresolved,test_probability,0.01,full_posterior,4096,0.48628128054598274,0.5204124191065599,0.5204124191065599,0.3902605036062025,0.3902605036062025,0.03298309160769847,0.03050166197625705,128,409600,135168,True,,2,test_prob_896,test_prob_0,"{""test_prob_0"": 0.14, ""test_prob_128"": 0.11125, ""test_prob_256"": 0.04, ""test_prob_384"": 0.0125, ""test_prob_512"": 0.01625, ""test_prob_640"": 0.1575, ""test_prob_768"": 0.12125, ""test_prob_896"": 0.40125}",1.0,dynamics_h_0p01_stage_2,8c615bef38ec1c9a9068713982d858e21e32dae4d6bf4d65ddce5685b8944212,shallow_m4096_r2,False,production_final,dynamics_unresolved,0.993515625,2,417604,1463113
2,1024.0,shallow,1024,True,,final_geometry_v15_20260930,4327fe4ece9317f6fd20fad18389a71e9b1f423b,32,True,0.4458625553580752,0.4458625553580752,75f510444b90135c5003f8e540871cfef4e3b09c0d0135dfbd6dbf9c0ede1f98,;architecture_dynamics_dynamics_unresolved,interaction,0.01,full_posterior,4096,0.48165526379857865,0.4864334684059428,0.4864334684059428,0.39528501916725334,0.39528501916725334,0.021983731997588782,0.023364194210143786,128,409600,135168,True,,2,interaction_0,interaction_2,"{""interaction_0"": 0.39375, ""interaction_1"": 0.10125, ""interaction_2"": 0.345, ""interaction_3"": 0.16}",1.0,dynamics_h_0p01_stage_2,8c615bef38ec1c9a9068713982d858e21e32dae4d6bf4d65ddce5685b8944212,shallow_m4096_r2,False,production_final,dynamics_unresolved,0.993515625,2,417604,1463113
2,1024.0,shallow,512,True,,final_geometry_v15_20260930,4327fe4ece9317f6fd20fad18389a71e9b1f423b,32,True,0.3863388950819661,0.3863388950819661,d45e09bd326d6b9e0a712a1338a1af3e3cb8b2fcb6d6e851829dd2997c86316e,,loss,0.02,full_posterior,4096,0.3935730797029736,0.4253645550061202,0.4253645550061202,0.3331860758951072,0.3331860758951072,0.0217439623932184,0.024444408543511174,128,204800,135168,True,,2,V,V,"{""V"": 1.0}",1.0,dynamics_h_0p02_stage_2,8c615bef38ec1c9a9068713982d858e21e32dae4d6bf4d65ddce5685b8944212,shallow_m4096_r2,True,validation_or_superseded,dynamics_unresolved,0.98173828125,3,208804,1463113
2,1024.0,shallow,512,True,,final_geometry_v15_20260930,4327fe4ece9317f6fd20fad18389a71e9b1f423b,32,True,0.45288322221394123,0.45288322221394123,d45e09bd326d6b9e0a712a1338a1af3e3cb8b2fcb6d6e851829dd2997c86316e,,train_logit,0.02,full_posterior,4096,0.45479218105358443,0.46339885362303407,0.46339885362303407,0.3522029467363139,0.3522029467363139,0.029273891816222627,0.03363944192741607,128,204800,135168,True,,2,train_logit_48,train_logit_48,"{""train_logit_0"": 0.21, ""train_logit_112"": 0.01375, ""train_logit_16"": 0.07875, ""train_logit_32"": 0.02, ""train_logit_48"": 0.3825, ""train_logit_64"": 0.13375, ""train_logit_80"": 0.05875, ""train_logit_96"": 0.1025}",1.0,dynamics_h_0p02_stage_2,8c615bef38ec1c9a9068713982d858e21e32dae4d6bf4d65ddce5685b8944212,shallow_m4096_r2,True,validation_or_superseded,dynamics_unresolved,0.98173828125,3,208804,1463113
2,1024.0,shallow,512,True,,final_geometry_v15_20260930,4327fe4ece9317f6fd20fad18389a71e9b1f423b,32,True,0.5040416846772955,0.5040416846772955,d45e09bd326d6b9e0a712a1338a1af3e3cb8b2fcb6d6e851829dd2997c86316e,,test_probability,0.02,full_posterior,4096,0.5091616977988983,0.531675907123356,0.531675907123356,0.3973643015181242,0.3973643015181242,0.03621431124098693,0.03780831708107603,128,204800,135168,True,,2,test_prob_896,test_prob_896,"{""test_prob_0"": 0.02875, ""test_prob_128"": 0.03, ""test_prob_256"": 0.0975, ""test_prob_384"": 0.00125, ""test_prob_512"": 0.21375, ""test_prob_640"": 0.08875, ""test_prob_768"": 0.08375, ""test_prob_896"": 0.45625}",1.0,dynamics_h_0p02_stage_2,8c615bef38ec1c9a9068713982d858e21e32dae4d6bf4d65ddce5685b8944212,shallow_m4096_r2,True,validation_or_superseded,dynamics_unresolved,0.98173828125,3,208804,1463113
2,1024.0,shallow,512,True,,final_geometry_v15_20260930,4327fe4ece9317f6fd20fad18389a71e9b1f423b,32,True,0.44929091804552346,0.44929091804552346,d45e09bd326d6b9e0a712a1338a1af3e3cb8b2fcb6d6e851829dd2997c86316e,,interaction,0.02,full_posterior,4096,0.4728951264502219,0.540291090256024,0.540291090256024,0.40275873733973366,0.40275873733973366,0.03674702207396511,0.03545879994068289,128,204800,135168,True,,2,interaction_2,interaction_3,"{""interaction_0"": 0.24375, ""interaction_1"": 0.10125, ""interaction_2"": 0.43125, ""interaction_3"": 0.22375}",1.0,dynamics_h_0p02_stage_2,8c615bef38ec1c9a9068713982d858e21e32dae4d6bf4d65ddce5685b8944212,shallow_m4096_r2,True,validation_or_superseded,dynamics_unresolved,0.98173828125,3,208804,1463113
3,1024.0,deep,4096,True,,final_geometry_v15_20260930,4327fe4ece9317f6fd20fad18389a71e9b1f423b,32,True,0.5945970844696717,0.5945970844696717,cfd402acd9944c34ab29ba4acb1b71fa49ebb351210a369cc3cc948e765f42b2,,loss,0.005,full_posterior,32,0.6122925514080011,0.6556171127679483,0.6556171127679483,0.5022184343297159,0.5022184343297159,0.039411337219999676,0.03685219157159959,128,819200,2080,True,,0,V,V,"{""V"": 1.0}",1.0,dynamics_h_0p005_stage_2,af056e127c02b019412d5384149e30d1e6c85b146336ef076ef6b326c05fe260,deep_m0032_r0,True,validation_or_superseded,dynamics_unresolved,0.9956103515625,2,835204,1463113
3,1024.0,deep,2048,True,,final_geometry_v15_20260930,4327fe4ece9317f6fd20fad18389a71e9b1f423b,32,True,0.4153356676514721,0.4153356676514721,cfd402acd9944c34ab29ba4acb1b71fa49ebb351210a369cc3cc948e765f42b2,,train_logit,0.005,full_posterior,32,0.4600017952382303,0.459566338365027,0.459566338365027,0.3406514286997571,0.3406514286997571,0.031415283531489896,0.035143403784679256,128,819200,2080,True,,0,train_logit_48,train_logit_0,"{""train_logit_0"": 0.2675, ""train_logit_112"": 0.04875, ""train_logit_16"": 0.02, ""train_logit_32"": 0.16125, ""train_logit_48"": 0.1975, ""train_logit_64"": 0.03875, ""train_logit_80"": 0.20875, ""train_logit_96"": 0.0575}",1.0,dynamics_h_0p005_stage_2,af056e127c02b019412d5384149e30d1e6c85b146336ef076ef6b326c05fe260,deep_m0032_r0,True,validation_or_superseded,dynamics_unresolved,0.9956103515625,2,835204,1463113
3,1024.0,deep,4096,True,,final_geometry_v15_20260930,4327fe4ece9317f6fd20fad18389a71e9b1f423b,32,True,0.49908591143458425,0.49908591143458425,cfd402acd9944c34ab29ba4acb1b71fa49ebb351210a369cc3cc948e765f42b2,,test_probability,0.005,full_posterior,32,0.5449692701545867,0.5786335183454691,0.5786335183454691,0.3969186777598583,0.3969186777598583,0.04665432360580511,0.05293779341962035,128,819200,2080,True,,0,test_prob_384,test_prob_0,"{""test_prob_0"": 0.4225, ""test_prob_128"": 0.18875, ""test_prob_256"": 0.01375, ""test_prob_384"": 0.2725, ""test_prob_512"": 0.015, ""test_prob_640"": 0.0475, ""test_prob_768"": 0.0125, ""test_prob_896"": 0.0275}",1.0,dynamics_h_0p005_stage_2,af056e127c02b019412d5384149e30d1e6c85b146336ef076ef6b326c05fe260,deep_m0032_r0,True,validation_or_superseded,dynamics_unresolved,0.9956103515625,2,835204,1463113
3,1024.0,deep,4096,True,,final_geometry_v15_20260930,4327fe4ece9317f6fd20fad18389a71e9b1f423b,32,True,0.6313070335639372,0.6313070335639372,cfd402acd9944c34ab29ba4acb1b71fa49ebb351210a369cc3cc948e765f42b2,,interaction,0.005,full_posterior,32,0.6377163263134887,0.6900480495324969,0.6900480495324969,0.47710197776806973,0.47710197776806973,0.061205834624907224,0.062367861562926355,128,819200,2080,True,,0,interaction_2,interaction_2,"{""interaction_0"": 0.1075, ""interaction_1"": 0.07125, ""interaction_2"": 0.6625, ""interaction_3"": 0.15875}",1.0,dynamics_h_0p005_stage_2,af056e127c02b019412d5384149e30d1e6c85b146336ef076ef6b326c05fe260,deep_m0032_r0,True,validation_or_superseded,dynamics_unresolved,0.9956103515625,2,835204,1463113
3,1024.0,deep,2048,True,,final_geometry_v15_20260930,4327fe4ece9317f6fd20fad18389a71e9b1f423b,32,True,0.6052976044802441,0.6052976044802441,c3981e313e36d7d446ada2410808927f842cb77d50a0f411db041d0a1a2ba6e6,;architecture_dynamics_dynamics_unresolved,loss,0.01,full_posterior,32,0.6099856685941518,0.6618821894873306,0.6618821894873306,0.49565090984409627,0.49565090984409627,0.041404050193178304,0.041833981542211386,128,409600,2080,True,,0,V,V,"{""V"": 1.0}",1.0,dynamics_h_0p01_stage_2,af056e127c02b019412d5384149e30d1e6c85b146336ef076ef6b326c05fe260,deep_m0032_r0,False,production_final,dynamics_unresolved,0.98798828125,3,417604,1463113
3,1024.0,deep,1024,True,,final_geometry_v15_20260930,4327fe4ece9317f6fd20fad18389a71e9b1f423b,32,True,0.3615174854833815,0.3615174854833815,c3981e313e36d7d446ada2410808927f842cb77d50a0f411db041d0a1a2ba6e6,;architecture_dynamics_dynamics_unresolved,train_logit,0.01,full_posterior,32,0.4124610711598294,0.4181832449128036,0.4181832449128036,0.3201959433129574,0.3201959433129574,0.024060654346799996,0.0280449552201097,128,409600,2080,True,,0,train_logit_32,train_logit_16,"{""train_logit_0"": 0.11375, ""train_logit_112"": 0.135, ""train_logit_16"": 0.2025, ""train_logit_32"": 0.08, ""train_logit_48"": 0.13875, ""train_logit_64"": 0.0525, ""train_logit_80"": 0.255, ""train_logit_96"": 0.0225}",1.0,dynamics_h_0p01_stage_2,af056e127c02b019412d5384149e30d1e6c85b146336ef076ef6b326c05fe260,deep_m0032_r0,False,production_final,dynamics_unresolved,0.98798828125,3,417604,1463113
3,1024.0,deep,1024,True,,final_geometry_v15_20260930,4327fe4ece9317f6fd20fad18389a71e9b1f423b,32,True,0.4498802604163047,0.4498802604163047,c3981e313e36d7d446ada2410808927f842cb77d50a0f411db041d0a1a2ba6e6,;architecture_dynamics_dynamics_unresolved,test_probability,0.01,full_posterior,32,0.48243254821846954,0.49622355219780057,0.49622355219780057,0.3860121032546677,0.3860121032546677,0.028225170732372813,0.03512905064105583,128,409600,2080,True,,0,test_prob_768,test_prob_512,"{""test_prob_0"": 0.15625, ""test_prob_128"": 0.11125, ""test_prob_256"": 0.0525, ""test_prob_384"": 0.15375, ""test_prob_512"": 0.1575, ""test_prob_640"": 0.02375, ""test_prob_768"": 0.31, ""test_prob_896"": 0.035}",1.0,dynamics_h_0p01_stage_2,af056e127c02b019412d5384149e30d1e6c85b146336ef076ef6b326c05fe260,deep_m0032_r0,False,production_final,dynamics_unresolved,0.98798828125,3,417604,1463113
3,1024.0,deep,2048,True,,final_geometry_v15_20260930,4327fe4ece9317f6fd20fad18389a71e9b1f423b,32,True,0.5427405651041475,0.5427405651041475,c3981e313e36d7d446ada2410808927f842cb77d50a0f411db041d0a1a2ba6e6,;architecture_dynamics_dynamics_unresolved,interaction,0.01,full_posterior,32,0.5795013916164974,0.6327568987802161,0.6327568987802161,0.4818418776247306,0.4818418776247306,0.0393690014097299,0.03622801450903859,128,409600,2080,True,,0,interaction_1,interaction_2,"{""interaction_0"": 0.045, ""interaction_1"": 0.4, ""interaction_2"": 0.35625, ""interaction_3"": 0.19875}",1.0,dynamics_h_0p01_stage_2,af056e127c02b019412d5384149e30d1e6c85b146336ef076ef6b326c05fe260,deep_m0032_r0,False,production_final,dynamics_unresolved,0.98798828125,3,417604,1463113
3,1024.0,deep,1024,True,,final_geometry_v15_20260930,4327fe4ece9317f6fd20fad18389a71e9b1f423b,32,True,0.6110832756962916,0.6110832756962916,41d63e28db09e50cf291420173d046c9adb4bf9d0b96bdf73f4e1c6042179ae6,,loss,0.02,full_posterior,32,0.6091388773825296,0.6551456971053051,0.6551456971053051,0.5188680304740132,0.5188680304740132,0.03635784336249397,0.03360426817742077,128,204800,2080,True,,0,V,V,"{""V"": 1.0}",1.0,dynamics_h_0p02_stage_2,af056e127c02b019412d5384149e30d1e6c85b146336ef076ef6b326c05fe260,deep_m0032_r0,True,validation_or_superseded,dynamics_unresolved,0.96603515625,4,208804,1463113
3,1024.0,deep,512,True,,final_geometry_v15_20260930,4327fe4ece9317f6fd20fad18389a71e9b1f423b,32,True,0.39866517658489947,0.39866517658489947,41d63e28db09e50cf291420173d046c9adb4bf9d0b96bdf73f4e1c6042179ae6,,train_logit,0.02,full_posterior,32,0.49553024664113765,0.49216644062537007,0.49216644062537007,0.33261595563082796,0.33261595563082796,0.042812382570676585,0.047038551913262255,128,204800,2080,True,,0,train_logit_80,train_logit_112,"{""train_logit_0"": 0.07875, ""train_logit_112"": 0.5425, ""train_logit_16"": 0.06875, ""train_logit_32"": 0.015, ""train_logit_48"": 0.045, ""train_logit_64"": 0.04625, ""train_logit_80"": 0.16375, ""train_logit_96"": 0.04}",1.0,dynamics_h_0p02_stage_2,af056e127c02b019412d5384149e30d1e6c85b146336ef076ef6b326c05fe260,deep_m0032_r0,True,validation_or_superseded,dynamics_unresolved,0.96603515625,4,208804,1463113
3,1024.0,deep,512,True,,final_geometry_v15_20260930,4327fe4ece9317f6fd20fad18389a71e9b1f423b,32,True,0.4232924077774226,0.4232924077774226,41d63e28db09e50cf291420173d046c9adb4bf9d0b96bdf73f4e1c6042179ae6,,test_probability,0.02,full_posterior,32,0.5059759570473231,0.48975356606945153,0.48975356606945153,0.3747556206758375,0.3747556206758375,0.029933415140175966,0.035239527208556276,128,204800,2080,True,,0,test_prob_128,test_prob_768,"{""test_prob_0"": 0.125, ""test_prob_128"": 0.15625, ""test_prob_256"": 0.15, ""test_prob_384"": 0.0875, ""test_prob_512"": 0.15875, ""test_prob_640"": 0.08625, ""test_prob_768"": 0.21625, ""test_prob_896"": 0.02}",1.0,dynamics_h_0p02_stage_2,af056e127c02b019412d5384149e30d1e6c85b146336ef076ef6b326c05fe260,deep_m0032_r0,True,validation_or_superseded,dynamics_unresolved,0.96603515625,4,208804,1463113
3,1024.0,deep,1024,True,,final_geometry_v15_20260930,4327fe4ece9317f6fd20fad18389a71e9b1f423b,32,True,0.6665034007823711,0.6665034007823711,41d63e28db09e50cf291420173d046c9adb4bf9d0b96bdf73f4e1c6042179ae6,,interaction,0.02,full_posterior,32,0.6788409173065079,0.7458713293420434,0.7458713293420434,0.4855962913172516,0.4855962913172516,0.07147791007596872,0.07675673381934883,128,204800,2080,True,,0,interaction_1,interaction_1,"{""interaction_0"": 0.23875, ""interaction_1"": 0.49125, ""interaction_2"": 0.1325, ""interaction_3"": 0.1375}",1.0,dynamics_h_0p02_stage_2,af056e127c02b019412d5384149e30d1e6c85b146336ef076ef6b326c05fe260,deep_m0032_r0,True,validation_or_superseded,dynamics_unresolved,0.96603515625,4,208804,1463113
3,2048.0,deep,4096,True,,final_geometry_v15_20260930,4327fe4ece9317f6fd20fad18389a71e9b1f423b,32,True,0.6645125487496195,0.6645125487496195,d73a649efd1effa354d80a14e4d0e73f21dc1d356b034cc8d88cfd0839d7a112,,loss,0.005,full_posterior,32,0.6994662411409918,0.6944063545154453,0.6944063545154453,0.5662690683847088,0.5662690683847088,0.033839192098094696,0.03649653753136803,128,1638400,2080,True,,1,V,V,"{""V"": 1.0}",1.0,dynamics_h_0p005_stage_3,662315e3af404632a903759afc0db53d7616be0be60d5bbeff2faff490855fed,deep_m0032_r1,True,validation_or_superseded,dynamics_unresolved,0.99556640625,2,1654404,2691913
3,2048.0,deep,2048,True,,final_geometry_v15_20260930,4327fe4ece9317f6fd20fad18389a71e9b1f423b,32,True,0.45938947091377336,0.45938947091377336,d73a649efd1effa354d80a14e4d0e73f21dc1d356b034cc8d88cfd0839d7a112,,train_logit,0.005,full_posterior,32,0.4949175479785707,0.4819783028956957,0.4819783028956957,0.3776810754103502,0.3776810754103502,0.02663025572902053,0.029530163798737318,128,1638400,2080,True,,1,train_logit_96,train_logit_48,"{""train_logit_0"": 0.0075, ""train_logit_112"": 0.05375, ""train_logit_16"": 0.18375, ""train_logit_32"": 0.02375, ""train_logit_48"": 0.27, ""train_logit_64"": 0.0425, ""train_logit_80"": 0.0275, ""train_logit_96"": 0.39125}",1.0,dynamics_h_0p005_stage_3,662315e3af404632a903759afc0db53d7616be0be60d5bbeff2faff490855fed,deep_m0032_r1,True,validation_or_superseded,dynamics_unresolved,0.99556640625,2,1654404,2691913
3,2048.0,deep,4096,True,,final_geometry_v15_20260930,4327fe4ece9317f6fd20fad18389a71e9b1f423b,32,True,0.5143007790735704,0.5143007790735704,d73a649efd1effa354d80a14e4d0e73f21dc1d356b034cc8d88cfd0839d7a112,,test_probability,0.005,full_posterior,32,0.538966327815442,0.5464500920494326,0.5464500920494326,0.42752635670782224,0.42752635670782224,0.03084106094910066,0.031540390585408744,128,1638400,2080,True,,1,test_prob_640,test_prob_512,"{""test_prob_0"": 0.00375, ""test_prob_128"": 0.07625, ""test_prob_256"": 0.23375, ""test_prob_384"": 0.0225, ""test_prob_512"": 0.27625, ""test_prob_640"": 0.3125, ""test_prob_768"": 0.065, ""test_prob_896"": 0.01}",1.0,dynamics_h_0p005_stage_3,662315e3af404632a903759afc0db53d7616be0be60d5bbeff2faff490855fed,deep_m0032_r1,True,validation_or_superseded,dynamics_unresolved,0.99556640625,2,1654404,2691913
3,2048.0,deep,4096,True,,final_geometry_v15_20260930,4327fe4ece9317f6fd20fad18389a71e9b1f423b,32,True,0.6620321976938142,0.6620321976938142,d73a649efd1effa354d80a14e4d0e73f21dc1d356b034cc8d88cfd0839d7a112,,interaction,0.005,full_posterior,32,0.685104653886353,0.7458592831882372,0.7458592831882372,0.5796437730956159,0.5796437730956159,0.04333110778018599,0.0461395171167275,128,1638400,2080,True,,1,interaction_0,interaction_3,"{""interaction_0"": 0.25, ""interaction_1"": 0.21125, ""interaction_2"": 0.0575, ""interaction_3"": 0.48125}",1.0,dynamics_h_0p005_stage_3,662315e3af404632a903759afc0db53d7616be0be60d5bbeff2faff490855fed,deep_m0032_r1,True,validation_or_superseded,dynamics_unresolved,0.99556640625,2,1654404,2691913
3,2048.0,deep,2048,True,,final_geometry_v15_20260930,4327fe4ece9317f6fd20fad18389a71e9b1f423b,32,True,0.6165168500634806,0.6165168500634806,a4f1deb03ebac7680343345dbe04314973750f53dfb4636fc2040125204ab8c5,;architecture_dynamics_dynamics_unresolved,loss,0.01,full_posterior,32,0.6112076606334,0.6468280569131296,0.6468280569131296,0.5485343440623496,0.5485343440623496,0.025744950342449804,0.023305872423242856,128,819200,2080,True,,1,V,V,"{""V"": 1.0}",1.0,dynamics_h_0p01_stage_3,662315e3af404632a903759afc0db53d7616be0be60d5bbeff2faff490855fed,deep_m0032_r1,False,production_final,dynamics_unresolved,0.9874609375,3,827204,2691913
3,2048.0,deep,2048,True,,final_geometry_v15_20260930,4327fe4ece9317f6fd20fad18389a71e9b1f423b,32,True,0.47963973229969226,0.47963973229969226,a4f1deb03ebac7680343345dbe04314973750f53dfb4636fc2040125204ab8c5,;architecture_dynamics_dynamics_unresolved,train_logit,0.01,full_posterior,32,0.5202320015189237,0.5413385359188888,0.5413385359188888,0.4120744523162841,0.4120744523162841,0.03286047200369867,0.03374247254981203,128,819200,2080,True,,1,train_logit_96,train_logit_0,"{""train_logit_0"": 0.215, ""train_logit_112"": 0.18625, ""train_logit_16"": 0.0375, ""train_logit_32"": 0.00125, ""train_logit_48"": 0.04375, ""train_logit_64"": 0.0175, ""train_logit_80"": 0.0175, ""train_logit_96"": 0.48125}",1.0,dynamics_h_0p01_stage_3,662315e3af404632a903759afc0db53d7616be0be60d5bbeff2faff490855fed,deep_m0032_r1,False,production_final,dynamics_unresolved,0.9874609375,3,827204,2691913
3,2048.0,deep,2048,True,,final_geometry_v15_20260930,4327fe4ece9317f6fd20fad18389a71e9b1f423b,32,True,0.47237976962832684,0.47237976962832684,a4f1deb03ebac7680343345dbe04314973750f53dfb4636fc2040125204ab8c5,;architecture_dynamics_dynamics_unresolved,test_probability,0.01,full_posterior,32,0.5224177041493919,0.5337197198480181,0.5337197198480181,0.4170567342890405,0.4170567342890405,0.026149318323654167,0.0267130295836519,128,819200,2080,True,,1,test_prob_768,test_prob_512,"{""test_prob_0"": 0.12125, ""test_prob_128"": 0.1175, ""test_prob_256"": 0.0775, ""test_prob_384"": 0.01875, ""test_prob_512"": 0.23375, ""test_prob_640"": 0.0225, ""test_prob_768"": 0.375, ""test_prob_896"": 0.03375}",1.0,dynamics_h_0p01_stage_3,662315e3af404632a903759afc0db53d7616be0be60d5bbeff2faff490855fed,deep_m0032_r1,False,production_final,dynamics_unresolved,0.9874609375,3,827204,2691913
3,2048.0,deep,2048,True,,final_geometry_v15_20260930,4327fe4ece9317f6fd20fad18389a71e9b1f423b,32,True,0.6763321682455593,0.6763321682455593,a4f1deb03ebac7680343345dbe04314973750f53dfb4636fc2040125204ab8c5,;architecture_dynamics_dynamics_unresolved,interaction,0.01,full_posterior,32,0.7341664887658697,0.7906649214732882,0.7906649214732882,0.5887594996267954,0.5887594996267954,0.05240596611551565,0.048880434176577524,128,819200,2080,True,,1,interaction_0,interaction_1,"{""interaction_0"": 0.48875, ""interaction_1"": 0.41375, ""interaction_2"": 0.085, ""interaction_3"": 0.0125}",1.0,dynamics_h_0p01_stage_3,662315e3af404632a903759afc0db53d7616be0be60d5bbeff2faff490855fed,deep_m0032_r1,False,production_final,dynamics_unresolved,0.9874609375,3,827204,2691913
3,1024.0,deep,1024,True,,final_geometry_v15_20260930,4327fe4ece9317f6fd20fad18389a71e9b1f423b,32,True,0.6351766397118526,0.6351766397118526,a6ebfb9f286f0e2f1f0df47ef0e22696b5879dfacbc3b55ceba1d4b1deb18ce1,,loss,0.02,full_posterior,32,0.639955532863705,0.6830941239541138,0.6830941239541138,0.5460956528208866,0.5460956528208866,0.0352308818635364,0.03062286370972786,128,204800,2080,True,,1,V,V,"{""V"": 1.0}",1.0,dynamics_h_0p02_stage_2,662315e3af404632a903759afc0db53d7616be0be60d5bbeff2faff490855fed,deep_m0032_r1,True,validation_or_superseded,dynamics_unresolved,0.965234375,4,208804,2691913
3,1024.0,deep,1024,True,,final_geometry_v15_20260930,4327fe4ece9317f6fd20fad18389a71e9b1f423b,32,True,0.446321963310062,0.446321963310062,a6ebfb9f286f0e2f1f0df47ef0e22696b5879dfacbc3b55ceba1d4b1deb18ce1,,train_logit,0.02,full_posterior,32,0.5154003473981158,0.5215155622511887,0.5215155622511887,0.39130972392342667,0.39130972392342667,0.03134629144253963,0.027961904063757134,128,204800,2080,True,,1,train_logit_32,train_logit_0,"{""train_logit_0"": 0.26125, ""train_logit_112"": 0.08, ""train_logit_16"": 0.1225, ""train_logit_32"": 0.255, ""train_logit_48"": 0.01875, ""train_logit_64"": 0.17125, ""train_logit_80"": 0.02875, ""train_logit_96"": 0.0625}",1.0,dynamics_h_0p02_stage_2,662315e3af404632a903759afc0db53d7616be0be60d5bbeff2faff490855fed,deep_m0032_r1,True,validation_or_superseded,dynamics_unresolved,0.965234375,4,208804,2691913
3,1024.0,deep,1024,True,,final_geometry_v15_20260930,4327fe4ece9317f6fd20fad18389a71e9b1f423b,32,True,0.5358747718892998,0.5358747718892998,a6ebfb9f286f0e2f1f0df47ef0e22696b5879dfacbc3b55ceba1d4b1deb18ce1,,test_probability,0.02,full_posterior,32,0.5642984143577215,0.5967039704871879,0.5967039704871879,0.4278972726381007,0.4278972726381007,0.04263813344958864,0.04175600774709602,128,204800,2080,True,,1,test_prob_768,test_prob_640,"{""test_prob_0"": 0.0475, ""test_prob_128"": 0.00375, ""test_prob_256"": 0.08125, ""test_prob_384"": 0.0125, ""test_prob_512"": 0.1075, ""test_prob_640"": 0.35125, ""test_prob_768"": 0.26625, ""test_prob_896"": 0.13}",1.0,dynamics_h_0p02_stage_2,662315e3af404632a903759afc0db53d7616be0be60d5bbeff2faff490855fed,deep_m0032_r1,True,validation_or_superseded,dynamics_unresolved,0.965234375,4,208804,2691913
3,1024.0,deep,1024,True,,final_geometry_v15_20260930,4327fe4ece9317f6fd20fad18389a71e9b1f423b,32,True,0.6419839821178328,0.6419839821178328,a6ebfb9f286f0e2f1f0df47ef0e22696b5879dfacbc3b55ceba1d4b1deb18ce1,,interaction,0.02,full_posterior,32,0.7070620173387089,0.791209909651121,0.791209909651121,0.5466827754272982,0.5466827754272982,0.06951109124420436,0.06416618818792973,128,204800,2080,True,,1,interaction_3,interaction_1,"{""interaction_0"": 0.1625, ""interaction_1"": 0.36125, ""interaction_2"": 0.25125, ""interaction_3"": 0.225}",1.0,dynamics_h_0p02_stage_2,662315e3af404632a903759afc0db53d7616be0be60d5bbeff2faff490855fed,deep_m0032_r1,True,validation_or_superseded,dynamics_unresolved,0.965234375,4,208804,2691913
3,1024.0,deep,4096,True,,final_geometry_v15_20260930,4327fe4ece9317f6fd20fad18389a71e9b1f423b,32,True,0.6340482955450544,0.6340482955450544,14eeb703081df8250f25aa1cb40db63327adbc1eb7e032a329bc62baa80183c5,,loss,0.005,full_posterior,32,0.640773769607416,0.6842572293141491,0.6842572293141491,0.5372982910636562,0.5372982910636562,0.03772809338653638,0.040851362217991787,128,819200,2080,True,,2,V,V,"{""V"": 1.0}",1.0,dynamics_h_0p005_stage_2,e1bd5b82d8da839a2fc5ffa8fd46793eab0e499a09e69bcda3048c51750c1a05,deep_m0032_r2,True,validation_or_superseded,dynamics_unresolved,0.995341796875,2,835204,1463113
3,1024.0,deep,2048,True,,final_geometry_v15_20260930,4327fe4ece9317f6fd20fad18389a71e9b1f423b,32,True,0.45826772386512266,0.45826772386512266,14eeb703081df8250f25aa1cb40db63327adbc1eb7e032a329bc62baa80183c5,,train_logit,0.005,full_posterior,32,0.4569763539600942,0.4872111146150411,0.4872111146150411,0.3559056672182886,0.3559056672182886,0.036333272765577254,0.0354567256145091,128,819200,2080,True,,2,train_logit_0,train_logit_0,"{""train_logit_0"": 0.4725, ""train_logit_112"": 0.0025, ""train_logit_16"": 0.03875, ""train_logit_48"": 0.1725, ""train_logit_64"": 0.13, ""train_logit_80"": 0.1575, ""train_logit_96"": 0.02625}",1.0,dynamics_h_0p005_stage_2,e1bd5b82d8da839a2fc5ffa8fd46793eab0e499a09e69bcda3048c51750c1a05,deep_m0032_r2,True,validation_or_superseded,dynamics_unresolved,0.995341796875,2,835204,1463113
3,1024.0,deep,4096,True,,final_geometry_v15_20260930,4327fe4ece9317f6fd20fad18389a71e9b1f423b,32,True,0.5015189236306163,0.5015189236306163,14eeb703081df8250f25aa1cb40db63327adbc1eb7e032a329bc62baa80183c5,,test_probability,0.005,full_posterior,32,0.5243038772083467,0.5315436672808422,0.5315436672808422,0.393090487311315,0.393090487311315,0.035948268827535844,0.04133258533239578,128,819200,2080,True,,2,test_prob_256,test_prob_256,"{""test_prob_0"": 0.03375, ""test_prob_128"": 0.06875, ""test_prob_256"": 0.40875, ""test_prob_384"": 0.01375, ""test_prob_512"": 0.04, ""test_prob_640"": 0.125, ""test_prob_768"": 0.2225, ""test_prob_896"": 0.0875}",1.0,dynamics_h_0p005_stage_2,e1bd5b82d8da839a2fc5ffa8fd46793eab0e499a09e69bcda3048c51750c1a05,deep_m0032_r2,True,validation_or_superseded,dynamics_unresolved,0.995341796875,2,835204,1463113
3,1024.0,deep,4096,True,,final_geometry_v15_20260930,4327fe4ece9317f6fd20fad18389a71e9b1f423b,32,True,0.6597120690284048,0.6597120690284048,14eeb703081df8250f25aa1cb40db63327adbc1eb7e032a329bc62baa80183c5,,interaction,0.005,full_posterior,32,0.6525588820032385,0.7224972387503461,0.7224972387503461,0.5137240105516562,0.5137240105516562,0.06051859112862045,0.062132216353171364,128,819200,2080,True,,2,interaction_1,interaction_1,"{""interaction_0"": 0.01125, ""interaction_1"": 0.775, ""interaction_2"": 0.14125, ""interaction_3"": 0.0725}",1.0,dynamics_h_0p005_stage_2,e1bd5b82d8da839a2fc5ffa8fd46793eab0e499a09e69bcda3048c51750c1a05,deep_m0032_r2,True,validation_or_superseded,dynamics_unresolved,0.995341796875,2,835204,1463113
3,1024.0,deep,2048,True,,final_geometry_v15_20260930,4327fe4ece9317f6fd20fad18389a71e9b1f423b,32,True,0.6168402064599716,0.6168402064599716,74b1cdd48aebf572176c6ea81488a0174ce262b6e90b258c8a8cc0c89551cfa1,;architecture_dynamics_dynamics_unresolved,loss,0.01,full_posterior,32,0.6207948220185033,0.680303686884231,0.680303686884231,0.5285948842666003,0.5285948842666003,0.03715032634872773,0.03800198608495509,128,409600,2080,True,,2,V,V,"{""V"": 1.0}",1.0,dynamics_h_0p01_stage_2,e1bd5b82d8da839a2fc5ffa8fd46793eab0e499a09e69bcda3048c51750c1a05,deep_m0032_r2,False,production_final,dynamics_unresolved,0.987373046875,2,417604,1463113
3,1024.0,deep,1024,True,,final_geometry_v15_20260930,4327fe4ece9317f6fd20fad18389a71e9b1f423b,32,True,0.47368145039004894,0.47368145039004894,74b1cdd48aebf572176c6ea81488a0174ce262b6e90b258c8a8cc0c89551cfa1,;architecture_dynamics_dynamics_unresolved,train_logit,0.01,full_posterior,32,0.4720814839022804,0.4948311545846844,0.4948311545846844,0.3295947089978441,0.3295947089978441,0.043082665495054,0.04362294391539147,128,409600,2080,True,,2,train_logit_0,train_logit_0,"{""train_logit_0"": 0.4725, ""train_logit_112"": 0.02625, ""train_logit_16"": 0.09375, ""train_logit_32"": 0.04875, ""train_logit_48"": 0.14375, ""train_logit_64"": 0.07875, ""train_logit_80"": 0.005, ""train_logit_96"": 0.13125}",1.0,dynamics_h_0p01_stage_2,e1bd5b82d8da839a2fc5ffa8fd46793eab0e499a09e69bcda3048c51750c1a05,deep_m0032_r2,False,production_final,dynamics_unresolved,0.987373046875,2,417604,1463113
3,1024.0,deep,2048,True,,final_geometry_v15_20260930,4327fe4ece9317f6fd20fad18389a71e9b1f423b,32,True,0.43562337221745595,0.43562337221745595,74b1cdd48aebf572176c6ea81488a0174ce262b6e90b258c8a8cc0c89551cfa1,;architecture_dynamics_dynamics_unresolved,test_probability,0.01,full_posterior,32,0.5183406321709826,0.5534553340625515,0.5534553340625515,0.3809853295459179,0.3809853295459179,0.05850903433782744,0.042225775015652854,128,409600,2080,True,,2,test_prob_256,test_prob_512,"{""test_prob_0"": 0.0725, ""test_prob_128"": 0.05875, ""test_prob_256"": 0.17125, ""test_prob_384"": 0.02, ""test_prob_512"": 0.48875, ""test_prob_640"": 0.03125, ""test_prob_768"": 0.01, ""test_prob_896"": 0.1475}",1.0,dynamics_h_0p01_stage_2,e1bd5b82d8da839a2fc5ffa8fd46793eab0e499a09e69bcda3048c51750c1a05,deep_m0032_r2,False,production_final,dynamics_unresolved,0.987373046875,2,417604,1463113
3,1024.0,deep,2048,True,,final_geometry_v15_20260930,4327fe4ece9317f6fd20fad18389a71e9b1f423b,32,True,0.5511109289022431,0.5511109289022431,74b1cdd48aebf572176c6ea81488a0174ce262b6e90b258c8a8cc0c89551cfa1,;architecture_dynamics_dynamics_unresolved,interaction,0.01,full_posterior,32,0.6370251745536287,0.6586161859921872,0.6586161859921872,0.47753738190299777,0.47753738190299777,0.04934570546304479,0.05673095431665671,128,409600,2080,True,,2,interaction_3,interaction_0,"{""interaction_0"": 0.30625, ""interaction_1"": 0.28625, ""interaction_2"": 0.1525, ""interaction_3"": 0.255}",1.0,dynamics_h_0p01_stage_2,e1bd5b82d8da839a2fc5ffa8fd46793eab0e499a09e69bcda3048c51750c1a05,deep_m0032_r2,False,production_final,dynamics_unresolved,0.987373046875,2,417604,1463113
3,1024.0,deep,1024,True,,final_geometry_v15_20260930,4327fe4ece9317f6fd20fad18389a71e9b1f423b,32,True,0.5926402093843293,0.5926402093843293,3b2e0f888c249b028eb58bd0127f54b8d9f202ba1cbeb1cf983ea7881bab56cf,,loss,0.02,full_posterior,32,0.5950120472955226,0.6396465699047468,0.6396465699047468,0.5245048512868363,0.5245048512868363,0.02940976548717612,0.031133209673961056,128,204800,2080,True,,2,V,V,"{""V"": 1.0}",1.0,dynamics_h_0p02_stage_2,e1bd5b82d8da839a2fc5ffa8fd46793eab0e499a09e69bcda3048c51750c1a05,deep_m0032_r2,True,validation_or_superseded,dynamics_unresolved,0.966640625,4,208804,1463113
3,1024.0,deep,512,True,,final_geometry_v15_20260930,4327fe4ece9317f6fd20fad18389a71e9b1f423b,32,True,0.4070711190813793,0.4070711190813793,3b2e0f888c249b028eb58bd0127f54b8d9f202ba1cbeb1cf983ea7881bab56cf,,train_logit,0.02,full_posterior,32,0.45949896087847025,0.4798035917682375,0.4798035917682375,0.3424664584268386,0.3424664584268386,0.036968170534869116,0.03728055818471101,128,204800,2080,True,,2,train_logit_16,train_logit_0,"{""train_logit_0"": 0.45375, ""train_logit_112"": 0.00125, ""train_logit_16"": 0.26375, ""train_logit_32"": 0.01125, ""train_logit_48"": 0.05375, ""train_logit_64"": 0.13125, ""train_logit_80"": 0.01125, ""train_logit_96"": 0.07375}",1.0,dynamics_h_0p02_stage_2,e1bd5b82d8da839a2fc5ffa8fd46793eab0e499a09e69bcda3048c51750c1a05,deep_m0032_r2,True,validation_or_superseded,dynamics_unresolved,0.966640625,4,208804,1463113
3,1024.0,deep,512,True,,final_geometry_v15_20260930,4327fe4ece9317f6fd20fad18389a71e9b1f423b,32,True,0.43795662970234894,0.43795662970234894,3b2e0f888c249b028eb58bd0127f54b8d9f202ba1cbeb1cf983ea7881bab56cf,,test_probability,0.02,full_posterior,32,0.47141087510144664,0.46903635591262893,0.46903635591262893,0.3612952283148064,0.3612952283148064,0.026842721919736853,0.028423727115673134,128,204800,2080,True,,2,test_prob_256,test_prob_896,"{""test_prob_0"": 0.0625, ""test_prob_128"": 0.10625, ""test_prob_256"": 0.19625, ""test_prob_384"": 0.02125, ""test_prob_512"": 0.10875, ""test_prob_640"": 0.125, ""test_prob_768"": 0.18875, ""test_prob_896"": 0.19125}",1.0,dynamics_h_0p02_stage_2,e1bd5b82d8da839a2fc5ffa8fd46793eab0e499a09e69bcda3048c51750c1a05,deep_m0032_r2,True,validation_or_superseded,dynamics_unresolved,0.966640625,4,208804,1463113
3,1024.0,deep,1024,True,,final_geometry_v15_20260930,4327fe4ece9317f6fd20fad18389a71e9b1f423b,32,True,0.516194697056519,0.516194697056519,3b2e0f888c249b028eb58bd0127f54b8d9f202ba1cbeb1cf983ea7881bab56cf,,interaction,0.02,full_posterior,32,0.5846714564157359,0.6355130155831129,0.6355130155831129,0.4846110042993252,0.4846110042993252,0.03928046915305192,0.04340352536342815,128,204800,2080,True,,2,interaction_0,interaction_2,"{""interaction_0"": 0.22125, ""interaction_1"": 0.3075, ""interaction_2"": 0.3425, ""interaction_3"": 0.12875}",1.0,dynamics_h_0p02_stage_2,e1bd5b82d8da839a2fc5ffa8fd46793eab0e499a09e69bcda3048c51750c1a05,deep_m0032_r2,True,validation_or_superseded,dynamics_unresolved,0.966640625,4,208804,1463113
3,1024.0,deep,1024,True,,final_geometry_v15_20260930,4327fe4ece9317f6fd20fad18389a71e9b1f423b,32,True,0.4633177061293225,0.4633177061293225,c425740c6ef89fbc802305187be5ae316069b92195e81914fc19cdaa54d3b35f,;architecture_dynamics_dynamics_unresolved,loss,0.01,full_posterior,64,0.4662733964813092,0.4831388671009611,0.4831388671009611,0.3960800791439773,0.3960800791439773,0.02320906881061971,0.02068203676975426,128,409600,6208,True,,0,V,V,"{""V"": 1.0}",1.0,dynamics_h_0p01_stage_2,981c8c16f8288893162866a44dc7f238a562d94baba61c4736c9e2c0a9aaafac,deep_m0064_r0,False,production_final,dynamics_unresolved,0.98875,3,417604,627909
3,1024.0,deep,1024,True,,final_geometry_v15_20260930,4327fe4ece9317f6fd20fad18389a71e9b1f423b,32,True,0.3425427535374021,0.3425427535374021,c425740c6ef89fbc802305187be5ae316069b92195e81914fc19cdaa54d3b35f,;architecture_dynamics_dynamics_unresolved,train_logit,0.01,full_posterior,64,0.3866763751358772,0.3794514253692129,0.3794514253692129,0.2933249477567645,0.2933249477567645,0.020905227642859736,0.020550679186626765,128,409600,6208,True,,0,train_logit_0,train_logit_48,"{""train_logit_0"": 0.2175, ""train_logit_112"": 0.095, ""train_logit_16"": 0.015, ""train_logit_32"": 0.1025, ""train_logit_48"": 0.24375, ""train_logit_64"": 0.0925, ""train_logit_80"": 0.12, ""train_logit_96"": 0.11375}",1.0,dynamics_h_0p01_stage_2,981c8c16f8288893162866a44dc7f238a562d94baba61c4736c9e2c0a9aaafac,deep_m0064_r0,False,production_final,dynamics_unresolved,0.98875,3,417604,627909
3,1024.0,deep,1024,True,,final_geometry_v15_20260930,4327fe4ece9317f6fd20fad18389a71e9b1f423b,32,True,0.3408482028175746,0.3408482028175746,c425740c6ef89fbc802305187be5ae316069b92195e81914fc19cdaa54d3b35f,;architecture_dynamics_dynamics_unresolved,test_probability,0.01,full_posterior,64,0.39851869120324246,0.3904763059762904,0.3904763059762904,0.30512087952789696,0.30512087952789696,0.022047907536481514,0.02208329750670806,128,409600,6208,True,,0,test_prob_384,test_prob_896,"{""test_prob_0"": 0.1275, ""test_prob_128"": 0.11625, ""test_prob_256"": 0.06625, ""test_prob_384"": 0.3275, ""test_prob_512"": 0.11875, ""test_prob_640"": 0.0675, ""test_prob_768"": 0.03625, ""test_prob_896"": 0.14}",1.0,dynamics_h_0p01_stage_2,981c8c16f8288893162866a44dc7f238a562d94baba61c4736c9e2c0a9aaafac,deep_m0064_r0,False,production_final,dynamics_unresolved,0.98875,3,417604,627909
3,1024.0,deep,2048,True,,final_geometry_v15_20260930,4327fe4ece9317f6fd20fad18389a71e9b1f423b,32,True,0.541863532122778,0.541863532122778,c425740c6ef89fbc802305187be5ae316069b92195e81914fc19cdaa54d3b35f,;architecture_dynamics_dynamics_unresolved,interaction,0.01,full_posterior,64,0.571166408483596,0.628314940778422,0.628314940778422,0.4557824490912553,0.4557824490912553,0.04518455503601052,0.050958476254603154,128,409600,6208,True,,0,interaction_3,interaction_1,"{""interaction_0"": 0.09125, ""interaction_1"": 0.27, ""interaction_2"": 0.195, ""interaction_3"": 0.44375}",1.0,dynamics_h_0p01_stage_2,981c8c16f8288893162866a44dc7f238a562d94baba61c4736c9e2c0a9aaafac,deep_m0064_r0,False,production_final,dynamics_unresolved,0.98875,3,417604,627909
3,1024.0,deep,512,True,,final_geometry_v15_20260930,4327fe4ece9317f6fd20fad18389a71e9b1f423b,32,True,0.45434873255376695,0.45434873255376695,87bd2e7a5e38746866db282febb4d8513a499c33b31084950053a42f895546c0,,loss,0.02,full_posterior,64,0.44409485994850684,0.47764524262887625,0.47764524262887625,0.38044764311771223,0.38044764311771223,0.025029984189564355,0.03108782074968629,128,204800,6208,True,,0,V,V,"{""V"": 1.0}",1.0,dynamics_h_0p02_stage_2,981c8c16f8288893162866a44dc7f238a562d94baba61c4736c9e2c0a9aaafac,deep_m0064_r0,True,validation_or_superseded,dynamics_unresolved,0.96923828125,3,208804,627909
3,1024.0,deep,512,True,,final_geometry_v15_20260930,4327fe4ece9317f6fd20fad18389a71e9b1f423b,32,True,0.3490514302237232,0.3490514302237232,87bd2e7a5e38746866db282febb4d8513a499c33b31084950053a42f895546c0,,train_logit,0.02,full_posterior,64,0.3780204502118825,0.3832229329908219,0.3832229329908219,0.29138637415819213,0.29138637415819213,0.023330139201895677,0.026464111823886975,128,204800,6208,True,,0,train_logit_80,train_logit_96,"{""train_logit_0"": 0.0375, ""train_logit_112"": 0.10875, ""train_logit_16"": 0.07875, ""train_logit_32"": 0.14625, ""train_logit_48"": 0.04, ""train_logit_64"": 0.13, ""train_logit_80"": 0.27875, ""train_logit_96"": 0.18}",1.0,dynamics_h_0p02_stage_2,981c8c16f8288893162866a44dc7f238a562d94baba61c4736c9e2c0a9aaafac,deep_m0064_r0,True,validation_or_superseded,dynamics_unresolved,0.96923828125,3,208804,627909
3,1024.0,deep,512,True,,final_geometry_v15_20260930,4327fe4ece9317f6fd20fad18389a71e9b1f423b,32,True,0.37830789697587375,0.37830789697587375,87bd2e7a5e38746866db282febb4d8513a499c33b31084950053a42f895546c0,,test_probability,0.02,full_posterior,64,0.4176148157118802,0.4179830262306503,0.4179830262306503,0.3196009354593899,0.3196009354593899,0.02426648711068049,0.03113514142189707,128,204800,6208,True,,0,test_prob_896,test_prob_384,"{""test_prob_0"": 0.08875, ""test_prob_128"": 0.07375, ""test_prob_256"": 0.14875, ""test_prob_384"": 0.22, ""test_prob_512"": 0.18625, ""test_prob_640"": 0.06375, ""test_prob_768"": 0.0375, ""test_prob_896"": 0.18125}",1.0,dynamics_h_0p02_stage_2,981c8c16f8288893162866a44dc7f238a562d94baba61c4736c9e2c0a9aaafac,deep_m0064_r0,True,validation_or_superseded,dynamics_unresolved,0.96923828125,3,208804,627909
3,1024.0,deep,1024,True,,final_geometry_v15_20260930,4327fe4ece9317f6fd20fad18389a71e9b1f423b,32,True,0.5162982118748336,0.5162982118748336,87bd2e7a5e38746866db282febb4d8513a499c33b31084950053a42f895546c0,,interaction,0.02,full_posterior,64,0.5509190518676974,0.6198614459070038,0.6198614459070038,0.45574641117748865,0.45574641117748865,0.04519374625846706,0.04891443226450522,128,204800,6208,True,,0,interaction_3,interaction_1,"{""interaction_0"": 0.22875, ""interaction_1"": 0.3775, ""interaction_2"": 0.0625, ""interaction_3"": 0.33125}",1.0,dynamics_h_0p02_stage_2,981c8c16f8288893162866a44dc7f238a562d94baba61c4736c9e2c0a9aaafac,deep_m0064_r0,True,validation_or_superseded,dynamics_unresolved,0.96923828125,3,208804,627909
3,1024.0,deep,1024,True,,final_geometry_v15_20260930,4327fe4ece9317f6fd20fad18389a71e9b1f423b,32,True,0.4914762222839654,0.4914762222839654,59beb161d147e59330a34df2512a0eb546d1434c8fd78cd51061a45e604219ed,;architecture_dynamics_dynamics_unresolved,loss,0.01,full_posterior,64,0.4833109715968982,0.5028353756142881,0.5028353756142881,0.4036099307550951,0.4036099307550951,0.025486078925541573,0.029184215083948053,128,409600,6208,True,,1,V,V,"{""V"": 1.0}",1.0,dynamics_h_0p01_stage_2,cffc441cee2bd015a78c885c0750263a0ede3b1b8b3eb5af88b7ed906fea8e96,deep_m0064_r1,False,production_final,dynamics_unresolved,0.98916015625,2,417604,627909
3,1024.0,deep,1024,True,,final_geometry_v15_20260930,4327fe4ece9317f6fd20fad18389a71e9b1f423b,32,True,0.39861988476695653,0.39861988476695653,59beb161d147e59330a34df2512a0eb546d1434c8fd78cd51061a45e604219ed,;architecture_dynamics_dynamics_unresolved,train_logit,0.01,full_posterior,64,0.44091854137039066,0.4522822796322354,0.4522822796322354,0.30781354921654724,0.30781354921654724,0.03659107082631944,0.03690629385177326,128,409600,6208,True,,1,train_logit_96,train_logit_48,"{""train_logit_0"": 0.08625, ""train_logit_112"": 0.03, ""train_logit_16"": 0.115, ""train_logit_32"": 0.08625, ""train_logit_48"": 0.2225, ""train_logit_64"": 0.04375, ""train_logit_80"": 0.00375, ""train_logit_96"": 0.4125}",1.0,dynamics_h_0p01_stage_2,cffc441cee2bd015a78c885c0750263a0ede3b1b8b3eb5af88b7ed906fea8e96,deep_m0064_r1,False,production_final,dynamics_unresolved,0.98916015625,2,417604,627909
3,1024.0,deep,1024,True,,final_geometry_v15_20260930,4327fe4ece9317f6fd20fad18389a71e9b1f423b,32,True,0.43875841776042557,0.43875841776042557,59beb161d147e59330a34df2512a0eb546d1434c8fd78cd51061a45e604219ed,;architecture_dynamics_dynamics_unresolved,test_probability,0.01,full_posterior,64,0.4641435339297086,0.47930358427638053,0.47930358427638053,0.35293061841722023,0.35293061841722023,0.03238891852574104,0.032449806554101,128,409600,6208,True,,1,test_prob_896,test_prob_0,"{""test_prob_0"": 0.11625, ""test_prob_128"": 0.025, ""test_prob_256"": 0.0375, ""test_prob_512"": 0.09, ""test_prob_640"": 0.36375, ""test_prob_768"": 0.02875, ""test_prob_896"": 0.33875}",1.0,dynamics_h_0p01_stage_2,cffc441cee2bd015a78c885c0750263a0ede3b1b8b3eb5af88b7ed906fea8e96,deep_m0064_r1,False,production_final,dynamics_unresolved,0.98916015625,2,417604,627909
3,1024.0,deep,2048,True,,final_geometry_v15_20260930,4327fe4ece9317f6fd20fad18389a71e9b1f423b,32,True,0.5683594680257763,0.5683594680257763,59beb161d147e59330a34df2512a0eb546d1434c8fd78cd51061a45e604219ed,;architecture_dynamics_dynamics_unresolved,interaction,0.01,full_posterior,64,0.6300686224086078,0.6976424903581544,0.6976424903581544,0.49569620741236814,0.49569620741236814,0.05277488048845408,0.045231648087903996,128,409600,6208,True,,1,interaction_3,interaction_1,"{""interaction_0"": 0.07125, ""interaction_1"": 0.32625, ""interaction_2"": 0.23125, ""interaction_3"": 0.37125}",1.0,dynamics_h_0p01_stage_2,cffc441cee2bd015a78c885c0750263a0ede3b1b8b3eb5af88b7ed906fea8e96,deep_m0064_r1,False,production_final,dynamics_unresolved,0.98916015625,2,417604,627909
3,1024.0,deep,512,True,,final_geometry_v15_20260930,4327fe4ece9317f6fd20fad18389a71e9b1f423b,32,True,0.4812644197698324,0.4812644197698324,16f90fa96fd42672b1b3e52e74db498c96fa2cf07fe3fa186e800bed3dd5803a,,loss,0.02,full_posterior,64,0.4858721507128999,0.5062568029839967,0.5062568029839967,0.4099333785214241,0.4099333785214241,0.025033339959052676,0.02939952932818294,128,204800,6208,True,,1,V,V,"{""V"": 1.0}",1.0,dynamics_h_0p02_stage_2,cffc441cee2bd015a78c885c0750263a0ede3b1b8b3eb5af88b7ed906fea8e96,deep_m0064_r1,True,validation_or_superseded,dynamics_unresolved,0.96970703125,3,208804,627909
3,1024.0,deep,512,True,,final_geometry_v15_20260930,4327fe4ece9317f6fd20fad18389a71e9b1f423b,32,True,0.36554684729428805,0.36554684729428805,16f90fa96fd42672b1b3e52e74db498c96fa2cf07fe3fa186e800bed3dd5803a,,train_logit,0.02,full_posterior,64,0.42246111591724395,0.430051721916687,0.430051721916687,0.3201548049906198,0.3201548049906198,0.02693700945839819,0.03081822218344795,128,204800,6208,True,,1,train_logit_64,train_logit_48,"{""train_logit_0"": 0.14875, ""train_logit_112"": 0.04125, ""train_logit_16"": 0.00875, ""train_logit_32"": 0.02125, ""train_logit_48"": 0.1225, ""train_logit_64"": 0.17375, ""train_logit_80"": 0.3075, ""train_logit_96"": 0.17625}",1.0,dynamics_h_0p02_stage_2,cffc441cee2bd015a78c885c0750263a0ede3b1b8b3eb5af88b7ed906fea8e96,deep_m0064_r1,True,validation_or_superseded,dynamics_unresolved,0.96970703125,3,208804,627909
3,1024.0,deep,512,True,,final_geometry_v15_20260930,4327fe4ece9317f6fd20fad18389a71e9b1f423b,32,True,0.3962063545207407,0.3962063545207407,16f90fa96fd42672b1b3e52e74db498c96fa2cf07fe3fa186e800bed3dd5803a,,test_probability,0.02,full_posterior,64,0.4211567907220749,0.4297010465755576,0.4297010465755576,0.33919754706684563,0.33919754706684563,0.02259877104901926,0.024357899678115438,128,204800,6208,True,,1,test_prob_512,test_prob_256,"{""test_prob_0"": 0.02625, ""test_prob_128"": 0.1625, ""test_prob_256"": 0.235, ""test_prob_384"": 0.005, ""test_prob_512"": 0.28375, ""test_prob_640"": 0.135, ""test_prob_768"": 0.07625, ""test_prob_896"": 0.07625}",1.0,dynamics_h_0p02_stage_2,cffc441cee2bd015a78c885c0750263a0ede3b1b8b3eb5af88b7ed906fea8e96,deep_m0064_r1,True,validation_or_superseded,dynamics_unresolved,0.96970703125,3,208804,627909
3,1024.0,deep,1024,True,,final_geometry_v15_20260930,4327fe4ece9317f6fd20fad18389a71e9b1f423b,32,True,0.6135918697804041,0.6135918697804041,16f90fa96fd42672b1b3e52e74db498c96fa2cf07fe3fa186e800bed3dd5803a,,interaction,0.02,full_posterior,64,0.5982237747684691,0.6625555612614664,0.6625555612614664,0.5082031211634971,0.5082031211634971,0.04316953189548323,0.0445931957801484,128,204800,6208,True,,1,interaction_3,interaction_3,"{""interaction_0"": 0.07, ""interaction_1"": 0.3125, ""interaction_2"": 0.13625, ""interaction_3"": 0.48125}",1.0,dynamics_h_0p02_stage_2,cffc441cee2bd015a78c885c0750263a0ede3b1b8b3eb5af88b7ed906fea8e96,deep_m0064_r1,True,validation_or_superseded,dynamics_unresolved,0.96970703125,3,208804,627909
3,1024.0,deep,1024,True,,final_geometry_v15_20260930,4327fe4ece9317f6fd20fad18389a71e9b1f423b,32,True,0.4075212507134592,0.4075212507134592,b805c7fff1e7078c23282a5d5aa160d3793608efb74d92fba16d3b28621e1ae9,;architecture_dynamics_dynamics_unresolved,loss,0.01,full_posterior,64,0.4045274185078286,0.4271838587351335,0.4271838587351335,0.35320742023590607,0.35320742023590607,0.01943388723880939,0.021573914946555934,128,409600,6208,True,,2,V,V,"{""V"": 1.0}",1.0,dynamics_h_0p01_stage_2,5e7e9d9b0e46c28d13a71799ccda6b52c4855a61024370dac3c38fe8cb82e7c3,deep_m0064_r2,False,production_final,dynamics_unresolved,0.988662109375,2,417604,627909
3,1024.0,deep,1024,True,,final_geometry_v15_20260930,4327fe4ece9317f6fd20fad18389a71e9b1f423b,32,True,0.3508209629636234,0.3508209629636234,b805c7fff1e7078c23282a5d5aa160d3793608efb74d92fba16d3b28621e1ae9,;architecture_dynamics_dynamics_unresolved,train_logit,0.01,full_posterior,64,0.38870453358857787,0.40290704462419646,0.40290704462419646,0.3045088272039678,0.3045088272039678,0.02584328956151744,0.02982733079263896,128,409600,6208,True,,2,train_logit_16,train_logit_0,"{""train_logit_0"": 0.51125, ""train_logit_112"": 0.03625, ""train_logit_16"": 0.17125, ""train_logit_32"": 0.0125, ""train_logit_48"": 0.11, ""train_logit_64"": 0.00875, ""train_logit_80"": 0.01125, ""train_logit_96"": 0.13875}",1.0,dynamics_h_0p01_stage_2,5e7e9d9b0e46c28d13a71799ccda6b52c4855a61024370dac3c38fe8cb82e7c3,deep_m0064_r2,False,production_final,dynamics_unresolved,0.988662109375,2,417604,627909
3,1024.0,deep,1024,True,,final_geometry_v15_20260930,4327fe4ece9317f6fd20fad18389a71e9b1f423b,32,True,0.3929395148133171,0.3929395148133171,b805c7fff1e7078c23282a5d5aa160d3793608efb74d92fba16d3b28621e1ae9,;architecture_dynamics_dynamics_unresolved,test_probability,0.01,full_posterior,64,0.41411929020085175,0.426549731257783,0.426549731257783,0.3282285046068548,0.3282285046068548,0.025368430998812027,0.02930571871310729,128,409600,6208,True,,2,test_prob_896,test_prob_256,"{""test_prob_0"": 0.01375, ""test_prob_128"": 0.08625, ""test_prob_256"": 0.3125, ""test_prob_384"": 0.00375, ""test_prob_512"": 0.0175, ""test_prob_640"": 0.165, ""test_prob_768"": 0.14, ""test_prob_896"": 0.26125}",1.0,dynamics_h_0p01_stage_2,5e7e9d9b0e46c28d13a71799ccda6b52c4855a61024370dac3c38fe8cb82e7c3,deep_m0064_r2,False,production_final,dynamics_unresolved,0.988662109375,2,417604,627909
3,1024.0,deep,2048,True,,final_geometry_v15_20260930,4327fe4ece9317f6fd20fad18389a71e9b1f423b,32,True,0.5141247172156382,0.5141247172156382,b805c7fff1e7078c23282a5d5aa160d3793608efb74d92fba16d3b28621e1ae9,;architecture_dynamics_dynamics_unresolved,interaction,0.01,full_posterior,64,0.5660191397834909,0.6098718912087163,0.6098718912087163,0.4696190542686913,0.4696190542686913,0.03539462602025136,0.033014009812010074,128,409600,6208,True,,2,interaction_1,interaction_0,"{""interaction_0"": 0.3575, ""interaction_1"": 0.37125, ""interaction_2"": 0.06625, ""interaction_3"": 0.205}",1.0,dynamics_h_0p01_stage_2,5e7e9d9b0e46c28d13a71799ccda6b52c4855a61024370dac3c38fe8cb82e7c3,deep_m0064_r2,False,production_final,dynamics_unresolved,0.988662109375,2,417604,627909
3,1024.0,deep,512,True,,final_geometry_v15_20260930,4327fe4ece9317f6fd20fad18389a71e9b1f423b,32,True,0.468982671321196,0.468982671321196,ec32b32a49132cef6cd2f991b53a647c9fa35e0d2f01bed3fe1dba7147f8c193,,loss,0.02,full_posterior,64,0.4672734088131037,0.4959473891797368,0.4959473891797368,0.3955455488628737,0.3955455488628737,0.02539644453842304,0.024970905066639206,128,204800,6208,True,,2,V,V,"{""V"": 1.0}",1.0,dynamics_h_0p02_stage_2,5e7e9d9b0e46c28d13a71799ccda6b52c4855a61024370dac3c38fe8cb82e7c3,deep_m0064_r2,True,validation_or_superseded,dynamics_unresolved,0.97021484375,3,208804,627909
3,1024.0,deep,512,True,,final_geometry_v15_20260930,4327fe4ece9317f6fd20fad18389a71e9b1f423b,32,True,0.44797830980974207,0.44797830980974207,ec32b32a49132cef6cd2f991b53a647c9fa35e0d2f01bed3fe1dba7147f8c193,,train_logit,0.02,full_posterior,64,0.4441416022625834,0.4530354676846419,0.4530354676846419,0.31865661923418975,0.31865661923418975,0.040870584163717125,0.04047711098721534,128,204800,6208,True,,2,train_logit_0,train_logit_0,"{""train_logit_0"": 0.70625, ""train_logit_112"": 0.00375, ""train_logit_16"": 0.05625, ""train_logit_32"": 0.005, ""train_logit_48"": 0.15, ""train_logit_64"": 0.07125, ""train_logit_80"": 0.00375, ""train_logit_96"": 0.00375}",1.0,dynamics_h_0p02_stage_2,5e7e9d9b0e46c28d13a71799ccda6b52c4855a61024370dac3c38fe8cb82e7c3,deep_m0064_r2,True,validation_or_superseded,dynamics_unresolved,0.97021484375,3,208804,627909
3,1024.0,deep,512,True,,final_geometry_v15_20260930,4327fe4ece9317f6fd20fad18389a71e9b1f423b,32,True,0.37560083786530385,0.37560083786530385,ec32b32a49132cef6cd2f991b53a647c9fa35e0d2f01bed3fe1dba7147f8c193,,test_probability,0.02,full_posterior,64,0.41353790115179606,0.4367275033215755,0.4367275033215755,0.3243833506263798,0.3243833506263798,0.028456198818407684,0.030296587133069548,128,204800,6208,True,,2,test_prob_384,test_prob_896,"{""test_prob_0"": 0.01, ""test_prob_128"": 0.275, ""test_prob_256"": 0.105, ""test_prob_384"": 0.11375, ""test_prob_512"": 0.14375, ""test_prob_640"": 0.155, ""test_prob_768"": 0.02875, ""test_prob_896"": 0.16875}",1.0,dynamics_h_0p02_stage_2,5e7e9d9b0e46c28d13a71799ccda6b52c4855a61024370dac3c38fe8cb82e7c3,deep_m0064_r2,True,validation_or_superseded,dynamics_unresolved,0.97021484375,3,208804,627909
3,1024.0,deep,1024,True,,final_geometry_v15_20260930,4327fe4ece9317f6fd20fad18389a71e9b1f423b,32,True,0.5966748511924054,0.5966748511924054,ec32b32a49132cef6cd2f991b53a647c9fa35e0d2f01bed3fe1dba7147f8c193,,interaction,0.02,full_posterior,64,0.5640751061698867,0.6240844365298945,0.6240844365298945,0.4772257697682158,0.4772257697682158,0.036683359852757,0.0367506575654247,128,204800,6208,True,,2,interaction_0,interaction_0,"{""interaction_0"": 0.38125, ""interaction_1"": 0.11875, ""interaction_2"": 0.23125, ""interaction_3"": 0.26875}",1.0,dynamics_h_0p02_stage_2,5e7e9d9b0e46c28d13a71799ccda6b52c4855a61024370dac3c38fe8cb82e7c3,deep_m0064_r2,True,validation_or_superseded,dynamics_unresolved,0.97021484375,3,208804,627909
3,2048.0,deep,1024,True,,final_geometry_v15_20260930,4327fe4ece9317f6fd20fad18389a71e9b1f423b,32,True,0.3642371561641097,0.3642371561641097,d5a9d240fc309666b4aeb3540e3e73f7b408afdaece615ca0ba3d727cc2a8c1a,;architecture_dynamics_dynamics_unresolved,loss,0.01,full_posterior,128,0.36503470818385775,0.3705706852455123,0.3705706852455123,0.32293912135535957,0.32293912135535957,0.012467030144887519,0.012484253995875456,128,819200,20608,True,,0,V,V,"{""V"": 1.0}",1.0,dynamics_h_0p01_stage_3,a3fbfe3694a6d3a7a8f724b8f6e362367e3afc7860a1c5f1481a53f3e86fcfbf,deep_m0128_r0,False,production_final,dynamics_unresolved,0.9896630859375,2,827204,1037509
3,2048.0,deep,1024,True,,final_geometry_v15_20260930,4327fe4ece9317f6fd20fad18389a71e9b1f423b,32,True,0.30165318961199283,0.30165318961199283,d5a9d240fc309666b4aeb3540e3e73f7b408afdaece615ca0ba3d727cc2a8c1a,;architecture_dynamics_dynamics_unresolved,train_logit,0.01,full_posterior,128,0.3249451942967093,0.33049871817170273,0.33049871817170273,0.2747651431250216,0.2747651431250216,0.014259717653859631,0.014333253341181487,128,819200,20608,True,,0,train_logit_0,train_logit_96,"{""train_logit_0"": 0.2225, ""train_logit_112"": 0.00625, ""train_logit_16"": 0.08625, ""train_logit_32"": 0.04625, ""train_logit_48"": 0.09, ""train_logit_64"": 0.0025, ""train_logit_80"": 0.2575, ""train_logit_96"": 0.28875}",1.0,dynamics_h_0p01_stage_3,a3fbfe3694a6d3a7a8f724b8f6e362367e3afc7860a1c5f1481a53f3e86fcfbf,deep_m0128_r0,False,production_final,dynamics_unresolved,0.9896630859375,2,827204,1037509
3,2048.0,deep,1024,True,,final_geometry_v15_20260930,4327fe4ece9317f6fd20fad18389a71e9b1f423b,32,True,0.33405483304200734,0.33405483304200734,d5a9d240fc309666b4aeb3540e3e73f7b408afdaece615ca0ba3d727cc2a8c1a,;architecture_dynamics_dynamics_unresolved,test_probability,0.01,full_posterior,128,0.34485861400293893,0.3583012665651381,0.3583012665651381,0.30555937869986866,0.30555937869986866,0.013373066712738095,0.014419485192938139,128,819200,20608,True,,0,test_prob_256,test_prob_0,"{""test_prob_0"": 0.2325, ""test_prob_128"": 0.20375, ""test_prob_256"": 0.22, ""test_prob_384"": 0.09, ""test_prob_512"": 0.15375, ""test_prob_640"": 0.015, ""test_prob_768"": 0.01625, ""test_prob_896"": 0.06875}",1.0,dynamics_h_0p01_stage_3,a3fbfe3694a6d3a7a8f724b8f6e362367e3afc7860a1c5f1481a53f3e86fcfbf,deep_m0128_r0,False,production_final,dynamics_unresolved,0.9896630859375,2,827204,1037509
3,2048.0,deep,2048,True,,final_geometry_v15_20260930,4327fe4ece9317f6fd20fad18389a71e9b1f423b,32,True,0.505684457754063,0.505684457754063,d5a9d240fc309666b4aeb3540e3e73f7b408afdaece615ca0ba3d727cc2a8c1a,;architecture_dynamics_dynamics_unresolved,interaction,0.01,full_posterior,128,0.5231162255444188,0.5505035314630934,0.5505035314630934,0.4588989820425045,0.4588989820425045,0.02496589657223172,0.025742471604904046,128,819200,20608,True,,0,interaction_3,interaction_1,"{""interaction_0"": 0.08875, ""interaction_1"": 0.31, ""interaction_2"": 0.17375, ""interaction_3"": 0.4275}",1.0,dynamics_h_0p01_stage_3,a3fbfe3694a6d3a7a8f724b8f6e362367e3afc7860a1c5f1481a53f3e86fcfbf,deep_m0128_r0,False,production_final,dynamics_unresolved,0.9896630859375,2,827204,1037509
3,1024.0,deep,512,True,,final_geometry_v15_20260930,4327fe4ece9317f6fd20fad18389a71e9b1f423b,32,True,0.34309681772446166,0.34309681772446166,63541ad03799fc2d5a33d8e7679bab775c1be94a79ab6f16c06dc557ba15ae76,,loss,0.02,full_posterior,128,0.3428644621056162,0.359840087959621,0.359840087959621,0.30670689847067834,0.30670689847067834,0.01362311188195345,0.015161591691025933,128,204800,20608,True,,0,V,V,"{""V"": 1.0}",1.0,dynamics_h_0p02_stage_2,a3fbfe3694a6d3a7a8f724b8f6e362367e3afc7860a1c5f1481a53f3e86fcfbf,deep_m0128_r0,True,validation_or_superseded,dynamics_unresolved,0.97107421875,3,208804,1037509
3,1024.0,deep,512,True,,final_geometry_v15_20260930,4327fe4ece9317f6fd20fad18389a71e9b1f423b,32,True,0.2769142246513214,0.2769142246513214,63541ad03799fc2d5a33d8e7679bab775c1be94a79ab6f16c06dc557ba15ae76,,train_logit,0.02,full_posterior,128,0.30647412881245395,0.32837044927892955,0.32837044927892955,0.26070506071094446,0.26070506071094446,0.016220695113171073,0.015552142238660695,128,204800,20608,True,,0,train_logit_0,train_logit_112,"{""train_logit_0"": 0.1675, ""train_logit_112"": 0.17, ""train_logit_16"": 0.0325, ""train_logit_32"": 0.21, ""train_logit_48"": 0.1325, ""train_logit_64"": 0.07375, ""train_logit_80"": 0.155, ""train_logit_96"": 0.05875}",1.0,dynamics_h_0p02_stage_2,a3fbfe3694a6d3a7a8f724b8f6e362367e3afc7860a1c5f1481a53f3e86fcfbf,deep_m0128_r0,True,validation_or_superseded,dynamics_unresolved,0.97107421875,3,208804,1037509
3,1024.0,deep,512,True,,final_geometry_v15_20260930,4327fe4ece9317f6fd20fad18389a71e9b1f423b,32,True,0.3404223007292783,0.3404223007292783,63541ad03799fc2d5a33d8e7679bab775c1be94a79ab6f16c06dc557ba15ae76,,test_probability,0.02,full_posterior,128,0.37028377896621484,0.41229387493214026,0.41229387493214026,0.28950005803382206,0.28950005803382206,0.030905145092419525,0.029477682663889535,128,204800,20608,True,,0,test_prob_0,test_prob_896,"{""test_prob_0"": 0.175, ""test_prob_128"": 0.10875, ""test_prob_256"": 0.02125, ""test_prob_384"": 0.08875, ""test_prob_512"": 0.0525, ""test_prob_640"": 0.06, ""test_prob_768"": 0.0725, ""test_prob_896"": 0.42125}",1.0,dynamics_h_0p02_stage_2,a3fbfe3694a6d3a7a8f724b8f6e362367e3afc7860a1c5f1481a53f3e86fcfbf,deep_m0128_r0,True,validation_or_superseded,dynamics_unresolved,0.97107421875,3,208804,1037509
3,1024.0,deep,1024,True,,final_geometry_v15_20260930,4327fe4ece9317f6fd20fad18389a71e9b1f423b,32,True,0.5070626991907293,0.5070626991907293,63541ad03799fc2d5a33d8e7679bab775c1be94a79ab6f16c06dc557ba15ae76,,interaction,0.02,full_posterior,128,0.5374918481919412,0.5708900485718742,0.5708900485718742,0.4484210104687627,0.4484210104687627,0.032818643588658845,0.033431006090023106,128,204800,20608,True,,0,interaction_1,interaction_0,"{""interaction_0"": 0.5175, ""interaction_1"": 0.40125, ""interaction_2"": 0.05625, ""interaction_3"": 0.025}",1.0,dynamics_h_0p02_stage_2,a3fbfe3694a6d3a7a8f724b8f6e362367e3afc7860a1c5f1481a53f3e86fcfbf,deep_m0128_r0,True,validation_or_superseded,dynamics_unresolved,0.97107421875,3,208804,1037509
3,1024.0,deep,1024,True,,final_geometry_v15_20260930,4327fe4ece9317f6fd20fad18389a71e9b1f423b,32,True,0.40716887451995865,0.40716887451995865,31c8bf5b050a294cd0906a1e629aed70efa719721d8a54ae8d2dd38ca42880ec,;architecture_dynamics_dynamics_unresolved,loss,0.01,full_posterior,128,0.4152318593593858,0.4347284427160101,0.4347284427160101,0.3573777589106483,0.3573777589106483,0.02079474219431681,0.02152619094810472,128,409600,20608,True,,1,V,V,"{""V"": 1.0}",1.0,dynamics_h_0p01_stage_2,12140e25162df7ed81599a111742b07052ef21dac4d3086bb8a4c937317db44a,deep_m0128_r1,False,production_final,dynamics_unresolved,0.98947265625,2,417604,627909
3,1024.0,deep,1024,True,,final_geometry_v15_20260930,4327fe4ece9317f6fd20fad18389a71e9b1f423b,32,True,0.34833445028109794,0.34833445028109794,31c8bf5b050a294cd0906a1e629aed70efa719721d8a54ae8d2dd38ca42880ec,;architecture_dynamics_dynamics_unresolved,train_logit,0.01,full_posterior,128,0.3722842087486701,0.3762010962319876,0.3762010962319876,0.2895370695193529,0.2895370695193529,0.021174271024933754,0.02426813266289701,128,409600,20608,True,,1,train_logit_112,train_logit_80,"{""train_logit_0"": 0.1075, ""train_logit_112"": 0.20375, ""train_logit_16"": 0.01875, ""train_logit_32"": 0.02875, ""train_logit_48"": 0.14375, ""train_logit_64"": 0.1, ""train_logit_80"": 0.17875, ""train_logit_96"": 0.21875}",1.0,dynamics_h_0p01_stage_2,12140e25162df7ed81599a111742b07052ef21dac4d3086bb8a4c937317db44a,deep_m0128_r1,False,production_final,dynamics_unresolved,0.98947265625,2,417604,627909
3,1024.0,deep,1024,True,,final_geometry_v15_20260930,4327fe4ece9317f6fd20fad18389a71e9b1f423b,32,True,0.3707541570635313,0.3707541570635313,31c8bf5b050a294cd0906a1e629aed70efa719721d8a54ae8d2dd38ca42880ec,;architecture_dynamics_dynamics_unresolved,test_probability,0.01,full_posterior,128,0.40242049046567574,0.41934539669897386,0.41934539669897386,0.3206008551532955,0.3206008551532955,0.024389994521727045,0.02268630548525432,128,409600,20608,True,,1,test_prob_896,test_prob_384,"{""test_prob_0"": 0.19125, ""test_prob_128"": 0.03125, ""test_prob_256"": 0.06875, ""test_prob_384"": 0.16125, ""test_prob_512"": 0.15375, ""test_prob_640"": 0.05, ""test_prob_768"": 0.10625, ""test_prob_896"": 0.2375}",1.0,dynamics_h_0p01_stage_2,12140e25162df7ed81599a111742b07052ef21dac4d3086bb8a4c937317db44a,deep_m0128_r1,False,production_final,dynamics_unresolved,0.98947265625,2,417604,627909
3,1024.0,deep,2048,True,,final_geometry_v15_20260930,4327fe4ece9317f6fd20fad18389a71e9b1f423b,32,True,0.5598369535823824,0.5598369535823824,31c8bf5b050a294cd0906a1e629aed70efa719721d8a54ae8d2dd38ca42880ec,;architecture_dynamics_dynamics_unresolved,interaction,0.01,full_posterior,128,0.5508047279666437,0.6074321595832556,0.6074321595832556,0.4538379452155568,0.4538379452155568,0.04112599599527023,0.041694797365006996,128,409600,20608,True,,1,interaction_2,interaction_2,"{""interaction_0"": 0.2425, ""interaction_1"": 0.11, ""interaction_2"": 0.54875, ""interaction_3"": 0.09875}",1.0,dynamics_h_0p01_stage_2,12140e25162df7ed81599a111742b07052ef21dac4d3086bb8a4c937317db44a,deep_m0128_r1,False,production_final,dynamics_unresolved,0.98947265625,2,417604,627909
3,1024.0,deep,512,True,,final_geometry_v15_20260930,4327fe4ece9317f6fd20fad18389a71e9b1f423b,32,True,0.40585237279854613,0.40585237279854613,4b342c1a4ea7ea49da9295e9c0c8f0e58b2255accfd3f7e3cbde420553098a86,,loss,0.02,full_posterior,128,0.4124395580942853,0.4316034189471489,0.4316034189471489,0.3486879703435595,0.3486879703435595,0.020934946726294916,0.01936402269563921,128,204800,20608,True,,1,V,V,"{""V"": 1.0}",1.0,dynamics_h_0p02_stage_2,12140e25162df7ed81599a111742b07052ef21dac4d3086bb8a4c937317db44a,deep_m0128_r1,True,validation_or_superseded,dynamics_unresolved,0.97166015625,3,208804,627909
3,1024.0,deep,512,True,,final_geometry_v15_20260930,4327fe4ece9317f6fd20fad18389a71e9b1f423b,32,True,0.3299530442422842,0.3299530442422842,4b342c1a4ea7ea49da9295e9c0c8f0e58b2255accfd3f7e3cbde420553098a86,,train_logit,0.02,full_posterior,128,0.3671660066217428,0.3712812092081887,0.3712812092081887,0.28497319193961057,0.28497319193961057,0.020854348016472152,0.02315194788993403,128,204800,20608,True,,1,train_logit_48,train_logit_96,"{""train_logit_0"": 0.055, ""train_logit_112"": 0.045, ""train_logit_16"": 0.07125, ""train_logit_32"": 0.175, ""train_logit_48"": 0.25625, ""train_logit_64"": 0.00375, ""train_logit_80"": 0.03125, ""train_logit_96"": 0.3625}",1.0,dynamics_h_0p02_stage_2,12140e25162df7ed81599a111742b07052ef21dac4d3086bb8a4c937317db44a,deep_m0128_r1,True,validation_or_superseded,dynamics_unresolved,0.97166015625,3,208804,627909
3,1024.0,deep,512,True,,final_geometry_v15_20260930,4327fe4ece9317f6fd20fad18389a71e9b1f423b,32,True,0.41340978682086016,0.41340978682086016,4b342c1a4ea7ea49da9295e9c0c8f0e58b2255accfd3f7e3cbde420553098a86,,test_probability,0.02,full_posterior,128,0.4123030829297868,0.43451795212631034,0.43451795212631034,0.31410821313849874,0.31410821313849874,0.032849655180993885,0.03666553126524509,128,204800,20608,True,,1,test_prob_512,test_prob_512,"{""test_prob_0"": 0.005, ""test_prob_128"": 0.085, ""test_prob_256"": 0.04125, ""test_prob_384"": 0.00375, ""test_prob_512"": 0.5525, ""test_prob_640"": 0.03625, ""test_prob_768"": 0.1825, ""test_prob_896"": 0.09375}",1.0,dynamics_h_0p02_stage_2,12140e25162df7ed81599a111742b07052ef21dac4d3086bb8a4c937317db44a,deep_m0128_r1,True,validation_or_superseded,dynamics_unresolved,0.97166015625,3,208804,627909
3,1024.0,deep,1024,True,,final_geometry_v15_20260930,4327fe4ece9317f6fd20fad18389a71e9b1f423b,32,True,0.5405376678762834,0.5405376678762834,4b342c1a4ea7ea49da9295e9c0c8f0e58b2255accfd3f7e3cbde420553098a86,,interaction,0.02,full_posterior,128,0.5804162783481213,0.6446325530543642,0.6446325530543642,0.46947317865862326,0.46947317865862326,0.0458006868331803,0.0466987503274381,128,204800,20608,True,,1,interaction_3,interaction_0,"{""interaction_0"": 0.31875, ""interaction_1"": 0.095, ""interaction_2"": 0.12125, ""interaction_3"": 0.465}",1.0,dynamics_h_0p02_stage_2,12140e25162df7ed81599a111742b07052ef21dac4d3086bb8a4c937317db44a,deep_m0128_r1,True,validation_or_superseded,dynamics_unresolved,0.97166015625,3,208804,627909
3,1024.0,deep,1024,True,,final_geometry_v15_20260930,4327fe4ece9317f6fd20fad18389a71e9b1f423b,32,True,0.36285946062841984,0.36285946062841984,c8727eca7ef330dfa0a71a2a335179847cb07c9c75adc570dd50e0476c1ce109,;architecture_dynamics_dynamics_unresolved,loss,0.01,full_posterior,128,0.36310083313573244,0.37166508218503,0.37166508218503,0.3119352623734191,0.3119352623734191,0.015701584195108677,0.015518613840131175,128,409600,20608,True,,2,V,V,"{""V"": 1.0}",1.0,dynamics_h_0p01_stage_2,ab9e24560eea0ddc4fd775ee6d516b1daa269452cd648f2739f422995dd944b3,deep_m0128_r2,False,production_final,dynamics_unresolved,0.98990234375,2,417604,627909
3,1024.0,deep,1024,True,,final_geometry_v15_20260930,4327fe4ece9317f6fd20fad18389a71e9b1f423b,32,True,0.29915432650948415,0.29915432650948415,c8727eca7ef330dfa0a71a2a335179847cb07c9c75adc570dd50e0476c1ce109,;architecture_dynamics_dynamics_unresolved,train_logit,0.01,full_posterior,128,0.351351323300523,0.3655312711390746,0.3655312711390746,0.26763544906848574,0.26763544906848574,0.024034460267086475,0.023793971273325297,128,409600,20608,True,,2,train_logit_32,train_logit_0,"{""train_logit_0"": 0.45625, ""train_logit_16"": 0.07375, ""train_logit_32"": 0.19375, ""train_logit_48"": 0.1775, ""train_logit_64"": 0.0025, ""train_logit_80"": 0.035, ""train_logit_96"": 0.06125}",1.0,dynamics_h_0p01_stage_2,ab9e24560eea0ddc4fd775ee6d516b1daa269452cd648f2739f422995dd944b3,deep_m0128_r2,False,production_final,dynamics_unresolved,0.98990234375,2,417604,627909
3,1024.0,deep,1024,True,,final_geometry_v15_20260930,4327fe4ece9317f6fd20fad18389a71e9b1f423b,32,True,0.33203352698780264,0.33203352698780264,c8727eca7ef330dfa0a71a2a335179847cb07c9c75adc570dd50e0476c1ce109,;architecture_dynamics_dynamics_unresolved,test_probability,0.01,full_posterior,128,0.3583842225375845,0.37036595312349,0.37036595312349,0.285340290045995,0.285340290045995,0.021224376669998168,0.025126613991381583,128,409600,20608,True,,2,test_prob_768,test_prob_896,"{""test_prob_0"": 0.03125, ""test_prob_128"": 0.0075, ""test_prob_256"": 0.0925, ""test_prob_384"": 0.01125, ""test_prob_512"": 0.09625, ""test_prob_640"": 0.085, ""test_prob_768"": 0.3425, ""test_prob_896"": 0.33375}",1.0,dynamics_h_0p01_stage_2,ab9e24560eea0ddc4fd775ee6d516b1daa269452cd648f2739f422995dd944b3,deep_m0128_r2,False,production_final,dynamics_unresolved,0.98990234375,2,417604,627909
3,1024.0,deep,2048,True,,final_geometry_v15_20260930,4327fe4ece9317f6fd20fad18389a71e9b1f423b,32,True,0.49209277737630286,0.49209277737630286,c8727eca7ef330dfa0a71a2a335179847cb07c9c75adc570dd50e0476c1ce109,;architecture_dynamics_dynamics_unresolved,interaction,0.01,full_posterior,128,0.5377645343233212,0.5685585811132786,0.5685585811132786,0.4439303754699238,0.4439303754699238,0.031189554064851296,0.032893439415306536,128,409600,20608,True,,2,interaction_3,interaction_1,"{""interaction_0"": 0.235, ""interaction_1"": 0.3025, ""interaction_2"": 0.0825, ""interaction_3"": 0.38}",1.0,dynamics_h_0p01_stage_2,ab9e24560eea0ddc4fd775ee6d516b1daa269452cd648f2739f422995dd944b3,deep_m0128_r2,False,production_final,dynamics_unresolved,0.98990234375,2,417604,627909
3,1024.0,deep,512,True,,final_geometry_v15_20260930,4327fe4ece9317f6fd20fad18389a71e9b1f423b,32,True,0.3780929733859688,0.3780929733859688,f008efa6f96857bacb28241bf0d8210952daa18e8d892e6f42af2b6329779f71,,loss,0.02,full_posterior,128,0.3874361747731285,0.39243564539174275,0.39243564539174275,0.3302645015280189,0.3302645015280189,0.01658365200047373,0.017952685586958794,128,204800,20608,True,,2,V,V,"{""V"": 1.0}",1.0,dynamics_h_0p02_stage_2,ab9e24560eea0ddc4fd775ee6d516b1daa269452cd648f2739f422995dd944b3,deep_m0128_r2,True,validation_or_superseded,dynamics_unresolved,0.9712890625,3,208804,627909
3,1024.0,deep,512,True,,final_geometry_v15_20260930,4327fe4ece9317f6fd20fad18389a71e9b1f423b,32,True,0.337368679214495,0.337368679214495,f008efa6f96857bacb28241bf0d8210952daa18e8d892e6f42af2b6329779f71,,train_logit,0.02,full_posterior,128,0.35660107367676125,0.3778360702008857,0.3778360702008857,0.2897010361577485,0.2897010361577485,0.023310088666847126,0.022472806089278225,128,204800,20608,True,,2,train_logit_0,train_logit_48,"{""train_logit_0"": 0.53125, ""train_logit_112"": 0.015, ""train_logit_16"": 0.0025, ""train_logit_32"": 0.02625, ""train_logit_48"": 0.33, ""train_logit_64"": 0.02375, ""train_logit_80"": 0.0325, ""train_logit_96"": 0.03875}",1.0,dynamics_h_0p02_stage_2,ab9e24560eea0ddc4fd775ee6d516b1daa269452cd648f2739f422995dd944b3,deep_m0128_r2,True,validation_or_superseded,dynamics_unresolved,0.9712890625,3,208804,627909
3,1024.0,deep,512,True,,final_geometry_v15_20260930,4327fe4ece9317f6fd20fad18389a71e9b1f423b,32,True,0.35763857291652695,0.35763857291652695,f008efa6f96857bacb28241bf0d8210952daa18e8d892e6f42af2b6329779f71,,test_probability,0.02,full_posterior,128,0.3785893937507825,0.3843375362443859,0.3843375362443859,0.29934514341982216,0.29934514341982216,0.021601872318627344,0.024087502929082842,128,204800,20608,True,,2,test_prob_768,test_prob_512,"{""test_prob_0"": 0.005, ""test_prob_128"": 0.01125, ""test_prob_256"": 0.04625, ""test_prob_384"": 0.055, ""test_prob_512"": 0.33875, ""test_prob_640"": 0.10125, ""test_prob_768"": 0.2625, ""test_prob_896"": 0.18}",1.0,dynamics_h_0p02_stage_2,ab9e24560eea0ddc4fd775ee6d516b1daa269452cd648f2739f422995dd944b3,deep_m0128_r2,True,validation_or_superseded,dynamics_unresolved,0.9712890625,3,208804,627909
3,1024.0,deep,1024,True,,final_geometry_v15_20260930,4327fe4ece9317f6fd20fad18389a71e9b1f423b,32,True,0.535671402041711,0.535671402041711,f008efa6f96857bacb28241bf0d8210952daa18e8d892e6f42af2b6329779f71,,interaction,0.02,full_posterior,128,0.5493046565717533,0.6005224743679624,0.6005224743679624,0.4700988120813814,0.4700988120813814,0.03390661243999622,0.03473668679238098,128,204800,20608,True,,2,interaction_0,interaction_3,"{""interaction_0"": 0.27, ""interaction_1"": 0.1775, ""interaction_2"": 0.15875, ""interaction_3"": 0.39375}",1.0,dynamics_h_0p02_stage_2,ab9e24560eea0ddc4fd775ee6d516b1daa269452cd648f2739f422995dd944b3,deep_m0128_r2,True,validation_or_superseded,dynamics_unresolved,0.9712890625,3,208804,627909
3,1024.0,deep,2048,True,,final_geometry_v15_20260930,4327fe4ece9317f6fd20fad18389a71e9b1f423b,32,True,0.35088035818532576,0.35088035818532576,3bd20447f9b9454cb8d4098f5084133a6975dbc5676b5665bb84ad62424d1d0f,,loss,0.005,full_posterior,256,0.350817923917137,0.36427359074941273,0.36427359074941273,0.29397779631696414,0.29397779631696414,0.018075463700655804,0.021003087334454752,128,819200,73984,True,,0,V,V,"{""V"": 1.0}",1.0,dynamics_h_0p005_stage_2,2814b4d76a9cc9419ec01ed447161e8acf050a7bbe1b8e92bdfa0e832e724270,deep_m0256_r0,True,validation_or_superseded,dynamics_unresolved,0.9963818359375,2,835204,1463113
3,1024.0,deep,2048,True,,final_geometry_v15_20260930,4327fe4ece9317f6fd20fad18389a71e9b1f423b,32,True,0.30077159162238093,0.30077159162238093,3bd20447f9b9454cb8d4098f5084133a6975dbc5676b5665bb84ad62424d1d0f,,train_logit,0.005,full_posterior,256,0.31717317854288263,0.3296029174861036,0.3296029174861036,0.26143188339425144,0.26143188339425144,0.01919243459134749,0.020572245621146092,128,819200,73984,True,,0,train_logit_96,train_logit_80,"{""train_logit_0"": 0.02625, ""train_logit_112"": 0.0025, ""train_logit_16"": 0.00625, ""train_logit_32"": 0.11375, ""train_logit_48"": 0.05375, ""train_logit_64"": 0.00875, ""train_logit_80"": 0.315, ""train_logit_96"": 0.47375}",1.0,dynamics_h_0p005_stage_2,2814b4d76a9cc9419ec01ed447161e8acf050a7bbe1b8e92bdfa0e832e724270,deep_m0256_r0,True,validation_or_superseded,dynamics_unresolved,0.9963818359375,2,835204,1463113
3,1024.0,deep,2048,True,,final_geometry_v15_20260930,4327fe4ece9317f6fd20fad18389a71e9b1f423b,32,True,0.2993527268463896,0.2993527268463896,3bd20447f9b9454cb8d4098f5084133a6975dbc5676b5665bb84ad62424d1d0f,,test_probability,0.005,full_posterior,256,0.3208293391982114,0.3377624082217021,0.3377624082217021,0.26983493242660556,0.26983493242660556,0.015195898304680194,0.016084398674836187,128,819200,73984,True,,0,test_prob_0,test_prob_640,"{""test_prob_0"": 0.2375, ""test_prob_128"": 0.13875, ""test_prob_256"": 0.00875, ""test_prob_384"": 0.1425, ""test_prob_512"": 0.08125, ""test_prob_640"": 0.1975, ""test_prob_768"": 0.05875, ""test_prob_896"": 0.135}",1.0,dynamics_h_0p005_stage_2,2814b4d76a9cc9419ec01ed447161e8acf050a7bbe1b8e92bdfa0e832e724270,deep_m0256_r0,True,validation_or_superseded,dynamics_unresolved,0.9963818359375,2,835204,1463113
3,1024.0,deep,2048,True,,final_geometry_v15_20260930,4327fe4ece9317f6fd20fad18389a71e9b1f423b,32,True,0.47137701167953644,0.47137701167953644,3bd20447f9b9454cb8d4098f5084133a6975dbc5676b5665bb84ad62424d1d0f,,interaction,0.005,full_posterior,256,0.4948901691425967,0.5250246157718647,0.5250246157718647,0.4092983173548522,0.4092983173548522,0.029683902999410428,0.03170850191519372,128,819200,73984,True,,0,interaction_3,interaction_1,"{""interaction_0"": 0.07, ""interaction_1"": 0.3125, ""interaction_2"": 0.1625, ""interaction_3"": 0.455}",1.0,dynamics_h_0p005_stage_2,2814b4d76a9cc9419ec01ed447161e8acf050a7bbe1b8e92bdfa0e832e724270,deep_m0256_r0,True,validation_or_superseded,dynamics_unresolved,0.9963818359375,2,835204,1463113
3,1024.0,deep,1024,True,,final_geometry_v15_20260930,4327fe4ece9317f6fd20fad18389a71e9b1f423b,32,True,0.28417790174827384,0.28417790174827384,f9f9c939099fbd0520ace6b57c291d0a11d6cf95cee94e55194d46964bc7a444,;architecture_dynamics_dynamics_unresolved,loss,0.01,full_posterior,256,0.29177395108589194,0.3091939486206397,0.3091939486206397,0.25511650020564863,0.25511650020564863,0.01444273992841825,0.015229764880920229,128,409600,73984,True,,0,V,V,"{""V"": 1.0}",1.0,dynamics_h_0p01_stage_2,2814b4d76a9cc9419ec01ed447161e8acf050a7bbe1b8e92bdfa0e832e724270,deep_m0256_r0,False,production_final,dynamics_unresolved,0.98947265625,3,417604,1463113
3,1024.0,deep,1024,True,,final_geometry_v15_20260930,4327fe4ece9317f6fd20fad18389a71e9b1f423b,32,True,0.2852042438958808,0.2852042438958808,f9f9c939099fbd0520ace6b57c291d0a11d6cf95cee94e55194d46964bc7a444,;architecture_dynamics_dynamics_unresolved,train_logit,0.01,full_posterior,256,0.30422082949115686,0.32216316999893513,0.32216316999893513,0.25480348077058346,0.25480348077058346,0.016290828498987026,0.016031068817914194,128,409600,73984,True,,0,train_logit_0,train_logit_80,"{""train_logit_0"": 0.23875, ""train_logit_112"": 0.03125, ""train_logit_16"": 0.0875, ""train_logit_32"": 0.20875, ""train_logit_48"": 0.04375, ""train_logit_64"": 0.06625, ""train_logit_80"": 0.25625, ""train_logit_96"": 0.0675}",1.0,dynamics_h_0p01_stage_2,2814b4d76a9cc9419ec01ed447161e8acf050a7bbe1b8e92bdfa0e832e724270,deep_m0256_r0,False,production_final,dynamics_unresolved,0.98947265625,3,417604,1463113
3,1024.0,deep,1024,True,,final_geometry_v15_20260930,4327fe4ece9317f6fd20fad18389a71e9b1f423b,32,True,0.3195838479171832,0.3195838479171832,f9f9c939099fbd0520ace6b57c291d0a11d6cf95cee94e55194d46964bc7a444,;architecture_dynamics_dynamics_unresolved,test_probability,0.01,full_posterior,256,0.33925252924203003,0.3582243201509031,0.3582243201509031,0.2888066658923536,0.2888066658923536,0.017433558954305123,0.018023224615203944,128,409600,73984,True,,0,test_prob_128,test_prob_640,"{""test_prob_0"": 0.19375, ""test_prob_128"": 0.2775, ""test_prob_256"": 0.00375, ""test_prob_384"": 0.05125, ""test_prob_512"": 0.04625, ""test_prob_640"": 0.16375, ""test_prob_768"": 0.1475, ""test_prob_896"": 0.11625}",1.0,dynamics_h_0p01_stage_2,2814b4d76a9cc9419ec01ed447161e8acf050a7bbe1b8e92bdfa0e832e724270,deep_m0256_r0,False,production_final,dynamics_unresolved,0.98947265625,3,417604,1463113
3,1024.0,deep,2048,True,,final_geometry_v15_20260930,4327fe4ece9317f6fd20fad18389a71e9b1f423b,32,True,0.5432382058007441,0.5432382058007441,f9f9c939099fbd0520ace6b57c291d0a11d6cf95cee94e55194d46964bc7a444,;architecture_dynamics_dynamics_unresolved,interaction,0.01,full_posterior,256,0.536182723476307,0.5902381353422922,0.5902381353422922,0.4510149957950969,0.4510149957950969,0.03668283840930208,0.036793785036559036,128,409600,73984,True,,0,interaction_0,interaction_0,"{""interaction_0"": 0.48125, ""interaction_1"": 0.19, ""interaction_2"": 0.11375, ""interaction_3"": 0.215}",1.0,dynamics_h_0p01_stage_2,2814b4d76a9cc9419ec01ed447161e8acf050a7bbe1b8e92bdfa0e832e724270,deep_m0256_r0,False,production_final,dynamics_unresolved,0.98947265625,3,417604,1463113
3,1024.0,deep,512,True,,final_geometry_v15_20260930,4327fe4ece9317f6fd20fad18389a71e9b1f423b,32,True,0.31674669910616315,0.31674669910616315,444f5ef0c887613c190411e5f4151cb84488520c78adc24d2acb31140c1b2e28,,loss,0.02,full_posterior,256,0.32077912587814994,0.32969995986554773,0.32969995986554773,0.27190600801659437,0.27190600801659437,0.014471390448889754,0.014335084714495839,128,204800,73984,True,,0,V,V,"{""V"": 1.0}",1.0,dynamics_h_0p02_stage_2,2814b4d76a9cc9419ec01ed447161e8acf050a7bbe1b8e92bdfa0e832e724270,deep_m0256_r0,True,validation_or_superseded,dynamics_unresolved,0.9719921875,3,208804,1463113
3,1024.0,deep,512,True,,final_geometry_v15_20260930,4327fe4ece9317f6fd20fad18389a71e9b1f423b,32,True,0.30581999634543466,0.30581999634543466,444f5ef0c887613c190411e5f4151cb84488520c78adc24d2acb31140c1b2e28,,train_logit,0.02,full_posterior,256,0.3196202220269176,0.33279234680706654,0.33279234680706654,0.2643297949570748,0.2643297949570748,0.017668335068890748,0.016747656812736718,128,204800,73984,True,,0,train_logit_96,train_logit_80,"{""train_logit_0"": 0.01, ""train_logit_112"": 0.13125, ""train_logit_16"": 0.0875, ""train_logit_32"": 0.03, ""train_logit_48"": 0.165, ""train_logit_64"": 0.0325, ""train_logit_80"": 0.21875, ""train_logit_96"": 0.325}",1.0,dynamics_h_0p02_stage_2,2814b4d76a9cc9419ec01ed447161e8acf050a7bbe1b8e92bdfa0e832e724270,deep_m0256_r0,True,validation_or_superseded,dynamics_unresolved,0.9719921875,3,208804,1463113
3,1024.0,deep,512,True,,final_geometry_v15_20260930,4327fe4ece9317f6fd20fad18389a71e9b1f423b,32,True,0.32176957665536604,0.32176957665536604,444f5ef0c887613c190411e5f4151cb84488520c78adc24d2acb31140c1b2e28,,test_probability,0.02,full_posterior,256,0.34676618212502625,0.3603785085693954,0.3603785085693954,0.28485740439506835,0.28485740439506835,0.018972422004335715,0.019653867262098307,128,204800,73984,True,,0,test_prob_128,test_prob_640,"{""test_prob_0"": 0.04375, ""test_prob_128"": 0.175, ""test_prob_256"": 0.065, ""test_prob_384"": 0.0275, ""test_prob_512"": 0.035, ""test_prob_640"": 0.2825, ""test_prob_768"": 0.11125, ""test_prob_896"": 0.26}",1.0,dynamics_h_0p02_stage_2,2814b4d76a9cc9419ec01ed447161e8acf050a7bbe1b8e92bdfa0e832e724270,deep_m0256_r0,True,validation_or_superseded,dynamics_unresolved,0.9719921875,3,208804,1463113
3,1024.0,deep,1024,True,,final_geometry_v15_20260930,4327fe4ece9317f6fd20fad18389a71e9b1f423b,32,True,0.48810051929084186,0.48810051929084186,444f5ef0c887613c190411e5f4151cb84488520c78adc24d2acb31140c1b2e28,,interaction,0.02,full_posterior,256,0.5284270146516244,0.57771098151411,0.57771098151411,0.44230270310247766,0.44230270310247766,0.03280663233096759,0.03309423982748863,128,204800,73984,True,,0,interaction_3,interaction_0,"{""interaction_0"": 0.3125, ""interaction_1"": 0.255, ""interaction_2"": 0.1525, ""interaction_3"": 0.28}",1.0,dynamics_h_0p02_stage_2,2814b4d76a9cc9419ec01ed447161e8acf050a7bbe1b8e92bdfa0e832e724270,deep_m0256_r0,True,validation_or_superseded,dynamics_unresolved,0.9719921875,3,208804,1463113
3,1024.0,deep,2048,True,,final_geometry_v15_20260930,4327fe4ece9317f6fd20fad18389a71e9b1f423b,32,True,0.3156888045919246,0.3156888045919246,9a99f49392e059203eb1e4be69ea410fde04e8caae11bda6cc9ef3bf1484dada,,loss,0.005,full_posterior,256,0.31455119637994694,0.3257895190867237,0.3257895190867237,0.28664654573581705,0.28664654573581705,0.010267272460215391,0.011288354152849723,128,819200,73984,True,,1,V,V,"{""V"": 1.0}",1.0,dynamics_h_0p005_stage_2,09d81740c09e1434a4c78134a13a48b854f29cf5822e72d75983713cdb747963,deep_m0256_r1,True,validation_or_superseded,dynamics_unresolved,0.99666015625,2,835204,1463113
3,1024.0,deep,2048,True,,final_geometry_v15_20260930,4327fe4ece9317f6fd20fad18389a71e9b1f423b,32,True,0.2862605746129316,0.2862605746129316,9a99f49392e059203eb1e4be69ea410fde04e8caae11bda6cc9ef3bf1484dada,,train_logit,0.005,full_posterior,256,0.31813010959635385,0.32312883346097093,0.32312883346097093,0.2633995307089098,0.2633995307089098,0.014384818235940821,0.01320580046201974,128,819200,73984,True,,1,train_logit_96,train_logit_112,"{""train_logit_0"": 0.10125, ""train_logit_112"": 0.17375, ""train_logit_16"": 0.18375, ""train_logit_32"": 0.03375, ""train_logit_48"": 0.06625, ""train_logit_64"": 0.10875, ""train_logit_80"": 0.07625, ""train_logit_96"": 0.25625}",1.0,dynamics_h_0p005_stage_2,09d81740c09e1434a4c78134a13a48b854f29cf5822e72d75983713cdb747963,deep_m0256_r1,True,validation_or_superseded,dynamics_unresolved,0.99666015625,2,835204,1463113
3,1024.0,deep,2048,True,,final_geometry_v15_20260930,4327fe4ece9317f6fd20fad18389a71e9b1f423b,32,True,0.32990774334507444,0.32990774334507444,9a99f49392e059203eb1e4be69ea410fde04e8caae11bda6cc9ef3bf1484dada,,test_probability,0.005,full_posterior,256,0.33645494914698626,0.35118112587778616,0.35118112587778616,0.28128131921035643,0.28128131921035643,0.01785148273622188,0.018566968956223836,128,819200,73984,True,,1,test_prob_512,test_prob_896,"{""test_prob_0"": 0.01, ""test_prob_128"": 0.05125, ""test_prob_256"": 0.15875, ""test_prob_384"": 0.09125, ""test_prob_512"": 0.18125, ""test_prob_640"": 0.19875, ""test_prob_768"": 0.0325, ""test_prob_896"": 0.27625}",1.0,dynamics_h_0p005_stage_2,09d81740c09e1434a4c78134a13a48b854f29cf5822e72d75983713cdb747963,deep_m0256_r1,True,validation_or_superseded,dynamics_unresolved,0.99666015625,2,835204,1463113
3,1024.0,deep,4096,True,,final_geometry_v15_20260930,4327fe4ece9317f6fd20fad18389a71e9b1f423b,32,True,0.535363696163321,0.535363696163321,9a99f49392e059203eb1e4be69ea410fde04e8caae11bda6cc9ef3bf1484dada,,interaction,0.005,full_posterior,256,0.5331565376040874,0.5833248778241398,0.5833248778241398,0.4546885956509897,0.4546885956509897,0.034210499120284996,0.036754887416236,128,819200,73984,True,,1,interaction_1,interaction_1,"{""interaction_0"": 0.23875, ""interaction_1"": 0.55, ""interaction_2"": 0.12, ""interaction_3"": 0.09125}",1.0,dynamics_h_0p005_stage_2,09d81740c09e1434a4c78134a13a48b854f29cf5822e72d75983713cdb747963,deep_m0256_r1,True,validation_or_superseded,dynamics_unresolved,0.99666015625,2,835204,1463113
3,1024.0,deep,1024,True,,final_geometry_v15_20260930,4327fe4ece9317f6fd20fad18389a71e9b1f423b,32,True,0.3476409773547322,0.3476409773547322,2ac399a694d6b5748b586b11b769180516ed4e5afbe0a19c5625d293f9199a18,;architecture_dynamics_dynamics_unresolved,loss,0.01,full_posterior,256,0.3503088938289712,0.3704687658886499,0.3704687658886499,0.30435656877873285,0.30435656877873285,0.01653961201212423,0.016282637399795533,128,409600,73984,True,,1,V,V,"{""V"": 1.0}",1.0,dynamics_h_0p01_stage_2,09d81740c09e1434a4c78134a13a48b854f29cf5822e72d75983713cdb747963,deep_m0256_r1,False,production_final,dynamics_unresolved,0.989873046875,2,417604,1463113
3,1024.0,deep,1024,True,,final_geometry_v15_20260930,4327fe4ece9317f6fd20fad18389a71e9b1f423b,32,True,0.296192565390769,0.296192565390769,2ac399a694d6b5748b586b11b769180516ed4e5afbe0a19c5625d293f9199a18,;architecture_dynamics_dynamics_unresolved,train_logit,0.01,full_posterior,256,0.31230626661431804,0.3226570663566412,0.3226570663566412,0.26068029336614335,0.26068029336614335,0.014903585792157961,0.014462456096031952,128,409600,73984,True,,1,train_logit_0,train_logit_64,"{""train_logit_0"": 0.355, ""train_logit_112"": 0.12125, ""train_logit_16"": 0.0725, ""train_logit_32"": 0.015, ""train_logit_48"": 0.07875, ""train_logit_64"": 0.17125, ""train_logit_80"": 0.05125, ""train_logit_96"": 0.135}",1.0,dynamics_h_0p01_stage_2,09d81740c09e1434a4c78134a13a48b854f29cf5822e72d75983713cdb747963,deep_m0256_r1,False,production_final,dynamics_unresolved,0.989873046875,2,417604,1463113
3,1024.0,deep,1024,True,,final_geometry_v15_20260930,4327fe4ece9317f6fd20fad18389a71e9b1f423b,32,True,0.32765055484501915,0.32765055484501915,2ac399a694d6b5748b586b11b769180516ed4e5afbe0a19c5625d293f9199a18,;architecture_dynamics_dynamics_unresolved,test_probability,0.01,full_posterior,256,0.33857182713928125,0.3616553756470967,0.3616553756470967,0.2824255892610618,0.2824255892610618,0.020042552804654893,0.020689545920562366,128,409600,73984,True,,1,test_prob_640,test_prob_256,"{""test_prob_0"": 0.14, ""test_prob_128"": 0.155, ""test_prob_256"": 0.185, ""test_prob_384"": 0.0225, ""test_prob_512"": 0.01125, ""test_prob_640"": 0.23375, ""test_prob_768"": 0.05, ""test_prob_896"": 0.2025}",1.0,dynamics_h_0p01_stage_2,09d81740c09e1434a4c78134a13a48b854f29cf5822e72d75983713cdb747963,deep_m0256_r1,False,production_final,dynamics_unresolved,0.989873046875,2,417604,1463113
3,1024.0,deep,2048,True,,final_geometry_v15_20260930,4327fe4ece9317f6fd20fad18389a71e9b1f423b,32,True,0.5027406163496098,0.5027406163496098,2ac399a694d6b5748b586b11b769180516ed4e5afbe0a19c5625d293f9199a18,;architecture_dynamics_dynamics_unresolved,interaction,0.01,full_posterior,256,0.5562404060099325,0.601870483640082,0.601870483640082,0.4430965898008713,0.4430965898008713,0.042338016239612856,0.04047831871785261,128,409600,73984,True,,1,interaction_1,interaction_2,"{""interaction_0"": 0.115, ""interaction_1"": 0.29625, ""interaction_2"": 0.49875, ""interaction_3"": 0.09}",1.0,dynamics_h_0p01_stage_2,09d81740c09e1434a4c78134a13a48b854f29cf5822e72d75983713cdb747963,deep_m0256_r1,False,production_final,dynamics_unresolved,0.989873046875,2,417604,1463113
3,1024.0,deep,512,True,,final_geometry_v15_20260930,4327fe4ece9317f6fd20fad18389a71e9b1f423b,32,True,0.32114542590402606,0.32114542590402606,7cfa7e8b29fae67e3294d80a4eb2cfaabb995e2ef545b027eae0c944d67f2d07,,loss,0.02,full_posterior,256,0.31880944480427487,0.33559243287216245,0.33559243287216245,0.2895727282040783,0.2895727282040783,0.01191547530330766,0.012179258623279262,128,204800,73984,True,,1,V,V,"{""V"": 1.0}",1.0,dynamics_h_0p02_stage_2,09d81740c09e1434a4c78134a13a48b854f29cf5822e72d75983713cdb747963,deep_m0256_r1,True,validation_or_superseded,dynamics_unresolved,0.9730859375,3,208804,1463113
3,1024.0,deep,512,True,,final_geometry_v15_20260930,4327fe4ece9317f6fd20fad18389a71e9b1f423b,32,True,0.2982974263405356,0.2982974263405356,7cfa7e8b29fae67e3294d80a4eb2cfaabb995e2ef545b027eae0c944d67f2d07,,train_logit,0.02,full_posterior,256,0.3215813799809329,0.3451003397253996,0.3451003397253996,0.27207230675009464,0.27207230675009464,0.018589552233176952,0.016700760031932205,128,204800,73984,True,,1,train_logit_96,train_logit_0,"{""train_logit_0"": 0.14125, ""train_logit_112"": 0.115, ""train_logit_16"": 0.035, ""train_logit_32"": 0.0625, ""train_logit_48"": 0.19875, ""train_logit_64"": 0.095, ""train_logit_80"": 0.10875, ""train_logit_96"": 0.24375}",1.0,dynamics_h_0p02_stage_2,09d81740c09e1434a4c78134a13a48b854f29cf5822e72d75983713cdb747963,deep_m0256_r1,True,validation_or_superseded,dynamics_unresolved,0.9730859375,3,208804,1463113
3,1024.0,deep,512,True,,final_geometry_v15_20260930,4327fe4ece9317f6fd20fad18389a71e9b1f423b,32,True,0.3349824462165515,0.3349824462165515,7cfa7e8b29fae67e3294d80a4eb2cfaabb995e2ef545b027eae0c944d67f2d07,,test_probability,0.02,full_posterior,256,0.34590234196775177,0.36042696292194765,0.36042696292194765,0.2892300724998236,0.2892300724998236,0.017243688543783872,0.018879120615079608,128,204800,73984,True,,1,test_prob_512,test_prob_128,"{""test_prob_0"": 0.055, ""test_prob_128"": 0.21125, ""test_prob_256"": 0.12625, ""test_prob_384"": 0.0025, ""test_prob_512"": 0.1775, ""test_prob_640"": 0.185, ""test_prob_768"": 0.1, ""test_prob_896"": 0.1425}",1.0,dynamics_h_0p02_stage_2,09d81740c09e1434a4c78134a13a48b854f29cf5822e72d75983713cdb747963,deep_m0256_r1,True,validation_or_superseded,dynamics_unresolved,0.9730859375,3,208804,1463113
3,1024.0,deep,1024,True,,final_geometry_v15_20260930,4327fe4ece9317f6fd20fad18389a71e9b1f423b,32,True,0.4673002508533764,0.4673002508533764,7cfa7e8b29fae67e3294d80a4eb2cfaabb995e2ef545b027eae0c944d67f2d07,,interaction,0.02,full_posterior,256,0.5764186235745212,0.6040542021620053,0.6040542021620053,0.4287263381400285,0.4287263381400285,0.04416971079527042,0.05045061040624312,128,204800,73984,True,,1,interaction_2,interaction_0,"{""interaction_0"": 0.54875, ""interaction_1"": 0.17, ""interaction_2"": 0.185, ""interaction_3"": 0.09625}",1.0,dynamics_h_0p02_stage_2,09d81740c09e1434a4c78134a13a48b854f29cf5822e72d75983713cdb747963,deep_m0256_r1,True,validation_or_superseded,dynamics_unresolved,0.9730859375,3,208804,1463113
3,1024.0,deep,2048,True,,final_geometry_v15_20260930,4327fe4ece9317f6fd20fad18389a71e9b1f423b,32,True,0.28960047738372313,0.28960047738372313,b87bdc458bdf9e0e4eb86743074196f2bbad2539d9cd47dea556960456af0524,,loss,0.005,full_posterior,256,0.28982330291649355,0.3074202987052805,0.3074202987052805,0.2628213906087508,0.2628213906087508,0.011472211278286088,0.010971117351377725,128,819200,73984,True,,2,V,V,"{""V"": 1.0}",1.0,dynamics_h_0p005_stage_2,7d2b17335b5ae481f00e8793369fbe114f3ea563c80b91b01102266c3ab73d1e,deep_m0256_r2,True,validation_or_superseded,dynamics_unresolved,0.99642578125,2,835204,1463113
3,1024.0,deep,2048,True,,final_geometry_v15_20260930,4327fe4ece9317f6fd20fad18389a71e9b1f423b,32,True,0.2978215051408435,0.2978215051408435,b87bdc458bdf9e0e4eb86743074196f2bbad2539d9cd47dea556960456af0524,,train_logit,0.005,full_posterior,256,0.3264830967848739,0.3290651588338622,0.3290651588338622,0.265565919709955,0.265565919709955,0.015779149986565696,0.016140737511247547,128,819200,73984,True,,2,train_logit_96,train_logit_48,"{""train_logit_0"": 0.1825, ""train_logit_112"": 0.0125, ""train_logit_16"": 0.15875, ""train_logit_32"": 0.1275, ""train_logit_48"": 0.22, ""train_logit_64"": 0.0325, ""train_logit_80"": 0.05, ""train_logit_96"": 0.21625}",1.0,dynamics_h_0p005_stage_2,7d2b17335b5ae481f00e8793369fbe114f3ea563c80b91b01102266c3ab73d1e,deep_m0256_r2,True,validation_or_superseded,dynamics_unresolved,0.99642578125,2,835204,1463113
3,1024.0,deep,2048,True,,final_geometry_v15_20260930,4327fe4ece9317f6fd20fad18389a71e9b1f423b,32,True,0.32870452597448085,0.32870452597448085,b87bdc458bdf9e0e4eb86743074196f2bbad2539d9cd47dea556960456af0524,,test_probability,0.005,full_posterior,256,0.34897904850122374,0.3528560641098614,0.3528560641098614,0.27470543039357814,0.27470543039357814,0.02039272477433524,0.021758958189092528,128,819200,73984,True,,2,test_prob_768,test_prob_896,"{""test_prob_0"": 0.015, ""test_prob_128"": 0.08, ""test_prob_256"": 0.085, ""test_prob_384"": 0.04, ""test_prob_512"": 0.01, ""test_prob_640"": 0.0725, ""test_prob_768"": 0.37125, ""test_prob_896"": 0.32625}",1.0,dynamics_h_0p005_stage_2,7d2b17335b5ae481f00e8793369fbe114f3ea563c80b91b01102266c3ab73d1e,deep_m0256_r2,True,validation_or_superseded,dynamics_unresolved,0.99642578125,2,835204,1463113
3,1024.0,deep,4096,True,,final_geometry_v15_20260930,4327fe4ece9317f6fd20fad18389a71e9b1f423b,32,True,0.49688945652018657,0.49688945652018657,b87bdc458bdf9e0e4eb86743074196f2bbad2539d9cd47dea556960456af0524,,interaction,0.005,full_posterior,256,0.5415498902129768,0.5856507436584918,0.5856507436584918,0.43828087151096135,0.43828087151096135,0.03975020914720021,0.03929204950493358,128,819200,73984,True,,2,interaction_1,interaction_2,"{""interaction_0"": 0.08625, ""interaction_1"": 0.345, ""interaction_2"": 0.39375, ""interaction_3"": 0.175}",1.0,dynamics_h_0p005_stage_2,7d2b17335b5ae481f00e8793369fbe114f3ea563c80b91b01102266c3ab73d1e,deep_m0256_r2,True,validation_or_superseded,dynamics_unresolved,0.99642578125,2,835204,1463113
3,1024.0,deep,1024,True,,final_geometry_v15_20260930,4327fe4ece9317f6fd20fad18389a71e9b1f423b,32,True,0.33451476727841695,0.33451476727841695,ed1b7949d7a988b14a9a74a11e88a5c3eb180f3047f2fef3c2d63cbbf8fe455a,;architecture_dynamics_dynamics_unresolved,loss,0.01,full_posterior,256,0.3347693448962914,0.35110190489169874,0.35110190489169874,0.29632371446376904,0.29632371446376904,0.014144442679221898,0.014625236006428018,128,409600,73984,True,,2,V,V,"{""V"": 1.0}",1.0,dynamics_h_0p01_stage_2,7d2b17335b5ae481f00e8793369fbe114f3ea563c80b91b01102266c3ab73d1e,deep_m0256_r2,False,production_final,dynamics_unresolved,0.990166015625,2,417604,1463113
3,1024.0,deep,1024,True,,final_geometry_v15_20260930,4327fe4ece9317f6fd20fad18389a71e9b1f423b,32,True,0.30039906802895194,0.30039906802895194,ed1b7949d7a988b14a9a74a11e88a5c3eb180f3047f2fef3c2d63cbbf8fe455a,;architecture_dynamics_dynamics_unresolved,train_logit,0.01,full_posterior,256,0.3307405074832991,0.35473352665484037,0.35473352665484037,0.2722361466973223,0.2722361466973223,0.021726294452313763,0.02295269713093123,128,409600,73984,True,,2,train_logit_96,train_logit_0,"{""train_logit_0"": 0.56625, ""train_logit_16"": 0.2425, ""train_logit_32"": 0.01125, ""train_logit_48"": 0.05125, ""train_logit_64"": 0.02625, ""train_logit_80"": 0.01375, ""train_logit_96"": 0.08875}",1.0,dynamics_h_0p01_stage_2,7d2b17335b5ae481f00e8793369fbe114f3ea563c80b91b01102266c3ab73d1e,deep_m0256_r2,False,production_final,dynamics_unresolved,0.990166015625,2,417604,1463113
3,1024.0,deep,1024,True,,final_geometry_v15_20260930,4327fe4ece9317f6fd20fad18389a71e9b1f423b,32,True,0.31565547515812953,0.31565547515812953,ed1b7949d7a988b14a9a74a11e88a5c3eb180f3047f2fef3c2d63cbbf8fe455a,;architecture_dynamics_dynamics_unresolved,test_probability,0.01,full_posterior,256,0.33325757019997965,0.3596856427165054,0.3596856427165054,0.2792437132708619,0.2792437132708619,0.020066060252689845,0.02012142493044768,128,409600,73984,True,,2,test_prob_640,test_prob_256,"{""test_prob_0"": 0.0175, ""test_prob_128"": 0.02, ""test_prob_256"": 0.13, ""test_prob_384"": 0.03625, ""test_prob_512"": 0.05875, ""test_prob_640"": 0.3575, ""test_prob_768"": 0.2375, ""test_prob_896"": 0.1425}",1.0,dynamics_h_0p01_stage_2,7d2b17335b5ae481f00e8793369fbe114f3ea563c80b91b01102266c3ab73d1e,deep_m0256_r2,False,production_final,dynamics_unresolved,0.990166015625,2,417604,1463113
3,1024.0,deep,2048,True,,final_geometry_v15_20260930,4327fe4ece9317f6fd20fad18389a71e9b1f423b,32,True,0.506165902221171,0.506165902221171,ed1b7949d7a988b14a9a74a11e88a5c3eb180f3047f2fef3c2d63cbbf8fe455a,;architecture_dynamics_dynamics_unresolved,interaction,0.01,full_posterior,256,0.538656068748614,0.6085843224959265,0.6085843224959265,0.4545871891594514,0.4545871891594514,0.042524569858487134,0.03918744836042329,128,409600,73984,True,,2,interaction_2,interaction_1,"{""interaction_0"": 0.27875, ""interaction_1"": 0.3425, ""interaction_2"": 0.1975, ""interaction_3"": 0.18125}",1.0,dynamics_h_0p01_stage_2,7d2b17335b5ae481f00e8793369fbe114f3ea563c80b91b01102266c3ab73d1e,deep_m0256_r2,False,production_final,dynamics_unresolved,0.990166015625,2,417604,1463113
3,1024.0,deep,512,True,,final_geometry_v15_20260930,4327fe4ece9317f6fd20fad18389a71e9b1f423b,32,True,0.3303442962760456,0.3303442962760456,cce78997c2ca8debccbf09cd5e2f8495c3377fea1da90e3ccb43eb29b49f43c7,,loss,0.02,full_posterior,256,0.3405028722374654,0.3469870752690495,0.3469870752690495,0.2900417917201343,0.2900417917201343,0.014696709965735095,0.015766493543303416,128,204800,73984,True,,2,V,V,"{""V"": 1.0}",1.0,dynamics_h_0p02_stage_2,7d2b17335b5ae481f00e8793369fbe114f3ea563c80b91b01102266c3ab73d1e,deep_m0256_r2,True,validation_or_superseded,dynamics_unresolved,0.97201171875,3,208804,1463113
3,1024.0,deep,512,True,,final_geometry_v15_20260930,4327fe4ece9317f6fd20fad18389a71e9b1f423b,32,True,0.31186305885833276,0.31186305885833276,cce78997c2ca8debccbf09cd5e2f8495c3377fea1da90e3ccb43eb29b49f43c7,,train_logit,0.02,full_posterior,256,0.33925975127215496,0.3425909045461145,0.3425909045461145,0.2680379946969743,0.2680379946969743,0.01907228239953827,0.0197539802205445,128,204800,73984,True,,2,train_logit_96,train_logit_48,"{""train_logit_0"": 0.185, ""train_logit_112"": 0.00125, ""train_logit_16"": 0.02375, ""train_logit_32"": 0.0075, ""train_logit_48"": 0.2875, ""train_logit_64"": 0.1, ""train_logit_80"": 0.045, ""train_logit_96"": 0.35}",1.0,dynamics_h_0p02_stage_2,7d2b17335b5ae481f00e8793369fbe114f3ea563c80b91b01102266c3ab73d1e,deep_m0256_r2,True,validation_or_superseded,dynamics_unresolved,0.97201171875,3,208804,1463113
3,1024.0,deep,512,True,,final_geometry_v15_20260930,4327fe4ece9317f6fd20fad18389a71e9b1f423b,32,True,0.3049624685332123,0.3049624685332123,cce78997c2ca8debccbf09cd5e2f8495c3377fea1da90e3ccb43eb29b49f43c7,,test_probability,0.02,full_posterior,256,0.3410209588932893,0.35195344241452575,0.35195344241452575,0.2751742904729401,0.2751742904729401,0.018113294157131754,0.018203843302918694,128,204800,73984,True,,2,test_prob_256,test_prob_128,"{""test_prob_0"": 0.06, ""test_prob_128"": 0.17875, ""test_prob_256"": 0.185, ""test_prob_384"": 0.1, ""test_prob_512"": 0.06625, ""test_prob_640"": 0.28, ""test_prob_768"": 0.06375, ""test_prob_896"": 0.06625}",1.0,dynamics_h_0p02_stage_2,7d2b17335b5ae481f00e8793369fbe114f3ea563c80b91b01102266c3ab73d1e,deep_m0256_r2,True,validation_or_superseded,dynamics_unresolved,0.97201171875,3,208804,1463113
3,1024.0,deep,1024,True,,final_geometry_v15_20260930,4327fe4ece9317f6fd20fad18389a71e9b1f423b,32,True,0.5186965494434187,0.5186965494434187,cce78997c2ca8debccbf09cd5e2f8495c3377fea1da90e3ccb43eb29b49f43c7,,interaction,0.02,full_posterior,256,0.5161409801231152,0.5642421529951759,0.5642421529951759,0.4362286667979859,0.4362286667979859,0.03552245219166674,0.03561405863011719,128,204800,73984,True,,2,interaction_2,interaction_2,"{""interaction_0"": 0.09125, ""interaction_1"": 0.2775, ""interaction_2"": 0.52125, ""interaction_3"": 0.11}",1.0,dynamics_h_0p02_stage_2,7d2b17335b5ae481f00e8793369fbe114f3ea563c80b91b01102266c3ab73d1e,deep_m0256_r2,True,validation_or_superseded,dynamics_unresolved,0.97201171875,3,208804,1463113
