L,architecture,block_length,block_stable,campaign_id,code_revision,d,enough_blocks,estimate,estimate_over_sigma2,execution_hash,failure_reason,family,iat_states,kind,law,m,mc_high,mc_low,mcse,mcse_doubled_block,n,n_draws_used,p,probe,replicate,sigma,stage,target_hash,target_id,validity,selected_fold_A_to_B,selected_fold_B_to_A,selection_frequencies
2,shallow,64,True,final_geometry_v15_20260930,4327fe4ece9317f6fd20fad18389a71e9b1f423b,32,True,0.3061405539474355,0.3061405539474355,d260d94c699220080c79ef88b60fc8c3cddc0b0c0682a72fa91f05c5c29ad521,,loss,3.7659712683604885,probe,full_posterior,64,0.3172547344881254,0.29241985859837205,0.006648480844145805,0.0061566536625502445,128,8192,2112,V,0,1.0,reference_production_4|sel=2048,71538f5fc37b1391ecadd17c52b8587909347d90439f7dcd7fdebf72a743c41f,shallow_m0064_r0,True,,,
2,shallow,32,True,final_geometry_v15_20260930,4327fe4ece9317f6fd20fad18389a71e9b1f423b,32,True,0.33893035621280265,0.33893035621280265,d260d94c699220080c79ef88b60fc8c3cddc0b0c0682a72fa91f05c5c29ad521,,train_logit,2.1031926603738738,probe,full_posterior,64,0.35106659879366786,0.3276607732941446,0.005927757175766386,0.006038587613476502,128,8192,2112,train_logit_0,0,1.0,reference_production_4|sel=2048,71538f5fc37b1391ecadd17c52b8587909347d90439f7dcd7fdebf72a743c41f,shallow_m0064_r0,True,,,
2,shallow,32,True,final_geometry_v15_20260930,4327fe4ece9317f6fd20fad18389a71e9b1f423b,32,True,0.35557485494386554,0.35557485494386554,d260d94c699220080c79ef88b60fc8c3cddc0b0c0682a72fa91f05c5c29ad521,,train_logit,1.870537699145772,probe,full_posterior,64,0.3659445129531993,0.34334379484396116,0.006019689197812455,0.005841518119206813,128,8192,2112,train_logit_32,0,1.0,reference_production_4|sel=2048,71538f5fc37b1391ecadd17c52b8587909347d90439f7dcd7fdebf72a743c41f,shallow_m0064_r0,True,,,
2,shallow,32,True,final_geometry_v15_20260930,4327fe4ece9317f6fd20fad18389a71e9b1f423b,32,True,0.3330810981192159,0.3330810981192159,d260d94c699220080c79ef88b60fc8c3cddc0b0c0682a72fa91f05c5c29ad521,,train_logit,1.9145017318031472,probe,full_posterior,64,0.3438800545619019,0.3206755373035836,0.005942564550809122,0.0061645841723216984,128,8192,2112,train_logit_64,0,1.0,reference_production_4|sel=2048,71538f5fc37b1391ecadd17c52b8587909347d90439f7dcd7fdebf72a743c41f,shallow_m0064_r0,True,,,
2,shallow,32,True,final_geometry_v15_20260930,4327fe4ece9317f6fd20fad18389a71e9b1f423b,32,True,0.35442272076479675,0.35442272076479675,d260d94c699220080c79ef88b60fc8c3cddc0b0c0682a72fa91f05c5c29ad521,,train_logit,1.7726998710705169,probe,full_posterior,64,0.3672741632152062,0.34497479671943587,0.005926875477904768,0.006873731198035337,128,8192,2112,train_logit_96,0,1.0,reference_production_4|sel=2048,71538f5fc37b1391ecadd17c52b8587909347d90439f7dcd7fdebf72a743c41f,shallow_m0064_r0,True,,,
2,shallow,32,True,final_geometry_v15_20260930,4327fe4ece9317f6fd20fad18389a71e9b1f423b,32,True,0.45793630677739733,0.45793630677739733,d260d94c699220080c79ef88b60fc8c3cddc0b0c0682a72fa91f05c5c29ad521,,interaction,1.7759826633501645,probe,full_posterior,64,0.4809336099769239,0.43835993497297937,0.01142835272442517,0.01034420858830526,128,8192,2112,interaction_0,0,1.0,reference_production_4|sel=2048,71538f5fc37b1391ecadd17c52b8587909347d90439f7dcd7fdebf72a743c41f,shallow_m0064_r0,True,,,
2,shallow,32,True,final_geometry_v15_20260930,4327fe4ece9317f6fd20fad18389a71e9b1f423b,32,True,0.466878651636832,0.466878651636832,d260d94c699220080c79ef88b60fc8c3cddc0b0c0682a72fa91f05c5c29ad521,,interaction,1.848082776497652,probe,full_posterior,64,0.48411269890221303,0.445482092331134,0.010158375756922485,0.010905752448801856,128,8192,2112,interaction_1,0,1.0,reference_production_4|sel=2048,71538f5fc37b1391ecadd17c52b8587909347d90439f7dcd7fdebf72a743c41f,shallow_m0064_r0,True,,,
2,shallow,32,True,final_geometry_v15_20260930,4327fe4ece9317f6fd20fad18389a71e9b1f423b,32,True,0.44733561251320364,0.44733561251320364,d260d94c699220080c79ef88b60fc8c3cddc0b0c0682a72fa91f05c5c29ad521,,interaction,1.8066704670925537,probe,full_posterior,64,0.4687258874045325,0.42795101352577075,0.010895782120556734,0.010442036396046232,128,8192,2112,interaction_2,0,1.0,reference_production_4|sel=2048,71538f5fc37b1391ecadd17c52b8587909347d90439f7dcd7fdebf72a743c41f,shallow_m0064_r0,True,,,
2,shallow,32,True,final_geometry_v15_20260930,4327fe4ece9317f6fd20fad18389a71e9b1f423b,32,True,0.4757826233245322,0.4757826233245322,d260d94c699220080c79ef88b60fc8c3cddc0b0c0682a72fa91f05c5c29ad521,,interaction,1.9521880557479265,probe,full_posterior,64,0.4968957512441966,0.45105999411385167,0.01187983188646491,0.012816365708827241,128,8192,2112,interaction_3,0,1.0,reference_production_4|sel=2048,71538f5fc37b1391ecadd17c52b8587909347d90439f7dcd7fdebf72a743c41f,shallow_m0064_r0,True,,,
2,shallow,64,True,final_geometry_v15_20260930,4327fe4ece9317f6fd20fad18389a71e9b1f423b,32,True,0.9560063442285548,0.9560063442285548,d260d94c699220080c79ef88b60fc8c3cddc0b0c0682a72fa91f05c5c29ad521,,control,3.8757416528432294,probe,full_posterior,64,0.9965404327153699,0.9225658936987564,0.01979992527884099,0.01702305620580278,128,8192,2112,q_A,0,1.0,reference_production_4|sel=2048,71538f5fc37b1391ecadd17c52b8587909347d90439f7dcd7fdebf72a743c41f,shallow_m0064_r0,True,,,
2,shallow,32,True,final_geometry_v15_20260930,4327fe4ece9317f6fd20fad18389a71e9b1f423b,32,True,0.97765382709838,0.97765382709838,d260d94c699220080c79ef88b60fc8c3cddc0b0c0682a72fa91f05c5c29ad521,,control,2.8657287512675476,probe,full_posterior,64,1.0191666166287079,0.9381187126197231,0.02109559370113099,0.018704556925980945,128,8192,2112,q_W,0,1.0,reference_production_4|sel=2048,71538f5fc37b1391ecadd17c52b8587909347d90439f7dcd7fdebf72a743c41f,shallow_m0064_r0,True,,,
2,shallow,64,True,final_geometry_v15_20260930,4327fe4ece9317f6fd20fad18389a71e9b1f423b,32,True,0.30606120488697464,0.30606120488697464,d260d94c699220080c79ef88b60fc8c3cddc0b0c0682a72fa91f05c5c29ad521,,loss,,family,full_posterior,64,0.31645653488069025,0.29100015749654157,0.006368180795853943,0.006105244725927777,128,8192,2112,,0,1.0,reference_production_4|sel=2048,71538f5fc37b1391ecadd17c52b8587909347d90439f7dcd7fdebf72a743c41f,shallow_m0064_r0,True,V,V,"{""V"": 1.0}"
2,shallow,32,True,final_geometry_v15_20260930,4327fe4ece9317f6fd20fad18389a71e9b1f423b,32,True,0.35550167102263164,0.35550167102263164,d260d94c699220080c79ef88b60fc8c3cddc0b0c0682a72fa91f05c5c29ad521,,train_logit,,family,full_posterior,64,0.36853095395713625,0.33642642207139006,0.00799091558282512,0.00778356871881517,128,8192,2112,,0,1.0,reference_production_4|sel=2048,71538f5fc37b1391ecadd17c52b8587909347d90439f7dcd7fdebf72a743c41f,shallow_m0064_r0,True,train_logit_32,train_logit_32,"{""train_logit_0"": 0.02625, ""train_logit_32"": 0.45625, ""train_logit_64"": 0.0125, ""train_logit_96"": 0.505}"
2,shallow,32,True,final_geometry_v15_20260930,4327fe4ece9317f6fd20fad18389a71e9b1f423b,32,True,0.475666805429548,0.475666805429548,d260d94c699220080c79ef88b60fc8c3cddc0b0c0682a72fa91f05c5c29ad521,,interaction,,family,full_posterior,64,0.5025834263148855,0.4376540086293172,0.016939885338976952,0.016188370464603623,128,8192,2112,,0,1.0,reference_production_4|sel=2048,71538f5fc37b1391ecadd17c52b8587909347d90439f7dcd7fdebf72a743c41f,shallow_m0064_r0,True,interaction_3,interaction_3,"{""interaction_0"": 0.1375, ""interaction_1"": 0.295, ""interaction_2"": 0.0325, ""interaction_3"": 0.535}"
2,shallow,64,True,final_geometry_v15_20260930,4327fe4ece9317f6fd20fad18389a71e9b1f423b,32,True,0.3240702640328349,0.3240702640328349,ef4fac83e88b9ebc7025640c004ee055aad12f835c9939b678bc038c15b660a0,,loss,4.087050723620189,probe,full_posterior,64,0.3394029229367223,0.3100428091778068,0.00773021368740049,0.008466210473240329,128,8192,2112,V,1,1.0,reference_production_4|sel=2048,2ebbaf17c0b875a151400adfe0c20fdcca7ef1fee9db82b7da14f8303c6ed54d,shallow_m0064_r1,True,,,
2,shallow,32,True,final_geometry_v15_20260930,4327fe4ece9317f6fd20fad18389a71e9b1f423b,32,True,0.3591828632979162,0.3591828632979162,ef4fac83e88b9ebc7025640c004ee055aad12f835c9939b678bc038c15b660a0,,train_logit,2.088443032896122,probe,full_posterior,64,0.37295239429316446,0.3465313335400243,0.006488327330281386,0.006263062275783333,128,8192,2112,train_logit_0,1,1.0,reference_production_4|sel=2048,2ebbaf17c0b875a151400adfe0c20fdcca7ef1fee9db82b7da14f8303c6ed54d,shallow_m0064_r1,True,,,
2,shallow,32,True,final_geometry_v15_20260930,4327fe4ece9317f6fd20fad18389a71e9b1f423b,32,True,0.3459562507475406,0.3459562507475406,ef4fac83e88b9ebc7025640c004ee055aad12f835c9939b678bc038c15b660a0,,train_logit,2.045431560962101,probe,full_posterior,64,0.35773472305313175,0.33354416743356946,0.006116318766995394,0.006084213531519495,128,8192,2112,train_logit_32,1,1.0,reference_production_4|sel=2048,2ebbaf17c0b875a151400adfe0c20fdcca7ef1fee9db82b7da14f8303c6ed54d,shallow_m0064_r1,True,,,
2,shallow,32,True,final_geometry_v15_20260930,4327fe4ece9317f6fd20fad18389a71e9b1f423b,32,True,0.3600565169829922,0.3600565169829922,ef4fac83e88b9ebc7025640c004ee055aad12f835c9939b678bc038c15b660a0,,train_logit,2.114275644559495,probe,full_posterior,64,0.37295094909037735,0.3477672086283813,0.006451420899063317,0.006226732031962528,128,8192,2112,train_logit_64,1,1.0,reference_production_4|sel=2048,2ebbaf17c0b875a151400adfe0c20fdcca7ef1fee9db82b7da14f8303c6ed54d,shallow_m0064_r1,True,,,
2,shallow,32,True,final_geometry_v15_20260930,4327fe4ece9317f6fd20fad18389a71e9b1f423b,32,True,0.3533667834804183,0.3533667834804183,ef4fac83e88b9ebc7025640c004ee055aad12f835c9939b678bc038c15b660a0,,train_logit,1.9754333838247287,probe,full_posterior,64,0.3646963102892376,0.3417021300942518,0.005953855973059283,0.006080662967619129,128,8192,2112,train_logit_96,1,1.0,reference_production_4|sel=2048,2ebbaf17c0b875a151400adfe0c20fdcca7ef1fee9db82b7da14f8303c6ed54d,shallow_m0064_r1,True,,,
2,shallow,32,True,final_geometry_v15_20260930,4327fe4ece9317f6fd20fad18389a71e9b1f423b,32,True,0.4474898395463181,0.4474898395463181,ef4fac83e88b9ebc7025640c004ee055aad12f835c9939b678bc038c15b660a0,,interaction,2.2576962409756494,probe,full_posterior,64,0.4699891450598732,0.42827406625203773,0.011130422350609591,0.010969880591958109,128,8192,2112,interaction_0,1,1.0,reference_production_4|sel=2048,2ebbaf17c0b875a151400adfe0c20fdcca7ef1fee9db82b7da14f8303c6ed54d,shallow_m0064_r1,True,,,
2,shallow,32,True,final_geometry_v15_20260930,4327fe4ece9317f6fd20fad18389a71e9b1f423b,32,True,0.512991272120642,0.512991272120642,ef4fac83e88b9ebc7025640c004ee055aad12f835c9939b678bc038c15b660a0,,interaction,2.378249178642299,probe,full_posterior,64,0.5492213468994538,0.4881433768984146,0.01535302014205431,0.015297417773141786,128,8192,2112,interaction_1,1,1.0,reference_production_4|sel=2048,2ebbaf17c0b875a151400adfe0c20fdcca7ef1fee9db82b7da14f8303c6ed54d,shallow_m0064_r1,True,,,
2,shallow,32,True,final_geometry_v15_20260930,4327fe4ece9317f6fd20fad18389a71e9b1f423b,32,True,0.4831490995029004,0.4831490995029004,ef4fac83e88b9ebc7025640c004ee055aad12f835c9939b678bc038c15b660a0,,interaction,2.308038463431809,probe,full_posterior,64,0.5077950488469654,0.453411250145556,0.01441027822885934,0.013081263250940695,128,8192,2112,interaction_2,1,1.0,reference_production_4|sel=2048,2ebbaf17c0b875a151400adfe0c20fdcca7ef1fee9db82b7da14f8303c6ed54d,shallow_m0064_r1,True,,,
2,shallow,32,True,final_geometry_v15_20260930,4327fe4ece9317f6fd20fad18389a71e9b1f423b,32,True,0.5297961148913458,0.5297961148913458,ef4fac83e88b9ebc7025640c004ee055aad12f835c9939b678bc038c15b660a0,,interaction,2.7731025647496765,probe,full_posterior,64,0.5548248556024435,0.5021823482638602,0.013900105749368096,0.013681845722854385,128,8192,2112,interaction_3,1,1.0,reference_production_4|sel=2048,2ebbaf17c0b875a151400adfe0c20fdcca7ef1fee9db82b7da14f8303c6ed54d,shallow_m0064_r1,True,,,
2,shallow,64,True,final_geometry_v15_20260930,4327fe4ece9317f6fd20fad18389a71e9b1f423b,32,True,0.9675805345124433,0.9675805345124433,ef4fac83e88b9ebc7025640c004ee055aad12f835c9939b678bc038c15b660a0,,control,4.453021387069676,probe,full_posterior,64,1.007867401094592,0.9315144977380556,0.01988743878724892,0.021992007375080867,128,8192,2112,q_A,1,1.0,reference_production_4|sel=2048,2ebbaf17c0b875a151400adfe0c20fdcca7ef1fee9db82b7da14f8303c6ed54d,shallow_m0064_r1,True,,,
2,shallow,64,True,final_geometry_v15_20260930,4327fe4ece9317f6fd20fad18389a71e9b1f423b,32,True,1.0004660970231511,1.0004660970231511,ef4fac83e88b9ebc7025640c004ee055aad12f835c9939b678bc038c15b660a0,,control,3.8441602222613476,probe,full_posterior,64,1.0399538578144785,0.9589702792420505,0.020932627047144034,0.023761818509483786,128,8192,2112,q_W,1,1.0,reference_production_4|sel=2048,2ebbaf17c0b875a151400adfe0c20fdcca7ef1fee9db82b7da14f8303c6ed54d,shallow_m0064_r1,True,,,
2,shallow,64,True,final_geometry_v15_20260930,4327fe4ece9317f6fd20fad18389a71e9b1f423b,32,True,0.32394957378061817,0.32394957378061817,ef4fac83e88b9ebc7025640c004ee055aad12f835c9939b678bc038c15b660a0,,loss,,family,full_posterior,64,0.3384030179088967,0.311702947476276,0.007289016384124226,0.0076540482265952565,128,8192,2112,,1,1.0,reference_production_4|sel=2048,2ebbaf17c0b875a151400adfe0c20fdcca7ef1fee9db82b7da14f8303c6ed54d,shallow_m0064_r1,True,V,V,"{""V"": 1.0}"
2,shallow,32,True,final_geometry_v15_20260930,4327fe4ece9317f6fd20fad18389a71e9b1f423b,32,True,0.35770162490287954,0.35770162490287954,ef4fac83e88b9ebc7025640c004ee055aad12f835c9939b678bc038c15b660a0,,train_logit,,family,full_posterior,64,0.3735579047532936,0.3418800581159294,0.008455764020926305,0.008276386808371923,128,8192,2112,,1,1.0,reference_production_4|sel=2048,2ebbaf17c0b875a151400adfe0c20fdcca7ef1fee9db82b7da14f8303c6ed54d,shallow_m0064_r1,True,train_logit_64,train_logit_0,"{""train_logit_0"": 0.44, ""train_logit_32"": 0.04375, ""train_logit_64"": 0.37125, ""train_logit_96"": 0.145}"
2,shallow,32,True,final_geometry_v15_20260930,4327fe4ece9317f6fd20fad18389a71e9b1f423b,32,True,0.5293677258426617,0.5293677258426617,ef4fac83e88b9ebc7025640c004ee055aad12f835c9939b678bc038c15b660a0,,interaction,,family,full_posterior,64,0.5585456997608206,0.47607251383263677,0.020911226281327876,0.019806047648660806,128,8192,2112,,1,1.0,reference_production_4|sel=2048,2ebbaf17c0b875a151400adfe0c20fdcca7ef1fee9db82b7da14f8303c6ed54d,shallow_m0064_r1,True,interaction_3,interaction_3,"{""interaction_1"": 0.32375, ""interaction_2"": 0.05375, ""interaction_3"": 0.6225}"
2,shallow,64,True,final_geometry_v15_20260930,4327fe4ece9317f6fd20fad18389a71e9b1f423b,32,True,0.31338225026517236,0.31338225026517236,fc66a15235541d8565676bdb1484417f710d51ebfa9abe839af1c9c234d73d2a,,loss,4.011773588702337,probe,full_posterior,64,0.327321147546774,0.30009156836317236,0.007117260487020909,0.007188765956634996,128,8192,2112,V,2,1.0,reference_production_4|sel=2048,fc9da6235fb1548d828cf68d55d93c2f858e835b161969d4cc33b00e5e83b603,shallow_m0064_r2,True,,,
2,shallow,32,True,final_geometry_v15_20260930,4327fe4ece9317f6fd20fad18389a71e9b1f423b,32,True,0.3835485955170887,0.3835485955170887,fc66a15235541d8565676bdb1484417f710d51ebfa9abe839af1c9c234d73d2a,,train_logit,2.0594318557288886,probe,full_posterior,64,0.39734787635165314,0.3696857512776444,0.0071159485815766,0.0062526591546618205,128,8192,2112,train_logit_0,2,1.0,reference_production_4|sel=2048,fc9da6235fb1548d828cf68d55d93c2f858e835b161969d4cc33b00e5e83b603,shallow_m0064_r2,True,,,
2,shallow,32,True,final_geometry_v15_20260930,4327fe4ece9317f6fd20fad18389a71e9b1f423b,32,True,0.3186057867084154,0.3186057867084154,fc66a15235541d8565676bdb1484417f710d51ebfa9abe839af1c9c234d73d2a,,train_logit,1.9653851361751928,probe,full_posterior,64,0.32904638769772426,0.30850867075278,0.005263093683927796,0.004867749347056678,128,8192,2112,train_logit_32,2,1.0,reference_production_4|sel=2048,fc9da6235fb1548d828cf68d55d93c2f858e835b161969d4cc33b00e5e83b603,shallow_m0064_r2,True,,,
2,shallow,32,True,final_geometry_v15_20260930,4327fe4ece9317f6fd20fad18389a71e9b1f423b,32,True,0.33635394038494754,0.33635394038494754,fc66a15235541d8565676bdb1484417f710d51ebfa9abe839af1c9c234d73d2a,,train_logit,1.9509950209627624,probe,full_posterior,64,0.34927310459416966,0.3256731738757645,0.00600764563065755,0.006221703181763871,128,8192,2112,train_logit_64,2,1.0,reference_production_4|sel=2048,fc9da6235fb1548d828cf68d55d93c2f858e835b161969d4cc33b00e5e83b603,shallow_m0064_r2,True,,,
2,shallow,32,True,final_geometry_v15_20260930,4327fe4ece9317f6fd20fad18389a71e9b1f423b,32,True,0.3409979412354262,0.3409979412354262,fc66a15235541d8565676bdb1484417f710d51ebfa9abe839af1c9c234d73d2a,,train_logit,2.0678195791387832,probe,full_posterior,64,0.35210430206722615,0.32898145505439713,0.005629913030163831,0.005852383430539869,128,8192,2112,train_logit_96,2,1.0,reference_production_4|sel=2048,fc9da6235fb1548d828cf68d55d93c2f858e835b161969d4cc33b00e5e83b603,shallow_m0064_r2,True,,,
2,shallow,32,True,final_geometry_v15_20260930,4327fe4ece9317f6fd20fad18389a71e9b1f423b,32,True,0.45498825460798853,0.45498825460798853,fc66a15235541d8565676bdb1484417f710d51ebfa9abe839af1c9c234d73d2a,,interaction,2.127060257087771,probe,full_posterior,64,0.4772135640180231,0.4310628464181099,0.011475882429729942,0.0100961979665991,128,8192,2112,interaction_0,2,1.0,reference_production_4|sel=2048,fc9da6235fb1548d828cf68d55d93c2f858e835b161969d4cc33b00e5e83b603,shallow_m0064_r2,True,,,
2,shallow,32,True,final_geometry_v15_20260930,4327fe4ece9317f6fd20fad18389a71e9b1f423b,32,True,0.4706490626009847,0.4706490626009847,fc66a15235541d8565676bdb1484417f710d51ebfa9abe839af1c9c234d73d2a,,interaction,2.252371093284666,probe,full_posterior,64,0.4900786555726891,0.4451052198154053,0.011994158347869014,0.011694982629290968,128,8192,2112,interaction_1,2,1.0,reference_production_4|sel=2048,fc9da6235fb1548d828cf68d55d93c2f858e835b161969d4cc33b00e5e83b603,shallow_m0064_r2,True,,,
2,shallow,32,True,final_geometry_v15_20260930,4327fe4ece9317f6fd20fad18389a71e9b1f423b,32,True,0.46419350044576263,0.46419350044576263,fc66a15235541d8565676bdb1484417f710d51ebfa9abe839af1c9c234d73d2a,,interaction,1.9362541499404597,probe,full_posterior,64,0.4928067168785645,0.44315375805343593,0.012139322225703728,0.011187439269151564,128,8192,2112,interaction_2,2,1.0,reference_production_4|sel=2048,fc9da6235fb1548d828cf68d55d93c2f858e835b161969d4cc33b00e5e83b603,shallow_m0064_r2,True,,,
2,shallow,32,True,final_geometry_v15_20260930,4327fe4ece9317f6fd20fad18389a71e9b1f423b,32,True,0.4560418326728703,0.4560418326728703,fc66a15235541d8565676bdb1484417f710d51ebfa9abe839af1c9c234d73d2a,,interaction,2.0684870789637273,probe,full_posterior,64,0.4818127920482674,0.4306713536341736,0.012790217508736877,0.012293983299347019,128,8192,2112,interaction_3,2,1.0,reference_production_4|sel=2048,fc9da6235fb1548d828cf68d55d93c2f858e835b161969d4cc33b00e5e83b603,shallow_m0064_r2,True,,,
2,shallow,64,True,final_geometry_v15_20260930,4327fe4ece9317f6fd20fad18389a71e9b1f423b,32,True,0.8835580679400423,0.8835580679400423,fc66a15235541d8565676bdb1484417f710d51ebfa9abe839af1c9c234d73d2a,,control,4.126967934904612,probe,full_posterior,64,0.9235116623460251,0.8482419910007197,0.019836604679330135,0.018605432819200223,128,8192,2112,q_A,2,1.0,reference_production_4|sel=2048,fc9da6235fb1548d828cf68d55d93c2f858e835b161969d4cc33b00e5e83b603,shallow_m0064_r2,True,,,
2,shallow,64,True,final_geometry_v15_20260930,4327fe4ece9317f6fd20fad18389a71e9b1f423b,32,True,1.0186449487664253,1.0186449487664253,fc66a15235541d8565676bdb1484417f710d51ebfa9abe839af1c9c234d73d2a,,control,4.039164048010275,probe,full_posterior,64,1.0621365333016,0.9742476067746904,0.021927624581915894,0.021853211111489253,128,8192,2112,q_W,2,1.0,reference_production_4|sel=2048,fc9da6235fb1548d828cf68d55d93c2f858e835b161969d4cc33b00e5e83b603,shallow_m0064_r2,True,,,
2,shallow,64,True,final_geometry_v15_20260930,4327fe4ece9317f6fd20fad18389a71e9b1f423b,32,True,0.3130527632009278,0.3130527632009278,fc66a15235541d8565676bdb1484417f710d51ebfa9abe839af1c9c234d73d2a,,loss,,family,full_posterior,64,0.32869612100564455,0.3005428965542028,0.007050582499392014,0.007344757625831156,128,8192,2112,,2,1.0,reference_production_4|sel=2048,fc9da6235fb1548d828cf68d55d93c2f858e835b161969d4cc33b00e5e83b603,shallow_m0064_r2,True,V,V,"{""V"": 1.0}"
2,shallow,32,True,final_geometry_v15_20260930,4327fe4ece9317f6fd20fad18389a71e9b1f423b,32,True,0.3835151267760828,0.3835151267760828,fc66a15235541d8565676bdb1484417f710d51ebfa9abe839af1c9c234d73d2a,,train_logit,,family,full_posterior,64,0.396571466498074,0.36873020480388746,0.00654696056596387,0.006084851625821917,128,8192,2112,,2,1.0,reference_production_4|sel=2048,fc9da6235fb1548d828cf68d55d93c2f858e835b161969d4cc33b00e5e83b603,shallow_m0064_r2,True,train_logit_0,train_logit_0,"{""train_logit_0"": 1.0}"
2,shallow,32,True,final_geometry_v15_20260930,4327fe4ece9317f6fd20fad18389a71e9b1f423b,32,True,0.4542428765617932,0.4542428765617932,fc66a15235541d8565676bdb1484417f710d51ebfa9abe839af1c9c234d73d2a,,interaction,,family,full_posterior,64,0.48922878015858495,0.42745746233245074,0.01726309075446221,0.016907324607919955,128,8192,2112,,2,1.0,reference_production_4|sel=2048,fc9da6235fb1548d828cf68d55d93c2f858e835b161969d4cc33b00e5e83b603,shallow_m0064_r2,True,interaction_0,interaction_1,"{""interaction_0"": 0.19125, ""interaction_1"": 0.365, ""interaction_2"": 0.2925, ""interaction_3"": 0.15125}"
2,shallow,32,True,final_geometry_v15_20260930,4327fe4ece9317f6fd20fad18389a71e9b1f423b,32,True,0.2758732998852009,0.2758732998852009,e47deff70dcfb5c1294d8dc3ac5b42f0d32a2dab919cace5fa3b78a862394184,,loss,3.0856463821535556,probe,full_posterior,256,0.2864018613439886,0.26311198292764687,0.0059893403711094575,0.005834111651495241,128,8192,8448,V,0,1.0,reference_production_4|sel=2048,5ffcf34dcb33edbff8ac327910bb107a5523c19a0d0683299bb0c37d97e4b101,shallow_m0256_r0,True,,,
2,shallow,32,True,final_geometry_v15_20260930,4327fe4ece9317f6fd20fad18389a71e9b1f423b,32,True,0.3440798280554828,0.3440798280554828,e47deff70dcfb5c1294d8dc3ac5b42f0d32a2dab919cace5fa3b78a862394184,,train_logit,1.7037653140064188,probe,full_posterior,256,0.3543356207910574,0.3321264010401372,0.005640875344658711,0.005779416552269738,128,8192,8448,train_logit_0,0,1.0,reference_production_4|sel=2048,5ffcf34dcb33edbff8ac327910bb107a5523c19a0d0683299bb0c37d97e4b101,shallow_m0256_r0,True,,,
2,shallow,32,True,final_geometry_v15_20260930,4327fe4ece9317f6fd20fad18389a71e9b1f423b,32,True,0.36049312354242424,0.36049312354242424,e47deff70dcfb5c1294d8dc3ac5b42f0d32a2dab919cace5fa3b78a862394184,,train_logit,1.7470587705640528,probe,full_posterior,256,0.3703846948614088,0.3492829470959008,0.005479382393420083,0.00600088864368961,128,8192,8448,train_logit_32,0,1.0,reference_production_4|sel=2048,5ffcf34dcb33edbff8ac327910bb107a5523c19a0d0683299bb0c37d97e4b101,shallow_m0256_r0,True,,,
2,shallow,32,True,final_geometry_v15_20260930,4327fe4ece9317f6fd20fad18389a71e9b1f423b,32,True,0.3336563464956491,0.3336563464956491,e47deff70dcfb5c1294d8dc3ac5b42f0d32a2dab919cace5fa3b78a862394184,,train_logit,1.9713667066530185,probe,full_posterior,256,0.3451344980152442,0.32325106006148424,0.005570814433679795,0.0057217077116132565,128,8192,8448,train_logit_64,0,1.0,reference_production_4|sel=2048,5ffcf34dcb33edbff8ac327910bb107a5523c19a0d0683299bb0c37d97e4b101,shallow_m0256_r0,True,,,
2,shallow,32,True,final_geometry_v15_20260930,4327fe4ece9317f6fd20fad18389a71e9b1f423b,32,True,0.34889936025477947,0.34889936025477947,e47deff70dcfb5c1294d8dc3ac5b42f0d32a2dab919cace5fa3b78a862394184,,train_logit,1.8247163715626171,probe,full_posterior,256,0.3603888893795081,0.3366140451927346,0.006075876462488418,0.005825794668249835,128,8192,8448,train_logit_96,0,1.0,reference_production_4|sel=2048,5ffcf34dcb33edbff8ac327910bb107a5523c19a0d0683299bb0c37d97e4b101,shallow_m0256_r0,True,,,
2,shallow,32,True,final_geometry_v15_20260930,4327fe4ece9317f6fd20fad18389a71e9b1f423b,32,True,0.46013932581668715,0.46013932581668715,e47deff70dcfb5c1294d8dc3ac5b42f0d32a2dab919cace5fa3b78a862394184,,interaction,1.8770125143627485,probe,full_posterior,256,0.48414467586322696,0.4369521015916941,0.012159617517732263,0.012167317765048313,128,8192,8448,interaction_0,0,1.0,reference_production_4|sel=2048,5ffcf34dcb33edbff8ac327910bb107a5523c19a0d0683299bb0c37d97e4b101,shallow_m0256_r0,True,,,
2,shallow,32,True,final_geometry_v15_20260930,4327fe4ece9317f6fd20fad18389a71e9b1f423b,32,True,0.45708331544244124,0.45708331544244124,e47deff70dcfb5c1294d8dc3ac5b42f0d32a2dab919cace5fa3b78a862394184,,interaction,1.8907015441117159,probe,full_posterior,256,0.4787818523131729,0.4333566612963554,0.011706705824418531,0.011060670371650464,128,8192,8448,interaction_1,0,1.0,reference_production_4|sel=2048,5ffcf34dcb33edbff8ac327910bb107a5523c19a0d0683299bb0c37d97e4b101,shallow_m0256_r0,True,,,
2,shallow,32,True,final_geometry_v15_20260930,4327fe4ece9317f6fd20fad18389a71e9b1f423b,32,True,0.45702210195995013,0.45702210195995013,e47deff70dcfb5c1294d8dc3ac5b42f0d32a2dab919cace5fa3b78a862394184,,interaction,2.1365734300328594,probe,full_posterior,256,0.47902219454748846,0.4369230402903086,0.011051316316352701,0.011288810433241,128,8192,8448,interaction_2,0,1.0,reference_production_4|sel=2048,5ffcf34dcb33edbff8ac327910bb107a5523c19a0d0683299bb0c37d97e4b101,shallow_m0256_r0,True,,,
2,shallow,32,True,final_geometry_v15_20260930,4327fe4ece9317f6fd20fad18389a71e9b1f423b,32,True,0.49148668104940435,0.49148668104940435,e47deff70dcfb5c1294d8dc3ac5b42f0d32a2dab919cace5fa3b78a862394184,,interaction,1.7905659562343843,probe,full_posterior,256,0.5121777504575168,0.46686411003775014,0.011846463214222846,0.010703621707041646,128,8192,8448,interaction_3,0,1.0,reference_production_4|sel=2048,5ffcf34dcb33edbff8ac327910bb107a5523c19a0d0683299bb0c37d97e4b101,shallow_m0256_r0,True,,,
2,shallow,64,True,final_geometry_v15_20260930,4327fe4ece9317f6fd20fad18389a71e9b1f423b,32,True,1.005115643882663,1.005115643882663,e47deff70dcfb5c1294d8dc3ac5b42f0d32a2dab919cace5fa3b78a862394184,,control,3.2001045006944016,probe,full_posterior,256,1.0454696960746674,0.959868725031966,0.022767261526121647,0.022421767204057277,128,8192,8448,q_A,0,1.0,reference_production_4|sel=2048,5ffcf34dcb33edbff8ac327910bb107a5523c19a0d0683299bb0c37d97e4b101,shallow_m0256_r0,True,,,
2,shallow,64,True,final_geometry_v15_20260930,4327fe4ece9317f6fd20fad18389a71e9b1f423b,32,True,1.0213823046349433,1.0213823046349433,e47deff70dcfb5c1294d8dc3ac5b42f0d32a2dab919cace5fa3b78a862394184,,control,3.2622245975886646,probe,full_posterior,256,1.0670249466398716,0.9916913461263465,0.019164302547151516,0.01879849656259487,128,8192,8448,q_W,0,1.0,reference_production_4|sel=2048,5ffcf34dcb33edbff8ac327910bb107a5523c19a0d0683299bb0c37d97e4b101,shallow_m0256_r0,True,,,
2,shallow,32,True,final_geometry_v15_20260930,4327fe4ece9317f6fd20fad18389a71e9b1f423b,32,True,0.2756671979277838,0.2756671979277838,e47deff70dcfb5c1294d8dc3ac5b42f0d32a2dab919cace5fa3b78a862394184,,loss,,family,full_posterior,256,0.284792213474149,0.26421752396979925,0.005240589511889518,0.005584159051896803,128,8192,8448,,0,1.0,reference_production_4|sel=2048,5ffcf34dcb33edbff8ac327910bb107a5523c19a0d0683299bb0c37d97e4b101,shallow_m0256_r0,True,V,V,"{""V"": 1.0}"
2,shallow,32,True,final_geometry_v15_20260930,4327fe4ece9317f6fd20fad18389a71e9b1f423b,32,True,0.36049022968800437,0.36049022968800437,e47deff70dcfb5c1294d8dc3ac5b42f0d32a2dab919cace5fa3b78a862394184,,train_logit,,family,full_posterior,256,0.37213639697302575,0.3313909114387786,0.010298655862960486,0.00975487877496963,128,8192,8448,,0,1.0,reference_production_4|sel=2048,5ffcf34dcb33edbff8ac327910bb107a5523c19a0d0683299bb0c37d97e4b101,shallow_m0256_r0,True,train_logit_32,train_logit_32,"{""train_logit_0"": 0.0625, ""train_logit_32"": 0.77, ""train_logit_64"": 0.0425, ""train_logit_96"": 0.125}"
2,shallow,32,True,final_geometry_v15_20260930,4327fe4ece9317f6fd20fad18389a71e9b1f423b,32,True,0.4914797979649552,0.4914797979649552,e47deff70dcfb5c1294d8dc3ac5b42f0d32a2dab919cace5fa3b78a862394184,,interaction,,family,full_posterior,256,0.511791264546913,0.44917058965623147,0.017601186738186378,0.017729123943787433,128,8192,8448,,0,1.0,reference_production_4|sel=2048,5ffcf34dcb33edbff8ac327910bb107a5523c19a0d0683299bb0c37d97e4b101,shallow_m0256_r0,True,interaction_3,interaction_3,"{""interaction_0"": 0.10125, ""interaction_1"": 0.03625, ""interaction_2"": 0.04125, ""interaction_3"": 0.82125}"
2,shallow,64,True,final_geometry_v15_20260930,4327fe4ece9317f6fd20fad18389a71e9b1f423b,32,True,0.31591094692546695,0.31591094692546695,b702cde550be752af2f1f36c00d7eabaee48cbb1c2b5b635f1ade6b8bbe92baa,,loss,3.7415442033620296,probe,full_posterior,256,0.3298525093772712,0.30097018045375257,0.00749571901652033,0.007798085098741115,128,8192,8448,V,1,1.0,reference_production_4|sel=2048,8f5887633c4c57f2ac0982e01a15dae641286ed569accf33e93d0425c2b98209,shallow_m0256_r1,True,,,
2,shallow,32,True,final_geometry_v15_20260930,4327fe4ece9317f6fd20fad18389a71e9b1f423b,32,True,0.36140458942853687,0.36140458942853687,b702cde550be752af2f1f36c00d7eabaee48cbb1c2b5b635f1ade6b8bbe92baa,,train_logit,2.1926344330734175,probe,full_posterior,256,0.3737858704889068,0.349863359851605,0.005953851372564566,0.006164561140636691,128,8192,8448,train_logit_0,1,1.0,reference_production_4|sel=2048,8f5887633c4c57f2ac0982e01a15dae641286ed569accf33e93d0425c2b98209,shallow_m0256_r1,True,,,
2,shallow,32,True,final_geometry_v15_20260930,4327fe4ece9317f6fd20fad18389a71e9b1f423b,32,True,0.3496377427839027,0.3496377427839027,b702cde550be752af2f1f36c00d7eabaee48cbb1c2b5b635f1ade6b8bbe92baa,,train_logit,1.852498535844622,probe,full_posterior,256,0.36262338160959123,0.3381971859344009,0.006028139452768672,0.006384228617702088,128,8192,8448,train_logit_32,1,1.0,reference_production_4|sel=2048,8f5887633c4c57f2ac0982e01a15dae641286ed569accf33e93d0425c2b98209,shallow_m0256_r1,True,,,
2,shallow,32,True,final_geometry_v15_20260930,4327fe4ece9317f6fd20fad18389a71e9b1f423b,32,True,0.361983320394462,0.361983320394462,b702cde550be752af2f1f36c00d7eabaee48cbb1c2b5b635f1ade6b8bbe92baa,,train_logit,1.9298706240871737,probe,full_posterior,256,0.372376341941667,0.3508989403605468,0.005654066223082025,0.005430664831760299,128,8192,8448,train_logit_64,1,1.0,reference_production_4|sel=2048,8f5887633c4c57f2ac0982e01a15dae641286ed569accf33e93d0425c2b98209,shallow_m0256_r1,True,,,
2,shallow,32,True,final_geometry_v15_20260930,4327fe4ece9317f6fd20fad18389a71e9b1f423b,32,True,0.3525716802496697,0.3525716802496697,b702cde550be752af2f1f36c00d7eabaee48cbb1c2b5b635f1ade6b8bbe92baa,,train_logit,1.7672920828751222,probe,full_posterior,256,0.3639952312159829,0.33836033362176926,0.006392259006671192,0.005842845623161677,128,8192,8448,train_logit_96,1,1.0,reference_production_4|sel=2048,8f5887633c4c57f2ac0982e01a15dae641286ed569accf33e93d0425c2b98209,shallow_m0256_r1,True,,,
2,shallow,32,True,final_geometry_v15_20260930,4327fe4ece9317f6fd20fad18389a71e9b1f423b,32,True,0.46828890329988015,0.46828890329988015,b702cde550be752af2f1f36c00d7eabaee48cbb1c2b5b635f1ade6b8bbe92baa,,interaction,2.1950207435984463,probe,full_posterior,256,0.4904573157568944,0.44365015391875046,0.01195906801442057,0.012016946748398337,128,8192,8448,interaction_0,1,1.0,reference_production_4|sel=2048,8f5887633c4c57f2ac0982e01a15dae641286ed569accf33e93d0425c2b98209,shallow_m0256_r1,True,,,
2,shallow,32,True,final_geometry_v15_20260930,4327fe4ece9317f6fd20fad18389a71e9b1f423b,32,True,0.46513530853268803,0.46513530853268803,b702cde550be752af2f1f36c00d7eabaee48cbb1c2b5b635f1ade6b8bbe92baa,,interaction,2.1708560088101634,probe,full_posterior,256,0.4879943409531907,0.443753299609029,0.010959730397065678,0.011203051349736497,128,8192,8448,interaction_1,1,1.0,reference_production_4|sel=2048,8f5887633c4c57f2ac0982e01a15dae641286ed569accf33e93d0425c2b98209,shallow_m0256_r1,True,,,
2,shallow,32,True,final_geometry_v15_20260930,4327fe4ece9317f6fd20fad18389a71e9b1f423b,32,True,0.48090064628613083,0.48090064628613083,b702cde550be752af2f1f36c00d7eabaee48cbb1c2b5b635f1ade6b8bbe92baa,,interaction,2.2267495344319,probe,full_posterior,256,0.5076890332876356,0.4561148532505126,0.013238309904876702,0.013900694856495236,128,8192,8448,interaction_2,1,1.0,reference_production_4|sel=2048,8f5887633c4c57f2ac0982e01a15dae641286ed569accf33e93d0425c2b98209,shallow_m0256_r1,True,,,
2,shallow,32,True,final_geometry_v15_20260930,4327fe4ece9317f6fd20fad18389a71e9b1f423b,32,True,0.47125278088466926,0.47125278088466926,b702cde550be752af2f1f36c00d7eabaee48cbb1c2b5b635f1ade6b8bbe92baa,,interaction,2.2091228064520148,probe,full_posterior,256,0.49694886711145014,0.4480328025149913,0.012832330610801591,0.012656215630604333,128,8192,8448,interaction_3,1,1.0,reference_production_4|sel=2048,8f5887633c4c57f2ac0982e01a15dae641286ed569accf33e93d0425c2b98209,shallow_m0256_r1,True,,,
2,shallow,64,True,final_geometry_v15_20260930,4327fe4ece9317f6fd20fad18389a71e9b1f423b,32,True,0.991254411753715,0.991254411753715,b702cde550be752af2f1f36c00d7eabaee48cbb1c2b5b635f1ade6b8bbe92baa,,control,3.8028767215163874,probe,full_posterior,256,1.0392077083256657,0.9549019288814478,0.02158155241068367,0.02078384444993752,128,8192,8448,q_A,1,1.0,reference_production_4|sel=2048,8f5887633c4c57f2ac0982e01a15dae641286ed569accf33e93d0425c2b98209,shallow_m0256_r1,True,,,
2,shallow,64,True,final_geometry_v15_20260930,4327fe4ece9317f6fd20fad18389a71e9b1f423b,32,True,0.9793760153560876,0.9793760153560876,b702cde550be752af2f1f36c00d7eabaee48cbb1c2b5b635f1ade6b8bbe92baa,,control,3.376997935647986,probe,full_posterior,256,1.0232344476682538,0.9408380275141248,0.02168065397520199,0.020892090109462885,128,8192,8448,q_W,1,1.0,reference_production_4|sel=2048,8f5887633c4c57f2ac0982e01a15dae641286ed569accf33e93d0425c2b98209,shallow_m0256_r1,True,,,
2,shallow,64,True,final_geometry_v15_20260930,4327fe4ece9317f6fd20fad18389a71e9b1f423b,32,True,0.31584228244140267,0.31584228244140267,b702cde550be752af2f1f36c00d7eabaee48cbb1c2b5b635f1ade6b8bbe92baa,,loss,,family,full_posterior,256,0.331484803088001,0.3012425949249416,0.0075215088483924575,0.0072830865240573325,128,8192,8448,,1,1.0,reference_production_4|sel=2048,8f5887633c4c57f2ac0982e01a15dae641286ed569accf33e93d0425c2b98209,shallow_m0256_r1,True,V,V,"{""V"": 1.0}"
2,shallow,32,True,final_geometry_v15_20260930,4327fe4ece9317f6fd20fad18389a71e9b1f423b,32,True,0.3583674562056137,0.3583674562056137,b702cde550be752af2f1f36c00d7eabaee48cbb1c2b5b635f1ade6b8bbe92baa,,train_logit,,family,full_posterior,256,0.37419282784867136,0.345402525438669,0.008039692816910755,0.008434088728878183,128,8192,8448,,1,1.0,reference_production_4|sel=2048,8f5887633c4c57f2ac0982e01a15dae641286ed569accf33e93d0425c2b98209,shallow_m0256_r1,True,train_logit_0,train_logit_64,"{""train_logit_0"": 0.4225, ""train_logit_32"": 0.07875, ""train_logit_64"": 0.41625, ""train_logit_96"": 0.0825}"
2,shallow,32,True,final_geometry_v15_20260930,4327fe4ece9317f6fd20fad18389a71e9b1f423b,32,True,0.464641257350341,0.464641257350341,b702cde550be752af2f1f36c00d7eabaee48cbb1c2b5b635f1ade6b8bbe92baa,,interaction,,family,full_posterior,256,0.5038592156416523,0.44153618891053054,0.015841801407035432,0.016182370525773385,128,8192,8448,,1,1.0,reference_production_4|sel=2048,8f5887633c4c57f2ac0982e01a15dae641286ed569accf33e93d0425c2b98209,shallow_m0256_r1,True,interaction_2,interaction_3,"{""interaction_0"": 0.16125, ""interaction_1"": 0.0975, ""interaction_2"": 0.46875, ""interaction_3"": 0.2725}"
2,shallow,64,True,final_geometry_v15_20260930,4327fe4ece9317f6fd20fad18389a71e9b1f423b,32,True,0.29707454282939677,0.29707454282939677,1a93c14011fadc3517c1338c414e33dc5df1f74e820e26dc3412b4b3f497e934,,loss,3.490722098806322,probe,full_posterior,256,0.30774978118503343,0.2842250709910228,0.006311311220280319,0.006026892515050784,128,8192,8448,V,2,1.0,reference_production_4|sel=2048,2b0a25edaba13f9bb4eae0a84a065effa6848903405ea8fc1871d85b581b5ff9,shallow_m0256_r2,True,,,
2,shallow,32,True,final_geometry_v15_20260930,4327fe4ece9317f6fd20fad18389a71e9b1f423b,32,True,0.3815793810103802,0.3815793810103802,1a93c14011fadc3517c1338c414e33dc5df1f74e820e26dc3412b4b3f497e934,,train_logit,1.7613063467403431,probe,full_posterior,256,0.39383912344342514,0.36983905847972304,0.0062932046103627015,0.006286226171176718,128,8192,8448,train_logit_0,2,1.0,reference_production_4|sel=2048,2b0a25edaba13f9bb4eae0a84a065effa6848903405ea8fc1871d85b581b5ff9,shallow_m0256_r2,True,,,
2,shallow,32,True,final_geometry_v15_20260930,4327fe4ece9317f6fd20fad18389a71e9b1f423b,32,True,0.32931392712087354,0.32931392712087354,1a93c14011fadc3517c1338c414e33dc5df1f74e820e26dc3412b4b3f497e934,,train_logit,1.6747219620489797,probe,full_posterior,256,0.340788342404809,0.31947321725038913,0.005490123463207192,0.005790477941485344,128,8192,8448,train_logit_32,2,1.0,reference_production_4|sel=2048,2b0a25edaba13f9bb4eae0a84a065effa6848903405ea8fc1871d85b581b5ff9,shallow_m0256_r2,True,,,
2,shallow,32,True,final_geometry_v15_20260930,4327fe4ece9317f6fd20fad18389a71e9b1f423b,32,True,0.3517813926835879,0.3517813926835879,1a93c14011fadc3517c1338c414e33dc5df1f74e820e26dc3412b4b3f497e934,,train_logit,1.693082895993323,probe,full_posterior,256,0.3624736206135495,0.34128400809290826,0.005524890317621986,0.005759799743581857,128,8192,8448,train_logit_64,2,1.0,reference_production_4|sel=2048,2b0a25edaba13f9bb4eae0a84a065effa6848903405ea8fc1871d85b581b5ff9,shallow_m0256_r2,True,,,
2,shallow,32,True,final_geometry_v15_20260930,4327fe4ece9317f6fd20fad18389a71e9b1f423b,32,True,0.34011923997072724,0.34011923997072724,1a93c14011fadc3517c1338c414e33dc5df1f74e820e26dc3412b4b3f497e934,,train_logit,1.8549180013345024,probe,full_posterior,256,0.351938448987569,0.3301493473602112,0.00575937540081727,0.004838286705207619,128,8192,8448,train_logit_96,2,1.0,reference_production_4|sel=2048,2b0a25edaba13f9bb4eae0a84a065effa6848903405ea8fc1871d85b581b5ff9,shallow_m0256_r2,True,,,
2,shallow,32,True,final_geometry_v15_20260930,4327fe4ece9317f6fd20fad18389a71e9b1f423b,32,True,0.47608264332490996,0.47608264332490996,1a93c14011fadc3517c1338c414e33dc5df1f74e820e26dc3412b4b3f497e934,,interaction,1.9620195545548764,probe,full_posterior,256,0.499835002394402,0.45316291281335735,0.01255695718205731,0.01275987899987025,128,8192,8448,interaction_0,2,1.0,reference_production_4|sel=2048,2b0a25edaba13f9bb4eae0a84a065effa6848903405ea8fc1871d85b581b5ff9,shallow_m0256_r2,True,,,
2,shallow,32,True,final_geometry_v15_20260930,4327fe4ece9317f6fd20fad18389a71e9b1f423b,32,True,0.46765941727827637,0.46765941727827637,1a93c14011fadc3517c1338c414e33dc5df1f74e820e26dc3412b4b3f497e934,,interaction,1.9705029082771282,probe,full_posterior,256,0.4952237652045428,0.44722953064548226,0.012269425781959088,0.011789480942159918,128,8192,8448,interaction_1,2,1.0,reference_production_4|sel=2048,2b0a25edaba13f9bb4eae0a84a065effa6848903405ea8fc1871d85b581b5ff9,shallow_m0256_r2,True,,,
2,shallow,32,True,final_geometry_v15_20260930,4327fe4ece9317f6fd20fad18389a71e9b1f423b,32,True,0.4505072631038896,0.4505072631038896,1a93c14011fadc3517c1338c414e33dc5df1f74e820e26dc3412b4b3f497e934,,interaction,1.827112547951384,probe,full_posterior,256,0.4712791459594255,0.42818256798542625,0.011595372489410177,0.01166687473170857,128,8192,8448,interaction_2,2,1.0,reference_production_4|sel=2048,2b0a25edaba13f9bb4eae0a84a065effa6848903405ea8fc1871d85b581b5ff9,shallow_m0256_r2,True,,,
2,shallow,32,True,final_geometry_v15_20260930,4327fe4ece9317f6fd20fad18389a71e9b1f423b,32,True,0.4691644284026294,0.4691644284026294,1a93c14011fadc3517c1338c414e33dc5df1f74e820e26dc3412b4b3f497e934,,interaction,1.903508937869097,probe,full_posterior,256,0.49209361747637004,0.4451878006292587,0.012272273981709447,0.012899336472329192,128,8192,8448,interaction_3,2,1.0,reference_production_4|sel=2048,2b0a25edaba13f9bb4eae0a84a065effa6848903405ea8fc1871d85b581b5ff9,shallow_m0256_r2,True,,,
2,shallow,64,True,final_geometry_v15_20260930,4327fe4ece9317f6fd20fad18389a71e9b1f423b,32,True,0.9724829970329323,0.9724829970329323,1a93c14011fadc3517c1338c414e33dc5df1f74e820e26dc3412b4b3f497e934,,control,3.9494448114272744,probe,full_posterior,256,1.0224284361970113,0.9306898924499251,0.023174834267339624,0.021939275862879203,128,8192,8448,q_A,2,1.0,reference_production_4|sel=2048,2b0a25edaba13f9bb4eae0a84a065effa6848903405ea8fc1871d85b581b5ff9,shallow_m0256_r2,True,,,
2,shallow,64,True,final_geometry_v15_20260930,4327fe4ece9317f6fd20fad18389a71e9b1f423b,32,True,1.0052414741807743,1.0052414741807743,1a93c14011fadc3517c1338c414e33dc5df1f74e820e26dc3412b4b3f497e934,,control,3.470787186976962,probe,full_posterior,256,1.0561873753258775,0.9669627138611646,0.022120105080065237,0.02232571319549155,128,8192,8448,q_W,2,1.0,reference_production_4|sel=2048,2b0a25edaba13f9bb4eae0a84a065effa6848903405ea8fc1871d85b581b5ff9,shallow_m0256_r2,True,,,
2,shallow,64,True,final_geometry_v15_20260930,4327fe4ece9317f6fd20fad18389a71e9b1f423b,32,True,0.2970665463065766,0.2970665463065766,1a93c14011fadc3517c1338c414e33dc5df1f74e820e26dc3412b4b3f497e934,,loss,,family,full_posterior,256,0.308454101015466,0.28429472152724866,0.006550061564379685,0.006325558787508692,128,8192,8448,,2,1.0,reference_production_4|sel=2048,2b0a25edaba13f9bb4eae0a84a065effa6848903405ea8fc1871d85b581b5ff9,shallow_m0256_r2,True,V,V,"{""V"": 1.0}"
2,shallow,32,True,final_geometry_v15_20260930,4327fe4ece9317f6fd20fad18389a71e9b1f423b,32,True,0.3815526928562757,0.3815526928562757,1a93c14011fadc3517c1338c414e33dc5df1f74e820e26dc3412b4b3f497e934,,train_logit,,family,full_posterior,256,0.39295439849807,0.34738682622929273,0.012898674809818185,0.012078383856911673,128,8192,8448,,2,1.0,reference_production_4|sel=2048,2b0a25edaba13f9bb4eae0a84a065effa6848903405ea8fc1871d85b581b5ff9,shallow_m0256_r2,True,train_logit_0,train_logit_0,"{""train_logit_0"": 0.90375, ""train_logit_64"": 0.095, ""train_logit_96"": 0.00125}"
2,shallow,32,True,final_geometry_v15_20260930,4327fe4ece9317f6fd20fad18389a71e9b1f423b,32,True,0.46143264820357716,0.46143264820357716,1a93c14011fadc3517c1338c414e33dc5df1f74e820e26dc3412b4b3f497e934,,interaction,,family,full_posterior,256,0.504728813731495,0.43729437199900234,0.017560829286512373,0.017601058207544384,128,8192,8448,,2,1.0,reference_production_4|sel=2048,2b0a25edaba13f9bb4eae0a84a065effa6848903405ea8fc1871d85b581b5ff9,shallow_m0256_r2,True,interaction_3,interaction_0,"{""interaction_0"": 0.4175, ""interaction_1"": 0.225, ""interaction_2"": 0.06125, ""interaction_3"": 0.29625}"
2,shallow,64,True,final_geometry_v15_20260930,4327fe4ece9317f6fd20fad18389a71e9b1f423b,32,True,0.2900791082513296,0.2900791082513296,eccc88577af416a72d66fb22a9443f4a081b72812b06d3aa4d8116cbccdddcee,,loss,3.2450191361212717,probe,full_posterior,1024,0.30295552284577226,0.27856898678962183,0.006304323922726895,0.006141230562590555,128,8192,33792,V,0,1.0,reference_production_4|sel=2048,02cdf7a9fb4a8ebea158d555e3da7f259fe2d98afd52f242938d3e8f57697d6a,shallow_m1024_r0,True,,,
2,shallow,32,True,final_geometry_v15_20260930,4327fe4ece9317f6fd20fad18389a71e9b1f423b,32,True,0.3404240989927875,0.3404240989927875,eccc88577af416a72d66fb22a9443f4a081b72812b06d3aa4d8116cbccdddcee,,train_logit,1.7108692417463909,probe,full_posterior,1024,0.35294685608583387,0.32803150212185206,0.006133830230007204,0.0058224081201212865,128,8192,33792,train_logit_0,0,1.0,reference_production_4|sel=2048,02cdf7a9fb4a8ebea158d555e3da7f259fe2d98afd52f242938d3e8f57697d6a,shallow_m1024_r0,True,,,
2,shallow,32,True,final_geometry_v15_20260930,4327fe4ece9317f6fd20fad18389a71e9b1f423b,32,True,0.3544480846435999,0.3544480846435999,eccc88577af416a72d66fb22a9443f4a081b72812b06d3aa4d8116cbccdddcee,,train_logit,1.7465348751461462,probe,full_posterior,1024,0.36578241393527516,0.344801903629798,0.005516220349301154,0.005934212060410064,128,8192,33792,train_logit_32,0,1.0,reference_production_4|sel=2048,02cdf7a9fb4a8ebea158d555e3da7f259fe2d98afd52f242938d3e8f57697d6a,shallow_m1024_r0,True,,,
2,shallow,32,True,final_geometry_v15_20260930,4327fe4ece9317f6fd20fad18389a71e9b1f423b,32,True,0.3341568112509051,0.3341568112509051,eccc88577af416a72d66fb22a9443f4a081b72812b06d3aa4d8116cbccdddcee,,train_logit,1.6661806513071036,probe,full_posterior,1024,0.34435418980211097,0.32302688810164126,0.005373573695139343,0.0049427687675067744,128,8192,33792,train_logit_64,0,1.0,reference_production_4|sel=2048,02cdf7a9fb4a8ebea158d555e3da7f259fe2d98afd52f242938d3e8f57697d6a,shallow_m1024_r0,True,,,
2,shallow,32,True,final_geometry_v15_20260930,4327fe4ece9317f6fd20fad18389a71e9b1f423b,32,True,0.35645315385035337,0.35645315385035337,eccc88577af416a72d66fb22a9443f4a081b72812b06d3aa4d8116cbccdddcee,,train_logit,1.6591874936842297,probe,full_posterior,1024,0.3690515348046365,0.34527424346278196,0.006048014329845244,0.005863353184047471,128,8192,33792,train_logit_96,0,1.0,reference_production_4|sel=2048,02cdf7a9fb4a8ebea158d555e3da7f259fe2d98afd52f242938d3e8f57697d6a,shallow_m1024_r0,True,,,
2,shallow,32,True,final_geometry_v15_20260930,4327fe4ece9317f6fd20fad18389a71e9b1f423b,32,True,0.4696756705882267,0.4696756705882267,eccc88577af416a72d66fb22a9443f4a081b72812b06d3aa4d8116cbccdddcee,,interaction,1.7091081186132635,probe,full_posterior,1024,0.4905387091353204,0.4469825148833753,0.01150423685074634,0.010842709556703375,128,8192,33792,interaction_0,0,1.0,reference_production_4|sel=2048,02cdf7a9fb4a8ebea158d555e3da7f259fe2d98afd52f242938d3e8f57697d6a,shallow_m1024_r0,True,,,
2,shallow,32,True,final_geometry_v15_20260930,4327fe4ece9317f6fd20fad18389a71e9b1f423b,32,True,0.46886321220800947,0.46886321220800947,eccc88577af416a72d66fb22a9443f4a081b72812b06d3aa4d8116cbccdddcee,,interaction,1.8083191170034625,probe,full_posterior,1024,0.49240094664966194,0.44818800098659795,0.011736150057509121,0.012684962521693537,128,8192,33792,interaction_1,0,1.0,reference_production_4|sel=2048,02cdf7a9fb4a8ebea158d555e3da7f259fe2d98afd52f242938d3e8f57697d6a,shallow_m1024_r0,True,,,
2,shallow,32,True,final_geometry_v15_20260930,4327fe4ece9317f6fd20fad18389a71e9b1f423b,32,True,0.4696792845301738,0.4696792845301738,eccc88577af416a72d66fb22a9443f4a081b72812b06d3aa4d8116cbccdddcee,,interaction,1.7465836233895349,probe,full_posterior,1024,0.4899865508884911,0.44910873908424687,0.010588457045823809,0.010301078926003647,128,8192,33792,interaction_2,0,1.0,reference_production_4|sel=2048,02cdf7a9fb4a8ebea158d555e3da7f259fe2d98afd52f242938d3e8f57697d6a,shallow_m1024_r0,True,,,
2,shallow,32,True,final_geometry_v15_20260930,4327fe4ece9317f6fd20fad18389a71e9b1f423b,32,True,0.4586113005750556,0.4586113005750556,eccc88577af416a72d66fb22a9443f4a081b72812b06d3aa4d8116cbccdddcee,,interaction,1.6981908519466815,probe,full_posterior,1024,0.4830796245449521,0.4372706741664724,0.011801150763457833,0.010716444699533383,128,8192,33792,interaction_3,0,1.0,reference_production_4|sel=2048,02cdf7a9fb4a8ebea158d555e3da7f259fe2d98afd52f242938d3e8f57697d6a,shallow_m1024_r0,True,,,
2,shallow,32,True,final_geometry_v15_20260930,4327fe4ece9317f6fd20fad18389a71e9b1f423b,32,True,0.9911007350948655,0.9911007350948655,eccc88577af416a72d66fb22a9443f4a081b72812b06d3aa4d8116cbccdddcee,,control,3.1743765206373005,probe,full_posterior,1024,1.0301924144265138,0.9557962367642409,0.019266832455185262,0.019188754161702123,128,8192,33792,q_A,0,1.0,reference_production_4|sel=2048,02cdf7a9fb4a8ebea158d555e3da7f259fe2d98afd52f242938d3e8f57697d6a,shallow_m1024_r0,True,,,
2,shallow,64,True,final_geometry_v15_20260930,4327fe4ece9317f6fd20fad18389a71e9b1f423b,32,True,0.9962416867586245,0.9962416867586245,eccc88577af416a72d66fb22a9443f4a081b72812b06d3aa4d8116cbccdddcee,,control,3.611013127528503,probe,full_posterior,1024,1.033627869474516,0.9629858811684695,0.01838288427047504,0.01828341074505798,128,8192,33792,q_W,0,1.0,reference_production_4|sel=2048,02cdf7a9fb4a8ebea158d555e3da7f259fe2d98afd52f242938d3e8f57697d6a,shallow_m1024_r0,True,,,
2,shallow,64,True,final_geometry_v15_20260930,4327fe4ece9317f6fd20fad18389a71e9b1f423b,32,True,0.29001036094579435,0.29001036094579435,eccc88577af416a72d66fb22a9443f4a081b72812b06d3aa4d8116cbccdddcee,,loss,,family,full_posterior,1024,0.3034754318160575,0.27842176920308254,0.006319094908609244,0.006242715829710817,128,8192,33792,,0,1.0,reference_production_4|sel=2048,02cdf7a9fb4a8ebea158d555e3da7f259fe2d98afd52f242938d3e8f57697d6a,shallow_m1024_r0,True,V,V,"{""V"": 1.0}"
2,shallow,32,True,final_geometry_v15_20260930,4327fe4ece9317f6fd20fad18389a71e9b1f423b,32,True,0.349874029768136,0.349874029768136,eccc88577af416a72d66fb22a9443f4a081b72812b06d3aa4d8116cbccdddcee,,train_logit,,family,full_posterior,1024,0.3699822637836733,0.3391191434967732,0.008301111821610696,0.008593862485491774,128,8192,33792,,0,1.0,reference_production_4|sel=2048,02cdf7a9fb4a8ebea158d555e3da7f259fe2d98afd52f242938d3e8f57697d6a,shallow_m1024_r0,True,train_logit_96,train_logit_32,"{""train_logit_0"": 0.01625, ""train_logit_32"": 0.42875, ""train_logit_64"": 0.00125, ""train_logit_96"": 0.55375}"
2,shallow,32,True,final_geometry_v15_20260930,4327fe4ece9317f6fd20fad18389a71e9b1f423b,32,True,0.4542852569014253,0.4542852569014253,eccc88577af416a72d66fb22a9443f4a081b72812b06d3aa4d8116cbccdddcee,,interaction,,family,full_posterior,1024,0.49433571705150914,0.4329530415452937,0.015242351843062232,0.014367857876029785,128,8192,33792,,0,1.0,reference_production_4|sel=2048,02cdf7a9fb4a8ebea158d555e3da7f259fe2d98afd52f242938d3e8f57697d6a,shallow_m1024_r0,True,interaction_0,interaction_2,"{""interaction_0"": 0.27, ""interaction_1"": 0.27, ""interaction_2"": 0.34625, ""interaction_3"": 0.11375}"
2,shallow,64,True,final_geometry_v15_20260930,4327fe4ece9317f6fd20fad18389a71e9b1f423b,32,True,0.29726030997986985,0.29726030997986985,ea19d2cf418befe36c6f1816fb622791c5ff562aa4e99be1dcbfc8e0ec2108f0,,loss,3.8779163860422696,probe,full_posterior,1024,0.31021012234773715,0.28624764044523754,0.00642090299552227,0.006361584565779181,128,8192,33792,V,1,1.0,reference_production_4|sel=2048,75855771a1231e62e6e66f10e2f0fc9a96b653fa2c1e6c16aa05920b18f8825c,shallow_m1024_r1,True,,,
2,shallow,32,True,final_geometry_v15_20260930,4327fe4ece9317f6fd20fad18389a71e9b1f423b,32,True,0.3497175220916263,0.3497175220916263,ea19d2cf418befe36c6f1816fb622791c5ff562aa4e99be1dcbfc8e0ec2108f0,,train_logit,1.798372588323752,probe,full_posterior,1024,0.3608673001646737,0.3396822755524686,0.005551339618933913,0.0056938173520118185,128,8192,33792,train_logit_0,1,1.0,reference_production_4|sel=2048,75855771a1231e62e6e66f10e2f0fc9a96b653fa2c1e6c16aa05920b18f8825c,shallow_m1024_r1,True,,,
2,shallow,32,True,final_geometry_v15_20260930,4327fe4ece9317f6fd20fad18389a71e9b1f423b,32,True,0.33805863337612835,0.33805863337612835,ea19d2cf418befe36c6f1816fb622791c5ff562aa4e99be1dcbfc8e0ec2108f0,,train_logit,1.8765030831966285,probe,full_posterior,1024,0.3494297560026931,0.32694512976425705,0.005956007114131269,0.006465721306648299,128,8192,33792,train_logit_32,1,1.0,reference_production_4|sel=2048,75855771a1231e62e6e66f10e2f0fc9a96b653fa2c1e6c16aa05920b18f8825c,shallow_m1024_r1,True,,,
2,shallow,32,True,final_geometry_v15_20260930,4327fe4ece9317f6fd20fad18389a71e9b1f423b,32,True,0.37164667651416805,0.37164667651416805,ea19d2cf418befe36c6f1816fb622791c5ff562aa4e99be1dcbfc8e0ec2108f0,,train_logit,2.021196738561322,probe,full_posterior,1024,0.38278916342143454,0.3585876012544811,0.006243030755264852,0.006394109134679426,128,8192,33792,train_logit_64,1,1.0,reference_production_4|sel=2048,75855771a1231e62e6e66f10e2f0fc9a96b653fa2c1e6c16aa05920b18f8825c,shallow_m1024_r1,True,,,
2,shallow,32,True,final_geometry_v15_20260930,4327fe4ece9317f6fd20fad18389a71e9b1f423b,32,True,0.36694940453171887,0.36694940453171887,ea19d2cf418befe36c6f1816fb622791c5ff562aa4e99be1dcbfc8e0ec2108f0,,train_logit,1.9156584234329248,probe,full_posterior,1024,0.37876896933286464,0.35505600696455186,0.005933357254257511,0.0060457856149053755,128,8192,33792,train_logit_96,1,1.0,reference_production_4|sel=2048,75855771a1231e62e6e66f10e2f0fc9a96b653fa2c1e6c16aa05920b18f8825c,shallow_m1024_r1,True,,,
2,shallow,32,True,final_geometry_v15_20260930,4327fe4ece9317f6fd20fad18389a71e9b1f423b,32,True,0.4668658213894867,0.4668658213894867,ea19d2cf418befe36c6f1816fb622791c5ff562aa4e99be1dcbfc8e0ec2108f0,,interaction,2.0952983542441803,probe,full_posterior,1024,0.49444749998744714,0.4425073785907456,0.013424402805550439,0.013264379893065255,128,8192,33792,interaction_0,1,1.0,reference_production_4|sel=2048,75855771a1231e62e6e66f10e2f0fc9a96b653fa2c1e6c16aa05920b18f8825c,shallow_m1024_r1,True,,,
2,shallow,32,True,final_geometry_v15_20260930,4327fe4ece9317f6fd20fad18389a71e9b1f423b,32,True,0.46710682612919013,0.46710682612919013,ea19d2cf418befe36c6f1816fb622791c5ff562aa4e99be1dcbfc8e0ec2108f0,,interaction,1.9676988441554486,probe,full_posterior,1024,0.48874695718146105,0.44025416089870306,0.012567619867559863,0.012755906200361936,128,8192,33792,interaction_1,1,1.0,reference_production_4|sel=2048,75855771a1231e62e6e66f10e2f0fc9a96b653fa2c1e6c16aa05920b18f8825c,shallow_m1024_r1,True,,,
2,shallow,32,True,final_geometry_v15_20260930,4327fe4ece9317f6fd20fad18389a71e9b1f423b,32,True,0.44732126731835253,0.44732126731835253,ea19d2cf418befe36c6f1816fb622791c5ff562aa4e99be1dcbfc8e0ec2108f0,,interaction,1.9522538146239201,probe,full_posterior,1024,0.47030349836033886,0.4263506774554733,0.011293750063318028,0.012262552116455308,128,8192,33792,interaction_2,1,1.0,reference_production_4|sel=2048,75855771a1231e62e6e66f10e2f0fc9a96b653fa2c1e6c16aa05920b18f8825c,shallow_m1024_r1,True,,,
2,shallow,32,True,final_geometry_v15_20260930,4327fe4ece9317f6fd20fad18389a71e9b1f423b,32,True,0.4610014071470733,0.4610014071470733,ea19d2cf418befe36c6f1816fb622791c5ff562aa4e99be1dcbfc8e0ec2108f0,,interaction,2.196617634914082,probe,full_posterior,1024,0.483180323545175,0.4386061736839356,0.011989453540559162,0.011855224136916379,128,8192,33792,interaction_3,1,1.0,reference_production_4|sel=2048,75855771a1231e62e6e66f10e2f0fc9a96b653fa2c1e6c16aa05920b18f8825c,shallow_m1024_r1,True,,,
2,shallow,64,True,final_geometry_v15_20260930,4327fe4ece9317f6fd20fad18389a71e9b1f423b,32,True,1.0299144846100763,1.0299144846100763,ea19d2cf418befe36c6f1816fb622791c5ff562aa4e99be1dcbfc8e0ec2108f0,,control,3.9413221731238366,probe,full_posterior,1024,1.0687782762837787,0.9785760906758946,0.025416489797995413,0.025777873066660333,128,8192,33792,q_A,1,1.0,reference_production_4|sel=2048,75855771a1231e62e6e66f10e2f0fc9a96b653fa2c1e6c16aa05920b18f8825c,shallow_m1024_r1,True,,,
2,shallow,64,True,final_geometry_v15_20260930,4327fe4ece9317f6fd20fad18389a71e9b1f423b,32,True,0.9964431330860435,0.9964431330860435,ea19d2cf418befe36c6f1816fb622791c5ff562aa4e99be1dcbfc8e0ec2108f0,,control,3.908113469660894,probe,full_posterior,1024,1.0370548974784934,0.9549523039305288,0.021334674139547937,0.01980588913526613,128,8192,33792,q_W,1,1.0,reference_production_4|sel=2048,75855771a1231e62e6e66f10e2f0fc9a96b653fa2c1e6c16aa05920b18f8825c,shallow_m1024_r1,True,,,
2,shallow,64,True,final_geometry_v15_20260930,4327fe4ece9317f6fd20fad18389a71e9b1f423b,32,True,0.2969827442086126,0.2969827442086126,ea19d2cf418befe36c6f1816fb622791c5ff562aa4e99be1dcbfc8e0ec2108f0,,loss,,family,full_posterior,1024,0.3075128861453899,0.28515035415391127,0.006033939828765067,0.006411924049785691,128,8192,33792,,1,1.0,reference_production_4|sel=2048,75855771a1231e62e6e66f10e2f0fc9a96b653fa2c1e6c16aa05920b18f8825c,shallow_m1024_r1,True,V,V,"{""V"": 1.0}"
2,shallow,32,True,final_geometry_v15_20260930,4327fe4ece9317f6fd20fad18389a71e9b1f423b,32,True,0.3715424498481398,0.3715424498481398,ea19d2cf418befe36c6f1816fb622791c5ff562aa4e99be1dcbfc8e0ec2108f0,,train_logit,,family,full_posterior,1024,0.382909449009319,0.3512827776356924,0.008367631474223853,0.00875086600413234,128,8192,33792,,1,1.0,reference_production_4|sel=2048,75855771a1231e62e6e66f10e2f0fc9a96b653fa2c1e6c16aa05920b18f8825c,shallow_m1024_r1,True,train_logit_64,train_logit_64,"{""train_logit_0"": 0.03, ""train_logit_64"": 0.5975, ""train_logit_96"": 0.3725}"
2,shallow,32,True,final_geometry_v15_20260930,4327fe4ece9317f6fd20fad18389a71e9b1f423b,32,True,0.4636750869549624,0.4636750869549624,ea19d2cf418befe36c6f1816fb622791c5ff562aa4e99be1dcbfc8e0ec2108f0,,interaction,,family,full_posterior,1024,0.4932262244328375,0.4360711104268174,0.015356010561120539,0.017012848019335315,128,8192,33792,,1,1.0,reference_production_4|sel=2048,75855771a1231e62e6e66f10e2f0fc9a96b653fa2c1e6c16aa05920b18f8825c,shallow_m1024_r1,True,interaction_0,interaction_1,"{""interaction_0"": 0.38625, ""interaction_1"": 0.3775, ""interaction_2"": 0.065, ""interaction_3"": 0.17125}"
2,shallow,64,True,final_geometry_v15_20260930,4327fe4ece9317f6fd20fad18389a71e9b1f423b,32,True,0.28147170596499643,0.28147170596499643,021040a3ca16fc031962af4405d32b26085034b920caf09089cd44dab4261f0f,,loss,3.333527125413492,probe,full_posterior,1024,0.2931627128736325,0.2705319446128116,0.005738958516600371,0.00483868109068451,128,8192,33792,V,2,1.0,reference_production_4|sel=2048,61fa5b97160a40ea4623d9b0909f5c6bd1efc198e054db5ea14dff80a68ca165,shallow_m1024_r2,True,,,
2,shallow,32,True,final_geometry_v15_20260930,4327fe4ece9317f6fd20fad18389a71e9b1f423b,32,True,0.37084288118735315,0.37084288118735315,021040a3ca16fc031962af4405d32b26085034b920caf09089cd44dab4261f0f,,train_logit,1.6824745179841418,probe,full_posterior,1024,0.3837062666583082,0.3590359573683685,0.006468534298581995,0.005805126296830419,128,8192,33792,train_logit_0,2,1.0,reference_production_4|sel=2048,61fa5b97160a40ea4623d9b0909f5c6bd1efc198e054db5ea14dff80a68ca165,shallow_m1024_r2,True,,,
2,shallow,32,True,final_geometry_v15_20260930,4327fe4ece9317f6fd20fad18389a71e9b1f423b,32,True,0.33181220401662975,0.33181220401662975,021040a3ca16fc031962af4405d32b26085034b920caf09089cd44dab4261f0f,,train_logit,1.6560413686386815,probe,full_posterior,1024,0.34243598961992655,0.3212789573367648,0.005452639621060228,0.005218358195328249,128,8192,33792,train_logit_32,2,1.0,reference_production_4|sel=2048,61fa5b97160a40ea4623d9b0909f5c6bd1efc198e054db5ea14dff80a68ca165,shallow_m1024_r2,True,,,
2,shallow,32,True,final_geometry_v15_20260930,4327fe4ece9317f6fd20fad18389a71e9b1f423b,32,True,0.36147877875668954,0.36147877875668954,021040a3ca16fc031962af4405d32b26085034b920caf09089cd44dab4261f0f,,train_logit,1.724701172645935,probe,full_posterior,1024,0.3743338948038089,0.3512889335258045,0.0060124228928185326,0.006364356019717074,128,8192,33792,train_logit_64,2,1.0,reference_production_4|sel=2048,61fa5b97160a40ea4623d9b0909f5c6bd1efc198e054db5ea14dff80a68ca165,shallow_m1024_r2,True,,,
2,shallow,32,True,final_geometry_v15_20260930,4327fe4ece9317f6fd20fad18389a71e9b1f423b,32,True,0.3428246880734732,0.3428246880734732,021040a3ca16fc031962af4405d32b26085034b920caf09089cd44dab4261f0f,,train_logit,1.7368712427612647,probe,full_posterior,1024,0.352844997473856,0.33162110197946704,0.0056206518723815125,0.005533370776516464,128,8192,33792,train_logit_96,2,1.0,reference_production_4|sel=2048,61fa5b97160a40ea4623d9b0909f5c6bd1efc198e054db5ea14dff80a68ca165,shallow_m1024_r2,True,,,
2,shallow,32,True,final_geometry_v15_20260930,4327fe4ece9317f6fd20fad18389a71e9b1f423b,32,True,0.46005427990970377,0.46005427990970377,021040a3ca16fc031962af4405d32b26085034b920caf09089cd44dab4261f0f,,interaction,1.8473792166865537,probe,full_posterior,1024,0.48256410502868663,0.43706406508754053,0.011244428715628982,0.011567905117465886,128,8192,33792,interaction_0,2,1.0,reference_production_4|sel=2048,61fa5b97160a40ea4623d9b0909f5c6bd1efc198e054db5ea14dff80a68ca165,shallow_m1024_r2,True,,,
2,shallow,32,True,final_geometry_v15_20260930,4327fe4ece9317f6fd20fad18389a71e9b1f423b,32,True,0.4408607462727064,0.4408607462727064,021040a3ca16fc031962af4405d32b26085034b920caf09089cd44dab4261f0f,,interaction,1.943033921185909,probe,full_posterior,1024,0.4584612555138487,0.42047312903494893,0.010308183194764748,0.011572005203732917,128,8192,33792,interaction_1,2,1.0,reference_production_4|sel=2048,61fa5b97160a40ea4623d9b0909f5c6bd1efc198e054db5ea14dff80a68ca165,shallow_m1024_r2,True,,,
2,shallow,32,True,final_geometry_v15_20260930,4327fe4ece9317f6fd20fad18389a71e9b1f423b,32,True,0.4559081107887908,0.4559081107887908,021040a3ca16fc031962af4405d32b26085034b920caf09089cd44dab4261f0f,,interaction,1.9180922118082633,probe,full_posterior,1024,0.47709126607006264,0.4362126034129065,0.010914667360457417,0.010939515639025456,128,8192,33792,interaction_2,2,1.0,reference_production_4|sel=2048,61fa5b97160a40ea4623d9b0909f5c6bd1efc198e054db5ea14dff80a68ca165,shallow_m1024_r2,True,,,
2,shallow,32,True,final_geometry_v15_20260930,4327fe4ece9317f6fd20fad18389a71e9b1f423b,32,True,0.46486971878388117,0.46486971878388117,021040a3ca16fc031962af4405d32b26085034b920caf09089cd44dab4261f0f,,interaction,1.9557648957375597,probe,full_posterior,1024,0.48732957976078684,0.4393550701286003,0.011783692278629297,0.011181293582848683,128,8192,33792,interaction_3,2,1.0,reference_production_4|sel=2048,61fa5b97160a40ea4623d9b0909f5c6bd1efc198e054db5ea14dff80a68ca165,shallow_m1024_r2,True,,,
2,shallow,64,True,final_geometry_v15_20260930,4327fe4ece9317f6fd20fad18389a71e9b1f423b,32,True,1.02626303282922,1.02626303282922,021040a3ca16fc031962af4405d32b26085034b920caf09089cd44dab4261f0f,,control,3.3601689632796337,probe,full_posterior,1024,1.064365002336636,0.9809613763413263,0.022085790063910725,0.021380960125444156,128,8192,33792,q_A,2,1.0,reference_production_4|sel=2048,61fa5b97160a40ea4623d9b0909f5c6bd1efc198e054db5ea14dff80a68ca165,shallow_m1024_r2,True,,,
2,shallow,64,True,final_geometry_v15_20260930,4327fe4ece9317f6fd20fad18389a71e9b1f423b,32,True,1.0182033278336848,1.0182033278336848,021040a3ca16fc031962af4405d32b26085034b920caf09089cd44dab4261f0f,,control,3.597303767201374,probe,full_posterior,1024,1.0617603950684005,0.9769243529500035,0.021760247771044475,0.020686594310666974,128,8192,33792,q_W,2,1.0,reference_production_4|sel=2048,61fa5b97160a40ea4623d9b0909f5c6bd1efc198e054db5ea14dff80a68ca165,shallow_m1024_r2,True,,,
2,shallow,64,True,final_geometry_v15_20260930,4327fe4ece9317f6fd20fad18389a71e9b1f423b,32,True,0.2814110700831648,0.2814110700831648,021040a3ca16fc031962af4405d32b26085034b920caf09089cd44dab4261f0f,,loss,,family,full_posterior,1024,0.29128661773919795,0.2687316017056446,0.005774888433391898,0.0049818556840326095,128,8192,33792,,2,1.0,reference_production_4|sel=2048,61fa5b97160a40ea4623d9b0909f5c6bd1efc198e054db5ea14dff80a68ca165,shallow_m1024_r2,True,V,V,"{""V"": 1.0}"
2,shallow,32,True,final_geometry_v15_20260930,4327fe4ece9317f6fd20fad18389a71e9b1f423b,32,True,0.3705685097460948,0.3705685097460948,021040a3ca16fc031962af4405d32b26085034b920caf09089cd44dab4261f0f,,train_logit,,family,full_posterior,1024,0.38456687862560157,0.3534420815035485,0.008380305850010133,0.007583352028598402,128,8192,33792,,2,1.0,reference_production_4|sel=2048,61fa5b97160a40ea4623d9b0909f5c6bd1efc198e054db5ea14dff80a68ca165,shallow_m1024_r2,True,train_logit_0,train_logit_0,"{""train_logit_0"": 0.79125, ""train_logit_64"": 0.20625, ""train_logit_96"": 0.0025}"
2,shallow,32,True,final_geometry_v15_20260930,4327fe4ece9317f6fd20fad18389a71e9b1f423b,32,True,0.45287618356665094,0.45287618356665094,021040a3ca16fc031962af4405d32b26085034b920caf09089cd44dab4261f0f,,interaction,,family,full_posterior,1024,0.48468879873271753,0.43199789220177387,0.01430061949820681,0.013975016784622974,128,8192,33792,,2,1.0,reference_production_4|sel=2048,61fa5b97160a40ea4623d9b0909f5c6bd1efc198e054db5ea14dff80a68ca165,shallow_m1024_r2,True,interaction_2,interaction_3,"{""interaction_0"": 0.2925, ""interaction_1"": 0.07375, ""interaction_2"": 0.2375, ""interaction_3"": 0.39625}"
2,shallow,32,True,final_geometry_v15_20260930,4327fe4ece9317f6fd20fad18389a71e9b1f423b,32,True,0.2880030819288656,0.2880030819288656,c42d4b5367c65fa5dcb34a30c443e9e774bce26cf64c6b1f15f6e759818a4a20,,loss,3.130484727030957,probe,full_posterior,4096,0.2983224670695848,0.2764288960377669,0.005668989318327776,0.005799214534446674,128,8192,135168,V,0,1.0,reference_production_4|sel=2048,8a6220ba8b63029337f3aba7bf23ad58f356eb9ebe1053d6e3e3fcf5e1c55e2a,shallow_m4096_r0,True,,,
2,shallow,32,True,final_geometry_v15_20260930,4327fe4ece9317f6fd20fad18389a71e9b1f423b,32,True,0.3402107136650982,0.3402107136650982,c42d4b5367c65fa5dcb34a30c443e9e774bce26cf64c6b1f15f6e759818a4a20,,train_logit,1.6971325573605514,probe,full_posterior,4096,0.3496532264059757,0.32934116730051555,0.005593599030499587,0.005806888041564963,128,8192,135168,train_logit_0,0,1.0,reference_production_4|sel=2048,8a6220ba8b63029337f3aba7bf23ad58f356eb9ebe1053d6e3e3fcf5e1c55e2a,shallow_m4096_r0,True,,,
2,shallow,32,True,final_geometry_v15_20260930,4327fe4ece9317f6fd20fad18389a71e9b1f423b,32,True,0.355278587813921,0.355278587813921,c42d4b5367c65fa5dcb34a30c443e9e774bce26cf64c6b1f15f6e759818a4a20,,train_logit,1.6197917280543024,probe,full_posterior,4096,0.3681238940431833,0.3446260339378989,0.006135681891275713,0.006048375918035586,128,8192,135168,train_logit_32,0,1.0,reference_production_4|sel=2048,8a6220ba8b63029337f3aba7bf23ad58f356eb9ebe1053d6e3e3fcf5e1c55e2a,shallow_m4096_r0,True,,,
2,shallow,16,True,final_geometry_v15_20260930,4327fe4ece9317f6fd20fad18389a71e9b1f423b,32,True,0.32867092068858555,0.32867092068858555,c42d4b5367c65fa5dcb34a30c443e9e774bce26cf64c6b1f15f6e759818a4a20,,train_logit,1.5632882667527461,probe,full_posterior,4096,0.339183173211149,0.3190379717162256,0.005172189577042067,0.005240372764291082,128,8192,135168,train_logit_64,0,1.0,reference_production_4|sel=2048,8a6220ba8b63029337f3aba7bf23ad58f356eb9ebe1053d6e3e3fcf5e1c55e2a,shallow_m4096_r0,True,,,
2,shallow,16,True,final_geometry_v15_20260930,4327fe4ece9317f6fd20fad18389a71e9b1f423b,32,True,0.3486745215674026,0.3486745215674026,c42d4b5367c65fa5dcb34a30c443e9e774bce26cf64c6b1f15f6e759818a4a20,,train_logit,1.5134403654969288,probe,full_posterior,4096,0.35955067362305976,0.33852938397316823,0.005546841400777856,0.005624132748099232,128,8192,135168,train_logit_96,0,1.0,reference_production_4|sel=2048,8a6220ba8b63029337f3aba7bf23ad58f356eb9ebe1053d6e3e3fcf5e1c55e2a,shallow_m4096_r0,True,,,
2,shallow,32,True,final_geometry_v15_20260930,4327fe4ece9317f6fd20fad18389a71e9b1f423b,32,True,0.47338400706925715,0.47338400706925715,c42d4b5367c65fa5dcb34a30c443e9e774bce26cf64c6b1f15f6e759818a4a20,,interaction,1.8608729996614173,probe,full_posterior,4096,0.4979096029978063,0.45064566431368364,0.01191363305146449,0.012503577237186541,128,8192,135168,interaction_0,0,1.0,reference_production_4|sel=2048,8a6220ba8b63029337f3aba7bf23ad58f356eb9ebe1053d6e3e3fcf5e1c55e2a,shallow_m4096_r0,True,,,
2,shallow,32,True,final_geometry_v15_20260930,4327fe4ece9317f6fd20fad18389a71e9b1f423b,32,True,0.45008327557944094,0.45008327557944094,c42d4b5367c65fa5dcb34a30c443e9e774bce26cf64c6b1f15f6e759818a4a20,,interaction,1.7950148649585582,probe,full_posterior,4096,0.4709653412461101,0.4303123281468148,0.011106892476080784,0.010680919235914847,128,8192,135168,interaction_1,0,1.0,reference_production_4|sel=2048,8a6220ba8b63029337f3aba7bf23ad58f356eb9ebe1053d6e3e3fcf5e1c55e2a,shallow_m4096_r0,True,,,
2,shallow,32,True,final_geometry_v15_20260930,4327fe4ece9317f6fd20fad18389a71e9b1f423b,32,True,0.4731176524470049,0.4731176524470049,c42d4b5367c65fa5dcb34a30c443e9e774bce26cf64c6b1f15f6e759818a4a20,,interaction,1.6795589544185099,probe,full_posterior,4096,0.4910424970457136,0.45226114510007515,0.00987646766633704,0.01082056461449228,128,8192,135168,interaction_2,0,1.0,reference_production_4|sel=2048,8a6220ba8b63029337f3aba7bf23ad58f356eb9ebe1053d6e3e3fcf5e1c55e2a,shallow_m4096_r0,True,,,
2,shallow,32,True,final_geometry_v15_20260930,4327fe4ece9317f6fd20fad18389a71e9b1f423b,32,True,0.4628246011841908,0.4628246011841908,c42d4b5367c65fa5dcb34a30c443e9e774bce26cf64c6b1f15f6e759818a4a20,,interaction,1.8666930623012963,probe,full_posterior,4096,0.48557636518605884,0.4405883573330681,0.01155283240147507,0.011025839514295564,128,8192,135168,interaction_3,0,1.0,reference_production_4|sel=2048,8a6220ba8b63029337f3aba7bf23ad58f356eb9ebe1053d6e3e3fcf5e1c55e2a,shallow_m4096_r0,True,,,
2,shallow,32,True,final_geometry_v15_20260930,4327fe4ece9317f6fd20fad18389a71e9b1f423b,32,True,1.0153868937965531,1.0153868937965531,c42d4b5367c65fa5dcb34a30c443e9e774bce26cf64c6b1f15f6e759818a4a20,,control,3.0422373102848894,probe,full_posterior,4096,1.059681607704576,0.9764492898273757,0.020056471930754143,0.02122427973164247,128,8192,135168,q_A,0,1.0,reference_production_4|sel=2048,8a6220ba8b63029337f3aba7bf23ad58f356eb9ebe1053d6e3e3fcf5e1c55e2a,shallow_m4096_r0,True,,,
2,shallow,32,True,final_geometry_v15_20260930,4327fe4ece9317f6fd20fad18389a71e9b1f423b,32,True,0.987781880432939,0.987781880432939,c42d4b5367c65fa5dcb34a30c443e9e774bce26cf64c6b1f15f6e759818a4a20,,control,3.1070599742225102,probe,full_posterior,4096,1.0277319665206293,0.9572273831254121,0.01903085818754457,0.018442241673855005,128,8192,135168,q_W,0,1.0,reference_production_4|sel=2048,8a6220ba8b63029337f3aba7bf23ad58f356eb9ebe1053d6e3e3fcf5e1c55e2a,shallow_m4096_r0,True,,,
2,shallow,32,True,final_geometry_v15_20260930,4327fe4ece9317f6fd20fad18389a71e9b1f423b,32,True,0.28800164159755637,0.28800164159755637,c42d4b5367c65fa5dcb34a30c443e9e774bce26cf64c6b1f15f6e759818a4a20,,loss,,family,full_posterior,4096,0.29755089008146307,0.2759843827115392,0.0057270051340566255,0.006143921073445024,128,8192,135168,,0,1.0,reference_production_4|sel=2048,8a6220ba8b63029337f3aba7bf23ad58f356eb9ebe1053d6e3e3fcf5e1c55e2a,shallow_m4096_r0,True,V,V,"{""V"": 1.0}"
2,shallow,32,True,final_geometry_v15_20260930,4327fe4ece9317f6fd20fad18389a71e9b1f423b,32,True,0.3472889286655307,0.3472889286655307,c42d4b5367c65fa5dcb34a30c443e9e774bce26cf64c6b1f15f6e759818a4a20,,train_logit,,family,full_posterior,4096,0.3658497781857652,0.32586118123183355,0.009867133415149013,0.010575585747867973,128,8192,135168,,0,1.0,reference_production_4|sel=2048,8a6220ba8b63029337f3aba7bf23ad58f356eb9ebe1053d6e3e3fcf5e1c55e2a,shallow_m4096_r0,True,train_logit_96,train_logit_32,"{""train_logit_0"": 0.0525, ""train_logit_32"": 0.62875, ""train_logit_64"": 0.04125, ""train_logit_96"": 0.2775}"
2,shallow,32,True,final_geometry_v15_20260930,4327fe4ece9317f6fd20fad18389a71e9b1f423b,32,True,0.4464617423533389,0.4464617423533389,c42d4b5367c65fa5dcb34a30c443e9e774bce26cf64c6b1f15f6e759818a4a20,,interaction,,family,full_posterior,4096,0.4967409617612302,0.42826185102686704,0.01861747108586869,0.018132029670786476,128,8192,135168,,0,1.0,reference_production_4|sel=2048,8a6220ba8b63029337f3aba7bf23ad58f356eb9ebe1053d6e3e3fcf5e1c55e2a,shallow_m4096_r0,True,interaction_2,interaction_1,"{""interaction_0"": 0.38375, ""interaction_1"": 0.17375, ""interaction_2"": 0.2675, ""interaction_3"": 0.175}"
2,shallow,64,True,final_geometry_v15_20260930,4327fe4ece9317f6fd20fad18389a71e9b1f423b,32,True,0.29515353688581397,0.29515353688581397,a4c8520eb44c75ea3099cdbac825d88d37c40066ff07f2408368c63f9fadfabc,,loss,3.580942406715562,probe,full_posterior,4096,0.31014517325574303,0.2817784124028637,0.0069066363571360125,0.0064240437879908244,128,8192,135168,V,1,1.0,reference_production_4|sel=2048,2d18a154c082aebdf0c7dff9779adbab12358b1b72ad29a412f3643b39e3fb64,shallow_m4096_r1,True,,,
2,shallow,32,True,final_geometry_v15_20260930,4327fe4ece9317f6fd20fad18389a71e9b1f423b,32,True,0.35264792131245953,0.35264792131245953,a4c8520eb44c75ea3099cdbac825d88d37c40066ff07f2408368c63f9fadfabc,,train_logit,1.7225148780981823,probe,full_posterior,4096,0.3621834423625464,0.339795261123761,0.005737285436379531,0.005944461154904228,128,8192,135168,train_logit_0,1,1.0,reference_production_4|sel=2048,2d18a154c082aebdf0c7dff9779adbab12358b1b72ad29a412f3643b39e3fb64,shallow_m4096_r1,True,,,
2,shallow,32,True,final_geometry_v15_20260930,4327fe4ece9317f6fd20fad18389a71e9b1f423b,32,True,0.34379039819927937,0.34379039819927937,a4c8520eb44c75ea3099cdbac825d88d37c40066ff07f2408368c63f9fadfabc,,train_logit,1.913707564801438,probe,full_posterior,4096,0.35482430211177773,0.3320391624246189,0.0060323687341265,0.005888786873784646,128,8192,135168,train_logit_32,1,1.0,reference_production_4|sel=2048,2d18a154c082aebdf0c7dff9779adbab12358b1b72ad29a412f3643b39e3fb64,shallow_m4096_r1,True,,,
2,shallow,32,True,final_geometry_v15_20260930,4327fe4ece9317f6fd20fad18389a71e9b1f423b,32,True,0.37595354547521476,0.37595354547521476,a4c8520eb44c75ea3099cdbac825d88d37c40066ff07f2408368c63f9fadfabc,,train_logit,1.8250072422255226,probe,full_posterior,4096,0.3858421314007378,0.36298375896408663,0.005827105045382703,0.005991549576743607,128,8192,135168,train_logit_64,1,1.0,reference_production_4|sel=2048,2d18a154c082aebdf0c7dff9779adbab12358b1b72ad29a412f3643b39e3fb64,shallow_m4096_r1,True,,,
2,shallow,32,True,final_geometry_v15_20260930,4327fe4ece9317f6fd20fad18389a71e9b1f423b,32,True,0.3568266736352888,0.3568266736352888,a4c8520eb44c75ea3099cdbac825d88d37c40066ff07f2408368c63f9fadfabc,,train_logit,1.8039873934727808,probe,full_posterior,4096,0.3703729184850731,0.3474131183678773,0.005908698907695897,0.005809313501441208,128,8192,135168,train_logit_96,1,1.0,reference_production_4|sel=2048,2d18a154c082aebdf0c7dff9779adbab12358b1b72ad29a412f3643b39e3fb64,shallow_m4096_r1,True,,,
2,shallow,32,True,final_geometry_v15_20260930,4327fe4ece9317f6fd20fad18389a71e9b1f423b,32,True,0.4570204576090991,0.4570204576090991,a4c8520eb44c75ea3099cdbac825d88d37c40066ff07f2408368c63f9fadfabc,,interaction,1.9343739728507479,probe,full_posterior,4096,0.47901054970270435,0.43640797716036595,0.011442444069130536,0.012997241298149064,128,8192,135168,interaction_0,1,1.0,reference_production_4|sel=2048,2d18a154c082aebdf0c7dff9779adbab12358b1b72ad29a412f3643b39e3fb64,shallow_m4096_r1,True,,,
2,shallow,32,True,final_geometry_v15_20260930,4327fe4ece9317f6fd20fad18389a71e9b1f423b,32,True,0.4555491323476475,0.4555491323476475,a4c8520eb44c75ea3099cdbac825d88d37c40066ff07f2408368c63f9fadfabc,,interaction,2.1261479283528706,probe,full_posterior,4096,0.4817982849010118,0.43042535732377935,0.012752538201096572,0.012521029188921876,128,8192,135168,interaction_1,1,1.0,reference_production_4|sel=2048,2d18a154c082aebdf0c7dff9779adbab12358b1b72ad29a412f3643b39e3fb64,shallow_m4096_r1,True,,,
2,shallow,32,True,final_geometry_v15_20260930,4327fe4ece9317f6fd20fad18389a71e9b1f423b,32,True,0.46563570751790906,0.46563570751790906,a4c8520eb44c75ea3099cdbac825d88d37c40066ff07f2408368c63f9fadfabc,,interaction,2.1000585212705536,probe,full_posterior,4096,0.4890805672788733,0.4434670978770445,0.011786077300770905,0.01225785387062281,128,8192,135168,interaction_2,1,1.0,reference_production_4|sel=2048,2d18a154c082aebdf0c7dff9779adbab12358b1b72ad29a412f3643b39e3fb64,shallow_m4096_r1,True,,,
2,shallow,32,True,final_geometry_v15_20260930,4327fe4ece9317f6fd20fad18389a71e9b1f423b,32,True,0.45730768805108024,0.45730768805108024,a4c8520eb44c75ea3099cdbac825d88d37c40066ff07f2408368c63f9fadfabc,,interaction,1.9664030632494294,probe,full_posterior,4096,0.4782801426449856,0.43145189076196966,0.011844093102979686,0.01065889812611879,128,8192,135168,interaction_3,1,1.0,reference_production_4|sel=2048,2d18a154c082aebdf0c7dff9779adbab12358b1b72ad29a412f3643b39e3fb64,shallow_m4096_r1,True,,,
2,shallow,64,True,final_geometry_v15_20260930,4327fe4ece9317f6fd20fad18389a71e9b1f423b,32,True,1.035519206548618,1.035519206548618,a4c8520eb44c75ea3099cdbac825d88d37c40066ff07f2408368c63f9fadfabc,,control,4.021409174138534,probe,full_posterior,4096,1.0803899280344265,0.9904398360457384,0.022598282661041857,0.022730872252352274,128,8192,135168,q_A,1,1.0,reference_production_4|sel=2048,2d18a154c082aebdf0c7dff9779adbab12358b1b72ad29a412f3643b39e3fb64,shallow_m4096_r1,True,,,
2,shallow,64,True,final_geometry_v15_20260930,4327fe4ece9317f6fd20fad18389a71e9b1f423b,32,True,0.970852360865148,0.970852360865148,a4c8520eb44c75ea3099cdbac825d88d37c40066ff07f2408368c63f9fadfabc,,control,3.433768466093514,probe,full_posterior,4096,1.0122891731875268,0.9279036436083032,0.022505285741326788,0.02086645937481191,128,8192,135168,q_W,1,1.0,reference_production_4|sel=2048,2d18a154c082aebdf0c7dff9779adbab12358b1b72ad29a412f3643b39e3fb64,shallow_m4096_r1,True,,,
2,shallow,64,True,final_geometry_v15_20260930,4327fe4ece9317f6fd20fad18389a71e9b1f423b,32,True,0.295116703511699,0.295116703511699,a4c8520eb44c75ea3099cdbac825d88d37c40066ff07f2408368c63f9fadfabc,,loss,,family,full_posterior,4096,0.3085099150476306,0.2827172939706587,0.006563866105885329,0.006231608571735234,128,8192,135168,,1,1.0,reference_production_4|sel=2048,2d18a154c082aebdf0c7dff9779adbab12358b1b72ad29a412f3643b39e3fb64,shallow_m4096_r1,True,V,V,"{""V"": 1.0}"
2,shallow,32,True,final_geometry_v15_20260930,4327fe4ece9317f6fd20fad18389a71e9b1f423b,32,True,0.3758507867294071,0.3758507867294071,a4c8520eb44c75ea3099cdbac825d88d37c40066ff07f2408368c63f9fadfabc,,train_logit,,family,full_posterior,4096,0.3878559696766869,0.3467661986566701,0.012177470638250249,0.012027100560541166,128,8192,135168,,1,1.0,reference_production_4|sel=2048,2d18a154c082aebdf0c7dff9779adbab12358b1b72ad29a412f3643b39e3fb64,shallow_m4096_r1,True,train_logit_64,train_logit_64,"{""train_logit_0"": 0.01, ""train_logit_64"": 0.765, ""train_logit_96"": 0.225}"
2,shallow,32,True,final_geometry_v15_20260930,4327fe4ece9317f6fd20fad18389a71e9b1f423b,32,True,0.452072347406154,0.452072347406154,a4c8520eb44c75ea3099cdbac825d88d37c40066ff07f2408368c63f9fadfabc,,interaction,,family,full_posterior,4096,0.4865789620796905,0.42860078646542377,0.01528979684442414,0.017325083496544748,128,8192,135168,,1,1.0,reference_production_4|sel=2048,2d18a154c082aebdf0c7dff9779adbab12358b1b72ad29a412f3643b39e3fb64,shallow_m4096_r1,True,interaction_3,interaction_2,"{""interaction_0"": 0.18, ""interaction_1"": 0.20875, ""interaction_2"": 0.34875, ""interaction_3"": 0.2625}"
2,shallow,64,True,final_geometry_v15_20260930,4327fe4ece9317f6fd20fad18389a71e9b1f423b,32,True,0.28948209605502845,0.28948209605502845,e6c2b29c8d23ffd4b35abeadcb98a15ed903ffdf4eae4b6206deea1eca98cb13,,loss,3.2461783952149057,probe,full_posterior,4096,0.30227540475395653,0.2787258428794349,0.005828552968641841,0.005754938160971647,128,8192,135168,V,2,1.0,reference_production_4|sel=2048,8c615bef38ec1c9a9068713982d858e21e32dae4d6bf4d65ddce5685b8944212,shallow_m4096_r2,True,,,
2,shallow,32,True,final_geometry_v15_20260930,4327fe4ece9317f6fd20fad18389a71e9b1f423b,32,True,0.3735331346492151,0.3735331346492151,e6c2b29c8d23ffd4b35abeadcb98a15ed903ffdf4eae4b6206deea1eca98cb13,,train_logit,1.6600870343931804,probe,full_posterior,4096,0.38724416568615766,0.36066046993439843,0.006326528821662917,0.005676364993219594,128,8192,135168,train_logit_0,2,1.0,reference_production_4|sel=2048,8c615bef38ec1c9a9068713982d858e21e32dae4d6bf4d65ddce5685b8944212,shallow_m4096_r2,True,,,
2,shallow,32,True,final_geometry_v15_20260930,4327fe4ece9317f6fd20fad18389a71e9b1f423b,32,True,0.3329180789687145,0.3329180789687145,e6c2b29c8d23ffd4b35abeadcb98a15ed903ffdf4eae4b6206deea1eca98cb13,,train_logit,1.7609492192352123,probe,full_posterior,4096,0.34277098180668486,0.3232857486617562,0.005260804760560677,0.005699231393836859,128,8192,135168,train_logit_32,2,1.0,reference_production_4|sel=2048,8c615bef38ec1c9a9068713982d858e21e32dae4d6bf4d65ddce5685b8944212,shallow_m4096_r2,True,,,
2,shallow,32,True,final_geometry_v15_20260930,4327fe4ece9317f6fd20fad18389a71e9b1f423b,32,True,0.3507997506696157,0.3507997506696157,e6c2b29c8d23ffd4b35abeadcb98a15ed903ffdf4eae4b6206deea1eca98cb13,,train_logit,1.8416988091126012,probe,full_posterior,4096,0.3603387546016093,0.33953932027972017,0.005245448232843309,0.005423225309782639,128,8192,135168,train_logit_64,2,1.0,reference_production_4|sel=2048,8c615bef38ec1c9a9068713982d858e21e32dae4d6bf4d65ddce5685b8944212,shallow_m4096_r2,True,,,
2,shallow,32,True,final_geometry_v15_20260930,4327fe4ece9317f6fd20fad18389a71e9b1f423b,32,True,0.33328431130847674,0.33328431130847674,e6c2b29c8d23ffd4b35abeadcb98a15ed903ffdf4eae4b6206deea1eca98cb13,,train_logit,1.7534638382666579,probe,full_posterior,4096,0.3429870980664019,0.3234172057193203,0.005351367306297091,0.005455777137935056,128,8192,135168,train_logit_96,2,1.0,reference_production_4|sel=2048,8c615bef38ec1c9a9068713982d858e21e32dae4d6bf4d65ddce5685b8944212,shallow_m4096_r2,True,,,
2,shallow,32,True,final_geometry_v15_20260930,4327fe4ece9317f6fd20fad18389a71e9b1f423b,32,True,0.4678278566233975,0.4678278566233975,e6c2b29c8d23ffd4b35abeadcb98a15ed903ffdf4eae4b6206deea1eca98cb13,,interaction,1.8042993590344238,probe,full_posterior,4096,0.4887829392828012,0.44388806112241785,0.011423899504066208,0.011352744681717025,128,8192,135168,interaction_0,2,1.0,reference_production_4|sel=2048,8c615bef38ec1c9a9068713982d858e21e32dae4d6bf4d65ddce5685b8944212,shallow_m4096_r2,True,,,
2,shallow,32,True,final_geometry_v15_20260930,4327fe4ece9317f6fd20fad18389a71e9b1f423b,32,True,0.4505660124959971,0.4505660124959971,e6c2b29c8d23ffd4b35abeadcb98a15ed903ffdf4eae4b6206deea1eca98cb13,,interaction,1.8206604071980343,probe,full_posterior,4096,0.4698872912461704,0.4276375598107187,0.01083510010343149,0.011122881600834205,128,8192,135168,interaction_1,2,1.0,reference_production_4|sel=2048,8c615bef38ec1c9a9068713982d858e21e32dae4d6bf4d65ddce5685b8944212,shallow_m4096_r2,True,,,
2,shallow,32,True,final_geometry_v15_20260930,4327fe4ece9317f6fd20fad18389a71e9b1f423b,32,True,0.46609105484052055,0.46609105484052055,e6c2b29c8d23ffd4b35abeadcb98a15ed903ffdf4eae4b6206deea1eca98cb13,,interaction,1.8378760494301132,probe,full_posterior,4096,0.4886717259767471,0.4432844629331684,0.012207279682190791,0.012192248623488968,128,8192,135168,interaction_2,2,1.0,reference_production_4|sel=2048,8c615bef38ec1c9a9068713982d858e21e32dae4d6bf4d65ddce5685b8944212,shallow_m4096_r2,True,,,
2,shallow,32,True,final_geometry_v15_20260930,4327fe4ece9317f6fd20fad18389a71e9b1f423b,32,True,0.4581838358782734,0.4581838358782734,e6c2b29c8d23ffd4b35abeadcb98a15ed903ffdf4eae4b6206deea1eca98cb13,,interaction,1.9329839782594254,probe,full_posterior,4096,0.4837624659046394,0.43834376718221446,0.011836665783800406,0.01195620280201175,128,8192,135168,interaction_3,2,1.0,reference_production_4|sel=2048,8c615bef38ec1c9a9068713982d858e21e32dae4d6bf4d65ddce5685b8944212,shallow_m4096_r2,True,,,
2,shallow,64,True,final_geometry_v15_20260930,4327fe4ece9317f6fd20fad18389a71e9b1f423b,32,True,0.99159443057572,0.99159443057572,e6c2b29c8d23ffd4b35abeadcb98a15ed903ffdf4eae4b6206deea1eca98cb13,,control,3.310883075973327,probe,full_posterior,4096,1.0340517621104357,0.9537196144393224,0.020797059332922033,0.0218200162530184,128,8192,135168,q_A,2,1.0,reference_production_4|sel=2048,8c615bef38ec1c9a9068713982d858e21e32dae4d6bf4d65ddce5685b8944212,shallow_m4096_r2,True,,,
2,shallow,32,True,final_geometry_v15_20260930,4327fe4ece9317f6fd20fad18389a71e9b1f423b,32,True,0.9914882790229295,0.9914882790229295,e6c2b29c8d23ffd4b35abeadcb98a15ed903ffdf4eae4b6206deea1eca98cb13,,control,3.088096756576345,probe,full_posterior,4096,1.0350503538702076,0.9534898629075174,0.020103697109618325,0.020129468967604026,128,8192,135168,q_W,2,1.0,reference_production_4|sel=2048,8c615bef38ec1c9a9068713982d858e21e32dae4d6bf4d65ddce5685b8944212,shallow_m4096_r2,True,,,
2,shallow,64,True,final_geometry_v15_20260930,4327fe4ece9317f6fd20fad18389a71e9b1f423b,32,True,0.2894348070000271,0.2894348070000271,e6c2b29c8d23ffd4b35abeadcb98a15ed903ffdf4eae4b6206deea1eca98cb13,,loss,,family,full_posterior,4096,0.30129681717232315,0.27840289670252916,0.005940431097408635,0.005541576937075984,128,8192,135168,,2,1.0,reference_production_4|sel=2048,8c615bef38ec1c9a9068713982d858e21e32dae4d6bf4d65ddce5685b8944212,shallow_m4096_r2,True,V,V,"{""V"": 1.0}"
2,shallow,32,True,final_geometry_v15_20260930,4327fe4ece9317f6fd20fad18389a71e9b1f423b,32,True,0.3735298615371686,0.3735298615371686,e6c2b29c8d23ffd4b35abeadcb98a15ed903ffdf4eae4b6206deea1eca98cb13,,train_logit,,family,full_posterior,4096,0.38438454796820004,0.34712391794660247,0.009602858732713439,0.00906618685923923,128,8192,135168,,2,1.0,reference_production_4|sel=2048,8c615bef38ec1c9a9068713982d858e21e32dae4d6bf4d65ddce5685b8944212,shallow_m4096_r2,True,train_logit_0,train_logit_0,"{""train_logit_0"": 0.9275, ""train_logit_32"": 0.00125, ""train_logit_64"": 0.07125}"
2,shallow,32,True,final_geometry_v15_20260930,4327fe4ece9317f6fd20fad18389a71e9b1f423b,32,True,0.44637056569070377,0.44637056569070377,e6c2b29c8d23ffd4b35abeadcb98a15ed903ffdf4eae4b6206deea1eca98cb13,,interaction,,family,full_posterior,4096,0.48381163604308686,0.4283246779390767,0.013885332278576863,0.014405733452386132,128,8192,135168,,2,1.0,reference_production_4|sel=2048,8c615bef38ec1c9a9068713982d858e21e32dae4d6bf4d65ddce5685b8944212,shallow_m4096_r2,True,interaction_3,interaction_2,"{""interaction_0"": 0.275, ""interaction_1"": 0.045, ""interaction_2"": 0.415, ""interaction_3"": 0.265}"
3,deep,64,True,final_geometry_v15_20260930,4327fe4ece9317f6fd20fad18389a71e9b1f423b,32,True,0.29332911760764896,0.29332911760764896,071497a7f547de114b6f2eeaaf1cb152a2fd795c199819aa3d61b7557d1389dc,,loss,4.950355947265727,probe,full_posterior,32,0.3090913580606544,0.2805755128312409,0.007473486067115738,0.008561517432386598,128,8192,2080,V,0,1.0,reference_production_4|sel=2048,af056e127c02b019412d5384149e30d1e6c85b146336ef076ef6b326c05fe260,deep_m0032_r0,True,,,
3,deep,32,True,final_geometry_v15_20260930,4327fe4ece9317f6fd20fad18389a71e9b1f423b,32,True,0.2603898079377767,0.2603898079377767,071497a7f547de114b6f2eeaaf1cb152a2fd795c199819aa3d61b7557d1389dc,,train_logit,2.4059201175131015,probe,full_posterior,32,0.2703122634946322,0.2522739261308788,0.0047685933650995814,0.004829301439917947,128,8192,2080,train_logit_0,0,1.0,reference_production_4|sel=2048,af056e127c02b019412d5384149e30d1e6c85b146336ef076ef6b326c05fe260,deep_m0032_r0,True,,,
3,deep,32,True,final_geometry_v15_20260930,4327fe4ece9317f6fd20fad18389a71e9b1f423b,32,True,0.2568409293629078,0.2568409293629078,071497a7f547de114b6f2eeaaf1cb152a2fd795c199819aa3d61b7557d1389dc,,train_logit,2.1051121716288996,probe,full_posterior,32,0.2647388290358042,0.24796209961529103,0.004414972866165818,0.004679777181979413,128,8192,2080,train_logit_32,0,1.0,reference_production_4|sel=2048,af056e127c02b019412d5384149e30d1e6c85b146336ef076ef6b326c05fe260,deep_m0032_r0,True,,,
3,deep,32,True,final_geometry_v15_20260930,4327fe4ece9317f6fd20fad18389a71e9b1f423b,32,True,0.2490598601984699,0.2490598601984699,071497a7f547de114b6f2eeaaf1cb152a2fd795c199819aa3d61b7557d1389dc,,train_logit,2.234848022353424,probe,full_posterior,32,0.2575554258500702,0.2405833810478459,0.004353354095582134,0.0044633007361015555,128,8192,2080,train_logit_64,0,1.0,reference_production_4|sel=2048,af056e127c02b019412d5384149e30d1e6c85b146336ef076ef6b326c05fe260,deep_m0032_r0,True,,,
3,deep,32,True,final_geometry_v15_20260930,4327fe4ece9317f6fd20fad18389a71e9b1f423b,32,True,0.25710000392093263,0.25710000392093263,071497a7f547de114b6f2eeaaf1cb152a2fd795c199819aa3d61b7557d1389dc,,train_logit,2.2592523284507964,probe,full_posterior,32,0.2654302193877489,0.24890675213729796,0.004302561115408448,0.0041497840040507165,128,8192,2080,train_logit_96,0,1.0,reference_production_4|sel=2048,af056e127c02b019412d5384149e30d1e6c85b146336ef076ef6b326c05fe260,deep_m0032_r0,True,,,
3,deep,32,True,final_geometry_v15_20260930,4327fe4ece9317f6fd20fad18389a71e9b1f423b,32,True,0.5045375295171239,0.5045375295171239,071497a7f547de114b6f2eeaaf1cb152a2fd795c199819aa3d61b7557d1389dc,,interaction,2.289869125561744,probe,full_posterior,32,0.5284835953081932,0.4832675232584433,0.011536334153230117,0.012024903516512869,128,8192,2080,interaction_0,0,1.0,reference_production_4|sel=2048,af056e127c02b019412d5384149e30d1e6c85b146336ef076ef6b326c05fe260,deep_m0032_r0,True,,,
3,deep,32,True,final_geometry_v15_20260930,4327fe4ece9317f6fd20fad18389a71e9b1f423b,32,True,0.48906572523282393,0.48906572523282393,071497a7f547de114b6f2eeaaf1cb152a2fd795c199819aa3d61b7557d1389dc,,interaction,2.220858050686114,probe,full_posterior,32,0.5146650868444643,0.46438008347765614,0.012873338027562348,0.012163605928449102,128,8192,2080,interaction_1,0,1.0,reference_production_4|sel=2048,af056e127c02b019412d5384149e30d1e6c85b146336ef076ef6b326c05fe260,deep_m0032_r0,True,,,
3,deep,32,True,final_geometry_v15_20260930,4327fe4ece9317f6fd20fad18389a71e9b1f423b,32,True,0.4889421325429387,0.4889421325429387,071497a7f547de114b6f2eeaaf1cb152a2fd795c199819aa3d61b7557d1389dc,,interaction,2.278276961897201,probe,full_posterior,32,0.5116953397310059,0.4653822443661446,0.011962457049418486,0.011766973929166116,128,8192,2080,interaction_2,0,1.0,reference_production_4|sel=2048,af056e127c02b019412d5384149e30d1e6c85b146336ef076ef6b326c05fe260,deep_m0032_r0,True,,,
3,deep,32,True,final_geometry_v15_20260930,4327fe4ece9317f6fd20fad18389a71e9b1f423b,32,True,0.4989205341249738,0.4989205341249738,071497a7f547de114b6f2eeaaf1cb152a2fd795c199819aa3d61b7557d1389dc,,interaction,2.496886209291245,probe,full_posterior,32,0.528611753987158,0.4721610410956022,0.015049669985589705,0.015701764913981425,128,8192,2080,interaction_3,0,1.0,reference_production_4|sel=2048,af056e127c02b019412d5384149e30d1e6c85b146336ef076ef6b326c05fe260,deep_m0032_r0,True,,,
3,deep,64,True,final_geometry_v15_20260930,4327fe4ece9317f6fd20fad18389a71e9b1f423b,32,True,1.1118320647258255,1.1118320647258255,071497a7f547de114b6f2eeaaf1cb152a2fd795c199819aa3d61b7557d1389dc,,control,4.829364544732744,probe,full_posterior,32,1.166420892599137,1.0669864552082713,0.026059254065036414,0.027722153683107195,128,8192,2080,q_A,0,1.0,reference_production_4|sel=2048,af056e127c02b019412d5384149e30d1e6c85b146336ef076ef6b326c05fe260,deep_m0032_r0,True,,,
3,deep,64,True,final_geometry_v15_20260930,4327fe4ece9317f6fd20fad18389a71e9b1f423b,32,True,1.01538630177089,1.01538630177089,071497a7f547de114b6f2eeaaf1cb152a2fd795c199819aa3d61b7557d1389dc,,control,3.3852231650185134,probe,full_posterior,32,1.0544220012622176,0.9841995549861982,0.018146839131962474,0.016743944722762392,128,8192,2080,q_W,0,1.0,reference_production_4|sel=2048,af056e127c02b019412d5384149e30d1e6c85b146336ef076ef6b326c05fe260,deep_m0032_r0,True,,,
3,deep,64,True,final_geometry_v15_20260930,4327fe4ece9317f6fd20fad18389a71e9b1f423b,32,True,0.2933175081563379,0.2933175081563379,071497a7f547de114b6f2eeaaf1cb152a2fd795c199819aa3d61b7557d1389dc,,loss,,family,full_posterior,32,0.3106733786082132,0.28028291297923025,0.007651810991842875,0.008102503249822854,128,8192,2080,,0,1.0,reference_production_4|sel=2048,af056e127c02b019412d5384149e30d1e6c85b146336ef076ef6b326c05fe260,deep_m0032_r0,True,V,V,"{""V"": 1.0}"
3,deep,32,True,final_geometry_v15_20260930,4327fe4ece9317f6fd20fad18389a71e9b1f423b,32,True,0.25453448266308004,0.25453448266308004,071497a7f547de114b6f2eeaaf1cb152a2fd795c199819aa3d61b7557d1389dc,,train_logit,,family,full_posterior,32,0.269427905156653,0.24494295294976334,0.006667692647474479,0.006545620178158096,128,8192,2080,,0,1.0,reference_production_4|sel=2048,af056e127c02b019412d5384149e30d1e6c85b146336ef076ef6b326c05fe260,deep_m0032_r0,True,train_logit_96,train_logit_0,"{""train_logit_0"": 0.5475, ""train_logit_32"": 0.20875, ""train_logit_64"": 0.0125, ""train_logit_96"": 0.23125}"
3,deep,32,True,final_geometry_v15_20260930,4327fe4ece9317f6fd20fad18389a71e9b1f423b,32,True,0.4955502811510365,0.4955502811510365,071497a7f547de114b6f2eeaaf1cb152a2fd795c199819aa3d61b7557d1389dc,,interaction,,family,full_posterior,32,0.5328733367312136,0.46407740033800343,0.018811088869755948,0.01806620805124603,128,8192,2080,,0,1.0,reference_production_4|sel=2048,af056e127c02b019412d5384149e30d1e6c85b146336ef076ef6b326c05fe260,deep_m0032_r0,True,interaction_0,interaction_3,"{""interaction_0"": 0.46125, ""interaction_1"": 0.10125, ""interaction_2"": 0.1225, ""interaction_3"": 0.315}"
3,deep,64,True,final_geometry_v15_20260930,4327fe4ece9317f6fd20fad18389a71e9b1f423b,32,True,0.3300728150576023,0.3300728150576023,6721cf3a15ffb0269838fbcb7b77f74f9873720686bdd8acb5762753278a2ccd,,loss,6.271887817255635,probe,full_posterior,32,0.3442118892476891,0.31248208632440755,0.008581238165564848,0.009038607926621764,128,8192,2080,V,1,1.0,reference_production_4|sel=2048,662315e3af404632a903759afc0db53d7616be0be60d5bbeff2faff490855fed,deep_m0032_r1,True,,,
3,deep,64,True,final_geometry_v15_20260930,4327fe4ece9317f6fd20fad18389a71e9b1f423b,32,True,0.2773439045581421,0.2773439045581421,6721cf3a15ffb0269838fbcb7b77f74f9873720686bdd8acb5762753278a2ccd,,train_logit,3.42212701905493,probe,full_posterior,32,0.2871225897140936,0.26764180929633113,0.004879832056874283,0.004296803125918094,128,8192,2080,train_logit_0,1,1.0,reference_production_4|sel=2048,662315e3af404632a903759afc0db53d7616be0be60d5bbeff2faff490855fed,deep_m0032_r1,True,,,
3,deep,64,True,final_geometry_v15_20260930,4327fe4ece9317f6fd20fad18389a71e9b1f423b,32,True,0.26765063001252604,0.26765063001252604,6721cf3a15ffb0269838fbcb7b77f74f9873720686bdd8acb5762753278a2ccd,,train_logit,3.2020260285913373,probe,full_posterior,32,0.2786246024840021,0.25855821284349045,0.005110903948818511,0.004827420493051889,128,8192,2080,train_logit_32,1,1.0,reference_production_4|sel=2048,662315e3af404632a903759afc0db53d7616be0be60d5bbeff2faff490855fed,deep_m0032_r1,True,,,
3,deep,64,True,final_geometry_v15_20260930,4327fe4ece9317f6fd20fad18389a71e9b1f423b,32,True,0.26381260867458983,0.26381260867458983,6721cf3a15ffb0269838fbcb7b77f74f9873720686bdd8acb5762753278a2ccd,,train_logit,3.449390920629665,probe,full_posterior,32,0.2759246259845418,0.25481517227976064,0.005427256094029718,0.005831801908756583,128,8192,2080,train_logit_64,1,1.0,reference_production_4|sel=2048,662315e3af404632a903759afc0db53d7616be0be60d5bbeff2faff490855fed,deep_m0032_r1,True,,,
3,deep,64,True,final_geometry_v15_20260930,4327fe4ece9317f6fd20fad18389a71e9b1f423b,32,True,0.2768346286911768,0.2768346286911768,6721cf3a15ffb0269838fbcb7b77f74f9873720686bdd8acb5762753278a2ccd,,train_logit,3.3942217414347646,probe,full_posterior,32,0.2872129022201964,0.26755258302470486,0.005047772802074427,0.004690885805959104,128,8192,2080,train_logit_96,1,1.0,reference_production_4|sel=2048,662315e3af404632a903759afc0db53d7616be0be60d5bbeff2faff490855fed,deep_m0032_r1,True,,,
3,deep,64,True,final_geometry_v15_20260930,4327fe4ece9317f6fd20fad18389a71e9b1f423b,32,True,0.5470906641512222,0.5470906641512222,6721cf3a15ffb0269838fbcb7b77f74f9873720686bdd8acb5762753278a2ccd,,interaction,3.8748939123041373,probe,full_posterior,32,0.5899532118805977,0.5104899822608765,0.020310918995927053,0.018899162908346694,128,8192,2080,interaction_0,1,1.0,reference_production_4|sel=2048,662315e3af404632a903759afc0db53d7616be0be60d5bbeff2faff490855fed,deep_m0032_r1,True,,,
3,deep,64,True,final_geometry_v15_20260930,4327fe4ece9317f6fd20fad18389a71e9b1f423b,32,True,0.542986233848701,0.542986233848701,6721cf3a15ffb0269838fbcb7b77f74f9873720686bdd8acb5762753278a2ccd,,interaction,3.7759209482381797,probe,full_posterior,32,0.5787701694036674,0.5053651007626406,0.018777608028424108,0.020601034468501808,128,8192,2080,interaction_1,1,1.0,reference_production_4|sel=2048,662315e3af404632a903759afc0db53d7616be0be60d5bbeff2faff490855fed,deep_m0032_r1,True,,,
3,deep,64,True,final_geometry_v15_20260930,4327fe4ece9317f6fd20fad18389a71e9b1f423b,32,True,0.5701754803535863,0.5701754803535863,6721cf3a15ffb0269838fbcb7b77f74f9873720686bdd8acb5762753278a2ccd,,interaction,3.507920050319388,probe,full_posterior,32,0.6073038322606056,0.5401175429409286,0.017485516260807903,0.019067281105396048,128,8192,2080,interaction_2,1,1.0,reference_production_4|sel=2048,662315e3af404632a903759afc0db53d7616be0be60d5bbeff2faff490855fed,deep_m0032_r1,True,,,
3,deep,64,True,final_geometry_v15_20260930,4327fe4ece9317f6fd20fad18389a71e9b1f423b,32,True,0.544635836596967,0.544635836596967,6721cf3a15ffb0269838fbcb7b77f74f9873720686bdd8acb5762753278a2ccd,,interaction,3.788765175134208,probe,full_posterior,32,0.5756179113231914,0.505649019547709,0.017171737179799584,0.017028368669984494,128,8192,2080,interaction_3,1,1.0,reference_production_4|sel=2048,662315e3af404632a903759afc0db53d7616be0be60d5bbeff2faff490855fed,deep_m0032_r1,True,,,
3,deep,128,,final_geometry_v15_20260930,4327fe4ece9317f6fd20fad18389a71e9b1f423b,32,False,1.2837375888451998,1.2837375888451998,6721cf3a15ffb0269838fbcb7b77f74f9873720686bdd8acb5762753278a2ccd,block_instability;fewer_than_min_blocks,control,7.358109175132329,probe,full_posterior,32,1.348534713824554,1.1912736248837485,0.0412337306972173,,128,8192,2080,q_A,1,1.0,reference_production_4|sel=2048,662315e3af404632a903759afc0db53d7616be0be60d5bbeff2faff490855fed,deep_m0032_r1,False,,,
3,deep,64,True,final_geometry_v15_20260930,4327fe4ece9317f6fd20fad18389a71e9b1f423b,32,True,1.010832411272378,1.010832411272378,6721cf3a15ffb0269838fbcb7b77f74f9873720686bdd8acb5762753278a2ccd,,control,5.030767657124839,probe,full_posterior,32,1.0624857084663786,0.969112716458912,0.023084373126909162,0.022013566520502764,128,8192,2080,q_W,1,1.0,reference_production_4|sel=2048,662315e3af404632a903759afc0db53d7616be0be60d5bbeff2faff490855fed,deep_m0032_r1,True,,,
3,deep,64,True,final_geometry_v15_20260930,4327fe4ece9317f6fd20fad18389a71e9b1f423b,32,True,0.3298271051841615,0.3298271051841615,6721cf3a15ffb0269838fbcb7b77f74f9873720686bdd8acb5762753278a2ccd,,loss,,family,full_posterior,32,0.3437370904984589,0.3117472441824428,0.00843145780533737,0.00819508602779356,128,8192,2080,,1,1.0,reference_production_4|sel=2048,662315e3af404632a903759afc0db53d7616be0be60d5bbeff2faff490855fed,deep_m0032_r1,True,V,V,"{""V"": 1.0}"
3,deep,64,True,final_geometry_v15_20260930,4327fe4ece9317f6fd20fad18389a71e9b1f423b,32,True,0.2702719882025413,0.2702719882025413,6721cf3a15ffb0269838fbcb7b77f74f9873720686bdd8acb5762753278a2ccd,,train_logit,,family,full_posterior,32,0.28340237556039327,0.2569153062384361,0.0067473287135312145,0.006834292073711793,128,8192,2080,,1,1.0,reference_production_4|sel=2048,662315e3af404632a903759afc0db53d7616be0be60d5bbeff2faff490855fed,deep_m0032_r1,True,train_logit_0,train_logit_96,"{""train_logit_0"": 0.42875, ""train_logit_32"": 0.03125, ""train_logit_64"": 0.08, ""train_logit_96"": 0.46}"
3,deep,64,True,final_geometry_v15_20260930,4327fe4ece9317f6fd20fad18389a71e9b1f423b,32,True,0.5050665614733887,0.5050665614733887,6721cf3a15ffb0269838fbcb7b77f74f9873720686bdd8acb5762753278a2ccd,,interaction,,family,full_posterior,32,0.5988440506840994,0.4791861809046179,0.030265173192179293,0.03228773803221643,128,8192,2080,,1,1.0,reference_production_4|sel=2048,662315e3af404632a903759afc0db53d7616be0be60d5bbeff2faff490855fed,deep_m0032_r1,True,interaction_3,interaction_1,"{""interaction_0"": 0.125, ""interaction_1"": 0.31125, ""interaction_2"": 0.33875, ""interaction_3"": 0.225}"
3,deep,64,True,final_geometry_v15_20260930,4327fe4ece9317f6fd20fad18389a71e9b1f423b,32,True,0.308601221409868,0.308601221409868,65b30b0b57ac50414e4fd1cff544dfa82cab9889fc969809389e547640c66749,,loss,5.217512279775349,probe,full_posterior,32,0.3279486339087458,0.29237748521771184,0.00884100266776883,0.009696571046951716,128,8192,2080,V,2,1.0,reference_production_4|sel=2048,e1bd5b82d8da839a2fc5ffa8fd46793eab0e499a09e69bcda3048c51750c1a05,deep_m0032_r2,True,,,
3,deep,32,True,final_geometry_v15_20260930,4327fe4ece9317f6fd20fad18389a71e9b1f423b,32,True,0.2814463294291845,0.2814463294291845,65b30b0b57ac50414e4fd1cff544dfa82cab9889fc969809389e547640c66749,,train_logit,2.305247312469583,probe,full_posterior,32,0.29331054902924786,0.2717114589000905,0.00512632391747421,0.005047559093580731,128,8192,2080,train_logit_0,2,1.0,reference_production_4|sel=2048,e1bd5b82d8da839a2fc5ffa8fd46793eab0e499a09e69bcda3048c51750c1a05,deep_m0032_r2,True,,,
3,deep,32,True,final_geometry_v15_20260930,4327fe4ece9317f6fd20fad18389a71e9b1f423b,32,True,0.24810952416041146,0.24810952416041146,65b30b0b57ac50414e4fd1cff544dfa82cab9889fc969809389e547640c66749,,train_logit,2.390347549479004,probe,full_posterior,32,0.2567253309681246,0.24067206493581572,0.004022987299592343,0.004079599154350725,128,8192,2080,train_logit_32,2,1.0,reference_production_4|sel=2048,e1bd5b82d8da839a2fc5ffa8fd46793eab0e499a09e69bcda3048c51750c1a05,deep_m0032_r2,True,,,
3,deep,32,True,final_geometry_v15_20260930,4327fe4ece9317f6fd20fad18389a71e9b1f423b,32,True,0.25242551958131393,0.25242551958131393,65b30b0b57ac50414e4fd1cff544dfa82cab9889fc969809389e547640c66749,,train_logit,2.4346727072248897,probe,full_posterior,32,0.2610816702826744,0.24412474217395522,0.004175384298937919,0.004090168275340142,128,8192,2080,train_logit_64,2,1.0,reference_production_4|sel=2048,e1bd5b82d8da839a2fc5ffa8fd46793eab0e499a09e69bcda3048c51750c1a05,deep_m0032_r2,True,,,
3,deep,32,True,final_geometry_v15_20260930,4327fe4ece9317f6fd20fad18389a71e9b1f423b,32,True,0.26067460240445917,0.26067460240445917,65b30b0b57ac50414e4fd1cff544dfa82cab9889fc969809389e547640c66749,,train_logit,2.520942162289947,probe,full_posterior,32,0.2703706987829305,0.2509530426532673,0.004974409100555291,0.005209816344519672,128,8192,2080,train_logit_96,2,1.0,reference_production_4|sel=2048,e1bd5b82d8da839a2fc5ffa8fd46793eab0e499a09e69bcda3048c51750c1a05,deep_m0032_r2,True,,,
3,deep,32,True,final_geometry_v15_20260930,4327fe4ece9317f6fd20fad18389a71e9b1f423b,32,True,0.5053076662881796,0.5053076662881796,65b30b0b57ac50414e4fd1cff544dfa82cab9889fc969809389e547640c66749,,interaction,2.5431380342169456,probe,full_posterior,32,0.5335474849230678,0.4782965145730914,0.014047718194005264,0.013193848038945263,128,8192,2080,interaction_0,2,1.0,reference_production_4|sel=2048,e1bd5b82d8da839a2fc5ffa8fd46793eab0e499a09e69bcda3048c51750c1a05,deep_m0032_r2,True,,,
3,deep,32,True,final_geometry_v15_20260930,4327fe4ece9317f6fd20fad18389a71e9b1f423b,32,True,0.5217522318980096,0.5217522318980096,65b30b0b57ac50414e4fd1cff544dfa82cab9889fc969809389e547640c66749,,interaction,2.7016032107722685,probe,full_posterior,32,0.5537104907138556,0.49423676825184226,0.015645808503329976,0.015796322784969098,128,8192,2080,interaction_1,2,1.0,reference_production_4|sel=2048,e1bd5b82d8da839a2fc5ffa8fd46793eab0e499a09e69bcda3048c51750c1a05,deep_m0032_r2,True,,,
3,deep,32,True,final_geometry_v15_20260930,4327fe4ece9317f6fd20fad18389a71e9b1f423b,32,True,0.5011710305066005,0.5011710305066005,65b30b0b57ac50414e4fd1cff544dfa82cab9889fc969809389e547640c66749,,interaction,2.4958089782616955,probe,full_posterior,32,0.5367087480411077,0.47361945126372346,0.015902870147614094,0.01622125677681538,128,8192,2080,interaction_2,2,1.0,reference_production_4|sel=2048,e1bd5b82d8da839a2fc5ffa8fd46793eab0e499a09e69bcda3048c51750c1a05,deep_m0032_r2,True,,,
3,deep,32,True,final_geometry_v15_20260930,4327fe4ece9317f6fd20fad18389a71e9b1f423b,32,True,0.4912721708672065,0.4912721708672065,65b30b0b57ac50414e4fd1cff544dfa82cab9889fc969809389e547640c66749,,interaction,3.078018770560282,probe,full_posterior,32,0.5178319568177471,0.4637495423576031,0.013949134489912873,0.013657956404096332,128,8192,2080,interaction_3,2,1.0,reference_production_4|sel=2048,e1bd5b82d8da839a2fc5ffa8fd46793eab0e499a09e69bcda3048c51750c1a05,deep_m0032_r2,True,,,
3,deep,64,True,final_geometry_v15_20260930,4327fe4ece9317f6fd20fad18389a71e9b1f423b,32,True,1.147427193720159,1.147427193720159,65b30b0b57ac50414e4fd1cff544dfa82cab9889fc969809389e547640c66749,,control,5.3716485265173155,probe,full_posterior,32,1.1959901068934173,1.0891420502886422,0.0285394903320763,0.02745708264791149,128,8192,2080,q_A,2,1.0,reference_production_4|sel=2048,e1bd5b82d8da839a2fc5ffa8fd46793eab0e499a09e69bcda3048c51750c1a05,deep_m0032_r2,True,,,
3,deep,64,True,final_geometry_v15_20260930,4327fe4ece9317f6fd20fad18389a71e9b1f423b,32,True,1.028564762361679,1.028564762361679,65b30b0b57ac50414e4fd1cff544dfa82cab9889fc969809389e547640c66749,,control,4.179715670820853,probe,full_posterior,32,1.0690466238034453,0.9789457847742248,0.022793585487932026,0.022554949615200822,128,8192,2080,q_W,2,1.0,reference_production_4|sel=2048,e1bd5b82d8da839a2fc5ffa8fd46793eab0e499a09e69bcda3048c51750c1a05,deep_m0032_r2,True,,,
3,deep,64,True,final_geometry_v15_20260930,4327fe4ece9317f6fd20fad18389a71e9b1f423b,32,True,0.307790714028474,0.307790714028474,65b30b0b57ac50414e4fd1cff544dfa82cab9889fc969809389e547640c66749,,loss,,family,full_posterior,32,0.32421023360244744,0.2904834878686739,0.008864829648159185,0.008801030711449812,128,8192,2080,,2,1.0,reference_production_4|sel=2048,e1bd5b82d8da839a2fc5ffa8fd46793eab0e499a09e69bcda3048c51750c1a05,deep_m0032_r2,True,V,V,"{""V"": 1.0}"
3,deep,32,True,final_geometry_v15_20260930,4327fe4ece9317f6fd20fad18389a71e9b1f423b,32,True,0.28139572853293987,0.28139572853293987,65b30b0b57ac50414e4fd1cff544dfa82cab9889fc969809389e547640c66749,,train_logit,,family,full_posterior,32,0.290548154137823,0.26646699417361464,0.0060371284487239,0.005660102115995013,128,8192,2080,,2,1.0,reference_production_4|sel=2048,e1bd5b82d8da839a2fc5ffa8fd46793eab0e499a09e69bcda3048c51750c1a05,deep_m0032_r2,True,train_logit_0,train_logit_0,"{""train_logit_0"": 0.97875, ""train_logit_32"": 0.00125, ""train_logit_96"": 0.02}"
3,deep,32,True,final_geometry_v15_20260930,4327fe4ece9317f6fd20fad18389a71e9b1f423b,32,True,0.5217912532828126,0.5217912532828126,65b30b0b57ac50414e4fd1cff544dfa82cab9889fc969809389e547640c66749,,interaction,,family,full_posterior,32,0.5522078029724844,0.46973823810884635,0.022067083082304755,0.02023312585789297,128,8192,2080,,2,1.0,reference_production_4|sel=2048,e1bd5b82d8da839a2fc5ffa8fd46793eab0e499a09e69bcda3048c51750c1a05,deep_m0032_r2,True,interaction_1,interaction_1,"{""interaction_0"": 0.21375, ""interaction_1"": 0.5075, ""interaction_2"": 0.19875, ""interaction_3"": 0.08}"
3,deep,64,True,final_geometry_v15_20260930,4327fe4ece9317f6fd20fad18389a71e9b1f423b,32,True,0.26557673491886374,0.26557673491886374,582185fc3a63bb8ee4cc6edb165a558242aa23b7077f582a1e27f80fe240acd0,,loss,3.5014483607523474,probe,full_posterior,64,0.2766434528434348,0.25562550140933704,0.005421938188867415,0.005509031560046567,128,8192,6208,V,0,1.0,reference_production_4|sel=2048,981c8c16f8288893162866a44dc7f238a562d94baba61c4736c9e2c0a9aaafac,deep_m0064_r0,True,,,
3,deep,32,True,final_geometry_v15_20260930,4327fe4ece9317f6fd20fad18389a71e9b1f423b,32,True,0.24614804624934852,0.24614804624934852,582185fc3a63bb8ee4cc6edb165a558242aa23b7077f582a1e27f80fe240acd0,,train_logit,1.7827132933010201,probe,full_posterior,64,0.25423156980785344,0.2388691906829174,0.003732556803639101,0.003988774360174818,128,8192,6208,train_logit_0,0,1.0,reference_production_4|sel=2048,981c8c16f8288893162866a44dc7f238a562d94baba61c4736c9e2c0a9aaafac,deep_m0064_r0,True,,,
3,deep,32,True,final_geometry_v15_20260930,4327fe4ece9317f6fd20fad18389a71e9b1f423b,32,True,0.2538454151928578,0.2538454151928578,582185fc3a63bb8ee4cc6edb165a558242aa23b7077f582a1e27f80fe240acd0,,train_logit,1.825959213077148,probe,full_posterior,64,0.26180060890863,0.24609407865517838,0.004079704798901715,0.004580583541603364,128,8192,6208,train_logit_32,0,1.0,reference_production_4|sel=2048,981c8c16f8288893162866a44dc7f238a562d94baba61c4736c9e2c0a9aaafac,deep_m0064_r0,True,,,
3,deep,32,True,final_geometry_v15_20260930,4327fe4ece9317f6fd20fad18389a71e9b1f423b,32,True,0.2526855897860956,0.2526855897860956,582185fc3a63bb8ee4cc6edb165a558242aa23b7077f582a1e27f80fe240acd0,,train_logit,1.7867361332682157,probe,full_posterior,64,0.2617001313558799,0.24420536618931996,0.004637847167760453,0.004340818118440405,128,8192,6208,train_logit_64,0,1.0,reference_production_4|sel=2048,981c8c16f8288893162866a44dc7f238a562d94baba61c4736c9e2c0a9aaafac,deep_m0064_r0,True,,,
3,deep,32,True,final_geometry_v15_20260930,4327fe4ece9317f6fd20fad18389a71e9b1f423b,32,True,0.25635427202608474,0.25635427202608474,582185fc3a63bb8ee4cc6edb165a558242aa23b7077f582a1e27f80fe240acd0,,train_logit,1.914858339803871,probe,full_posterior,64,0.2652742752606809,0.2488734175468385,0.004190199131831532,0.004269027031786537,128,8192,6208,train_logit_96,0,1.0,reference_production_4|sel=2048,981c8c16f8288893162866a44dc7f238a562d94baba61c4736c9e2c0a9aaafac,deep_m0064_r0,True,,,
3,deep,32,True,final_geometry_v15_20260930,4327fe4ece9317f6fd20fad18389a71e9b1f423b,32,True,0.44540258870840144,0.44540258870840144,582185fc3a63bb8ee4cc6edb165a558242aa23b7077f582a1e27f80fe240acd0,,interaction,2.0637485490769762,probe,full_posterior,64,0.4689056439906209,0.42409823470533714,0.01176161044999078,0.009988158475515449,128,8192,6208,interaction_0,0,1.0,reference_production_4|sel=2048,981c8c16f8288893162866a44dc7f238a562d94baba61c4736c9e2c0a9aaafac,deep_m0064_r0,True,,,
3,deep,32,True,final_geometry_v15_20260930,4327fe4ece9317f6fd20fad18389a71e9b1f423b,32,True,0.45772407112751246,0.45772407112751246,582185fc3a63bb8ee4cc6edb165a558242aa23b7077f582a1e27f80fe240acd0,,interaction,2.1375627065516163,probe,full_posterior,64,0.4815599043682617,0.4396401776175146,0.011275813608223011,0.011159165365496878,128,8192,6208,interaction_1,0,1.0,reference_production_4|sel=2048,981c8c16f8288893162866a44dc7f238a562d94baba61c4736c9e2c0a9aaafac,deep_m0064_r0,True,,,
3,deep,32,True,final_geometry_v15_20260930,4327fe4ece9317f6fd20fad18389a71e9b1f423b,32,True,0.4872003809469625,0.4872003809469625,582185fc3a63bb8ee4cc6edb165a558242aa23b7077f582a1e27f80fe240acd0,,interaction,2.3418074662251485,probe,full_posterior,64,0.5163829171535292,0.45899451155191673,0.014404398620750773,0.01324769935361335,128,8192,6208,interaction_2,0,1.0,reference_production_4|sel=2048,981c8c16f8288893162866a44dc7f238a562d94baba61c4736c9e2c0a9aaafac,deep_m0064_r0,True,,,
3,deep,32,True,final_geometry_v15_20260930,4327fe4ece9317f6fd20fad18389a71e9b1f423b,32,True,0.4659786348183,0.4659786348183,582185fc3a63bb8ee4cc6edb165a558242aa23b7077f582a1e27f80fe240acd0,,interaction,2.0045552168189884,probe,full_posterior,64,0.4880197631351725,0.4443861274537864,0.011399823431312515,0.010638838389337223,128,8192,6208,interaction_3,0,1.0,reference_production_4|sel=2048,981c8c16f8288893162866a44dc7f238a562d94baba61c4736c9e2c0a9aaafac,deep_m0064_r0,True,,,
3,deep,64,True,final_geometry_v15_20260930,4327fe4ece9317f6fd20fad18389a71e9b1f423b,32,True,1.059465572882712,1.059465572882712,582185fc3a63bb8ee4cc6edb165a558242aa23b7077f582a1e27f80fe240acd0,,control,3.9261054118463528,probe,full_posterior,64,1.1082861390982015,1.0165305148225994,0.02419606698673975,0.024887651238543283,128,8192,6208,q_A,0,1.0,reference_production_4|sel=2048,981c8c16f8288893162866a44dc7f238a562d94baba61c4736c9e2c0a9aaafac,deep_m0064_r0,True,,,
3,deep,64,True,final_geometry_v15_20260930,4327fe4ece9317f6fd20fad18389a71e9b1f423b,32,True,0.9902310296377052,0.9902310296377052,582185fc3a63bb8ee4cc6edb165a558242aa23b7077f582a1e27f80fe240acd0,,control,3.4118634327435897,probe,full_posterior,64,1.0248655620329985,0.948492584689519,0.01977429692620863,0.019237532763550086,128,8192,6208,q_W,0,1.0,reference_production_4|sel=2048,981c8c16f8288893162866a44dc7f238a562d94baba61c4736c9e2c0a9aaafac,deep_m0064_r0,True,,,
3,deep,64,True,final_geometry_v15_20260930,4327fe4ece9317f6fd20fad18389a71e9b1f423b,32,True,0.26501433258931595,0.26501433258931595,582185fc3a63bb8ee4cc6edb165a558242aa23b7077f582a1e27f80fe240acd0,,loss,,family,full_posterior,64,0.27498639766009064,0.25497730396213497,0.0054854559355207,0.005550839562756833,128,8192,6208,,0,1.0,reference_production_4|sel=2048,981c8c16f8288893162866a44dc7f238a562d94baba61c4736c9e2c0a9aaafac,deep_m0064_r0,True,V,V,"{""V"": 1.0}"
3,deep,32,True,final_geometry_v15_20260930,4327fe4ece9317f6fd20fad18389a71e9b1f423b,32,True,0.2520864068364793,0.2520864068364793,582185fc3a63bb8ee4cc6edb165a558242aa23b7077f582a1e27f80fe240acd0,,train_logit,,family,full_posterior,64,0.2654734112187389,0.24186588858040825,0.00612575529205675,0.006152486870795412,128,8192,6208,,0,1.0,reference_production_4|sel=2048,981c8c16f8288893162866a44dc7f238a562d94baba61c4736c9e2c0a9aaafac,deep_m0064_r0,True,train_logit_96,train_logit_64,"{""train_logit_0"": 0.07, ""train_logit_32"": 0.23625, ""train_logit_64"": 0.19875, ""train_logit_96"": 0.495}"
3,deep,32,True,final_geometry_v15_20260930,4327fe4ece9317f6fd20fad18389a71e9b1f423b,32,True,0.4609209850278637,0.4609209850278637,582185fc3a63bb8ee4cc6edb165a558242aa23b7077f582a1e27f80fe240acd0,,interaction,,family,full_posterior,64,0.5093921572657469,0.4230545030934287,0.0238445063786792,0.023049742996188814,128,8192,6208,,0,1.0,reference_production_4|sel=2048,981c8c16f8288893162866a44dc7f238a562d94baba61c4736c9e2c0a9aaafac,deep_m0064_r0,True,interaction_3,interaction_2,"{""interaction_0"": 0.16375, ""interaction_1"": 0.06375, ""interaction_2"": 0.5725, ""interaction_3"": 0.2}"
3,deep,64,True,final_geometry_v15_20260930,4327fe4ece9317f6fd20fad18389a71e9b1f423b,32,True,0.2971533553028761,0.2971533553028761,9e6ac88405fb3b11d6f1ced5dcfbcff994228697799e3d637681f59a96e00b74,,loss,5.297761576379466,probe,full_posterior,64,0.30929162784813524,0.27979431213067085,0.007543549547504325,0.008114762189509007,128,8192,6208,V,1,1.0,reference_production_4|sel=2048,cffc441cee2bd015a78c885c0750263a0ede3b1b8b3eb5af88b7ed906fea8e96,deep_m0064_r1,True,,,
3,deep,32,True,final_geometry_v15_20260930,4327fe4ece9317f6fd20fad18389a71e9b1f423b,32,True,0.275716517702537,0.275716517702537,9e6ac88405fb3b11d6f1ced5dcfbcff994228697799e3d637681f59a96e00b74,,train_logit,2.5519894168159882,probe,full_posterior,64,0.2840399600889375,0.265779840462939,0.004774348835942594,0.004747366888585287,128,8192,6208,train_logit_0,1,1.0,reference_production_4|sel=2048,cffc441cee2bd015a78c885c0750263a0ede3b1b8b3eb5af88b7ed906fea8e96,deep_m0064_r1,True,,,
3,deep,32,True,final_geometry_v15_20260930,4327fe4ece9317f6fd20fad18389a71e9b1f423b,32,True,0.24929414076389478,0.24929414076389478,9e6ac88405fb3b11d6f1ced5dcfbcff994228697799e3d637681f59a96e00b74,,train_logit,2.6154814707520657,probe,full_posterior,64,0.2575944531934737,0.24022992351325848,0.0044035533282687535,0.0046135870602863,128,8192,6208,train_logit_32,1,1.0,reference_production_4|sel=2048,cffc441cee2bd015a78c885c0750263a0ede3b1b8b3eb5af88b7ed906fea8e96,deep_m0064_r1,True,,,
3,deep,32,True,final_geometry_v15_20260930,4327fe4ece9317f6fd20fad18389a71e9b1f423b,32,True,0.27283535053379915,0.27283535053379915,9e6ac88405fb3b11d6f1ced5dcfbcff994228697799e3d637681f59a96e00b74,,train_logit,2.5201270511902,probe,full_posterior,64,0.2827284975093568,0.26346627691173613,0.0047801716869374745,0.005012483441934466,128,8192,6208,train_logit_64,1,1.0,reference_production_4|sel=2048,cffc441cee2bd015a78c885c0750263a0ede3b1b8b3eb5af88b7ed906fea8e96,deep_m0064_r1,True,,,
3,deep,32,True,final_geometry_v15_20260930,4327fe4ece9317f6fd20fad18389a71e9b1f423b,32,True,0.2605375179821572,0.2605375179821572,9e6ac88405fb3b11d6f1ced5dcfbcff994228697799e3d637681f59a96e00b74,,train_logit,2.6942253120442485,probe,full_posterior,64,0.26914411749507455,0.2517118639310506,0.004532284158452294,0.004754609752751234,128,8192,6208,train_logit_96,1,1.0,reference_production_4|sel=2048,cffc441cee2bd015a78c885c0750263a0ede3b1b8b3eb5af88b7ed906fea8e96,deep_m0064_r1,True,,,
3,deep,32,True,final_geometry_v15_20260930,4327fe4ece9317f6fd20fad18389a71e9b1f423b,32,True,0.49231036547895235,0.49231036547895235,9e6ac88405fb3b11d6f1ced5dcfbcff994228697799e3d637681f59a96e00b74,,interaction,2.9676766726446244,probe,full_posterior,64,0.5227137612689889,0.4657225391052495,0.014696522796803953,0.014812614831287294,128,8192,6208,interaction_0,1,1.0,reference_production_4|sel=2048,cffc441cee2bd015a78c885c0750263a0ede3b1b8b3eb5af88b7ed906fea8e96,deep_m0064_r1,True,,,
3,deep,32,True,final_geometry_v15_20260930,4327fe4ece9317f6fd20fad18389a71e9b1f423b,32,True,0.48924808654680585,0.48924808654680585,9e6ac88405fb3b11d6f1ced5dcfbcff994228697799e3d637681f59a96e00b74,,interaction,2.8692335807633835,probe,full_posterior,64,0.5197240655762666,0.46208765796044327,0.015471425172023538,0.014816442862719515,128,8192,6208,interaction_1,1,1.0,reference_production_4|sel=2048,cffc441cee2bd015a78c885c0750263a0ede3b1b8b3eb5af88b7ed906fea8e96,deep_m0064_r1,True,,,
3,deep,32,True,final_geometry_v15_20260930,4327fe4ece9317f6fd20fad18389a71e9b1f423b,32,True,0.49446197989773477,0.49446197989773477,9e6ac88405fb3b11d6f1ced5dcfbcff994228697799e3d637681f59a96e00b74,,interaction,3.049365660162475,probe,full_posterior,64,0.5232002574467115,0.4695423878377294,0.013920476716084738,0.012906488077765968,128,8192,6208,interaction_2,1,1.0,reference_production_4|sel=2048,cffc441cee2bd015a78c885c0750263a0ede3b1b8b3eb5af88b7ed906fea8e96,deep_m0064_r1,True,,,
3,deep,32,True,final_geometry_v15_20260930,4327fe4ece9317f6fd20fad18389a71e9b1f423b,32,True,0.510505373568182,0.510505373568182,9e6ac88405fb3b11d6f1ced5dcfbcff994228697799e3d637681f59a96e00b74,,interaction,2.954063746765099,probe,full_posterior,64,0.5387590803347718,0.48222456497414673,0.014931847746684296,0.014750597600184481,128,8192,6208,interaction_3,1,1.0,reference_production_4|sel=2048,cffc441cee2bd015a78c885c0750263a0ede3b1b8b3eb5af88b7ed906fea8e96,deep_m0064_r1,True,,,
3,deep,128,,final_geometry_v15_20260930,4327fe4ece9317f6fd20fad18389a71e9b1f423b,32,False,1.2115687728802271,1.2115687728802271,9e6ac88405fb3b11d6f1ced5dcfbcff994228697799e3d637681f59a96e00b74,block_instability;fewer_than_min_blocks,control,6.901736634663557,probe,full_posterior,64,1.2845520125034275,1.1471271752864356,0.03554288863763609,,128,8192,6208,q_A,1,1.0,reference_production_4|sel=2048,cffc441cee2bd015a78c885c0750263a0ede3b1b8b3eb5af88b7ed906fea8e96,deep_m0064_r1,False,,,
3,deep,64,True,final_geometry_v15_20260930,4327fe4ece9317f6fd20fad18389a71e9b1f423b,32,True,0.9832825707359163,0.9832825707359163,9e6ac88405fb3b11d6f1ced5dcfbcff994228697799e3d637681f59a96e00b74,,control,4.846538949873547,probe,full_posterior,64,1.0226525094533763,0.9286115216971145,0.025017983458718803,0.02712479919311698,128,8192,6208,q_W,1,1.0,reference_production_4|sel=2048,cffc441cee2bd015a78c885c0750263a0ede3b1b8b3eb5af88b7ed906fea8e96,deep_m0064_r1,True,,,
3,deep,64,True,final_geometry_v15_20260930,4327fe4ece9317f6fd20fad18389a71e9b1f423b,32,True,0.2970285093862004,0.2970285093862004,9e6ac88405fb3b11d6f1ced5dcfbcff994228697799e3d637681f59a96e00b74,,loss,,family,full_posterior,64,0.3079706693267293,0.2798393841546545,0.007246989020166615,0.008080549426854327,128,8192,6208,,1,1.0,reference_production_4|sel=2048,cffc441cee2bd015a78c885c0750263a0ede3b1b8b3eb5af88b7ed906fea8e96,deep_m0064_r1,True,V,V,"{""V"": 1.0}"
3,deep,32,True,final_geometry_v15_20260930,4327fe4ece9317f6fd20fad18389a71e9b1f423b,32,True,0.27568625750479864,0.27568625750479864,9e6ac88405fb3b11d6f1ced5dcfbcff994228697799e3d637681f59a96e00b74,,train_logit,,family,full_posterior,64,0.2827135749607822,0.25932558411671974,0.006481132134392549,0.007165533052733522,128,8192,6208,,1,1.0,reference_production_4|sel=2048,cffc441cee2bd015a78c885c0750263a0ede3b1b8b3eb5af88b7ed906fea8e96,deep_m0064_r1,True,train_logit_0,train_logit_0,"{""train_logit_0"": 0.53625, ""train_logit_64"": 0.4025, ""train_logit_96"": 0.06125}"
3,deep,32,True,final_geometry_v15_20260930,4327fe4ece9317f6fd20fad18389a71e9b1f423b,32,True,0.48785660628269645,0.48785660628269645,9e6ac88405fb3b11d6f1ced5dcfbcff994228697799e3d637681f59a96e00b74,,interaction,,family,full_posterior,64,0.536786987737414,0.4621055288181015,0.019848002608364536,0.019541988332230194,128,8192,6208,,1,1.0,reference_production_4|sel=2048,cffc441cee2bd015a78c885c0750263a0ede3b1b8b3eb5af88b7ed906fea8e96,deep_m0064_r1,True,interaction_3,interaction_2,"{""interaction_0"": 0.16, ""interaction_1"": 0.15875, ""interaction_2"": 0.18125, ""interaction_3"": 0.5}"
3,deep,64,True,final_geometry_v15_20260930,4327fe4ece9317f6fd20fad18389a71e9b1f423b,32,True,0.28578174170231513,0.28578174170231513,81ce3389a72aeb7fe37b8e69aad3c1b302e6f2b175c4c88f664698d06d1f2e28,,loss,4.32899247894478,probe,full_posterior,64,0.2978469897566576,0.27143978167451743,0.0066574291485642,0.006452601243761141,128,8192,6208,V,2,1.0,reference_production_4|sel=2048,5e7e9d9b0e46c28d13a71799ccda6b52c4855a61024370dac3c38fe8cb82e7c3,deep_m0064_r2,True,,,
3,deep,32,True,final_geometry_v15_20260930,4327fe4ece9317f6fd20fad18389a71e9b1f423b,32,True,0.2711558759698471,0.2711558759698471,81ce3389a72aeb7fe37b8e69aad3c1b302e6f2b175c4c88f664698d06d1f2e28,,train_logit,2.0467893303828366,probe,full_posterior,64,0.2796927990462323,0.260881913189144,0.0047673566046707505,0.00430817300751677,128,8192,6208,train_logit_0,2,1.0,reference_production_4|sel=2048,5e7e9d9b0e46c28d13a71799ccda6b52c4855a61024370dac3c38fe8cb82e7c3,deep_m0064_r2,True,,,
3,deep,32,True,final_geometry_v15_20260930,4327fe4ece9317f6fd20fad18389a71e9b1f423b,32,True,0.253521034889764,0.253521034889764,81ce3389a72aeb7fe37b8e69aad3c1b302e6f2b175c4c88f664698d06d1f2e28,,train_logit,2.1898720083002736,probe,full_posterior,64,0.2615458662918555,0.24495582166462002,0.004269593552406939,0.004453827817680813,128,8192,6208,train_logit_32,2,1.0,reference_production_4|sel=2048,5e7e9d9b0e46c28d13a71799ccda6b52c4855a61024370dac3c38fe8cb82e7c3,deep_m0064_r2,True,,,
3,deep,32,True,final_geometry_v15_20260930,4327fe4ece9317f6fd20fad18389a71e9b1f423b,32,True,0.2526979867807534,0.2526979867807534,81ce3389a72aeb7fe37b8e69aad3c1b302e6f2b175c4c88f664698d06d1f2e28,,train_logit,2.3190444294773807,probe,full_posterior,64,0.2611051106002054,0.24563560212956576,0.004061210636543727,0.004467496948679067,128,8192,6208,train_logit_64,2,1.0,reference_production_4|sel=2048,5e7e9d9b0e46c28d13a71799ccda6b52c4855a61024370dac3c38fe8cb82e7c3,deep_m0064_r2,True,,,
3,deep,32,True,final_geometry_v15_20260930,4327fe4ece9317f6fd20fad18389a71e9b1f423b,32,True,0.2532652121012199,0.2532652121012199,81ce3389a72aeb7fe37b8e69aad3c1b302e6f2b175c4c88f664698d06d1f2e28,,train_logit,2.0980716987804287,probe,full_posterior,64,0.2622447565392456,0.24458916354537133,0.004628847024248781,0.004611350821200487,128,8192,6208,train_logit_96,2,1.0,reference_production_4|sel=2048,5e7e9d9b0e46c28d13a71799ccda6b52c4855a61024370dac3c38fe8cb82e7c3,deep_m0064_r2,True,,,
3,deep,32,True,final_geometry_v15_20260930,4327fe4ece9317f6fd20fad18389a71e9b1f423b,32,True,0.49247343448918196,0.49247343448918196,81ce3389a72aeb7fe37b8e69aad3c1b302e6f2b175c4c88f664698d06d1f2e28,,interaction,2.390230511716651,probe,full_posterior,64,0.5183513770211197,0.46799525091612165,0.013056205077133402,0.011199046030229873,128,8192,6208,interaction_0,2,1.0,reference_production_4|sel=2048,5e7e9d9b0e46c28d13a71799ccda6b52c4855a61024370dac3c38fe8cb82e7c3,deep_m0064_r2,True,,,
3,deep,32,True,final_geometry_v15_20260930,4327fe4ece9317f6fd20fad18389a71e9b1f423b,32,True,0.4873441725798312,0.4873441725798312,81ce3389a72aeb7fe37b8e69aad3c1b302e6f2b175c4c88f664698d06d1f2e28,,interaction,2.225039581941542,probe,full_posterior,64,0.5101781808213729,0.46101989634989876,0.012759928330891488,0.012785532223226714,128,8192,6208,interaction_1,2,1.0,reference_production_4|sel=2048,5e7e9d9b0e46c28d13a71799ccda6b52c4855a61024370dac3c38fe8cb82e7c3,deep_m0064_r2,True,,,
3,deep,32,True,final_geometry_v15_20260930,4327fe4ece9317f6fd20fad18389a71e9b1f423b,32,True,0.48367232860509773,0.48367232860509773,81ce3389a72aeb7fe37b8e69aad3c1b302e6f2b175c4c88f664698d06d1f2e28,,interaction,2.344798869269619,probe,full_posterior,64,0.5090550799268716,0.45818981527763886,0.014008324095375918,0.014144332518322578,128,8192,6208,interaction_2,2,1.0,reference_production_4|sel=2048,5e7e9d9b0e46c28d13a71799ccda6b52c4855a61024370dac3c38fe8cb82e7c3,deep_m0064_r2,True,,,
3,deep,32,True,final_geometry_v15_20260930,4327fe4ece9317f6fd20fad18389a71e9b1f423b,32,True,0.4727531372267676,0.4727531372267676,81ce3389a72aeb7fe37b8e69aad3c1b302e6f2b175c4c88f664698d06d1f2e28,,interaction,2.5426196771893985,probe,full_posterior,64,0.4987017345263554,0.45127698868838545,0.012064663521009237,0.012585933552796311,128,8192,6208,interaction_3,2,1.0,reference_production_4|sel=2048,5e7e9d9b0e46c28d13a71799ccda6b52c4855a61024370dac3c38fe8cb82e7c3,deep_m0064_r2,True,,,
3,deep,64,True,final_geometry_v15_20260930,4327fe4ece9317f6fd20fad18389a71e9b1f423b,32,True,1.102047969225835,1.102047969225835,81ce3389a72aeb7fe37b8e69aad3c1b302e6f2b175c4c88f664698d06d1f2e28,,control,5.401209769503732,probe,full_posterior,64,1.1563616861130663,1.053394820474356,0.025068220291416705,0.026309662720380694,128,8192,6208,q_A,2,1.0,reference_production_4|sel=2048,5e7e9d9b0e46c28d13a71799ccda6b52c4855a61024370dac3c38fe8cb82e7c3,deep_m0064_r2,True,,,
3,deep,64,True,final_geometry_v15_20260930,4327fe4ece9317f6fd20fad18389a71e9b1f423b,32,True,0.9760574373050291,0.9760574373050291,81ce3389a72aeb7fe37b8e69aad3c1b302e6f2b175c4c88f664698d06d1f2e28,,control,3.588335212288878,probe,full_posterior,64,1.0176488997137092,0.9323986651852743,0.022212544474434645,0.02119185509656904,128,8192,6208,q_W,2,1.0,reference_production_4|sel=2048,5e7e9d9b0e46c28d13a71799ccda6b52c4855a61024370dac3c38fe8cb82e7c3,deep_m0064_r2,True,,,
3,deep,64,True,final_geometry_v15_20260930,4327fe4ece9317f6fd20fad18389a71e9b1f423b,32,True,0.285721416396385,0.285721416396385,81ce3389a72aeb7fe37b8e69aad3c1b302e6f2b175c4c88f664698d06d1f2e28,,loss,,family,full_posterior,64,0.298061626999215,0.2727939874645555,0.006729050329571049,0.005888392825526382,128,8192,6208,,2,1.0,reference_production_4|sel=2048,5e7e9d9b0e46c28d13a71799ccda6b52c4855a61024370dac3c38fe8cb82e7c3,deep_m0064_r2,True,V,V,"{""V"": 1.0}"
3,deep,32,True,final_geometry_v15_20260930,4327fe4ece9317f6fd20fad18389a71e9b1f423b,32,True,0.2711498552491493,0.2711498552491493,81ce3389a72aeb7fe37b8e69aad3c1b302e6f2b175c4c88f664698d06d1f2e28,,train_logit,,family,full_posterior,64,0.2797156591905611,0.2499285355406252,0.00837782818601699,0.007998439862151242,128,8192,6208,,2,1.0,reference_production_4|sel=2048,5e7e9d9b0e46c28d13a71799ccda6b52c4855a61024370dac3c38fe8cb82e7c3,deep_m0064_r2,True,train_logit_0,train_logit_0,"{""train_logit_0"": 0.8675, ""train_logit_32"": 0.02, ""train_logit_64"": 0.0675, ""train_logit_96"": 0.045}"
3,deep,32,True,final_geometry_v15_20260930,4327fe4ece9317f6fd20fad18389a71e9b1f423b,32,True,0.48348850922801245,0.48348850922801245,81ce3389a72aeb7fe37b8e69aad3c1b302e6f2b175c4c88f664698d06d1f2e28,,interaction,,family,full_posterior,64,0.5179707422305343,0.45801601636037004,0.015508403895077318,0.01536303874291572,128,8192,6208,,2,1.0,reference_production_4|sel=2048,5e7e9d9b0e46c28d13a71799ccda6b52c4855a61024370dac3c38fe8cb82e7c3,deep_m0064_r2,True,interaction_1,interaction_0,"{""interaction_0"": 0.37875, ""interaction_1"": 0.29, ""interaction_2"": 0.235, ""interaction_3"": 0.09625}"
3,deep,32,True,final_geometry_v15_20260930,4327fe4ece9317f6fd20fad18389a71e9b1f423b,32,True,0.24150679547776896,0.24150679547776896,9fc7ed57572797b78206060d4de3474940dc38fe7e09b756af148a0fd1e1b894,,loss,2.8957520955947285,probe,full_posterior,128,0.2517074965397068,0.23284688968393574,0.005023726924537396,0.004982585201699676,128,8192,20608,V,0,1.0,reference_production_4|sel=2048,a3fbfe3694a6d3a7a8f724b8f6e362367e3afc7860a1c5f1481a53f3e86fcfbf,deep_m0128_r0,True,,,
3,deep,32,True,final_geometry_v15_20260930,4327fe4ece9317f6fd20fad18389a71e9b1f423b,32,True,0.24398821627876985,0.24398821627876985,9fc7ed57572797b78206060d4de3474940dc38fe7e09b756af148a0fd1e1b894,,train_logit,1.6361897558779344,probe,full_posterior,128,0.25174245779013293,0.2364772033849904,0.003885534193469794,0.00399513129556568,128,8192,20608,train_logit_0,0,1.0,reference_production_4|sel=2048,a3fbfe3694a6d3a7a8f724b8f6e362367e3afc7860a1c5f1481a53f3e86fcfbf,deep_m0128_r0,True,,,
3,deep,32,True,final_geometry_v15_20260930,4327fe4ece9317f6fd20fad18389a71e9b1f423b,32,True,0.2521504763533069,0.2521504763533069,9fc7ed57572797b78206060d4de3474940dc38fe7e09b756af148a0fd1e1b894,,train_logit,1.9479106230553045,probe,full_posterior,128,0.2589754139342985,0.24428501563086358,0.0037277888950268886,0.0038996040375576806,128,8192,20608,train_logit_32,0,1.0,reference_production_4|sel=2048,a3fbfe3694a6d3a7a8f724b8f6e362367e3afc7860a1c5f1481a53f3e86fcfbf,deep_m0128_r0,True,,,
3,deep,32,True,final_geometry_v15_20260930,4327fe4ece9317f6fd20fad18389a71e9b1f423b,32,True,0.24098447867463876,0.24098447867463876,9fc7ed57572797b78206060d4de3474940dc38fe7e09b756af148a0fd1e1b894,,train_logit,1.7685651992467315,probe,full_posterior,128,0.24810069489861744,0.23373427109639835,0.00366822976119164,0.003805530226741898,128,8192,20608,train_logit_64,0,1.0,reference_production_4|sel=2048,a3fbfe3694a6d3a7a8f724b8f6e362367e3afc7860a1c5f1481a53f3e86fcfbf,deep_m0128_r0,True,,,
3,deep,32,True,final_geometry_v15_20260930,4327fe4ece9317f6fd20fad18389a71e9b1f423b,32,True,0.25306196784561125,0.25306196784561125,9fc7ed57572797b78206060d4de3474940dc38fe7e09b756af148a0fd1e1b894,,train_logit,1.6872156567199983,probe,full_posterior,128,0.26047864464724346,0.24556746374516591,0.004035539699429877,0.004090895459349358,128,8192,20608,train_logit_96,0,1.0,reference_production_4|sel=2048,a3fbfe3694a6d3a7a8f724b8f6e362367e3afc7860a1c5f1481a53f3e86fcfbf,deep_m0128_r0,True,,,
3,deep,32,True,final_geometry_v15_20260930,4327fe4ece9317f6fd20fad18389a71e9b1f423b,32,True,0.4666885183796805,0.4666885183796805,9fc7ed57572797b78206060d4de3474940dc38fe7e09b756af148a0fd1e1b894,,interaction,2.0045583438255377,probe,full_posterior,128,0.4921962976299258,0.4437575984059756,0.012363986536844162,0.0124496182291574,128,8192,20608,interaction_0,0,1.0,reference_production_4|sel=2048,a3fbfe3694a6d3a7a8f724b8f6e362367e3afc7860a1c5f1481a53f3e86fcfbf,deep_m0128_r0,True,,,
3,deep,32,True,final_geometry_v15_20260930,4327fe4ece9317f6fd20fad18389a71e9b1f423b,32,True,0.47818316714349934,0.47818316714349934,9fc7ed57572797b78206060d4de3474940dc38fe7e09b756af148a0fd1e1b894,,interaction,1.8523868255146563,probe,full_posterior,128,0.5069163048471191,0.4550681468960285,0.013184658298465777,0.012658384562628371,128,8192,20608,interaction_1,0,1.0,reference_production_4|sel=2048,a3fbfe3694a6d3a7a8f724b8f6e362367e3afc7860a1c5f1481a53f3e86fcfbf,deep_m0128_r0,True,,,
3,deep,32,True,final_geometry_v15_20260930,4327fe4ece9317f6fd20fad18389a71e9b1f423b,32,True,0.47151090729874945,0.47151090729874945,9fc7ed57572797b78206060d4de3474940dc38fe7e09b756af148a0fd1e1b894,,interaction,1.9191758772063068,probe,full_posterior,128,0.4937204291631003,0.45043824669252236,0.011841510412182014,0.01276437824199318,128,8192,20608,interaction_2,0,1.0,reference_production_4|sel=2048,a3fbfe3694a6d3a7a8f724b8f6e362367e3afc7860a1c5f1481a53f3e86fcfbf,deep_m0128_r0,True,,,
3,deep,32,True,final_geometry_v15_20260930,4327fe4ece9317f6fd20fad18389a71e9b1f423b,32,True,0.4711943261441421,0.4711943261441421,9fc7ed57572797b78206060d4de3474940dc38fe7e09b756af148a0fd1e1b894,,interaction,1.944318809219908,probe,full_posterior,128,0.49006914932294543,0.44872031347094027,0.010781033420018368,0.01097768923690569,128,8192,20608,interaction_3,0,1.0,reference_production_4|sel=2048,a3fbfe3694a6d3a7a8f724b8f6e362367e3afc7860a1c5f1481a53f3e86fcfbf,deep_m0128_r0,True,,,
3,deep,64,True,final_geometry_v15_20260930,4327fe4ece9317f6fd20fad18389a71e9b1f423b,32,True,1.09168681921321,1.09168681921321,9fc7ed57572797b78206060d4de3474940dc38fe7e09b756af148a0fd1e1b894,,control,4.120746902319915,probe,full_posterior,128,1.1481081503749069,1.0399984935301023,0.02788185069921438,0.02476578442487595,128,8192,20608,q_A,0,1.0,reference_production_4|sel=2048,a3fbfe3694a6d3a7a8f724b8f6e362367e3afc7860a1c5f1481a53f3e86fcfbf,deep_m0128_r0,True,,,
3,deep,32,True,final_geometry_v15_20260930,4327fe4ece9317f6fd20fad18389a71e9b1f423b,32,True,1.0070540837687645,1.0070540837687645,9fc7ed57572797b78206060d4de3474940dc38fe7e09b756af148a0fd1e1b894,,control,2.9938556200757587,probe,full_posterior,128,1.0469689351975773,0.9620451345614116,0.022707826205663747,0.019507703180408467,128,8192,20608,q_W,0,1.0,reference_production_4|sel=2048,a3fbfe3694a6d3a7a8f724b8f6e362367e3afc7860a1c5f1481a53f3e86fcfbf,deep_m0128_r0,True,,,
3,deep,32,True,final_geometry_v15_20260930,4327fe4ece9317f6fd20fad18389a71e9b1f423b,32,True,0.2414557286812975,0.2414557286812975,9fc7ed57572797b78206060d4de3474940dc38fe7e09b756af148a0fd1e1b894,,loss,,family,full_posterior,128,0.25168191400926265,0.23333115326446477,0.004694000690825588,0.005301683272416363,128,8192,20608,,0,1.0,reference_production_4|sel=2048,a3fbfe3694a6d3a7a8f724b8f6e362367e3afc7860a1c5f1481a53f3e86fcfbf,deep_m0128_r0,True,V,V,"{""V"": 1.0}"
3,deep,32,True,final_geometry_v15_20260930,4327fe4ece9317f6fd20fad18389a71e9b1f423b,32,True,0.25015701388970957,0.25015701388970957,9fc7ed57572797b78206060d4de3474940dc38fe7e09b756af148a0fd1e1b894,,train_logit,,family,full_posterior,128,0.26135377964353795,0.23918039222899432,0.005769006776752807,0.005949875156746386,128,8192,20608,,0,1.0,reference_production_4|sel=2048,a3fbfe3694a6d3a7a8f724b8f6e362367e3afc7860a1c5f1481a53f3e86fcfbf,deep_m0128_r0,True,train_logit_96,train_logit_32,"{""train_logit_0"": 0.05875, ""train_logit_32"": 0.3975, ""train_logit_64"": 0.04875, ""train_logit_96"": 0.495}"
3,deep,32,True,final_geometry_v15_20260930,4327fe4ece9317f6fd20fad18389a71e9b1f423b,32,True,0.4653740689540592,0.4653740689540592,9fc7ed57572797b78206060d4de3474940dc38fe7e09b756af148a0fd1e1b894,,interaction,,family,full_posterior,128,0.5034000989172842,0.4419458224826165,0.015941044422522886,0.01642912951905938,128,8192,20608,,0,1.0,reference_production_4|sel=2048,a3fbfe3694a6d3a7a8f724b8f6e362367e3afc7860a1c5f1481a53f3e86fcfbf,deep_m0128_r0,True,interaction_3,interaction_1,"{""interaction_0"": 0.14375, ""interaction_1"": 0.39625, ""interaction_2"": 0.19125, ""interaction_3"": 0.26875}"
3,deep,64,True,final_geometry_v15_20260930,4327fe4ece9317f6fd20fad18389a71e9b1f423b,32,True,0.2598082656796006,0.2598082656796006,cc56a095badc669837928b678dae19300f59334f1f406e8e5538c829aa2842bb,,loss,4.722597574081226,probe,full_posterior,128,0.27146356891802587,0.24870227334525163,0.006152390325962683,0.00575132821398595,128,8192,20608,V,1,1.0,reference_production_4|sel=2048,12140e25162df7ed81599a111742b07052ef21dac4d3086bb8a4c937317db44a,deep_m0128_r1,True,,,
3,deep,32,True,final_geometry_v15_20260930,4327fe4ece9317f6fd20fad18389a71e9b1f423b,32,True,0.2645593236640792,0.2645593236640792,cc56a095badc669837928b678dae19300f59334f1f406e8e5538c829aa2842bb,,train_logit,2.2462749387349135,probe,full_posterior,128,0.27245246106745996,0.257440061087025,0.004147188215784979,0.004041624697791337,128,8192,20608,train_logit_0,1,1.0,reference_production_4|sel=2048,12140e25162df7ed81599a111742b07052ef21dac4d3086bb8a4c937317db44a,deep_m0128_r1,True,,,
3,deep,32,True,final_geometry_v15_20260930,4327fe4ece9317f6fd20fad18389a71e9b1f423b,32,True,0.2578814081308387,0.2578814081308387,cc56a095badc669837928b678dae19300f59334f1f406e8e5538c829aa2842bb,,train_logit,2.110929866494355,probe,full_posterior,128,0.26539600433287075,0.24954730183393584,0.003956260559263511,0.003822979462304302,128,8192,20608,train_logit_32,1,1.0,reference_production_4|sel=2048,12140e25162df7ed81599a111742b07052ef21dac4d3086bb8a4c937317db44a,deep_m0128_r1,True,,,
3,deep,32,True,final_geometry_v15_20260930,4327fe4ece9317f6fd20fad18389a71e9b1f423b,32,True,0.26084881555410694,0.26084881555410694,cc56a095badc669837928b678dae19300f59334f1f406e8e5538c829aa2842bb,,train_logit,2.1980740463562727,probe,full_posterior,128,0.26843035156743505,0.2522638775838612,0.004206821100651263,0.004138915696290427,128,8192,20608,train_logit_64,1,1.0,reference_production_4|sel=2048,12140e25162df7ed81599a111742b07052ef21dac4d3086bb8a4c937317db44a,deep_m0128_r1,True,,,
3,deep,32,True,final_geometry_v15_20260930,4327fe4ece9317f6fd20fad18389a71e9b1f423b,32,True,0.270207433169723,0.270207433169723,cc56a095badc669837928b678dae19300f59334f1f406e8e5538c829aa2842bb,,train_logit,2.1362987645008182,probe,full_posterior,128,0.2792977133881193,0.26315283597766986,0.00423757550257989,0.00430641394736594,128,8192,20608,train_logit_96,1,1.0,reference_production_4|sel=2048,12140e25162df7ed81599a111742b07052ef21dac4d3086bb8a4c937317db44a,deep_m0128_r1,True,,,
3,deep,32,True,final_geometry_v15_20260930,4327fe4ece9317f6fd20fad18389a71e9b1f423b,32,True,0.478835256162093,0.478835256162093,cc56a095badc669837928b678dae19300f59334f1f406e8e5538c829aa2842bb,,interaction,2.5574844775727037,probe,full_posterior,128,0.5038234595504544,0.453557575728665,0.013555263060996166,0.013675142665792159,128,8192,20608,interaction_0,1,1.0,reference_production_4|sel=2048,12140e25162df7ed81599a111742b07052ef21dac4d3086bb8a4c937317db44a,deep_m0128_r1,True,,,
3,deep,32,True,final_geometry_v15_20260930,4327fe4ece9317f6fd20fad18389a71e9b1f423b,32,True,0.46887302097969735,0.46887302097969735,cc56a095badc669837928b678dae19300f59334f1f406e8e5538c829aa2842bb,,interaction,2.5212096035700133,probe,full_posterior,128,0.49243212265224384,0.4435151435875674,0.012783094497668982,0.013245044452095638,128,8192,20608,interaction_1,1,1.0,reference_production_4|sel=2048,12140e25162df7ed81599a111742b07052ef21dac4d3086bb8a4c937317db44a,deep_m0128_r1,True,,,
3,deep,32,True,final_geometry_v15_20260930,4327fe4ece9317f6fd20fad18389a71e9b1f423b,32,True,0.47157455781635926,0.47157455781635926,cc56a095badc669837928b678dae19300f59334f1f406e8e5538c829aa2842bb,,interaction,2.412938788059434,probe,full_posterior,128,0.49706885921109134,0.44314187665546756,0.013898920919256303,0.013512993205549585,128,8192,20608,interaction_2,1,1.0,reference_production_4|sel=2048,12140e25162df7ed81599a111742b07052ef21dac4d3086bb8a4c937317db44a,deep_m0128_r1,True,,,
3,deep,32,True,final_geometry_v15_20260930,4327fe4ece9317f6fd20fad18389a71e9b1f423b,32,True,0.47611042078550997,0.47611042078550997,cc56a095badc669837928b678dae19300f59334f1f406e8e5538c829aa2842bb,,interaction,2.725895237877784,probe,full_posterior,128,0.500212857597041,0.4490542197147846,0.01359573589311497,0.012427288888349684,128,8192,20608,interaction_3,1,1.0,reference_production_4|sel=2048,12140e25162df7ed81599a111742b07052ef21dac4d3086bb8a4c937317db44a,deep_m0128_r1,True,,,
3,deep,64,True,final_geometry_v15_20260930,4327fe4ece9317f6fd20fad18389a71e9b1f423b,32,True,1.0693497098766387,1.0693497098766387,cc56a095badc669837928b678dae19300f59334f1f406e8e5538c829aa2842bb,,control,5.375540168670183,probe,full_posterior,128,1.1306495211797358,1.0144317257170745,0.03025668151673898,0.030116573874978677,128,8192,20608,q_A,1,1.0,reference_production_4|sel=2048,12140e25162df7ed81599a111742b07052ef21dac4d3086bb8a4c937317db44a,deep_m0128_r1,True,,,
3,deep,64,True,final_geometry_v15_20260930,4327fe4ece9317f6fd20fad18389a71e9b1f423b,32,True,1.0367358595347302,1.0367358595347302,cc56a095badc669837928b678dae19300f59334f1f406e8e5538c829aa2842bb,,control,4.153546057252536,probe,full_posterior,128,1.0898023100428094,0.99363980173233,0.024533589210467964,0.023315964571119292,128,8192,20608,q_W,1,1.0,reference_production_4|sel=2048,12140e25162df7ed81599a111742b07052ef21dac4d3086bb8a4c937317db44a,deep_m0128_r1,True,,,
3,deep,64,True,final_geometry_v15_20260930,4327fe4ece9317f6fd20fad18389a71e9b1f423b,32,True,0.25968528776932964,0.25968528776932964,cc56a095badc669837928b678dae19300f59334f1f406e8e5538c829aa2842bb,,loss,,family,full_posterior,128,0.27075054581287866,0.2475699641799685,0.005866379144305042,0.005782917894750762,128,8192,20608,,1,1.0,reference_production_4|sel=2048,12140e25162df7ed81599a111742b07052ef21dac4d3086bb8a4c937317db44a,deep_m0128_r1,True,V,V,"{""V"": 1.0}"
3,deep,32,True,final_geometry_v15_20260930,4327fe4ece9317f6fd20fad18389a71e9b1f423b,32,True,0.2701388550670083,0.2701388550670083,cc56a095badc669837928b678dae19300f59334f1f406e8e5538c829aa2842bb,,train_logit,,family,full_posterior,128,0.28084730892118853,0.25659106425027234,0.006266813803644577,0.006336494525974523,128,8192,20608,,1,1.0,reference_production_4|sel=2048,12140e25162df7ed81599a111742b07052ef21dac4d3086bb8a4c937317db44a,deep_m0128_r1,True,train_logit_96,train_logit_96,"{""train_logit_0"": 0.205, ""train_logit_32"": 0.02, ""train_logit_64"": 0.08875, ""train_logit_96"": 0.68625}"
3,deep,32,True,final_geometry_v15_20260930,4327fe4ece9317f6fd20fad18389a71e9b1f423b,32,True,0.46146223564471134,0.46146223564471134,cc56a095badc669837928b678dae19300f59334f1f406e8e5538c829aa2842bb,,interaction,,family,full_posterior,128,0.5000333569611298,0.4372136088204456,0.01565350433102281,0.01569662248431487,128,8192,20608,,1,1.0,reference_production_4|sel=2048,12140e25162df7ed81599a111742b07052ef21dac4d3086bb8a4c937317db44a,deep_m0128_r1,True,interaction_0,interaction_3,"{""interaction_0"": 0.3475, ""interaction_1"": 0.1225, ""interaction_2"": 0.1775, ""interaction_3"": 0.3525}"
3,deep,64,True,final_geometry_v15_20260930,4327fe4ece9317f6fd20fad18389a71e9b1f423b,32,True,0.24854726295616028,0.24854726295616028,64f6d94f9a6865f1e66b96de75fa5b508ab7112582bac06e89b66c72b3056b79,,loss,3.4028215218979603,probe,full_posterior,128,0.25846381058108187,0.23923908745539915,0.005234809704648731,0.004863901087441978,128,8192,20608,V,2,1.0,reference_production_4|sel=2048,ab9e24560eea0ddc4fd775ee6d516b1daa269452cd648f2739f422995dd944b3,deep_m0128_r2,True,,,
3,deep,32,True,final_geometry_v15_20260930,4327fe4ece9317f6fd20fad18389a71e9b1f423b,32,True,0.2716279697629263,0.2716279697629263,64f6d94f9a6865f1e66b96de75fa5b508ab7112582bac06e89b66c72b3056b79,,train_logit,2.0269491692122616,probe,full_posterior,128,0.2801444447801848,0.2630656267000254,0.004677120749657923,0.004481139972610314,128,8192,20608,train_logit_0,2,1.0,reference_production_4|sel=2048,ab9e24560eea0ddc4fd775ee6d516b1daa269452cd648f2739f422995dd944b3,deep_m0128_r2,True,,,
3,deep,32,True,final_geometry_v15_20260930,4327fe4ece9317f6fd20fad18389a71e9b1f423b,32,True,0.24473277015552178,0.24473277015552178,64f6d94f9a6865f1e66b96de75fa5b508ab7112582bac06e89b66c72b3056b79,,train_logit,2.039658205090787,probe,full_posterior,128,0.2526758503342571,0.23709839505912236,0.004042018277452403,0.004093014370834026,128,8192,20608,train_logit_32,2,1.0,reference_production_4|sel=2048,ab9e24560eea0ddc4fd775ee6d516b1daa269452cd648f2739f422995dd944b3,deep_m0128_r2,True,,,
3,deep,32,True,final_geometry_v15_20260930,4327fe4ece9317f6fd20fad18389a71e9b1f423b,32,True,0.26127819707744254,0.26127819707744254,64f6d94f9a6865f1e66b96de75fa5b508ab7112582bac06e89b66c72b3056b79,,train_logit,2.0436058921621854,probe,full_posterior,128,0.26847851621297747,0.2509740407169533,0.004518809265031724,0.004252947925012188,128,8192,20608,train_logit_64,2,1.0,reference_production_4|sel=2048,ab9e24560eea0ddc4fd775ee6d516b1daa269452cd648f2739f422995dd944b3,deep_m0128_r2,True,,,
3,deep,32,True,final_geometry_v15_20260930,4327fe4ece9317f6fd20fad18389a71e9b1f423b,32,True,0.2500006812231155,0.2500006812231155,64f6d94f9a6865f1e66b96de75fa5b508ab7112582bac06e89b66c72b3056b79,,train_logit,2.0905208740337398,probe,full_posterior,128,0.2571729575532025,0.24295831268315632,0.0035855506048209007,0.003816925413060734,128,8192,20608,train_logit_96,2,1.0,reference_production_4|sel=2048,ab9e24560eea0ddc4fd775ee6d516b1daa269452cd648f2739f422995dd944b3,deep_m0128_r2,True,,,
3,deep,32,True,final_geometry_v15_20260930,4327fe4ece9317f6fd20fad18389a71e9b1f423b,32,True,0.4545061482609618,0.4545061482609618,64f6d94f9a6865f1e66b96de75fa5b508ab7112582bac06e89b66c72b3056b79,,interaction,2.214969086106908,probe,full_posterior,128,0.4800057847569537,0.4303165015524372,0.01215447296303932,0.011670791488458657,128,8192,20608,interaction_0,2,1.0,reference_production_4|sel=2048,ab9e24560eea0ddc4fd775ee6d516b1daa269452cd648f2739f422995dd944b3,deep_m0128_r2,True,,,
3,deep,32,True,final_geometry_v15_20260930,4327fe4ece9317f6fd20fad18389a71e9b1f423b,32,True,0.4605182683946112,0.4605182683946112,64f6d94f9a6865f1e66b96de75fa5b508ab7112582bac06e89b66c72b3056b79,,interaction,2.1888311744493936,probe,full_posterior,128,0.4834401406582372,0.43654509438354655,0.012251749658051906,0.012317038296432662,128,8192,20608,interaction_1,2,1.0,reference_production_4|sel=2048,ab9e24560eea0ddc4fd775ee6d516b1daa269452cd648f2739f422995dd944b3,deep_m0128_r2,True,,,
3,deep,32,True,final_geometry_v15_20260930,4327fe4ece9317f6fd20fad18389a71e9b1f423b,32,True,0.4975503410893536,0.4975503410893536,64f6d94f9a6865f1e66b96de75fa5b508ab7112582bac06e89b66c72b3056b79,,interaction,2.280745800366223,probe,full_posterior,128,0.5265577588718293,0.47515596394894005,0.013612235763838808,0.013494452234510528,128,8192,20608,interaction_2,2,1.0,reference_production_4|sel=2048,ab9e24560eea0ddc4fd775ee6d516b1daa269452cd648f2739f422995dd944b3,deep_m0128_r2,True,,,
3,deep,32,True,final_geometry_v15_20260930,4327fe4ece9317f6fd20fad18389a71e9b1f423b,32,True,0.47683976642823467,0.47683976642823467,64f6d94f9a6865f1e66b96de75fa5b508ab7112582bac06e89b66c72b3056b79,,interaction,2.372942270003924,probe,full_posterior,128,0.49863931578216636,0.4532168863258274,0.011898240510644737,0.011537217140021523,128,8192,20608,interaction_3,2,1.0,reference_production_4|sel=2048,ab9e24560eea0ddc4fd775ee6d516b1daa269452cd648f2739f422995dd944b3,deep_m0128_r2,True,,,
3,deep,64,True,final_geometry_v15_20260930,4327fe4ece9317f6fd20fad18389a71e9b1f423b,32,True,1.0923141098009295,1.0923141098009295,64f6d94f9a6865f1e66b96de75fa5b508ab7112582bac06e89b66c72b3056b79,,control,4.6000422323661185,probe,full_posterior,128,1.1375347362794592,1.0438099221973478,0.025677375812198373,0.027799742411850365,128,8192,20608,q_A,2,1.0,reference_production_4|sel=2048,ab9e24560eea0ddc4fd775ee6d516b1daa269452cd648f2739f422995dd944b3,deep_m0128_r2,True,,,
3,deep,64,True,final_geometry_v15_20260930,4327fe4ece9317f6fd20fad18389a71e9b1f423b,32,True,0.9888148043478792,0.9888148043478792,64f6d94f9a6865f1e66b96de75fa5b508ab7112582bac06e89b66c72b3056b79,,control,3.696335808115663,probe,full_posterior,128,1.0391150079046025,0.9460967880882086,0.023197344951142184,0.022263547227389664,128,8192,20608,q_W,2,1.0,reference_production_4|sel=2048,ab9e24560eea0ddc4fd775ee6d516b1daa269452cd648f2739f422995dd944b3,deep_m0128_r2,True,,,
3,deep,64,True,final_geometry_v15_20260930,4327fe4ece9317f6fd20fad18389a71e9b1f423b,32,True,0.24851938340381685,0.24851938340381685,64f6d94f9a6865f1e66b96de75fa5b508ab7112582bac06e89b66c72b3056b79,,loss,,family,full_posterior,128,0.2578775692019094,0.23783708126246766,0.00505817698813904,0.004729728450920057,128,8192,20608,,2,1.0,reference_production_4|sel=2048,ab9e24560eea0ddc4fd775ee6d516b1daa269452cd648f2739f422995dd944b3,deep_m0128_r2,True,V,V,"{""V"": 1.0}"
3,deep,32,True,final_geometry_v15_20260930,4327fe4ece9317f6fd20fad18389a71e9b1f423b,32,True,0.27158819299610104,0.27158819299610104,64f6d94f9a6865f1e66b96de75fa5b508ab7112582bac06e89b66c72b3056b79,,train_logit,,family,full_posterior,128,0.2785922357110813,0.2523681260202701,0.007820717326270779,0.008319760151321985,128,8192,20608,,2,1.0,reference_production_4|sel=2048,ab9e24560eea0ddc4fd775ee6d516b1daa269452cd648f2739f422995dd944b3,deep_m0128_r2,True,train_logit_0,train_logit_0,"{""train_logit_0"": 0.7425, ""train_logit_64"": 0.25625, ""train_logit_96"": 0.00125}"
3,deep,32,True,final_geometry_v15_20260930,4327fe4ece9317f6fd20fad18389a71e9b1f423b,32,True,0.49736961040681305,0.49736961040681305,64f6d94f9a6865f1e66b96de75fa5b508ab7112582bac06e89b66c72b3056b79,,interaction,,family,full_posterior,128,0.5256327754576804,0.4373049758977324,0.025539647593602104,0.02495585465853286,128,8192,20608,,2,1.0,reference_production_4|sel=2048,ab9e24560eea0ddc4fd775ee6d516b1daa269452cd648f2739f422995dd944b3,deep_m0128_r2,True,interaction_2,interaction_2,"{""interaction_0"": 0.09125, ""interaction_1"": 0.06625, ""interaction_2"": 0.64875, ""interaction_3"": 0.19375}"
3,deep,32,True,final_geometry_v15_20260930,4327fe4ece9317f6fd20fad18389a71e9b1f423b,32,True,0.2420999399695246,0.2420999399695246,26053644a43eb048de684b7050a94fa78f2ebb10abd590cb99f65dc0baae3191,,loss,2.9252140055130744,probe,full_posterior,256,0.25147848280880286,0.23327134206214548,0.004517352535778222,0.0046967302262642344,128,8192,73984,V,0,1.0,reference_production_4|sel=2048,2814b4d76a9cc9419ec01ed447161e8acf050a7bbe1b8e92bdfa0e832e724270,deep_m0256_r0,True,,,
3,deep,16,True,final_geometry_v15_20260930,4327fe4ece9317f6fd20fad18389a71e9b1f423b,32,True,0.24568793887212842,0.24568793887212842,26053644a43eb048de684b7050a94fa78f2ebb10abd590cb99f65dc0baae3191,,train_logit,1.5867496919300224,probe,full_posterior,256,0.2532267564387839,0.23773648658435834,0.004142574559469903,0.004228837608351577,128,8192,73984,train_logit_0,0,1.0,reference_production_4|sel=2048,2814b4d76a9cc9419ec01ed447161e8acf050a7bbe1b8e92bdfa0e832e724270,deep_m0256_r0,True,,,
3,deep,32,True,final_geometry_v15_20260930,4327fe4ece9317f6fd20fad18389a71e9b1f423b,32,True,0.25408631409661636,0.25408631409661636,26053644a43eb048de684b7050a94fa78f2ebb10abd590cb99f65dc0baae3191,,train_logit,1.6109213455478366,probe,full_posterior,256,0.2622468145877325,0.24628251778218446,0.004214590965728145,0.004265160609814358,128,8192,73984,train_logit_32,0,1.0,reference_production_4|sel=2048,2814b4d76a9cc9419ec01ed447161e8acf050a7bbe1b8e92bdfa0e832e724270,deep_m0256_r0,True,,,
3,deep,32,True,final_geometry_v15_20260930,4327fe4ece9317f6fd20fad18389a71e9b1f423b,32,True,0.24739362774303617,0.24739362774303617,26053644a43eb048de684b7050a94fa78f2ebb10abd590cb99f65dc0baae3191,,train_logit,1.6519262505583272,probe,full_posterior,256,0.254860857085295,0.23864710973276484,0.004243817099856047,0.004092738427314941,128,8192,73984,train_logit_64,0,1.0,reference_production_4|sel=2048,2814b4d76a9cc9419ec01ed447161e8acf050a7bbe1b8e92bdfa0e832e724270,deep_m0256_r0,True,,,
3,deep,16,True,final_geometry_v15_20260930,4327fe4ece9317f6fd20fad18389a71e9b1f423b,32,True,0.2532651600087851,0.2532651600087851,26053644a43eb048de684b7050a94fa78f2ebb10abd590cb99f65dc0baae3191,,train_logit,1.585054466477018,probe,full_posterior,256,0.26129920111764465,0.24497851545649665,0.0042520085032276365,0.00417863907926863,128,8192,73984,train_logit_96,0,1.0,reference_production_4|sel=2048,2814b4d76a9cc9419ec01ed447161e8acf050a7bbe1b8e92bdfa0e832e724270,deep_m0256_r0,True,,,
3,deep,32,True,final_geometry_v15_20260930,4327fe4ece9317f6fd20fad18389a71e9b1f423b,32,True,0.46451243749332616,0.46451243749332616,26053644a43eb048de684b7050a94fa78f2ebb10abd590cb99f65dc0baae3191,,interaction,1.9557336328803683,probe,full_posterior,256,0.48996207985973733,0.4422798409042762,0.011989891713451585,0.012668608118008193,128,8192,73984,interaction_0,0,1.0,reference_production_4|sel=2048,2814b4d76a9cc9419ec01ed447161e8acf050a7bbe1b8e92bdfa0e832e724270,deep_m0256_r0,True,,,
3,deep,32,True,final_geometry_v15_20260930,4327fe4ece9317f6fd20fad18389a71e9b1f423b,32,True,0.479754937218017,0.479754937218017,26053644a43eb048de684b7050a94fa78f2ebb10abd590cb99f65dc0baae3191,,interaction,2.171596519785836,probe,full_posterior,256,0.5019129037126938,0.45745975508639003,0.012003691000663848,0.011945473809434417,128,8192,73984,interaction_1,0,1.0,reference_production_4|sel=2048,2814b4d76a9cc9419ec01ed447161e8acf050a7bbe1b8e92bdfa0e832e724270,deep_m0256_r0,True,,,
3,deep,32,True,final_geometry_v15_20260930,4327fe4ece9317f6fd20fad18389a71e9b1f423b,32,True,0.4667376773696404,0.4667376773696404,26053644a43eb048de684b7050a94fa78f2ebb10abd590cb99f65dc0baae3191,,interaction,1.8468501734508513,probe,full_posterior,256,0.48802585323788455,0.440454500891712,0.01171049506372325,0.011012529140526498,128,8192,73984,interaction_2,0,1.0,reference_production_4|sel=2048,2814b4d76a9cc9419ec01ed447161e8acf050a7bbe1b8e92bdfa0e832e724270,deep_m0256_r0,True,,,
3,deep,32,True,final_geometry_v15_20260930,4327fe4ece9317f6fd20fad18389a71e9b1f423b,32,True,0.4599827158477905,0.4599827158477905,26053644a43eb048de684b7050a94fa78f2ebb10abd590cb99f65dc0baae3191,,interaction,1.7630829840500095,probe,full_posterior,256,0.4836784110580112,0.44076882127487355,0.012132030998442008,0.012683108330035293,128,8192,73984,interaction_3,0,1.0,reference_production_4|sel=2048,2814b4d76a9cc9419ec01ed447161e8acf050a7bbe1b8e92bdfa0e832e724270,deep_m0256_r0,True,,,
3,deep,64,True,final_geometry_v15_20260930,4327fe4ece9317f6fd20fad18389a71e9b1f423b,32,True,1.0576768054357943,1.0576768054357943,26053644a43eb048de684b7050a94fa78f2ebb10abd590cb99f65dc0baae3191,,control,3.289578155098464,probe,full_posterior,256,1.1025441908826032,1.007886471017119,0.024204984885077933,0.023804014211511612,128,8192,73984,q_A,0,1.0,reference_production_4|sel=2048,2814b4d76a9cc9419ec01ed447161e8acf050a7bbe1b8e92bdfa0e832e724270,deep_m0256_r0,True,,,
3,deep,32,True,final_geometry_v15_20260930,4327fe4ece9317f6fd20fad18389a71e9b1f423b,32,True,1.0052735077373287,1.0052735077373287,26053644a43eb048de684b7050a94fa78f2ebb10abd590cb99f65dc0baae3191,,control,3.0824980263513533,probe,full_posterior,256,1.047594367453239,0.9682148103756922,0.019981495942707848,0.020282784367252265,128,8192,73984,q_W,0,1.0,reference_production_4|sel=2048,2814b4d76a9cc9419ec01ed447161e8acf050a7bbe1b8e92bdfa0e832e724270,deep_m0256_r0,True,,,
3,deep,32,True,final_geometry_v15_20260930,4327fe4ece9317f6fd20fad18389a71e9b1f423b,32,True,0.24205245943382947,0.24205245943382947,26053644a43eb048de684b7050a94fa78f2ebb10abd590cb99f65dc0baae3191,,loss,,family,full_posterior,256,0.25114042238953005,0.23325732812414965,0.004816765285427776,0.004729752665144929,128,8192,73984,,0,1.0,reference_production_4|sel=2048,2814b4d76a9cc9419ec01ed447161e8acf050a7bbe1b8e92bdfa0e832e724270,deep_m0256_r0,True,V,V,"{""V"": 1.0}"
3,deep,32,True,final_geometry_v15_20260930,4327fe4ece9317f6fd20fad18389a71e9b1f423b,32,True,0.2520273130115487,0.2520273130115487,26053644a43eb048de684b7050a94fa78f2ebb10abd590cb99f65dc0baae3191,,train_logit,,family,full_posterior,256,0.2624790660018829,0.24025812038647937,0.006073371073252749,0.006354835363209976,128,8192,73984,,0,1.0,reference_production_4|sel=2048,2814b4d76a9cc9419ec01ed447161e8acf050a7bbe1b8e92bdfa0e832e724270,deep_m0256_r0,True,train_logit_32,train_logit_96,"{""train_logit_0"": 0.10625, ""train_logit_32"": 0.43875, ""train_logit_64"": 0.1275, ""train_logit_96"": 0.3275}"
3,deep,32,True,final_geometry_v15_20260930,4327fe4ece9317f6fd20fad18389a71e9b1f423b,32,True,0.47958238920478813,0.47958238920478813,26053644a43eb048de684b7050a94fa78f2ebb10abd590cb99f65dc0baae3191,,interaction,,family,full_posterior,256,0.5039219806121565,0.44168968920780666,0.016478374421939293,0.017863506641741807,128,8192,73984,,0,1.0,reference_production_4|sel=2048,2814b4d76a9cc9419ec01ed447161e8acf050a7bbe1b8e92bdfa0e832e724270,deep_m0256_r0,True,interaction_1,interaction_1,"{""interaction_0"": 0.1675, ""interaction_1"": 0.525, ""interaction_2"": 0.16625, ""interaction_3"": 0.14125}"
3,deep,64,True,final_geometry_v15_20260930,4327fe4ece9317f6fd20fad18389a71e9b1f423b,32,True,0.24616455668955384,0.24616455668955384,730e4f17bcedf61bcf9781789d396e3460316d3788d7d1d55b2ca11e40a11643,,loss,3.7600095652111616,probe,full_posterior,256,0.2544491932975943,0.2355466474135399,0.004721785701827804,0.004576207141740072,128,8192,73984,V,1,1.0,reference_production_4|sel=2048,09d81740c09e1434a4c78134a13a48b854f29cf5822e72d75983713cdb747963,deep_m0256_r1,True,,,
3,deep,32,True,final_geometry_v15_20260930,4327fe4ece9317f6fd20fad18389a71e9b1f423b,32,True,0.2623566025102118,0.2623566025102118,730e4f17bcedf61bcf9781789d396e3460316d3788d7d1d55b2ca11e40a11643,,train_logit,2.230635552344473,probe,full_posterior,256,0.27060595076496313,0.2534205782032344,0.00448832861763545,0.004303729627643699,128,8192,73984,train_logit_0,1,1.0,reference_production_4|sel=2048,09d81740c09e1434a4c78134a13a48b854f29cf5822e72d75983713cdb747963,deep_m0256_r1,True,,,
3,deep,32,True,final_geometry_v15_20260930,4327fe4ece9317f6fd20fad18389a71e9b1f423b,32,True,0.2478858503995884,0.2478858503995884,730e4f17bcedf61bcf9781789d396e3460316d3788d7d1d55b2ca11e40a11643,,train_logit,2.220218049255049,probe,full_posterior,256,0.25643906433981417,0.2405053259624175,0.0039208969731905595,0.0036029062639803184,128,8192,73984,train_logit_32,1,1.0,reference_production_4|sel=2048,09d81740c09e1434a4c78134a13a48b854f29cf5822e72d75983713cdb747963,deep_m0256_r1,True,,,
3,deep,32,True,final_geometry_v15_20260930,4327fe4ece9317f6fd20fad18389a71e9b1f423b,32,True,0.2556659670461127,0.2556659670461127,730e4f17bcedf61bcf9781789d396e3460316d3788d7d1d55b2ca11e40a11643,,train_logit,2.1841339054901177,probe,full_posterior,256,0.2622618353030308,0.24613970502868512,0.004133571139408338,0.004204839295598244,128,8192,73984,train_logit_64,1,1.0,reference_production_4|sel=2048,09d81740c09e1434a4c78134a13a48b854f29cf5822e72d75983713cdb747963,deep_m0256_r1,True,,,
3,deep,32,True,final_geometry_v15_20260930,4327fe4ece9317f6fd20fad18389a71e9b1f423b,32,True,0.26721496563413694,0.26721496563413694,730e4f17bcedf61bcf9781789d396e3460316d3788d7d1d55b2ca11e40a11643,,train_logit,2.196977824915908,probe,full_posterior,256,0.2763701030967461,0.2599681980000487,0.004207387914849631,0.004240099733624003,128,8192,73984,train_logit_96,1,1.0,reference_production_4|sel=2048,09d81740c09e1434a4c78134a13a48b854f29cf5822e72d75983713cdb747963,deep_m0256_r1,True,,,
3,deep,32,True,final_geometry_v15_20260930,4327fe4ece9317f6fd20fad18389a71e9b1f423b,32,True,0.4948030892665831,0.4948030892665831,730e4f17bcedf61bcf9781789d396e3460316d3788d7d1d55b2ca11e40a11643,,interaction,2.4316362907265665,probe,full_posterior,256,0.522197261657001,0.4677154817785463,0.0140528496912958,0.014648339402820452,128,8192,73984,interaction_0,1,1.0,reference_production_4|sel=2048,09d81740c09e1434a4c78134a13a48b854f29cf5822e72d75983713cdb747963,deep_m0256_r1,True,,,
3,deep,32,True,final_geometry_v15_20260930,4327fe4ece9317f6fd20fad18389a71e9b1f423b,32,True,0.46994555795146314,0.46994555795146314,730e4f17bcedf61bcf9781789d396e3460316d3788d7d1d55b2ca11e40a11643,,interaction,2.3422453176736266,probe,full_posterior,256,0.4968000502721111,0.4429076864557179,0.013986240907265952,0.014133274301448112,128,8192,73984,interaction_1,1,1.0,reference_production_4|sel=2048,09d81740c09e1434a4c78134a13a48b854f29cf5822e72d75983713cdb747963,deep_m0256_r1,True,,,
3,deep,32,True,final_geometry_v15_20260930,4327fe4ece9317f6fd20fad18389a71e9b1f423b,32,True,0.4637629020914357,0.4637629020914357,730e4f17bcedf61bcf9781789d396e3460316d3788d7d1d55b2ca11e40a11643,,interaction,2.566582183237984,probe,full_posterior,256,0.48741596231331374,0.44164894716691566,0.011328293417795149,0.012124419142061098,128,8192,73984,interaction_2,1,1.0,reference_production_4|sel=2048,09d81740c09e1434a4c78134a13a48b854f29cf5822e72d75983713cdb747963,deep_m0256_r1,True,,,
3,deep,32,True,final_geometry_v15_20260930,4327fe4ece9317f6fd20fad18389a71e9b1f423b,32,True,0.4925246227631452,0.4925246227631452,730e4f17bcedf61bcf9781789d396e3460316d3788d7d1d55b2ca11e40a11643,,interaction,2.320587559427053,probe,full_posterior,256,0.5245570893458783,0.46690539025004746,0.015420285834701918,0.01574817093061196,128,8192,73984,interaction_3,1,1.0,reference_production_4|sel=2048,09d81740c09e1434a4c78134a13a48b854f29cf5822e72d75983713cdb747963,deep_m0256_r1,True,,,
3,deep,64,True,final_geometry_v15_20260930,4327fe4ece9317f6fd20fad18389a71e9b1f423b,32,True,1.0382822857208804,1.0382822857208804,730e4f17bcedf61bcf9781789d396e3460316d3788d7d1d55b2ca11e40a11643,,control,4.726911052847143,probe,full_posterior,256,1.0964388006211856,0.9813492758064547,0.02836425487457558,0.025070911007346607,128,8192,73984,q_A,1,1.0,reference_production_4|sel=2048,09d81740c09e1434a4c78134a13a48b854f29cf5822e72d75983713cdb747963,deep_m0256_r1,True,,,
3,deep,64,True,final_geometry_v15_20260930,4327fe4ece9317f6fd20fad18389a71e9b1f423b,32,True,0.974930768407167,0.974930768407167,730e4f17bcedf61bcf9781789d396e3460316d3788d7d1d55b2ca11e40a11643,,control,4.340249410435792,probe,full_posterior,256,1.0166716225765617,0.9418779744227058,0.01919165291271641,0.01716734979614491,128,8192,73984,q_W,1,1.0,reference_production_4|sel=2048,09d81740c09e1434a4c78134a13a48b854f29cf5822e72d75983713cdb747963,deep_m0256_r1,True,,,
3,deep,64,True,final_geometry_v15_20260930,4327fe4ece9317f6fd20fad18389a71e9b1f423b,32,True,0.24595931070687838,0.24595931070687838,730e4f17bcedf61bcf9781789d396e3460316d3788d7d1d55b2ca11e40a11643,,loss,,family,full_posterior,256,0.2550358711811516,0.2351470463633649,0.004698223099657281,0.004246707397369456,128,8192,73984,,1,1.0,reference_production_4|sel=2048,09d81740c09e1434a4c78134a13a48b854f29cf5822e72d75983713cdb747963,deep_m0256_r1,True,V,V,"{""V"": 1.0}"
3,deep,32,True,final_geometry_v15_20260930,4327fe4ece9317f6fd20fad18389a71e9b1f423b,32,True,0.26714509546496074,0.26714509546496074,730e4f17bcedf61bcf9781789d396e3460316d3788d7d1d55b2ca11e40a11643,,train_logit,,family,full_posterior,256,0.27591928344896127,0.2462202909540344,0.007840784752576293,0.007707868872062589,128,8192,73984,,1,1.0,reference_production_4|sel=2048,09d81740c09e1434a4c78134a13a48b854f29cf5822e72d75983713cdb747963,deep_m0256_r1,True,train_logit_96,train_logit_96,"{""train_logit_0"": 0.245, ""train_logit_32"": 0.04375, ""train_logit_64"": 0.05125, ""train_logit_96"": 0.66}"
3,deep,32,True,final_geometry_v15_20260930,4327fe4ece9317f6fd20fad18389a71e9b1f423b,32,True,0.47723731236027866,0.47723731236027866,730e4f17bcedf61bcf9781789d396e3460316d3788d7d1d55b2ca11e40a11643,,interaction,,family,full_posterior,256,0.5174747392871735,0.44984488365995223,0.017196278249941292,0.01680496812269466,128,8192,73984,,1,1.0,reference_production_4|sel=2048,09d81740c09e1434a4c78134a13a48b854f29cf5822e72d75983713cdb747963,deep_m0256_r1,True,interaction_0,interaction_3,"{""interaction_0"": 0.48625, ""interaction_1"": 0.04125, ""interaction_2"": 0.035, ""interaction_3"": 0.4375}"
3,deep,32,True,final_geometry_v15_20260930,4327fe4ece9317f6fd20fad18389a71e9b1f423b,32,True,0.2296395805939164,0.2296395805939164,6d0c7a40235843727b7f20c09086921a471df32f597d55b0344ad0045c32577d,,loss,3.1946515888404727,probe,full_posterior,256,0.23823151593788242,0.22079730414951654,0.0043937420237245475,0.004077460083980928,128,8192,73984,V,2,1.0,reference_production_4|sel=2048,7d2b17335b5ae481f00e8793369fbe114f3ea563c80b91b01102266c3ab73d1e,deep_m0256_r2,True,,,
3,deep,32,True,final_geometry_v15_20260930,4327fe4ece9317f6fd20fad18389a71e9b1f423b,32,True,0.261731500786345,0.261731500786345,6d0c7a40235843727b7f20c09086921a471df32f597d55b0344ad0045c32577d,,train_logit,1.747979442174723,probe,full_posterior,256,0.2692118285340561,0.2531097561646482,0.004077808421018922,0.003858187747670987,128,8192,73984,train_logit_0,2,1.0,reference_production_4|sel=2048,7d2b17335b5ae481f00e8793369fbe114f3ea563c80b91b01102266c3ab73d1e,deep_m0256_r2,True,,,
3,deep,32,True,final_geometry_v15_20260930,4327fe4ece9317f6fd20fad18389a71e9b1f423b,32,True,0.23933945398673992,0.23933945398673992,6d0c7a40235843727b7f20c09086921a471df32f597d55b0344ad0045c32577d,,train_logit,1.771115427791905,probe,full_posterior,256,0.24682090552545827,0.2325427841690049,0.003920219444398556,0.0037666461457622966,128,8192,73984,train_logit_32,2,1.0,reference_production_4|sel=2048,7d2b17335b5ae481f00e8793369fbe114f3ea563c80b91b01102266c3ab73d1e,deep_m0256_r2,True,,,
3,deep,32,True,final_geometry_v15_20260930,4327fe4ece9317f6fd20fad18389a71e9b1f423b,32,True,0.25533527032295794,0.25533527032295794,6d0c7a40235843727b7f20c09086921a471df32f597d55b0344ad0045c32577d,,train_logit,1.7683658628722467,probe,full_posterior,256,0.26389177422394827,0.24722668031556075,0.004496121127988632,0.0043849435622588815,128,8192,73984,train_logit_64,2,1.0,reference_production_4|sel=2048,7d2b17335b5ae481f00e8793369fbe114f3ea563c80b91b01102266c3ab73d1e,deep_m0256_r2,True,,,
3,deep,32,True,final_geometry_v15_20260930,4327fe4ece9317f6fd20fad18389a71e9b1f423b,32,True,0.24245363818203963,0.24245363818203963,6d0c7a40235843727b7f20c09086921a471df32f597d55b0344ad0045c32577d,,train_logit,1.709838050858031,probe,full_posterior,256,0.2510940074538161,0.23641188812734168,0.0040113023421336725,0.0036632567375463774,128,8192,73984,train_logit_96,2,1.0,reference_production_4|sel=2048,7d2b17335b5ae481f00e8793369fbe114f3ea563c80b91b01102266c3ab73d1e,deep_m0256_r2,True,,,
3,deep,32,True,final_geometry_v15_20260930,4327fe4ece9317f6fd20fad18389a71e9b1f423b,32,True,0.45447608650320126,0.45447608650320126,6d0c7a40235843727b7f20c09086921a471df32f597d55b0344ad0045c32577d,,interaction,1.8445865761450537,probe,full_posterior,256,0.47387264244854366,0.43042527431739713,0.01085432765711188,0.010677695779964833,128,8192,73984,interaction_0,2,1.0,reference_production_4|sel=2048,7d2b17335b5ae481f00e8793369fbe114f3ea563c80b91b01102266c3ab73d1e,deep_m0256_r2,True,,,
3,deep,32,True,final_geometry_v15_20260930,4327fe4ece9317f6fd20fad18389a71e9b1f423b,32,True,0.47820926450309154,0.47820926450309154,6d0c7a40235843727b7f20c09086921a471df32f597d55b0344ad0045c32577d,,interaction,2.1119987818660855,probe,full_posterior,256,0.5033622745845647,0.45227991622965,0.012798930471690777,0.01216238297836658,128,8192,73984,interaction_1,2,1.0,reference_production_4|sel=2048,7d2b17335b5ae481f00e8793369fbe114f3ea563c80b91b01102266c3ab73d1e,deep_m0256_r2,True,,,
3,deep,32,True,final_geometry_v15_20260930,4327fe4ece9317f6fd20fad18389a71e9b1f423b,32,True,0.4580329224757356,0.4580329224757356,6d0c7a40235843727b7f20c09086921a471df32f597d55b0344ad0045c32577d,,interaction,2.1097773019222705,probe,full_posterior,256,0.4823762017831026,0.43757339294398767,0.011826697832574888,0.012336013733858855,128,8192,73984,interaction_2,2,1.0,reference_production_4|sel=2048,7d2b17335b5ae481f00e8793369fbe114f3ea563c80b91b01102266c3ab73d1e,deep_m0256_r2,True,,,
3,deep,32,True,final_geometry_v15_20260930,4327fe4ece9317f6fd20fad18389a71e9b1f423b,32,True,0.45879739681957765,0.45879739681957765,6d0c7a40235843727b7f20c09086921a471df32f597d55b0344ad0045c32577d,,interaction,1.9502516407348978,probe,full_posterior,256,0.4807970569030811,0.43646193793164517,0.011531227291683975,0.011096780742268896,128,8192,73984,interaction_3,2,1.0,reference_production_4|sel=2048,7d2b17335b5ae481f00e8793369fbe114f3ea563c80b91b01102266c3ab73d1e,deep_m0256_r2,True,,,
3,deep,64,True,final_geometry_v15_20260930,4327fe4ece9317f6fd20fad18389a71e9b1f423b,32,True,0.9901455555358754,0.9901455555358754,6d0c7a40235843727b7f20c09086921a471df32f597d55b0344ad0045c32577d,,control,3.6998158327279294,probe,full_posterior,256,1.0263427875696285,0.9422452237779336,0.021640745592866165,0.022226998656627677,128,8192,73984,q_A,2,1.0,reference_production_4|sel=2048,7d2b17335b5ae481f00e8793369fbe114f3ea563c80b91b01102266c3ab73d1e,deep_m0256_r2,True,,,
3,deep,64,True,final_geometry_v15_20260930,4327fe4ece9317f6fd20fad18389a71e9b1f423b,32,True,0.9878321014049785,0.9878321014049785,6d0c7a40235843727b7f20c09086921a471df32f597d55b0344ad0045c32577d,,control,4.0672996073372065,probe,full_posterior,256,1.0370180959056088,0.9429846431497629,0.02371779736268938,0.02250099888540608,128,8192,73984,q_W,2,1.0,reference_production_4|sel=2048,7d2b17335b5ae481f00e8793369fbe114f3ea563c80b91b01102266c3ab73d1e,deep_m0256_r2,True,,,
3,deep,32,True,final_geometry_v15_20260930,4327fe4ece9317f6fd20fad18389a71e9b1f423b,32,True,0.22946137146847576,0.22946137146847576,6d0c7a40235843727b7f20c09086921a471df32f597d55b0344ad0045c32577d,,loss,,family,full_posterior,256,0.2377587609691575,0.22095732850737806,0.00436779012262196,0.004002783723331,128,8192,73984,,2,1.0,reference_production_4|sel=2048,7d2b17335b5ae481f00e8793369fbe114f3ea563c80b91b01102266c3ab73d1e,deep_m0256_r2,True,V,V,"{""V"": 1.0}"
3,deep,32,True,final_geometry_v15_20260930,4327fe4ece9317f6fd20fad18389a71e9b1f423b,32,True,0.26168510029671366,0.26168510029671366,6d0c7a40235843727b7f20c09086921a471df32f597d55b0344ad0045c32577d,,train_logit,,family,full_posterior,256,0.2714800288932642,0.24078037794648527,0.007267385044556714,0.00758531846283804,128,8192,73984,,2,1.0,reference_production_4|sel=2048,7d2b17335b5ae481f00e8793369fbe114f3ea563c80b91b01102266c3ab73d1e,deep_m0256_r2,True,train_logit_0,train_logit_0,"{""train_logit_0"": 0.735, ""train_logit_32"": 0.02375, ""train_logit_64"": 0.2375, ""train_logit_96"": 0.00375}"
3,deep,32,True,final_geometry_v15_20260930,4327fe4ece9317f6fd20fad18389a71e9b1f423b,32,True,0.478095565915223,0.478095565915223,6d0c7a40235843727b7f20c09086921a471df32f597d55b0344ad0045c32577d,,interaction,,family,full_posterior,256,0.5012706892488006,0.43031901058769817,0.020203449007938377,0.0197981729298475,128,8192,73984,,2,1.0,reference_production_4|sel=2048,7d2b17335b5ae481f00e8793369fbe114f3ea563c80b91b01102266c3ab73d1e,deep_m0256_r2,True,interaction_1,interaction_1,"{""interaction_0"": 0.20875, ""interaction_1"": 0.52625, ""interaction_2"": 0.1375, ""interaction_3"": 0.1275}"
