architecture,m,replicate,lag,rho
shallow,64,0,0,1.0
shallow,64,0,1,0.9670879620201707
shallow,64,0,2,0.935837469373719
shallow,64,0,3,0.906076902206211
shallow,64,0,4,0.8777297099756435
shallow,64,0,5,0.8505555655429584
shallow,64,0,6,0.8245268399473487
shallow,64,0,7,0.7996223994651348
shallow,64,0,8,0.7759191695054222
shallow,64,0,9,0.7532233709586255
shallow,64,0,10,0.7314910022183443
shallow,64,0,11,0.7106610011284878
shallow,64,0,12,0.690690484629899
shallow,64,0,13,0.671447521650076
shallow,64,0,14,0.6529216872733685
shallow,64,0,15,0.6351540165918641
shallow,64,0,16,0.6179628898904731
shallow,64,0,17,0.6014444137583299
shallow,64,0,18,0.5854730615105267
shallow,64,0,19,0.5698900337593138
shallow,64,0,20,0.5548663384074033
shallow,64,0,21,0.5403695758639295
shallow,64,0,22,0.5266402736954134
shallow,64,0,23,0.5134400572810919
shallow,64,0,24,0.5006487549530187
shallow,64,0,25,0.48833550279824484
shallow,64,0,26,0.4764865423433928
shallow,64,0,27,0.4651550971970459
shallow,64,0,28,0.4542885552622418
shallow,64,0,29,0.4437210988053074
shallow,64,0,30,0.4334772802297022
shallow,64,0,31,0.423534735170516
shallow,64,0,32,0.4137978546148621
shallow,64,0,33,0.40431621554335195
shallow,64,0,34,0.39526794767823237
shallow,64,0,35,0.3865775900266545
shallow,64,0,36,0.3781239207252971
shallow,64,0,37,0.36988683532033684
shallow,64,0,38,0.36181840086361083
shallow,64,0,39,0.3538512469018199
shallow,64,0,40,0.34603902071177484
shallow,64,0,41,0.3385638922829495
shallow,64,0,42,0.33125447305344796
shallow,64,0,43,0.3241179196319852
shallow,64,0,44,0.317371142121586
shallow,64,0,45,0.3107503658518097
shallow,64,0,46,0.3044070200164939
shallow,64,0,47,0.2982608304920583
shallow,64,0,48,0.2923900905772706
shallow,64,0,49,0.2867198107319749
shallow,64,0,50,0.28109583441215574
shallow,64,0,51,0.27569806726093693
shallow,64,0,52,0.27054344173058487
shallow,64,0,53,0.2654717802053238
shallow,64,0,54,0.26044123456886875
shallow,64,0,55,0.25551510012992
shallow,64,0,56,0.2507466954373839
shallow,64,0,57,0.2460058803789711
shallow,64,0,58,0.24136867182832974
shallow,64,0,59,0.23666551704329566
shallow,64,0,60,0.23221530812502308
shallow,64,0,61,0.2279036049238763
shallow,64,0,62,0.22359600332650575
shallow,64,0,63,0.21933020983249668
shallow,64,0,64,0.21534415028855192
shallow,64,0,65,0.21158679280361886
shallow,64,0,66,0.20792641699400605
shallow,64,0,67,0.2044596171164754
shallow,64,0,68,0.20119379030131132
shallow,64,0,69,0.19800343399015907
shallow,64,0,70,0.1947913573718424
shallow,64,0,71,0.19169104160764083
shallow,64,0,72,0.1885399849213006
shallow,64,0,73,0.1854568922681899
shallow,64,0,74,0.18238094929580778
shallow,64,0,75,0.1792100433026517
shallow,64,0,76,0.17608326400850824
shallow,64,0,77,0.17316631741209565
shallow,64,0,78,0.17034017811352564
shallow,64,0,79,0.16749225825846997
shallow,64,0,80,0.16467920747780798
shallow,64,0,81,0.16189088562321235
shallow,64,0,82,0.15910569852012893
shallow,64,0,83,0.15647187555213127
shallow,64,0,84,0.15396758997055318
shallow,64,0,85,0.15131809903499624
shallow,64,0,86,0.14876215314587626
shallow,64,0,87,0.14608194185335138
shallow,64,0,88,0.1434699363614416
shallow,64,0,89,0.14088505914029245
shallow,64,0,90,0.1384410168566002
shallow,64,0,91,0.13606667220155805
shallow,64,0,92,0.13387343561926512
shallow,64,0,93,0.13186652908573118
shallow,64,0,94,0.12996758795959606
shallow,64,0,95,0.1281777231700012
shallow,64,0,96,0.1264273623028566
shallow,64,0,97,0.12469020742208796
shallow,64,0,98,0.12296534669213083
shallow,64,0,99,0.12113898345610702
shallow,64,0,100,0.11945228377110195
shallow,64,0,101,0.11786136985978762
shallow,64,0,102,0.11611586451374994
shallow,64,0,103,0.1143868213188016
shallow,64,0,104,0.11275672174933869
shallow,64,0,105,0.11103825589536306
shallow,64,0,106,0.10931853122225701
shallow,64,0,107,0.10774569522429986
shallow,64,0,108,0.10622017966274389
shallow,64,0,109,0.10472485245337951
shallow,64,0,110,0.10312645928927953
shallow,64,0,111,0.10167486576874377
shallow,64,0,112,0.10033525921040728
shallow,64,0,113,0.09891048571089361
shallow,64,0,114,0.0974290273078243
shallow,64,0,115,0.09602539052600112
shallow,64,0,116,0.09479109049456111
shallow,64,0,117,0.09342324595409622
shallow,64,0,118,0.09216919256799072
shallow,64,0,119,0.0908658810411576
shallow,64,0,120,0.08963646265379135
shallow,64,0,121,0.0883665803652578
shallow,64,0,122,0.08707153090659824
shallow,64,0,123,0.08586123094758233
shallow,64,0,124,0.08459761488043692
shallow,64,0,125,0.0833916989746929
shallow,64,0,126,0.08209552893782165
shallow,64,0,127,0.08080735078822247
shallow,64,0,128,0.07957428617044585
shallow,64,0,129,0.0783513868560927
shallow,64,0,130,0.07704697479610786
shallow,64,0,131,0.07570346817415881
shallow,64,0,132,0.07427923680649462
shallow,64,0,133,0.07292527558349356
shallow,64,0,134,0.07141700114866159
shallow,64,0,135,0.07006813868510027
shallow,64,0,136,0.06879997593000087
shallow,64,0,137,0.06751872464489023
shallow,64,0,138,0.06634550954488246
shallow,64,0,139,0.0653317065280464
shallow,64,0,140,0.06434276614964717
shallow,64,0,141,0.06340821908820425
shallow,64,0,142,0.06248259399017883
shallow,64,0,143,0.06153086128582927
shallow,64,0,144,0.060752540178657305
shallow,64,0,145,0.060029505407899794
shallow,64,0,146,0.059453797268290615
shallow,64,0,147,0.05894223180208781
shallow,64,0,148,0.05834577371458416
shallow,64,0,149,0.05775185760650409
shallow,64,0,150,0.05726966759519084
shallow,64,0,151,0.056590485558629194
shallow,64,0,152,0.05605578048454878
shallow,64,0,153,0.055490459675810885
shallow,64,0,154,0.05490574222911879
shallow,64,0,155,0.05424364227262712
shallow,64,0,156,0.05367968764694439
shallow,64,0,157,0.05297941734110312
shallow,64,0,158,0.05230127067477291
shallow,64,0,159,0.05162942185650254
shallow,64,0,160,0.05084965502007726
shallow,64,0,161,0.050076025615301584
shallow,64,0,162,0.04925099325273614
shallow,64,0,163,0.04836897085501313
shallow,64,0,164,0.04760970713754171
shallow,64,0,165,0.04684027211093947
shallow,64,0,166,0.04602698090644494
shallow,64,0,167,0.045173592872600206
shallow,64,0,168,0.04435774486039901
shallow,64,0,169,0.043608718520838585
shallow,64,0,170,0.04279876402033125
shallow,64,0,171,0.04194918916465909
shallow,64,0,172,0.04108794420359784
shallow,64,0,173,0.040231523533435495
shallow,64,0,174,0.03943831584071339
shallow,64,0,175,0.038564579064858925
shallow,64,0,176,0.03767600635162403
shallow,64,0,177,0.03671998784391016
shallow,64,0,178,0.03576581582726554
shallow,64,0,179,0.034768335875127135
shallow,64,0,180,0.034054142704685736
shallow,64,0,181,0.03343904347555271
shallow,64,0,182,0.03290241732308448
shallow,64,0,183,0.032503792077178156
shallow,64,0,184,0.0320370841548416
shallow,64,0,185,0.03155763221738634
shallow,64,0,186,0.03113633469039631
shallow,64,0,187,0.03063300178400526
shallow,64,0,188,0.030282739487237274
shallow,64,0,189,0.030024409006315284
shallow,64,0,190,0.029632481954130645
shallow,64,0,191,0.02928826036096173
shallow,64,0,192,0.02896324831698629
shallow,64,0,193,0.028525369045831826
shallow,64,0,194,0.02816373314768461
shallow,64,0,195,0.02800071500372784
shallow,64,0,196,0.027815725191252888
shallow,64,0,197,0.02758367573773824
shallow,64,0,198,0.027653598614640035
shallow,64,0,199,0.027599518749134397
shallow,64,0,200,0.027448743785563647
shallow,64,0,201,0.02749216419879936
shallow,64,0,202,0.027688049335908654
shallow,64,0,203,0.027951525551644256
shallow,64,0,204,0.02810382805110365
shallow,64,0,205,0.02809814408123805
shallow,64,0,206,0.0281543831332981
shallow,64,0,207,0.028395752544057958
shallow,64,0,208,0.02851859442714763
shallow,64,0,209,0.028716842688323613
shallow,64,0,210,0.028670259631819673
shallow,64,0,211,0.028629129820297614
shallow,64,0,212,0.02854641823879
shallow,64,0,213,0.028579933049906418
shallow,64,0,214,0.028480096510647104
shallow,64,0,215,0.028382542520607474
shallow,64,0,216,0.02829193544035966
shallow,64,0,217,0.028072086372463438
shallow,64,0,218,0.027814818375046804
shallow,64,0,219,0.027563851397238243
shallow,64,0,220,0.027231269585535466
shallow,64,0,221,0.02698888596201783
shallow,64,0,222,0.026691541987294273
shallow,64,0,223,0.026410282656374524
shallow,64,0,224,0.025940007509045238
shallow,64,0,225,0.025674527263464086
shallow,64,0,226,0.025354462353196418
shallow,64,0,227,0.025132246096237654
shallow,64,0,228,0.02502396864859132
shallow,64,0,229,0.024952543817177188
shallow,64,0,230,0.024892085126997435
shallow,64,0,231,0.024802938486904184
shallow,64,0,232,0.024967092042497703
shallow,64,0,233,0.024918271098129878
shallow,64,0,234,0.024973432695906066
shallow,64,0,235,0.0252087876535826
shallow,64,0,236,0.02535965746508989
shallow,64,0,237,0.025516709616173083
shallow,64,0,238,0.02578128913836186
shallow,64,0,239,0.02608642527610651
shallow,64,0,240,0.02644422836400403
shallow,64,0,241,0.02665639513107744
shallow,64,0,242,0.026547590536862273
shallow,64,0,243,0.02636927602518597
shallow,64,0,244,0.02618851743533465
shallow,64,0,245,0.025936618905731165
shallow,64,0,246,0.02564815629529523
shallow,64,0,247,0.025464178824005052
shallow,64,0,248,0.025211834885041723
shallow,64,0,249,0.024927757626005968
shallow,64,0,250,0.024731269103686462
shallow,64,0,251,0.024745528021141598
shallow,64,0,252,0.02475152254149226
shallow,64,0,253,0.024648005335974492
shallow,64,0,254,0.02462552094300157
shallow,64,0,255,0.024427611388284545
shallow,64,0,256,0.024079766240831316
shallow,64,0,257,0.02390638119643184
shallow,64,0,258,0.023654266728756843
shallow,64,0,259,0.023433661550082377
shallow,64,0,260,0.023296360660908597
shallow,64,0,261,0.023068162726033167
shallow,64,0,262,0.022934153563090053
shallow,64,0,263,0.02271130425683819
shallow,64,0,264,0.02242067451145978
shallow,64,0,265,0.022112791856025424
shallow,64,0,266,0.021770270893538023
shallow,64,0,267,0.021579770203680924
shallow,64,0,268,0.021548810020658383
shallow,64,0,269,0.02138836794146564
shallow,64,0,270,0.021174307399318824
shallow,64,0,271,0.02095677035725277
shallow,64,0,272,0.02080564792956658
shallow,64,0,273,0.020350283819679994
shallow,64,0,274,0.019850883343374457
shallow,64,0,275,0.019373557949284477
shallow,64,0,276,0.019019592314527434
shallow,64,0,277,0.018600496292800278
shallow,64,0,278,0.018236315561347013
shallow,64,0,279,0.017674205416464115
shallow,64,0,280,0.017197924261735848
shallow,64,0,281,0.01696444326149454
shallow,64,0,282,0.016813895424180648
shallow,64,0,283,0.016712786579988474
shallow,64,0,284,0.01663820016463555
shallow,64,0,285,0.016556497448657666
shallow,64,0,286,0.016455796591318135
shallow,64,0,287,0.01644362613168322
shallow,64,0,288,0.01646699537523301
shallow,64,0,289,0.01665117713295875
shallow,64,0,290,0.01692973880273691
shallow,64,0,291,0.017027908460166448
shallow,64,0,292,0.01711155657435303
shallow,64,0,293,0.017331741138083733
shallow,64,0,294,0.017465091866066807
shallow,64,0,295,0.017545793687550097
shallow,64,0,296,0.017645838103200157
shallow,64,0,297,0.01782177589540244
shallow,64,0,298,0.017881168637495455
shallow,64,0,299,0.018077620576555074
shallow,64,0,300,0.018200105936000993
shallow,64,0,301,0.01840547930887365
shallow,64,0,302,0.0186364844960464
shallow,64,0,303,0.018904833500657414
shallow,64,0,304,0.019202620987666497
shallow,64,0,305,0.01933607619863916
shallow,64,0,306,0.019549233359628035
shallow,64,0,307,0.01965167888732021
shallow,64,0,308,0.01963212970679561
shallow,64,0,309,0.019556234977116938
shallow,64,0,310,0.019543273468725912
shallow,64,0,311,0.01958498198142737
shallow,64,0,312,0.019681553216557963
shallow,64,0,313,0.019888483373346658
shallow,64,0,314,0.020077398892238724
shallow,64,0,315,0.020201263882359093
shallow,64,0,316,0.020235490655591548
shallow,64,0,317,0.02029124989168454
shallow,64,0,318,0.02037480576284098
shallow,64,0,319,0.020513629359984693
shallow,64,0,320,0.02074893357402094
shallow,64,0,321,0.0208102316762747
shallow,64,0,322,0.02087465377114979
shallow,64,0,323,0.020787808723200532
shallow,64,0,324,0.020674180869755213
shallow,64,0,325,0.02058584185739412
shallow,64,0,326,0.02041032892505113
shallow,64,0,327,0.020147034820844897
shallow,64,0,328,0.019808037283579525
shallow,64,0,329,0.019581303963127423
shallow,64,0,330,0.01956238183611625
shallow,64,0,331,0.019505683439290634
shallow,64,0,332,0.019509191740815723
shallow,64,0,333,0.019490890245130617
shallow,64,0,334,0.019312777539723013
shallow,64,0,335,0.019227788136932
shallow,64,0,336,0.019077761376814564
shallow,64,0,337,0.01882737828015565
shallow,64,0,338,0.018607586103941604
shallow,64,0,339,0.01827937812544555
shallow,64,0,340,0.017970987453294868
shallow,64,0,341,0.01764990562344677
shallow,64,0,342,0.01752790831697345
shallow,64,0,343,0.017577991373489133
shallow,64,0,344,0.017631566358754115
shallow,64,0,345,0.017732897319094873
shallow,64,0,346,0.017952604445989208
shallow,64,0,347,0.01808642086596344
shallow,64,0,348,0.018026791731132894
shallow,64,0,349,0.017953443177416463
shallow,64,0,350,0.018012805212694175
shallow,64,0,351,0.01808303192385254
shallow,64,0,352,0.018091488238242283
shallow,64,0,353,0.01802839258449503
shallow,64,0,354,0.017924133017321334
shallow,64,0,355,0.017883164901853904
shallow,64,0,356,0.01781576728866111
shallow,64,0,357,0.017743111647643514
shallow,64,0,358,0.017824322353954612
shallow,64,0,359,0.01801345188272169
shallow,64,0,360,0.018177696553997535
shallow,64,0,361,0.01832222384172955
shallow,64,0,362,0.018418692683768986
shallow,64,0,363,0.018529791254551058
shallow,64,0,364,0.01851539341180059
shallow,64,0,365,0.018565434207838554
shallow,64,0,366,0.018641019178274598
shallow,64,0,367,0.018614705453345863
shallow,64,0,368,0.018495554655645056
shallow,64,0,369,0.01840946552727998
shallow,64,0,370,0.018266921585237038
shallow,64,0,371,0.018166618510310838
shallow,64,0,372,0.018027401509354793
shallow,64,0,373,0.017697153347728707
shallow,64,0,374,0.017473311971577372
shallow,64,0,375,0.01730578033929217
shallow,64,0,376,0.01715612723763123
shallow,64,0,377,0.01698421489784696
shallow,64,0,378,0.016879163245427018
shallow,64,0,379,0.016822597163267
shallow,64,0,380,0.016756188364988083
shallow,64,0,381,0.016672091200089518
shallow,64,0,382,0.016373219067152174
shallow,64,0,383,0.016080071243065153
shallow,64,0,384,0.015644381518881582
shallow,64,0,385,0.015216649365025326
shallow,64,0,386,0.014883142536006592
shallow,64,0,387,0.01458005455976866
shallow,64,0,388,0.014393007265118496
shallow,64,0,389,0.014132736050581584
shallow,64,0,390,0.013952048767229988
shallow,64,0,391,0.013728909835711588
shallow,64,0,392,0.013719446157486015
shallow,64,0,393,0.013716194040202847
shallow,64,0,394,0.013638473889039982
shallow,64,0,395,0.013615268507145213
shallow,64,0,396,0.013647816674934372
shallow,64,0,397,0.013656052361916301
shallow,64,0,398,0.013683077637059908
shallow,64,0,399,0.013801189521917005
shallow,64,0,400,0.013893245282586857
shallow,64,1,0,1.0
shallow,64,1,1,0.9704208909082597
shallow,64,1,2,0.9420775319818318
shallow,64,1,3,0.9149435010466841
shallow,64,1,4,0.8888447425134969
shallow,64,1,5,0.8638248419440652
shallow,64,1,6,0.8397920776035734
shallow,64,1,7,0.8167205618432709
shallow,64,1,8,0.7946187297815643
shallow,64,1,9,0.7734359189999358
shallow,64,1,10,0.7530339048262757
shallow,64,1,11,0.7334031123809189
shallow,64,1,12,0.7144836768349785
shallow,64,1,13,0.6962943715195324
shallow,64,1,14,0.6785857153346939
shallow,64,1,15,0.6616382091379501
shallow,64,1,16,0.6452829021053652
shallow,64,1,17,0.6294183368371572
shallow,64,1,18,0.6140983958674003
shallow,64,1,19,0.5992107947473848
shallow,64,1,20,0.5848694802545362
shallow,64,1,21,0.5711908166583786
shallow,64,1,22,0.5579503146084892
shallow,64,1,23,0.5451391305919748
shallow,64,1,24,0.5327199485032454
shallow,64,1,25,0.5206718497819137
shallow,64,1,26,0.5090485263356695
shallow,64,1,27,0.49777222637024154
shallow,64,1,28,0.486944119510969
shallow,64,1,29,0.47655749283759063
shallow,64,1,30,0.46631272713087596
shallow,64,1,31,0.4563153534209604
shallow,64,1,32,0.44669100790846866
shallow,64,1,33,0.4373986572801025
shallow,64,1,34,0.42834603537942134
shallow,64,1,35,0.4195731269222161
shallow,64,1,36,0.4112202404486779
shallow,64,1,37,0.40311420573695034
shallow,64,1,38,0.3951298325143191
shallow,64,1,39,0.38726319227012707
shallow,64,1,40,0.37967079089830935
shallow,64,1,41,0.3724099769146917
shallow,64,1,42,0.365377282691033
shallow,64,1,43,0.3585314125671542
shallow,64,1,44,0.3517697295760867
shallow,64,1,45,0.3451524093695169
shallow,64,1,46,0.3386733431431256
shallow,64,1,47,0.3323162662664404
shallow,64,1,48,0.32614507040975377
shallow,64,1,49,0.32006649793131225
shallow,64,1,50,0.3140367468160181
shallow,64,1,51,0.30813388175455536
shallow,64,1,52,0.3024111121866427
shallow,64,1,53,0.2968098245529157
shallow,64,1,54,0.29157362905009154
shallow,64,1,55,0.2865699449533028
shallow,64,1,56,0.28173976980315424
shallow,64,1,57,0.2769561753232373
shallow,64,1,58,0.2721319989322169
shallow,64,1,59,0.26735012844052863
shallow,64,1,60,0.2627295875974733
shallow,64,1,61,0.2582608619153919
shallow,64,1,62,0.25378960093502373
shallow,64,1,63,0.2494653461359271
shallow,64,1,64,0.24514279631672775
shallow,64,1,65,0.24080025533095437
shallow,64,1,66,0.23658199731840387
shallow,64,1,67,0.23244182963254906
shallow,64,1,68,0.2284915494297947
shallow,64,1,69,0.22470404168515712
shallow,64,1,70,0.22083175743990502
shallow,64,1,71,0.21708810620554228
shallow,64,1,72,0.21325701709825773
shallow,64,1,73,0.20957843231143575
shallow,64,1,74,0.2059291580220675
shallow,64,1,75,0.2025415027473342
shallow,64,1,76,0.19919838879567964
shallow,64,1,77,0.19598592441749424
shallow,64,1,78,0.1928495478830903
shallow,64,1,79,0.19004021889445596
shallow,64,1,80,0.18721451536956268
shallow,64,1,81,0.18437492538113762
shallow,64,1,82,0.18147282276800747
shallow,64,1,83,0.1787651937930017
shallow,64,1,84,0.17602512064703751
shallow,64,1,85,0.17330470522764108
shallow,64,1,86,0.17076399253272315
shallow,64,1,87,0.168199283002397
shallow,64,1,88,0.16573524669254633
shallow,64,1,89,0.1634501169264588
shallow,64,1,90,0.1612180215417817
shallow,64,1,91,0.15902306649105846
shallow,64,1,92,0.15683560035329622
shallow,64,1,93,0.1546406273182242
shallow,64,1,94,0.1523153460635463
shallow,64,1,95,0.1500351921088618
shallow,64,1,96,0.14797367026738553
shallow,64,1,97,0.14605118929153976
shallow,64,1,98,0.1441810904160308
shallow,64,1,99,0.1423799815630371
shallow,64,1,100,0.14068420911989377
shallow,64,1,101,0.1389446601886225
shallow,64,1,102,0.13724629876343322
shallow,64,1,103,0.1355531592949865
shallow,64,1,104,0.13397175686784166
shallow,64,1,105,0.13234871812817586
shallow,64,1,106,0.13065617850770678
shallow,64,1,107,0.12894979121469016
shallow,64,1,108,0.1273872864383856
shallow,64,1,109,0.12575468816508312
shallow,64,1,110,0.12408309540201395
shallow,64,1,111,0.12239868448541137
shallow,64,1,112,0.120812730009768
shallow,64,1,113,0.1192150953505853
shallow,64,1,114,0.11759971699448295
shallow,64,1,115,0.11589366553468279
shallow,64,1,116,0.11433889281459517
shallow,64,1,117,0.1129003749098904
shallow,64,1,118,0.11158283425455942
shallow,64,1,119,0.10993068585020954
shallow,64,1,120,0.10837498945694354
shallow,64,1,121,0.10659513662009393
shallow,64,1,122,0.10482808131473405
shallow,64,1,123,0.10313667807283179
shallow,64,1,124,0.10146992357601772
shallow,64,1,125,0.09985512266375351
shallow,64,1,126,0.09839527418946739
shallow,64,1,127,0.09698624564938403
shallow,64,1,128,0.09560903791606482
shallow,64,1,129,0.09411391224904421
shallow,64,1,130,0.09265850219323454
shallow,64,1,131,0.09124910115417928
shallow,64,1,132,0.0898368056801411
shallow,64,1,133,0.08851491187413624
shallow,64,1,134,0.08740948974500606
shallow,64,1,135,0.0863096825270702
shallow,64,1,136,0.08534097343671175
shallow,64,1,137,0.08432083079333573
shallow,64,1,138,0.08324982048100536
shallow,64,1,139,0.08224869985141144
shallow,64,1,140,0.08116643584052004
shallow,64,1,141,0.08010515597516293
shallow,64,1,142,0.07922479152100101
shallow,64,1,143,0.07852864879050965
shallow,64,1,144,0.07775265224185456
shallow,64,1,145,0.07716467799588067
shallow,64,1,146,0.07658689458009323
shallow,64,1,147,0.07595637745694206
shallow,64,1,148,0.07526779600565767
shallow,64,1,149,0.07443572639309212
shallow,64,1,150,0.07366129949952113
shallow,64,1,151,0.07283880063440117
shallow,64,1,152,0.07176367250370261
shallow,64,1,153,0.07058263083437058
shallow,64,1,154,0.06949187570620204
shallow,64,1,155,0.06860125922706564
shallow,64,1,156,0.06764240557254117
shallow,64,1,157,0.06650209589778838
shallow,64,1,158,0.06528205690919091
shallow,64,1,159,0.06413205993916034
shallow,64,1,160,0.06299660455185609
shallow,64,1,161,0.062040120502007474
shallow,64,1,162,0.06094940781116977
shallow,64,1,163,0.05975145073182843
shallow,64,1,164,0.05840058856239224
shallow,64,1,165,0.05732035513938853
shallow,64,1,166,0.05621564001883354
shallow,64,1,167,0.05518102537520464
shallow,64,1,168,0.05406371102432721
shallow,64,1,169,0.05305565824536058
shallow,64,1,170,0.052026636149223086
shallow,64,1,171,0.05099236162949165
shallow,64,1,172,0.049993698007819665
shallow,64,1,173,0.04907364019178048
shallow,64,1,174,0.04806737048510103
shallow,64,1,175,0.04710171475522279
shallow,64,1,176,0.046087776550206856
shallow,64,1,177,0.04487465924687474
shallow,64,1,178,0.04378493448870287
shallow,64,1,179,0.042798718091260034
shallow,64,1,180,0.041781178251287326
shallow,64,1,181,0.04075068501228231
shallow,64,1,182,0.03974127070061448
shallow,64,1,183,0.03877259095318639
shallow,64,1,184,0.03777196233310402
shallow,64,1,185,0.03685136372451561
shallow,64,1,186,0.036009954188868
shallow,64,1,187,0.03524945903709213
shallow,64,1,188,0.03462891446084527
shallow,64,1,189,0.034074891653331524
shallow,64,1,190,0.03363880617625128
shallow,64,1,191,0.033043732323711425
shallow,64,1,192,0.03261769026770341
shallow,64,1,193,0.03214306311581426
shallow,64,1,194,0.031563347184492836
shallow,64,1,195,0.03109526007369761
shallow,64,1,196,0.030715694084086254
shallow,64,1,197,0.030331872497976472
shallow,64,1,198,0.029841561935977347
shallow,64,1,199,0.029191237019382896
shallow,64,1,200,0.028479139771819248
shallow,64,1,201,0.02787960632883496
shallow,64,1,202,0.027300804950238053
shallow,64,1,203,0.0267661932536839
shallow,64,1,204,0.026268400754613133
shallow,64,1,205,0.02579587051562718
shallow,64,1,206,0.025428972848722458
shallow,64,1,207,0.02520524534089238
shallow,64,1,208,0.025055944896704915
shallow,64,1,209,0.024939810505635478
shallow,64,1,210,0.02485215503935079
shallow,64,1,211,0.024646598132940293
shallow,64,1,212,0.024335507361293127
shallow,64,1,213,0.02395353911589778
shallow,64,1,214,0.023484216197366566
shallow,64,1,215,0.0231309408048383
shallow,64,1,216,0.022824171554004704
shallow,64,1,217,0.022535367328600987
shallow,64,1,218,0.02231819293978481
shallow,64,1,219,0.022024729530020902
shallow,64,1,220,0.02182338101334918
shallow,64,1,221,0.021720166856887928
shallow,64,1,222,0.021656216095001967
shallow,64,1,223,0.02143584624819767
shallow,64,1,224,0.02128237776044513
shallow,64,1,225,0.021094425488659436
shallow,64,1,226,0.021021240184020924
shallow,64,1,227,0.02090966787479457
shallow,64,1,228,0.021018001688904796
shallow,64,1,229,0.021165069858332313
shallow,64,1,230,0.02132006651082178
shallow,64,1,231,0.021552819418852565
shallow,64,1,232,0.02181807822573185
shallow,64,1,233,0.021913686282269425
shallow,64,1,234,0.021944279573813525
shallow,64,1,235,0.021874354790506492
shallow,64,1,236,0.021696790549108346
shallow,64,1,237,0.021555035966786335
shallow,64,1,238,0.021324126500803987
shallow,64,1,239,0.021158757961763214
shallow,64,1,240,0.020954533191894886
shallow,64,1,241,0.020650659052903024
shallow,64,1,242,0.020374444389589404
shallow,64,1,243,0.01996146585492242
shallow,64,1,244,0.019686056638175995
shallow,64,1,245,0.01944297367978261
shallow,64,1,246,0.019029066817866057
shallow,64,1,247,0.018761868188462184
shallow,64,1,248,0.01856861742190105
shallow,64,1,249,0.018387250010482213
shallow,64,1,250,0.01823356214192266
shallow,64,1,251,0.017993260258741282
shallow,64,1,252,0.017991748053135703
shallow,64,1,253,0.01786646432227609
shallow,64,1,254,0.01785509269948105
shallow,64,1,255,0.01787474250744933
shallow,64,1,256,0.017863065461123553
shallow,64,1,257,0.017895876010969244
shallow,64,1,258,0.017919529387404223
shallow,64,1,259,0.01787571595762615
shallow,64,1,260,0.01781459890194886
shallow,64,1,261,0.017575906901357866
shallow,64,1,262,0.017327482400661672
shallow,64,1,263,0.017045911841545962
shallow,64,1,264,0.01678565475529565
shallow,64,1,265,0.016525254311106016
shallow,64,1,266,0.01639762372879512
shallow,64,1,267,0.016273620733636356
shallow,64,1,268,0.016186673642870214
shallow,64,1,269,0.016020083834296008
shallow,64,1,270,0.015794566200640278
shallow,64,1,271,0.015708972168352937
shallow,64,1,272,0.01571405695416217
shallow,64,1,273,0.015712883436384776
shallow,64,1,274,0.015656471600012774
shallow,64,1,275,0.01564957000183338
shallow,64,1,276,0.015542926210913867
shallow,64,1,277,0.01534862566752256
shallow,64,1,278,0.015203429868225002
shallow,64,1,279,0.014918180069857543
shallow,64,1,280,0.014650886628456736
shallow,64,1,281,0.014384060161193523
shallow,64,1,282,0.01407376493842953
shallow,64,1,283,0.013735133968201054
shallow,64,1,284,0.013294673228531421
shallow,64,1,285,0.012924726558140545
shallow,64,1,286,0.01261394189981698
shallow,64,1,287,0.01227464680136017
shallow,64,1,288,0.012028512467285356
shallow,64,1,289,0.01176718485082148
shallow,64,1,290,0.011511239366900263
shallow,64,1,291,0.01135950566063351
shallow,64,1,292,0.011183339817627511
shallow,64,1,293,0.011016939366718312
shallow,64,1,294,0.010928895312535054
shallow,64,1,295,0.010796180731774494
shallow,64,1,296,0.010575520260689643
shallow,64,1,297,0.010368535128551369
shallow,64,1,298,0.010047277584635948
shallow,64,1,299,0.009689108959948947
shallow,64,1,300,0.00925893765469501
shallow,64,1,301,0.008848957340524596
shallow,64,1,302,0.008429863210999979
shallow,64,1,303,0.008040765003069616
shallow,64,1,304,0.007673399418219248
shallow,64,1,305,0.007201681475800405
shallow,64,1,306,0.006678252391781422
shallow,64,1,307,0.006464661155910323
shallow,64,1,308,0.0062388913303044686
shallow,64,1,309,0.0060420771159789095
shallow,64,1,310,0.005804408346266693
shallow,64,1,311,0.005683897697930445
shallow,64,1,312,0.005649330124612561
shallow,64,1,313,0.005658253036465937
shallow,64,1,314,0.0056184593733688325
shallow,64,1,315,0.0054721282028410215
shallow,64,1,316,0.005209951854004149
shallow,64,1,317,0.004982529957726194
shallow,64,1,318,0.00473050794742323
shallow,64,1,319,0.00462870834905633
shallow,64,1,320,0.00444631639878108
shallow,64,1,321,0.00430687547834288
shallow,64,1,322,0.0040612543861083565
shallow,64,1,323,0.0038242988833378155
shallow,64,1,324,0.003625354060293385
shallow,64,1,325,0.0033465774168717575
shallow,64,1,326,0.003314267379285381
shallow,64,1,327,0.003322486419156262
shallow,64,1,328,0.0033250057712254904
shallow,64,1,329,0.0032835697564629006
shallow,64,1,330,0.0030857628301573896
shallow,64,1,331,0.0027653177954035145
shallow,64,1,332,0.0024452342342484988
shallow,64,1,333,0.0021778409605351552
shallow,64,1,334,0.0017375172216330967
shallow,64,1,335,0.0011831841692545792
shallow,64,1,336,0.0007573619378663206
shallow,64,1,337,0.0004220968400550501
shallow,64,1,338,-3.955158272345898e-06
shallow,64,1,339,-0.0004405506189417627
shallow,64,1,340,-0.0007932562970404753
shallow,64,1,341,-0.0009838700725085807
shallow,64,1,342,-0.0011491970397640243
shallow,64,1,343,-0.0012687637616486946
shallow,64,1,344,-0.0013901015559526987
shallow,64,1,345,-0.0015171887575855076
shallow,64,1,346,-0.0015640773139580194
shallow,64,1,347,-0.0017434593208549144
shallow,64,1,348,-0.001962623897717316
shallow,64,1,349,-0.0022028525520828082
shallow,64,1,350,-0.002362906424349267
shallow,64,1,351,-0.002449474797824889
shallow,64,1,352,-0.002521153656087125
shallow,64,1,353,-0.0027031843236577867
shallow,64,1,354,-0.0030785074672109915
shallow,64,1,355,-0.003345111391695915
shallow,64,1,356,-0.0037216247223174617
shallow,64,1,357,-0.004173139416830434
shallow,64,1,358,-0.004676237773338944
shallow,64,1,359,-0.0051578198616359944
shallow,64,1,360,-0.005501631783178479
shallow,64,1,361,-0.005851862587654222
shallow,64,1,362,-0.006187009022624574
shallow,64,1,363,-0.006582017571010773
shallow,64,1,364,-0.006903657320969051
shallow,64,1,365,-0.007216153677202709
shallow,64,1,366,-0.0074564479607902795
shallow,64,1,367,-0.007577974761267199
shallow,64,1,368,-0.007486055092063006
shallow,64,1,369,-0.007425346506458678
shallow,64,1,370,-0.007284046434510734
shallow,64,1,371,-0.0071624682652908995
shallow,64,1,372,-0.007019290073217319
shallow,64,1,373,-0.006915318949142324
shallow,64,1,374,-0.007049161250589149
shallow,64,1,375,-0.00726727645504429
shallow,64,1,376,-0.007344019071301142
shallow,64,1,377,-0.007494637644206696
shallow,64,1,378,-0.007681217876336204
shallow,64,1,379,-0.007892148967018448
shallow,64,1,380,-0.008133620520227081
shallow,64,1,381,-0.008199454969377608
shallow,64,1,382,-0.008148875363234064
shallow,64,1,383,-0.007986898561484965
shallow,64,1,384,-0.007855694897105827
shallow,64,1,385,-0.00767755447147698
shallow,64,1,386,-0.007519480580112657
shallow,64,1,387,-0.0074127120207675475
shallow,64,1,388,-0.007319669078203608
shallow,64,1,389,-0.007456621865051549
shallow,64,1,390,-0.007534462379997044
shallow,64,1,391,-0.00762137366756361
shallow,64,1,392,-0.007885341978176766
shallow,64,1,393,-0.008306313157477945
shallow,64,1,394,-0.008813075307815537
shallow,64,1,395,-0.00944797359871474
shallow,64,1,396,-0.01017431605006983
shallow,64,1,397,-0.01097038699214361
shallow,64,1,398,-0.011757536805405653
shallow,64,1,399,-0.012431803299482073
shallow,64,1,400,-0.013059368649086857
shallow,64,2,0,1.0
shallow,64,2,1,0.9682369752875156
shallow,64,2,2,0.9378314731176702
shallow,64,2,3,0.9087938945436171
shallow,64,2,4,0.8811335054528401
shallow,64,2,5,0.8547555138074918
shallow,64,2,6,0.8295520523840626
shallow,64,2,7,0.805430251499301
shallow,64,2,8,0.7823126392016767
shallow,64,2,9,0.7601292693748312
shallow,64,2,10,0.7389461311621104
shallow,64,2,11,0.7187022097995427
shallow,64,2,12,0.6992817954776115
shallow,64,2,13,0.6804991788274448
shallow,64,2,14,0.6624439314270087
shallow,64,2,15,0.6451348685707584
shallow,64,2,16,0.6285943031882758
shallow,64,2,17,0.6124483964054823
shallow,64,2,18,0.5968274716183486
shallow,64,2,19,0.5818297856843565
shallow,64,2,20,0.5673725905623777
shallow,64,2,21,0.5535800046567221
shallow,64,2,22,0.54009702767594
shallow,64,2,23,0.5272376525685857
shallow,64,2,24,0.5149139587289486
shallow,64,2,25,0.5030925025041417
shallow,64,2,26,0.4916996617875071
shallow,64,2,27,0.48081707393164475
shallow,64,2,28,0.4703145664559316
shallow,64,2,29,0.4603123500809833
shallow,64,2,30,0.4504881271266129
shallow,64,2,31,0.4407814898595232
shallow,64,2,32,0.4311496691315416
shallow,64,2,33,0.4218002305710535
shallow,64,2,34,0.41259981316346633
shallow,64,2,35,0.4035701039230813
shallow,64,2,36,0.3948067274541135
shallow,64,2,37,0.38607704681858895
shallow,64,2,38,0.37759130425514786
shallow,64,2,39,0.36916473231497177
shallow,64,2,40,0.361055385034157
shallow,64,2,41,0.35303912274407245
shallow,64,2,42,0.3452737037390802
shallow,64,2,43,0.3379155701693489
shallow,64,2,44,0.3307961943776643
shallow,64,2,45,0.3240875286835552
shallow,64,2,46,0.317573800709642
shallow,64,2,47,0.31119758058652297
shallow,64,2,48,0.30494395181869427
shallow,64,2,49,0.2990305052230676
shallow,64,2,50,0.2932510791714083
shallow,64,2,51,0.28772613296832233
shallow,64,2,52,0.282134914611284
shallow,64,2,53,0.27664595804142456
shallow,64,2,54,0.27125191794897086
shallow,64,2,55,0.2659409856706564
shallow,64,2,56,0.26090970487285714
shallow,64,2,57,0.25617404355700624
shallow,64,2,58,0.25139110566246525
shallow,64,2,59,0.24670305907745238
shallow,64,2,60,0.24206883501915605
shallow,64,2,61,0.23753332926518533
shallow,64,2,62,0.2331326557432776
shallow,64,2,63,0.2288183089302892
shallow,64,2,64,0.22474318094026605
shallow,64,2,65,0.22088734444222713
shallow,64,2,66,0.21707696406041774
shallow,64,2,67,0.21328129304790797
shallow,64,2,68,0.2097298325300489
shallow,64,2,69,0.206251941839131
shallow,64,2,70,0.20271941114185058
shallow,64,2,71,0.19930751131060498
shallow,64,2,72,0.19584651361574165
shallow,64,2,73,0.19239760176153495
shallow,64,2,74,0.18900821929013578
shallow,64,2,75,0.18583829367292143
shallow,64,2,76,0.18273305138654072
shallow,64,2,77,0.17944193752225612
shallow,64,2,78,0.17630287468095188
shallow,64,2,79,0.17327997225652947
shallow,64,2,80,0.1702646467687289
shallow,64,2,81,0.16735685764823666
shallow,64,2,82,0.16443136442740341
shallow,64,2,83,0.16158549884808449
shallow,64,2,84,0.15877815855447533
shallow,64,2,85,0.15609716809305194
shallow,64,2,86,0.15360955305778617
shallow,64,2,87,0.1511183908356489
shallow,64,2,88,0.148694339075749
shallow,64,2,89,0.1464029428111267
shallow,64,2,90,0.1440368949810787
shallow,64,2,91,0.14167360449405247
shallow,64,2,92,0.13959546937175485
shallow,64,2,93,0.13737093178660958
shallow,64,2,94,0.13525836236966213
shallow,64,2,95,0.1331034574882039
shallow,64,2,96,0.13100800590881392
shallow,64,2,97,0.12898926633174346
shallow,64,2,98,0.12701625897307955
shallow,64,2,99,0.12528238943699777
shallow,64,2,100,0.12374573309395308
shallow,64,2,101,0.1221090574908755
shallow,64,2,102,0.12046438643568307
shallow,64,2,103,0.11872039034349859
shallow,64,2,104,0.11698748723347929
shallow,64,2,105,0.11536302885752153
shallow,64,2,106,0.11375962435496657
shallow,64,2,107,0.11215068013185317
shallow,64,2,108,0.11041392600203352
shallow,64,2,109,0.10865692184431795
shallow,64,2,110,0.10675271010372378
shallow,64,2,111,0.10486430281608408
shallow,64,2,112,0.10311038979720014
shallow,64,2,113,0.10150893974236247
shallow,64,2,114,0.10011700256653805
shallow,64,2,115,0.09884123355640917
shallow,64,2,116,0.09752920592066626
shallow,64,2,117,0.0963112240791455
shallow,64,2,118,0.0950318961305626
shallow,64,2,119,0.09373459376391788
shallow,64,2,120,0.09260765736093281
shallow,64,2,121,0.09164598325676424
shallow,64,2,122,0.09069920973079172
shallow,64,2,123,0.08991270475505057
shallow,64,2,124,0.08915502387898264
shallow,64,2,125,0.0883356167833875
shallow,64,2,126,0.08750592078862018
shallow,64,2,127,0.08669274673564681
shallow,64,2,128,0.0857893538695472
shallow,64,2,129,0.0848255446987495
shallow,64,2,130,0.08377468411583631
shallow,64,2,131,0.08272411609950159
shallow,64,2,132,0.08175921596962185
shallow,64,2,133,0.08066479688214012
shallow,64,2,134,0.0795432116195256
shallow,64,2,135,0.07842497262579956
shallow,64,2,136,0.07737960181600942
shallow,64,2,137,0.07624644085629162
shallow,64,2,138,0.07518703128901498
shallow,64,2,139,0.07412812589194062
shallow,64,2,140,0.07311436573512833
shallow,64,2,141,0.07215309176298322
shallow,64,2,142,0.07119071907868488
shallow,64,2,143,0.07011428412970905
shallow,64,2,144,0.06912702999081011
shallow,64,2,145,0.06815453824426128
shallow,64,2,146,0.06725586143661033
shallow,64,2,147,0.06649019385800654
shallow,64,2,148,0.0657721004243496
shallow,64,2,149,0.06493443866354029
shallow,64,2,150,0.06414996958964363
shallow,64,2,151,0.0633360654344256
shallow,64,2,152,0.0625123552797341
shallow,64,2,153,0.061580281080736404
shallow,64,2,154,0.060845932343545066
shallow,64,2,155,0.060116359590158056
shallow,64,2,156,0.05939093882347937
shallow,64,2,157,0.05873846511526502
shallow,64,2,158,0.058350065483849786
shallow,64,2,159,0.058104002317023125
shallow,64,2,160,0.057961765146326345
shallow,64,2,161,0.0578479477911364
shallow,64,2,162,0.05773774914001234
shallow,64,2,163,0.057629107908219304
shallow,64,2,164,0.05737071442782718
shallow,64,2,165,0.057115481128781745
shallow,64,2,166,0.05664968502061637
shallow,64,2,167,0.05609890232891809
shallow,64,2,168,0.055468162734888596
shallow,64,2,169,0.05474466612655367
shallow,64,2,170,0.054160285023616986
shallow,64,2,171,0.0536857546787214
shallow,64,2,172,0.05307312669221537
shallow,64,2,173,0.05248217346729766
shallow,64,2,174,0.05192556848963704
shallow,64,2,175,0.05135521820001249
shallow,64,2,176,0.05068557589649151
shallow,64,2,177,0.049967239927849
shallow,64,2,178,0.049300155527906786
shallow,64,2,179,0.04862132080297166
shallow,64,2,180,0.04812238574994479
shallow,64,2,181,0.04764972368606569
shallow,64,2,182,0.047086926445802604
shallow,64,2,183,0.04634472149865593
shallow,64,2,184,0.04557733904098919
shallow,64,2,185,0.044905811354828316
shallow,64,2,186,0.044239244903931774
shallow,64,2,187,0.04358561034612802
shallow,64,2,188,0.0430118262551543
shallow,64,2,189,0.04247590613396285
shallow,64,2,190,0.04202870502533142
shallow,64,2,191,0.041693994977005655
shallow,64,2,192,0.041309288819867396
shallow,64,2,193,0.04075968372935555
shallow,64,2,194,0.040081446434740285
shallow,64,2,195,0.03920949974073207
shallow,64,2,196,0.038352933969548905
shallow,64,2,197,0.03759644693996301
shallow,64,2,198,0.0368130911659771
shallow,64,2,199,0.03610838538672557
shallow,64,2,200,0.03541699605933382
shallow,64,2,201,0.034770930133991754
shallow,64,2,202,0.03396085532970096
shallow,64,2,203,0.03330033751456447
shallow,64,2,204,0.03257319487293708
shallow,64,2,205,0.03179174258716684
shallow,64,2,206,0.030973555785900247
shallow,64,2,207,0.030204781785319587
shallow,64,2,208,0.029515904106409585
shallow,64,2,209,0.028837049153700826
shallow,64,2,210,0.02822646629148893
shallow,64,2,211,0.027598543661580387
shallow,64,2,212,0.02694178329145833
shallow,64,2,213,0.02640639243818852
shallow,64,2,214,0.025808869735123745
shallow,64,2,215,0.025237555603459933
shallow,64,2,216,0.02478651146787861
shallow,64,2,217,0.024393064335912075
shallow,64,2,218,0.024008058330204664
shallow,64,2,219,0.023627091106386566
shallow,64,2,220,0.023272542334541877
shallow,64,2,221,0.02289813970740319
shallow,64,2,222,0.02263743260723882
shallow,64,2,223,0.022454905618505373
shallow,64,2,224,0.022294166924705854
shallow,64,2,225,0.022134120522035155
shallow,64,2,226,0.021922107497406917
shallow,64,2,227,0.021744879141996618
shallow,64,2,228,0.021716515428814046
shallow,64,2,229,0.021748539239858526
shallow,64,2,230,0.021728203482799857
shallow,64,2,231,0.021685537383625497
shallow,64,2,232,0.021651150521243938
shallow,64,2,233,0.021566746542274237
shallow,64,2,234,0.02153982376725641
shallow,64,2,235,0.021501632496492545
shallow,64,2,236,0.021403979661034075
shallow,64,2,237,0.02126036929504057
shallow,64,2,238,0.020937997653372144
shallow,64,2,239,0.020638564328712014
shallow,64,2,240,0.02053763765236166
shallow,64,2,241,0.020473611244451035
shallow,64,2,242,0.020506976547532578
shallow,64,2,243,0.020637450801630066
shallow,64,2,244,0.020969064832443055
shallow,64,2,245,0.021250840516670883
shallow,64,2,246,0.021469041254029455
shallow,64,2,247,0.021552491212315797
shallow,64,2,248,0.02156389380332818
shallow,64,2,249,0.021568992331275127
shallow,64,2,250,0.021477233241526762
shallow,64,2,251,0.021494408155151627
shallow,64,2,252,0.021453080497140717
shallow,64,2,253,0.021397782348304594
shallow,64,2,254,0.02108875103117211
shallow,64,2,255,0.02076627147795538
shallow,64,2,256,0.02032115967620177
shallow,64,2,257,0.020000306530347463
shallow,64,2,258,0.019714658986671352
shallow,64,2,259,0.019455762750495695
shallow,64,2,260,0.019326088265997732
shallow,64,2,261,0.019089270957188927
shallow,64,2,262,0.018840097175877816
shallow,64,2,263,0.01869758203914182
shallow,64,2,264,0.018729548458570625
shallow,64,2,265,0.018719451677183425
shallow,64,2,266,0.018853141546635005
shallow,64,2,267,0.0189238066782915
shallow,64,2,268,0.01883305458947967
shallow,64,2,269,0.018621787639199805
shallow,64,2,270,0.018340885998216695
shallow,64,2,271,0.01834598968571999
shallow,64,2,272,0.018275950164140752
shallow,64,2,273,0.018212323596082134
shallow,64,2,274,0.01802103206360823
shallow,64,2,275,0.01783446761076099
shallow,64,2,276,0.017564304201346033
shallow,64,2,277,0.017214438060319193
shallow,64,2,278,0.01693767042896568
shallow,64,2,279,0.016632837971223623
shallow,64,2,280,0.016315458195014083
shallow,64,2,281,0.015972708943228105
shallow,64,2,282,0.015558909955310216
shallow,64,2,283,0.015083402788255406
shallow,64,2,284,0.01469942543954049
shallow,64,2,285,0.014476091700440159
shallow,64,2,286,0.01428327670829614
shallow,64,2,287,0.014152627435082036
shallow,64,2,288,0.013880084101241806
shallow,64,2,289,0.013720179984942115
shallow,64,2,290,0.013504749744867695
shallow,64,2,291,0.01320248937811307
shallow,64,2,292,0.012863225240849782
shallow,64,2,293,0.012613521904288315
shallow,64,2,294,0.012212683941163297
shallow,64,2,295,0.01195160075111629
shallow,64,2,296,0.011507646700656815
shallow,64,2,297,0.011142669620313055
shallow,64,2,298,0.010831278185447766
shallow,64,2,299,0.010506563201721792
shallow,64,2,300,0.01024982209146748
shallow,64,2,301,0.009918866408282406
shallow,64,2,302,0.009770873440762344
shallow,64,2,303,0.009549911013753217
shallow,64,2,304,0.009458187869926544
shallow,64,2,305,0.009497280868021563
shallow,64,2,306,0.009547209108616514
shallow,64,2,307,0.009566268268116383
shallow,64,2,308,0.009551482800818896
shallow,64,2,309,0.009692583141886629
shallow,64,2,310,0.009824708692292792
shallow,64,2,311,0.009883186433577442
shallow,64,2,312,0.010059142117737795
shallow,64,2,313,0.010292827805707118
shallow,64,2,314,0.010483180307975246
shallow,64,2,315,0.010545087772967435
shallow,64,2,316,0.010618079282198769
shallow,64,2,317,0.01056352301606774
shallow,64,2,318,0.010449945444599321
shallow,64,2,319,0.010257366786670156
shallow,64,2,320,0.010181389443161402
shallow,64,2,321,0.00999194396865934
shallow,64,2,322,0.009718396992092055
shallow,64,2,323,0.009456123357716908
shallow,64,2,324,0.009126956881050067
shallow,64,2,325,0.008905777069495647
shallow,64,2,326,0.008623226867899288
shallow,64,2,327,0.00836387409045401
shallow,64,2,328,0.008057690190586657
shallow,64,2,329,0.0077387945781543736
shallow,64,2,330,0.007499924909046619
shallow,64,2,331,0.007073071890024425
shallow,64,2,332,0.006676885410002752
shallow,64,2,333,0.006349651283871198
shallow,64,2,334,0.005956626565741752
shallow,64,2,335,0.0056461464366522485
shallow,64,2,336,0.005243731148485703
shallow,64,2,337,0.004832217347868654
shallow,64,2,338,0.004427244339122166
shallow,64,2,339,0.003990880959041317
shallow,64,2,340,0.0036054744463687137
shallow,64,2,341,0.0032592045335700995
shallow,64,2,342,0.002983677076244023
shallow,64,2,343,0.0025872526287204585
shallow,64,2,344,0.0022264227053636243
shallow,64,2,345,0.002006282645736083
shallow,64,2,346,0.0017407741456580913
shallow,64,2,347,0.0013189691999378745
shallow,64,2,348,0.0009620162593947803
shallow,64,2,349,0.0006787327095399425
shallow,64,2,350,0.0005185882411331273
shallow,64,2,351,0.00030868158661561475
shallow,64,2,352,0.00010650767895208871
shallow,64,2,353,4.004902647407652e-05
shallow,64,2,354,7.303223334618385e-06
shallow,64,2,355,1.4860065531394659e-05
shallow,64,2,356,-0.00016169230093637858
shallow,64,2,357,-0.0003183767439184968
shallow,64,2,358,-0.0003616669103847023
shallow,64,2,359,-0.0004223974876744847
shallow,64,2,360,-0.0004450252713628024
shallow,64,2,361,-0.0004680771031286406
shallow,64,2,362,-0.0004547213403703793
shallow,64,2,363,-0.00046190089315450544
shallow,64,2,364,-0.00043843236844430165
shallow,64,2,365,-0.00046328439494298327
shallow,64,2,366,-0.0004528094618008421
shallow,64,2,367,-0.000635466810204771
shallow,64,2,368,-0.0006677275629837029
shallow,64,2,369,-0.000634342971303618
shallow,64,2,370,-0.0006230181112569727
shallow,64,2,371,-0.0005408194570108519
shallow,64,2,372,-0.00022321986807286498
shallow,64,2,373,0.00012404904596890532
shallow,64,2,374,0.0005261435135076318
shallow,64,2,375,0.0010625174921997404
shallow,64,2,376,0.0015666299412574233
shallow,64,2,377,0.0020347592360559484
shallow,64,2,378,0.002471182331240309
shallow,64,2,379,0.002821648797225449
shallow,64,2,380,0.0029803775978316997
shallow,64,2,381,0.003169465385628649
shallow,64,2,382,0.003374098379500516
shallow,64,2,383,0.0036130902932398064
shallow,64,2,384,0.0036255601790971845
shallow,64,2,385,0.003553030413802975
shallow,64,2,386,0.0034944654077421196
shallow,64,2,387,0.0034786524337508257
shallow,64,2,388,0.003471788643450993
shallow,64,2,389,0.0034961934999638224
shallow,64,2,390,0.003607327997191307
shallow,64,2,391,0.0037705175801605872
shallow,64,2,392,0.003939582187082203
shallow,64,2,393,0.004042698403600235
shallow,64,2,394,0.004099386301372409
shallow,64,2,395,0.0041851767282193
shallow,64,2,396,0.0040511210958195844
shallow,64,2,397,0.003932855511259373
shallow,64,2,398,0.0038547645854982893
shallow,64,2,399,0.0036935482796242257
shallow,64,2,400,0.003458574408746579
shallow,256,0,0,1.0
shallow,256,0,1,0.966152672209745
shallow,256,0,2,0.933762591053795
shallow,256,0,3,0.9026818307294694
shallow,256,0,4,0.8729187685712679
shallow,256,0,5,0.8444951735030195
shallow,256,0,6,0.8174042686269419
shallow,256,0,7,0.7915091186080015
shallow,256,0,8,0.7666756213102074
shallow,256,0,9,0.7428530769643298
shallow,256,0,10,0.7199263761611411
shallow,256,0,11,0.6978402198611976
shallow,256,0,12,0.6766917208862396
shallow,256,0,13,0.6562939019983073
shallow,256,0,14,0.6366563022811602
shallow,256,0,15,0.6178029416365532
shallow,256,0,16,0.5995306250066701
shallow,256,0,17,0.5820212844955013
shallow,256,0,18,0.5651301452469937
shallow,256,0,19,0.5486498585156683
shallow,256,0,20,0.5329501111675528
shallow,256,0,21,0.5177992184153672
shallow,256,0,22,0.5033362384970685
shallow,256,0,23,0.4895898154231587
shallow,256,0,24,0.4763067111825062
shallow,256,0,25,0.4633940553974377
shallow,256,0,26,0.45086365622363594
shallow,256,0,27,0.43882411281854267
shallow,256,0,28,0.42719177092942096
shallow,256,0,29,0.41600606181909033
shallow,256,0,30,0.4052000442476741
shallow,256,0,31,0.39481945563097787
shallow,256,0,32,0.3846693535071477
shallow,256,0,33,0.37494331247743984
shallow,256,0,34,0.36556626217381955
shallow,256,0,35,0.3564685935624242
shallow,256,0,36,0.34763388722067545
shallow,256,0,37,0.3390069566824796
shallow,256,0,38,0.33066268075733357
shallow,256,0,39,0.3224163681691835
shallow,256,0,40,0.3142634065022131
shallow,256,0,41,0.3064907461264016
shallow,256,0,42,0.29880663465788604
shallow,256,0,43,0.291186400285927
shallow,256,0,44,0.28394655454231543
shallow,256,0,45,0.2768599361562514
shallow,256,0,46,0.26997608053733363
shallow,256,0,47,0.26329166932467785
shallow,256,0,48,0.2567456348692919
shallow,256,0,49,0.2504577195138512
shallow,256,0,50,0.24454898244462003
shallow,256,0,51,0.23896509584450326
shallow,256,0,52,0.23362693415862823
shallow,256,0,53,0.2284033272224487
shallow,256,0,54,0.2232623844381934
shallow,256,0,55,0.21834439323229465
shallow,256,0,56,0.21379139377493103
shallow,256,0,57,0.20932150757108745
shallow,256,0,58,0.20504652269737544
shallow,256,0,59,0.20072097317549248
shallow,256,0,60,0.19634561741880718
shallow,256,0,61,0.19221952164287387
shallow,256,0,62,0.18823365557005145
shallow,256,0,63,0.18433660037474836
shallow,256,0,64,0.18045262495789732
shallow,256,0,65,0.17671921713777183
shallow,256,0,66,0.17316590141744764
shallow,256,0,67,0.16970938632680194
shallow,256,0,68,0.1662090223188979
shallow,256,0,69,0.1627383672544876
shallow,256,0,70,0.159313433022653
shallow,256,0,71,0.15582124246664245
shallow,256,0,72,0.15237165549924386
shallow,256,0,73,0.14892541004425586
shallow,256,0,74,0.14551335911425398
shallow,256,0,75,0.14227108516175618
shallow,256,0,76,0.13896474339124618
shallow,256,0,77,0.13551968614359464
shallow,256,0,78,0.13212762275735998
shallow,256,0,79,0.12898872199470257
shallow,256,0,80,0.12593093682247258
shallow,256,0,81,0.12305318579619383
shallow,256,0,82,0.12028234781773921
shallow,256,0,83,0.11762363837438988
shallow,256,0,84,0.11502063556247627
shallow,256,0,85,0.11255929692212638
shallow,256,0,86,0.11021234367277505
shallow,256,0,87,0.10803650252451615
shallow,256,0,88,0.1058082825288568
shallow,256,0,89,0.10380926711735791
shallow,256,0,90,0.10185479340073039
shallow,256,0,91,0.09986804277114242
shallow,256,0,92,0.09782427199735885
shallow,256,0,93,0.0958567225779008
shallow,256,0,94,0.09402713915432508
shallow,256,0,95,0.09236561800187591
shallow,256,0,96,0.09068527201724039
shallow,256,0,97,0.08904028904932015
shallow,256,0,98,0.08728938092894122
shallow,256,0,99,0.0856105857278542
shallow,256,0,100,0.08402352950618897
shallow,256,0,101,0.08248699877767818
shallow,256,0,102,0.0808051471719642
shallow,256,0,103,0.07900393487477315
shallow,256,0,104,0.07738716838504153
shallow,256,0,105,0.07584185338703096
shallow,256,0,106,0.07449212575138658
shallow,256,0,107,0.07315444374971833
shallow,256,0,108,0.0717870270147423
shallow,256,0,109,0.07046099863361004
shallow,256,0,110,0.06922932285577821
shallow,256,0,111,0.06809765244759483
shallow,256,0,112,0.06700925920360348
shallow,256,0,113,0.06581014806173137
shallow,256,0,114,0.06463151480300852
shallow,256,0,115,0.0633170344913643
shallow,256,0,116,0.061938169061598394
shallow,256,0,117,0.060560635943686686
shallow,256,0,118,0.059256624551113704
shallow,256,0,119,0.057872159752726485
shallow,256,0,120,0.05649316971633325
shallow,256,0,121,0.05486988051517016
shallow,256,0,122,0.05329298108755772
shallow,256,0,123,0.05175274457163427
shallow,256,0,124,0.05048874873517224
shallow,256,0,125,0.04926014815623119
shallow,256,0,126,0.0481926086342309
shallow,256,0,127,0.0472135518874246
shallow,256,0,128,0.04629375171506153
shallow,256,0,129,0.04546273288503603
shallow,256,0,130,0.04453543420993661
shallow,256,0,131,0.043480015791647786
shallow,256,0,132,0.04247147999951658
shallow,256,0,133,0.0415717604118111
shallow,256,0,134,0.04066681229330909
shallow,256,0,135,0.039741251227078625
shallow,256,0,136,0.038859859789044264
shallow,256,0,137,0.03800119909865628
shallow,256,0,138,0.037516656944069776
shallow,256,0,139,0.03697963956204903
shallow,256,0,140,0.03653705587825563
shallow,256,0,141,0.0360196937052413
shallow,256,0,142,0.03538276274657949
shallow,256,0,143,0.03486142600202343
shallow,256,0,144,0.034401709186630686
shallow,256,0,145,0.03372820867566551
shallow,256,0,146,0.03301411991751181
shallow,256,0,147,0.032385716228483546
shallow,256,0,148,0.03165038316112977
shallow,256,0,149,0.03108331489313786
shallow,256,0,150,0.03060392123520611
shallow,256,0,151,0.030213252143865107
shallow,256,0,152,0.0298558974958566
shallow,256,0,153,0.029400421241767023
shallow,256,0,154,0.029034355717983882
shallow,256,0,155,0.028810874781289273
shallow,256,0,156,0.02868795241681902
shallow,256,0,157,0.02854204288193691
shallow,256,0,158,0.028454685240796827
shallow,256,0,159,0.028342199939144504
shallow,256,0,160,0.02832800115428665
shallow,256,0,161,0.02844429156090609
shallow,256,0,162,0.028613034103824358
shallow,256,0,163,0.028704977759699338
shallow,256,0,164,0.028977636286717075
shallow,256,0,165,0.02890575540997501
shallow,256,0,166,0.028802973769521123
shallow,256,0,167,0.028756225603404073
shallow,256,0,168,0.028639832082551712
shallow,256,0,169,0.028466827446947448
shallow,256,0,170,0.028314509228369294
shallow,256,0,171,0.028032251875947364
shallow,256,0,172,0.02773170977575323
shallow,256,0,173,0.027475561078309493
shallow,256,0,174,0.027271993480152135
shallow,256,0,175,0.027066098464342714
shallow,256,0,176,0.026892291889531413
shallow,256,0,177,0.026646762426588713
shallow,256,0,178,0.02636851721698089
shallow,256,0,179,0.026241504784652155
shallow,256,0,180,0.026211496581452984
shallow,256,0,181,0.026142083640746768
shallow,256,0,182,0.026164641356971823
shallow,256,0,183,0.02623160993125355
shallow,256,0,184,0.026245170175932822
shallow,256,0,185,0.026475330816363683
shallow,256,0,186,0.02671762122367759
shallow,256,0,187,0.02678441494670968
shallow,256,0,188,0.02664652089996584
shallow,256,0,189,0.026420907420612892
shallow,256,0,190,0.0262436794577198
shallow,256,0,191,0.026046834367078702
shallow,256,0,192,0.02590642571026327
shallow,256,0,193,0.025774508315167925
shallow,256,0,194,0.02576523946961905
shallow,256,0,195,0.025792545343102328
shallow,256,0,196,0.02587615005552745
shallow,256,0,197,0.026150373873207594
shallow,256,0,198,0.026357858549402712
shallow,256,0,199,0.02663072427203659
shallow,256,0,200,0.02688025984995422
shallow,256,0,201,0.027135636499802482
shallow,256,0,202,0.027238047095785423
shallow,256,0,203,0.027233179832802393
shallow,256,0,204,0.027118172983472178
shallow,256,0,205,0.026797466414769013
shallow,256,0,206,0.026753889737429308
shallow,256,0,207,0.026774074320606404
shallow,256,0,208,0.026770320390685307
shallow,256,0,209,0.026964907470582507
shallow,256,0,210,0.02710194449717715
shallow,256,0,211,0.02714348400531119
shallow,256,0,212,0.027196262586003387
shallow,256,0,213,0.027109458756951622
shallow,256,0,214,0.026984183738927768
shallow,256,0,215,0.026759338114644524
shallow,256,0,216,0.02658468241580296
shallow,256,0,217,0.02629846588189522
shallow,256,0,218,0.026044128200959644
shallow,256,0,219,0.025768935848472563
shallow,256,0,220,0.025483825581133008
shallow,256,0,221,0.02517828411635056
shallow,256,0,222,0.02483032687092907
shallow,256,0,223,0.024500075632793543
shallow,256,0,224,0.024192903134725774
shallow,256,0,225,0.023834596554173276
shallow,256,0,226,0.023488703931212683
shallow,256,0,227,0.0230461894680598
shallow,256,0,228,0.022440293668789656
shallow,256,0,229,0.02184263232608299
shallow,256,0,230,0.021179333911287103
shallow,256,0,231,0.020724347480544136
shallow,256,0,232,0.020392651918572223
shallow,256,0,233,0.020096829890518978
shallow,256,0,234,0.019913449479764103
shallow,256,0,235,0.01973432353636608
shallow,256,0,236,0.019283472934140906
shallow,256,0,237,0.018800539395679623
shallow,256,0,238,0.018457902169649675
shallow,256,0,239,0.0180018455327269
shallow,256,0,240,0.01764657043947806
shallow,256,0,241,0.01727802214078663
shallow,256,0,242,0.016824805390756356
shallow,256,0,243,0.01638554378039305
shallow,256,0,244,0.016000181615000122
shallow,256,0,245,0.015504694006028913
shallow,256,0,246,0.015048302809551143
shallow,256,0,247,0.014599747150564456
shallow,256,0,248,0.013995434330397925
shallow,256,0,249,0.01347627770516207
shallow,256,0,250,0.012903757428730622
shallow,256,0,251,0.012501104764068629
shallow,256,0,252,0.012113581965548533
shallow,256,0,253,0.011766694080248372
shallow,256,0,254,0.011324846725981625
shallow,256,0,255,0.011001514429675223
shallow,256,0,256,0.010784840646770105
shallow,256,0,257,0.0105444967497733
shallow,256,0,258,0.010309154642755742
shallow,256,0,259,0.010089091087844554
shallow,256,0,260,0.009826392080770952
shallow,256,0,261,0.00961865869846186
shallow,256,0,262,0.009544512698519247
shallow,256,0,263,0.009702257933515384
shallow,256,0,264,0.0099926389265077
shallow,256,0,265,0.010341611235711291
shallow,256,0,266,0.010490447521263128
shallow,256,0,267,0.0105392357197872
shallow,256,0,268,0.010679397177294209
shallow,256,0,269,0.010866158776867398
shallow,256,0,270,0.01117064554269226
shallow,256,0,271,0.011319447791573957
shallow,256,0,272,0.011363468519243452
shallow,256,0,273,0.011292469100010237
shallow,256,0,274,0.011237188879785975
shallow,256,0,275,0.01140390887054692
shallow,256,0,276,0.01163520111278753
shallow,256,0,277,0.011730634841846437
shallow,256,0,278,0.01189244346405388
shallow,256,0,279,0.01204710840991324
shallow,256,0,280,0.012300618287582037
shallow,256,0,281,0.012570914682959407
shallow,256,0,282,0.012694422212044422
shallow,256,0,283,0.012809717566400062
shallow,256,0,284,0.013017752299948263
shallow,256,0,285,0.013189082038985417
shallow,256,0,286,0.013335970440080787
shallow,256,0,287,0.013472668404398059
shallow,256,0,288,0.013546880953055547
shallow,256,0,289,0.013552614058652187
shallow,256,0,290,0.013534196333820801
shallow,256,0,291,0.01335339282835538
shallow,256,0,292,0.012978838462418277
shallow,256,0,293,0.01262507283310287
shallow,256,0,294,0.01210973628087444
shallow,256,0,295,0.011660199816941408
shallow,256,0,296,0.01139476903514402
shallow,256,0,297,0.011200081114742454
shallow,256,0,298,0.01105810972527906
shallow,256,0,299,0.010800708404755137
shallow,256,0,300,0.0106372035699203
shallow,256,0,301,0.010559229224608323
shallow,256,0,302,0.01045246032209655
shallow,256,0,303,0.01044927926146697
shallow,256,0,304,0.010347651154920227
shallow,256,0,305,0.010214867133932696
shallow,256,0,306,0.010069846938231956
shallow,256,0,307,0.009870148092509447
shallow,256,0,308,0.009804130486708765
shallow,256,0,309,0.009775056300963461
shallow,256,0,310,0.00978902880538293
shallow,256,0,311,0.009647696984568249
shallow,256,0,312,0.00961366066953246
shallow,256,0,313,0.009606074074435717
shallow,256,0,314,0.009477032480288547
shallow,256,0,315,0.00917173777707232
shallow,256,0,316,0.008889068750786659
shallow,256,0,317,0.008673515107679698
shallow,256,0,318,0.00870612174151143
shallow,256,0,319,0.008659837647136513
shallow,256,0,320,0.008742597865883252
shallow,256,0,321,0.009051134037279085
shallow,256,0,322,0.00931622023363053
shallow,256,0,323,0.009586748169014945
shallow,256,0,324,0.009661710108530687
shallow,256,0,325,0.009645994320693692
shallow,256,0,326,0.009521873796078733
shallow,256,0,327,0.009397892988162704
shallow,256,0,328,0.009160573503675763
shallow,256,0,329,0.00868225843882393
shallow,256,0,330,0.008233341803424641
shallow,256,0,331,0.007892568842199545
shallow,256,0,332,0.007624657219000288
shallow,256,0,333,0.007425236041599531
shallow,256,0,334,0.007334451622447896
shallow,256,0,335,0.007245643947858008
shallow,256,0,336,0.0069197385723771924
shallow,256,0,337,0.0067135863280962625
shallow,256,0,338,0.0064747920527813835
shallow,256,0,339,0.0062253167836661474
shallow,256,0,340,0.005865706947823756
shallow,256,0,341,0.0057011921168065825
shallow,256,0,342,0.00566419030503725
shallow,256,0,343,0.005627639477266138
shallow,256,0,344,0.005801304298184654
shallow,256,0,345,0.005851734968192903
shallow,256,0,346,0.006050565999462644
shallow,256,0,347,0.006231073539931017
shallow,256,0,348,0.006329826459276285
shallow,256,0,349,0.006311741153639876
shallow,256,0,350,0.006359412539288854
shallow,256,0,351,0.006366598438124381
shallow,256,0,352,0.006425096959479012
shallow,256,0,353,0.006567461410137558
shallow,256,0,354,0.0065945829064599105
shallow,256,0,355,0.006791985791600405
shallow,256,0,356,0.0071249140293040015
shallow,256,0,357,0.007524217481811198
shallow,256,0,358,0.007826053252899135
shallow,256,0,359,0.008446778336865005
shallow,256,0,360,0.009049069757886028
shallow,256,0,361,0.00957367113589357
shallow,256,0,362,0.010139826040629617
shallow,256,0,363,0.010652174507799393
shallow,256,0,364,0.011233849486323121
shallow,256,0,365,0.011931939241339267
shallow,256,0,366,0.012537835730031924
shallow,256,0,367,0.013185650163337895
shallow,256,0,368,0.013797252105020901
shallow,256,0,369,0.014385789496664966
shallow,256,0,370,0.01503937447804556
shallow,256,0,371,0.01559056319593648
shallow,256,0,372,0.016144328617010085
shallow,256,0,373,0.016685824414248977
shallow,256,0,374,0.017078527690208633
shallow,256,0,375,0.01735212853397077
shallow,256,0,376,0.017569708381747335
shallow,256,0,377,0.01774684663897544
shallow,256,0,378,0.01788479057727368
shallow,256,0,379,0.017868684657333718
shallow,256,0,380,0.017829032132801684
shallow,256,0,381,0.017877473849388724
shallow,256,0,382,0.01795129428198771
shallow,256,0,383,0.018025258227785192
shallow,256,0,384,0.017953870962569632
shallow,256,0,385,0.017726834020619857
shallow,256,0,386,0.017498178973158193
shallow,256,0,387,0.017531141785531626
shallow,256,0,388,0.01756406068489691
shallow,256,0,389,0.017557573003901886
shallow,256,0,390,0.017483264008009362
shallow,256,0,391,0.017461527655550715
shallow,256,0,392,0.017414799668916736
shallow,256,0,393,0.017319208281751666
shallow,256,0,394,0.017201539674543742
shallow,256,0,395,0.01705285629483634
shallow,256,0,396,0.016985717336180792
shallow,256,0,397,0.01704357522875842
shallow,256,0,398,0.01694411070809723
shallow,256,0,399,0.016907244857673684
shallow,256,0,400,0.017049117862585523
shallow,256,1,0,1.0
shallow,256,1,1,0.9667426207713795
shallow,256,1,2,0.9348618529542936
shallow,256,1,3,0.9043021560038772
shallow,256,1,4,0.8750287541264495
shallow,256,1,5,0.8469360857768513
shallow,256,1,6,0.8200249301648094
shallow,256,1,7,0.7940400220947578
shallow,256,1,8,0.7691672461554219
shallow,256,1,9,0.7453222642914263
shallow,256,1,10,0.7221531282900014
shallow,256,1,11,0.7001056992776353
shallow,256,1,12,0.6789980245369558
shallow,256,1,13,0.6588813216579507
shallow,256,1,14,0.6394305386487494
shallow,256,1,15,0.6207247092191537
shallow,256,1,16,0.6026655046254517
shallow,256,1,17,0.5852347075847231
shallow,256,1,18,0.5685275227525165
shallow,256,1,19,0.5523284473891393
shallow,256,1,20,0.536822685182418
shallow,256,1,21,0.5218256516428444
shallow,256,1,22,0.5074318950345343
shallow,256,1,23,0.49346952357904256
shallow,256,1,24,0.479943294419249
shallow,256,1,25,0.4669137138661965
shallow,256,1,26,0.4541829179645478
shallow,256,1,27,0.4417755393513574
shallow,256,1,28,0.4298451735365311
shallow,256,1,29,0.41838935977861763
shallow,256,1,30,0.40740738045202196
shallow,256,1,31,0.3967995725567735
shallow,256,1,32,0.3864919933565738
shallow,256,1,33,0.3763209255835034
shallow,256,1,34,0.3665076889511234
shallow,256,1,35,0.3570268777029376
shallow,256,1,36,0.3478825862956418
shallow,256,1,37,0.33902904648839477
shallow,256,1,38,0.3303672603293368
shallow,256,1,39,0.3220535994217
shallow,256,1,40,0.3138505940655063
shallow,256,1,41,0.3058056251658809
shallow,256,1,42,0.29783632429984774
shallow,256,1,43,0.290217596086352
shallow,256,1,44,0.2829615737845393
shallow,256,1,45,0.27599960995374606
shallow,256,1,46,0.26907077514438044
shallow,256,1,47,0.26230507923456947
shallow,256,1,48,0.2558802185901217
shallow,256,1,49,0.24962225907010333
shallow,256,1,50,0.2435309072557889
shallow,256,1,51,0.23772040641969844
shallow,256,1,52,0.23192284230104604
shallow,256,1,53,0.22622295113087915
shallow,256,1,54,0.22077451710535012
shallow,256,1,55,0.21554453466922746
shallow,256,1,56,0.2104719280724097
shallow,256,1,57,0.20573072999976277
shallow,256,1,58,0.20096517120556306
shallow,256,1,59,0.19628732544286207
shallow,256,1,60,0.1917285414556481
shallow,256,1,61,0.18733348782047143
shallow,256,1,62,0.1832066170839818
shallow,256,1,63,0.17934338728772067
shallow,256,1,64,0.17575764198729463
shallow,256,1,65,0.17238144251300974
shallow,256,1,66,0.169108061317007
shallow,256,1,67,0.1658644844188087
shallow,256,1,68,0.16293053032109295
shallow,256,1,69,0.1601558839716285
shallow,256,1,70,0.15745487696781385
shallow,256,1,71,0.15479139351727805
shallow,256,1,72,0.15214478536127704
shallow,256,1,73,0.14958253137045707
shallow,256,1,74,0.1471314236249735
shallow,256,1,75,0.14462475380695916
shallow,256,1,76,0.14209001550880312
shallow,256,1,77,0.1396093159107401
shallow,256,1,78,0.13714032513013225
shallow,256,1,79,0.1346495233180458
shallow,256,1,80,0.13239345246786272
shallow,256,1,81,0.13006488910517477
shallow,256,1,82,0.12767315001271207
shallow,256,1,83,0.12538359018231632
shallow,256,1,84,0.1232193141379005
shallow,256,1,85,0.12119130103859943
shallow,256,1,86,0.11933807288317355
shallow,256,1,87,0.11733471213727581
shallow,256,1,88,0.11550590555871064
shallow,256,1,89,0.11384740336099061
shallow,256,1,90,0.1121619940253886
shallow,256,1,91,0.1104082329445925
shallow,256,1,92,0.10855929342433199
shallow,256,1,93,0.10677957176529816
shallow,256,1,94,0.10494430411058683
shallow,256,1,95,0.10333701524068879
shallow,256,1,96,0.10166918839846455
shallow,256,1,97,0.10003449968971405
shallow,256,1,98,0.09831030012906475
shallow,256,1,99,0.09649488386665303
shallow,256,1,100,0.09478117641069231
shallow,256,1,101,0.09297322609576364
shallow,256,1,102,0.09130411688519711
shallow,256,1,103,0.08980607586216607
shallow,256,1,104,0.08829392803825713
shallow,256,1,105,0.08688985604515133
shallow,256,1,106,0.08578449254253459
shallow,256,1,107,0.08463401325481536
shallow,256,1,108,0.0835185593621671
shallow,256,1,109,0.08247711357197576
shallow,256,1,110,0.08159242696294644
shallow,256,1,111,0.08071901914040563
shallow,256,1,112,0.07978552235329384
shallow,256,1,113,0.07901597041866432
shallow,256,1,114,0.07821591090167443
shallow,256,1,115,0.0773928616454004
shallow,256,1,116,0.07640003232520057
shallow,256,1,117,0.07527784435117972
shallow,256,1,118,0.07430781046193685
shallow,256,1,119,0.07312133531672978
shallow,256,1,120,0.071888937120654
shallow,256,1,121,0.0706182281712174
shallow,256,1,122,0.0695076082721484
shallow,256,1,123,0.06839167963252055
shallow,256,1,124,0.06736489062271013
shallow,256,1,125,0.06638126801711892
shallow,256,1,126,0.06559055674006406
shallow,256,1,127,0.06481703101841596
shallow,256,1,128,0.06387239625827629
shallow,256,1,129,0.06286042952172388
shallow,256,1,130,0.06189369944402125
shallow,256,1,131,0.06092789380196077
shallow,256,1,132,0.06005309657363364
shallow,256,1,133,0.05925104101033933
shallow,256,1,134,0.058505140327691205
shallow,256,1,135,0.05774228868141005
shallow,256,1,136,0.05698435073586698
shallow,256,1,137,0.05611730468302113
shallow,256,1,138,0.05521051661722464
shallow,256,1,139,0.05421227931742567
shallow,256,1,140,0.05328839482974259
shallow,256,1,141,0.05242212783652414
shallow,256,1,142,0.05153631012629663
shallow,256,1,143,0.05073731435130115
shallow,256,1,144,0.04987477364758934
shallow,256,1,145,0.04894615943361304
shallow,256,1,146,0.04809136857626793
shallow,256,1,147,0.047152208960467755
shallow,256,1,148,0.04618135311025528
shallow,256,1,149,0.04519723153518174
shallow,256,1,150,0.044175298943519264
shallow,256,1,151,0.043158583921918736
shallow,256,1,152,0.04226603736166186
shallow,256,1,153,0.0413939885933705
shallow,256,1,154,0.04064349180484867
shallow,256,1,155,0.039834499916172425
shallow,256,1,156,0.03921961043371251
shallow,256,1,157,0.038777591286769476
shallow,256,1,158,0.03843665374686381
shallow,256,1,159,0.03820034561465881
shallow,256,1,160,0.03789129500099725
shallow,256,1,161,0.03755004854936171
shallow,256,1,162,0.03724267944145056
shallow,256,1,163,0.037029364721155075
shallow,256,1,164,0.03692562250409531
shallow,256,1,165,0.036897104081633214
shallow,256,1,166,0.036787671853008075
shallow,256,1,167,0.036685321753143374
shallow,256,1,168,0.036504620311200955
shallow,256,1,169,0.03627556333761807
shallow,256,1,170,0.035795248144220415
shallow,256,1,171,0.03535488587448535
shallow,256,1,172,0.034917905257565864
shallow,256,1,173,0.03440694417923874
shallow,256,1,174,0.03384015102722393
shallow,256,1,175,0.03332271525116072
shallow,256,1,176,0.03279254799593419
shallow,256,1,177,0.032471926250112186
shallow,256,1,178,0.03227577097450986
shallow,256,1,179,0.03209254976409892
shallow,256,1,180,0.03208003053741683
shallow,256,1,181,0.03183588028557311
shallow,256,1,182,0.031526593997874386
shallow,256,1,183,0.03136317846820897
shallow,256,1,184,0.031404513921240815
shallow,256,1,185,0.03153110310836354
shallow,256,1,186,0.03161460930319337
shallow,256,1,187,0.031800945335661
shallow,256,1,188,0.03169218857525713
shallow,256,1,189,0.031503486637683036
shallow,256,1,190,0.031305385681788506
shallow,256,1,191,0.031079511070233268
shallow,256,1,192,0.03090366849562795
shallow,256,1,193,0.03076772036390954
shallow,256,1,194,0.030584639972357976
shallow,256,1,195,0.030423304076622738
shallow,256,1,196,0.030181055158881816
shallow,256,1,197,0.029913747100030308
shallow,256,1,198,0.029568072262235873
shallow,256,1,199,0.029128738369986834
shallow,256,1,200,0.02870865865191487
shallow,256,1,201,0.028356985204242083
shallow,256,1,202,0.028036504844079907
shallow,256,1,203,0.027797893854657595
shallow,256,1,204,0.027807391241592722
shallow,256,1,205,0.02789308297525213
shallow,256,1,206,0.027976792958707204
shallow,256,1,207,0.028076547544840354
shallow,256,1,208,0.028418332256650285
shallow,256,1,209,0.028540342129575826
shallow,256,1,210,0.0287188831657599
shallow,256,1,211,0.02878044904674664
shallow,256,1,212,0.028795637961805287
shallow,256,1,213,0.028883918608845486
shallow,256,1,214,0.028948517898315394
shallow,256,1,215,0.02886658717215254
shallow,256,1,216,0.02886503615540508
shallow,256,1,217,0.028887650604350504
shallow,256,1,218,0.028869055204915416
shallow,256,1,219,0.028808826536649186
shallow,256,1,220,0.028795151956579047
shallow,256,1,221,0.02870358811509282
shallow,256,1,222,0.028695862863829563
shallow,256,1,223,0.028573632787342623
shallow,256,1,224,0.028288734672548825
shallow,256,1,225,0.02800265206714517
shallow,256,1,226,0.02773017769916529
shallow,256,1,227,0.027339360226726797
shallow,256,1,228,0.026879708523651166
shallow,256,1,229,0.026387433834368396
shallow,256,1,230,0.025799009223464106
shallow,256,1,231,0.025059278276913153
shallow,256,1,232,0.024446418850552952
shallow,256,1,233,0.02394931284146336
shallow,256,1,234,0.023363269176318726
shallow,256,1,235,0.02280799949691647
shallow,256,1,236,0.02225672435913774
shallow,256,1,237,0.021740633277499484
shallow,256,1,238,0.021137847301798407
shallow,256,1,239,0.020619282500321166
shallow,256,1,240,0.020248152549477424
shallow,256,1,241,0.019788637850297598
shallow,256,1,242,0.019240546239494775
shallow,256,1,243,0.018826686601497864
shallow,256,1,244,0.0183036276415205
shallow,256,1,245,0.01773795945951848
shallow,256,1,246,0.01724790880302372
shallow,256,1,247,0.016853190024780033
shallow,256,1,248,0.016523540857882584
shallow,256,1,249,0.01630674561318938
shallow,256,1,250,0.016037494887384804
shallow,256,1,251,0.015862097315958237
shallow,256,1,252,0.015750989973073587
shallow,256,1,253,0.015689732389514113
shallow,256,1,254,0.015515013500346102
shallow,256,1,255,0.015259358606257305
shallow,256,1,256,0.015205278323157469
shallow,256,1,257,0.015063406318359052
shallow,256,1,258,0.015015892662461632
shallow,256,1,259,0.015000205051756905
shallow,256,1,260,0.01496123436441962
shallow,256,1,261,0.015020618981717913
shallow,256,1,262,0.015091799463798255
shallow,256,1,263,0.01502086049997878
shallow,256,1,264,0.014881775734991026
shallow,256,1,265,0.014727686810980757
shallow,256,1,266,0.014505645493946898
shallow,256,1,267,0.014288905131380739
shallow,256,1,268,0.014174320770171027
shallow,256,1,269,0.013879837556855078
shallow,256,1,270,0.013634858314012625
shallow,256,1,271,0.013330670120459177
shallow,256,1,272,0.013000299670596911
shallow,256,1,273,0.01278915769262125
shallow,256,1,274,0.012752277989449836
shallow,256,1,275,0.012621638570244271
shallow,256,1,276,0.012441770898475507
shallow,256,1,277,0.012160110217269185
shallow,256,1,278,0.01189206420134656
shallow,256,1,279,0.011584366960523432
shallow,256,1,280,0.011300830884951766
shallow,256,1,281,0.011127289364168015
shallow,256,1,282,0.011142873545097767
shallow,256,1,283,0.011112881899953032
shallow,256,1,284,0.010862459955958388
shallow,256,1,285,0.010619632639411163
shallow,256,1,286,0.010270858484466095
shallow,256,1,287,0.009788626863341652
shallow,256,1,288,0.009303225724458297
shallow,256,1,289,0.009088237690659343
shallow,256,1,290,0.008946323043583514
shallow,256,1,291,0.008870053959277582
shallow,256,1,292,0.00876105637583588
shallow,256,1,293,0.008497273447642836
shallow,256,1,294,0.008193138983622675
shallow,256,1,295,0.007729319719545129
shallow,256,1,296,0.007424010144247057
shallow,256,1,297,0.007241634436652471
shallow,256,1,298,0.007046026292287022
shallow,256,1,299,0.006800097415940659
shallow,256,1,300,0.006747707649625866
shallow,256,1,301,0.00682465280883574
shallow,256,1,302,0.007008228509684345
shallow,256,1,303,0.007105625926845509
shallow,256,1,304,0.00724559254594174
shallow,256,1,305,0.00754436782599291
shallow,256,1,306,0.007728644889792296
shallow,256,1,307,0.007845826080598205
shallow,256,1,308,0.008165922916657766
shallow,256,1,309,0.008461857622308907
shallow,256,1,310,0.008782115127802664
shallow,256,1,311,0.009076915189937682
shallow,256,1,312,0.009309439142603843
shallow,256,1,313,0.009510419473165424
shallow,256,1,314,0.00982480669735692
shallow,256,1,315,0.010191230898126579
shallow,256,1,316,0.01040259794912929
shallow,256,1,317,0.01046781709469669
shallow,256,1,318,0.010390838279392746
shallow,256,1,319,0.010261419609402973
shallow,256,1,320,0.010017088872918275
shallow,256,1,321,0.009711695979160185
shallow,256,1,322,0.009202507454896433
shallow,256,1,323,0.008993974324745812
shallow,256,1,324,0.008621116739665978
shallow,256,1,325,0.008354243620738819
shallow,256,1,326,0.00811575033154763
shallow,256,1,327,0.007840159248800344
shallow,256,1,328,0.007526880956703904
shallow,256,1,329,0.007192247425153799
shallow,256,1,330,0.006729998041892012
shallow,256,1,331,0.006401015775041762
shallow,256,1,332,0.006180480853588452
shallow,256,1,333,0.006065425966605077
shallow,256,1,334,0.005883479749561887
shallow,256,1,335,0.005663619896139042
shallow,256,1,336,0.005635236728066188
shallow,256,1,337,0.005609649018187682
shallow,256,1,338,0.0055208332624557335
shallow,256,1,339,0.0055110017610188865
shallow,256,1,340,0.005369930276667128
shallow,256,1,341,0.005060480037911812
shallow,256,1,342,0.004796310334855957
shallow,256,1,343,0.0046822119668468234
shallow,256,1,344,0.00441973689427492
shallow,256,1,345,0.003898774979071958
shallow,256,1,346,0.0034010205617797545
shallow,256,1,347,0.0028933076569615727
shallow,256,1,348,0.0026472005600303205
shallow,256,1,349,0.0025920741398682574
shallow,256,1,350,0.0025378844475033016
shallow,256,1,351,0.002439390455815167
shallow,256,1,352,0.0022285804544551
shallow,256,1,353,0.0021383916452669583
shallow,256,1,354,0.0020460699677523958
shallow,256,1,355,0.0019503725411954215
shallow,256,1,356,0.0017915218922021818
shallow,256,1,357,0.0017253868094994026
shallow,256,1,358,0.001740366893055283
shallow,256,1,359,0.0016692183851981651
shallow,256,1,360,0.0014270361387163015
shallow,256,1,361,0.0011913514102326384
shallow,256,1,362,0.0009935630557620211
shallow,256,1,363,0.0008218435123249885
shallow,256,1,364,0.0006756580675748862
shallow,256,1,365,0.0005585809019887354
shallow,256,1,366,0.000389294281314925
shallow,256,1,367,0.00023391600516171071
shallow,256,1,368,-4.682960698100275e-06
shallow,256,1,369,-0.00023144427352108027
shallow,256,1,370,-0.00043381676889235783
shallow,256,1,371,-0.0006435873793552626
shallow,256,1,372,-0.0008586581783570895
shallow,256,1,373,-0.0010290579177602947
shallow,256,1,374,-0.0010960450398994205
shallow,256,1,375,-0.0010863558479554912
shallow,256,1,376,-0.0010904466316494898
shallow,256,1,377,-0.001205082168666966
shallow,256,1,378,-0.0011827073193460473
shallow,256,1,379,-0.0012872292967019844
shallow,256,1,380,-0.0013127993755065448
shallow,256,1,381,-0.0014330043793239146
shallow,256,1,382,-0.0015778413606197031
shallow,256,1,383,-0.0016974210425934194
shallow,256,1,384,-0.001854982515326223
shallow,256,1,385,-0.002122426114190764
shallow,256,1,386,-0.0025046503256219593
shallow,256,1,387,-0.0027285338618742725
shallow,256,1,388,-0.002930532919050549
shallow,256,1,389,-0.003054597638313954
shallow,256,1,390,-0.0032962716850482464
shallow,256,1,391,-0.0036684913658232917
shallow,256,1,392,-0.003931854498240061
shallow,256,1,393,-0.004072292287728185
shallow,256,1,394,-0.004185033720073929
shallow,256,1,395,-0.00428858579496301
shallow,256,1,396,-0.004377310985595308
shallow,256,1,397,-0.004420455001800385
shallow,256,1,398,-0.00448169026392787
shallow,256,1,399,-0.004615361642178576
shallow,256,1,400,-0.0046849078866229785
shallow,256,2,0,1.0
shallow,256,2,1,0.9665497945716839
shallow,256,2,2,0.9346265080385243
shallow,256,2,3,0.9040839391231899
shallow,256,2,4,0.874904275596669
shallow,256,2,5,0.846971066421542
shallow,256,2,6,0.8202137885947063
shallow,256,2,7,0.7944252516980855
shallow,256,2,8,0.7697460855819598
shallow,256,2,9,0.7460221503677278
shallow,256,2,10,0.7231719357705679
shallow,256,2,11,0.7010153101522717
shallow,256,2,12,0.6797107211161557
shallow,256,2,13,0.6592781058337307
shallow,256,2,14,0.639702436620182
shallow,256,2,15,0.62086856718799
shallow,256,2,16,0.6028796943938453
shallow,256,2,17,0.5855012353629737
shallow,256,2,18,0.5686633897055589
shallow,256,2,19,0.5523992898001824
shallow,256,2,20,0.5368573378438926
shallow,256,2,21,0.5219566072298814
shallow,256,2,22,0.5074905594147754
shallow,256,2,23,0.4935476499527554
shallow,256,2,24,0.4800306431823135
shallow,256,2,25,0.4668490029568163
shallow,256,2,26,0.4543557164212394
shallow,256,2,27,0.4422832782522424
shallow,256,2,28,0.43060204269511126
shallow,256,2,29,0.419141475816716
shallow,256,2,30,0.40815506168492993
shallow,256,2,31,0.397480814897845
shallow,256,2,32,0.3870703282471093
shallow,256,2,33,0.37664842090721584
shallow,256,2,34,0.3666850485971463
shallow,256,2,35,0.35709467601244627
shallow,256,2,36,0.3478831292797851
shallow,256,2,37,0.3389986873066901
shallow,256,2,38,0.33026671773545685
shallow,256,2,39,0.3216873317760279
shallow,256,2,40,0.31344713207376784
shallow,256,2,41,0.3055840556698899
shallow,256,2,42,0.2980613184409999
shallow,256,2,43,0.29079014234826933
shallow,256,2,44,0.28380952245983215
shallow,256,2,45,0.2770728558531682
shallow,256,2,46,0.2705210302325336
shallow,256,2,47,0.2641167016034743
shallow,256,2,48,0.25784848771540453
shallow,256,2,49,0.25165041258634563
shallow,256,2,50,0.2457847346420236
shallow,256,2,51,0.24001089272825757
shallow,256,2,52,0.2343691443740522
shallow,256,2,53,0.22878620397100652
shallow,256,2,54,0.22339084749420918
shallow,256,2,55,0.21823814576389114
shallow,256,2,56,0.21311065638527305
shallow,256,2,57,0.2082773742898792
shallow,256,2,58,0.2036109562894628
shallow,256,2,59,0.19904093288569502
shallow,256,2,60,0.19451738804512836
shallow,256,2,61,0.19013306936429136
shallow,256,2,62,0.18580135907921674
shallow,256,2,63,0.18163866957979696
shallow,256,2,64,0.17768085950018178
shallow,256,2,65,0.17382886576464152
shallow,256,2,66,0.17009510586741028
shallow,256,2,67,0.16659999172118112
shallow,256,2,68,0.16328197941973824
shallow,256,2,69,0.1601378131700715
shallow,256,2,70,0.15690564259566023
shallow,256,2,71,0.15374491581067137
shallow,256,2,72,0.15074339917565793
shallow,256,2,73,0.14758998175686566
shallow,256,2,74,0.14456006068120694
shallow,256,2,75,0.14166481559076766
shallow,256,2,76,0.13898281112894528
shallow,256,2,77,0.13643095146093445
shallow,256,2,78,0.13392915278385703
shallow,256,2,79,0.1315870981234168
shallow,256,2,80,0.12925418957982615
shallow,256,2,81,0.12696042822076725
shallow,256,2,82,0.12473507523976662
shallow,256,2,83,0.12241231831090493
shallow,256,2,84,0.12006225480417673
shallow,256,2,85,0.11765414035325797
shallow,256,2,86,0.11523130721908206
shallow,256,2,87,0.11283042095287726
shallow,256,2,88,0.11048385837591315
shallow,256,2,89,0.10838059685173387
shallow,256,2,90,0.10614777613310819
shallow,256,2,91,0.10405219175746759
shallow,256,2,92,0.10204426107933048
shallow,256,2,93,0.10000043299607968
shallow,256,2,94,0.0978525362978318
shallow,256,2,95,0.09576860621788524
shallow,256,2,96,0.09376582458411371
shallow,256,2,97,0.09191265789390776
shallow,256,2,98,0.09018570892192504
shallow,256,2,99,0.08841820416705437
shallow,256,2,100,0.08662229049902377
shallow,256,2,101,0.08493935426361557
shallow,256,2,102,0.08322528932955023
shallow,256,2,103,0.08160107539946289
shallow,256,2,104,0.0801394993834314
shallow,256,2,105,0.07877565972695456
shallow,256,2,106,0.07764236181944525
shallow,256,2,107,0.07659407266953304
shallow,256,2,108,0.07549588206308414
shallow,256,2,109,0.07437805017421699
shallow,256,2,110,0.07335045860899178
shallow,256,2,111,0.0725372599062359
shallow,256,2,112,0.07183978149721137
shallow,256,2,113,0.07110540633869923
shallow,256,2,114,0.07051886354464323
shallow,256,2,115,0.06971055465270798
shallow,256,2,116,0.06896775302554659
shallow,256,2,117,0.06813902315515548
shallow,256,2,118,0.06731579573484839
shallow,256,2,119,0.06666807960716706
shallow,256,2,120,0.06595783357712598
shallow,256,2,121,0.06516714643637986
shallow,256,2,122,0.06432566919202384
shallow,256,2,123,0.06361452965159697
shallow,256,2,124,0.06292318533750987
shallow,256,2,125,0.061976510848911814
shallow,256,2,126,0.0610870637069308
shallow,256,2,127,0.0602227556877304
shallow,256,2,128,0.05938184088365858
shallow,256,2,129,0.05838659013470218
shallow,256,2,130,0.057442142003333876
shallow,256,2,131,0.056514515223436076
shallow,256,2,132,0.055592492831392594
shallow,256,2,133,0.05462447971092335
shallow,256,2,134,0.05364263290173024
shallow,256,2,135,0.05281190579183258
shallow,256,2,136,0.051949817802909116
shallow,256,2,137,0.0512284957529485
shallow,256,2,138,0.05047494172864117
shallow,256,2,139,0.049952695332398364
shallow,256,2,140,0.04941811429443762
shallow,256,2,141,0.04876847393845421
shallow,256,2,142,0.048166026551566724
shallow,256,2,143,0.047516685127985174
shallow,256,2,144,0.04676543215132213
shallow,256,2,145,0.046090112983985465
shallow,256,2,146,0.045413686254645994
shallow,256,2,147,0.04482388889781932
shallow,256,2,148,0.04423682718748056
shallow,256,2,149,0.04370820059375063
shallow,256,2,150,0.04319507728547964
shallow,256,2,151,0.04245651836340346
shallow,256,2,152,0.04168168844218843
shallow,256,2,153,0.04098227179780138
shallow,256,2,154,0.04036190563492607
shallow,256,2,155,0.03973244434864756
shallow,256,2,156,0.039322519736348774
shallow,256,2,157,0.038808694845571666
shallow,256,2,158,0.03838625316558923
shallow,256,2,159,0.0380414890186127
shallow,256,2,160,0.037705752669131176
shallow,256,2,161,0.03721870628003861
shallow,256,2,162,0.03681094197895509
shallow,256,2,163,0.03637066148376965
shallow,256,2,164,0.03580310188756211
shallow,256,2,165,0.03529258158994682
shallow,256,2,166,0.034880449033601164
shallow,256,2,167,0.03458219235034865
shallow,256,2,168,0.03410789538041828
shallow,256,2,169,0.033760500284307944
shallow,256,2,170,0.03337061935319294
shallow,256,2,171,0.032966654598470674
shallow,256,2,172,0.03260722640746737
shallow,256,2,173,0.03213769527883127
shallow,256,2,174,0.0316258584088761
shallow,256,2,175,0.031210692951966497
shallow,256,2,176,0.03087420509956186
shallow,256,2,177,0.030370438219155173
shallow,256,2,178,0.029720835051651226
shallow,256,2,179,0.029074259037273332
shallow,256,2,180,0.02867119559709652
shallow,256,2,181,0.028309147550442153
shallow,256,2,182,0.028116296956869808
shallow,256,2,183,0.02802153628632121
shallow,256,2,184,0.027783222032473607
shallow,256,2,185,0.02772678730873742
shallow,256,2,186,0.027667745788874425
shallow,256,2,187,0.02748879001696481
shallow,256,2,188,0.027278885153497544
shallow,256,2,189,0.02694013715335719
shallow,256,2,190,0.026680533155898863
shallow,256,2,191,0.026446854990618385
shallow,256,2,192,0.02607316229096432
shallow,256,2,193,0.02571519497633854
shallow,256,2,194,0.02544047297211876
shallow,256,2,195,0.025083164903182967
shallow,256,2,196,0.024634298965202327
shallow,256,2,197,0.024212571148585528
shallow,256,2,198,0.023938387647266152
shallow,256,2,199,0.023516139642588706
shallow,256,2,200,0.023098804336131137
shallow,256,2,201,0.02257196556342568
shallow,256,2,202,0.021993922842258186
shallow,256,2,203,0.021489928114658177
shallow,256,2,204,0.021119675763711907
shallow,256,2,205,0.020799714731619394
shallow,256,2,206,0.020666419486325797
shallow,256,2,207,0.020601039060115314
shallow,256,2,208,0.020536808965483433
shallow,256,2,209,0.02036755170486685
shallow,256,2,210,0.020197830116144174
shallow,256,2,211,0.01995919204515422
shallow,256,2,212,0.019612355199693683
shallow,256,2,213,0.01922911584660964
shallow,256,2,214,0.0189653059674781
shallow,256,2,215,0.018573225922470224
shallow,256,2,216,0.018187382739970528
shallow,256,2,217,0.017644776245088742
shallow,256,2,218,0.017180051421612275
shallow,256,2,219,0.01664445652429209
shallow,256,2,220,0.016139870962153764
shallow,256,2,221,0.015714303308374918
shallow,256,2,222,0.015362648166453987
shallow,256,2,223,0.015172032654063134
shallow,256,2,224,0.015014436972610828
shallow,256,2,225,0.014745235920799127
shallow,256,2,226,0.014448984857597803
shallow,256,2,227,0.014134856995552711
shallow,256,2,228,0.013947292927521388
shallow,256,2,229,0.013557885446482816
shallow,256,2,230,0.013110334218144067
shallow,256,2,231,0.012713707927581072
shallow,256,2,232,0.01222405452392153
shallow,256,2,233,0.011768223862987696
shallow,256,2,234,0.01128875714832125
shallow,256,2,235,0.010833931516154333
shallow,256,2,236,0.010343770646722882
shallow,256,2,237,0.009915857016736362
shallow,256,2,238,0.00944183058324672
shallow,256,2,239,0.00895241290112243
shallow,256,2,240,0.008380304462830643
shallow,256,2,241,0.0077896781825496295
shallow,256,2,242,0.007229465840898669
shallow,256,2,243,0.006606553008254985
shallow,256,2,244,0.005974726597195008
shallow,256,2,245,0.005398765703688172
shallow,256,2,246,0.0048163306779138385
shallow,256,2,247,0.0042872850451029535
shallow,256,2,248,0.003794514558332153
shallow,256,2,249,0.0032350033709510548
shallow,256,2,250,0.0027541270348436847
shallow,256,2,251,0.0022781131934863997
shallow,256,2,252,0.0017804104436003683
shallow,256,2,253,0.001492482531972192
shallow,256,2,254,0.0014053853023047224
shallow,256,2,255,0.0012553842022872768
shallow,256,2,256,0.0011591377078197225
shallow,256,2,257,0.000978022800301279
shallow,256,2,258,0.0008891960003182607
shallow,256,2,259,0.0009929640339988717
shallow,256,2,260,0.0012980682006493726
shallow,256,2,261,0.0014826842609336952
shallow,256,2,262,0.0015879432225193498
shallow,256,2,263,0.0016686978189861727
shallow,256,2,264,0.001452854283761254
shallow,256,2,265,0.0011966152322151113
shallow,256,2,266,0.0009882501262523512
shallow,256,2,267,0.0010327717264793632
shallow,256,2,268,0.0010117667547400557
shallow,256,2,269,0.0010653949765767996
shallow,256,2,270,0.001303853555820824
shallow,256,2,271,0.0016972630577559245
shallow,256,2,272,0.0022543398480056372
shallow,256,2,273,0.0028665332450054665
shallow,256,2,274,0.003580280091092475
shallow,256,2,275,0.004246376968975996
shallow,256,2,276,0.004823964018670657
shallow,256,2,277,0.005428957938764566
shallow,256,2,278,0.005912762571998199
shallow,256,2,279,0.006341927625712354
shallow,256,2,280,0.00665392633310608
shallow,256,2,281,0.006993418751901912
shallow,256,2,282,0.007383946346387881
shallow,256,2,283,0.007745356695472773
shallow,256,2,284,0.007811530644921031
shallow,256,2,285,0.007877576557295707
shallow,256,2,286,0.007771505182132913
shallow,256,2,287,0.007813527196246084
shallow,256,2,288,0.007758869695238023
shallow,256,2,289,0.007783772345802719
shallow,256,2,290,0.007688675674953811
shallow,256,2,291,0.007657835012839882
shallow,256,2,292,0.007645028153585273
shallow,256,2,293,0.007625135286002432
shallow,256,2,294,0.007559706286424682
shallow,256,2,295,0.007434342432516098
shallow,256,2,296,0.007395743478797205
shallow,256,2,297,0.0072870801323450096
shallow,256,2,298,0.007159000977211916
shallow,256,2,299,0.006967018020313801
shallow,256,2,300,0.006747475397174232
shallow,256,2,301,0.006522960455847377
shallow,256,2,302,0.006276780840657871
shallow,256,2,303,0.005969248682323824
shallow,256,2,304,0.005657414915905687
shallow,256,2,305,0.005393526581871607
shallow,256,2,306,0.00529616104048684
shallow,256,2,307,0.005163800381388755
shallow,256,2,308,0.005050129045226036
shallow,256,2,309,0.0050504430317403265
shallow,256,2,310,0.004999031022310916
shallow,256,2,311,0.004848840003176137
shallow,256,2,312,0.0045871530713289844
shallow,256,2,313,0.00423103509331326
shallow,256,2,314,0.0037308943891094354
shallow,256,2,315,0.0031193572187900023
shallow,256,2,316,0.00263569321434223
shallow,256,2,317,0.0022694645569744593
shallow,256,2,318,0.001956676945920876
shallow,256,2,319,0.0016969156262350098
shallow,256,2,320,0.0014698756807919305
shallow,256,2,321,0.00119032422953084
shallow,256,2,322,0.0007918315508533415
shallow,256,2,323,0.00045216834248940963
shallow,256,2,324,0.00022484335582697548
shallow,256,2,325,-6.007825953815212e-05
shallow,256,2,326,-0.0004591174095158405
shallow,256,2,327,-0.0008089142215258352
shallow,256,2,328,-0.0011790388759159076
shallow,256,2,329,-0.001572082459544536
shallow,256,2,330,-0.001884323611524629
shallow,256,2,331,-0.002129855101838741
shallow,256,2,332,-0.0023846279750280317
shallow,256,2,333,-0.0026196077119880227
shallow,256,2,334,-0.0026372247531732847
shallow,256,2,335,-0.002663550209635502
shallow,256,2,336,-0.002680342077858346
shallow,256,2,337,-0.002672275130351092
shallow,256,2,338,-0.002534886391879993
shallow,256,2,339,-0.002403665158117722
shallow,256,2,340,-0.0023302251606312826
shallow,256,2,341,-0.0021786005188963935
shallow,256,2,342,-0.0020571843399516494
shallow,256,2,343,-0.002029004219563449
shallow,256,2,344,-0.001963084439571974
shallow,256,2,345,-0.0017932454183773538
shallow,256,2,346,-0.0017634156657262714
shallow,256,2,347,-0.00177622279172335
shallow,256,2,348,-0.0017556050652957156
shallow,256,2,349,-0.001811247835511881
shallow,256,2,350,-0.0018458343990601853
shallow,256,2,351,-0.0017799091031715688
shallow,256,2,352,-0.0016236159717148593
shallow,256,2,353,-0.001440973936601735
shallow,256,2,354,-0.0012723479878788677
shallow,256,2,355,-0.0010464001140611313
shallow,256,2,356,-0.0007383035385010704
shallow,256,2,357,-0.00047067453763111836
shallow,256,2,358,-0.0001178454998661965
shallow,256,2,359,0.00015291018513558744
shallow,256,2,360,0.0005244738028287875
shallow,256,2,361,0.0009326059470774891
shallow,256,2,362,0.0012595427986855073
shallow,256,2,363,0.0015470876684372309
shallow,256,2,364,0.0018401346854838045
shallow,256,2,365,0.0021370733498669915
shallow,256,2,366,0.0023933935092025856
shallow,256,2,367,0.002637258397827394
shallow,256,2,368,0.0028383814490968093
shallow,256,2,369,0.003158451266655742
shallow,256,2,370,0.003444516823013482
shallow,256,2,371,0.0037266730719502966
shallow,256,2,372,0.003981341143246915
shallow,256,2,373,0.004169403097458833
shallow,256,2,374,0.0043584979817037775
shallow,256,2,375,0.004541821218307538
shallow,256,2,376,0.00459902762626627
shallow,256,2,377,0.004598035078373282
shallow,256,2,378,0.004547099117835107
shallow,256,2,379,0.004619690609136738
shallow,256,2,380,0.004502375186756176
shallow,256,2,381,0.0043753907212777795
shallow,256,2,382,0.004317639450083585
shallow,256,2,383,0.004186798578469229
shallow,256,2,384,0.004073294451411948
shallow,256,2,385,0.003933151050271445
shallow,256,2,386,0.003797249607197027
shallow,256,2,387,0.003612629548733235
shallow,256,2,388,0.0033559742965593884
shallow,256,2,389,0.0030457603513563162
shallow,256,2,390,0.0028103197048554313
shallow,256,2,391,0.002461690266847797
shallow,256,2,392,0.0021055564115280926
shallow,256,2,393,0.0017130981094613529
shallow,256,2,394,0.0014018776540849773
shallow,256,2,395,0.0011186366359618631
shallow,256,2,396,0.0008395359746524644
shallow,256,2,397,0.000634942139930152
shallow,256,2,398,0.0004015624149884293
shallow,256,2,399,0.00011119866612653486
shallow,256,2,400,-0.00021157797127127013
shallow,1024,0,0,1.0
shallow,1024,0,1,0.9653478608613812
shallow,1024,0,2,0.9322836053346185
shallow,1024,0,3,0.9004408001182284
shallow,1024,0,4,0.8699907255881805
shallow,1024,0,5,0.8407251193832034
shallow,1024,0,6,0.8124941484640699
shallow,1024,0,7,0.7854210627335578
shallow,1024,0,8,0.759506563514859
shallow,1024,0,9,0.7348431612499174
shallow,1024,0,10,0.7111832079025149
shallow,1024,0,11,0.6884466013470476
shallow,1024,0,12,0.6668571056572722
shallow,1024,0,13,0.6458770423616839
shallow,1024,0,14,0.6256686455504432
shallow,1024,0,15,0.6061729526915356
shallow,1024,0,16,0.5875149538404619
shallow,1024,0,17,0.5695467944053653
shallow,1024,0,18,0.5524191657283046
shallow,1024,0,19,0.5356405515419416
shallow,1024,0,20,0.5195113593758987
shallow,1024,0,21,0.5039910163047268
shallow,1024,0,22,0.4891389646632811
shallow,1024,0,23,0.4749276553809256
shallow,1024,0,24,0.4612208455743605
shallow,1024,0,25,0.44810484656101907
shallow,1024,0,26,0.43545109596891446
shallow,1024,0,27,0.4232075013498147
shallow,1024,0,28,0.4113404955584149
shallow,1024,0,29,0.4001282662772005
shallow,1024,0,30,0.38939177853343815
shallow,1024,0,31,0.3790541151109531
shallow,1024,0,32,0.3691443397766275
shallow,1024,0,33,0.35955972526064695
shallow,1024,0,34,0.3503144161815952
shallow,1024,0,35,0.34127950681834174
shallow,1024,0,36,0.3325595507698331
shallow,1024,0,37,0.32401322502494595
shallow,1024,0,38,0.3158608014804094
shallow,1024,0,39,0.30802423104398174
shallow,1024,0,40,0.30054807006315554
shallow,1024,0,41,0.2933112215561491
shallow,1024,0,42,0.28608786154874455
shallow,1024,0,43,0.2790843313786793
shallow,1024,0,44,0.27232757336629243
shallow,1024,0,45,0.2656559748397741
shallow,1024,0,46,0.2591918494985283
shallow,1024,0,47,0.25287383118573625
shallow,1024,0,48,0.2467494228129205
shallow,1024,0,49,0.2408121341551755
shallow,1024,0,50,0.2351257310526268
shallow,1024,0,51,0.22963846306853317
shallow,1024,0,52,0.2242769944720009
shallow,1024,0,53,0.21897508511999036
shallow,1024,0,54,0.21389393421832809
shallow,1024,0,55,0.20886040591584198
shallow,1024,0,56,0.2040655353923749
shallow,1024,0,57,0.1994473555713607
shallow,1024,0,58,0.19479106036007687
shallow,1024,0,59,0.19032915655467447
shallow,1024,0,60,0.18600536375545368
shallow,1024,0,61,0.1818830552442931
shallow,1024,0,62,0.17794899205797052
shallow,1024,0,63,0.17421950767232514
shallow,1024,0,64,0.1706356898332008
shallow,1024,0,65,0.16713282896073883
shallow,1024,0,66,0.16366598051842896
shallow,1024,0,67,0.1603797417094836
shallow,1024,0,68,0.15722407114842937
shallow,1024,0,69,0.15416667357297345
shallow,1024,0,70,0.1511196216970435
shallow,1024,0,71,0.14821170862734848
shallow,1024,0,72,0.1454878049475898
shallow,1024,0,73,0.1426778493279191
shallow,1024,0,74,0.13979269076439735
shallow,1024,0,75,0.13721714528102724
shallow,1024,0,76,0.13475607075669335
shallow,1024,0,77,0.13240499845390347
shallow,1024,0,78,0.1301339598157038
shallow,1024,0,79,0.12781542079242014
shallow,1024,0,80,0.12554541153926957
shallow,1024,0,81,0.12322634915015199
shallow,1024,0,82,0.12094636679989504
shallow,1024,0,83,0.11876401540089218
shallow,1024,0,84,0.11665742992624167
shallow,1024,0,85,0.11454189449164626
shallow,1024,0,86,0.11244746464380401
shallow,1024,0,87,0.11040738307505846
shallow,1024,0,88,0.10833821857998524
shallow,1024,0,89,0.1064459723544102
shallow,1024,0,90,0.10453857302198472
shallow,1024,0,91,0.10271143432883799
shallow,1024,0,92,0.10091627238684339
shallow,1024,0,93,0.09925526857623884
shallow,1024,0,94,0.09763355912237895
shallow,1024,0,95,0.09600691872695341
shallow,1024,0,96,0.09431262560710521
shallow,1024,0,97,0.0927045167514914
shallow,1024,0,98,0.09137683640919417
shallow,1024,0,99,0.09003365114612828
shallow,1024,0,100,0.08867721844514523
shallow,1024,0,101,0.08741261807560533
shallow,1024,0,102,0.08624648654901838
shallow,1024,0,103,0.08504175403242825
shallow,1024,0,104,0.08380458507422944
shallow,1024,0,105,0.08259233113024675
shallow,1024,0,106,0.08146371182481926
shallow,1024,0,107,0.08024186111184461
shallow,1024,0,108,0.07906628009800325
shallow,1024,0,109,0.07790034152111759
shallow,1024,0,110,0.07680281884901971
shallow,1024,0,111,0.07565003795902771
shallow,1024,0,112,0.07437284418477937
shallow,1024,0,113,0.07315618986485484
shallow,1024,0,114,0.07191068014348556
shallow,1024,0,115,0.07058384777983182
shallow,1024,0,116,0.06940489944441905
shallow,1024,0,117,0.06837081329636752
shallow,1024,0,118,0.06749718997473894
shallow,1024,0,119,0.06656939228895097
shallow,1024,0,120,0.0655203119202535
shallow,1024,0,121,0.06447899047004077
shallow,1024,0,122,0.06337146843758187
shallow,1024,0,123,0.06228114775393197
shallow,1024,0,124,0.061069440158107946
shallow,1024,0,125,0.0597738966866619
shallow,1024,0,126,0.05850998400145201
shallow,1024,0,127,0.05714056322125568
shallow,1024,0,128,0.055866461126358916
shallow,1024,0,129,0.054701064074404754
shallow,1024,0,130,0.05344408602338302
shallow,1024,0,131,0.05228685796105305
shallow,1024,0,132,0.05108954768926639
shallow,1024,0,133,0.049919182484686644
shallow,1024,0,134,0.04887123620381571
shallow,1024,0,135,0.0477379419746968
shallow,1024,0,136,0.046859189284050085
shallow,1024,0,137,0.04595367000918063
shallow,1024,0,138,0.04495295703338162
shallow,1024,0,139,0.04395943955697875
shallow,1024,0,140,0.04293057879073376
shallow,1024,0,141,0.04189101433225763
shallow,1024,0,142,0.040785108987688584
shallow,1024,0,143,0.03960450706192736
shallow,1024,0,144,0.03835132503905679
shallow,1024,0,145,0.037166712337988767
shallow,1024,0,146,0.03597891313992547
shallow,1024,0,147,0.03486376078870666
shallow,1024,0,148,0.033796129381247465
shallow,1024,0,149,0.032756044802462476
shallow,1024,0,150,0.03173497741537264
shallow,1024,0,151,0.030825156450416117
shallow,1024,0,152,0.029992187367357703
shallow,1024,0,153,0.02919459513213689
shallow,1024,0,154,0.02853434214311517
shallow,1024,0,155,0.02777256957783998
shallow,1024,0,156,0.0271007324943605
shallow,1024,0,157,0.026309900907696346
shallow,1024,0,158,0.02559755485522364
shallow,1024,0,159,0.02493866904161103
shallow,1024,0,160,0.024328699637719144
shallow,1024,0,161,0.023821182860426476
shallow,1024,0,162,0.0232223885470813
shallow,1024,0,163,0.022651132979957515
shallow,1024,0,164,0.022040776515318283
shallow,1024,0,165,0.02124840235258199
shallow,1024,0,166,0.020229464541612244
shallow,1024,0,167,0.019254685423595916
shallow,1024,0,168,0.018345462642795542
shallow,1024,0,169,0.017565019799031696
shallow,1024,0,170,0.016754589205047386
shallow,1024,0,171,0.016032681475062423
shallow,1024,0,172,0.015217267162430645
shallow,1024,0,173,0.014297531019408477
shallow,1024,0,174,0.013626235634912713
shallow,1024,0,175,0.01289163760526859
shallow,1024,0,176,0.012095628884583353
shallow,1024,0,177,0.01135640891619584
shallow,1024,0,178,0.010805739714467596
shallow,1024,0,179,0.010264985386526648
shallow,1024,0,180,0.00960018467321979
shallow,1024,0,181,0.008991039845391074
shallow,1024,0,182,0.008429197590786253
shallow,1024,0,183,0.007604337003423429
shallow,1024,0,184,0.006642386803231492
shallow,1024,0,185,0.005687943671358832
shallow,1024,0,186,0.0045654447542503585
shallow,1024,0,187,0.003709345990597924
shallow,1024,0,188,0.002911168018290898
shallow,1024,0,189,0.002045776796417779
shallow,1024,0,190,0.001471725323186924
shallow,1024,0,191,0.0008291671893760999
shallow,1024,0,192,0.00014507602837359954
shallow,1024,0,193,-0.00047708418823378643
shallow,1024,0,194,-0.0010438689934785896
shallow,1024,0,195,-0.001352426667900743
shallow,1024,0,196,-0.0014777105825905014
shallow,1024,0,197,-0.0014457652055300519
shallow,1024,0,198,-0.0012852506803186254
shallow,1024,0,199,-0.0010932901700937622
shallow,1024,0,200,-0.0010319816057965067
shallow,1024,0,201,-0.001009885549125344
shallow,1024,0,202,-0.001149280608727357
shallow,1024,0,203,-0.001173038368693055
shallow,1024,0,204,-0.0012975094429149077
shallow,1024,0,205,-0.0015208270011813443
shallow,1024,0,206,-0.001904236019395331
shallow,1024,0,207,-0.0022308762353055282
shallow,1024,0,208,-0.0023154287441753264
shallow,1024,0,209,-0.0024537610369497215
shallow,1024,0,210,-0.0026220225508722453
shallow,1024,0,211,-0.002834509403575181
shallow,1024,0,212,-0.0029411795397438667
shallow,1024,0,213,-0.0031014628075304355
shallow,1024,0,214,-0.0030670836963723556
shallow,1024,0,215,-0.003001066919775068
shallow,1024,0,216,-0.002906563200011934
shallow,1024,0,217,-0.0030297379344867074
shallow,1024,0,218,-0.003308944214640118
shallow,1024,0,219,-0.003635198430431401
shallow,1024,0,220,-0.004057369402553366
shallow,1024,0,221,-0.00432340279985936
shallow,1024,0,222,-0.00466984804718103
shallow,1024,0,223,-0.0048945821636247906
shallow,1024,0,224,-0.005070652673095351
shallow,1024,0,225,-0.005303743390358348
shallow,1024,0,226,-0.005561825964808485
shallow,1024,0,227,-0.005779310577028181
shallow,1024,0,228,-0.0059126411952932474
shallow,1024,0,229,-0.006065022359137796
shallow,1024,0,230,-0.006255261797586824
shallow,1024,0,231,-0.006496588264233719
shallow,1024,0,232,-0.006628772355055206
shallow,1024,0,233,-0.006686097309859258
shallow,1024,0,234,-0.006693395792836461
shallow,1024,0,235,-0.00691194480612407
shallow,1024,0,236,-0.007013646155902416
shallow,1024,0,237,-0.006978226161950416
shallow,1024,0,238,-0.007028387309951943
shallow,1024,0,239,-0.006976200838461453
shallow,1024,0,240,-0.006922702472939212
shallow,1024,0,241,-0.006978025870017299
shallow,1024,0,242,-0.006947933532497332
shallow,1024,0,243,-0.006990732585615694
shallow,1024,0,244,-0.006991026614298783
shallow,1024,0,245,-0.006979094551664181
shallow,1024,0,246,-0.007014913651038668
shallow,1024,0,247,-0.007151094340068941
shallow,1024,0,248,-0.007278964862466035
shallow,1024,0,249,-0.007311572192849194
shallow,1024,0,250,-0.007302741445039313
shallow,1024,0,251,-0.0072610707430000795
shallow,1024,0,252,-0.007221507384658898
shallow,1024,0,253,-0.007136682099278036
shallow,1024,0,254,-0.007169230902171349
shallow,1024,0,255,-0.007206789410028412
shallow,1024,0,256,-0.007126730232452863
shallow,1024,0,257,-0.007029208751278087
shallow,1024,0,258,-0.0068749708285551665
shallow,1024,0,259,-0.006781590256773409
shallow,1024,0,260,-0.006790637111494964
shallow,1024,0,261,-0.0068587077537167855
shallow,1024,0,262,-0.006830076743134802
shallow,1024,0,263,-0.0068094501555256
shallow,1024,0,264,-0.006742805055805503
shallow,1024,0,265,-0.006669433619102456
shallow,1024,0,266,-0.006515363438374579
shallow,1024,0,267,-0.006481589841664919
shallow,1024,0,268,-0.006460039974783135
shallow,1024,0,269,-0.006553041996089443
shallow,1024,0,270,-0.00667779146521446
shallow,1024,0,271,-0.006845274109225301
shallow,1024,0,272,-0.00724777249771695
shallow,1024,0,273,-0.00757049287698475
shallow,1024,0,274,-0.00776987014155616
shallow,1024,0,275,-0.007979420919581516
shallow,1024,0,276,-0.008246018207183486
shallow,1024,0,277,-0.008293473874877333
shallow,1024,0,278,-0.0083032032254519
shallow,1024,0,279,-0.008203335076809985
shallow,1024,0,280,-0.008166709200142036
shallow,1024,0,281,-0.008154207109836028
shallow,1024,0,282,-0.008209773115972896
shallow,1024,0,283,-0.008286438135682826
shallow,1024,0,284,-0.008417771736016402
shallow,1024,0,285,-0.00837163000774926
shallow,1024,0,286,-0.008500310805947946
shallow,1024,0,287,-0.00847163076388516
shallow,1024,0,288,-0.008351910363572497
shallow,1024,0,289,-0.008148337837954295
shallow,1024,0,290,-0.008137903595980128
shallow,1024,0,291,-0.008179465682641319
shallow,1024,0,292,-0.008223440234833656
shallow,1024,0,293,-0.008409219354419193
shallow,1024,0,294,-0.008589845377470418
shallow,1024,0,295,-0.008909391909735316
shallow,1024,0,296,-0.009162357417518129
shallow,1024,0,297,-0.009405917033011147
shallow,1024,0,298,-0.00964991490619484
shallow,1024,0,299,-0.009556459305318663
shallow,1024,0,300,-0.009334279895435754
shallow,1024,0,301,-0.009106974219624395
shallow,1024,0,302,-0.008741092830230243
shallow,1024,0,303,-0.008268261895058575
shallow,1024,0,304,-0.007689238903950256
shallow,1024,0,305,-0.007119515041051441
shallow,1024,0,306,-0.006551023189041589
shallow,1024,0,307,-0.006096946186652475
shallow,1024,0,308,-0.005778585942581118
shallow,1024,0,309,-0.005582354296328259
shallow,1024,0,310,-0.00569278998133557
shallow,1024,0,311,-0.00570640970767879
shallow,1024,0,312,-0.00577913696034637
shallow,1024,0,313,-0.005787680695983063
shallow,1024,0,314,-0.005706684084457036
shallow,1024,0,315,-0.005653647050129008
shallow,1024,0,316,-0.005352442847730136
shallow,1024,0,317,-0.005122155306084648
shallow,1024,0,318,-0.0049232542174954125
shallow,1024,0,319,-0.0045583506092817866
shallow,1024,0,320,-0.004291267428886576
shallow,1024,0,321,-0.0040250727974403214
shallow,1024,0,322,-0.003636821117423188
shallow,1024,0,323,-0.0033776843288626747
shallow,1024,0,324,-0.003115509238189702
shallow,1024,0,325,-0.0027532917815766065
shallow,1024,0,326,-0.0023864452445821463
shallow,1024,0,327,-0.001986473083563842
shallow,1024,0,328,-0.0013143101234064022
shallow,1024,0,329,-0.0005701741304665919
shallow,1024,0,330,0.00016353622600008306
shallow,1024,0,331,0.0007623094612445162
shallow,1024,0,332,0.001414612483411782
shallow,1024,0,333,0.001896828989284828
shallow,1024,0,334,0.0025176782600242484
shallow,1024,0,335,0.0029605528344306426
shallow,1024,0,336,0.0032034658711769257
shallow,1024,0,337,0.003339192625637901
shallow,1024,0,338,0.0034288470651232727
shallow,1024,0,339,0.003463036269631118
shallow,1024,0,340,0.0033891563276904997
shallow,1024,0,341,0.0033292964545676676
shallow,1024,0,342,0.0032548826430915563
shallow,1024,0,343,0.003149589381018146
shallow,1024,0,344,0.003065396434307503
shallow,1024,0,345,0.0031286978621215067
shallow,1024,0,346,0.0033582940927347022
shallow,1024,0,347,0.0035060951189607847
shallow,1024,0,348,0.0036518818643038785
shallow,1024,0,349,0.0035451913297855483
shallow,1024,0,350,0.003321606447207889
shallow,1024,0,351,0.0031043124367975635
shallow,1024,0,352,0.002853286175141398
shallow,1024,0,353,0.0025985096486307114
shallow,1024,0,354,0.002458775917041191
shallow,1024,0,355,0.0022299500790673573
shallow,1024,0,356,0.002206368491849944
shallow,1024,0,357,0.0021775881612759247
shallow,1024,0,358,0.0021215441335664022
shallow,1024,0,359,0.0020539459359664477
shallow,1024,0,360,0.0021864323837725358
shallow,1024,0,361,0.0022416296535765112
shallow,1024,0,362,0.002228350028329381
shallow,1024,0,363,0.0022461636249819384
shallow,1024,0,364,0.002270092327540785
shallow,1024,0,365,0.0023521494804513406
shallow,1024,0,366,0.00230834585637824
shallow,1024,0,367,0.001995772980526258
shallow,1024,0,368,0.0017354671864408069
shallow,1024,0,369,0.0014724644786887626
shallow,1024,0,370,0.0011748903295892498
shallow,1024,0,371,0.0008751753528924687
shallow,1024,0,372,0.0006788736212536182
shallow,1024,0,373,0.0005509687311864764
shallow,1024,0,374,0.00033978471203670486
shallow,1024,0,375,0.0003634664301512588
shallow,1024,0,376,0.0002789538391545373
shallow,1024,0,377,0.00018022586836663598
shallow,1024,0,378,6.862845826300398e-05
shallow,1024,0,379,0.0001001394548461427
shallow,1024,0,380,0.00013884669947936156
shallow,1024,0,381,0.0003207549452869372
shallow,1024,0,382,0.0003075187502072606
shallow,1024,0,383,0.0002748824680113858
shallow,1024,0,384,0.00014707079855037937
shallow,1024,0,385,0.00016868852148693703
shallow,1024,0,386,0.00016932619395442115
shallow,1024,0,387,0.00023151748942310628
shallow,1024,0,388,0.00020134065850264786
shallow,1024,0,389,0.0002458844733058688
shallow,1024,0,390,0.0002425898201815777
shallow,1024,0,391,0.0002763221344282519
shallow,1024,0,392,0.00023308785657119536
shallow,1024,0,393,0.00025740368894825436
shallow,1024,0,394,0.0001758440005308773
shallow,1024,0,395,-9.450496313542225e-05
shallow,1024,0,396,-0.00036997826038860247
shallow,1024,0,397,-0.0007652953416034989
shallow,1024,0,398,-0.001050650712286294
shallow,1024,0,399,-0.0012526188072224686
shallow,1024,0,400,-0.0013967982423165825
shallow,1024,1,0,1.0
shallow,1024,1,1,0.9667125285402383
shallow,1024,1,2,0.9348850407525986
shallow,1024,1,3,0.9044029226413729
shallow,1024,1,4,0.8752950572345404
shallow,1024,1,5,0.8473855283528101
shallow,1024,1,6,0.8206293878531512
shallow,1024,1,7,0.7949671306059759
shallow,1024,1,8,0.7704174020547148
shallow,1024,1,9,0.7469123785435708
shallow,1024,1,10,0.7243369560273409
shallow,1024,1,11,0.702641958627912
shallow,1024,1,12,0.6817466318848674
shallow,1024,1,13,0.6615723585097293
shallow,1024,1,14,0.6420916727375471
shallow,1024,1,15,0.6236027217228752
shallow,1024,1,16,0.6057952718310872
shallow,1024,1,17,0.588630821621672
shallow,1024,1,18,0.5719341004433273
shallow,1024,1,19,0.5556777704214038
shallow,1024,1,20,0.5401064226908667
shallow,1024,1,21,0.5249964629273364
shallow,1024,1,22,0.5102414141558412
shallow,1024,1,23,0.49616759032399804
shallow,1024,1,24,0.4825592421206548
shallow,1024,1,25,0.4692791927709249
shallow,1024,1,26,0.4565139820283153
shallow,1024,1,27,0.44435472682956156
shallow,1024,1,28,0.432424660922914
shallow,1024,1,29,0.42102456626839263
shallow,1024,1,30,0.4100153643976333
shallow,1024,1,31,0.39939081442004165
shallow,1024,1,32,0.3891830621744797
shallow,1024,1,33,0.3793401114249699
shallow,1024,1,34,0.36992275104771677
shallow,1024,1,35,0.3607510931818226
shallow,1024,1,36,0.3519487869374173
shallow,1024,1,37,0.34341464602336164
shallow,1024,1,38,0.3351879401654295
shallow,1024,1,39,0.3270879420795898
shallow,1024,1,40,0.3192245128736501
shallow,1024,1,41,0.3117340878154776
shallow,1024,1,42,0.3045892723632604
shallow,1024,1,43,0.2976508907168132
shallow,1024,1,44,0.29102041027416264
shallow,1024,1,45,0.28452295727475835
shallow,1024,1,46,0.2782389675249507
shallow,1024,1,47,0.27222328370600213
shallow,1024,1,48,0.2664675408575928
shallow,1024,1,49,0.2608971506432838
shallow,1024,1,50,0.25550946608054903
shallow,1024,1,51,0.25023438861945285
shallow,1024,1,52,0.24520037563845862
shallow,1024,1,53,0.24036697227072978
shallow,1024,1,54,0.23567277486133317
shallow,1024,1,55,0.2311673208580679
shallow,1024,1,56,0.22662905558556984
shallow,1024,1,57,0.22230785282302395
shallow,1024,1,58,0.2182308981967022
shallow,1024,1,59,0.2141528479819681
shallow,1024,1,60,0.21038144878675524
shallow,1024,1,61,0.2065227669907027
shallow,1024,1,62,0.20260718761833266
shallow,1024,1,63,0.19872958849194866
shallow,1024,1,64,0.19501517709964075
shallow,1024,1,65,0.1917109823222276
shallow,1024,1,66,0.18842432390922875
shallow,1024,1,67,0.18534360837518882
shallow,1024,1,68,0.1821811736965374
shallow,1024,1,69,0.17906099737725872
shallow,1024,1,70,0.17601685119197127
shallow,1024,1,71,0.1730953592926933
shallow,1024,1,72,0.17014253616647781
shallow,1024,1,73,0.167230205671402
shallow,1024,1,74,0.1645171560262146
shallow,1024,1,75,0.16190118451293375
shallow,1024,1,76,0.15933239438735933
shallow,1024,1,77,0.15693144130622094
shallow,1024,1,78,0.15454222614585356
shallow,1024,1,79,0.15238021686815556
shallow,1024,1,80,0.15021226697180273
shallow,1024,1,81,0.14803585488760745
shallow,1024,1,82,0.14584238837228164
shallow,1024,1,83,0.14360175942078543
shallow,1024,1,84,0.14146420238264404
shallow,1024,1,85,0.1394984095011321
shallow,1024,1,86,0.13753517940764112
shallow,1024,1,87,0.13557964553836416
shallow,1024,1,88,0.13373941432787254
shallow,1024,1,89,0.13209270855468905
shallow,1024,1,90,0.13052252019438837
shallow,1024,1,91,0.1291639928405563
shallow,1024,1,92,0.12784459849096463
shallow,1024,1,93,0.12645124649908085
shallow,1024,1,94,0.12498040336486693
shallow,1024,1,95,0.12360440260243624
shallow,1024,1,96,0.1222892732524905
shallow,1024,1,97,0.12092003405832741
shallow,1024,1,98,0.11960194226209184
shallow,1024,1,99,0.11829687708498539
shallow,1024,1,100,0.11704271579475206
shallow,1024,1,101,0.11571811975179783
shallow,1024,1,102,0.11436727284824597
shallow,1024,1,103,0.11306461856178099
shallow,1024,1,104,0.11171295988645628
shallow,1024,1,105,0.11036384520318529
shallow,1024,1,106,0.10903279860310054
shallow,1024,1,107,0.10756956793878666
shallow,1024,1,108,0.1061185135448505
shallow,1024,1,109,0.10476622390618567
shallow,1024,1,110,0.10335782574948452
shallow,1024,1,111,0.10202785073749861
shallow,1024,1,112,0.10078577372214235
shallow,1024,1,113,0.09954109286848396
shallow,1024,1,114,0.0982372770891905
shallow,1024,1,115,0.09688951451399111
shallow,1024,1,116,0.0956375567999444
shallow,1024,1,117,0.09426237827295315
shallow,1024,1,118,0.09288614009339631
shallow,1024,1,119,0.09136655801235563
shallow,1024,1,120,0.08997643017070192
shallow,1024,1,121,0.08866716723424603
shallow,1024,1,122,0.08755811080876927
shallow,1024,1,123,0.08652562449613233
shallow,1024,1,124,0.08549163746902202
shallow,1024,1,125,0.08426566171721453
shallow,1024,1,126,0.08313730658507168
shallow,1024,1,127,0.0819678130374817
shallow,1024,1,128,0.08089657914578624
shallow,1024,1,129,0.07972982797847727
shallow,1024,1,130,0.07849186754737664
shallow,1024,1,131,0.07724171317219633
shallow,1024,1,132,0.07605637119533867
shallow,1024,1,133,0.07480528939525097
shallow,1024,1,134,0.07348122776993309
shallow,1024,1,135,0.07210821365603229
shallow,1024,1,136,0.07062130304941541
shallow,1024,1,137,0.06929722458395324
shallow,1024,1,138,0.06819482949780897
shallow,1024,1,139,0.06721278056241348
shallow,1024,1,140,0.0663297738922384
shallow,1024,1,141,0.0655428784868338
shallow,1024,1,142,0.0648152558278714
shallow,1024,1,143,0.06401181344334196
shallow,1024,1,144,0.06326217863455873
shallow,1024,1,145,0.06261795062208396
shallow,1024,1,146,0.062041438631690274
shallow,1024,1,147,0.06146920003780842
shallow,1024,1,148,0.06089377010031156
shallow,1024,1,149,0.06027552963401561
shallow,1024,1,150,0.059760765381296675
shallow,1024,1,151,0.05920941928444386
shallow,1024,1,152,0.05867234020652506
shallow,1024,1,153,0.05814247662398169
shallow,1024,1,154,0.057661223139188575
shallow,1024,1,155,0.05741563951472476
shallow,1024,1,156,0.05697063696649626
shallow,1024,1,157,0.05649698324140117
shallow,1024,1,158,0.05598453925069182
shallow,1024,1,159,0.05552348690232665
shallow,1024,1,160,0.05496914801519286
shallow,1024,1,161,0.05422024695820732
shallow,1024,1,162,0.05350582879510575
shallow,1024,1,163,0.052978405249712604
shallow,1024,1,164,0.05224643515734149
shallow,1024,1,165,0.051587817748065944
shallow,1024,1,166,0.050840767077036594
shallow,1024,1,167,0.05018021434741008
shallow,1024,1,168,0.04944543176886048
shallow,1024,1,169,0.04866250445041266
shallow,1024,1,170,0.04795615516216786
shallow,1024,1,171,0.047303437565081825
shallow,1024,1,172,0.04660300743498326
shallow,1024,1,173,0.045695916019553126
shallow,1024,1,174,0.044796384063241323
shallow,1024,1,175,0.04400098078077526
shallow,1024,1,176,0.04342521943685645
shallow,1024,1,177,0.04286637269808081
shallow,1024,1,178,0.04218091243889657
shallow,1024,1,179,0.041569167635721604
shallow,1024,1,180,0.040996916256340686
shallow,1024,1,181,0.04049849866421296
shallow,1024,1,182,0.04010658635706802
shallow,1024,1,183,0.039836229078305405
shallow,1024,1,184,0.039515019203621174
shallow,1024,1,185,0.039285999618589015
shallow,1024,1,186,0.03895996909363583
shallow,1024,1,187,0.03877351646693319
shallow,1024,1,188,0.038572386424786866
shallow,1024,1,189,0.03841439702576665
shallow,1024,1,190,0.03816581598156015
shallow,1024,1,191,0.037841560928546084
shallow,1024,1,192,0.03739838441312336
shallow,1024,1,193,0.03690940184374682
shallow,1024,1,194,0.03643108731813171
shallow,1024,1,195,0.03587850127412839
shallow,1024,1,196,0.03516521087990328
shallow,1024,1,197,0.034614680091780994
shallow,1024,1,198,0.034063073122781555
shallow,1024,1,199,0.03335557050630011
shallow,1024,1,200,0.03279504790899761
shallow,1024,1,201,0.032335190061211994
shallow,1024,1,202,0.03187946175694873
shallow,1024,1,203,0.031470568670096975
shallow,1024,1,204,0.030958816483195116
shallow,1024,1,205,0.030544926578080233
shallow,1024,1,206,0.029949546525280972
shallow,1024,1,207,0.02946394707863942
shallow,1024,1,208,0.029048333715154084
shallow,1024,1,209,0.028576706126384497
shallow,1024,1,210,0.028011766799227733
shallow,1024,1,211,0.02753321081263678
shallow,1024,1,212,0.026997726652297563
shallow,1024,1,213,0.02653406774850528
shallow,1024,1,214,0.02603724196477647
shallow,1024,1,215,0.025664157736651975
shallow,1024,1,216,0.02545702687214787
shallow,1024,1,217,0.025174574292239224
shallow,1024,1,218,0.02487813895751677
shallow,1024,1,219,0.024601408412162934
shallow,1024,1,220,0.02432158063873043
shallow,1024,1,221,0.024024125059777274
shallow,1024,1,222,0.02360034563026538
shallow,1024,1,223,0.02302790146609635
shallow,1024,1,224,0.02251173012676637
shallow,1024,1,225,0.021877568210896058
shallow,1024,1,226,0.02138085247418547
shallow,1024,1,227,0.020987686429003803
shallow,1024,1,228,0.02061177616306902
shallow,1024,1,229,0.020244499982230366
shallow,1024,1,230,0.019817971341455822
shallow,1024,1,231,0.01938823805265545
shallow,1024,1,232,0.019002700496930886
shallow,1024,1,233,0.018672632154645805
shallow,1024,1,234,0.018285406829964195
shallow,1024,1,235,0.017835414498090292
shallow,1024,1,236,0.01730083822190371
shallow,1024,1,237,0.016711465964122204
shallow,1024,1,238,0.01622151922064695
shallow,1024,1,239,0.015724545315287348
shallow,1024,1,240,0.01516296008742329
shallow,1024,1,241,0.014526710586819216
shallow,1024,1,242,0.01391243772737499
shallow,1024,1,243,0.013320944774553162
shallow,1024,1,244,0.01299103349225778
shallow,1024,1,245,0.012633176938118678
shallow,1024,1,246,0.012187583655012506
shallow,1024,1,247,0.011806779486659251
shallow,1024,1,248,0.011483300577627413
shallow,1024,1,249,0.01108317210482956
shallow,1024,1,250,0.010761528549967557
shallow,1024,1,251,0.010453838033384517
shallow,1024,1,252,0.010100259251891104
shallow,1024,1,253,0.009603446243321656
shallow,1024,1,254,0.009058083583783932
shallow,1024,1,255,0.008514379077353602
shallow,1024,1,256,0.008049004987071132
shallow,1024,1,257,0.007658810537396183
shallow,1024,1,258,0.00739763943650472
shallow,1024,1,259,0.007222079202939552
shallow,1024,1,260,0.00696692260894226
shallow,1024,1,261,0.006775484963174864
shallow,1024,1,262,0.006571392203894287
shallow,1024,1,263,0.006298433013339447
shallow,1024,1,264,0.006047297737236948
shallow,1024,1,265,0.005744268227585329
shallow,1024,1,266,0.005331954081125306
shallow,1024,1,267,0.005053967132349801
shallow,1024,1,268,0.004757002347007204
shallow,1024,1,269,0.004459649560577308
shallow,1024,1,270,0.004157483176054582
shallow,1024,1,271,0.0038486798194762094
shallow,1024,1,272,0.0037166766921654026
shallow,1024,1,273,0.0034817093588032943
shallow,1024,1,274,0.0033543852181000993
shallow,1024,1,275,0.0031301533610105505
shallow,1024,1,276,0.002949595291376628
shallow,1024,1,277,0.00291491695755127
shallow,1024,1,278,0.0026589680233520116
shallow,1024,1,279,0.0022934944661926766
shallow,1024,1,280,0.001981797451283141
shallow,1024,1,281,0.0016496766545669582
shallow,1024,1,282,0.001206039965540792
shallow,1024,1,283,0.0009578499493392467
shallow,1024,1,284,0.0007024668119539979
shallow,1024,1,285,0.0006439516967684372
shallow,1024,1,286,0.0005816979675740033
shallow,1024,1,287,0.0005686626488361243
shallow,1024,1,288,0.0007077515909086087
shallow,1024,1,289,0.0009495255690764905
shallow,1024,1,290,0.0011441932364418123
shallow,1024,1,291,0.0013814361118524494
shallow,1024,1,292,0.0013639091820909475
shallow,1024,1,293,0.0014580140803878978
shallow,1024,1,294,0.0013573939962629948
shallow,1024,1,295,0.0012083667890459096
shallow,1024,1,296,0.0011767524613631503
shallow,1024,1,297,0.0010612772811009756
shallow,1024,1,298,0.0009969376916318217
shallow,1024,1,299,0.0008801916388325175
shallow,1024,1,300,0.0007472002443831541
shallow,1024,1,301,0.0008712358546782743
shallow,1024,1,302,0.0006857564715782967
shallow,1024,1,303,0.0005421718450400526
shallow,1024,1,304,0.0005402506476458531
shallow,1024,1,305,0.0005865642669914378
shallow,1024,1,306,0.000674073952951619
shallow,1024,1,307,0.0006567795975569121
shallow,1024,1,308,0.0006204866571086423
shallow,1024,1,309,0.0002552984762534302
shallow,1024,1,310,-8.376496331055096e-05
shallow,1024,1,311,-0.00027904147490266976
shallow,1024,1,312,-0.0005533830543937878
shallow,1024,1,313,-0.0008159084811384958
shallow,1024,1,314,-0.0011154928368523084
shallow,1024,1,315,-0.0014734417169660976
shallow,1024,1,316,-0.0018987402907739799
shallow,1024,1,317,-0.002348098430899729
shallow,1024,1,318,-0.0028890944896575645
shallow,1024,1,319,-0.00325708714931821
shallow,1024,1,320,-0.003489603602068425
shallow,1024,1,321,-0.0036445779299899145
shallow,1024,1,322,-0.0038009040904105965
shallow,1024,1,323,-0.00400257672890335
shallow,1024,1,324,-0.004028188446732178
shallow,1024,1,325,-0.004076477163595531
shallow,1024,1,326,-0.004327298331616747
shallow,1024,1,327,-0.00457091221647877
shallow,1024,1,328,-0.004686232726898215
shallow,1024,1,329,-0.004704352610195896
shallow,1024,1,330,-0.004828385154319686
shallow,1024,1,331,-0.004954124682307725
shallow,1024,1,332,-0.00499108718206408
shallow,1024,1,333,-0.005187125924562034
shallow,1024,1,334,-0.005316776538069917
shallow,1024,1,335,-0.005362757837715029
shallow,1024,1,336,-0.005358346086470841
shallow,1024,1,337,-0.005187691485731274
shallow,1024,1,338,-0.004849419546089713
shallow,1024,1,339,-0.004780541196548621
shallow,1024,1,340,-0.004812096510710845
shallow,1024,1,341,-0.004850305931643113
shallow,1024,1,342,-0.004864136288930558
shallow,1024,1,343,-0.004750477445521234
shallow,1024,1,344,-0.004711695124742273
shallow,1024,1,345,-0.004496463689976228
shallow,1024,1,346,-0.004222903097293838
shallow,1024,1,347,-0.003916730731763534
shallow,1024,1,348,-0.0036220880210375266
shallow,1024,1,349,-0.0033925400934082793
shallow,1024,1,350,-0.003147939372515175
shallow,1024,1,351,-0.0027693118486808305
shallow,1024,1,352,-0.0024278101007203586
shallow,1024,1,353,-0.0021161094776651033
shallow,1024,1,354,-0.0020018436643149656
shallow,1024,1,355,-0.001797747636151049
shallow,1024,1,356,-0.0014677014258859585
shallow,1024,1,357,-0.001174536797351201
shallow,1024,1,358,-0.0009950891396670147
shallow,1024,1,359,-0.0008891645750756989
shallow,1024,1,360,-0.000633671065931716
shallow,1024,1,361,-0.00033035106011185126
shallow,1024,1,362,-0.00014094815326967636
shallow,1024,1,363,-8.195768477484839e-05
shallow,1024,1,364,-6.195952183638128e-05
shallow,1024,1,365,0.00010775102735983565
shallow,1024,1,366,0.00013039634484987708
shallow,1024,1,367,0.00018553921366897338
shallow,1024,1,368,0.0003008451229338831
shallow,1024,1,369,0.00039616312086830684
shallow,1024,1,370,0.0005136926627820708
shallow,1024,1,371,0.0006394553265728386
shallow,1024,1,372,0.0008142530209308226
shallow,1024,1,373,0.0010900382315798532
shallow,1024,1,374,0.0014011422906185199
shallow,1024,1,375,0.0017901703267801704
shallow,1024,1,376,0.002111700230272604
shallow,1024,1,377,0.002499082971963566
shallow,1024,1,378,0.0029913629325504423
shallow,1024,1,379,0.0034406658198129153
shallow,1024,1,380,0.003777919239307026
shallow,1024,1,381,0.004075382583380697
shallow,1024,1,382,0.004251650237891136
shallow,1024,1,383,0.0043956848945939314
shallow,1024,1,384,0.004512771256119942
shallow,1024,1,385,0.004795305210468114
shallow,1024,1,386,0.004940813614495619
shallow,1024,1,387,0.005081352278859306
shallow,1024,1,388,0.005361873924728476
shallow,1024,1,389,0.005611140715383177
shallow,1024,1,390,0.005956674204363294
shallow,1024,1,391,0.006255359127962411
shallow,1024,1,392,0.006401226070841086
shallow,1024,1,393,0.006500395296193024
shallow,1024,1,394,0.00673174407104621
shallow,1024,1,395,0.0071606645477212535
shallow,1024,1,396,0.00762103928783882
shallow,1024,1,397,0.008073269469941281
shallow,1024,1,398,0.008560770738064709
shallow,1024,1,399,0.00879545654725368
shallow,1024,1,400,0.009072967788907784
shallow,1024,2,0,1.0
shallow,1024,2,1,0.9661120132904077
shallow,1024,2,2,0.9337638440233664
shallow,1024,2,3,0.9028198016171847
shallow,1024,2,4,0.8731285295311098
shallow,1024,2,5,0.8446815394897684
shallow,1024,2,6,0.8175759832474654
shallow,1024,2,7,0.7915653259899064
shallow,1024,2,8,0.7666661217522672
shallow,1024,2,9,0.7426589323267464
shallow,1024,2,10,0.7197579115242203
shallow,1024,2,11,0.6976885515628366
shallow,1024,2,12,0.6766274232989702
shallow,1024,2,13,0.6567095935142692
shallow,1024,2,14,0.637484513029586
shallow,1024,2,15,0.6189328945361431
shallow,1024,2,16,0.6010375522036658
shallow,1024,2,17,0.5839248003309614
shallow,1024,2,18,0.5674313520063209
shallow,1024,2,19,0.5514101397324
shallow,1024,2,20,0.5359648798658895
shallow,1024,2,21,0.5211250182642725
shallow,1024,2,22,0.5067415661794498
shallow,1024,2,23,0.49275396480516265
shallow,1024,2,24,0.479237863873725
shallow,1024,2,25,0.4661095138313205
shallow,1024,2,26,0.4535171262933105
shallow,1024,2,27,0.4415194424597326
shallow,1024,2,28,0.42982381536426983
shallow,1024,2,29,0.4186272938213386
shallow,1024,2,30,0.40788688279821245
shallow,1024,2,31,0.39741930998569197
shallow,1024,2,32,0.38725575033397264
shallow,1024,2,33,0.3777088686891375
shallow,1024,2,34,0.3686355852303912
shallow,1024,2,35,0.3596490884145681
shallow,1024,2,36,0.3508013950392327
shallow,1024,2,37,0.3421934192690977
shallow,1024,2,38,0.3337627385819
shallow,1024,2,39,0.3257683953834747
shallow,1024,2,40,0.31798250395918554
shallow,1024,2,41,0.31027719953009975
shallow,1024,2,42,0.302919005085729
shallow,1024,2,43,0.2958034617118048
shallow,1024,2,44,0.2889329121528048
shallow,1024,2,45,0.2821285188150962
shallow,1024,2,46,0.27546689360911236
shallow,1024,2,47,0.2691282477360395
shallow,1024,2,48,0.2630917512205585
shallow,1024,2,49,0.2572043112950092
shallow,1024,2,50,0.25143608228887415
shallow,1024,2,51,0.24597795574998862
shallow,1024,2,52,0.240547099428893
shallow,1024,2,53,0.23510152913647925
shallow,1024,2,54,0.22977677708762467
shallow,1024,2,55,0.22448198879081743
shallow,1024,2,56,0.21926717336402124
shallow,1024,2,57,0.21426890991012063
shallow,1024,2,58,0.20933471912507068
shallow,1024,2,59,0.20447765151956204
shallow,1024,2,60,0.1997804779616914
shallow,1024,2,61,0.19523801776485378
shallow,1024,2,62,0.19076308388203178
shallow,1024,2,63,0.1866955104661059
shallow,1024,2,64,0.1826040069501924
shallow,1024,2,65,0.1784859388918154
shallow,1024,2,66,0.17457559474044906
shallow,1024,2,67,0.17092912915650346
shallow,1024,2,68,0.16740814415535377
shallow,1024,2,69,0.1638008584767823
shallow,1024,2,70,0.1602895030382204
shallow,1024,2,71,0.15703042378238175
shallow,1024,2,72,0.15368455898214467
shallow,1024,2,73,0.15059696167971565
shallow,1024,2,74,0.14751463695579115
shallow,1024,2,75,0.14443727862633893
shallow,1024,2,76,0.14140066526801398
shallow,1024,2,77,0.1384346162370309
shallow,1024,2,78,0.13565116620596773
shallow,1024,2,79,0.13292790948630304
shallow,1024,2,80,0.1303296393432274
shallow,1024,2,81,0.12763794786779462
shallow,1024,2,82,0.12495621437292669
shallow,1024,2,83,0.12230481993991674
shallow,1024,2,84,0.11967378130771919
shallow,1024,2,85,0.11722850183814236
shallow,1024,2,86,0.11499728270698607
shallow,1024,2,87,0.11275229084892854
shallow,1024,2,88,0.11038688714495756
shallow,1024,2,89,0.10791508400858382
shallow,1024,2,90,0.10539869617307421
shallow,1024,2,91,0.1029075281751547
shallow,1024,2,92,0.10060964079093898
shallow,1024,2,93,0.09821930857500162
shallow,1024,2,94,0.09568373654392127
shallow,1024,2,95,0.09328412455345281
shallow,1024,2,96,0.09107393282812469
shallow,1024,2,97,0.08890698188221378
shallow,1024,2,98,0.08681217290222717
shallow,1024,2,99,0.08472895496467123
shallow,1024,2,100,0.08269597548070684
shallow,1024,2,101,0.08052719570630772
shallow,1024,2,102,0.0782839825906507
shallow,1024,2,103,0.07620800616240864
shallow,1024,2,104,0.07414613458339622
shallow,1024,2,105,0.07209131745267446
shallow,1024,2,106,0.07003257000802435
shallow,1024,2,107,0.0681048234609628
shallow,1024,2,108,0.06636093280591111
shallow,1024,2,109,0.0647177124766272
shallow,1024,2,110,0.06325139157502185
shallow,1024,2,111,0.06162903729740689
shallow,1024,2,112,0.05987191462530647
shallow,1024,2,113,0.058296942170053795
shallow,1024,2,114,0.05670099012049411
shallow,1024,2,115,0.055046661633273306
shallow,1024,2,116,0.05342515143913038
shallow,1024,2,117,0.05175228422625084
shallow,1024,2,118,0.04995261887808978
shallow,1024,2,119,0.04805305114695434
shallow,1024,2,120,0.04643173883957197
shallow,1024,2,121,0.04508646350980953
shallow,1024,2,122,0.04369906569498497
shallow,1024,2,123,0.04232360567052297
shallow,1024,2,124,0.04101374597730745
shallow,1024,2,125,0.039752948653792225
shallow,1024,2,126,0.0385427898493082
shallow,1024,2,127,0.037356274559906505
shallow,1024,2,128,0.03650796497879746
shallow,1024,2,129,0.035778483159958525
shallow,1024,2,130,0.03508218792965041
shallow,1024,2,131,0.03415435170505947
shallow,1024,2,132,0.03293942534289242
shallow,1024,2,133,0.03181749964155714
shallow,1024,2,134,0.030717798008249125
shallow,1024,2,135,0.029512959837730855
shallow,1024,2,136,0.028405957530762867
shallow,1024,2,137,0.027390706939270367
shallow,1024,2,138,0.02636832549362015
shallow,1024,2,139,0.02542929569917749
shallow,1024,2,140,0.024474399739521355
shallow,1024,2,141,0.023517336348716132
shallow,1024,2,142,0.022618050008926166
shallow,1024,2,143,0.02192387624372758
shallow,1024,2,144,0.021523700116623776
shallow,1024,2,145,0.02105233294057622
shallow,1024,2,146,0.020571332217471126
shallow,1024,2,147,0.020065494412272202
shallow,1024,2,148,0.01957141776475628
shallow,1024,2,149,0.019243126877049904
shallow,1024,2,150,0.018920572473189984
shallow,1024,2,151,0.01852671170870161
shallow,1024,2,152,0.018215346994058062
shallow,1024,2,153,0.017941750174622528
shallow,1024,2,154,0.017647827457620807
shallow,1024,2,155,0.017310336534617093
shallow,1024,2,156,0.01711107029627537
shallow,1024,2,157,0.016924649670649595
shallow,1024,2,158,0.01668022825228335
shallow,1024,2,159,0.016387529146595588
shallow,1024,2,160,0.01613309398422269
shallow,1024,2,161,0.01595774619312408
shallow,1024,2,162,0.015762723737112082
shallow,1024,2,163,0.01579294208274752
shallow,1024,2,164,0.01572634833227291
shallow,1024,2,165,0.015639664909298252
shallow,1024,2,166,0.015678771066679247
shallow,1024,2,167,0.015821424652003497
shallow,1024,2,168,0.015912795011246497
shallow,1024,2,169,0.015991532424717403
shallow,1024,2,170,0.016024782219698108
shallow,1024,2,171,0.01589974936624842
shallow,1024,2,172,0.015943532252886913
shallow,1024,2,173,0.015762099062353468
shallow,1024,2,174,0.0155552700882776
shallow,1024,2,175,0.015508135668381124
shallow,1024,2,176,0.015375499169180434
shallow,1024,2,177,0.015118043907841036
shallow,1024,2,178,0.014919672835537872
shallow,1024,2,179,0.014814580017871328
shallow,1024,2,180,0.01472669325952664
shallow,1024,2,181,0.014665037637169238
shallow,1024,2,182,0.014595982675385005
shallow,1024,2,183,0.014478183789781525
shallow,1024,2,184,0.014479999585963696
shallow,1024,2,185,0.014400498328368901
shallow,1024,2,186,0.014370125139413645
shallow,1024,2,187,0.014369141533499406
shallow,1024,2,188,0.014322047248085341
shallow,1024,2,189,0.014283130054694582
shallow,1024,2,190,0.01418158736352866
shallow,1024,2,191,0.014127058835724557
shallow,1024,2,192,0.014097456268127383
shallow,1024,2,193,0.014255220266452453
shallow,1024,2,194,0.01415790605552003
shallow,1024,2,195,0.013853523417299157
shallow,1024,2,196,0.013354795841654561
shallow,1024,2,197,0.012886051677774051
shallow,1024,2,198,0.012398109426545546
shallow,1024,2,199,0.01195241986775227
shallow,1024,2,200,0.011586496999094177
shallow,1024,2,201,0.011011417428638162
shallow,1024,2,202,0.010488389756696121
shallow,1024,2,203,0.009969074366117908
shallow,1024,2,204,0.009496924209781411
shallow,1024,2,205,0.009238734376027836
shallow,1024,2,206,0.009048823163373413
shallow,1024,2,207,0.00901817929385464
shallow,1024,2,208,0.009216433143159447
shallow,1024,2,209,0.00933025506224952
shallow,1024,2,210,0.009454222970379173
shallow,1024,2,211,0.009491370629343238
shallow,1024,2,212,0.009578383717918445
shallow,1024,2,213,0.009697671289085738
shallow,1024,2,214,0.009736349944598943
shallow,1024,2,215,0.009906206804094372
shallow,1024,2,216,0.010021228980858903
shallow,1024,2,217,0.009983185017697896
shallow,1024,2,218,0.009954354647123216
shallow,1024,2,219,0.009857282272918048
shallow,1024,2,220,0.009611224807706265
shallow,1024,2,221,0.009372810416233565
shallow,1024,2,222,0.008998173128877088
shallow,1024,2,223,0.008512866143062991
shallow,1024,2,224,0.008072965777588452
shallow,1024,2,225,0.007608645899695625
shallow,1024,2,226,0.006980524089954288
shallow,1024,2,227,0.0063408738257856
shallow,1024,2,228,0.005658727894623982
shallow,1024,2,229,0.005167598772046808
shallow,1024,2,230,0.004780113162033059
shallow,1024,2,231,0.004344520543858309
shallow,1024,2,232,0.0040587406721116865
shallow,1024,2,233,0.003800746357703969
shallow,1024,2,234,0.0036486368504880773
shallow,1024,2,235,0.003366654532397423
shallow,1024,2,236,0.0031108482363279536
shallow,1024,2,237,0.0028559205397071675
shallow,1024,2,238,0.002670192803725029
shallow,1024,2,239,0.0024911642138710105
shallow,1024,2,240,0.0023757038556248876
shallow,1024,2,241,0.002293530268178674
shallow,1024,2,242,0.002252360597226476
shallow,1024,2,243,0.0021161430188146005
shallow,1024,2,244,0.0021863334151851644
shallow,1024,2,245,0.002375571445478966
shallow,1024,2,246,0.0023832341264059076
shallow,1024,2,247,0.0023723221376402773
shallow,1024,2,248,0.0024074459760157025
shallow,1024,2,249,0.0024421157636947913
shallow,1024,2,250,0.0025288868749418526
shallow,1024,2,251,0.0026979215487200605
shallow,1024,2,252,0.0028915237593582156
shallow,1024,2,253,0.0031040610372602565
shallow,1024,2,254,0.003343081914538828
shallow,1024,2,255,0.0035275699444451414
shallow,1024,2,256,0.0035035627976806633
shallow,1024,2,257,0.0034299556738492647
shallow,1024,2,258,0.0033139334600052056
shallow,1024,2,259,0.0030958514337073952
shallow,1024,2,260,0.0030187082356660146
shallow,1024,2,261,0.0029045334470685765
shallow,1024,2,262,0.00276350036274287
shallow,1024,2,263,0.002611254465794344
shallow,1024,2,264,0.0022705326866713123
shallow,1024,2,265,0.002098807105937319
shallow,1024,2,266,0.00187334195368714
shallow,1024,2,267,0.0016375304043838588
shallow,1024,2,268,0.0015436641478357269
shallow,1024,2,269,0.0013878182970757577
shallow,1024,2,270,0.0012220575836125187
shallow,1024,2,271,0.0009897425165338802
shallow,1024,2,272,0.0008319712843732835
shallow,1024,2,273,0.0006331431486858447
shallow,1024,2,274,0.00034109573587650125
shallow,1024,2,275,4.1422913256579244e-05
shallow,1024,2,276,-0.0002373601215777219
shallow,1024,2,277,-0.00038422972909703083
shallow,1024,2,278,-0.0005512722826145791
shallow,1024,2,279,-0.000822820004773823
shallow,1024,2,280,-0.0009791092854234806
shallow,1024,2,281,-0.0011206263725456384
shallow,1024,2,282,-0.0011683641619328563
shallow,1024,2,283,-0.0011559404344373206
shallow,1024,2,284,-0.0013411962594995774
shallow,1024,2,285,-0.0015523876533392275
shallow,1024,2,286,-0.0018140036306614755
shallow,1024,2,287,-0.0021923302575432104
shallow,1024,2,288,-0.0024349106851473522
shallow,1024,2,289,-0.0026093824291531405
shallow,1024,2,290,-0.0026536953928853976
shallow,1024,2,291,-0.0025178054761002557
shallow,1024,2,292,-0.0023090384046253374
shallow,1024,2,293,-0.0020804149302954098
shallow,1024,2,294,-0.0018544249788260193
shallow,1024,2,295,-0.0017316187567733405
shallow,1024,2,296,-0.0017805080210916272
shallow,1024,2,297,-0.0018719840338518516
shallow,1024,2,298,-0.0020824096649353506
shallow,1024,2,299,-0.002269634379768082
shallow,1024,2,300,-0.0025010921108437945
shallow,1024,2,301,-0.0027707086265924383
shallow,1024,2,302,-0.0030632266412263564
shallow,1024,2,303,-0.0032620526978325254
shallow,1024,2,304,-0.0034984320034819882
shallow,1024,2,305,-0.0036595438083659275
shallow,1024,2,306,-0.003890318380977003
shallow,1024,2,307,-0.003991250243483442
shallow,1024,2,308,-0.0040109341852025224
shallow,1024,2,309,-0.003913030808510549
shallow,1024,2,310,-0.00385184934729531
shallow,1024,2,311,-0.003969795556069834
shallow,1024,2,312,-0.004135267580544147
shallow,1024,2,313,-0.004414474543521152
shallow,1024,2,314,-0.004581682939911251
shallow,1024,2,315,-0.004498097194382856
shallow,1024,2,316,-0.004340269420084311
shallow,1024,2,317,-0.004445655884802207
shallow,1024,2,318,-0.004610294910339529
shallow,1024,2,319,-0.004585071598613433
shallow,1024,2,320,-0.004536558147526251
shallow,1024,2,321,-0.004325053395762449
shallow,1024,2,322,-0.004176464019091958
shallow,1024,2,323,-0.0039043013920616585
shallow,1024,2,324,-0.0035696376978463867
shallow,1024,2,325,-0.0033957399208574333
shallow,1024,2,326,-0.00308791887173173
shallow,1024,2,327,-0.0027888987300350235
shallow,1024,2,328,-0.0027228124416105916
shallow,1024,2,329,-0.0026254534625435345
shallow,1024,2,330,-0.002604058882765466
shallow,1024,2,331,-0.0026206998213847725
shallow,1024,2,332,-0.0026232192696711946
shallow,1024,2,333,-0.002507762545133494
shallow,1024,2,334,-0.0023414064859912462
shallow,1024,2,335,-0.002097959961751264
shallow,1024,2,336,-0.0019635514404358115
shallow,1024,2,337,-0.0017401173653735068
shallow,1024,2,338,-0.0017178838300142254
shallow,1024,2,339,-0.0017971560265700437
shallow,1024,2,340,-0.0017458864143383996
shallow,1024,2,341,-0.0016824460903484637
shallow,1024,2,342,-0.0016660511401294105
shallow,1024,2,343,-0.001697093695653374
shallow,1024,2,344,-0.0015502872972688216
shallow,1024,2,345,-0.001360701244972058
shallow,1024,2,346,-0.001272378319051453
shallow,1024,2,347,-0.001243399092499107
shallow,1024,2,348,-0.0011906753869163219
shallow,1024,2,349,-0.0011190255280775214
shallow,1024,2,350,-0.0010572645320511532
shallow,1024,2,351,-0.000814416286855964
shallow,1024,2,352,-0.0006082529730470133
shallow,1024,2,353,-0.0005428030603599134
shallow,1024,2,354,-0.00035811130630447347
shallow,1024,2,355,-0.00015429911896120124
shallow,1024,2,356,-0.00010433068316575587
shallow,1024,2,357,-0.00010168038045565726
shallow,1024,2,358,-6.34314448283396e-05
shallow,1024,2,359,3.3807462176066796e-06
shallow,1024,2,360,-3.855539374216562e-05
shallow,1024,2,361,9.31640975556829e-05
shallow,1024,2,362,7.513317966569401e-05
shallow,1024,2,363,-6.446072165220557e-05
shallow,1024,2,364,-0.00039982098964213035
shallow,1024,2,365,-0.0008125379745359128
shallow,1024,2,366,-0.0013408177443690566
shallow,1024,2,367,-0.0018545529813009092
shallow,1024,2,368,-0.002255637286297122
shallow,1024,2,369,-0.002557390258582921
shallow,1024,2,370,-0.0027285189236905052
shallow,1024,2,371,-0.0029479922981583842
shallow,1024,2,372,-0.0031756965243246813
shallow,1024,2,373,-0.0034354657832906007
shallow,1024,2,374,-0.0037835394860646597
shallow,1024,2,375,-0.004119462848107998
shallow,1024,2,376,-0.004397504956306538
shallow,1024,2,377,-0.004745112746988679
shallow,1024,2,378,-0.005033934533785609
shallow,1024,2,379,-0.005224529885245023
shallow,1024,2,380,-0.0053814356500615935
shallow,1024,2,381,-0.005561358890534442
shallow,1024,2,382,-0.005600083984500681
shallow,1024,2,383,-0.005587870032969152
shallow,1024,2,384,-0.005516524156156168
shallow,1024,2,385,-0.005632320600867451
shallow,1024,2,386,-0.005801305894572921
shallow,1024,2,387,-0.005866759291321031
shallow,1024,2,388,-0.005783394688624663
shallow,1024,2,389,-0.005697361763712855
shallow,1024,2,390,-0.005759293161490486
shallow,1024,2,391,-0.005764603422117312
shallow,1024,2,392,-0.005785770168130252
shallow,1024,2,393,-0.0059391904304414
shallow,1024,2,394,-0.005871502384305533
shallow,1024,2,395,-0.005842807293593915
shallow,1024,2,396,-0.005942801663813066
shallow,1024,2,397,-0.0059264139864472366
shallow,1024,2,398,-0.006098151334859241
shallow,1024,2,399,-0.006277162716949031
shallow,1024,2,400,-0.006374312329646098
shallow,4096,0,0,1.0
shallow,4096,0,1,0.9646140175547386
shallow,4096,0,2,0.9309073599819884
shallow,4096,0,3,0.8986553531926034
shallow,4096,0,4,0.8678837514648491
shallow,4096,0,5,0.8382940934541412
shallow,4096,0,6,0.8098739077606234
shallow,4096,0,7,0.7826686510798513
shallow,4096,0,8,0.7564895038304296
shallow,4096,0,9,0.7315888149240979
shallow,4096,0,10,0.7076738292392988
shallow,4096,0,11,0.6847170380806982
shallow,4096,0,12,0.6627471681179343
shallow,4096,0,13,0.6415104087540353
shallow,4096,0,14,0.6209657027742307
shallow,4096,0,15,0.6013135455899433
shallow,4096,0,16,0.5824734151847296
shallow,4096,0,17,0.5642565310560097
shallow,4096,0,18,0.5468306189519481
shallow,4096,0,19,0.5302294679259452
shallow,4096,0,20,0.5141612789082309
shallow,4096,0,21,0.49855203179853247
shallow,4096,0,22,0.48373484397919897
shallow,4096,0,23,0.46936282235587196
shallow,4096,0,24,0.45555739340540663
shallow,4096,0,25,0.4422532996141064
shallow,4096,0,26,0.4292087976975776
shallow,4096,0,27,0.41679334412324087
shallow,4096,0,28,0.40471494557479976
shallow,4096,0,29,0.3930771680216349
shallow,4096,0,30,0.3819718891978804
shallow,4096,0,31,0.3712634807760549
shallow,4096,0,32,0.36104420867221904
shallow,4096,0,33,0.35125479581822994
shallow,4096,0,34,0.3416978739590809
shallow,4096,0,35,0.33239272730677494
shallow,4096,0,36,0.32351647886309653
shallow,4096,0,37,0.3149519829162574
shallow,4096,0,38,0.30662390449512167
shallow,4096,0,39,0.2983352962405205
shallow,4096,0,40,0.29036726882287994
shallow,4096,0,41,0.28258061644888766
shallow,4096,0,42,0.27506619435875607
shallow,4096,0,43,0.26793260786464057
shallow,4096,0,44,0.26095059275662574
shallow,4096,0,45,0.25416248486469534
shallow,4096,0,46,0.24772288807702567
shallow,4096,0,47,0.24167550658488454
shallow,4096,0,48,0.23569685229725545
shallow,4096,0,49,0.23001216411874603
shallow,4096,0,50,0.22443683760576397
shallow,4096,0,51,0.21911814922500578
shallow,4096,0,52,0.2140111169334543
shallow,4096,0,53,0.20920854784147555
shallow,4096,0,54,0.204417931778216
shallow,4096,0,55,0.19981032248444308
shallow,4096,0,56,0.19517114293815052
shallow,4096,0,57,0.19070040016085385
shallow,4096,0,58,0.1865161095545258
shallow,4096,0,59,0.18235239495518155
shallow,4096,0,60,0.17836172554605584
shallow,4096,0,61,0.17459088719939725
shallow,4096,0,62,0.17084267863846786
shallow,4096,0,63,0.16732236346538717
shallow,4096,0,64,0.16364518541567305
shallow,4096,0,65,0.15991481871139113
shallow,4096,0,66,0.15643589648682715
shallow,4096,0,67,0.15287552147090633
shallow,4096,0,68,0.14945054149736267
shallow,4096,0,69,0.1460011774356613
shallow,4096,0,70,0.14275105135311422
shallow,4096,0,71,0.13965887599040677
shallow,4096,0,72,0.1366776712693803
shallow,4096,0,73,0.13380184716046978
shallow,4096,0,74,0.1310544403903639
shallow,4096,0,75,0.12840876662246875
shallow,4096,0,76,0.12577583467102854
shallow,4096,0,77,0.1233594331340723
shallow,4096,0,78,0.12104986709469644
shallow,4096,0,79,0.11858365839733472
shallow,4096,0,80,0.11624433710783885
shallow,4096,0,81,0.11398402426108523
shallow,4096,0,82,0.11176084381891431
shallow,4096,0,83,0.10960240287238034
shallow,4096,0,84,0.1073953553971797
shallow,4096,0,85,0.10514648052391043
shallow,4096,0,86,0.10293227056481338
shallow,4096,0,87,0.1008666362560208
shallow,4096,0,88,0.098631414440593
shallow,4096,0,89,0.09658946214653266
shallow,4096,0,90,0.09479846873853627
shallow,4096,0,91,0.09305118557815424
shallow,4096,0,92,0.09116426264406766
shallow,4096,0,93,0.08932612810260107
shallow,4096,0,94,0.08742364234138486
shallow,4096,0,95,0.08537914676711837
shallow,4096,0,96,0.08352791215131354
shallow,4096,0,97,0.08180641138242664
shallow,4096,0,98,0.0801400608067711
shallow,4096,0,99,0.07868807169964726
shallow,4096,0,100,0.07735788973290732
shallow,4096,0,101,0.07595303354779936
shallow,4096,0,102,0.0746276696357621
shallow,4096,0,103,0.07340945558940762
shallow,4096,0,104,0.07222409291305434
shallow,4096,0,105,0.07114390732593034
shallow,4096,0,106,0.0698833240798181
shallow,4096,0,107,0.06856524687195495
shallow,4096,0,108,0.06722000875388486
shallow,4096,0,109,0.06584818762363195
shallow,4096,0,110,0.06461840262099519
shallow,4096,0,111,0.06311984261052704
shallow,4096,0,112,0.06157547304486111
shallow,4096,0,113,0.06006533318834395
shallow,4096,0,114,0.05858877288698795
shallow,4096,0,115,0.0570841817567808
shallow,4096,0,116,0.05578209522663026
shallow,4096,0,117,0.05471495672856441
shallow,4096,0,118,0.0539909436535118
shallow,4096,0,119,0.05330498428324898
shallow,4096,0,120,0.052796022438367715
shallow,4096,0,121,0.05221098633143037
shallow,4096,0,122,0.05153809964543409
shallow,4096,0,123,0.0507995314321942
shallow,4096,0,124,0.04982507072492946
shallow,4096,0,125,0.048755676809543416
shallow,4096,0,126,0.04773386975512933
shallow,4096,0,127,0.04676767319389609
shallow,4096,0,128,0.04591271492590543
shallow,4096,0,129,0.044971377841715204
shallow,4096,0,130,0.04401301331313532
shallow,4096,0,131,0.043108782830437724
shallow,4096,0,132,0.04241559225884881
shallow,4096,0,133,0.04162819297220606
shallow,4096,0,134,0.04082924310671523
shallow,4096,0,135,0.040120623652889736
shallow,4096,0,136,0.03923560994610441
shallow,4096,0,137,0.03834235044231038
shallow,4096,0,138,0.037382260147014526
shallow,4096,0,139,0.03636985880850735
shallow,4096,0,140,0.03537371632949838
shallow,4096,0,141,0.03454122101739003
shallow,4096,0,142,0.0337083619826388
shallow,4096,0,143,0.0328885461496404
shallow,4096,0,144,0.03201877390638379
shallow,4096,0,145,0.031252335315434206
shallow,4096,0,146,0.030501535104067914
shallow,4096,0,147,0.02974303842331146
shallow,4096,0,148,0.028922630821464842
shallow,4096,0,149,0.02817916458955727
shallow,4096,0,150,0.027469559417379663
shallow,4096,0,151,0.026759329489497066
shallow,4096,0,152,0.026143124051918824
shallow,4096,0,153,0.02549727004955845
shallow,4096,0,154,0.024978978249937916
shallow,4096,0,155,0.02439262096589659
shallow,4096,0,156,0.023864620142431993
shallow,4096,0,157,0.023332059385686187
shallow,4096,0,158,0.022766826934963534
shallow,4096,0,159,0.022312316141674893
shallow,4096,0,160,0.022164902276439833
shallow,4096,0,161,0.021995375723833272
shallow,4096,0,162,0.021700639579958266
shallow,4096,0,163,0.021408474311136516
shallow,4096,0,164,0.021063402348120912
shallow,4096,0,165,0.02071139702446737
shallow,4096,0,166,0.02058506795046025
shallow,4096,0,167,0.020320251894883797
shallow,4096,0,168,0.020279444464658347
shallow,4096,0,169,0.020394761298093027
shallow,4096,0,170,0.020567975336567595
shallow,4096,0,171,0.020536404891532488
shallow,4096,0,172,0.020398528257950792
shallow,4096,0,173,0.02039998144274678
shallow,4096,0,174,0.020306126661613744
shallow,4096,0,175,0.020038283033129416
shallow,4096,0,176,0.01973158170746698
shallow,4096,0,177,0.01948268609674658
shallow,4096,0,178,0.019107353691240496
shallow,4096,0,179,0.018781916101094642
shallow,4096,0,180,0.018372635407193232
shallow,4096,0,181,0.01796811160171611
shallow,4096,0,182,0.017380352505574237
shallow,4096,0,183,0.016694232929340524
shallow,4096,0,184,0.016174566172933356
shallow,4096,0,185,0.015813648308309808
shallow,4096,0,186,0.015314896963747273
shallow,4096,0,187,0.014735823172599515
shallow,4096,0,188,0.01420997774084226
shallow,4096,0,189,0.013608333053768237
shallow,4096,0,190,0.013056653178324974
shallow,4096,0,191,0.012546741052952247
shallow,4096,0,192,0.012356111815338916
shallow,4096,0,193,0.01222158584734978
shallow,4096,0,194,0.011969356171464659
shallow,4096,0,195,0.011796273556351482
shallow,4096,0,196,0.011654119265682649
shallow,4096,0,197,0.01178143363552353
shallow,4096,0,198,0.011727465135088988
shallow,4096,0,199,0.011587037541373277
shallow,4096,0,200,0.011452038400156423
shallow,4096,0,201,0.011317792280218562
shallow,4096,0,202,0.011049270320120281
shallow,4096,0,203,0.010691211668676788
shallow,4096,0,204,0.010206476169015502
shallow,4096,0,205,0.009698964170919377
shallow,4096,0,206,0.009167492860094294
shallow,4096,0,207,0.008757966745638328
shallow,4096,0,208,0.00840331556470914
shallow,4096,0,209,0.007925004821825841
shallow,4096,0,210,0.007516304012543671
shallow,4096,0,211,0.007171885930120272
shallow,4096,0,212,0.006890994934235786
shallow,4096,0,213,0.006627105898004498
shallow,4096,0,214,0.006327222026813201
shallow,4096,0,215,0.006163602972906115
shallow,4096,0,216,0.005982198363731411
shallow,4096,0,217,0.005886871899437278
shallow,4096,0,218,0.005734510076174482
shallow,4096,0,219,0.005586648965333896
shallow,4096,0,220,0.005414696223588672
shallow,4096,0,221,0.005269427921439487
shallow,4096,0,222,0.0052046886030546555
shallow,4096,0,223,0.005344835589610508
shallow,4096,0,224,0.005274295632966976
shallow,4096,0,225,0.005175550640704385
shallow,4096,0,226,0.005033714074076689
shallow,4096,0,227,0.004990938809917666
shallow,4096,0,228,0.0047887294364568605
shallow,4096,0,229,0.004588168048405041
shallow,4096,0,230,0.004580083619761584
shallow,4096,0,231,0.004582946258070289
shallow,4096,0,232,0.0045679514295052116
shallow,4096,0,233,0.004602464163442209
shallow,4096,0,234,0.004627034512067156
shallow,4096,0,235,0.0048024264614488586
shallow,4096,0,236,0.004850481023486873
shallow,4096,0,237,0.004852825549793862
shallow,4096,0,238,0.004756012469459732
shallow,4096,0,239,0.004722496285138777
shallow,4096,0,240,0.004696960106782861
shallow,4096,0,241,0.004675986235825584
shallow,4096,0,242,0.004807919405161877
shallow,4096,0,243,0.004829268189469438
shallow,4096,0,244,0.004858943535546119
shallow,4096,0,245,0.004852323736299961
shallow,4096,0,246,0.004786549513869073
shallow,4096,0,247,0.004793477682823458
shallow,4096,0,248,0.004982650146778264
shallow,4096,0,249,0.004995165192980446
shallow,4096,0,250,0.005012955214915547
shallow,4096,0,251,0.004952487821567504
shallow,4096,0,252,0.004826633314848292
shallow,4096,0,253,0.004610699298240763
shallow,4096,0,254,0.004212333138066201
shallow,4096,0,255,0.0038809029002560046
shallow,4096,0,256,0.0036180956395041866
shallow,4096,0,257,0.003448182646333708
shallow,4096,0,258,0.003279217319956139
shallow,4096,0,259,0.0030609747258116956
shallow,4096,0,260,0.0030066588680612944
shallow,4096,0,261,0.0028350820415533884
shallow,4096,0,262,0.002800943859536883
shallow,4096,0,263,0.0027694586933921786
shallow,4096,0,264,0.0027067644130590865
shallow,4096,0,265,0.0026395941184204344
shallow,4096,0,266,0.002460347868221999
shallow,4096,0,267,0.0024103134970403883
shallow,4096,0,268,0.0024456650689939595
shallow,4096,0,269,0.002416022668947046
shallow,4096,0,270,0.0021768391686396893
shallow,4096,0,271,0.0018795615430986117
shallow,4096,0,272,0.0017855380912715243
shallow,4096,0,273,0.0019114919779056705
shallow,4096,0,274,0.0022029720370803584
shallow,4096,0,275,0.0025541453250671467
shallow,4096,0,276,0.0027866851354874066
shallow,4096,0,277,0.003184946940212814
shallow,4096,0,278,0.003439242237120665
shallow,4096,0,279,0.003889791744807913
shallow,4096,0,280,0.004303181210730209
shallow,4096,0,281,0.0047265130772962145
shallow,4096,0,282,0.0052121978670956245
shallow,4096,0,283,0.005803651489134707
shallow,4096,0,284,0.006328425500685505
shallow,4096,0,285,0.006750004446838768
shallow,4096,0,286,0.007169925513987735
shallow,4096,0,287,0.007512402679122555
shallow,4096,0,288,0.007705433490301694
shallow,4096,0,289,0.007862438313401242
shallow,4096,0,290,0.007905731793235244
shallow,4096,0,291,0.007958581535524256
shallow,4096,0,292,0.007874476175584984
shallow,4096,0,293,0.00775011599224828
shallow,4096,0,294,0.007736244263516623
shallow,4096,0,295,0.007781077210497211
shallow,4096,0,296,0.0077199039400200654
shallow,4096,0,297,0.007654687603285417
shallow,4096,0,298,0.007780472907453283
shallow,4096,0,299,0.007841352077878104
shallow,4096,0,300,0.007808724807332426
shallow,4096,0,301,0.007546495230790699
shallow,4096,0,302,0.00717947607870648
shallow,4096,0,303,0.006691266330818214
shallow,4096,0,304,0.006109726521758011
shallow,4096,0,305,0.005622316011845732
shallow,4096,0,306,0.0052761518517519465
shallow,4096,0,307,0.005141986017749085
shallow,4096,0,308,0.0049302556027464774
shallow,4096,0,309,0.0046469853827728995
shallow,4096,0,310,0.004463820991362052
shallow,4096,0,311,0.004216223554553127
shallow,4096,0,312,0.004003409662918653
shallow,4096,0,313,0.0037767738314268755
shallow,4096,0,314,0.003654736377981625
shallow,4096,0,315,0.0036116613775490688
shallow,4096,0,316,0.003476168869480076
shallow,4096,0,317,0.003187615682713683
shallow,4096,0,318,0.0028743168202662126
shallow,4096,0,319,0.002402859551317308
shallow,4096,0,320,0.001984872488822738
shallow,4096,0,321,0.0018160983673241162
shallow,4096,0,322,0.0015898929474818329
shallow,4096,0,323,0.001230303005895246
shallow,4096,0,324,0.0009460240858937851
shallow,4096,0,325,0.0008334020638330534
shallow,4096,0,326,0.0007113779415834388
shallow,4096,0,327,0.0006605899635154333
shallow,4096,0,328,0.0007525756405921016
shallow,4096,0,329,0.0009311356682972837
shallow,4096,0,330,0.0009866329978991972
shallow,4096,0,331,0.0011059188009167257
shallow,4096,0,332,0.0011652590325195542
shallow,4096,0,333,0.0013212104697119943
shallow,4096,0,334,0.0014219707583836886
shallow,4096,0,335,0.0016095907897484872
shallow,4096,0,336,0.0017197286450984348
shallow,4096,0,337,0.001835042657105673
shallow,4096,0,338,0.002160550320863476
shallow,4096,0,339,0.0024431250158125713
shallow,4096,0,340,0.0027319850956780286
shallow,4096,0,341,0.0027192325292417748
shallow,4096,0,342,0.002880891953108972
shallow,4096,0,343,0.00291007946633512
shallow,4096,0,344,0.0028639652724905787
shallow,4096,0,345,0.0029112121574950646
shallow,4096,0,346,0.002991510484117165
shallow,4096,0,347,0.003162159932003226
shallow,4096,0,348,0.0032963147014339555
shallow,4096,0,349,0.0034354233391135783
shallow,4096,0,350,0.003626809066514558
shallow,4096,0,351,0.0039596874184541515
shallow,4096,0,352,0.004064069988599612
shallow,4096,0,353,0.004130499775766657
shallow,4096,0,354,0.004100608616583085
shallow,4096,0,355,0.004073891784274849
shallow,4096,0,356,0.004014972988412016
shallow,4096,0,357,0.003744549637416516
shallow,4096,0,358,0.0035767522503827405
shallow,4096,0,359,0.003364589335719636
shallow,4096,0,360,0.0030899097957584895
shallow,4096,0,361,0.0028387469845344284
shallow,4096,0,362,0.0025528384262201234
shallow,4096,0,363,0.0022417888705222357
shallow,4096,0,364,0.0018742747076602776
shallow,4096,0,365,0.0016368914035090592
shallow,4096,0,366,0.0014505213255273952
shallow,4096,0,367,0.001023173620021003
shallow,4096,0,368,0.0004931185757888223
shallow,4096,0,369,-1.399773699334219e-06
shallow,4096,0,370,-0.00046240011757318856
shallow,4096,0,371,-0.0008761139412753853
shallow,4096,0,372,-0.0012287673673932117
shallow,4096,0,373,-0.001610920969290742
shallow,4096,0,374,-0.0020887819709036674
shallow,4096,0,375,-0.00247945704381814
shallow,4096,0,376,-0.0027803600412544174
shallow,4096,0,377,-0.0032771477593816515
shallow,4096,0,378,-0.0034551483225266954
shallow,4096,0,379,-0.0037872272468747305
shallow,4096,0,380,-0.004072577727169357
shallow,4096,0,381,-0.004316143564801477
shallow,4096,0,382,-0.004527830081185966
shallow,4096,0,383,-0.004737913687159712
shallow,4096,0,384,-0.005023907809203991
shallow,4096,0,385,-0.0052533097271236905
shallow,4096,0,386,-0.0055834455749768
shallow,4096,0,387,-0.005869896979447678
shallow,4096,0,388,-0.006082713444448613
shallow,4096,0,389,-0.006249923289849574
shallow,4096,0,390,-0.006413513620346034
shallow,4096,0,391,-0.00648658362139801
shallow,4096,0,392,-0.006371067555510885
shallow,4096,0,393,-0.006211026249045982
shallow,4096,0,394,-0.006083541894131635
shallow,4096,0,395,-0.0057909798647795534
shallow,4096,0,396,-0.005357642097011669
shallow,4096,0,397,-0.004884723986080117
shallow,4096,0,398,-0.004555884182991446
shallow,4096,0,399,-0.004149471574015498
shallow,4096,0,400,-0.003821875584246346
shallow,4096,1,0,1.0
shallow,4096,1,1,0.966940511487628
shallow,4096,1,2,0.9353321794334336
shallow,4096,1,3,0.9050291052535003
shallow,4096,1,4,0.8759386358889217
shallow,4096,1,5,0.8479901074028622
shallow,4096,1,6,0.8213675291833866
shallow,4096,1,7,0.7958136279119241
shallow,4096,1,8,0.7714277861590774
shallow,4096,1,9,0.7480356592909194
shallow,4096,1,10,0.725603600339294
shallow,4096,1,11,0.7040044219269966
shallow,4096,1,12,0.6831707348288483
shallow,4096,1,13,0.6631850418970526
shallow,4096,1,14,0.6439750576115174
shallow,4096,1,15,0.6255461089832128
shallow,4096,1,16,0.6076285457514543
shallow,4096,1,17,0.5904275039124738
shallow,4096,1,18,0.5739408866683766
shallow,4096,1,19,0.558186633028097
shallow,4096,1,20,0.5428622674428942
shallow,4096,1,21,0.527864557400001
shallow,4096,1,22,0.5133644171922636
shallow,4096,1,23,0.4992812047511665
shallow,4096,1,24,0.48573629871952917
shallow,4096,1,25,0.4727408380258346
shallow,4096,1,26,0.46010818425644
shallow,4096,1,27,0.4479424089226086
shallow,4096,1,28,0.4361754631137379
shallow,4096,1,29,0.42487973905656856
shallow,4096,1,30,0.4139331698539772
shallow,4096,1,31,0.40336803458031095
shallow,4096,1,32,0.39322404229928964
shallow,4096,1,33,0.3832953839433431
shallow,4096,1,34,0.3736103551485267
shallow,4096,1,35,0.3642481761349728
shallow,4096,1,36,0.35507670916139966
shallow,4096,1,37,0.3462560442115296
shallow,4096,1,38,0.3376896938658212
shallow,4096,1,39,0.32926672882809127
shallow,4096,1,40,0.3210130659471845
shallow,4096,1,41,0.3129926626704737
shallow,4096,1,42,0.30523012211131567
shallow,4096,1,43,0.2976962346819129
shallow,4096,1,44,0.2904727722346055
shallow,4096,1,45,0.283396160291327
shallow,4096,1,46,0.27641883030312375
shallow,4096,1,47,0.26982200638733617
shallow,4096,1,48,0.2635801502846134
shallow,4096,1,49,0.25745724028596106
shallow,4096,1,50,0.2514500863654914
shallow,4096,1,51,0.24556374513876503
shallow,4096,1,52,0.23986037006304406
shallow,4096,1,53,0.23435406291772964
shallow,4096,1,54,0.22908506351184224
shallow,4096,1,55,0.22386173675149723
shallow,4096,1,56,0.21886445677279154
shallow,4096,1,57,0.21404786715105392
shallow,4096,1,58,0.2092935123376038
shallow,4096,1,59,0.2047897240561981
shallow,4096,1,60,0.20040213201103665
shallow,4096,1,61,0.19619846626000859
shallow,4096,1,62,0.19201168584499412
shallow,4096,1,63,0.187949982516126
shallow,4096,1,64,0.1838273558013702
shallow,4096,1,65,0.17970440177268726
shallow,4096,1,66,0.1756382953109517
shallow,4096,1,67,0.17148392507259042
shallow,4096,1,68,0.1672736451714178
shallow,4096,1,69,0.16337767101042772
shallow,4096,1,70,0.15958823776918088
shallow,4096,1,71,0.15584862320927478
shallow,4096,1,72,0.1522718294987161
shallow,4096,1,73,0.14881814802698512
shallow,4096,1,74,0.14550747519957946
shallow,4096,1,75,0.1423756464632251
shallow,4096,1,76,0.1393806926758914
shallow,4096,1,77,0.13652473829083828
shallow,4096,1,78,0.1336673397959661
shallow,4096,1,79,0.1310456659019793
shallow,4096,1,80,0.1286266159102562
shallow,4096,1,81,0.12625027571418337
shallow,4096,1,82,0.12403662636239904
shallow,4096,1,83,0.12176155116558104
shallow,4096,1,84,0.1196230408708355
shallow,4096,1,85,0.11749569570895216
shallow,4096,1,86,0.11551861378426452
shallow,4096,1,87,0.11377078378209911
shallow,4096,1,88,0.1118708819937049
shallow,4096,1,89,0.11014218703877555
shallow,4096,1,90,0.108348528619655
shallow,4096,1,91,0.10667127392783424
shallow,4096,1,92,0.10497847312201802
shallow,4096,1,93,0.10346183875379601
shallow,4096,1,94,0.10180841222106163
shallow,4096,1,95,0.1003190066994023
shallow,4096,1,96,0.0988515948689806
shallow,4096,1,97,0.09731547225836919
shallow,4096,1,98,0.0958373021689928
shallow,4096,1,99,0.09449170164533897
shallow,4096,1,100,0.0932664629360491
shallow,4096,1,101,0.09203956848795304
shallow,4096,1,102,0.09099269997072267
shallow,4096,1,103,0.08998871788224681
shallow,4096,1,104,0.08898549194985558
shallow,4096,1,105,0.08774668507258024
shallow,4096,1,106,0.08637553538243564
shallow,4096,1,107,0.08511409451422129
shallow,4096,1,108,0.08375405186421257
shallow,4096,1,109,0.08261065272252426
shallow,4096,1,110,0.08162622853072243
shallow,4096,1,111,0.08050559227904505
shallow,4096,1,112,0.07936047334643788
shallow,4096,1,113,0.07818893261752394
shallow,4096,1,114,0.07721862742669386
shallow,4096,1,115,0.07623357714986828
shallow,4096,1,116,0.07522109501601033
shallow,4096,1,117,0.07410493572852594
shallow,4096,1,118,0.07301847836553102
shallow,4096,1,119,0.07215225474844984
shallow,4096,1,120,0.07130112071488053
shallow,4096,1,121,0.07025198484246765
shallow,4096,1,122,0.06904877320579104
shallow,4096,1,123,0.06795504299674944
shallow,4096,1,124,0.06687632255447022
shallow,4096,1,125,0.06574444848333406
shallow,4096,1,126,0.06469418370784508
shallow,4096,1,127,0.0636280838999448
shallow,4096,1,128,0.06265571869846742
shallow,4096,1,129,0.0616301170327357
shallow,4096,1,130,0.06068331931750763
shallow,4096,1,131,0.05966312112602507
shallow,4096,1,132,0.05868267090066011
shallow,4096,1,133,0.05777506642510093
shallow,4096,1,134,0.056945654696021926
shallow,4096,1,135,0.05604020734996276
shallow,4096,1,136,0.055220348005306445
shallow,4096,1,137,0.05437923471144025
shallow,4096,1,138,0.05341725762745292
shallow,4096,1,139,0.05251463784372844
shallow,4096,1,140,0.05166892649754971
shallow,4096,1,141,0.05067721150439614
shallow,4096,1,142,0.04972066226974999
shallow,4096,1,143,0.04863557654113982
shallow,4096,1,144,0.047406016108137716
shallow,4096,1,145,0.046240721671611036
shallow,4096,1,146,0.04507513941930233
shallow,4096,1,147,0.04407333215104514
shallow,4096,1,148,0.04308689376552485
shallow,4096,1,149,0.04209856844043723
shallow,4096,1,150,0.04107188894046834
shallow,4096,1,151,0.04013176373876595
shallow,4096,1,152,0.03910170896628377
shallow,4096,1,153,0.03809361163452381
shallow,4096,1,154,0.03722630387850197
shallow,4096,1,155,0.03629009706829025
shallow,4096,1,156,0.035347891391710594
shallow,4096,1,157,0.03434949746317445
shallow,4096,1,158,0.03336659037234518
shallow,4096,1,159,0.03216474083706185
shallow,4096,1,160,0.031164405055372525
shallow,4096,1,161,0.030101071354677288
shallow,4096,1,162,0.028996887943535804
shallow,4096,1,163,0.02780660356444182
shallow,4096,1,164,0.026570582147809628
shallow,4096,1,165,0.02534852430620869
shallow,4096,1,166,0.02435173476979056
shallow,4096,1,167,0.023392077752878798
shallow,4096,1,168,0.0224550321831795
shallow,4096,1,169,0.021641877749377758
shallow,4096,1,170,0.020922654933651436
shallow,4096,1,171,0.020368706703678942
shallow,4096,1,172,0.020145965232831974
shallow,4096,1,173,0.02004776227579294
shallow,4096,1,174,0.019856522518050503
shallow,4096,1,175,0.0197572343635087
shallow,4096,1,176,0.01950060324567294
shallow,4096,1,177,0.01914379027165961
shallow,4096,1,178,0.018722061921648863
shallow,4096,1,179,0.0184081544241457
shallow,4096,1,180,0.018109370535760658
shallow,4096,1,181,0.017632228608274146
shallow,4096,1,182,0.017244908074499958
shallow,4096,1,183,0.0168373195581993
shallow,4096,1,184,0.016385788006384322
shallow,4096,1,185,0.015814166166000936
shallow,4096,1,186,0.01529628780745311
shallow,4096,1,187,0.014739982973864307
shallow,4096,1,188,0.014184128268906568
shallow,4096,1,189,0.013569397278994512
shallow,4096,1,190,0.013133975219725404
shallow,4096,1,191,0.012630870313450253
shallow,4096,1,192,0.012315424559555947
shallow,4096,1,193,0.012056379764844968
shallow,4096,1,194,0.011959502492137102
shallow,4096,1,195,0.011721423647140272
shallow,4096,1,196,0.01149243460088126
shallow,4096,1,197,0.011277490112328842
shallow,4096,1,198,0.010862274574589194
shallow,4096,1,199,0.01042965901017265
shallow,4096,1,200,0.009930497384795308
shallow,4096,1,201,0.00941373872812138
shallow,4096,1,202,0.008994242843249485
shallow,4096,1,203,0.00877028433076129
shallow,4096,1,204,0.008663280049317145
shallow,4096,1,205,0.008661361614565596
shallow,4096,1,206,0.00870279433534533
shallow,4096,1,207,0.00871208114839395
shallow,4096,1,208,0.008813375838833062
shallow,4096,1,209,0.008887263786312879
shallow,4096,1,210,0.008973245103244846
shallow,4096,1,211,0.009206177454344421
shallow,4096,1,212,0.009400301648790535
shallow,4096,1,213,0.009608892599615568
shallow,4096,1,214,0.009911977634634986
shallow,4096,1,215,0.010294023918813438
shallow,4096,1,216,0.010565154700343958
shallow,4096,1,217,0.010862073378205817
shallow,4096,1,218,0.010925341064955364
shallow,4096,1,219,0.011018842630410955
shallow,4096,1,220,0.011015697084556195
shallow,4096,1,221,0.01102788673269325
shallow,4096,1,222,0.010932674096239587
shallow,4096,1,223,0.010706636659159937
shallow,4096,1,224,0.010424122240901243
shallow,4096,1,225,0.010165683028877423
shallow,4096,1,226,0.009988041962036332
shallow,4096,1,227,0.009862673111125124
shallow,4096,1,228,0.009725116203021347
shallow,4096,1,229,0.009615890208734336
shallow,4096,1,230,0.009538317732050232
shallow,4096,1,231,0.009492755819199493
shallow,4096,1,232,0.009355190256780908
shallow,4096,1,233,0.00920763242942119
shallow,4096,1,234,0.008979177439114382
shallow,4096,1,235,0.008926025345309436
shallow,4096,1,236,0.008843496329633476
shallow,4096,1,237,0.008551759264460949
shallow,4096,1,238,0.008335261287907568
shallow,4096,1,239,0.00809294933173373
shallow,4096,1,240,0.007858505749138213
shallow,4096,1,241,0.00783322520838455
shallow,4096,1,242,0.007738434346773676
shallow,4096,1,243,0.007694151409684046
shallow,4096,1,244,0.007650940495895573
shallow,4096,1,245,0.007555199193354092
shallow,4096,1,246,0.007601271709708524
shallow,4096,1,247,0.00757685007378623
shallow,4096,1,248,0.0075498909247311945
shallow,4096,1,249,0.007651067680801236
shallow,4096,1,250,0.007650232744856092
shallow,4096,1,251,0.007739025990649065
shallow,4096,1,252,0.007891209088431684
shallow,4096,1,253,0.008001716074175332
shallow,4096,1,254,0.00802876003453401
shallow,4096,1,255,0.008180313451049472
shallow,4096,1,256,0.008297743713162256
shallow,4096,1,257,0.008501382789493563
shallow,4096,1,258,0.00851683176526547
shallow,4096,1,259,0.008610734534908123
shallow,4096,1,260,0.00883947594182673
shallow,4096,1,261,0.009020339998779336
shallow,4096,1,262,0.009158038277967653
shallow,4096,1,263,0.009238173476095395
shallow,4096,1,264,0.00924993644069851
shallow,4096,1,265,0.009201009659514404
shallow,4096,1,266,0.009191611009428386
shallow,4096,1,267,0.009064557705619043
shallow,4096,1,268,0.008895366362044658
shallow,4096,1,269,0.008548671205881387
shallow,4096,1,270,0.008089319843945588
shallow,4096,1,271,0.007605811607434982
shallow,4096,1,272,0.007103110314713476
shallow,4096,1,273,0.00667037393977817
shallow,4096,1,274,0.006592538602533998
shallow,4096,1,275,0.006536860376998938
shallow,4096,1,276,0.0065656016745845956
shallow,4096,1,277,0.006560970779648295
shallow,4096,1,278,0.006515383892233117
shallow,4096,1,279,0.006486670466939139
shallow,4096,1,280,0.006486431212100066
shallow,4096,1,281,0.006277039273727531
shallow,4096,1,282,0.006225313348562261
shallow,4096,1,283,0.006278487015427502
shallow,4096,1,284,0.006385408126501953
shallow,4096,1,285,0.0062823797063909
shallow,4096,1,286,0.006203688534483796
shallow,4096,1,287,0.005963817867264853
shallow,4096,1,288,0.005583150199030227
shallow,4096,1,289,0.005015558404722837
shallow,4096,1,290,0.004507669629665496
shallow,4096,1,291,0.004098793618006615
shallow,4096,1,292,0.0036156210833728545
shallow,4096,1,293,0.0032689921801804644
shallow,4096,1,294,0.002946640415074118
shallow,4096,1,295,0.002764183352979577
shallow,4096,1,296,0.00266113796007431
shallow,4096,1,297,0.0025084934783117232
shallow,4096,1,298,0.00232510805686405
shallow,4096,1,299,0.002151509145873582
shallow,4096,1,300,0.0020642138216017776
shallow,4096,1,301,0.0020327982391486446
shallow,4096,1,302,0.002060405890103039
shallow,4096,1,303,0.0019804177337716744
shallow,4096,1,304,0.0018678427255393645
shallow,4096,1,305,0.0019097615442528744
shallow,4096,1,306,0.001993542754539618
shallow,4096,1,307,0.0022256671614430865
shallow,4096,1,308,0.002397561294753573
shallow,4096,1,309,0.002590165402514953
shallow,4096,1,310,0.0029148661274210333
shallow,4096,1,311,0.003155424239863655
shallow,4096,1,312,0.003136522104462008
shallow,4096,1,313,0.0030821650747745043
shallow,4096,1,314,0.003173793254708049
shallow,4096,1,315,0.0032024659454837033
shallow,4096,1,316,0.0031519258667546866
shallow,4096,1,317,0.0031407944452700597
shallow,4096,1,318,0.0031417468190658446
shallow,4096,1,319,0.002897312693580901
shallow,4096,1,320,0.002646404684923014
shallow,4096,1,321,0.0024322612964778004
shallow,4096,1,322,0.0021702938127301273
shallow,4096,1,323,0.00201691705949196
shallow,4096,1,324,0.001993518751311762
shallow,4096,1,325,0.0017787922517463973
shallow,4096,1,326,0.0015861177952764412
shallow,4096,1,327,0.0015353191421931694
shallow,4096,1,328,0.0013689420380517425
shallow,4096,1,329,0.0011027876562865278
shallow,4096,1,330,0.0011323431930790745
shallow,4096,1,331,0.0011899201649729894
shallow,4096,1,332,0.0011634089425969544
shallow,4096,1,333,0.001103533776183913
shallow,4096,1,334,0.0010092304674662635
shallow,4096,1,335,0.00090428928965124
shallow,4096,1,336,0.0007078460487348814
shallow,4096,1,337,0.0005295128732292296
shallow,4096,1,338,0.0003908120700227293
shallow,4096,1,339,0.0004937910936953665
shallow,4096,1,340,0.0005436328802326295
shallow,4096,1,341,0.000519980779153704
shallow,4096,1,342,0.000482749158567834
shallow,4096,1,343,0.0003538471479948486
shallow,4096,1,344,0.00024753632364691615
shallow,4096,1,345,-0.00013215652376252773
shallow,4096,1,346,-0.00038254093428402363
shallow,4096,1,347,-0.0006060214567977012
shallow,4096,1,348,-0.0008530991658746109
shallow,4096,1,349,-0.0009606817717415983
shallow,4096,1,350,-0.0010682142047927254
shallow,4096,1,351,-0.0010115390154735709
shallow,4096,1,352,-0.0009483296343758682
shallow,4096,1,353,-0.0009648912867052618
shallow,4096,1,354,-0.0008741039866919102
shallow,4096,1,355,-0.0007568128107970271
shallow,4096,1,356,-0.0007736272285013288
shallow,4096,1,357,-0.0009448659176965056
shallow,4096,1,358,-0.0011639805473233266
shallow,4096,1,359,-0.0012554875301635424
shallow,4096,1,360,-0.0014212004933474216
shallow,4096,1,361,-0.0015770883803805334
shallow,4096,1,362,-0.0016846600681745612
shallow,4096,1,363,-0.0017590024853809676
shallow,4096,1,364,-0.0016692805181805475
shallow,4096,1,365,-0.0015800578870692038
shallow,4096,1,366,-0.001450603527521002
shallow,4096,1,367,-0.001484301888487487
shallow,4096,1,368,-0.0015491569167891367
shallow,4096,1,369,-0.001800894472392644
shallow,4096,1,370,-0.002035892387029412
shallow,4096,1,371,-0.0022753464436527176
shallow,4096,1,372,-0.0025635277315777297
shallow,4096,1,373,-0.002878143998852797
shallow,4096,1,374,-0.0030627822659109755
shallow,4096,1,375,-0.0031771032455389647
shallow,4096,1,376,-0.0032852037100027584
shallow,4096,1,377,-0.0033234338155734224
shallow,4096,1,378,-0.003325590558902842
shallow,4096,1,379,-0.003206875780109532
shallow,4096,1,380,-0.003028641430361859
shallow,4096,1,381,-0.0029060969720762888
shallow,4096,1,382,-0.0026671679083863113
shallow,4096,1,383,-0.0024532008525448867
shallow,4096,1,384,-0.002196099375384234
shallow,4096,1,385,-0.002095042575277487
shallow,4096,1,386,-0.0020529276152982555
shallow,4096,1,387,-0.0020163638760398255
shallow,4096,1,388,-0.0018747946897198673
shallow,4096,1,389,-0.0017447672665548157
shallow,4096,1,390,-0.001642759771586073
shallow,4096,1,391,-0.0015487363843684407
shallow,4096,1,392,-0.0017349257957237304
shallow,4096,1,393,-0.0018291645219311867
shallow,4096,1,394,-0.0020209655999252063
shallow,4096,1,395,-0.002275450232263437
shallow,4096,1,396,-0.002573483702161907
shallow,4096,1,397,-0.002807650547890908
shallow,4096,1,398,-0.0030538163084633074
shallow,4096,1,399,-0.0032647339358958475
shallow,4096,1,400,-0.003538061581136109
shallow,4096,2,0,1.0
shallow,4096,2,1,0.9660775950609708
shallow,4096,2,2,0.9336812324145491
shallow,4096,2,3,0.9027142504334662
shallow,4096,2,4,0.8729169415563315
shallow,4096,2,5,0.8444541504590535
shallow,4096,2,6,0.8171530506762545
shallow,4096,2,7,0.791043829930532
shallow,4096,2,8,0.7658709237070309
shallow,4096,2,9,0.741825969804729
shallow,4096,2,10,0.7188746360708628
shallow,4096,2,11,0.6967826412707172
shallow,4096,2,12,0.6756779865412464
shallow,4096,2,13,0.655337237696834
shallow,4096,2,14,0.6358171468246647
shallow,4096,2,15,0.6169957945503095
shallow,4096,2,16,0.5987130007619319
shallow,4096,2,17,0.5810767277292426
shallow,4096,2,18,0.5639945024032851
shallow,4096,2,19,0.5475862609204771
shallow,4096,2,20,0.5318983647389499
shallow,4096,2,21,0.5167559556980383
shallow,4096,2,22,0.502111029555449
shallow,4096,2,23,0.4878380250649169
shallow,4096,2,24,0.47404150771518017
shallow,4096,2,25,0.460575939787431
shallow,4096,2,26,0.44740869566961317
shallow,4096,2,27,0.43472777888555947
shallow,4096,2,28,0.42252423649457727
shallow,4096,2,29,0.41087743151701017
shallow,4096,2,30,0.3997290897746155
shallow,4096,2,31,0.3888246241170963
shallow,4096,2,32,0.3783204585306658
shallow,4096,2,33,0.36804745845379677
shallow,4096,2,34,0.358183021797608
shallow,4096,2,35,0.3485079618285221
shallow,4096,2,36,0.339262613907745
shallow,4096,2,37,0.33005545814928217
shallow,4096,2,38,0.32121703304048493
shallow,4096,2,39,0.3126981839065227
shallow,4096,2,40,0.304390492711893
shallow,4096,2,41,0.2963863886802435
shallow,4096,2,42,0.28856690567413223
shallow,4096,2,43,0.2810609648557511
shallow,4096,2,44,0.27393591319217464
shallow,4096,2,45,0.26692533100700877
shallow,4096,2,46,0.2601960161980178
shallow,4096,2,47,0.2537147689039524
shallow,4096,2,48,0.24753779392459835
shallow,4096,2,49,0.24160451627950574
shallow,4096,2,50,0.23580623957332186
shallow,4096,2,51,0.22998711793688073
shallow,4096,2,52,0.22415108413345955
shallow,4096,2,53,0.218580056515207
shallow,4096,2,54,0.21323221408520776
shallow,4096,2,55,0.20791137570543247
shallow,4096,2,56,0.20290065129119847
shallow,4096,2,57,0.1982133269185019
shallow,4096,2,58,0.19361492224867802
shallow,4096,2,59,0.1890587697787267
shallow,4096,2,60,0.1845593189895604
shallow,4096,2,61,0.18018019690551787
shallow,4096,2,62,0.17604766504490452
shallow,4096,2,63,0.1719771271741601
shallow,4096,2,64,0.16808279239359222
shallow,4096,2,65,0.16441825159353754
shallow,4096,2,66,0.16081148695523173
shallow,4096,2,67,0.15734354041614146
shallow,4096,2,68,0.15399996399039506
shallow,4096,2,69,0.1509013725550249
shallow,4096,2,70,0.14798667920144046
shallow,4096,2,71,0.14514892864000023
shallow,4096,2,72,0.14230468797079504
shallow,4096,2,73,0.13936261944713643
shallow,4096,2,74,0.13671103673260795
shallow,4096,2,75,0.134304118549486
shallow,4096,2,76,0.1317722764634863
shallow,4096,2,77,0.12937618010856997
shallow,4096,2,78,0.1269545525766309
shallow,4096,2,79,0.12458200685719834
shallow,4096,2,80,0.12218441933780454
shallow,4096,2,81,0.11979495640317009
shallow,4096,2,82,0.11760997244489257
shallow,4096,2,83,0.11565320990455491
shallow,4096,2,84,0.11390443329698233
shallow,4096,2,85,0.11212545477102832
shallow,4096,2,86,0.1103730515049565
shallow,4096,2,87,0.10851801550499925
shallow,4096,2,88,0.10680274366615936
shallow,4096,2,89,0.10513383892665766
shallow,4096,2,90,0.10339817658819006
shallow,4096,2,91,0.10152827429212422
shallow,4096,2,92,0.09983271448578504
shallow,4096,2,93,0.09828511723091632
shallow,4096,2,94,0.0966949178250553
shallow,4096,2,95,0.0952236498439221
shallow,4096,2,96,0.09388715088275684
shallow,4096,2,97,0.09251487364090862
shallow,4096,2,98,0.09115454924103095
shallow,4096,2,99,0.08987692824981582
shallow,4096,2,100,0.08870536741924101
shallow,4096,2,101,0.08753804136334413
shallow,4096,2,102,0.08645746483030498
shallow,4096,2,103,0.08549747396085344
shallow,4096,2,104,0.08444044907802074
shallow,4096,2,105,0.08358827634914617
shallow,4096,2,106,0.08292329521046585
shallow,4096,2,107,0.08218662866531241
shallow,4096,2,108,0.08146370224269486
shallow,4096,2,109,0.08061401914929749
shallow,4096,2,110,0.07957373481107874
shallow,4096,2,111,0.07842393379712607
shallow,4096,2,112,0.07737402834682136
shallow,4096,2,113,0.0763342599547433
shallow,4096,2,114,0.07537866643038757
shallow,4096,2,115,0.07441855167322853
shallow,4096,2,116,0.07345110011629419
shallow,4096,2,117,0.0724750962950595
shallow,4096,2,118,0.07132323720344638
shallow,4096,2,119,0.07029056629504082
shallow,4096,2,120,0.06924541241860302
shallow,4096,2,121,0.06825883239896102
shallow,4096,2,122,0.06727379793331302
shallow,4096,2,123,0.06628526183301565
shallow,4096,2,124,0.06514509678106854
shallow,4096,2,125,0.0639550549827094
shallow,4096,2,126,0.06274810148139544
shallow,4096,2,127,0.061569388063765045
shallow,4096,2,128,0.060602227973583306
shallow,4096,2,129,0.05954683963683188
shallow,4096,2,130,0.05854498126067568
shallow,4096,2,131,0.05745908725841761
shallow,4096,2,132,0.05637254307480462
shallow,4096,2,133,0.05518586002696753
shallow,4096,2,134,0.05414093601045206
shallow,4096,2,135,0.05330513160230894
shallow,4096,2,136,0.05232091878386665
shallow,4096,2,137,0.05124023815285542
shallow,4096,2,138,0.05019574269124976
shallow,4096,2,139,0.04931903308821394
shallow,4096,2,140,0.04839008140794357
shallow,4096,2,141,0.04748127636241091
shallow,4096,2,142,0.04670372833469126
shallow,4096,2,143,0.04599247122493216
shallow,4096,2,144,0.045268020587159334
shallow,4096,2,145,0.044636677509278924
shallow,4096,2,146,0.04393575525631799
shallow,4096,2,147,0.04312026263955758
shallow,4096,2,148,0.0423224437254272
shallow,4096,2,149,0.041534212060891945
shallow,4096,2,150,0.04068909823801008
shallow,4096,2,151,0.039616331565476816
shallow,4096,2,152,0.03858884181614689
shallow,4096,2,153,0.03751891987426802
shallow,4096,2,154,0.03651045942387264
shallow,4096,2,155,0.03547356506143758
shallow,4096,2,156,0.03437099797353119
shallow,4096,2,157,0.033221173409221254
shallow,4096,2,158,0.032184959001799254
shallow,4096,2,159,0.031156497280039698
shallow,4096,2,160,0.030137347864862437
shallow,4096,2,161,0.028998412492482323
shallow,4096,2,162,0.027832043051163685
shallow,4096,2,163,0.026786026523890304
shallow,4096,2,164,0.025934583381844456
shallow,4096,2,165,0.02520909072842035
shallow,4096,2,166,0.02465255490812357
shallow,4096,2,167,0.0240892928413558
shallow,4096,2,168,0.023490207346696747
shallow,4096,2,169,0.023038086707348422
shallow,4096,2,170,0.02272671596306514
shallow,4096,2,171,0.022310275385691775
shallow,4096,2,172,0.02178690693280294
shallow,4096,2,173,0.021418376751530924
shallow,4096,2,174,0.021036120043560782
shallow,4096,2,175,0.020685117444997896
shallow,4096,2,176,0.02017686607570503
shallow,4096,2,177,0.01972933944037301
shallow,4096,2,178,0.01924154918268353
shallow,4096,2,179,0.01902446071835439
shallow,4096,2,180,0.018928202082035186
shallow,4096,2,181,0.01875954528831255
shallow,4096,2,182,0.018457026645012926
shallow,4096,2,183,0.018142143055223457
shallow,4096,2,184,0.017831340371554927
shallow,4096,2,185,0.01756455290827095
shallow,4096,2,186,0.01730787756843212
shallow,4096,2,187,0.016944176965398152
shallow,4096,2,188,0.01664139389731443
shallow,4096,2,189,0.016230214618997443
shallow,4096,2,190,0.015722994855425377
shallow,4096,2,191,0.01529717974639609
shallow,4096,2,192,0.014926886791475386
shallow,4096,2,193,0.014486256202209561
shallow,4096,2,194,0.013892636561270402
shallow,4096,2,195,0.0132194417932557
shallow,4096,2,196,0.012568564593281999
shallow,4096,2,197,0.011958840941043162
shallow,4096,2,198,0.011327723411492158
shallow,4096,2,199,0.0107006924718866
shallow,4096,2,200,0.010231403618391073
shallow,4096,2,201,0.009879680168304773
shallow,4096,2,202,0.009610637195025841
shallow,4096,2,203,0.009495183590043402
shallow,4096,2,204,0.009312963840147325
shallow,4096,2,205,0.009003752180703003
shallow,4096,2,206,0.008639988544038864
shallow,4096,2,207,0.008219524421105812
shallow,4096,2,208,0.007581067558816264
shallow,4096,2,209,0.006925378109854949
shallow,4096,2,210,0.006259976248713245
shallow,4096,2,211,0.005661771506874266
shallow,4096,2,212,0.005250948509421636
shallow,4096,2,213,0.004926540053174359
shallow,4096,2,214,0.004685450041885976
shallow,4096,2,215,0.004590645388563289
shallow,4096,2,216,0.0044749988668548926
shallow,4096,2,217,0.004263059505013495
shallow,4096,2,218,0.00402714446192026
shallow,4096,2,219,0.003608932191913383
shallow,4096,2,220,0.0032705973067753244
shallow,4096,2,221,0.0030043941010572525
shallow,4096,2,222,0.002889433076801348
shallow,4096,2,223,0.003016087444559403
shallow,4096,2,224,0.00315747953421566
shallow,4096,2,225,0.003283780959703762
shallow,4096,2,226,0.003317208090769611
shallow,4096,2,227,0.0034515693445872804
shallow,4096,2,228,0.003803817847759736
shallow,4096,2,229,0.004037169089730248
shallow,4096,2,230,0.00422084795135703
shallow,4096,2,231,0.004547439990100081
shallow,4096,2,232,0.004938862200580677
shallow,4096,2,233,0.00508935934034425
shallow,4096,2,234,0.005125965647298121
shallow,4096,2,235,0.005099253148125421
shallow,4096,2,236,0.004951295178690518
shallow,4096,2,237,0.004762242723102492
shallow,4096,2,238,0.004725135855298556
shallow,4096,2,239,0.004843053991956079
shallow,4096,2,240,0.004844777344657356
shallow,4096,2,241,0.004903958013402741
shallow,4096,2,242,0.005068035219939537
shallow,4096,2,243,0.004880340600800201
shallow,4096,2,244,0.004861858519216241
shallow,4096,2,245,0.0046912496607371314
shallow,4096,2,246,0.004584323388069368
shallow,4096,2,247,0.0045530994018357605
shallow,4096,2,248,0.00453395608048985
shallow,4096,2,249,0.004456258300489295
shallow,4096,2,250,0.004425522415685552
shallow,4096,2,251,0.004319663960058409
shallow,4096,2,252,0.0041840297043987725
shallow,4096,2,253,0.004223613263341721
shallow,4096,2,254,0.00438541315887702
shallow,4096,2,255,0.0044217076033322145
shallow,4096,2,256,0.004426566784013383
shallow,4096,2,257,0.004400071811287193
shallow,4096,2,258,0.004474442575759474
shallow,4096,2,259,0.004602385239576762
shallow,4096,2,260,0.004864233575446488
shallow,4096,2,261,0.005029872136599075
shallow,4096,2,262,0.005231203159639826
shallow,4096,2,263,0.005375367480854156
shallow,4096,2,264,0.005430274069739553
shallow,4096,2,265,0.005456372309684293
shallow,4096,2,266,0.0057644595505643575
shallow,4096,2,267,0.006214160980256801
shallow,4096,2,268,0.006672330666326423
shallow,4096,2,269,0.0071536343786306345
shallow,4096,2,270,0.007539985926930724
shallow,4096,2,271,0.00778043794859642
shallow,4096,2,272,0.007942250695266268
shallow,4096,2,273,0.008095707681962343
shallow,4096,2,274,0.008127766409939716
shallow,4096,2,275,0.008057399889510063
shallow,4096,2,276,0.007944498916325413
shallow,4096,2,277,0.007886835135634058
shallow,4096,2,278,0.007682477823648232
shallow,4096,2,279,0.007400430344996785
shallow,4096,2,280,0.007336369110961683
shallow,4096,2,281,0.007092148924545858
shallow,4096,2,282,0.0067536316454223436
shallow,4096,2,283,0.006538266908383207
shallow,4096,2,284,0.006309787000581822
shallow,4096,2,285,0.006245967144482046
shallow,4096,2,286,0.006047680514946479
shallow,4096,2,287,0.005817882773133411
shallow,4096,2,288,0.005510578021787093
shallow,4096,2,289,0.005182210443328884
shallow,4096,2,290,0.0048921230114920035
shallow,4096,2,291,0.004659583782173778
shallow,4096,2,292,0.00460081281574075
shallow,4096,2,293,0.004525786425502408
shallow,4096,2,294,0.004415339857821544
shallow,4096,2,295,0.004251266374667561
shallow,4096,2,296,0.004232813614071828
shallow,4096,2,297,0.004395371186186993
shallow,4096,2,298,0.004580341295776243
shallow,4096,2,299,0.00494135857308062
shallow,4096,2,300,0.0050851770449079434
shallow,4096,2,301,0.00516929497176164
shallow,4096,2,302,0.005192982702391035
shallow,4096,2,303,0.005408073285771025
shallow,4096,2,304,0.005641015543181011
shallow,4096,2,305,0.005762568833081352
shallow,4096,2,306,0.005707169946250171
shallow,4096,2,307,0.005785466885552337
shallow,4096,2,308,0.005889045527308577
shallow,4096,2,309,0.0060728502294424185
shallow,4096,2,310,0.006261934300021225
shallow,4096,2,311,0.006182654750944543
shallow,4096,2,312,0.006182789884030093
shallow,4096,2,313,0.0061844091505684675
shallow,4096,2,314,0.00620129746899334
shallow,4096,2,315,0.006143756416858527
shallow,4096,2,316,0.006154098192858999
shallow,4096,2,317,0.006168959579057502
shallow,4096,2,318,0.006070673370864975
shallow,4096,2,319,0.006012746917776114
shallow,4096,2,320,0.005987654691040624
shallow,4096,2,321,0.005922656308713224
shallow,4096,2,322,0.00577353937014771
shallow,4096,2,323,0.005586878998813752
shallow,4096,2,324,0.005376163244820764
shallow,4096,2,325,0.005228886809743062
shallow,4096,2,326,0.005005088113828972
shallow,4096,2,327,0.004661009939716163
shallow,4096,2,328,0.004388092345926442
shallow,4096,2,329,0.004299326253854865
shallow,4096,2,330,0.0043489250408158065
shallow,4096,2,331,0.0045972874527522405
shallow,4096,2,332,0.004856548113741947
shallow,4096,2,333,0.005052737208831837
shallow,4096,2,334,0.0051975755956583805
shallow,4096,2,335,0.005202874870205305
shallow,4096,2,336,0.005015650857817263
shallow,4096,2,337,0.004836668146085953
shallow,4096,2,338,0.004813221705663716
shallow,4096,2,339,0.004743506696395263
shallow,4096,2,340,0.00476645829598071
shallow,4096,2,341,0.0048464074259912645
shallow,4096,2,342,0.0048847169293017466
shallow,4096,2,343,0.004843170244732312
shallow,4096,2,344,0.004849848373415082
shallow,4096,2,345,0.004955924791837101
shallow,4096,2,346,0.004951216123710833
shallow,4096,2,347,0.004887243372762359
shallow,4096,2,348,0.004660239166470627
shallow,4096,2,349,0.004420490757364623
shallow,4096,2,350,0.0041479772241032825
shallow,4096,2,351,0.0038038779298828285
shallow,4096,2,352,0.0033608640380554554
shallow,4096,2,353,0.0027633769735324037
shallow,4096,2,354,0.002208288389851487
shallow,4096,2,355,0.0017661170111562758
shallow,4096,2,356,0.001325137804312108
shallow,4096,2,357,0.0009404993371974688
shallow,4096,2,358,0.000547185583017677
shallow,4096,2,359,0.0002380273003394105
shallow,4096,2,360,5.6506328682060306e-06
shallow,4096,2,361,-0.0003979042321860318
shallow,4096,2,362,-0.000722655046754268
shallow,4096,2,363,-0.0009872404734492793
shallow,4096,2,364,-0.0011617035125094889
shallow,4096,2,365,-0.001282228564233821
shallow,4096,2,366,-0.0013854472372283252
shallow,4096,2,367,-0.0015286954486029066
shallow,4096,2,368,-0.0016888011239982867
shallow,4096,2,369,-0.0018363559298038888
shallow,4096,2,370,-0.0019809689931365813
shallow,4096,2,371,-0.002035272617220132
shallow,4096,2,372,-0.0020001820711033
shallow,4096,2,373,-0.0019552280973654792
shallow,4096,2,374,-0.002039480436164475
shallow,4096,2,375,-0.002149641700845554
shallow,4096,2,376,-0.0022943605085665054
shallow,4096,2,377,-0.002322314898549233
shallow,4096,2,378,-0.0023544905600163405
shallow,4096,2,379,-0.0023452087412697137
shallow,4096,2,380,-0.00232623276863888
shallow,4096,2,381,-0.0023323452489375568
shallow,4096,2,382,-0.002350884588930238
shallow,4096,2,383,-0.0024307479269417547
shallow,4096,2,384,-0.0024726353114537213
shallow,4096,2,385,-0.0024118509165198315
shallow,4096,2,386,-0.0023925666295416294
shallow,4096,2,387,-0.0023208889241053913
shallow,4096,2,388,-0.002363533110181129
shallow,4096,2,389,-0.002519450092150501
shallow,4096,2,390,-0.002679250130377244
shallow,4096,2,391,-0.0027290740939511756
shallow,4096,2,392,-0.0027766979524782714
shallow,4096,2,393,-0.002722347678731878
shallow,4096,2,394,-0.002591181710225747
shallow,4096,2,395,-0.0023922318710244512
shallow,4096,2,396,-0.002276312952863119
shallow,4096,2,397,-0.0020983408380829257
shallow,4096,2,398,-0.0018960010566037942
shallow,4096,2,399,-0.0017827596526444837
shallow,4096,2,400,-0.0015648133229315686
deep,32,0,0,1.0
deep,32,0,1,0.9668613661778627
deep,32,0,2,0.9357798800201612
deep,32,0,3,0.9065459020629227
deep,32,0,4,0.8789577199301424
deep,32,0,5,0.8530408076562362
deep,32,0,6,0.8285677461523548
deep,32,0,7,0.8052287138907397
deep,32,0,8,0.7828958016193485
deep,32,0,9,0.7617368084913231
deep,32,0,10,0.7415545703188418
deep,32,0,11,0.722217839809908
deep,32,0,12,0.7037121005346726
deep,32,0,13,0.6860124536330863
deep,32,0,14,0.669081604161249
deep,32,0,15,0.6529023759965881
deep,32,0,16,0.6373155843217257
deep,32,0,17,0.6223020705729873
deep,32,0,18,0.607945900181588
deep,32,0,19,0.5943214289548908
deep,32,0,20,0.581185025693492
deep,32,0,21,0.5687904881505397
deep,32,0,22,0.5570440097442994
deep,32,0,23,0.5455006080540028
deep,32,0,24,0.534319957936067
deep,32,0,25,0.5236221644746437
deep,32,0,26,0.5133407424305045
deep,32,0,27,0.5034992099253616
deep,32,0,28,0.49403462929191044
deep,32,0,29,0.48487863340549203
deep,32,0,30,0.475902860301058
deep,32,0,31,0.46706259538812434
deep,32,0,32,0.4586679150964218
deep,32,0,33,0.4504628863177216
deep,32,0,34,0.4424903015313328
deep,32,0,35,0.43471321188482226
deep,32,0,36,0.42721722455185485
deep,32,0,37,0.419910867438587
deep,32,0,38,0.4127719807412342
deep,32,0,39,0.4057872346110299
deep,32,0,40,0.3989285535567919
deep,32,0,41,0.39219100645628924
deep,32,0,42,0.38566255444581327
deep,32,0,43,0.37910814191362885
deep,32,0,44,0.37278576828858057
deep,32,0,45,0.3665583685135957
deep,32,0,46,0.36048384071458267
deep,32,0,47,0.354626402544702
deep,32,0,48,0.34885404051029134
deep,32,0,49,0.3432763629086349
deep,32,0,50,0.33778503248868014
deep,32,0,51,0.33252498696255145
deep,32,0,52,0.32743981590296284
deep,32,0,53,0.3225914308419101
deep,32,0,54,0.31776407464521333
deep,32,0,55,0.3130141152203082
deep,32,0,56,0.30845855711050196
deep,32,0,57,0.3041386963111672
deep,32,0,58,0.2997778148732728
deep,32,0,59,0.2955435450971843
deep,32,0,60,0.2912761807750265
deep,32,0,61,0.28700763943943036
deep,32,0,62,0.28269169429878205
deep,32,0,63,0.27847293854270627
deep,32,0,64,0.27439107462310025
deep,32,0,65,0.27028975964204327
deep,32,0,66,0.26638065676656
deep,32,0,67,0.26257812903741284
deep,32,0,68,0.2587465262650739
deep,32,0,69,0.25506981699717124
deep,32,0,70,0.2517150543010001
deep,32,0,71,0.2483579206473366
deep,32,0,72,0.24489215112386606
deep,32,0,73,0.24155789279314271
deep,32,0,74,0.23808288925008136
deep,32,0,75,0.2348043705629939
deep,32,0,76,0.23141065669813618
deep,32,0,77,0.22813666312130376
deep,32,0,78,0.2249074033173012
deep,32,0,79,0.2218430093291866
deep,32,0,80,0.21875201245011489
deep,32,0,81,0.2157583398827585
deep,32,0,82,0.21284478142514818
deep,32,0,83,0.20987597590299376
deep,32,0,84,0.20684912275702153
deep,32,0,85,0.2038612631932718
deep,32,0,86,0.20099312133025582
deep,32,0,87,0.19810565722584209
deep,32,0,88,0.19529958464392871
deep,32,0,89,0.19246438179997025
deep,32,0,90,0.1896091890611312
deep,32,0,91,0.18679058902235982
deep,32,0,92,0.18413511130242224
deep,32,0,93,0.18151695464091103
deep,32,0,94,0.17893850455938246
deep,32,0,95,0.17638819024757946
deep,32,0,96,0.17397453069356095
deep,32,0,97,0.17149539047722595
deep,32,0,98,0.16908066345802486
deep,32,0,99,0.16668639053085604
deep,32,0,100,0.1642587094244727
deep,32,0,101,0.16196214116294738
deep,32,0,102,0.15938764285350265
deep,32,0,103,0.1569323929311497
deep,32,0,104,0.1547249312337291
deep,32,0,105,0.15261970227662514
deep,32,0,106,0.15063650788470073
deep,32,0,107,0.14861007150471084
deep,32,0,108,0.14670811907003167
deep,32,0,109,0.1448140650703903
deep,32,0,110,0.1431034909500339
deep,32,0,111,0.14151051017593078
deep,32,0,112,0.1400442487808085
deep,32,0,113,0.13862403988943645
deep,32,0,114,0.13722149628945346
deep,32,0,115,0.1358306846878385
deep,32,0,116,0.1343117525914244
deep,32,0,117,0.13280532698768682
deep,32,0,118,0.13120918601312864
deep,32,0,119,0.1295884304668169
deep,32,0,120,0.12797951649884412
deep,32,0,121,0.12631590047767607
deep,32,0,122,0.12482500911008726
deep,32,0,123,0.12336322639038347
deep,32,0,124,0.12189322274491451
deep,32,0,125,0.12041919030738277
deep,32,0,126,0.118987273988699
deep,32,0,127,0.11761816087279897
deep,32,0,128,0.11631308072848337
deep,32,0,129,0.1151225681611405
deep,32,0,130,0.11380383271862166
deep,32,0,131,0.11261539304804226
deep,32,0,132,0.11161245460368459
deep,32,0,133,0.11057997888481591
deep,32,0,134,0.10967545604508354
deep,32,0,135,0.10883859371035964
deep,32,0,136,0.1081394891000894
deep,32,0,137,0.10747975216947157
deep,32,0,138,0.10689127147025651
deep,32,0,139,0.10634386972143714
deep,32,0,140,0.10571921133208688
deep,32,0,141,0.1050370867184264
deep,32,0,142,0.10419366196675323
deep,32,0,143,0.10340476718363378
deep,32,0,144,0.10267100284103084
deep,32,0,145,0.10194350002312237
deep,32,0,146,0.10121286533407783
deep,32,0,147,0.10045735192390112
deep,32,0,148,0.09969469789989885
deep,32,0,149,0.09878950134662894
deep,32,0,150,0.09774907011808953
deep,32,0,151,0.09672301284469134
deep,32,0,152,0.09546204901550702
deep,32,0,153,0.09425944289360123
deep,32,0,154,0.09308680526660894
deep,32,0,155,0.09196140868947411
deep,32,0,156,0.09108848693007388
deep,32,0,157,0.09003666735914362
deep,32,0,158,0.0891655854762351
deep,32,0,159,0.08832023732805833
deep,32,0,160,0.08733730485663382
deep,32,0,161,0.08638028098460733
deep,32,0,162,0.08552675175571155
deep,32,0,163,0.0848071898577876
deep,32,0,164,0.083873171031224
deep,32,0,165,0.0830563131771684
deep,32,0,166,0.08207613343113199
deep,32,0,167,0.08098732968795325
deep,32,0,168,0.07975490433032177
deep,32,0,169,0.07861950954329347
deep,32,0,170,0.07756609082733981
deep,32,0,171,0.07651123649987945
deep,32,0,172,0.07551937587637578
deep,32,0,173,0.07474695651499798
deep,32,0,174,0.07399710112867551
deep,32,0,175,0.07322549550877297
deep,32,0,176,0.0726032422972353
deep,32,0,177,0.07205769580591634
deep,32,0,178,0.07149640664780361
deep,32,0,179,0.07083489689153274
deep,32,0,180,0.07022978445190534
deep,32,0,181,0.06968864554189842
deep,32,0,182,0.06913842370359734
deep,32,0,183,0.06868498496691458
deep,32,0,184,0.06832631214118756
deep,32,0,185,0.06790962662192555
deep,32,0,186,0.06750109551822925
deep,32,0,187,0.06695427758150403
deep,32,0,188,0.0666169613447716
deep,32,0,189,0.06615352041212466
deep,32,0,190,0.06561770489316443
deep,32,0,191,0.0651786618628893
deep,32,0,192,0.06468716078121439
deep,32,0,193,0.06416715744747604
deep,32,0,194,0.0637380910875952
deep,32,0,195,0.06327124409380842
deep,32,0,196,0.06281868388745931
deep,32,0,197,0.06222882433109696
deep,32,0,198,0.06162837858058401
deep,32,0,199,0.06098887715496599
deep,32,0,200,0.06032886727877752
deep,32,0,201,0.05966266077168815
deep,32,0,202,0.05900426434635197
deep,32,0,203,0.058317584068758255
deep,32,0,204,0.057588998862544594
deep,32,0,205,0.0568059200612647
deep,32,0,206,0.05575982964467924
deep,32,0,207,0.0547003125969731
deep,32,0,208,0.05371472843303832
deep,32,0,209,0.05273239567438277
deep,32,0,210,0.05181555006454233
deep,32,0,211,0.05094103382096671
deep,32,0,212,0.05003270940531354
deep,32,0,213,0.049258909971557546
deep,32,0,214,0.04853506401234864
deep,32,0,215,0.047681616719524894
deep,32,0,216,0.046911789017125324
deep,32,0,217,0.04632101910311426
deep,32,0,218,0.045797807983313794
deep,32,0,219,0.04528129173427166
deep,32,0,220,0.04468686606261042
deep,32,0,221,0.044095637230516085
deep,32,0,222,0.043726197633782604
deep,32,0,223,0.04322470479633922
deep,32,0,224,0.042632330883316076
deep,32,0,225,0.04216956414670439
deep,32,0,226,0.0417472981572023
deep,32,0,227,0.041134178627656254
deep,32,0,228,0.040561651672754745
deep,32,0,229,0.040066300881134095
deep,32,0,230,0.03962241352725421
deep,32,0,231,0.039154559094330896
deep,32,0,232,0.03886837911131636
deep,32,0,233,0.03882423572479004
deep,32,0,234,0.038671351208945465
deep,32,0,235,0.038346634853908185
deep,32,0,236,0.03797863048905995
deep,32,0,237,0.037452111272302885
deep,32,0,238,0.03690724465289403
deep,32,0,239,0.03640169506111542
deep,32,0,240,0.035732442989024775
deep,32,0,241,0.03507068724051851
deep,32,0,242,0.03428267440863015
deep,32,0,243,0.03364936253176418
deep,32,0,244,0.0332253574734414
deep,32,0,245,0.03272330925322544
deep,32,0,246,0.03236936872228593
deep,32,0,247,0.031891133139404136
deep,32,0,248,0.03144660309080523
deep,32,0,249,0.03113824009773725
deep,32,0,250,0.031032150329159746
deep,32,0,251,0.03083221553570566
deep,32,0,252,0.030573244201674104
deep,32,0,253,0.03029504171580109
deep,32,0,254,0.02990341541637463
deep,32,0,255,0.029603202046745134
deep,32,0,256,0.029356289284846498
deep,32,0,257,0.028946064134870546
deep,32,0,258,0.0285815931491764
deep,32,0,259,0.028223131463418937
deep,32,0,260,0.0278534693321065
deep,32,0,261,0.027494827859811735
deep,32,0,262,0.02708504692377154
deep,32,0,263,0.026771417753393874
deep,32,0,264,0.026422427572353524
deep,32,0,265,0.025966167380636587
deep,32,0,266,0.02556536701917085
deep,32,0,267,0.02504199283192876
deep,32,0,268,0.024731269872314367
deep,32,0,269,0.024621708131316044
deep,32,0,270,0.024564990705300403
deep,32,0,271,0.024568717729049176
deep,32,0,272,0.02451727229033597
deep,32,0,273,0.02444954834873454
deep,32,0,274,0.024266925224849793
deep,32,0,275,0.024224296516746218
deep,32,0,276,0.02437166575417811
deep,32,0,277,0.02458104260280252
deep,32,0,278,0.024936234194670306
deep,32,0,279,0.02518190205419712
deep,32,0,280,0.025288036856217107
deep,32,0,281,0.02536214834525158
deep,32,0,282,0.025586150955285797
deep,32,0,283,0.02609720170539801
deep,32,0,284,0.026511474615990578
deep,32,0,285,0.026848842057628386
deep,32,0,286,0.027303971253925502
deep,32,0,287,0.027542760317133957
deep,32,0,288,0.027819796479349578
deep,32,0,289,0.028135915480818566
deep,32,0,290,0.02831428680420232
deep,32,0,291,0.02835827743184579
deep,32,0,292,0.02847765844744542
deep,32,0,293,0.028483337652739908
deep,32,0,294,0.02843447320209278
deep,32,0,295,0.02825423383120059
deep,32,0,296,0.028085615327972394
deep,32,0,297,0.027984349657646033
deep,32,0,298,0.027907708796698807
deep,32,0,299,0.027990743223133864
deep,32,0,300,0.02792727187015219
deep,32,0,301,0.02798123994108687
deep,32,0,302,0.028029875639095946
deep,32,0,303,0.028001763139185457
deep,32,0,304,0.028026399154340347
deep,32,0,305,0.028191634770269897
deep,32,0,306,0.028338955164070995
deep,32,0,307,0.02854283113477659
deep,32,0,308,0.02881758993951007
deep,32,0,309,0.02910484434743547
deep,32,0,310,0.02928285220711062
deep,32,0,311,0.02948003423318741
deep,32,0,312,0.02988081941199642
deep,32,0,313,0.030171749609715262
deep,32,0,314,0.030297010063280512
deep,32,0,315,0.03045131117087376
deep,32,0,316,0.030509091576843884
deep,32,0,317,0.03063569556709705
deep,32,0,318,0.03078471934334998
deep,32,0,319,0.031020297749827685
deep,32,0,320,0.03118652999778184
deep,32,0,321,0.0312604915814358
deep,32,0,322,0.031356968861033
deep,32,0,323,0.03137828355758349
deep,32,0,324,0.03133310005345024
deep,32,0,325,0.031241813923819126
deep,32,0,326,0.03121655435182615
deep,32,0,327,0.031182395588230567
deep,32,0,328,0.031132299516953923
deep,32,0,329,0.03106106861505019
deep,32,0,330,0.030802782496697358
deep,32,0,331,0.030559375009361723
deep,32,0,332,0.030169367075538727
deep,32,0,333,0.029794316026785894
deep,32,0,334,0.02939573226450266
deep,32,0,335,0.029055522412078524
deep,32,0,336,0.02877046127440604
deep,32,0,337,0.028417604619453623
deep,32,0,338,0.028069601172704656
deep,32,0,339,0.027744125715022907
deep,32,0,340,0.0274152502354353
deep,32,0,341,0.027064158012659753
deep,32,0,342,0.026718070711301268
deep,32,0,343,0.02643326165611805
deep,32,0,344,0.026172843784814548
deep,32,0,345,0.025808743285268266
deep,32,0,346,0.025550925652684048
deep,32,0,347,0.025367729881750123
deep,32,0,348,0.025124929747335607
deep,32,0,349,0.024949526743047106
deep,32,0,350,0.024830932670244533
deep,32,0,351,0.02478694979166269
deep,32,0,352,0.024797010281161568
deep,32,0,353,0.024873382699253745
deep,32,0,354,0.024831612133795075
deep,32,0,355,0.024680264007245167
deep,32,0,356,0.024566936661242978
deep,32,0,357,0.024770546797465102
deep,32,0,358,0.0251216155151078
deep,32,0,359,0.0255460355770931
deep,32,0,360,0.025853509156446373
deep,32,0,361,0.026350579436680437
deep,32,0,362,0.02670412251115803
deep,32,0,363,0.026992845020417256
deep,32,0,364,0.027174201554464802
deep,32,0,365,0.02736598625879257
deep,32,0,366,0.027543481043947767
deep,32,0,367,0.027952361807572643
deep,32,0,368,0.02815767465718034
deep,32,0,369,0.02834326339599333
deep,32,0,370,0.028415502021125548
deep,32,0,371,0.028436477137050456
deep,32,0,372,0.028505265245970884
deep,32,0,373,0.02859471822883818
deep,32,0,374,0.028524205598092826
deep,32,0,375,0.028308714095497362
deep,32,0,376,0.02812393061927304
deep,32,0,377,0.02789045253025882
deep,32,0,378,0.027674635169586608
deep,32,0,379,0.02724361749265358
deep,32,0,380,0.026921342179380494
deep,32,0,381,0.02663324346678347
deep,32,0,382,0.026439331025977685
deep,32,0,383,0.026263792755594983
deep,32,0,384,0.026140832490684232
deep,32,0,385,0.025995427370652333
deep,32,0,386,0.025968348293815297
deep,32,0,387,0.025831769571952577
deep,32,0,388,0.02572757479792313
deep,32,0,389,0.025644700449139742
deep,32,0,390,0.0256414917493109
deep,32,0,391,0.025580549666108995
deep,32,0,392,0.025412872229043895
deep,32,0,393,0.025423911385915467
deep,32,0,394,0.025297104362240964
deep,32,0,395,0.025116884686612124
deep,32,0,396,0.024832292281795412
deep,32,0,397,0.024668775582207373
deep,32,0,398,0.024489697734550474
deep,32,0,399,0.024176558534756133
deep,32,0,400,0.024022889365571124
deep,32,1,0,1.0
deep,32,1,1,0.9714344409130682
deep,32,1,2,0.9444782960119926
deep,32,1,3,0.9190244715970906
deep,32,1,4,0.8950192890774581
deep,32,1,5,0.8720896208868746
deep,32,1,6,0.8503531862097666
deep,32,1,7,0.8294476881453318
deep,32,1,8,0.8095447622747266
deep,32,1,9,0.7905050332447828
deep,32,1,10,0.7724516651911106
deep,32,1,11,0.75520426672543
deep,32,1,12,0.7387005916568117
deep,32,1,13,0.7229806395978282
deep,32,1,14,0.7080411270324132
deep,32,1,15,0.6936989666789978
deep,32,1,16,0.6797656715410352
deep,32,1,17,0.666454605212101
deep,32,1,18,0.6535922454142481
deep,32,1,19,0.6410699502829937
deep,32,1,20,0.6291155635246
deep,32,1,21,0.617667314070171
deep,32,1,22,0.6067347320150115
deep,32,1,23,0.5961131644794618
deep,32,1,24,0.5858264199937157
deep,32,1,25,0.5758254528309862
deep,32,1,26,0.5661430773070375
deep,32,1,27,0.5568274827851891
deep,32,1,28,0.5477906506576332
deep,32,1,29,0.5389944019880648
deep,32,1,30,0.5305515822348296
deep,32,1,31,0.5224385598735477
deep,32,1,32,0.5144637040430329
deep,32,1,33,0.5066180335840474
deep,32,1,34,0.49906635539487565
deep,32,1,35,0.4916746452950581
deep,32,1,36,0.4845222156459612
deep,32,1,37,0.4776763612221171
deep,32,1,38,0.47100263269038883
deep,32,1,39,0.4645476556949957
deep,32,1,40,0.4581208147278413
deep,32,1,41,0.4518835242750411
deep,32,1,42,0.44555174744686443
deep,32,1,43,0.43909721193633855
deep,32,1,44,0.43269165695081657
deep,32,1,45,0.42639977887935276
deep,32,1,46,0.42034069260183987
deep,32,1,47,0.41427650733739535
deep,32,1,48,0.40825901214263055
deep,32,1,49,0.4023483258058426
deep,32,1,50,0.39646186542019296
deep,32,1,51,0.39060438996865204
deep,32,1,52,0.3850146183314721
deep,32,1,53,0.3796135391781844
deep,32,1,54,0.3742574848016017
deep,32,1,55,0.3690681947558726
deep,32,1,56,0.3639278500727265
deep,32,1,57,0.35899238078817314
deep,32,1,58,0.3541200876425839
deep,32,1,59,0.3493034783566587
deep,32,1,60,0.34459621955813263
deep,32,1,61,0.34007067385583056
deep,32,1,62,0.3356515013285226
deep,32,1,63,0.3311309290807319
deep,32,1,64,0.3266572865737634
deep,32,1,65,0.3224117318255801
deep,32,1,66,0.31820385854496935
deep,32,1,67,0.31409516292490763
deep,32,1,68,0.31015142770995663
deep,32,1,69,0.3062585014944619
deep,32,1,70,0.302383439817466
deep,32,1,71,0.29873823339165356
deep,32,1,72,0.2950373914430379
deep,32,1,73,0.2913222642365335
deep,32,1,74,0.2875180114615143
deep,32,1,75,0.28363060110040805
deep,32,1,76,0.27977583780783216
deep,32,1,77,0.2759493200356865
deep,32,1,78,0.2721077994177815
deep,32,1,79,0.26836638657653616
deep,32,1,80,0.2646032498781654
deep,32,1,81,0.26088340279383704
deep,32,1,82,0.2571299720351741
deep,32,1,83,0.2534712572506736
deep,32,1,84,0.2500237182329786
deep,32,1,85,0.24659344500070662
deep,32,1,86,0.24332509828136661
deep,32,1,87,0.23997740202905093
deep,32,1,88,0.23663846847275383
deep,32,1,89,0.23338710520583356
deep,32,1,90,0.23026162831327146
deep,32,1,91,0.2271263975494887
deep,32,1,92,0.22416092798343887
deep,32,1,93,0.22129787906837683
deep,32,1,94,0.2184839898717077
deep,32,1,95,0.21575486682446654
deep,32,1,96,0.2130657702785485
deep,32,1,97,0.21048856381494932
deep,32,1,98,0.20781430082564484
deep,32,1,99,0.20531593628057163
deep,32,1,100,0.2028544719904034
deep,32,1,101,0.20058719393937735
deep,32,1,102,0.19830736681771866
deep,32,1,103,0.19611730123153498
deep,32,1,104,0.19383102215452896
deep,32,1,105,0.19160563517879267
deep,32,1,106,0.18963322334255317
deep,32,1,107,0.1875354000652162
deep,32,1,108,0.1855325491291477
deep,32,1,109,0.18354677281194526
deep,32,1,110,0.18162260519214302
deep,32,1,111,0.17970954514236814
deep,32,1,112,0.17780761702327247
deep,32,1,113,0.17579799321403272
deep,32,1,114,0.1739309744135289
deep,32,1,115,0.17208754885846572
deep,32,1,116,0.17032957711456018
deep,32,1,117,0.16870463778805972
deep,32,1,118,0.16722600840434468
deep,32,1,119,0.1656737797978323
deep,32,1,120,0.16394658327310593
deep,32,1,121,0.1621832227491891
deep,32,1,122,0.16041477595978018
deep,32,1,123,0.1587397567816387
deep,32,1,124,0.15699366042704735
deep,32,1,125,0.15514423168678118
deep,32,1,126,0.15339232943347192
deep,32,1,127,0.1516625894206738
deep,32,1,128,0.149923506067598
deep,32,1,129,0.14816731513993736
deep,32,1,130,0.14636984915702508
deep,32,1,131,0.14440321508889323
deep,32,1,132,0.14239507862709
deep,32,1,133,0.14035340290859874
deep,32,1,134,0.1384600472981717
deep,32,1,135,0.13658186365365566
deep,32,1,136,0.1348934804264866
deep,32,1,137,0.13322537148933644
deep,32,1,138,0.13159464002378932
deep,32,1,139,0.12985588166566173
deep,32,1,140,0.12817655139838802
deep,32,1,141,0.1264322426076281
deep,32,1,142,0.12471321564718389
deep,32,1,143,0.12294788581047322
deep,32,1,144,0.12118680283106165
deep,32,1,145,0.11945659838058567
deep,32,1,146,0.11759670944519421
deep,32,1,147,0.11583351488271305
deep,32,1,148,0.11412965943489059
deep,32,1,149,0.1123335106356183
deep,32,1,150,0.11068598494229626
deep,32,1,151,0.10897598315605714
deep,32,1,152,0.10738230133932894
deep,32,1,153,0.1057779047507024
deep,32,1,154,0.10406959760607817
deep,32,1,155,0.1024545711081512
deep,32,1,156,0.10098621182317516
deep,32,1,157,0.099448864614626
deep,32,1,158,0.09792723036827844
deep,32,1,159,0.09646862678887595
deep,32,1,160,0.09507522323871608
deep,32,1,161,0.09383931211979832
deep,32,1,162,0.09257756738348076
deep,32,1,163,0.09136143360262992
deep,32,1,164,0.09021434976061411
deep,32,1,165,0.08918045312835045
deep,32,1,166,0.08822037372666522
deep,32,1,167,0.08730009662033061
deep,32,1,168,0.08656358125254576
deep,32,1,169,0.08598195833032267
deep,32,1,170,0.08526977597576473
deep,32,1,171,0.08456965649274047
deep,32,1,172,0.08386778637044427
deep,32,1,173,0.08324688419028319
deep,32,1,174,0.0826548614159972
deep,32,1,175,0.08200075312612666
deep,32,1,176,0.08127720723897397
deep,32,1,177,0.08048032037419912
deep,32,1,178,0.07979171741926283
deep,32,1,179,0.07918234856901878
deep,32,1,180,0.0784734465767834
deep,32,1,181,0.0776761422953578
deep,32,1,182,0.07676442809009977
deep,32,1,183,0.07591659443950917
deep,32,1,184,0.07506932853608567
deep,32,1,185,0.07429170257317484
deep,32,1,186,0.07359539071995135
deep,32,1,187,0.07291894193405168
deep,32,1,188,0.07241120589444844
deep,32,1,189,0.07189007048858732
deep,32,1,190,0.07137130476067918
deep,32,1,191,0.07083257553929442
deep,32,1,192,0.07035884454828394
deep,32,1,193,0.06977837998772882
deep,32,1,194,0.06922914468524552
deep,32,1,195,0.068714937779008
deep,32,1,196,0.06822914378194658
deep,32,1,197,0.06764292679491046
deep,32,1,198,0.0671698708821876
deep,32,1,199,0.06668749727357184
deep,32,1,200,0.06629262124782653
deep,32,1,201,0.06575125183563102
deep,32,1,202,0.06521587317659265
deep,32,1,203,0.06475318423905954
deep,32,1,204,0.06444608586651858
deep,32,1,205,0.06406606280585482
deep,32,1,206,0.06383105973162889
deep,32,1,207,0.06359103118019965
deep,32,1,208,0.0633292854861178
deep,32,1,209,0.06306285798430661
deep,32,1,210,0.06259338076122302
deep,32,1,211,0.06215459909487185
deep,32,1,212,0.061722835312402455
deep,32,1,213,0.061229256588848216
deep,32,1,214,0.06083728329626492
deep,32,1,215,0.06026762601517296
deep,32,1,216,0.0597613346688531
deep,32,1,217,0.05928762889290392
deep,32,1,218,0.05895747484759965
deep,32,1,219,0.05853505858117578
deep,32,1,220,0.058149912721675114
deep,32,1,221,0.05772323000620759
deep,32,1,222,0.057358845156014374
deep,32,1,223,0.056908858942703464
deep,32,1,224,0.056538020288125795
deep,32,1,225,0.05618000931229271
deep,32,1,226,0.0557885433385926
deep,32,1,227,0.05540207300065559
deep,32,1,228,0.055025303603869896
deep,32,1,229,0.054733952115390685
deep,32,1,230,0.0545378743147739
deep,32,1,231,0.054285504654340844
deep,32,1,232,0.054100797359870965
deep,32,1,233,0.05392078773988753
deep,32,1,234,0.05360154911381386
deep,32,1,235,0.05323688830280135
deep,32,1,236,0.052870329511647766
deep,32,1,237,0.05244882472668892
deep,32,1,238,0.0518653413344695
deep,32,1,239,0.051462173795893795
deep,32,1,240,0.05115001215628754
deep,32,1,241,0.050881462785431084
deep,32,1,242,0.05055870688441274
deep,32,1,243,0.050248440532290446
deep,32,1,244,0.049829708673877364
deep,32,1,245,0.04939540740134643
deep,32,1,246,0.04895290868101487
deep,32,1,247,0.04857604164298371
deep,32,1,248,0.04837803666173068
deep,32,1,249,0.0482548217200608
deep,32,1,250,0.047902091143287896
deep,32,1,251,0.04769233620646719
deep,32,1,252,0.04751204607839567
deep,32,1,253,0.04734218546182136
deep,32,1,254,0.047193845756914654
deep,32,1,255,0.047111350338353196
deep,32,1,256,0.0469686183003873
deep,32,1,257,0.046726737620565915
deep,32,1,258,0.046347510238278496
deep,32,1,259,0.045892234363953906
deep,32,1,260,0.04553761831094623
deep,32,1,261,0.04513419764349541
deep,32,1,262,0.044693435803090285
deep,32,1,263,0.044151220085512914
deep,32,1,264,0.043600284485022456
deep,32,1,265,0.04292496350679187
deep,32,1,266,0.042387689678890485
deep,32,1,267,0.041809450709819236
deep,32,1,268,0.04116352578302073
deep,32,1,269,0.040583688191281296
deep,32,1,270,0.040016996150888495
deep,32,1,271,0.039374387140713826
deep,32,1,272,0.03879527257807209
deep,32,1,273,0.03825912320100999
deep,32,1,274,0.03763030992363257
deep,32,1,275,0.037238202040970746
deep,32,1,276,0.036922712635152115
deep,32,1,277,0.036618154368764644
deep,32,1,278,0.03628424686077614
deep,32,1,279,0.035889627906000865
deep,32,1,280,0.03567360137655202
deep,32,1,281,0.035295947576035346
deep,32,1,282,0.035085051703077255
deep,32,1,283,0.034957663198276194
deep,32,1,284,0.034849195839831155
deep,32,1,285,0.03477622816436106
deep,32,1,286,0.0346344433436692
deep,32,1,287,0.034507276284049364
deep,32,1,288,0.03440646787776115
deep,32,1,289,0.03434307988181821
deep,32,1,290,0.03401606609112361
deep,32,1,291,0.03376627809865279
deep,32,1,292,0.03348961637330482
deep,32,1,293,0.03312654412437306
deep,32,1,294,0.0329363110591113
deep,32,1,295,0.03288146440701606
deep,32,1,296,0.03279338711045942
deep,32,1,297,0.03275001602828058
deep,32,1,298,0.032683858428379106
deep,32,1,299,0.03261685582691626
deep,32,1,300,0.03246544390146381
deep,32,1,301,0.0323822911919692
deep,32,1,302,0.03219336445322891
deep,32,1,303,0.031929917571376414
deep,32,1,304,0.03169230449241381
deep,32,1,305,0.03141324284566052
deep,32,1,306,0.031217063708642356
deep,32,1,307,0.030963869171314967
deep,32,1,308,0.030661329658352564
deep,32,1,309,0.030289713639213497
deep,32,1,310,0.03004492973995628
deep,32,1,311,0.029661603372296123
deep,32,1,312,0.029262247737314104
deep,32,1,313,0.02872585572951067
deep,32,1,314,0.02812006335398929
deep,32,1,315,0.027488231383877373
deep,32,1,316,0.026892368712778926
deep,32,1,317,0.026267114853419548
deep,32,1,318,0.02578274802754977
deep,32,1,319,0.025278053487255255
deep,32,1,320,0.024736514719808235
deep,32,1,321,0.024110310900646196
deep,32,1,322,0.02340474961069371
deep,32,1,323,0.022807536299394842
deep,32,1,324,0.022163483055715145
deep,32,1,325,0.02147124091224449
deep,32,1,326,0.020723179830625
deep,32,1,327,0.020100596615053975
deep,32,1,328,0.019451217475623152
deep,32,1,329,0.018848405990120397
deep,32,1,330,0.01816424901479893
deep,32,1,331,0.017440991036849023
deep,32,1,332,0.016875853218467615
deep,32,1,333,0.016268961831432435
deep,32,1,334,0.015726474076755072
deep,32,1,335,0.01536031015622502
deep,32,1,336,0.01489951083238267
deep,32,1,337,0.014331719811036373
deep,32,1,338,0.0137876708956324
deep,32,1,339,0.013321943072881537
deep,32,1,340,0.012876029057443089
deep,32,1,341,0.01235943463971101
deep,32,1,342,0.011855773542567156
deep,32,1,343,0.01138493257539104
deep,32,1,344,0.010821200158285782
deep,32,1,345,0.010238254051894116
deep,32,1,346,0.009756602091450062
deep,32,1,347,0.009297840856317524
deep,32,1,348,0.008840845245515365
deep,32,1,349,0.008432615790744008
deep,32,1,350,0.007896055374536363
deep,32,1,351,0.0073703337693646585
deep,32,1,352,0.007009543592977157
deep,32,1,353,0.006621942483005273
deep,32,1,354,0.006201364368607639
deep,32,1,355,0.0057415897212686326
deep,32,1,356,0.005342830634388096
deep,32,1,357,0.004971252584752802
deep,32,1,358,0.004631351088252635
deep,32,1,359,0.004185866259096677
deep,32,1,360,0.0037904441043738685
deep,32,1,361,0.0033224152509649827
deep,32,1,362,0.0030360092995842325
deep,32,1,363,0.0026898031709563113
deep,32,1,364,0.0023695800263559296
deep,32,1,365,0.001977602653093243
deep,32,1,366,0.001684782323516589
deep,32,1,367,0.0015333213025578453
deep,32,1,368,0.0014408823387225835
deep,32,1,369,0.0013857848506788695
deep,32,1,370,0.0012160058813267473
deep,32,1,371,0.001071211867382983
deep,32,1,372,0.0010002518428761078
deep,32,1,373,0.001055481579715738
deep,32,1,374,0.0012174989859131979
deep,32,1,375,0.0012963962168859957
deep,32,1,376,0.0014810274022297805
deep,32,1,377,0.001770587985946993
deep,32,1,378,0.0020779970267260804
deep,32,1,379,0.002482310735855979
deep,32,1,380,0.0028474369398849286
deep,32,1,381,0.0032033514044260665
deep,32,1,382,0.0036124152309630294
deep,32,1,383,0.00382748562414099
deep,32,1,384,0.00402460270630075
deep,32,1,385,0.0041661828070338365
deep,32,1,386,0.00418637574795203
deep,32,1,387,0.004165622113151983
deep,32,1,388,0.004066694502904363
deep,32,1,389,0.0039419754599636925
deep,32,1,390,0.003864566269239696
deep,32,1,391,0.003879317411704121
deep,32,1,392,0.0038428385982254977
deep,32,1,393,0.003862681640678357
deep,32,1,394,0.0037883897092170498
deep,32,1,395,0.0038006210250118204
deep,32,1,396,0.003760389963294705
deep,32,1,397,0.0038058922480660724
deep,32,1,398,0.0038073525099378996
deep,32,1,399,0.003711392564277298
deep,32,1,400,0.003631583513969503
deep,32,2,0,1.0
deep,32,2,1,0.9690344265357705
deep,32,2,2,0.9399679940158667
deep,32,2,3,0.9126588932918667
deep,32,2,4,0.8866870881343318
deep,32,2,5,0.8621061933618112
deep,32,2,6,0.8391986913610372
deep,32,2,7,0.8174725736037751
deep,32,2,8,0.7971152007743989
deep,32,2,9,0.7776889796666482
deep,32,2,10,0.7592645665714608
deep,32,2,11,0.7417128357178528
deep,32,2,12,0.7249852461341282
deep,32,2,13,0.708751586992481
deep,32,2,14,0.6933418301889342
deep,32,2,15,0.6786274848952922
deep,32,2,16,0.6645346097195098
deep,32,2,17,0.6510644398090448
deep,32,2,18,0.6382885935326128
deep,32,2,19,0.6260502498826647
deep,32,2,20,0.614226511201254
deep,32,2,21,0.6026974172452106
deep,32,2,22,0.5915078339815824
deep,32,2,23,0.580794042448332
deep,32,2,24,0.5703742564440533
deep,32,2,25,0.5601263360533637
deep,32,2,26,0.5500956252631778
deep,32,2,27,0.5404993076194452
deep,32,2,28,0.5311720845919468
deep,32,2,29,0.522127229379648
deep,32,2,30,0.5133722456894377
deep,32,2,31,0.504831550299123
deep,32,2,32,0.4964916009847723
deep,32,2,33,0.48840657616886896
deep,32,2,34,0.48063134368698957
deep,32,2,35,0.4729901189310767
deep,32,2,36,0.4656133465809962
deep,32,2,37,0.4584480126930255
deep,32,2,38,0.45148591030897456
deep,32,2,39,0.4445693819226077
deep,32,2,40,0.43775401187409224
deep,32,2,41,0.43088762268650765
deep,32,2,42,0.4240912039892292
deep,32,2,43,0.41734980603248717
deep,32,2,44,0.4108963965876059
deep,32,2,45,0.4046144488803841
deep,32,2,46,0.39862566580564696
deep,32,2,47,0.39257996214824076
deep,32,2,48,0.38676714343653806
deep,32,2,49,0.3809798578299292
deep,32,2,50,0.37546210853134127
deep,32,2,51,0.3702373569816351
deep,32,2,52,0.3651179614954701
deep,32,2,53,0.3602749019729583
deep,32,2,54,0.35555686654633
deep,32,2,55,0.3508603403738928
deep,32,2,56,0.3462373775620069
deep,32,2,57,0.34169981830373874
deep,32,2,58,0.33729901982285304
deep,32,2,59,0.3329452643010524
deep,32,2,60,0.32863205600395734
deep,32,2,61,0.32434783755361996
deep,32,2,62,0.32010550635692525
deep,32,2,63,0.31581297871342495
deep,32,2,64,0.31154874675002736
deep,32,2,65,0.3072381229545901
deep,32,2,66,0.30308211701408505
deep,32,2,67,0.2989457681847958
deep,32,2,68,0.2948149612081123
deep,32,2,69,0.2906706118049174
deep,32,2,70,0.28669723911540634
deep,32,2,71,0.28263189372166386
deep,32,2,72,0.27856245179333555
deep,32,2,73,0.2748313857386806
deep,32,2,74,0.27107947746582445
deep,32,2,75,0.2675167037436782
deep,32,2,76,0.26408081357436364
deep,32,2,77,0.2606260728544661
deep,32,2,78,0.25710715579685595
deep,32,2,79,0.253723310667018
deep,32,2,80,0.25043947220398255
deep,32,2,81,0.24729537318721817
deep,32,2,82,0.24401465467468014
deep,32,2,83,0.240874256097271
deep,32,2,84,0.23780826775883004
deep,32,2,85,0.23492814302276635
deep,32,2,86,0.2320237221687725
deep,32,2,87,0.22900176276279782
deep,32,2,88,0.226140568962264
deep,32,2,89,0.22346824796116863
deep,32,2,90,0.2207954365538501
deep,32,2,91,0.2182532135497696
deep,32,2,92,0.21559514851366346
deep,32,2,93,0.2129634927721856
deep,32,2,94,0.2102272345697192
deep,32,2,95,0.20745442055762947
deep,32,2,96,0.20474331387902284
deep,32,2,97,0.20204059369554134
deep,32,2,98,0.19950314858075024
deep,32,2,99,0.19701249235378895
deep,32,2,100,0.19463712271487243
deep,32,2,101,0.19227076150167294
deep,32,2,102,0.19001935912755535
deep,32,2,103,0.1877406412482257
deep,32,2,104,0.1855283776360064
deep,32,2,105,0.1832439451164143
deep,32,2,106,0.1809908325351906
deep,32,2,107,0.17873512484161466
deep,32,2,108,0.17656418575576543
deep,32,2,109,0.1743880438211517
deep,32,2,110,0.17238756119098764
deep,32,2,111,0.1704496292978263
deep,32,2,112,0.16843248817993545
deep,32,2,113,0.16646030158225092
deep,32,2,114,0.16447562884592026
deep,32,2,115,0.1626433221266549
deep,32,2,116,0.160739794046959
deep,32,2,117,0.15875603653370454
deep,32,2,118,0.15691577123007974
deep,32,2,119,0.15503607832023053
deep,32,2,120,0.15315686421091504
deep,32,2,121,0.151409350464361
deep,32,2,122,0.14969053344459562
deep,32,2,123,0.14800377270352266
deep,32,2,124,0.14637553753467897
deep,32,2,125,0.1447324377693002
deep,32,2,126,0.14294176918639026
deep,32,2,127,0.14120730591565123
deep,32,2,128,0.13960753021805228
deep,32,2,129,0.13790923111573894
deep,32,2,130,0.13616230661020268
deep,32,2,131,0.13454000129043966
deep,32,2,132,0.13284363403447486
deep,32,2,133,0.13111688406151706
deep,32,2,134,0.12924103908315987
deep,32,2,135,0.12747146457655326
deep,32,2,136,0.12570017989146784
deep,32,2,137,0.12409713164377584
deep,32,2,138,0.12265874807024449
deep,32,2,139,0.12124805942933907
deep,32,2,140,0.11991366616489837
deep,32,2,141,0.11856427106644574
deep,32,2,142,0.11716017046761357
deep,32,2,143,0.1157543703388191
deep,32,2,144,0.11447381319726423
deep,32,2,145,0.1132373037387438
deep,32,2,146,0.11216696904856169
deep,32,2,147,0.11113664185609183
deep,32,2,148,0.1099409497446949
deep,32,2,149,0.10870919809242276
deep,32,2,150,0.10757737889751229
deep,32,2,151,0.10633599306711562
deep,32,2,152,0.10502809024886121
deep,32,2,153,0.10362747574677947
deep,32,2,154,0.102337060512919
deep,32,2,155,0.10116705608811342
deep,32,2,156,0.10008584199684739
deep,32,2,157,0.09909881548795078
deep,32,2,158,0.09824513728017467
deep,32,2,159,0.09718725105150408
deep,32,2,160,0.0960592118467968
deep,32,2,161,0.09501668245961106
deep,32,2,162,0.09403596794248133
deep,32,2,163,0.09298107807969115
deep,32,2,164,0.09201952405726195
deep,32,2,165,0.09115807915701207
deep,32,2,166,0.09027425168994797
deep,32,2,167,0.08938977649819306
deep,32,2,168,0.0885149417407207
deep,32,2,169,0.08768264900342003
deep,32,2,170,0.08689913814786361
deep,32,2,171,0.08604513246861017
deep,32,2,172,0.0851967329363121
deep,32,2,173,0.08435767309558641
deep,32,2,174,0.08349768299351752
deep,32,2,175,0.08271780624565497
deep,32,2,176,0.0820668232070393
deep,32,2,177,0.08123345994916971
deep,32,2,178,0.08025629786957261
deep,32,2,179,0.07941711151179555
deep,32,2,180,0.07872414563797751
deep,32,2,181,0.07805236725323701
deep,32,2,182,0.07730529778723556
deep,32,2,183,0.07644047143287157
deep,32,2,184,0.07561787899266949
deep,32,2,185,0.07492689806678061
deep,32,2,186,0.07424518786134861
deep,32,2,187,0.073562145006043
deep,32,2,188,0.07287098866156431
deep,32,2,189,0.0721988357960495
deep,32,2,190,0.07153988193806171
deep,32,2,191,0.07082133471661176
deep,32,2,192,0.070009953594876
deep,32,2,193,0.06924459737541035
deep,32,2,194,0.06858314864975902
deep,32,2,195,0.06800955632231387
deep,32,2,196,0.06732912871491552
deep,32,2,197,0.06668149264122958
deep,32,2,198,0.06613305439523935
deep,32,2,199,0.06560971080717914
deep,32,2,200,0.06501735056693825
deep,32,2,201,0.0644692304103497
deep,32,2,202,0.06396180430443082
deep,32,2,203,0.06350642203217044
deep,32,2,204,0.06285101512127211
deep,32,2,205,0.06223043968279442
deep,32,2,206,0.0616300574174051
deep,32,2,207,0.06103745808258676
deep,32,2,208,0.060324855812639105
deep,32,2,209,0.05967041109941475
deep,32,2,210,0.05887862576081236
deep,32,2,211,0.05783687459567
deep,32,2,212,0.056833724856498374
deep,32,2,213,0.05589294382793487
deep,32,2,214,0.05513199121498202
deep,32,2,215,0.05425072544451829
deep,32,2,216,0.05334067632817747
deep,32,2,217,0.052340538877957504
deep,32,2,218,0.05138271127708376
deep,32,2,219,0.05067772791521407
deep,32,2,220,0.05002926981805185
deep,32,2,221,0.049431591105048085
deep,32,2,222,0.04883777402656264
deep,32,2,223,0.0482731207036606
deep,32,2,224,0.04784589028252931
deep,32,2,225,0.047278450442992836
deep,32,2,226,0.04668013745391567
deep,32,2,227,0.046150921356382796
deep,32,2,228,0.04553024606812885
deep,32,2,229,0.04494157658222213
deep,32,2,230,0.04430541555282391
deep,32,2,231,0.04375890536658658
deep,32,2,232,0.0432606119905338
deep,32,2,233,0.04270760602586866
deep,32,2,234,0.0422107162221468
deep,32,2,235,0.0417592212023879
deep,32,2,236,0.041374410524292235
deep,32,2,237,0.04125549747071716
deep,32,2,238,0.04111969483626057
deep,32,2,239,0.04093343842113041
deep,32,2,240,0.04070674067386066
deep,32,2,241,0.0403050163188193
deep,32,2,242,0.03986376257416753
deep,32,2,243,0.03941259972114796
deep,32,2,244,0.038911067838263966
deep,32,2,245,0.038526450164093146
deep,32,2,246,0.03801869492622986
deep,32,2,247,0.03763963897744144
deep,32,2,248,0.03722919194594215
deep,32,2,249,0.03668720483676837
deep,32,2,250,0.036167524801805725
deep,32,2,251,0.03562004957807035
deep,32,2,252,0.03502168110564292
deep,32,2,253,0.03449903967167802
deep,32,2,254,0.03402010483506633
deep,32,2,255,0.03353631462887012
deep,32,2,256,0.03309062154156631
deep,32,2,257,0.03264635663860708
deep,32,2,258,0.03211336491276092
deep,32,2,259,0.031626069807134456
deep,32,2,260,0.03129509574827803
deep,32,2,261,0.03094670885354238
deep,32,2,262,0.030751518736421055
deep,32,2,263,0.030634542106460876
deep,32,2,264,0.030442974369500723
deep,32,2,265,0.030240853758936016
deep,32,2,266,0.03006996986586448
deep,32,2,267,0.029947707619596843
deep,32,2,268,0.029697498837930932
deep,32,2,269,0.02942435138452266
deep,32,2,270,0.029193506837339046
deep,32,2,271,0.029047300642013454
deep,32,2,272,0.02883841902645092
deep,32,2,273,0.028672499361444375
deep,32,2,274,0.028439012921982504
deep,32,2,275,0.02826299218290687
deep,32,2,276,0.028105318678932057
deep,32,2,277,0.02801836744212688
deep,32,2,278,0.027810124432372865
deep,32,2,279,0.027605026011226896
deep,32,2,280,0.027458999875745203
deep,32,2,281,0.027339084148301468
deep,32,2,282,0.02720583794344378
deep,32,2,283,0.027087810980956643
deep,32,2,284,0.026855169843507484
deep,32,2,285,0.026581587341182596
deep,32,2,286,0.026442413479029286
deep,32,2,287,0.026354497141051758
deep,32,2,288,0.026288929804488284
deep,32,2,289,0.026172172797195005
deep,32,2,290,0.025949879394495973
deep,32,2,291,0.025616642772251615
deep,32,2,292,0.02516706593118771
deep,32,2,293,0.02469376198253292
deep,32,2,294,0.02424068681975945
deep,32,2,295,0.023979925289193613
deep,32,2,296,0.023691938489938717
deep,32,2,297,0.02362563298071426
deep,32,2,298,0.02350367838515519
deep,32,2,299,0.023349963538150196
deep,32,2,300,0.023165600304567376
deep,32,2,301,0.022897914617594765
deep,32,2,302,0.022742925084206993
deep,32,2,303,0.02258222519102799
deep,32,2,304,0.022363136528297224
deep,32,2,305,0.02212220950323309
deep,32,2,306,0.02191897674132662
deep,32,2,307,0.021697249488119286
deep,32,2,308,0.021401730643447442
deep,32,2,309,0.020958415899392794
deep,32,2,310,0.020610239182995715
deep,32,2,311,0.020297604599471712
deep,32,2,312,0.02010533698377899
deep,32,2,313,0.01996048701655114
deep,32,2,314,0.019782338967766384
deep,32,2,315,0.019823908806788557
deep,32,2,316,0.01975793804632229
deep,32,2,317,0.019593611567331626
deep,32,2,318,0.019362488074916893
deep,32,2,319,0.01905422053923069
deep,32,2,320,0.018783125393577127
deep,32,2,321,0.018568768087301367
deep,32,2,322,0.01833667765671044
deep,32,2,323,0.018303329795242074
deep,32,2,324,0.01828888773438659
deep,32,2,325,0.018323372880988804
deep,32,2,326,0.018215240243289233
deep,32,2,327,0.01804179995333771
deep,32,2,328,0.0178598690941716
deep,32,2,329,0.017609686837588734
deep,32,2,330,0.01725667023085005
deep,32,2,331,0.016867833712315504
deep,32,2,332,0.01656139810740542
deep,32,2,333,0.016090074999659056
deep,32,2,334,0.015555701576229196
deep,32,2,335,0.01511943636211539
deep,32,2,336,0.014732493219611592
deep,32,2,337,0.01443529717157574
deep,32,2,338,0.01416394600036127
deep,32,2,339,0.013955794871992229
deep,32,2,340,0.01376177010308208
deep,32,2,341,0.013531034576173263
deep,32,2,342,0.013419776338166052
deep,32,2,343,0.013375127561203431
deep,32,2,344,0.013344526265792724
deep,32,2,345,0.01330121054826926
deep,32,2,346,0.013132761389885898
deep,32,2,347,0.013002439290019456
deep,32,2,348,0.01287614817803475
deep,32,2,349,0.012792311242579525
deep,32,2,350,0.012688228498160894
deep,32,2,351,0.012726295670547626
deep,32,2,352,0.012621950377796539
deep,32,2,353,0.012727176248955144
deep,32,2,354,0.012881617453937875
deep,32,2,355,0.013084889044050214
deep,32,2,356,0.013178391549099862
deep,32,2,357,0.013316849800305874
deep,32,2,358,0.013458523640849766
deep,32,2,359,0.01368305981033915
deep,32,2,360,0.013975035530755969
deep,32,2,361,0.01429622028360224
deep,32,2,362,0.014661587231355133
deep,32,2,363,0.015085217454959037
deep,32,2,364,0.015461233493204619
deep,32,2,365,0.01576669421355862
deep,32,2,366,0.015995042901629182
deep,32,2,367,0.01628574183257082
deep,32,2,368,0.016492619683736144
deep,32,2,369,0.01675482262620854
deep,32,2,370,0.016859054185694146
deep,32,2,371,0.016898355736188336
deep,32,2,372,0.01687694584422059
deep,32,2,373,0.01691199586044041
deep,32,2,374,0.016749907918165136
deep,32,2,375,0.01654206001607867
deep,32,2,376,0.016131075984698977
deep,32,2,377,0.015825579642149624
deep,32,2,378,0.015551790467455773
deep,32,2,379,0.015351004536215618
deep,32,2,380,0.01529984005471512
deep,32,2,381,0.015313056294994175
deep,32,2,382,0.015403974750923302
deep,32,2,383,0.015389969549317779
deep,32,2,384,0.015326862000036811
deep,32,2,385,0.015257995740088324
deep,32,2,386,0.015166986007125901
deep,32,2,387,0.01508746849393316
deep,32,2,388,0.015135714219279006
deep,32,2,389,0.015319692554805767
deep,32,2,390,0.015517129399069912
deep,32,2,391,0.015576381274688474
deep,32,2,392,0.015514224878619904
deep,32,2,393,0.015546963411973303
deep,32,2,394,0.01560552759405783
deep,32,2,395,0.015641585366565285
deep,32,2,396,0.015768174259814745
deep,32,2,397,0.0159759101811543
deep,32,2,398,0.01608338264463172
deep,32,2,399,0.016238386589573883
deep,32,2,400,0.016211042460029714
deep,64,0,0,1.0
deep,64,0,1,0.963376093936102
deep,64,0,2,0.9289974189617595
deep,64,0,3,0.8966363907839057
deep,64,0,4,0.8659494456095607
deep,64,0,5,0.8369932798986166
deep,64,0,6,0.8095122087868032
deep,64,0,7,0.783469927161334
deep,64,0,8,0.7589238248068871
deep,64,0,9,0.7355998173016534
deep,64,0,10,0.7135753595032264
deep,64,0,11,0.69260063062476
deep,64,0,12,0.672673707143954
deep,64,0,13,0.6537331230543119
deep,64,0,14,0.6354663523467494
deep,64,0,15,0.617988966787024
deep,64,0,16,0.6012220426169534
deep,64,0,17,0.585016897180098
deep,64,0,18,0.5694700691900287
deep,64,0,19,0.5545992042833876
deep,64,0,20,0.5402781643402438
deep,64,0,21,0.5262712818466617
deep,64,0,22,0.512763857842845
deep,64,0,23,0.4997189458144826
deep,64,0,24,0.4871481410387126
deep,64,0,25,0.474816085882283
deep,64,0,26,0.4629134170687766
deep,64,0,27,0.4513585412539498
deep,64,0,28,0.4401239390216767
deep,64,0,29,0.42903878826658837
deep,64,0,30,0.4183847603335352
deep,64,0,31,0.4080488352372343
deep,64,0,32,0.3980799817425279
deep,64,0,33,0.38865176243271427
deep,64,0,34,0.3796814100275892
deep,64,0,35,0.3708469305771009
deep,64,0,36,0.3622556644061029
deep,64,0,37,0.3537309780755685
deep,64,0,38,0.34569855472367544
deep,64,0,39,0.33792818270505964
deep,64,0,40,0.3304155527279283
deep,64,0,41,0.32334426721354476
deep,64,0,42,0.3165277157025465
deep,64,0,43,0.30991570908003874
deep,64,0,44,0.303488499313048
deep,64,0,45,0.2973416627870249
deep,64,0,46,0.291593190373096
deep,64,0,47,0.28577568641773177
deep,64,0,48,0.2800075733059443
deep,64,0,49,0.27442647012814925
deep,64,0,50,0.26887730312844405
deep,64,0,51,0.2636072289451854
deep,64,0,52,0.2586702044040062
deep,64,0,53,0.2540018499180359
deep,64,0,54,0.24951419496302657
deep,64,0,55,0.24511307541476807
deep,64,0,56,0.24078386671523505
deep,64,0,57,0.23665368579962062
deep,64,0,58,0.23269067573123858
deep,64,0,59,0.22874815121156505
deep,64,0,60,0.22494359255224883
deep,64,0,61,0.22118691039292215
deep,64,0,62,0.2174275675495472
deep,64,0,63,0.21398920796085408
deep,64,0,64,0.21044282982891005
deep,64,0,65,0.20697244555155642
deep,64,0,66,0.2036928908016325
deep,64,0,67,0.20048566392406572
deep,64,0,68,0.1974442412032933
deep,64,0,69,0.19432537546660666
deep,64,0,70,0.1915049138361794
deep,64,0,71,0.18862296429214914
deep,64,0,72,0.1858406380392802
deep,64,0,73,0.18330696899861018
deep,64,0,74,0.18072581890671974
deep,64,0,75,0.17823081437229749
deep,64,0,76,0.17574145337182928
deep,64,0,77,0.17335995396326376
deep,64,0,78,0.17091909021250173
deep,64,0,79,0.168531748676856
deep,64,0,80,0.16631293130418962
deep,64,0,81,0.16412942908274783
deep,64,0,82,0.16204517299655571
deep,64,0,83,0.16000883602166102
deep,64,0,84,0.15795555431650382
deep,64,0,85,0.15598700234318935
deep,64,0,86,0.15417037401252912
deep,64,0,87,0.152341306462639
deep,64,0,88,0.15051535764405166
deep,64,0,89,0.14848229606616084
deep,64,0,90,0.1467172366955674
deep,64,0,91,0.14502259888929792
deep,64,0,92,0.14345772263496015
deep,64,0,93,0.14185804128969004
deep,64,0,94,0.1401947500799479
deep,64,0,95,0.1384190435467904
deep,64,0,96,0.13661343464712047
deep,64,0,97,0.13470277031021058
deep,64,0,98,0.13274522318498197
deep,64,0,99,0.13095657305957725
deep,64,0,100,0.12915070633272768
deep,64,0,101,0.12740605754151033
deep,64,0,102,0.12548844623853747
deep,64,0,103,0.12356498889149539
deep,64,0,104,0.12166815199808098
deep,64,0,105,0.11960677627918948
deep,64,0,106,0.11755465781320051
deep,64,0,107,0.11564882527822573
deep,64,0,108,0.11395543304507964
deep,64,0,109,0.11226499728259179
deep,64,0,110,0.11089939724766504
deep,64,0,111,0.10973234086988001
deep,64,0,112,0.10856449216577864
deep,64,0,113,0.10744735575487951
deep,64,0,114,0.10602404117340002
deep,64,0,115,0.1045119772290604
deep,64,0,116,0.10305589370589613
deep,64,0,117,0.10180097726281673
deep,64,0,118,0.10054924340674117
deep,64,0,119,0.09934573536346865
deep,64,0,120,0.09826943821773465
deep,64,0,121,0.09720667048847295
deep,64,0,122,0.09604785444990607
deep,64,0,123,0.0949328883948619
deep,64,0,124,0.0937399543782775
deep,64,0,125,0.09253558867675728
deep,64,0,126,0.09128762153746607
deep,64,0,127,0.0900680447191236
deep,64,0,128,0.08898521128866782
deep,64,0,129,0.08792065324275423
deep,64,0,130,0.08678653516641317
deep,64,0,131,0.08561878282577945
deep,64,0,132,0.0842914572792507
deep,64,0,133,0.08295642572283538
deep,64,0,134,0.08160500896992075
deep,64,0,135,0.08045462642352637
deep,64,0,136,0.0793308604255702
deep,64,0,137,0.07835929479439746
deep,64,0,138,0.0774564295812448
deep,64,0,139,0.07647928035830022
deep,64,0,140,0.07553853919400062
deep,64,0,141,0.07456082315123681
deep,64,0,142,0.0737154265418627
deep,64,0,143,0.07274478643067045
deep,64,0,144,0.07183103479770665
deep,64,0,145,0.07084228195438269
deep,64,0,146,0.06987783814414487
deep,64,0,147,0.06887082937613398
deep,64,0,148,0.06820433317155694
deep,64,0,149,0.06781509847606625
deep,64,0,150,0.06757879687009596
deep,64,0,151,0.06729303076966117
deep,64,0,152,0.0670684448158517
deep,64,0,153,0.06684707170400073
deep,64,0,154,0.06651468444590501
deep,64,0,155,0.06614078330419725
deep,64,0,156,0.06583037604295766
deep,64,0,157,0.06544294119927971
deep,64,0,158,0.06505474266791253
deep,64,0,159,0.06466264765987005
deep,64,0,160,0.06410821297905184
deep,64,0,161,0.0637151409326828
deep,64,0,162,0.06329869108578172
deep,64,0,163,0.06287878473240839
deep,64,0,164,0.06227158469129894
deep,64,0,165,0.061710194450511215
deep,64,0,166,0.061149912350721175
deep,64,0,167,0.06064319815501879
deep,64,0,168,0.06003843218412232
deep,64,0,169,0.05947296413791638
deep,64,0,170,0.05893680439926626
deep,64,0,171,0.05828760905508283
deep,64,0,172,0.05760108844906036
deep,64,0,173,0.05696268075744469
deep,64,0,174,0.05630679235715269
deep,64,0,175,0.05578838616494105
deep,64,0,176,0.05534229488639649
deep,64,0,177,0.05514101148417916
deep,64,0,178,0.054905358437993906
deep,64,0,179,0.054580066266210474
deep,64,0,180,0.05399670314698958
deep,64,0,181,0.05349226365762978
deep,64,0,182,0.05301626836374643
deep,64,0,183,0.05252485448625329
deep,64,0,184,0.05194555036088021
deep,64,0,185,0.05127045663529952
deep,64,0,186,0.050344276582173025
deep,64,0,187,0.049600588438270296
deep,64,0,188,0.04865240327089051
deep,64,0,189,0.04768681690101942
deep,64,0,190,0.046635128020107885
deep,64,0,191,0.04572603569794926
deep,64,0,192,0.044886762983743125
deep,64,0,193,0.0441004491118756
deep,64,0,194,0.04356641517161171
deep,64,0,195,0.043017662399107065
deep,64,0,196,0.042521201004146525
deep,64,0,197,0.04189531504482823
deep,64,0,198,0.041239601649135975
deep,64,0,199,0.040486630350823206
deep,64,0,200,0.03975332385438981
deep,64,0,201,0.039047045206074785
deep,64,0,202,0.038380938032105516
deep,64,0,203,0.037777210654412585
deep,64,0,204,0.03743217600826056
deep,64,0,205,0.03687585870511886
deep,64,0,206,0.0363377589020897
deep,64,0,207,0.03590926987148942
deep,64,0,208,0.035574185808961566
deep,64,0,209,0.035311818520492436
deep,64,0,210,0.034963800710943606
deep,64,0,211,0.034582910881924216
deep,64,0,212,0.034093543814072244
deep,64,0,213,0.03382624740799698
deep,64,0,214,0.03336380357063048
deep,64,0,215,0.03270446811889024
deep,64,0,216,0.03207948370240618
deep,64,0,217,0.03147332883060523
deep,64,0,218,0.030895752071345105
deep,64,0,219,0.03026235799304209
deep,64,0,220,0.02971169704731775
deep,64,0,221,0.02909502478097314
deep,64,0,222,0.0286439466648744
deep,64,0,223,0.02848069692368211
deep,64,0,224,0.028223592942918672
deep,64,0,225,0.027949416900582023
deep,64,0,226,0.02760314962246016
deep,64,0,227,0.02730454097740005
deep,64,0,228,0.027012994808937082
deep,64,0,229,0.026671524733585108
deep,64,0,230,0.02654638507860436
deep,64,0,231,0.026579446076158586
deep,64,0,232,0.026388788046129957
deep,64,0,233,0.02638050664190315
deep,64,0,234,0.026202221517641105
deep,64,0,235,0.026108165392656597
deep,64,0,236,0.026095535481986436
deep,64,0,237,0.02633384515848785
deep,64,0,238,0.026696117593009897
deep,64,0,239,0.026827347653744327
deep,64,0,240,0.026853724041840908
deep,64,0,241,0.026863901796527857
deep,64,0,242,0.026657196777742278
deep,64,0,243,0.026454612898140988
deep,64,0,244,0.02614477118222029
deep,64,0,245,0.025760846532225355
deep,64,0,246,0.025558570759220293
deep,64,0,247,0.025499154855908784
deep,64,0,248,0.02536395164787052
deep,64,0,249,0.025190854021275955
deep,64,0,250,0.02516521941903127
deep,64,0,251,0.025158904891109373
deep,64,0,252,0.025089184809416055
deep,64,0,253,0.025086172859659514
deep,64,0,254,0.02507023600310111
deep,64,0,255,0.02513237629278196
deep,64,0,256,0.02505980535016262
deep,64,0,257,0.02501919893727012
deep,64,0,258,0.02483063559618787
deep,64,0,259,0.02457951261467406
deep,64,0,260,0.024249476647033516
deep,64,0,261,0.023732315594527997
deep,64,0,262,0.023194831885371536
deep,64,0,263,0.022489233711078034
deep,64,0,264,0.0218415903727613
deep,64,0,265,0.02126561990791485
deep,64,0,266,0.021031145903767565
deep,64,0,267,0.02089331303492686
deep,64,0,268,0.02076369999169036
deep,64,0,269,0.020629124835166535
deep,64,0,270,0.020661280450314436
deep,64,0,271,0.02070698009750545
deep,64,0,272,0.020707489205674542
deep,64,0,273,0.020660648954669975
deep,64,0,274,0.02059763998926897
deep,64,0,275,0.020679474247070357
deep,64,0,276,0.02060089558716219
deep,64,0,277,0.020544147155306558
deep,64,0,278,0.020472942009147392
deep,64,0,279,0.0204107139781096
deep,64,0,280,0.020437992263905268
deep,64,0,281,0.020469205123464153
deep,64,0,282,0.020317829376451702
deep,64,0,283,0.020272156320492955
deep,64,0,284,0.020278749474591084
deep,64,0,285,0.020452559791116036
deep,64,0,286,0.020803406299771225
deep,64,0,287,0.02110673840375832
deep,64,0,288,0.021362139640146632
deep,64,0,289,0.021608149567771316
deep,64,0,290,0.021753555695036897
deep,64,0,291,0.02188696378212714
deep,64,0,292,0.02173599823936161
deep,64,0,293,0.02154171343966874
deep,64,0,294,0.021377930317857386
deep,64,0,295,0.021168256031539264
deep,64,0,296,0.0207808362663715
deep,64,0,297,0.020447658912088003
deep,64,0,298,0.020175630761612186
deep,64,0,299,0.019845977467006524
deep,64,0,300,0.019395637243644112
deep,64,0,301,0.018936477441408035
deep,64,0,302,0.018362855365939262
deep,64,0,303,0.017985348169047444
deep,64,0,304,0.017653287211950863
deep,64,0,305,0.017367627179028407
deep,64,0,306,0.01689763313786849
deep,64,0,307,0.016512791105469472
deep,64,0,308,0.016220883762425396
deep,64,0,309,0.01558112123827016
deep,64,0,310,0.014856280999220756
deep,64,0,311,0.014179645899041596
deep,64,0,312,0.013609373522404369
deep,64,0,313,0.012772626104662881
deep,64,0,314,0.012044398347034684
deep,64,0,315,0.011409884662576763
deep,64,0,316,0.010698369815662303
deep,64,0,317,0.009987831261767197
deep,64,0,318,0.009521583486700723
deep,64,0,319,0.009030228835427454
deep,64,0,320,0.00844019308032675
deep,64,0,321,0.00800236430128034
deep,64,0,322,0.007502292443154336
deep,64,0,323,0.0071743985479803775
deep,64,0,324,0.0067533294742997355
deep,64,0,325,0.0065739961911513815
deep,64,0,326,0.006446488630077207
deep,64,0,327,0.006427923033518697
deep,64,0,328,0.006469011902433718
deep,64,0,329,0.006568468324099812
deep,64,0,330,0.0067103758772068
deep,64,0,331,0.006906960061140119
deep,64,0,332,0.006897918609909456
deep,64,0,333,0.006870141280758989
deep,64,0,334,0.006819398007368572
deep,64,0,335,0.00685846605040357
deep,64,0,336,0.00686645949727236
deep,64,0,337,0.006795870499189178
deep,64,0,338,0.006592413260052963
deep,64,0,339,0.006436367652723295
deep,64,0,340,0.006074564737138965
deep,64,0,341,0.00569961419465289
deep,64,0,342,0.0053008333509177346
deep,64,0,343,0.005008123837380878
deep,64,0,344,0.004693134390147567
deep,64,0,345,0.004519327802651185
deep,64,0,346,0.004300428005145838
deep,64,0,347,0.00418999196247542
deep,64,0,348,0.004254574520460056
deep,64,0,349,0.004314000215372504
deep,64,0,350,0.004235335914670408
deep,64,0,351,0.004319915943840027
deep,64,0,352,0.004458016311605303
deep,64,0,353,0.004561767740653516
deep,64,0,354,0.004476763996010512
deep,64,0,355,0.004350739959706127
deep,64,0,356,0.004195488193274222
deep,64,0,357,0.003894996568945234
deep,64,0,358,0.0037404147284044753
deep,64,0,359,0.003411788511405291
deep,64,0,360,0.0030602783086467484
deep,64,0,361,0.002593406582267762
deep,64,0,362,0.0021811150420282793
deep,64,0,363,0.0019380502610101755
deep,64,0,364,0.0019118788751269836
deep,64,0,365,0.0017767556626204148
deep,64,0,366,0.0015484415362070746
deep,64,0,367,0.0013850611240050744
deep,64,0,368,0.001290740896682339
deep,64,0,369,0.001213981665811617
deep,64,0,370,0.000977035844942427
deep,64,0,371,0.0007027470275673305
deep,64,0,372,0.0004595166882754645
deep,64,0,373,0.0004088251445707068
deep,64,0,374,0.00033558969162951827
deep,64,0,375,0.0003904850654066804
deep,64,0,376,0.0006193693875874281
deep,64,0,377,0.0007732261761227285
deep,64,0,378,0.000881587333122563
deep,64,0,379,0.0010065532613201204
deep,64,0,380,0.001240177999180258
deep,64,0,381,0.0016143504221397538
deep,64,0,382,0.0020506052151300297
deep,64,0,383,0.00244425454029529
deep,64,0,384,0.0027463719891157243
deep,64,0,385,0.003170266006977247
deep,64,0,386,0.0035660469565980996
deep,64,0,387,0.0038253113031820798
deep,64,0,388,0.004040706318875395
deep,64,0,389,0.00419186438687124
deep,64,0,390,0.004299021329279737
deep,64,0,391,0.004467402052888899
deep,64,0,392,0.004593535778998801
deep,64,0,393,0.004638970758054513
deep,64,0,394,0.004697376914308658
deep,64,0,395,0.004598184691065909
deep,64,0,396,0.004621354151405038
deep,64,0,397,0.004627005822661486
deep,64,0,398,0.004546974020892381
deep,64,0,399,0.004539191806797866
deep,64,0,400,0.004396928591022256
deep,64,1,0,1.0
deep,64,1,1,0.9665822420047347
deep,64,1,2,0.9349933760864086
deep,64,1,3,0.9052349986401151
deep,64,1,4,0.8771587610695682
deep,64,1,5,0.8503693531739689
deep,64,1,6,0.8249194135427838
deep,64,1,7,0.8007608884541657
deep,64,1,8,0.777720299572197
deep,64,1,9,0.7556645316929541
deep,64,1,10,0.7345218416205953
deep,64,1,11,0.7143595062675032
deep,64,1,12,0.6949205491023535
deep,64,1,13,0.6763342533523509
deep,64,1,14,0.6586336040163477
deep,64,1,15,0.6417223685771896
deep,64,1,16,0.6255642018477401
deep,64,1,17,0.6100765956016552
deep,64,1,18,0.5950356775767593
deep,64,1,19,0.5806810116080419
deep,64,1,20,0.5668774934019782
deep,64,1,21,0.5537019967103775
deep,64,1,22,0.5409768325129064
deep,64,1,23,0.5285744600495311
deep,64,1,24,0.516518510395611
deep,64,1,25,0.5047361980614081
deep,64,1,26,0.4934225735169028
deep,64,1,27,0.4825308881991375
deep,64,1,28,0.4718637188524893
deep,64,1,29,0.4616803970278611
deep,64,1,30,0.4518323575342047
deep,64,1,31,0.44227265292463697
deep,64,1,32,0.43280266573635073
deep,64,1,33,0.4235512679093896
deep,64,1,34,0.4143968015315906
deep,64,1,35,0.4052983216663158
deep,64,1,36,0.39644857670439115
deep,64,1,37,0.3879899571818022
deep,64,1,38,0.3798282834748651
deep,64,1,39,0.3720050913089536
deep,64,1,40,0.3643815255357402
deep,64,1,41,0.3569148819785716
deep,64,1,42,0.34970549076527196
deep,64,1,43,0.34267181532618485
deep,64,1,44,0.3360145086124627
deep,64,1,45,0.3295386434549019
deep,64,1,46,0.3232139466117851
deep,64,1,47,0.31692221921834657
deep,64,1,48,0.3106152778357684
deep,64,1,49,0.30446366577237227
deep,64,1,50,0.29845040914492793
deep,64,1,51,0.2927722829937677
deep,64,1,52,0.2873714096539446
deep,64,1,53,0.28216399710196705
deep,64,1,54,0.27720280255092944
deep,64,1,55,0.27242452822441565
deep,64,1,56,0.2679593702701299
deep,64,1,57,0.26365730100735907
deep,64,1,58,0.2593338575884981
deep,64,1,59,0.25480601878020537
deep,64,1,60,0.2502357297356862
deep,64,1,61,0.24568204817016245
deep,64,1,62,0.24143390626403938
deep,64,1,63,0.23730609364569305
deep,64,1,64,0.2333042875189503
deep,64,1,65,0.22921877329354665
deep,64,1,66,0.2250115249291126
deep,64,1,67,0.221062150370644
deep,64,1,68,0.21724855506513743
deep,64,1,69,0.21370579360187328
deep,64,1,70,0.21025849128933205
deep,64,1,71,0.20685224471638836
deep,64,1,72,0.20335507278026044
deep,64,1,73,0.20004178171887882
deep,64,1,74,0.1969472423162768
deep,64,1,75,0.19400387617912318
deep,64,1,76,0.19114631843394542
deep,64,1,77,0.18823631169105787
deep,64,1,78,0.18530431031824793
deep,64,1,79,0.1824880943824354
deep,64,1,80,0.17960223796651792
deep,64,1,81,0.17673098391318753
deep,64,1,82,0.17386021383883693
deep,64,1,83,0.17109937678464407
deep,64,1,84,0.16812140643069445
deep,64,1,85,0.1652488861799555
deep,64,1,86,0.1625068568671815
deep,64,1,87,0.15975238093550587
deep,64,1,88,0.15716300250287069
deep,64,1,89,0.15465313729097366
deep,64,1,90,0.1521764440204157
deep,64,1,91,0.14974190290187284
deep,64,1,92,0.14741435038846296
deep,64,1,93,0.14527426455706705
deep,64,1,94,0.14318880473429144
deep,64,1,95,0.14114523896126277
deep,64,1,96,0.1391609579452043
deep,64,1,97,0.1371719889956453
deep,64,1,98,0.1353600090122985
deep,64,1,99,0.13349048832264396
deep,64,1,100,0.13160373299319947
deep,64,1,101,0.12960765096624302
deep,64,1,102,0.1276411175589265
deep,64,1,103,0.12564400424465097
deep,64,1,104,0.12383151046617644
deep,64,1,105,0.12221523412064711
deep,64,1,106,0.12062996502414965
deep,64,1,107,0.1190722090223692
deep,64,1,108,0.11761337493182344
deep,64,1,109,0.11625860412486501
deep,64,1,110,0.11499722209157515
deep,64,1,111,0.11369654383776687
deep,64,1,112,0.11229116859191403
deep,64,1,113,0.11089803235435547
deep,64,1,114,0.10952196280789014
deep,64,1,115,0.10801027479559369
deep,64,1,116,0.10642988006004235
deep,64,1,117,0.1048932637410605
deep,64,1,118,0.10335915338755755
deep,64,1,119,0.10193812821141668
deep,64,1,120,0.10056896040583146
deep,64,1,121,0.09926747343248603
deep,64,1,122,0.09779101231618603
deep,64,1,123,0.09637629459043218
deep,64,1,124,0.0948604542901512
deep,64,1,125,0.0933648135518253
deep,64,1,126,0.09197648838749056
deep,64,1,127,0.09063404521838772
deep,64,1,128,0.0892672658020179
deep,64,1,129,0.08787774588931357
deep,64,1,130,0.08641037310057004
deep,64,1,131,0.08504158585127483
deep,64,1,132,0.08366606958496012
deep,64,1,133,0.0823098098554665
deep,64,1,134,0.08105054806342898
deep,64,1,135,0.07991232563250539
deep,64,1,136,0.07874386590319925
deep,64,1,137,0.07761206247268318
deep,64,1,138,0.0765312958964599
deep,64,1,139,0.07542386712752074
deep,64,1,140,0.07429435896645546
deep,64,1,141,0.07308661520386024
deep,64,1,142,0.07189780242831864
deep,64,1,143,0.07077010956893846
deep,64,1,144,0.06968506702775017
deep,64,1,145,0.06857040634594797
deep,64,1,146,0.06747775249976758
deep,64,1,147,0.06637646673885254
deep,64,1,148,0.0653271441158561
deep,64,1,149,0.0642588929018079
deep,64,1,150,0.06322644089558253
deep,64,1,151,0.062203717289550875
deep,64,1,152,0.06120512976435358
deep,64,1,153,0.0602313522427199
deep,64,1,154,0.059156074891782415
deep,64,1,155,0.05805169299663604
deep,64,1,156,0.05698284370506134
deep,64,1,157,0.05605013380218668
deep,64,1,158,0.05519024902395512
deep,64,1,159,0.054175527695040304
deep,64,1,160,0.05302133015155995
deep,64,1,161,0.0520535993915969
deep,64,1,162,0.05101122854227885
deep,64,1,163,0.050123817443369995
deep,64,1,164,0.04926395702646337
deep,64,1,165,0.04848048420609891
deep,64,1,166,0.04761440002305902
deep,64,1,167,0.04674756870382278
deep,64,1,168,0.04607578529309983
deep,64,1,169,0.045398283760472384
deep,64,1,170,0.044464413863163146
deep,64,1,171,0.04378867462375274
deep,64,1,172,0.04326063787216454
deep,64,1,173,0.042826938493005104
deep,64,1,174,0.042374681551782985
deep,64,1,175,0.04193677292276885
deep,64,1,176,0.04151227282961708
deep,64,1,177,0.04115054245035758
deep,64,1,178,0.04073619888552745
deep,64,1,179,0.040318428918673696
deep,64,1,180,0.039948367224028405
deep,64,1,181,0.039533098336456726
deep,64,1,182,0.03913972859493794
deep,64,1,183,0.038544172462995914
deep,64,1,184,0.037866508770482046
deep,64,1,185,0.03713454456888587
deep,64,1,186,0.03653454973786162
deep,64,1,187,0.03611856037603606
deep,64,1,188,0.03575238389147802
deep,64,1,189,0.03543920391219439
deep,64,1,190,0.03513940478765572
deep,64,1,191,0.034788556734955706
deep,64,1,192,0.034367835529419785
deep,64,1,193,0.033938104806580285
deep,64,1,194,0.033498706657015924
deep,64,1,195,0.03316163808059923
deep,64,1,196,0.03272806570627966
deep,64,1,197,0.032462849416277084
deep,64,1,198,0.032219327575623735
deep,64,1,199,0.03183730590744188
deep,64,1,200,0.03154829389467895
deep,64,1,201,0.03133781525329362
deep,64,1,202,0.03098028542309704
deep,64,1,203,0.03060432548557327
deep,64,1,204,0.03042324529235442
deep,64,1,205,0.03037891885743355
deep,64,1,206,0.03019285767291522
deep,64,1,207,0.029868575334795255
deep,64,1,208,0.029531550635332034
deep,64,1,209,0.02925362576061416
deep,64,1,210,0.028903950666355482
deep,64,1,211,0.02843752985834502
deep,64,1,212,0.027986639613928384
deep,64,1,213,0.027501179890533713
deep,64,1,214,0.02705781688290306
deep,64,1,215,0.026646951646491734
deep,64,1,216,0.026427035069263576
deep,64,1,217,0.02638266973340935
deep,64,1,218,0.026373795031907635
deep,64,1,219,0.026291285980311274
deep,64,1,220,0.0261799927017677
deep,64,1,221,0.02615601028406552
deep,64,1,222,0.025957174707297997
deep,64,1,223,0.025744224095852135
deep,64,1,224,0.02532808700854862
deep,64,1,225,0.02493873969726819
deep,64,1,226,0.024630658830100474
deep,64,1,227,0.02435908321182658
deep,64,1,228,0.024083594503620846
deep,64,1,229,0.02385149113942363
deep,64,1,230,0.023612963364576724
deep,64,1,231,0.02349515034645885
deep,64,1,232,0.023369691921358585
deep,64,1,233,0.023125353236670747
deep,64,1,234,0.02280387356288587
deep,64,1,235,0.022563151936500537
deep,64,1,236,0.02226095038233445
deep,64,1,237,0.021940553061527288
deep,64,1,238,0.021712448021226197
deep,64,1,239,0.0214389116503343
deep,64,1,240,0.021247958852904366
deep,64,1,241,0.021234489081482455
deep,64,1,242,0.021213683556095105
deep,64,1,243,0.02123390924635049
deep,64,1,244,0.021256321952053014
deep,64,1,245,0.021296417544730644
deep,64,1,246,0.021523388431517253
deep,64,1,247,0.021714945217187566
deep,64,1,248,0.021796607301862624
deep,64,1,249,0.021938137638260406
deep,64,1,250,0.02208434571243853
deep,64,1,251,0.022110621035325136
deep,64,1,252,0.022206914081160364
deep,64,1,253,0.02217560077098366
deep,64,1,254,0.02200270619861895
deep,64,1,255,0.022029670495783436
deep,64,1,256,0.022203691259906868
deep,64,1,257,0.022414171002928352
deep,64,1,258,0.022527143768270107
deep,64,1,259,0.02271268537147523
deep,64,1,260,0.022873051883526622
deep,64,1,261,0.023004195413713804
deep,64,1,262,0.023172995784374713
deep,64,1,263,0.02327616584633395
deep,64,1,264,0.02337133928197348
deep,64,1,265,0.02345221523691553
deep,64,1,266,0.023503527418171036
deep,64,1,267,0.023522774643371
deep,64,1,268,0.023562518072479947
deep,64,1,269,0.023722868088019697
deep,64,1,270,0.02379663127689597
deep,64,1,271,0.023949859767529863
deep,64,1,272,0.024034981924821678
deep,64,1,273,0.024231352490701498
deep,64,1,274,0.024603677292802082
deep,64,1,275,0.025027741267052175
deep,64,1,276,0.02522211704328713
deep,64,1,277,0.02524820458494913
deep,64,1,278,0.025191649948677813
deep,64,1,279,0.02525873422439906
deep,64,1,280,0.025356758114375606
deep,64,1,281,0.02539642770085701
deep,64,1,282,0.02519318617794512
deep,64,1,283,0.025205181657743728
deep,64,1,284,0.025143307797032353
deep,64,1,285,0.025012210671104575
deep,64,1,286,0.024815879098171737
deep,64,1,287,0.024677082800091673
deep,64,1,288,0.024508623942477936
deep,64,1,289,0.024323716491880608
deep,64,1,290,0.024132264021907202
deep,64,1,291,0.02391553956416563
deep,64,1,292,0.02367841797570514
deep,64,1,293,0.023429065080733502
deep,64,1,294,0.023170228796961966
deep,64,1,295,0.022928134712123804
deep,64,1,296,0.02259116377386129
deep,64,1,297,0.02236029995205007
deep,64,1,298,0.02208837650379014
deep,64,1,299,0.021874900692802797
deep,64,1,300,0.02169184322825519
deep,64,1,301,0.021637596670030467
deep,64,1,302,0.021507599207560374
deep,64,1,303,0.021418817296043745
deep,64,1,304,0.021517036926393247
deep,64,1,305,0.021723207304111196
deep,64,1,306,0.02183970320573773
deep,64,1,307,0.022045528753419617
deep,64,1,308,0.02230601784868338
deep,64,1,309,0.02243794153499087
deep,64,1,310,0.022236935767378545
deep,64,1,311,0.022047070402996895
deep,64,1,312,0.0219008982629801
deep,64,1,313,0.021679522490265193
deep,64,1,314,0.021355111950324912
deep,64,1,315,0.020939625277529572
deep,64,1,316,0.020674452361885715
deep,64,1,317,0.020602766678020457
deep,64,1,318,0.02067939445428921
deep,64,1,319,0.02083269945272366
deep,64,1,320,0.020906848111832396
deep,64,1,321,0.020824270444105324
deep,64,1,322,0.020885760957362443
deep,64,1,323,0.020949951342674595
deep,64,1,324,0.02090095480550026
deep,64,1,325,0.02099721373980589
deep,64,1,326,0.021133890551741228
deep,64,1,327,0.021021167530018793
deep,64,1,328,0.021002878797800197
deep,64,1,329,0.02105772540390736
deep,64,1,330,0.021198180871768675
deep,64,1,331,0.02118527520490726
deep,64,1,332,0.021007868772012096
deep,64,1,333,0.02092768905286645
deep,64,1,334,0.021021406877812045
deep,64,1,335,0.021091916158593415
deep,64,1,336,0.021156224112034796
deep,64,1,337,0.021117625670007432
deep,64,1,338,0.021051487793626644
deep,64,1,339,0.02087357118286438
deep,64,1,340,0.02065412741085923
deep,64,1,341,0.020384109216650285
deep,64,1,342,0.020011441140553726
deep,64,1,343,0.019588553273126804
deep,64,1,344,0.019075815671243487
deep,64,1,345,0.018452657788172424
deep,64,1,346,0.017893580694881075
deep,64,1,347,0.017259672709626424
deep,64,1,348,0.01658189535302328
deep,64,1,349,0.015871315216430194
deep,64,1,350,0.015179819604780353
deep,64,1,351,0.014570938932050399
deep,64,1,352,0.01399571992143016
deep,64,1,353,0.01339115206697487
deep,64,1,354,0.012800405100207187
deep,64,1,355,0.012034304546676384
deep,64,1,356,0.011402840622602498
deep,64,1,357,0.010862748527330535
deep,64,1,358,0.010404534415029683
deep,64,1,359,0.00995476702611913
deep,64,1,360,0.009562793919065256
deep,64,1,361,0.009228537216245268
deep,64,1,362,0.008997063691539735
deep,64,1,363,0.008837744368921874
deep,64,1,364,0.008511688574851017
deep,64,1,365,0.008234744461355395
deep,64,1,366,0.008130053438016612
deep,64,1,367,0.008030977750055677
deep,64,1,368,0.007855070969378677
deep,64,1,369,0.007794438894481356
deep,64,1,370,0.00759719963934373
deep,64,1,371,0.007396755221158577
deep,64,1,372,0.007150154036284298
deep,64,1,373,0.006954752675141444
deep,64,1,374,0.006739057565739682
deep,64,1,375,0.0065201398657782845
deep,64,1,376,0.00641593413942297
deep,64,1,377,0.006197940604018753
deep,64,1,378,0.006029371731938873
deep,64,1,379,0.0057643833073120765
deep,64,1,380,0.005584210175608724
deep,64,1,381,0.005365585994806888
deep,64,1,382,0.005165788306686467
deep,64,1,383,0.005006933274172521
deep,64,1,384,0.0047829165638651385
deep,64,1,385,0.0045740938153596335
deep,64,1,386,0.00442382398375331
deep,64,1,387,0.004405900452445198
deep,64,1,388,0.0044222149635119576
deep,64,1,389,0.0044391775172250795
deep,64,1,390,0.004440305592376144
deep,64,1,391,0.004428827880260295
deep,64,1,392,0.004522737888171835
deep,64,1,393,0.004592460346559609
deep,64,1,394,0.004769256742144082
deep,64,1,395,0.0050134002507676925
deep,64,1,396,0.005000886649739022
deep,64,1,397,0.00492809610268298
deep,64,1,398,0.004825085318803777
deep,64,1,399,0.004811806073951109
deep,64,1,400,0.004733073665532588
deep,64,2,0,1.0
deep,64,2,1,0.9639047929337807
deep,64,2,2,0.9297767999404167
deep,64,2,3,0.8976483587269962
deep,64,2,4,0.8670529431601282
deep,64,2,5,0.8380170118580983
deep,64,2,6,0.8104236231091715
deep,64,2,7,0.7841400123291447
deep,64,2,8,0.7591630672872647
deep,64,2,9,0.7352053846301793
deep,64,2,10,0.7123602459870241
deep,64,2,11,0.6906189395579714
deep,64,2,12,0.6698648041113494
deep,64,2,13,0.6499226667765396
deep,64,2,14,0.6308834235199305
deep,64,2,15,0.6126595783398106
deep,64,2,16,0.5952903005089693
deep,64,2,17,0.5787148118433822
deep,64,2,18,0.5631230710026103
deep,64,2,19,0.5481986166308022
deep,64,2,20,0.5337593898911314
deep,64,2,21,0.5199459748348407
deep,64,2,22,0.5065811563658968
deep,64,2,23,0.49382019954000433
deep,64,2,24,0.48156029124332767
deep,64,2,25,0.4699214288648716
deep,64,2,26,0.4588350080697734
deep,64,2,27,0.4479045558000026
deep,64,2,28,0.43746181561398345
deep,64,2,29,0.42737668092360775
deep,64,2,30,0.41751512059372187
deep,64,2,31,0.407971426452414
deep,64,2,32,0.39876018377648065
deep,64,2,33,0.38987091676598806
deep,64,2,34,0.38138619388788514
deep,64,2,35,0.3731464940139812
deep,64,2,36,0.36516111086165115
deep,64,2,37,0.3574374430608338
deep,64,2,38,0.35022119989529804
deep,64,2,39,0.34334746148753226
deep,64,2,40,0.3364124649649952
deep,64,2,41,0.3297296716562387
deep,64,2,42,0.32313604711773325
deep,64,2,43,0.31662332013136985
deep,64,2,44,0.31023472137062846
deep,64,2,45,0.3039749214244797
deep,64,2,46,0.29770769612649095
deep,64,2,47,0.2916357378941073
deep,64,2,48,0.2857126954615086
deep,64,2,49,0.2798969299311019
deep,64,2,50,0.2742385077003201
deep,64,2,51,0.26886662374210624
deep,64,2,52,0.26350541726299304
deep,64,2,53,0.25825596824378994
deep,64,2,54,0.25306943250729536
deep,64,2,55,0.2480724003025643
deep,64,2,56,0.24318873060653684
deep,64,2,57,0.23845322740829314
deep,64,2,58,0.23383578902847701
deep,64,2,59,0.22936330891115855
deep,64,2,60,0.22488299642729878
deep,64,2,61,0.22057101724715283
deep,64,2,62,0.21617020208375445
deep,64,2,63,0.2118918920675141
deep,64,2,64,0.20774710783446243
deep,64,2,65,0.2034306810258969
deep,64,2,66,0.1992936827327828
deep,64,2,67,0.19536906786587344
deep,64,2,68,0.19145890332290114
deep,64,2,69,0.18774354522166797
deep,64,2,70,0.1841591228063017
deep,64,2,71,0.18070605496914494
deep,64,2,72,0.1771798529334881
deep,64,2,73,0.17368599693078496
deep,64,2,74,0.17021792952667408
deep,64,2,75,0.16691167581795768
deep,64,2,76,0.16356078243459177
deep,64,2,77,0.16025405564908746
deep,64,2,78,0.15717547094497894
deep,64,2,79,0.15403750870965152
deep,64,2,80,0.15093730866325772
deep,64,2,81,0.14798462535615522
deep,64,2,82,0.1450781416011013
deep,64,2,83,0.14230350483629176
deep,64,2,84,0.13964296353564806
deep,64,2,85,0.13680687062693142
deep,64,2,86,0.13409833006666738
deep,64,2,87,0.13146468984369014
deep,64,2,88,0.12889690336591664
deep,64,2,89,0.12630655697696214
deep,64,2,90,0.1237464211520066
deep,64,2,91,0.12120555656216747
deep,64,2,92,0.1186871141299998
deep,64,2,93,0.11627112500414974
deep,64,2,94,0.11404952788156855
deep,64,2,95,0.11186617929548207
deep,64,2,96,0.10966849142845006
deep,64,2,97,0.1074049557207017
deep,64,2,98,0.10517210306898286
deep,64,2,99,0.10297449632461803
deep,64,2,100,0.10093150492195982
deep,64,2,101,0.09905791940300619
deep,64,2,102,0.0972328309936844
deep,64,2,103,0.09547698980396406
deep,64,2,104,0.09366612615477862
deep,64,2,105,0.09210523795655377
deep,64,2,106,0.09044717292199715
deep,64,2,107,0.08894323395468823
deep,64,2,108,0.08754050750824738
deep,64,2,109,0.08604109729884439
deep,64,2,110,0.08435067944954948
deep,64,2,111,0.08265493330699915
deep,64,2,112,0.0808071045900834
deep,64,2,113,0.07900294276498177
deep,64,2,114,0.07713012553899808
deep,64,2,115,0.07548340159242291
deep,64,2,116,0.073839341251017
deep,64,2,117,0.07211541239925154
deep,64,2,118,0.07032888782466344
deep,64,2,119,0.06852533338787359
deep,64,2,120,0.06647241436821194
deep,64,2,121,0.06446754170495755
deep,64,2,122,0.06253424701146895
deep,64,2,123,0.06060085994545664
deep,64,2,124,0.058638827629514056
deep,64,2,125,0.056924742864638
deep,64,2,126,0.05521716044772343
deep,64,2,127,0.053786268081960534
deep,64,2,128,0.052573306134318036
deep,64,2,129,0.0513733307954617
deep,64,2,130,0.05028401508376238
deep,64,2,131,0.04936002068920305
deep,64,2,132,0.04847152044339916
deep,64,2,133,0.047573456990863724
deep,64,2,134,0.04680994956934671
deep,64,2,135,0.04622721128112931
deep,64,2,136,0.0456089290228754
deep,64,2,137,0.04490955736516658
deep,64,2,138,0.044405972095442406
deep,64,2,139,0.04395066673048607
deep,64,2,140,0.043476500986196875
deep,64,2,141,0.043278503896562195
deep,64,2,142,0.0430814583107902
deep,64,2,143,0.04265404608182678
deep,64,2,144,0.042275427440503124
deep,64,2,145,0.04197949271104391
deep,64,2,146,0.04164258565084615
deep,64,2,147,0.04113652846758965
deep,64,2,148,0.040549175866889726
deep,64,2,149,0.040041221596715554
deep,64,2,150,0.0392961908569616
deep,64,2,151,0.03854970089553051
deep,64,2,152,0.03769047745676628
deep,64,2,153,0.03663309533940782
deep,64,2,154,0.03565435459629986
deep,64,2,155,0.03473692904367381
deep,64,2,156,0.033811402679371015
deep,64,2,157,0.03286195089496632
deep,64,2,158,0.03179353536856976
deep,64,2,159,0.030759208595151966
deep,64,2,160,0.029747400746676346
deep,64,2,161,0.028869978160810862
deep,64,2,162,0.028082214653043926
deep,64,2,163,0.027406625013764233
deep,64,2,164,0.026632226314164086
deep,64,2,165,0.02594691012953588
deep,64,2,166,0.02534883469928724
deep,64,2,167,0.024891903930986326
deep,64,2,168,0.024470023040390552
deep,64,2,169,0.023934718003631936
deep,64,2,170,0.023629616891969317
deep,64,2,171,0.023448847095148988
deep,64,2,172,0.023320464976232455
deep,64,2,173,0.02317310087109694
deep,64,2,174,0.023006505377031285
deep,64,2,175,0.022948121287253407
deep,64,2,176,0.022931531045246353
deep,64,2,177,0.022877622166105897
deep,64,2,178,0.022890908875506894
deep,64,2,179,0.022916174479794483
deep,64,2,180,0.022789009941338756
deep,64,2,181,0.022794021279115527
deep,64,2,182,0.02263584902985244
deep,64,2,183,0.02243146826255683
deep,64,2,184,0.02224345903210581
deep,64,2,185,0.021989541731930365
deep,64,2,186,0.021723529136562704
deep,64,2,187,0.02135453999773903
deep,64,2,188,0.02090026442277647
deep,64,2,189,0.02052428241235165
deep,64,2,190,0.02012060936248586
deep,64,2,191,0.019771789239842956
deep,64,2,192,0.01927297273932297
deep,64,2,193,0.01879780724649229
deep,64,2,194,0.01843313670387326
deep,64,2,195,0.018199272597821597
deep,64,2,196,0.01779419096055353
deep,64,2,197,0.017425889262875457
deep,64,2,198,0.017037831989056992
deep,64,2,199,0.016610462081569174
deep,64,2,200,0.016197711804105532
deep,64,2,201,0.01582933119172741
deep,64,2,202,0.01546074012255918
deep,64,2,203,0.015007347348116842
deep,64,2,204,0.014599983763467016
deep,64,2,205,0.014029423918056661
deep,64,2,206,0.013641940056857817
deep,64,2,207,0.013302222288010434
deep,64,2,208,0.013061235945705752
deep,64,2,209,0.01279073362005685
deep,64,2,210,0.012604700778946954
deep,64,2,211,0.012337896427671533
deep,64,2,212,0.01202920835777982
deep,64,2,213,0.011714900268758042
deep,64,2,214,0.011353873875622308
deep,64,2,215,0.011045002808584203
deep,64,2,216,0.010793718418145498
deep,64,2,217,0.010730706640669878
deep,64,2,218,0.01055491006111782
deep,64,2,219,0.01050314914252745
deep,64,2,220,0.010322208978676473
deep,64,2,221,0.01010828437139855
deep,64,2,222,0.00996804894347466
deep,64,2,223,0.00966434914211044
deep,64,2,224,0.009392355561665164
deep,64,2,225,0.009267519768969602
deep,64,2,226,0.00919141561537717
deep,64,2,227,0.00918681208752423
deep,64,2,228,0.009082280729499981
deep,64,2,229,0.00901104576862953
deep,64,2,230,0.008930282876028242
deep,64,2,231,0.008870737861109056
deep,64,2,232,0.008857736578258436
deep,64,2,233,0.008787141998250335
deep,64,2,234,0.008755490171390162
deep,64,2,235,0.008883338249383548
deep,64,2,236,0.008920034855724861
deep,64,2,237,0.009106899417668388
deep,64,2,238,0.009315289901759768
deep,64,2,239,0.009305694367233382
deep,64,2,240,0.009335284885501576
deep,64,2,241,0.009441581355555619
deep,64,2,242,0.009687432763882252
deep,64,2,243,0.009986013198926929
deep,64,2,244,0.010343439676418788
deep,64,2,245,0.010603662604769842
deep,64,2,246,0.010852761305018513
deep,64,2,247,0.011025365788402694
deep,64,2,248,0.011359405058126068
deep,64,2,249,0.011744715897820779
deep,64,2,250,0.012002114899517649
deep,64,2,251,0.012220235112612395
deep,64,2,252,0.012329604916351357
deep,64,2,253,0.012337894479560114
deep,64,2,254,0.012424085586283504
deep,64,2,255,0.012402876454953207
deep,64,2,256,0.012306312129021817
deep,64,2,257,0.012051212501509919
deep,64,2,258,0.011742754190748952
deep,64,2,259,0.011534260775855005
deep,64,2,260,0.011443013680998086
deep,64,2,261,0.011457962023645747
deep,64,2,262,0.011548596885039536
deep,64,2,263,0.011716779640926208
deep,64,2,264,0.011769683421424225
deep,64,2,265,0.011975840470935214
deep,64,2,266,0.012219852832667225
deep,64,2,267,0.012630492033053192
deep,64,2,268,0.013070430021922316
deep,64,2,269,0.013325175502081833
deep,64,2,270,0.013520445705384267
deep,64,2,271,0.013770122424847795
deep,64,2,272,0.013810718425512333
deep,64,2,273,0.014051822047065227
deep,64,2,274,0.014447807000846875
deep,64,2,275,0.014604650100138714
deep,64,2,276,0.014646363328617903
deep,64,2,277,0.01465961843001009
deep,64,2,278,0.014637339524501088
deep,64,2,279,0.014683846917918476
deep,64,2,280,0.014918075091816415
deep,64,2,281,0.015132668623791135
deep,64,2,282,0.015369883238146174
deep,64,2,283,0.015786637400630524
deep,64,2,284,0.016206301088914295
deep,64,2,285,0.016536807581445524
deep,64,2,286,0.01688571042155281
deep,64,2,287,0.01716512528191321
deep,64,2,288,0.01734172586164941
deep,64,2,289,0.01735745380014636
deep,64,2,290,0.017025777599951882
deep,64,2,291,0.01676220191075149
deep,64,2,292,0.016507762126188298
deep,64,2,293,0.01626034493521036
deep,64,2,294,0.01587925683609956
deep,64,2,295,0.015481440526135568
deep,64,2,296,0.015011943071331028
deep,64,2,297,0.014483095320039963
deep,64,2,298,0.013967398447505268
deep,64,2,299,0.01326385385087997
deep,64,2,300,0.012717144475586892
deep,64,2,301,0.012238684551766278
deep,64,2,302,0.011750661363290817
deep,64,2,303,0.011109670428186679
deep,64,2,304,0.010680282723963952
deep,64,2,305,0.010377154342124127
deep,64,2,306,0.010289630366476621
deep,64,2,307,0.009898785314203452
deep,64,2,308,0.009379487268816378
deep,64,2,309,0.008792958612818792
deep,64,2,310,0.008172315278929834
deep,64,2,311,0.007529363999910959
deep,64,2,312,0.0068405330098775235
deep,64,2,313,0.00642785788886642
deep,64,2,314,0.006037280972900481
deep,64,2,315,0.005678298245148563
deep,64,2,316,0.005348012444130971
deep,64,2,317,0.004982316801588513
deep,64,2,318,0.004666381749016095
deep,64,2,319,0.004473464592447617
deep,64,2,320,0.004333323835659576
deep,64,2,321,0.004131117165193701
deep,64,2,322,0.004135021635806917
deep,64,2,323,0.004173550194575883
deep,64,2,324,0.004060421393767305
deep,64,2,325,0.0038415076275545848
deep,64,2,326,0.003649291650028987
deep,64,2,327,0.003481795740538922
deep,64,2,328,0.0032142789812432734
deep,64,2,329,0.002941543554425645
deep,64,2,330,0.002391147072745977
deep,64,2,331,0.0018160202089199983
deep,64,2,332,0.001482061396836847
deep,64,2,333,0.001213482063535632
deep,64,2,334,0.0010142386083548762
deep,64,2,335,0.0009502920737302608
deep,64,2,336,0.0007146210348461454
deep,64,2,337,0.0006373341815158174
deep,64,2,338,0.0004398455976684875
deep,64,2,339,0.000458759877981742
deep,64,2,340,0.00042169117867740693
deep,64,2,341,0.00030547124918708457
deep,64,2,342,0.00020899228533942897
deep,64,2,343,5.342045633511324e-06
deep,64,2,344,-0.000293181684049947
deep,64,2,345,-0.0005242940077136484
deep,64,2,346,-0.0007850732911092129
deep,64,2,347,-0.0010430724673285196
deep,64,2,348,-0.0013152418573112107
deep,64,2,349,-0.0014727627716374849
deep,64,2,350,-0.001631704112163057
deep,64,2,351,-0.0018925419399630574
deep,64,2,352,-0.0021368374258005757
deep,64,2,353,-0.002389483882666655
deep,64,2,354,-0.002612176344542537
deep,64,2,355,-0.0027531520086477475
deep,64,2,356,-0.003015549686714302
deep,64,2,357,-0.003313443292752118
deep,64,2,358,-0.0036718468362437
deep,64,2,359,-0.00404719888662639
deep,64,2,360,-0.004151528690136594
deep,64,2,361,-0.004053396847911558
deep,64,2,362,-0.003941337915989772
deep,64,2,363,-0.004015063247743193
deep,64,2,364,-0.004013821766574757
deep,64,2,365,-0.0037650995238946708
deep,64,2,366,-0.0035872837434466585
deep,64,2,367,-0.0034150298797106043
deep,64,2,368,-0.0030432251756933146
deep,64,2,369,-0.002629405421251945
deep,64,2,370,-0.0022087233425691667
deep,64,2,371,-0.0016727682412283622
deep,64,2,372,-0.0012008683130321348
deep,64,2,373,-0.0007059796176854258
deep,64,2,374,-0.00029111819968675274
deep,64,2,375,9.688701858037263e-05
deep,64,2,376,0.000414218713462592
deep,64,2,377,0.0006840001781904354
deep,64,2,378,0.0008729855790580825
deep,64,2,379,0.0012374467062719848
deep,64,2,380,0.0015664408020133434
deep,64,2,381,0.0018021393260673245
deep,64,2,382,0.002060871033030601
deep,64,2,383,0.0024271779432746498
deep,64,2,384,0.0027801235031643928
deep,64,2,385,0.0032272624589162876
deep,64,2,386,0.003882397980830114
deep,64,2,387,0.004375913685354944
deep,64,2,388,0.005011233410956262
deep,64,2,389,0.005427209215425838
deep,64,2,390,0.0056174352651380995
deep,64,2,391,0.0057173126407255494
deep,64,2,392,0.005867595901835359
deep,64,2,393,0.006211363186503034
deep,64,2,394,0.006578522962803287
deep,64,2,395,0.006804919817096347
deep,64,2,396,0.006904748426881211
deep,64,2,397,0.007034218293368545
deep,64,2,398,0.0072333222638998225
deep,64,2,399,0.007346282947589032
deep,64,2,400,0.007437927447137735
deep,128,0,0,1.0
deep,128,0,1,0.9595282973534532
deep,128,0,2,0.9212725136366263
deep,128,0,3,0.8849492417438947
deep,128,0,4,0.8507592221592847
deep,128,0,5,0.8183524743939788
deep,128,0,6,0.7874720924910731
deep,128,0,7,0.7580944573334706
deep,128,0,8,0.7301204699713956
deep,128,0,9,0.7034910323752026
deep,128,0,10,0.6782951784963152
deep,128,0,11,0.6543175192539317
deep,128,0,12,0.6312521665261306
deep,128,0,13,0.6093281250320026
deep,128,0,14,0.5883773485571028
deep,128,0,15,0.568327770207873
deep,128,0,16,0.5492299510911018
deep,128,0,17,0.5310337067867875
deep,128,0,18,0.5138702214378479
deep,128,0,19,0.4975165809790909
deep,128,0,20,0.4819955428580243
deep,128,0,21,0.46725867472609356
deep,128,0,22,0.4532385129165415
deep,128,0,23,0.43987520669278163
deep,128,0,24,0.42714431690073773
deep,128,0,25,0.4148358250692174
deep,128,0,26,0.40300025785662835
deep,128,0,27,0.39148662104723964
deep,128,0,28,0.3803363908671616
deep,128,0,29,0.36968764598988474
deep,128,0,30,0.35922537650823777
deep,128,0,31,0.34911587675486083
deep,128,0,32,0.339375925289933
deep,128,0,33,0.3299113091467025
deep,128,0,34,0.3207066480891699
deep,128,0,35,0.31188810239725256
deep,128,0,36,0.30330497876640616
deep,128,0,37,0.29504306824717325
deep,128,0,38,0.28717841667061783
deep,128,0,39,0.2796095853548562
deep,128,0,40,0.2723787874457291
deep,128,0,41,0.2654261933661993
deep,128,0,42,0.2588805922718307
deep,128,0,43,0.2526199046078473
deep,128,0,44,0.24660773285226106
deep,128,0,45,0.2405520552149123
deep,128,0,46,0.23467071400207393
deep,128,0,47,0.22911541940538918
deep,128,0,48,0.2237334679114208
deep,128,0,49,0.21851901585387962
deep,128,0,50,0.21357699572356292
deep,128,0,51,0.20876239225938487
deep,128,0,52,0.2041311104133205
deep,128,0,53,0.19936355180626836
deep,128,0,54,0.19489427731867384
deep,128,0,55,0.19054096129489834
deep,128,0,56,0.18639104454963012
deep,128,0,57,0.18235815186183985
deep,128,0,58,0.17859730060657952
deep,128,0,59,0.17499583055730772
deep,128,0,60,0.17133958699761725
deep,128,0,61,0.16780831135015853
deep,128,0,62,0.1643234072963666
deep,128,0,63,0.16079789998271732
deep,128,0,64,0.15739515044174024
deep,128,0,65,0.15416224487532762
deep,128,0,66,0.15088982000901097
deep,128,0,67,0.14787122944488498
deep,128,0,68,0.14487423424207718
deep,128,0,69,0.14198417471266034
deep,128,0,70,0.13904795944144108
deep,128,0,71,0.13632875112614623
deep,128,0,72,0.13391213658242163
deep,128,0,73,0.1315172970681412
deep,128,0,74,0.12906378714117395
deep,128,0,75,0.1266787192708104
deep,128,0,76,0.12447826293749273
deep,128,0,77,0.12229799205835537
deep,128,0,78,0.12013875202788143
deep,128,0,79,0.118059592061413
deep,128,0,80,0.11609310386760541
deep,128,0,81,0.1140320216459209
deep,128,0,82,0.11199598167231534
deep,128,0,83,0.11012251539689129
deep,128,0,84,0.10814998847459399
deep,128,0,85,0.10625640432255751
deep,128,0,86,0.10426799153806578
deep,128,0,87,0.10234515916453629
deep,128,0,88,0.10057721265231245
deep,128,0,89,0.09865190024574519
deep,128,0,90,0.09650788894512104
deep,128,0,91,0.09447935525962131
deep,128,0,92,0.09252476769149068
deep,128,0,93,0.09074457202653698
deep,128,0,94,0.08893145015902931
deep,128,0,95,0.08699531901663732
deep,128,0,96,0.08512407939754718
deep,128,0,97,0.08338657064539912
deep,128,0,98,0.08150248738631302
deep,128,0,99,0.07969651794938387
deep,128,0,100,0.07792507749226746
deep,128,0,101,0.07618418143198945
deep,128,0,102,0.07461210966151056
deep,128,0,103,0.07291249762291542
deep,128,0,104,0.07130919370945346
deep,128,0,105,0.06994167189058999
deep,128,0,106,0.06869055718825778
deep,128,0,107,0.06732891744930494
deep,128,0,108,0.06604377442768064
deep,128,0,109,0.06482582180027337
deep,128,0,110,0.0637436670857546
deep,128,0,111,0.06280330030033149
deep,128,0,112,0.061975464745467716
deep,128,0,113,0.06124637316847631
deep,128,0,114,0.0603272953489778
deep,128,0,115,0.05939917462640669
deep,128,0,116,0.058461197689211646
deep,128,0,117,0.05764926475196297
deep,128,0,118,0.05690860898995462
deep,128,0,119,0.05617854415727814
deep,128,0,120,0.055470270347369205
deep,128,0,121,0.05468983487607325
deep,128,0,122,0.05401902948508943
deep,128,0,123,0.05339668525706759
deep,128,0,124,0.05296509315357374
deep,128,0,125,0.05257947448433223
deep,128,0,126,0.05215649946689511
deep,128,0,127,0.051637771638995814
deep,128,0,128,0.05115548309217758
deep,128,0,129,0.050724994840691276
deep,128,0,130,0.05029266631110211
deep,128,0,131,0.049942791491897724
deep,128,0,132,0.04962274541793893
deep,128,0,133,0.04946242730703717
deep,128,0,134,0.04935058599070386
deep,128,0,135,0.04913970004409755
deep,128,0,136,0.04886567780796221
deep,128,0,137,0.04842112868905038
deep,128,0,138,0.047888340211082556
deep,128,0,139,0.04728455767791254
deep,128,0,140,0.04685252505346773
deep,128,0,141,0.046422122465306706
deep,128,0,142,0.04602286648903392
deep,128,0,143,0.04552509534785904
deep,128,0,144,0.0449562899566459
deep,128,0,145,0.044733947249957134
deep,128,0,146,0.04465183755091915
deep,128,0,147,0.04463595760433113
deep,128,0,148,0.04467994532599666
deep,128,0,149,0.04470296786703609
deep,128,0,150,0.04463728616737861
deep,128,0,151,0.04458883484491741
deep,128,0,152,0.04433970290280543
deep,128,0,153,0.044012100368987166
deep,128,0,154,0.04353341128707637
deep,128,0,155,0.043137213433258145
deep,128,0,156,0.04286677384477048
deep,128,0,157,0.042530063509408855
deep,128,0,158,0.042288304202470726
deep,128,0,159,0.041936871624305
deep,128,0,160,0.04149238345606306
deep,128,0,161,0.04098898883523155
deep,128,0,162,0.040531247038028045
deep,128,0,163,0.03999400398734731
deep,128,0,164,0.03972394007335496
deep,128,0,165,0.03939733492982828
deep,128,0,166,0.03902144680812311
deep,128,0,167,0.03857183095200603
deep,128,0,168,0.038109461823951016
deep,128,0,169,0.03761852403037539
deep,128,0,170,0.03715923757206267
deep,128,0,171,0.036831228856481386
deep,128,0,172,0.0364867214883061
deep,128,0,173,0.0360532850030772
deep,128,0,174,0.035624525166276344
deep,128,0,175,0.03525045244062949
deep,128,0,176,0.03495488281593661
deep,128,0,177,0.03453802700924717
deep,128,0,178,0.03424480491403489
deep,128,0,179,0.034092504947856886
deep,128,0,180,0.0341161375998515
deep,128,0,181,0.033891806483420425
deep,128,0,182,0.033445594690125514
deep,128,0,183,0.03282668122907246
deep,128,0,184,0.0321792682214257
deep,128,0,185,0.03154907383532134
deep,128,0,186,0.03094676006696911
deep,128,0,187,0.030241524448841563
deep,128,0,188,0.029638837584342787
deep,128,0,189,0.028992619072986323
deep,128,0,190,0.028356036605562882
deep,128,0,191,0.027979528545950642
deep,128,0,192,0.02743512625299023
deep,128,0,193,0.026857199962897125
deep,128,0,194,0.026151108026193744
deep,128,0,195,0.025599556017419135
deep,128,0,196,0.02499270703573248
deep,128,0,197,0.02460844946848876
deep,128,0,198,0.02422465424783528
deep,128,0,199,0.023732745042681084
deep,128,0,200,0.02319061240783605
deep,128,0,201,0.0225848346454705
deep,128,0,202,0.02188656237653047
deep,128,0,203,0.021279819299709818
deep,128,0,204,0.020481591419386356
deep,128,0,205,0.019768200121577064
deep,128,0,206,0.019221547042140436
deep,128,0,207,0.018682434587426407
deep,128,0,208,0.017994550337209342
deep,128,0,209,0.017315309208246206
deep,128,0,210,0.016659124663256777
deep,128,0,211,0.01595317584638478
deep,128,0,212,0.015570962267188456
deep,128,0,213,0.015108221293434795
deep,128,0,214,0.014843441317931565
deep,128,0,215,0.014684559514449927
deep,128,0,216,0.01450848672478286
deep,128,0,217,0.014506474915653088
deep,128,0,218,0.014441871685766203
deep,128,0,219,0.014476735712890338
deep,128,0,220,0.014485357345406406
deep,128,0,221,0.014561187487863874
deep,128,0,222,0.014507421291252647
deep,128,0,223,0.014576445649992782
deep,128,0,224,0.01454485465047564
deep,128,0,225,0.01428524139848662
deep,128,0,226,0.013800048748790851
deep,128,0,227,0.013425241636396799
deep,128,0,228,0.01304113097372469
deep,128,0,229,0.012516482088886595
deep,128,0,230,0.012013870131894469
deep,128,0,231,0.011637513535543084
deep,128,0,232,0.011484780465999631
deep,128,0,233,0.011355743623417775
deep,128,0,234,0.011444970464772435
deep,128,0,235,0.011299342090284575
deep,128,0,236,0.011407337021527615
deep,128,0,237,0.01150792981725408
deep,128,0,238,0.011626800118125984
deep,128,0,239,0.011784682818003572
deep,128,0,240,0.011805717758923228
deep,128,0,241,0.011697964713951193
deep,128,0,242,0.011656340701938408
deep,128,0,243,0.011938949012375123
deep,128,0,244,0.01227151740004281
deep,128,0,245,0.012514671318522824
deep,128,0,246,0.012780317943029562
deep,128,0,247,0.012900009169991724
deep,128,0,248,0.012950101460493527
deep,128,0,249,0.012976947588296995
deep,128,0,250,0.01282977744692447
deep,128,0,251,0.012664766753297158
deep,128,0,252,0.012532366761827597
deep,128,0,253,0.012340914597097772
deep,128,0,254,0.012058165630230468
deep,128,0,255,0.011937586546812106
deep,128,0,256,0.011817991618107888
deep,128,0,257,0.011856103234359925
deep,128,0,258,0.012007903380302009
deep,128,0,259,0.01211368612722147
deep,128,0,260,0.01228226652021227
deep,128,0,261,0.012541364366061748
deep,128,0,262,0.0128320772836865
deep,128,0,263,0.01301030902534979
deep,128,0,264,0.013112149275214202
deep,128,0,265,0.013366694323753661
deep,128,0,266,0.013740510002743428
deep,128,0,267,0.014020482180576856
deep,128,0,268,0.014211790147470073
deep,128,0,269,0.014254218644359159
deep,128,0,270,0.01416971330018154
deep,128,0,271,0.014067100601662287
deep,128,0,272,0.01386100620642242
deep,128,0,273,0.013652207401922516
deep,128,0,274,0.013367852248784739
deep,128,0,275,0.01315390939015914
deep,128,0,276,0.01292865853309308
deep,128,0,277,0.012581878786028813
deep,128,0,278,0.012319929840319075
deep,128,0,279,0.011909969795281757
deep,128,0,280,0.01141776939634992
deep,128,0,281,0.010746578860233103
deep,128,0,282,0.010194007912769438
deep,128,0,283,0.00965153127155579
deep,128,0,284,0.009248335445245729
deep,128,0,285,0.008807884737208522
deep,128,0,286,0.008270026143946549
deep,128,0,287,0.007819757989414759
deep,128,0,288,0.007459112898091483
deep,128,0,289,0.00735681892360941
deep,128,0,290,0.007400910837944832
deep,128,0,291,0.007407900667059739
deep,128,0,292,0.0073852509831133185
deep,128,0,293,0.0072071701943618345
deep,128,0,294,0.007275212205943949
deep,128,0,295,0.007178871149782843
deep,128,0,296,0.0071019954211291
deep,128,0,297,0.00705959697634429
deep,128,0,298,0.007111493114772641
deep,128,0,299,0.007283493544342973
deep,128,0,300,0.007404829289074433
deep,128,0,301,0.007406748874969579
deep,128,0,302,0.007253079163833987
deep,128,0,303,0.007135874610919883
deep,128,0,304,0.006895676087139997
deep,128,0,305,0.0063898178154330135
deep,128,0,306,0.0060658813168661795
deep,128,0,307,0.005789260989754007
deep,128,0,308,0.005360708704222477
deep,128,0,309,0.004805543094658126
deep,128,0,310,0.0045051835111445645
deep,128,0,311,0.004207249205563165
deep,128,0,312,0.004020507665020362
deep,128,0,313,0.0037700904515400673
deep,128,0,314,0.003500062368407517
deep,128,0,315,0.0032280240427425256
deep,128,0,316,0.0026375775444729844
deep,128,0,317,0.0021782034541304946
deep,128,0,318,0.0017193654587992254
deep,128,0,319,0.0011354069563649437
deep,128,0,320,0.00034279009409583696
deep,128,0,321,-0.0003221623392887156
deep,128,0,322,-0.0008275689541467541
deep,128,0,323,-0.0013213145114259485
deep,128,0,324,-0.0020291817251362992
deep,128,0,325,-0.0026104869379195888
deep,128,0,326,-0.0030350124518840815
deep,128,0,327,-0.0035327500899722595
deep,128,0,328,-0.003845516523727519
deep,128,0,329,-0.004086685974241508
deep,128,0,330,-0.0043958152757927835
deep,128,0,331,-0.004702357217790951
deep,128,0,332,-0.004921272290178922
deep,128,0,333,-0.0054901709240296505
deep,128,0,334,-0.0062115891308676206
deep,128,0,335,-0.0067450034770390535
deep,128,0,336,-0.007205225171640719
deep,128,0,337,-0.007669628178882299
deep,128,0,338,-0.00825313400330861
deep,128,0,339,-0.008653446772842981
deep,128,0,340,-0.008933334676498966
deep,128,0,341,-0.00931750765986923
deep,128,0,342,-0.009556802689704795
deep,128,0,343,-0.009834505903914518
deep,128,0,344,-0.010097149486546855
deep,128,0,345,-0.010482181926039455
deep,128,0,346,-0.010891253634091718
deep,128,0,347,-0.01126330364954372
deep,128,0,348,-0.011631439575270856
deep,128,0,349,-0.012021299720040802
deep,128,0,350,-0.012328928344935345
deep,128,0,351,-0.012641267856572028
deep,128,0,352,-0.013072991404428304
deep,128,0,353,-0.013358843148310684
deep,128,0,354,-0.013530937642779252
deep,128,0,355,-0.013653867872854376
deep,128,0,356,-0.013758991523871621
deep,128,0,357,-0.013753872451127176
deep,128,0,358,-0.013553977210465314
deep,128,0,359,-0.013319008852969098
deep,128,0,360,-0.013065906563812886
deep,128,0,361,-0.012947678721114764
deep,128,0,362,-0.01282443079935774
deep,128,0,363,-0.012697226927306935
deep,128,0,364,-0.012559108304616807
deep,128,0,365,-0.012515601304779887
deep,128,0,366,-0.012525178041123054
deep,128,0,367,-0.012673733151836456
deep,128,0,368,-0.012847766226718467
deep,128,0,369,-0.01305127482542098
deep,128,0,370,-0.01317128576533423
deep,128,0,371,-0.013278140048087687
deep,128,0,372,-0.013110691361455868
deep,128,0,373,-0.01269082708912612
deep,128,0,374,-0.012111898110237928
deep,128,0,375,-0.011263201479808808
deep,128,0,376,-0.010331827499047843
deep,128,0,377,-0.009562532562615272
deep,128,0,378,-0.008898944185904761
deep,128,0,379,-0.008405421994185439
deep,128,0,380,-0.008168321415940495
deep,128,0,381,-0.0077915428929558155
deep,128,0,382,-0.007430105830084667
deep,128,0,383,-0.007202903512487516
deep,128,0,384,-0.007025578564690568
deep,128,0,385,-0.006851726303779032
deep,128,0,386,-0.006464605968667674
deep,128,0,387,-0.006060831166456734
deep,128,0,388,-0.005568328635402748
deep,128,0,389,-0.0048639055118573134
deep,128,0,390,-0.004292966926801246
deep,128,0,391,-0.003773075265902476
deep,128,0,392,-0.0033306357200489595
deep,128,0,393,-0.002974792553137687
deep,128,0,394,-0.00229872180355067
deep,128,0,395,-0.0016554370251158975
deep,128,0,396,-0.0008943044208658394
deep,128,0,397,-0.00010361288064518931
deep,128,0,398,0.0007474548992837426
deep,128,0,399,0.00149193089838001
deep,128,0,400,0.0022411492199845696
deep,128,1,0,1.0
deep,128,1,1,0.9643527500684079
deep,128,1,2,0.9305630260581784
deep,128,1,3,0.8983835450667434
deep,128,1,4,0.8677376152657772
deep,128,1,5,0.8386153527249889
deep,128,1,6,0.8110240532201778
deep,128,1,7,0.7846325192428091
deep,128,1,8,0.7593618245947693
deep,128,1,9,0.7351942495065767
deep,128,1,10,0.7121938747177545
deep,128,1,11,0.6900170387967541
deep,128,1,12,0.6686281116047417
deep,128,1,13,0.6482841255090672
deep,128,1,14,0.6288778669691327
deep,128,1,15,0.6102721583739393
deep,128,1,16,0.5923868026243906
deep,128,1,17,0.5752229124309911
deep,128,1,18,0.5588241307670255
deep,128,1,19,0.5428925331778403
deep,128,1,20,0.527596820567757
deep,128,1,21,0.5127874957100826
deep,128,1,22,0.4985534859334965
deep,128,1,23,0.4849549731376661
deep,128,1,24,0.47195517797754777
deep,128,1,25,0.4594022895623983
deep,128,1,26,0.44710938788923765
deep,128,1,27,0.43546205896356927
deep,128,1,28,0.42447955549029737
deep,128,1,29,0.41378128156822336
deep,128,1,30,0.40357288976503
deep,128,1,31,0.3937481394979597
deep,128,1,32,0.38430592274901065
deep,128,1,33,0.3751256621986275
deep,128,1,34,0.3661778955980547
deep,128,1,35,0.3576711108468618
deep,128,1,36,0.34939509208359504
deep,128,1,37,0.3413378582000494
deep,128,1,38,0.3335491004758425
deep,128,1,39,0.3261358662109127
deep,128,1,40,0.3187001469637095
deep,128,1,41,0.31163471444904334
deep,128,1,42,0.30485321339758864
deep,128,1,43,0.2983419134253217
deep,128,1,44,0.2918372956816762
deep,128,1,45,0.2855785595108635
deep,128,1,46,0.2793650454144359
deep,128,1,47,0.2734762691136803
deep,128,1,48,0.2677382919135749
deep,128,1,49,0.26219581683087434
deep,128,1,50,0.2566671162928929
deep,128,1,51,0.2514123847417414
deep,128,1,52,0.2463844965584468
deep,128,1,53,0.24159981080782075
deep,128,1,54,0.2368455613302028
deep,128,1,55,0.2322809087963991
deep,128,1,56,0.22759063137114605
deep,128,1,57,0.22289143999223848
deep,128,1,58,0.21830856936140103
deep,128,1,59,0.21402517731430643
deep,128,1,60,0.2099898582317266
deep,128,1,61,0.205742675698468
deep,128,1,62,0.2016547816336068
deep,128,1,63,0.19776997295553095
deep,128,1,64,0.19395558094043489
deep,128,1,65,0.19029143795234682
deep,128,1,66,0.1867051566037583
deep,128,1,67,0.18322108014848973
deep,128,1,68,0.1800014436405582
deep,128,1,69,0.17670813847622266
deep,128,1,70,0.17358138307498822
deep,128,1,71,0.1705388940536359
deep,128,1,72,0.16753177492829502
deep,128,1,73,0.16461855928853172
deep,128,1,74,0.16170948921902767
deep,128,1,75,0.15894313273883698
deep,128,1,76,0.15617053502602618
deep,128,1,77,0.15365426659525722
deep,128,1,78,0.15116155605115889
deep,128,1,79,0.14862537093560046
deep,128,1,80,0.14627988500326972
deep,128,1,81,0.14388187374336736
deep,128,1,82,0.14153594372599027
deep,128,1,83,0.13924030226808656
deep,128,1,84,0.13707794063016177
deep,128,1,85,0.13494831585704517
deep,128,1,86,0.1329196459392718
deep,128,1,87,0.13089861204899428
deep,128,1,88,0.12907719827098724
deep,128,1,89,0.12717085819230015
deep,128,1,90,0.12522734860541304
deep,128,1,91,0.12324979115388587
deep,128,1,92,0.12121159022858602
deep,128,1,93,0.11908740889165986
deep,128,1,94,0.11700626783227282
deep,128,1,95,0.11498986950755224
deep,128,1,96,0.11299547527322946
deep,128,1,97,0.11094533583021936
deep,128,1,98,0.10886373664560235
deep,128,1,99,0.10675925958210145
deep,128,1,100,0.10471287783329347
deep,128,1,101,0.10280538606210501
deep,128,1,102,0.10092051197608802
deep,128,1,103,0.09913190099059305
deep,128,1,104,0.09750409462632886
deep,128,1,105,0.09597743037476023
deep,128,1,106,0.09456369517605492
deep,128,1,107,0.09313325603233791
deep,128,1,108,0.09177496905284613
deep,128,1,109,0.0903802568244901
deep,128,1,110,0.0891353715760633
deep,128,1,111,0.0880714744914721
deep,128,1,112,0.08693718223372097
deep,128,1,113,0.0857148959939977
deep,128,1,114,0.08477790087831544
deep,128,1,115,0.08386545799100381
deep,128,1,116,0.08293601650592408
deep,128,1,117,0.08193739247506841
deep,128,1,118,0.08106229725813148
deep,128,1,119,0.0802976760225135
deep,128,1,120,0.07959870526190489
deep,128,1,121,0.079048353860262
deep,128,1,122,0.07843259429549668
deep,128,1,123,0.07788745734868568
deep,128,1,124,0.07725027480354199
deep,128,1,125,0.07660589749894894
deep,128,1,126,0.07579361111926716
deep,128,1,127,0.0750494051326408
deep,128,1,128,0.0743340051915169
deep,128,1,129,0.07355333155067116
deep,128,1,130,0.07280999958363493
deep,128,1,131,0.07200009591030124
deep,128,1,132,0.07122732682818082
deep,128,1,133,0.07056955343621357
deep,128,1,134,0.06993978059857037
deep,128,1,135,0.06919172523648301
deep,128,1,136,0.06855605444221952
deep,128,1,137,0.06789178827730992
deep,128,1,138,0.06738350644917408
deep,128,1,139,0.06684633037764037
deep,128,1,140,0.0662674391885843
deep,128,1,141,0.06584127252727776
deep,128,1,142,0.06533232226223382
deep,128,1,143,0.06489690498494743
deep,128,1,144,0.06433723114740404
deep,128,1,145,0.0635704962013698
deep,128,1,146,0.0626971965103978
deep,128,1,147,0.06169888347839432
deep,128,1,148,0.06074421560464538
deep,128,1,149,0.059705844875820084
deep,128,1,150,0.05877675390452418
deep,128,1,151,0.05787633912249911
deep,128,1,152,0.05687093514011743
deep,128,1,153,0.055856647058083755
deep,128,1,154,0.05489953837002349
deep,128,1,155,0.05388266245739731
deep,128,1,156,0.05281106138812777
deep,128,1,157,0.051677147715191746
deep,128,1,158,0.05049658100975133
deep,128,1,159,0.04925815069070173
deep,128,1,160,0.04805354182271158
deep,128,1,161,0.04690272308512951
deep,128,1,162,0.04583509752479641
deep,128,1,163,0.044851206884485864
deep,128,1,164,0.04388425270620157
deep,128,1,165,0.04299559046486189
deep,128,1,166,0.04208950329239649
deep,128,1,167,0.04109788994676473
deep,128,1,168,0.04007665433000067
deep,128,1,169,0.03881820754050424
deep,128,1,170,0.03760919689811752
deep,128,1,171,0.036446297848265106
deep,128,1,172,0.03536965557475573
deep,128,1,173,0.034399877836593866
deep,128,1,174,0.03362023213617389
deep,128,1,175,0.03285535463069078
deep,128,1,176,0.03216798651606181
deep,128,1,177,0.031566126314011546
deep,128,1,178,0.030910774224004966
deep,128,1,179,0.03016051951658836
deep,128,1,180,0.029449297878257192
deep,128,1,181,0.02879422523750436
deep,128,1,182,0.02819795829878532
deep,128,1,183,0.027605599627301913
deep,128,1,184,0.02697921836879563
deep,128,1,185,0.02637050253696194
deep,128,1,186,0.025811110758854703
deep,128,1,187,0.02506176753703792
deep,128,1,188,0.024318249508738666
deep,128,1,189,0.023514319884676504
deep,128,1,190,0.02278719532051347
deep,128,1,191,0.02209925225901662
deep,128,1,192,0.021568796281923232
deep,128,1,193,0.021045755741100732
deep,128,1,194,0.020435539550914785
deep,128,1,195,0.019855642479464274
deep,128,1,196,0.019253686692463627
deep,128,1,197,0.01878543815982186
deep,128,1,198,0.018388746947467782
deep,128,1,199,0.0178553867864972
deep,128,1,200,0.017441848607863762
deep,128,1,201,0.016938482789300366
deep,128,1,202,0.016460774469017184
deep,128,1,203,0.015849990278053595
deep,128,1,204,0.015339049171217164
deep,128,1,205,0.014835907562647507
deep,128,1,206,0.014295294162446239
deep,128,1,207,0.013827778534955561
deep,128,1,208,0.013511884029937613
deep,128,1,209,0.013096569478703574
deep,128,1,210,0.012906061697469995
deep,128,1,211,0.012719341611469022
deep,128,1,212,0.012464267931238213
deep,128,1,213,0.012028070007735661
deep,128,1,214,0.011561778665772956
deep,128,1,215,0.011213271956454851
deep,128,1,216,0.010907955861785897
deep,128,1,217,0.010640055872122287
deep,128,1,218,0.01031588246568704
deep,128,1,219,0.01002299958247466
deep,128,1,220,0.009792300773776866
deep,128,1,221,0.009562871546688903
deep,128,1,222,0.009220845144305703
deep,128,1,223,0.008793791489065223
deep,128,1,224,0.008591239714086735
deep,128,1,225,0.008312306370021876
deep,128,1,226,0.00814306381566646
deep,128,1,227,0.008157468724623246
deep,128,1,228,0.008239936241917982
deep,128,1,229,0.008224813823976981
deep,128,1,230,0.008115951008756953
deep,128,1,231,0.008009898918897706
deep,128,1,232,0.008059217551931681
deep,128,1,233,0.008166496060889573
deep,128,1,234,0.00824564597148118
deep,128,1,235,0.008292306440353628
deep,128,1,236,0.008185976772972007
deep,128,1,237,0.008428060022940435
deep,128,1,238,0.008684333417578537
deep,128,1,239,0.008888429264600057
deep,128,1,240,0.009146240543927318
deep,128,1,241,0.009487743963033004
deep,128,1,242,0.00968502070291177
deep,128,1,243,0.009917242365630585
deep,128,1,244,0.01020301321334085
deep,128,1,245,0.01052630715828521
deep,128,1,246,0.010949340815261829
deep,128,1,247,0.011415305182999486
deep,128,1,248,0.011845941557034109
deep,128,1,249,0.012266616863403572
deep,128,1,250,0.012634130757310546
deep,128,1,251,0.012830731090850148
deep,128,1,252,0.013043126359896285
deep,128,1,253,0.013365225668300836
deep,128,1,254,0.013764185637810743
deep,128,1,255,0.01407666020868779
deep,128,1,256,0.014291782287102865
deep,128,1,257,0.014412435305849812
deep,128,1,258,0.014302337392908876
deep,128,1,259,0.014054830904136551
deep,128,1,260,0.013918286372865924
deep,128,1,261,0.013773060032077233
deep,128,1,262,0.013535599709981347
deep,128,1,263,0.013369080597234202
deep,128,1,264,0.013217969466980043
deep,128,1,265,0.012975064399771594
deep,128,1,266,0.012947024756924039
deep,128,1,267,0.012864215330481002
deep,128,1,268,0.012829753265492747
deep,128,1,269,0.012778525172272005
deep,128,1,270,0.012574255642845398
deep,128,1,271,0.012441942067910525
deep,128,1,272,0.012159370614289185
deep,128,1,273,0.01190753996672401
deep,128,1,274,0.011705633535487127
deep,128,1,275,0.011489103329424835
deep,128,1,276,0.011152293548524088
deep,128,1,277,0.01082941434169525
deep,128,1,278,0.010369360025929471
deep,128,1,279,0.00993945439104981
deep,128,1,280,0.009647068214746687
deep,128,1,281,0.00930002829438587
deep,128,1,282,0.008984614036370275
deep,128,1,283,0.008619140038209504
deep,128,1,284,0.008245817102616586
deep,128,1,285,0.007949118409529716
deep,128,1,286,0.00782713984693228
deep,128,1,287,0.00796134952354561
deep,128,1,288,0.00828958176513996
deep,128,1,289,0.00864604181434412
deep,128,1,290,0.008958085298892055
deep,128,1,291,0.009246430473358708
deep,128,1,292,0.009574233963964113
deep,128,1,293,0.009887320871071024
deep,128,1,294,0.010041645945897118
deep,128,1,295,0.009935152052061462
deep,128,1,296,0.00991742227934858
deep,128,1,297,0.009896570829391386
deep,128,1,298,0.009970285972007949
deep,128,1,299,0.010064500444148132
deep,128,1,300,0.010408843283955489
deep,128,1,301,0.010741871188704902
deep,128,1,302,0.01086794038508674
deep,128,1,303,0.010902692003208073
deep,128,1,304,0.010857189910481388
deep,128,1,305,0.010777918074328555
deep,128,1,306,0.010903768295589799
deep,128,1,307,0.01113355223197225
deep,128,1,308,0.011355666814379585
deep,128,1,309,0.011530938489274323
deep,128,1,310,0.01161798057790411
deep,128,1,311,0.011425757871094958
deep,128,1,312,0.011077770600599592
deep,128,1,313,0.010871181132458446
deep,128,1,314,0.01052955439516999
deep,128,1,315,0.010230631208052522
deep,128,1,316,0.009915829596244083
deep,128,1,317,0.009614177963863664
deep,128,1,318,0.00947901123012104
deep,128,1,319,0.009500115188916936
deep,128,1,320,0.009592186418182092
deep,128,1,321,0.009535643941138811
deep,128,1,322,0.009544871597251967
deep,128,1,323,0.009543159644270948
deep,128,1,324,0.009493330848554755
deep,128,1,325,0.009470554817636775
deep,128,1,326,0.009420439885015404
deep,128,1,327,0.009488261947845121
deep,128,1,328,0.009593858578043499
deep,128,1,329,0.009648919820433555
deep,128,1,330,0.00963677603844848
deep,128,1,331,0.009743359865956187
deep,128,1,332,0.009854673683249833
deep,128,1,333,0.00986566419040398
deep,128,1,334,0.00986908809861824
deep,128,1,335,0.009801207413278805
deep,128,1,336,0.009785759455180544
deep,128,1,337,0.009877942840910847
deep,128,1,338,0.009944843535959324
deep,128,1,339,0.009928507710470345
deep,128,1,340,0.009814903991979781
deep,128,1,341,0.009890692064034234
deep,128,1,342,0.010183130714274367
deep,128,1,343,0.010334951758369832
deep,128,1,344,0.010571929527665362
deep,128,1,345,0.01068211878892502
deep,128,1,346,0.011050970910122571
deep,128,1,347,0.011287280680888344
deep,128,1,348,0.011472005830968315
deep,128,1,349,0.011475381427049394
deep,128,1,350,0.011405110845762378
deep,128,1,351,0.011325744759767439
deep,128,1,352,0.011190826678940786
deep,128,1,353,0.01127210574381665
deep,128,1,354,0.011171216950841636
deep,128,1,355,0.011087126097639685
deep,128,1,356,0.01106504341599255
deep,128,1,357,0.010969534672572015
deep,128,1,358,0.0109708698205621
deep,128,1,359,0.011092152474754986
deep,128,1,360,0.01125347237427344
deep,128,1,361,0.011413300628491715
deep,128,1,362,0.01141851895681504
deep,128,1,363,0.01156027894617722
deep,128,1,364,0.011551983169858171
deep,128,1,365,0.011585783964354177
deep,128,1,366,0.011477383425797301
deep,128,1,367,0.011183728515598878
deep,128,1,368,0.010984267413752413
deep,128,1,369,0.010848297743831205
deep,128,1,370,0.010660141936460558
deep,128,1,371,0.010390888985397122
deep,128,1,372,0.010198903615489946
deep,128,1,373,0.009968980802317267
deep,128,1,374,0.009654156579185977
deep,128,1,375,0.009459445339151072
deep,128,1,376,0.009423632940418284
deep,128,1,377,0.009455915544483239
deep,128,1,378,0.00945778112355424
deep,128,1,379,0.00943415276749802
deep,128,1,380,0.009475289354088107
deep,128,1,381,0.009519840209480329
deep,128,1,382,0.009418775833936917
deep,128,1,383,0.0094185140805297
deep,128,1,384,0.009421501186542001
deep,128,1,385,0.009362355330394827
deep,128,1,386,0.009326537722453308
deep,128,1,387,0.009185292421933871
deep,128,1,388,0.008881093736246758
deep,128,1,389,0.00852955065097511
deep,128,1,390,0.00811863985637077
deep,128,1,391,0.007840431942153154
deep,128,1,392,0.007607738753704671
deep,128,1,393,0.00753750077099321
deep,128,1,394,0.007506429755412372
deep,128,1,395,0.007418768416497002
deep,128,1,396,0.007111155570600186
deep,128,1,397,0.006754538853402221
deep,128,1,398,0.006574893485281656
deep,128,1,399,0.006090784095214331
deep,128,1,400,0.005853041235838236
deep,128,2,0,1.0
deep,128,2,1,0.9605530984896108
deep,128,2,2,0.9232977877263482
deep,128,2,3,0.8878788382037472
deep,128,2,4,0.8543789746624177
deep,128,2,5,0.8223915318162126
deep,128,2,6,0.7918655443792004
deep,128,2,7,0.7628353092214295
deep,128,2,8,0.735299654881629
deep,128,2,9,0.7091693374719059
deep,128,2,10,0.6842730027099458
deep,128,2,11,0.6606831504265358
deep,128,2,12,0.6382815913731323
deep,128,2,13,0.6170385135808482
deep,128,2,14,0.5967921489040405
deep,128,2,15,0.5773705125305636
deep,128,2,16,0.5588666180311063
deep,128,2,17,0.541200236973819
deep,128,2,18,0.5242654842543455
deep,128,2,19,0.5082820036790577
deep,128,2,20,0.4928207442157964
deep,128,2,21,0.4779999055059297
deep,128,2,22,0.4637145937607505
deep,128,2,23,0.45008132839554427
deep,128,2,24,0.4370545147911618
deep,128,2,25,0.4243402158435246
deep,128,2,26,0.41203930893975194
deep,128,2,27,0.4002723351713109
deep,128,2,28,0.38878547322937845
deep,128,2,29,0.3775212948418995
deep,128,2,30,0.3665405021060109
deep,128,2,31,0.35589553568793675
deep,128,2,32,0.3457640138762037
deep,128,2,33,0.3359830432174414
deep,128,2,34,0.32652653416272037
deep,128,2,35,0.31729484208846276
deep,128,2,36,0.30850245333862675
deep,128,2,37,0.30009546052597946
deep,128,2,38,0.29195685099907953
deep,128,2,39,0.2842582159942026
deep,128,2,40,0.27695212239730704
deep,128,2,41,0.26947857350609267
deep,128,2,42,0.26236730731966595
deep,128,2,43,0.2554263780764906
deep,128,2,44,0.2485846972703041
deep,128,2,45,0.24205631543946093
deep,128,2,46,0.23581878174978407
deep,128,2,47,0.22963869108230214
deep,128,2,48,0.22372958132480472
deep,128,2,49,0.21801390311015045
deep,128,2,50,0.21269191010677987
deep,128,2,51,0.20752336457415504
deep,128,2,52,0.2025227503823168
deep,128,2,53,0.1977344477144437
deep,128,2,54,0.19327501475019288
deep,128,2,55,0.18900775706356687
deep,128,2,56,0.18483393550012603
deep,128,2,57,0.18082053427349815
deep,128,2,58,0.17696092003708364
deep,128,2,59,0.17342853305549136
deep,128,2,60,0.16995005711870256
deep,128,2,61,0.1665308286970955
deep,128,2,62,0.16324798799437987
deep,128,2,63,0.15989244868605365
deep,128,2,64,0.15668293319041818
deep,128,2,65,0.15345308902126265
deep,128,2,66,0.1500338148510138
deep,128,2,67,0.1465707968367626
deep,128,2,68,0.1432641478709466
deep,128,2,69,0.13998285975708097
deep,128,2,70,0.13695665061105472
deep,128,2,71,0.13412996018343937
deep,128,2,72,0.1312362858693967
deep,128,2,73,0.12834879303279134
deep,128,2,74,0.12539886854158372
deep,128,2,75,0.12268808780724477
deep,128,2,76,0.12001284881055363
deep,128,2,77,0.11752595406044829
deep,128,2,78,0.11518885290107105
deep,128,2,79,0.11283152554577859
deep,128,2,80,0.11051312283034011
deep,128,2,81,0.10845310325425078
deep,128,2,82,0.10633655325985504
deep,128,2,83,0.10427596201826453
deep,128,2,84,0.10241927532208253
deep,128,2,85,0.1004851880076453
deep,128,2,86,0.09843110367768806
deep,128,2,87,0.09630066877078365
deep,128,2,88,0.09412197675105245
deep,128,2,89,0.09184707911351965
deep,128,2,90,0.08965824202885667
deep,128,2,91,0.0875896326686042
deep,128,2,92,0.08567394936406665
deep,128,2,93,0.08372461134025722
deep,128,2,94,0.08197258944765434
deep,128,2,95,0.08027928280289202
deep,128,2,96,0.07856892966544693
deep,128,2,97,0.0768056422735919
deep,128,2,98,0.0752568958684579
deep,128,2,99,0.07389926052398307
deep,128,2,100,0.07264100495628155
deep,128,2,101,0.07142144151677099
deep,128,2,102,0.07041839063312431
deep,128,2,103,0.06951844680464812
deep,128,2,104,0.0684105583516258
deep,128,2,105,0.06748174731665264
deep,128,2,106,0.06674877159313203
deep,128,2,107,0.06593345990911977
deep,128,2,108,0.06533771560012087
deep,128,2,109,0.06456208438223901
deep,128,2,110,0.06368695504502592
deep,128,2,111,0.06283597135003813
deep,128,2,112,0.06210378619238705
deep,128,2,113,0.061384931288481444
deep,128,2,114,0.06065787424294701
deep,128,2,115,0.059869009429391024
deep,128,2,116,0.059061573526924774
deep,128,2,117,0.058089326399520226
deep,128,2,118,0.057196256407625934
deep,128,2,119,0.05634391236798974
deep,128,2,120,0.05568901934815891
deep,128,2,121,0.055076934607326294
deep,128,2,122,0.05454291724570802
deep,128,2,123,0.05387758990800311
deep,128,2,124,0.05312892987535669
deep,128,2,125,0.05244318599183572
deep,128,2,126,0.0519032104118293
deep,128,2,127,0.05151956711202152
deep,128,2,128,0.05105108820225529
deep,128,2,129,0.050449829831742336
deep,128,2,130,0.049593637389414316
deep,128,2,131,0.04886100075489269
deep,128,2,132,0.04820475482240444
deep,128,2,133,0.04745718303863058
deep,128,2,134,0.04687569440451885
deep,128,2,135,0.04638899319502152
deep,128,2,136,0.04583738634127158
deep,128,2,137,0.04535739116100647
deep,128,2,138,0.04488012749318926
deep,128,2,139,0.04432981857578136
deep,128,2,140,0.04376401532485295
deep,128,2,141,0.043126178828658115
deep,128,2,142,0.042414707683161246
deep,128,2,143,0.041897515775246134
deep,128,2,144,0.041389227750862644
deep,128,2,145,0.04075046317118957
deep,128,2,146,0.04006382859062113
deep,128,2,147,0.03931752453698896
deep,128,2,148,0.03867440044665517
deep,128,2,149,0.038081312915716856
deep,128,2,150,0.0375332939817901
deep,128,2,151,0.03687781680381204
deep,128,2,152,0.036293525090221455
deep,128,2,153,0.035690211452073066
deep,128,2,154,0.03523797577189228
deep,128,2,155,0.03482983550429248
deep,128,2,156,0.034473103713808545
deep,128,2,157,0.03394314527462902
deep,128,2,158,0.03327534272701178
deep,128,2,159,0.03264405236526203
deep,128,2,160,0.032077885243441524
deep,128,2,161,0.03171339994459281
deep,128,2,162,0.03123210185220562
deep,128,2,163,0.03075723912553064
deep,128,2,164,0.030362104910799617
deep,128,2,165,0.029964773669879118
deep,128,2,166,0.029412296983025187
deep,128,2,167,0.02892782561817315
deep,128,2,168,0.028454791938528283
deep,128,2,169,0.027766781542629813
deep,128,2,170,0.02727848572554991
deep,128,2,171,0.02685050069211447
deep,128,2,172,0.026491466692219755
deep,128,2,173,0.026141274685250782
deep,128,2,174,0.025917653869393976
deep,128,2,175,0.025901092091987977
deep,128,2,176,0.02579465623572767
deep,128,2,177,0.025840085337908054
deep,128,2,178,0.025933472025178768
deep,128,2,179,0.025936491649370903
deep,128,2,180,0.025869742704541194
deep,128,2,181,0.025516631744584715
deep,128,2,182,0.025377977593406185
deep,128,2,183,0.02550706445012043
deep,128,2,184,0.025718474862098193
deep,128,2,185,0.02580993040835731
deep,128,2,186,0.025835581546619028
deep,128,2,187,0.025793203092651977
deep,128,2,188,0.025734843327781587
deep,128,2,189,0.02551355157264123
deep,128,2,190,0.025656432255943898
deep,128,2,191,0.02584903776496402
deep,128,2,192,0.0261986628514888
deep,128,2,193,0.02645522585422758
deep,128,2,194,0.02681497835225575
deep,128,2,195,0.027020482245519405
deep,128,2,196,0.02699641982882667
deep,128,2,197,0.027069283333938193
deep,128,2,198,0.02723769979433061
deep,128,2,199,0.027452366315579735
deep,128,2,200,0.027304396289198264
deep,128,2,201,0.027327269221310322
deep,128,2,202,0.02727987079464372
deep,128,2,203,0.027236775285353308
deep,128,2,204,0.027374600325249528
deep,128,2,205,0.02760702990056043
deep,128,2,206,0.02782367141569869
deep,128,2,207,0.02804950965289878
deep,128,2,208,0.028107835310293608
deep,128,2,209,0.028304779110391302
deep,128,2,210,0.028631392163276884
deep,128,2,211,0.028869442759211543
deep,128,2,212,0.029035638645603955
deep,128,2,213,0.029026503940039264
deep,128,2,214,0.028929606847744364
deep,128,2,215,0.0287916003536944
deep,128,2,216,0.02859693523675074
deep,128,2,217,0.02844910815377549
deep,128,2,218,0.028292067174936153
deep,128,2,219,0.028141694053986734
deep,128,2,220,0.02783295759484701
deep,128,2,221,0.027561594193536584
deep,128,2,222,0.027245790149550635
deep,128,2,223,0.026845506478805233
deep,128,2,224,0.02658940203262009
deep,128,2,225,0.0264554360411612
deep,128,2,226,0.026257784552552784
deep,128,2,227,0.026045514048134585
deep,128,2,228,0.025721123802687585
deep,128,2,229,0.025348252537454645
deep,128,2,230,0.02494951981435956
deep,128,2,231,0.024643188352798023
deep,128,2,232,0.024229403664753315
deep,128,2,233,0.02405770232982641
deep,128,2,234,0.023866725326748908
deep,128,2,235,0.023486724376808932
deep,128,2,236,0.023146119737320385
deep,128,2,237,0.02265563701396495
deep,128,2,238,0.02220560655312718
deep,128,2,239,0.021683318331375757
deep,128,2,240,0.021036205654975625
deep,128,2,241,0.02026818795411287
deep,128,2,242,0.01932774825531966
deep,128,2,243,0.018374701804847977
deep,128,2,244,0.01730263050856195
deep,128,2,245,0.01632445699492289
deep,128,2,246,0.015331064787473042
deep,128,2,247,0.014354392008939723
deep,128,2,248,0.013485167538413634
deep,128,2,249,0.012592157874473903
deep,128,2,250,0.01180286426836218
deep,128,2,251,0.011136493284487426
deep,128,2,252,0.010699424608645052
deep,128,2,253,0.0101540061950665
deep,128,2,254,0.009870264636183406
deep,128,2,255,0.009602132548112511
deep,128,2,256,0.009529320732827296
deep,128,2,257,0.009553189256818088
deep,128,2,258,0.00961928944732766
deep,128,2,259,0.00968847619523084
deep,128,2,260,0.009688204646656446
deep,128,2,261,0.009610342600514939
deep,128,2,262,0.009457979264442102
deep,128,2,263,0.009345072008179483
deep,128,2,264,0.009291144434404711
deep,128,2,265,0.009081076868355714
deep,128,2,266,0.00890718380467878
deep,128,2,267,0.008831385070460133
deep,128,2,268,0.008798491226848093
deep,128,2,269,0.008825230670575489
deep,128,2,270,0.00887913750916103
deep,128,2,271,0.00881836039579114
deep,128,2,272,0.00863306073699259
deep,128,2,273,0.008408779902142451
deep,128,2,274,0.008573528120592649
deep,128,2,275,0.008529215886746062
deep,128,2,276,0.008280340403148428
deep,128,2,277,0.00796602986071692
deep,128,2,278,0.007655378685882873
deep,128,2,279,0.007235972464444447
deep,128,2,280,0.006668280015858852
deep,128,2,281,0.0060937132427106265
deep,128,2,282,0.005530621309968788
deep,128,2,283,0.004886146036553478
deep,128,2,284,0.004614827635593071
deep,128,2,285,0.004342050429291015
deep,128,2,286,0.004064022891210007
deep,128,2,287,0.003916506576433458
deep,128,2,288,0.0038948056913714548
deep,128,2,289,0.003914463528674196
deep,128,2,290,0.0035636725953792333
deep,128,2,291,0.003264292961557183
deep,128,2,292,0.003169278357394843
deep,128,2,293,0.0033536913442403418
deep,128,2,294,0.0032961243686594577
deep,128,2,295,0.003201617639976734
deep,128,2,296,0.003168893702306694
deep,128,2,297,0.0030068273924201624
deep,128,2,298,0.0029719775789283417
deep,128,2,299,0.0028406339858809016
deep,128,2,300,0.002733156465022731
deep,128,2,301,0.002797454860298901
deep,128,2,302,0.002785833886160544
deep,128,2,303,0.0026724004564013977
deep,128,2,304,0.002400653169602541
deep,128,2,305,0.0021456146100516165
deep,128,2,306,0.0018727982121880694
deep,128,2,307,0.0016075803488666573
deep,128,2,308,0.0011932937601586637
deep,128,2,309,0.0007989212974963797
deep,128,2,310,0.00055105489253343
deep,128,2,311,0.00014398078811178302
deep,128,2,312,-0.0002646776624839883
deep,128,2,313,-0.000709309729976646
deep,128,2,314,-0.0010553371603648338
deep,128,2,315,-0.0013877279578790938
deep,128,2,316,-0.0016613243981722422
deep,128,2,317,-0.0018023848194310189
deep,128,2,318,-0.0019472858066696104
deep,128,2,319,-0.0018174437118305999
deep,128,2,320,-0.0016691397192317567
deep,128,2,321,-0.0015792413713047546
deep,128,2,322,-0.001575957006715414
deep,128,2,323,-0.0016735543631651436
deep,128,2,324,-0.001877049086610481
deep,128,2,325,-0.002054120741909255
deep,128,2,326,-0.002217386070137656
deep,128,2,327,-0.0026578547199990294
deep,128,2,328,-0.003128551920161201
deep,128,2,329,-0.0035766082802421977
deep,128,2,330,-0.003939888233655903
deep,128,2,331,-0.004086584536817331
deep,128,2,332,-0.004162621368343635
deep,128,2,333,-0.004096694255462151
deep,128,2,334,-0.003942204218320645
deep,128,2,335,-0.003834534566165505
deep,128,2,336,-0.00370226688754494
deep,128,2,337,-0.00375411069461848
deep,128,2,338,-0.0035930535110634387
deep,128,2,339,-0.0034938440689235586
deep,128,2,340,-0.0032251721804913455
deep,128,2,341,-0.0029197256824110476
deep,128,2,342,-0.002662063576722631
deep,128,2,343,-0.002638583586400024
deep,128,2,344,-0.0026302409319108374
deep,128,2,345,-0.002730626716861783
deep,128,2,346,-0.002984108591838459
deep,128,2,347,-0.003292604599300198
deep,128,2,348,-0.0036372456463916957
deep,128,2,349,-0.004064404371710614
deep,128,2,350,-0.004460736520725327
deep,128,2,351,-0.004578939788045231
deep,128,2,352,-0.004858373261066614
deep,128,2,353,-0.004953238301784095
deep,128,2,354,-0.005039745279859667
deep,128,2,355,-0.005030591233364439
deep,128,2,356,-0.005075039738289959
deep,128,2,357,-0.00497132944813026
deep,128,2,358,-0.004855441359616049
deep,128,2,359,-0.004634351044684551
deep,128,2,360,-0.004521828434335301
deep,128,2,361,-0.004413921535449987
deep,128,2,362,-0.004363250232140239
deep,128,2,363,-0.004555965107473226
deep,128,2,364,-0.004465149387837662
deep,128,2,365,-0.004526187535144735
deep,128,2,366,-0.004648865507351067
deep,128,2,367,-0.004601238240791628
deep,128,2,368,-0.004562790895257434
deep,128,2,369,-0.004686781244125764
deep,128,2,370,-0.004724590482042501
deep,128,2,371,-0.004846696930300026
deep,128,2,372,-0.004962981941059494
deep,128,2,373,-0.0049643528185293355
deep,128,2,374,-0.005004186061768519
deep,128,2,375,-0.00511284887526776
deep,128,2,376,-0.005185048213330878
deep,128,2,377,-0.005184604120485379
deep,128,2,378,-0.004924186683660692
deep,128,2,379,-0.004699961006867066
deep,128,2,380,-0.004516002219602971
deep,128,2,381,-0.00442509195715667
deep,128,2,382,-0.0043297459007080735
deep,128,2,383,-0.0042198453700147565
deep,128,2,384,-0.004210318131523388
deep,128,2,385,-0.004164163106746764
deep,128,2,386,-0.004108420907451104
deep,128,2,387,-0.004284322106502246
deep,128,2,388,-0.0045019594256875475
deep,128,2,389,-0.0047390166770349225
deep,128,2,390,-0.004980772488008814
deep,128,2,391,-0.0054090293631054165
deep,128,2,392,-0.005421123709386714
deep,128,2,393,-0.005296353502451875
deep,128,2,394,-0.005009653300089143
deep,128,2,395,-0.004784591555848306
deep,128,2,396,-0.004671949376486523
deep,128,2,397,-0.004689208557499811
deep,128,2,398,-0.00455692610486307
deep,128,2,399,-0.004568454345573381
deep,128,2,400,-0.0047256839715014085
deep,256,0,0,1.0
deep,256,0,1,0.9576286573604236
deep,256,0,2,0.9174415689492089
deep,256,0,3,0.8792976451574558
deep,256,0,4,0.843200126651053
deep,256,0,5,0.80896914904265
deep,256,0,6,0.7767653068093696
deep,256,0,7,0.7461803498580424
deep,256,0,8,0.7170159594461711
deep,256,0,9,0.6889724077770571
deep,256,0,10,0.6624711861399072
deep,256,0,11,0.6372028390062768
deep,256,0,12,0.6130938112547483
deep,256,0,13,0.5900072813190992
deep,256,0,14,0.5680778658109312
deep,256,0,15,0.5473009250977444
deep,256,0,16,0.5273486300004038
deep,256,0,17,0.5081499426571257
deep,256,0,18,0.48982390379594043
deep,256,0,19,0.4725559405309828
deep,256,0,20,0.4559594683823996
deep,256,0,21,0.44003878769130667
deep,256,0,22,0.4249765097776752
deep,256,0,23,0.41046336963472374
deep,256,0,24,0.3966559776779259
deep,256,0,25,0.38334667559474067
deep,256,0,26,0.3706954454311929
deep,256,0,27,0.35840762231436196
deep,256,0,28,0.3466677302283864
deep,256,0,29,0.3353610736549487
deep,256,0,30,0.3245690567116144
deep,256,0,31,0.3140866443103406
deep,256,0,32,0.30373812764651464
deep,256,0,33,0.2939860480407155
deep,256,0,34,0.2845047631063969
deep,256,0,35,0.2754777691697358
deep,256,0,36,0.2666767577955241
deep,256,0,37,0.25818866011252367
deep,256,0,38,0.2500152156351588
deep,256,0,39,0.24240238488969243
deep,256,0,40,0.23508895285957845
deep,256,0,41,0.22810796365676902
deep,256,0,42,0.22125468241375015
deep,256,0,43,0.21455130455997923
deep,256,0,44,0.208072332576961
deep,256,0,45,0.20171311020713106
deep,256,0,46,0.19556405837682456
deep,256,0,47,0.18961638760646554
deep,256,0,48,0.18413590026611495
deep,256,0,49,0.17866226899028456
deep,256,0,50,0.17325381335507137
deep,256,0,51,0.16807669589158467
deep,256,0,52,0.16297477428858337
deep,256,0,53,0.1579503156779992
deep,256,0,54,0.15325894448041472
deep,256,0,55,0.14866915216026536
deep,256,0,56,0.14429618709479888
deep,256,0,57,0.14008100984186517
deep,256,0,58,0.1358669590051123
deep,256,0,59,0.13193520633311148
deep,256,0,60,0.12805035626141947
deep,256,0,61,0.12414915029153588
deep,256,0,62,0.12036654090519301
deep,256,0,63,0.11667006537469204
deep,256,0,64,0.11299040006665695
deep,256,0,65,0.10936244620737846
deep,256,0,66,0.1058960957770962
deep,256,0,67,0.10265910264329833
deep,256,0,68,0.09949111285030991
deep,256,0,69,0.09636784120298107
deep,256,0,70,0.09332965256879536
deep,256,0,71,0.0904958790515572
deep,256,0,72,0.08774894272228712
deep,256,0,73,0.08502003015179722
deep,256,0,74,0.08227072769376968
deep,256,0,75,0.07946478029648255
deep,256,0,76,0.07688486826379055
deep,256,0,77,0.07426077899553932
deep,256,0,78,0.07154997783856924
deep,256,0,79,0.06891044707116215
deep,256,0,80,0.06641303856423053
deep,256,0,81,0.06405000477612939
deep,256,0,82,0.06182816543206353
deep,256,0,83,0.05955428885449748
deep,256,0,84,0.05753185645063588
deep,256,0,85,0.055624292070191775
deep,256,0,86,0.0537677444068804
deep,256,0,87,0.05191734920621427
deep,256,0,88,0.04987012176153296
deep,256,0,89,0.047741152716444205
deep,256,0,90,0.045860144334600034
deep,256,0,91,0.0441302871466249
deep,256,0,92,0.04240905666545626
deep,256,0,93,0.04072443786206686
deep,256,0,94,0.03904175752023466
deep,256,0,95,0.037348991779648746
deep,256,0,96,0.03583285416590635
deep,256,0,97,0.034344859723185545
deep,256,0,98,0.03303857569369839
deep,256,0,99,0.03187643201524387
deep,256,0,100,0.030570970596719566
deep,256,0,101,0.029309173475539595
deep,256,0,102,0.028091192774164116
deep,256,0,103,0.026895006822438304
deep,256,0,104,0.02570261020257507
deep,256,0,105,0.024533739386697055
deep,256,0,106,0.023429753094865034
deep,256,0,107,0.022339283861459204
deep,256,0,108,0.021316719084996258
deep,256,0,109,0.020222710486855158
deep,256,0,110,0.019170333768242443
deep,256,0,111,0.018149824760147766
deep,256,0,112,0.017329690129800412
deep,256,0,113,0.01652323918948976
deep,256,0,114,0.015717186430140775
deep,256,0,115,0.01500815001421765
deep,256,0,116,0.014465806603044595
deep,256,0,117,0.013803376050443968
deep,256,0,118,0.013146846261688038
deep,256,0,119,0.012386363320315768
deep,256,0,120,0.01153756522945761
deep,256,0,121,0.010738645103673826
deep,256,0,122,0.00991550457922254
deep,256,0,123,0.009229832898185724
deep,256,0,124,0.008700304052713196
deep,256,0,125,0.00836806213016431
deep,256,0,126,0.007974930305351475
deep,256,0,127,0.007623223258146594
deep,256,0,128,0.007348076202848648
deep,256,0,129,0.007293921742248168
deep,256,0,130,0.007142699051160981
deep,256,0,131,0.00688348481302618
deep,256,0,132,0.006717359426507589
deep,256,0,133,0.006687612711944562
deep,256,0,134,0.00663263795277925
deep,256,0,135,0.006613955088909019
deep,256,0,136,0.0066384874977823095
deep,256,0,137,0.0065104783437131076
deep,256,0,138,0.006533848545109907
deep,256,0,139,0.006589124343795068
deep,256,0,140,0.006545479851576044
deep,256,0,141,0.006492916938194969
deep,256,0,142,0.006386464654421005
deep,256,0,143,0.006499531309657715
deep,256,0,144,0.006384572737937607
deep,256,0,145,0.006109405306547973
deep,256,0,146,0.005918066051046042
deep,256,0,147,0.005603557040955057
deep,256,0,148,0.0054108263528278005
deep,256,0,149,0.005295207062017273
deep,256,0,150,0.005296173268572446
deep,256,0,151,0.005384271423167486
deep,256,0,152,0.005306019058014299
deep,256,0,153,0.00508044161403669
deep,256,0,154,0.004669237450861072
deep,256,0,155,0.004338547890965683
deep,256,0,156,0.004136715040990944
deep,256,0,157,0.0037786778611591824
deep,256,0,158,0.0034467307446096338
deep,256,0,159,0.0030271897541059452
deep,256,0,160,0.0027571168386095707
deep,256,0,161,0.0025018885789251637
deep,256,0,162,0.0024348329659360417
deep,256,0,163,0.002235813211057547
deep,256,0,164,0.0020903608201024706
deep,256,0,165,0.0018653937178195
deep,256,0,166,0.0016265240714282798
deep,256,0,167,0.0016714114381780705
deep,256,0,168,0.002028180747503814
deep,256,0,169,0.0023802432828794384
deep,256,0,170,0.0025005580680202157
deep,256,0,171,0.002483911537666438
deep,256,0,172,0.0023355969976477952
deep,256,0,173,0.002114881477573952
deep,256,0,174,0.0019345082308076713
deep,256,0,175,0.001868920332282636
deep,256,0,176,0.0019498434475457862
deep,256,0,177,0.002201385819922594
deep,256,0,178,0.002249600508467186
deep,256,0,179,0.0023013638944445096
deep,256,0,180,0.0025346554401184194
deep,256,0,181,0.002902036080386212
deep,256,0,182,0.0033172819949846472
deep,256,0,183,0.003792589916136848
deep,256,0,184,0.00417032235930998
deep,256,0,185,0.004629936055413567
deep,256,0,186,0.004764597436444512
deep,256,0,187,0.004758169043069608
deep,256,0,188,0.0048218332475901664
deep,256,0,189,0.004903127465307522
deep,256,0,190,0.004997161238658591
deep,256,0,191,0.005145598363797715
deep,256,0,192,0.005239945789506411
deep,256,0,193,0.005278955097639243
deep,256,0,194,0.005233766465651607
deep,256,0,195,0.005205247460252192
deep,256,0,196,0.005198883414423698
deep,256,0,197,0.005343544544870324
deep,256,0,198,0.005524489636819932
deep,256,0,199,0.005562747627620324
deep,256,0,200,0.005572508438472785
deep,256,0,201,0.0055366189516674056
deep,256,0,202,0.0057495595629254645
deep,256,0,203,0.00594680320642186
deep,256,0,204,0.006277954545841392
deep,256,0,205,0.006616726427083261
deep,256,0,206,0.007030656835916594
deep,256,0,207,0.00747570763699755
deep,256,0,208,0.007879039305195974
deep,256,0,209,0.00830779273993743
deep,256,0,210,0.008652858487431987
deep,256,0,211,0.008990043765394964
deep,256,0,212,0.009308329619087286
deep,256,0,213,0.009655009628990656
deep,256,0,214,0.010032351516339145
deep,256,0,215,0.010354652925051028
deep,256,0,216,0.010752201094157421
deep,256,0,217,0.011096955334647343
deep,256,0,218,0.011449270344695103
deep,256,0,219,0.011689790386095439
deep,256,0,220,0.011936712564099691
deep,256,0,221,0.012087576847798502
deep,256,0,222,0.012311311016247186
deep,256,0,223,0.01264318630311608
deep,256,0,224,0.013132388329459675
deep,256,0,225,0.013713076434188998
deep,256,0,226,0.014256618111894728
deep,256,0,227,0.014447152049962896
deep,256,0,228,0.014640998823248532
deep,256,0,229,0.014677028902495459
deep,256,0,230,0.014546034151468469
deep,256,0,231,0.014435271914098984
deep,256,0,232,0.014534761635240414
deep,256,0,233,0.014545924972679291
deep,256,0,234,0.014632164867983178
deep,256,0,235,0.014791963462776267
deep,256,0,236,0.014909752529526652
deep,256,0,237,0.015043392816006187
deep,256,0,238,0.01517894046988013
deep,256,0,239,0.015175229453815074
deep,256,0,240,0.015023073302545884
deep,256,0,241,0.01486973352491724
deep,256,0,242,0.014650582297020459
deep,256,0,243,0.014547551890802653
deep,256,0,244,0.014519057304841517
deep,256,0,245,0.014468003369486155
deep,256,0,246,0.014208408940361553
deep,256,0,247,0.01397018569094334
deep,256,0,248,0.013740518564840131
deep,256,0,249,0.013104266845766332
deep,256,0,250,0.012625069361584569
deep,256,0,251,0.012146904569635245
deep,256,0,252,0.011728320824338747
deep,256,0,253,0.01128975857622088
deep,256,0,254,0.010725375476119486
deep,256,0,255,0.010166635598187111
deep,256,0,256,0.009609276485161435
deep,256,0,257,0.009286831117012857
deep,256,0,258,0.0089572013572553
deep,256,0,259,0.008634072837288495
deep,256,0,260,0.00848892860489351
deep,256,0,261,0.008416822160990845
deep,256,0,262,0.008348900680695007
deep,256,0,263,0.008160509865788746
deep,256,0,264,0.008080809498295366
deep,256,0,265,0.00793075447897041
deep,256,0,266,0.007861626029556486
deep,256,0,267,0.007985702331763815
deep,256,0,268,0.008158830223071241
deep,256,0,269,0.008258887932895786
deep,256,0,270,0.008478850325270737
deep,256,0,271,0.008920602670692413
deep,256,0,272,0.009397369272803484
deep,256,0,273,0.00983752221336242
deep,256,0,274,0.010131658493127572
deep,256,0,275,0.010414593114859363
deep,256,0,276,0.010686366799516907
deep,256,0,277,0.010864454777282932
deep,256,0,278,0.011127146609590485
deep,256,0,279,0.011455462396745688
deep,256,0,280,0.011690656158554445
deep,256,0,281,0.011920263465897462
deep,256,0,282,0.011954017951698058
deep,256,0,283,0.012237797551053472
deep,256,0,284,0.012543156402932439
deep,256,0,285,0.012784451789534962
deep,256,0,286,0.01317883988021053
deep,256,0,287,0.013510663595921155
deep,256,0,288,0.013787124432916801
deep,256,0,289,0.014212842325252696
deep,256,0,290,0.014902479445477054
deep,256,0,291,0.015575805361370171
deep,256,0,292,0.016035888492362656
deep,256,0,293,0.016740717245108155
deep,256,0,294,0.017303463098312682
deep,256,0,295,0.017860556059335845
deep,256,0,296,0.01848741352886156
deep,256,0,297,0.019026402170773976
deep,256,0,298,0.019526450471054245
deep,256,0,299,0.020045692507781158
deep,256,0,300,0.020428690375204686
deep,256,0,301,0.0208146595048175
deep,256,0,302,0.021214845211226924
deep,256,0,303,0.021569353763046632
deep,256,0,304,0.02203130657952284
deep,256,0,305,0.022048041251772295
deep,256,0,306,0.022200702670491606
deep,256,0,307,0.022009789566307343
deep,256,0,308,0.021874269938497472
deep,256,0,309,0.021831188105731716
deep,256,0,310,0.021729452081333228
deep,256,0,311,0.02179677350802804
deep,256,0,312,0.021861401408075527
deep,256,0,313,0.021916750320696704
deep,256,0,314,0.022083159156559024
deep,256,0,315,0.02204684509989677
deep,256,0,316,0.022183826498081483
deep,256,0,317,0.021952992228557205
deep,256,0,318,0.02183387661254775
deep,256,0,319,0.02168123462090555
deep,256,0,320,0.021551237990325482
deep,256,0,321,0.02130444374921479
deep,256,0,322,0.021059140592644007
deep,256,0,323,0.020555009943377604
deep,256,0,324,0.01992418877179209
deep,256,0,325,0.019373961769741217
deep,256,0,326,0.01869961710650613
deep,256,0,327,0.01793269676945393
deep,256,0,328,0.017228996902135366
deep,256,0,329,0.016600696223240237
deep,256,0,330,0.015953456401255096
deep,256,0,331,0.015318616997790413
deep,256,0,332,0.014736762010683514
deep,256,0,333,0.014258455504823466
deep,256,0,334,0.013735003574165818
deep,256,0,335,0.013136757455211368
deep,256,0,336,0.01271152930681146
deep,256,0,337,0.012220539955051374
deep,256,0,338,0.01165710617071513
deep,256,0,339,0.011206035278281477
deep,256,0,340,0.010925595403823122
deep,256,0,341,0.01069324822068468
deep,256,0,342,0.01048466699314406
deep,256,0,343,0.010205445888995694
deep,256,0,344,0.010013560620927422
deep,256,0,345,0.009709800385533478
deep,256,0,346,0.009455271378966616
deep,256,0,347,0.009352178775888457
deep,256,0,348,0.009276875528097993
deep,256,0,349,0.009211613559733989
deep,256,0,350,0.009142753824637397
deep,256,0,351,0.008898848805972887
deep,256,0,352,0.0086116993244247
deep,256,0,353,0.00825677206385996
deep,256,0,354,0.007921811040207227
deep,256,0,355,0.007604289540029268
deep,256,0,356,0.00739957964437331
deep,256,0,357,0.007272840537432976
deep,256,0,358,0.0072048451943817465
deep,256,0,359,0.007148353633879232
deep,256,0,360,0.00718446248779412
deep,256,0,361,0.0072102134450790075
deep,256,0,362,0.007411359455735238
deep,256,0,363,0.0076407653363126955
deep,256,0,364,0.007636822284786016
deep,256,0,365,0.0076629635668088135
deep,256,0,366,0.007575467125540058
deep,256,0,367,0.007310116691549284
deep,256,0,368,0.007109092091577395
deep,256,0,369,0.006910969927962883
deep,256,0,370,0.006725060307552269
deep,256,0,371,0.006408117483882524
deep,256,0,372,0.0063567230717645785
deep,256,0,373,0.0060911934534464435
deep,256,0,374,0.005874651335802505
deep,256,0,375,0.0056210988243300935
deep,256,0,376,0.0054034076909276335
deep,256,0,377,0.005354732843398897
deep,256,0,378,0.0054497591840143725
deep,256,0,379,0.005414615476346485
deep,256,0,380,0.005522710323317265
deep,256,0,381,0.0055788712345391745
deep,256,0,382,0.00554169499679978
deep,256,0,383,0.005556220949597818
deep,256,0,384,0.005752341635923728
deep,256,0,385,0.005862830895701716
deep,256,0,386,0.00613506734408347
deep,256,0,387,0.006342955547896231
deep,256,0,388,0.006711989880843596
deep,256,0,389,0.007130441420359637
deep,256,0,390,0.007644989089974259
deep,256,0,391,0.008137536290131421
deep,256,0,392,0.0085975479765087
deep,256,0,393,0.009067394017794883
deep,256,0,394,0.009453405567780853
deep,256,0,395,0.009773214225175733
deep,256,0,396,0.009927321285398612
deep,256,0,397,0.009791408730198766
deep,256,0,398,0.009652458832608174
deep,256,0,399,0.009446137758330303
deep,256,0,400,0.009245273602308823
deep,256,1,0,1.0
deep,256,1,1,0.96101489814286
deep,256,1,2,0.9240572134727395
deep,256,1,3,0.8888389623974853
deep,256,1,4,0.8555020082670453
deep,256,1,5,0.8238901203339661
deep,256,1,6,0.7938031860256294
deep,256,1,7,0.7649694007155123
deep,256,1,8,0.7374404447171776
deep,256,1,9,0.7113502112470677
deep,256,1,10,0.6865355662646755
deep,256,1,11,0.6629749318057094
deep,256,1,12,0.6405060308267954
deep,256,1,13,0.6188375167808824
deep,256,1,14,0.5979741207849403
deep,256,1,15,0.5779899898746825
deep,256,1,16,0.5589512332008165
deep,256,1,17,0.5407262480216105
deep,256,1,18,0.5232075504079573
deep,256,1,19,0.5063870466325671
deep,256,1,20,0.4902129930093047
deep,256,1,21,0.4748736428000951
deep,256,1,22,0.4600876269179909
deep,256,1,23,0.44595592291764574
deep,256,1,24,0.4325178426855397
deep,256,1,25,0.4195849018074084
deep,256,1,26,0.40725798011600234
deep,256,1,27,0.39542430904061254
deep,256,1,28,0.3842387644147476
deep,256,1,29,0.37349796941629654
deep,256,1,30,0.36321368259239517
deep,256,1,31,0.3532389982024764
deep,256,1,32,0.3435634768764339
deep,256,1,33,0.3341694767856714
deep,256,1,34,0.3250277003433408
deep,256,1,35,0.31612256466088906
deep,256,1,36,0.30758793260954276
deep,256,1,37,0.29936438333045146
deep,256,1,38,0.291383827680818
deep,256,1,39,0.2835132927855
deep,256,1,40,0.2759042278748946
deep,256,1,41,0.26857217117272064
deep,256,1,42,0.26178395120148923
deep,256,1,43,0.2552229618098486
deep,256,1,44,0.24889893545239505
deep,256,1,45,0.24284044410152295
deep,256,1,46,0.23699675786323993
deep,256,1,47,0.23114644204940987
deep,256,1,48,0.22536147735496354
deep,256,1,49,0.2196116075432516
deep,256,1,50,0.21408744760121426
deep,256,1,51,0.20895916583564572
deep,256,1,52,0.20407100818848561
deep,256,1,53,0.1993651668400983
deep,256,1,54,0.19511997597553085
deep,256,1,55,0.19104126414835204
deep,256,1,56,0.1868837353695224
deep,256,1,57,0.1828006666541859
deep,256,1,58,0.17876374590947486
deep,256,1,59,0.17472171947345766
deep,256,1,60,0.17075061326089416
deep,256,1,61,0.16684770718110864
deep,256,1,62,0.16318908592738327
deep,256,1,63,0.15952026239819814
deep,256,1,64,0.15587231127575532
deep,256,1,65,0.1523849628600855
deep,256,1,66,0.14885745584684776
deep,256,1,67,0.14544241423245735
deep,256,1,68,0.14218590236762482
deep,256,1,69,0.1389490157870027
deep,256,1,70,0.1357216454547743
deep,256,1,71,0.13253085826417418
deep,256,1,72,0.1293140365366366
deep,256,1,73,0.12611388546443003
deep,256,1,74,0.12312133978711823
deep,256,1,75,0.12017003532792452
deep,256,1,76,0.11741902381503527
deep,256,1,77,0.11461099820550454
deep,256,1,78,0.11191877571913918
deep,256,1,79,0.10933004086376957
deep,256,1,80,0.10685240843535808
deep,256,1,81,0.10464447419479389
deep,256,1,82,0.1025034390427091
deep,256,1,83,0.10034337938574464
deep,256,1,84,0.09823852699509958
deep,256,1,85,0.09654602992028889
deep,256,1,86,0.09487177506419997
deep,256,1,87,0.0931670673419652
deep,256,1,88,0.09149177871049777
deep,256,1,89,0.08976658484890263
deep,256,1,90,0.08801644188349897
deep,256,1,91,0.08627746490934492
deep,256,1,92,0.08467637027140748
deep,256,1,93,0.08326549024560903
deep,256,1,94,0.08187509271677733
deep,256,1,95,0.08052965417752737
deep,256,1,96,0.0792777502789028
deep,256,1,97,0.0779701656068354
deep,256,1,98,0.07680882889039843
deep,256,1,99,0.07574627910751747
deep,256,1,100,0.07479305777092461
deep,256,1,101,0.0737751132138376
deep,256,1,102,0.07281255495653842
deep,256,1,103,0.07190052750063225
deep,256,1,104,0.07081659697657186
deep,256,1,105,0.06973291927997215
deep,256,1,106,0.06863076140918321
deep,256,1,107,0.06766805938465217
deep,256,1,108,0.06676870109688973
deep,256,1,109,0.06600967850857273
deep,256,1,110,0.06536515017484806
deep,256,1,111,0.06482836903527991
deep,256,1,112,0.06417009630854043
deep,256,1,113,0.0634028651352824
deep,256,1,114,0.06243671150075309
deep,256,1,115,0.06136322278249109
deep,256,1,116,0.06025953614125841
deep,256,1,117,0.059101252094635126
deep,256,1,118,0.0582171230858607
deep,256,1,119,0.05709930908413893
deep,256,1,120,0.055893556409995424
deep,256,1,121,0.05452525867085738
deep,256,1,122,0.05323968535481025
deep,256,1,123,0.05191337043703703
deep,256,1,124,0.05040933260323012
deep,256,1,125,0.04919757943746594
deep,256,1,126,0.04834356241707143
deep,256,1,127,0.04750670229675124
deep,256,1,128,0.046549188461034896
deep,256,1,129,0.04549826758529257
deep,256,1,130,0.04441283600421214
deep,256,1,131,0.043471636216732015
deep,256,1,132,0.04245766826127709
deep,256,1,133,0.041424770902030235
deep,256,1,134,0.04032550527812229
deep,256,1,135,0.03912440415332065
deep,256,1,136,0.037899004736231943
deep,256,1,137,0.036705263688238926
deep,256,1,138,0.035432444393551824
deep,256,1,139,0.0341744540029385
deep,256,1,140,0.032751777252358706
deep,256,1,141,0.03138676463937959
deep,256,1,142,0.03021541305785993
deep,256,1,143,0.02928566785631134
deep,256,1,144,0.028464092170219887
deep,256,1,145,0.027882531060505047
deep,256,1,146,0.027343482847178083
deep,256,1,147,0.026804399037137397
deep,256,1,148,0.026385943962268267
deep,256,1,149,0.02602488478331238
deep,256,1,150,0.025643600625440712
deep,256,1,151,0.025263167417925225
deep,256,1,152,0.02496116528199898
deep,256,1,153,0.024710455431509945
deep,256,1,154,0.024402533757842838
deep,256,1,155,0.024091867792000194
deep,256,1,156,0.02381256010820822
deep,256,1,157,0.023740170911727313
deep,256,1,158,0.0235277773741637
deep,256,1,159,0.023116987106167552
deep,256,1,160,0.022805082771740485
deep,256,1,161,0.022575529040465718
deep,256,1,162,0.022437874060100657
deep,256,1,163,0.02227767697087259
deep,256,1,164,0.02198811216993012
deep,256,1,165,0.021737523324939754
deep,256,1,166,0.02166703886378883
deep,256,1,167,0.02156482573822236
deep,256,1,168,0.021494766414729832
deep,256,1,169,0.021299581883341273
deep,256,1,170,0.02127939413411117
deep,256,1,171,0.02109796617647807
deep,256,1,172,0.020925947494409104
deep,256,1,173,0.020803264734695813
deep,256,1,174,0.020737871463825497
deep,256,1,175,0.020714493611661878
deep,256,1,176,0.020458975273119382
deep,256,1,177,0.020213813242218714
deep,256,1,178,0.019950306985308894
deep,256,1,179,0.019602706089230475
deep,256,1,180,0.01922664897094694
deep,256,1,181,0.01868173493779094
deep,256,1,182,0.018239554874865137
deep,256,1,183,0.017782182763268217
deep,256,1,184,0.017397917434690536
deep,256,1,185,0.017097532939207943
deep,256,1,186,0.01674611855317626
deep,256,1,187,0.0165699822675964
deep,256,1,188,0.01630923476274519
deep,256,1,189,0.015869409315237257
deep,256,1,190,0.01552741587930535
deep,256,1,191,0.014963458694307616
deep,256,1,192,0.014509287546660324
deep,256,1,193,0.014033965899813258
deep,256,1,194,0.013563158158818107
deep,256,1,195,0.013239103780925524
deep,256,1,196,0.012952203767274682
deep,256,1,197,0.012555626425109052
deep,256,1,198,0.012303029423077268
deep,256,1,199,0.011996562806504305
deep,256,1,200,0.011528811791766558
deep,256,1,201,0.010991085468713592
deep,256,1,202,0.010368471668048034
deep,256,1,203,0.009785962456143962
deep,256,1,204,0.009195089131716041
deep,256,1,205,0.008615224734162196
deep,256,1,206,0.00807040942333149
deep,256,1,207,0.007588558328625204
deep,256,1,208,0.007431241928039597
deep,256,1,209,0.0073925313215897175
deep,256,1,210,0.007310684485790049
deep,256,1,211,0.007309355269199416
deep,256,1,212,0.007349073003284912
deep,256,1,213,0.007523307722900476
deep,256,1,214,0.007731812219714569
deep,256,1,215,0.007838099334446548
deep,256,1,216,0.00799621232835556
deep,256,1,217,0.00801683343011984
deep,256,1,218,0.008107077322146234
deep,256,1,219,0.008139435053205716
deep,256,1,220,0.008251723582040425
deep,256,1,221,0.008424253963532255
deep,256,1,222,0.008450858608333476
deep,256,1,223,0.008526845949578046
deep,256,1,224,0.008738291562545639
deep,256,1,225,0.008896753003634803
deep,256,1,226,0.00877291471029777
deep,256,1,227,0.00874854620731017
deep,256,1,228,0.008970942013621435
deep,256,1,229,0.009197985035671546
deep,256,1,230,0.009702595589104317
deep,256,1,231,0.010195692268462673
deep,256,1,232,0.010699698576774368
deep,256,1,233,0.01118161674525446
deep,256,1,234,0.011519650733940517
deep,256,1,235,0.01201811516259903
deep,256,1,236,0.0123821780403488
deep,256,1,237,0.012583208457256993
deep,256,1,238,0.01284360376538238
deep,256,1,239,0.012908134948478294
deep,256,1,240,0.012995379129658681
deep,256,1,241,0.012946843936179075
deep,256,1,242,0.012692269855928117
deep,256,1,243,0.012387008297006197
deep,256,1,244,0.012194789553226061
deep,256,1,245,0.011761714130747829
deep,256,1,246,0.011380727465344465
deep,256,1,247,0.01092648671904507
deep,256,1,248,0.010584655682567168
deep,256,1,249,0.010304354745585928
deep,256,1,250,0.010216525372779115
deep,256,1,251,0.010143097017809723
deep,256,1,252,0.009898877793667186
deep,256,1,253,0.009705744203400696
deep,256,1,254,0.009521641687160739
deep,256,1,255,0.009386690470514545
deep,256,1,256,0.009260697065705065
deep,256,1,257,0.009139818464402516
deep,256,1,258,0.009054979332016187
deep,256,1,259,0.009015325516028388
deep,256,1,260,0.00886964298702262
deep,256,1,261,0.008798411301786444
deep,256,1,262,0.008824647019354587
deep,256,1,263,0.008748743587031897
deep,256,1,264,0.008726483843749949
deep,256,1,265,0.008701163407973167
deep,256,1,266,0.008548242002924814
deep,256,1,267,0.008389071433945067
deep,256,1,268,0.008047822734984958
deep,256,1,269,0.0077413250634756695
deep,256,1,270,0.007368493707694234
deep,256,1,271,0.007090265538529013
deep,256,1,272,0.006808627887428953
deep,256,1,273,0.006686782850555463
deep,256,1,274,0.0066889170704209225
deep,256,1,275,0.006724728790436515
deep,256,1,276,0.006705082601044474
deep,256,1,277,0.006779162238775642
deep,256,1,278,0.006884996888186088
deep,256,1,279,0.006972101847235875
deep,256,1,280,0.007165925968528388
deep,256,1,281,0.0073244705413047055
deep,256,1,282,0.007567664393033004
deep,256,1,283,0.007903009329000902
deep,256,1,284,0.008167377244031921
deep,256,1,285,0.008282131223930015
deep,256,1,286,0.008366297631465326
deep,256,1,287,0.008444444930156938
deep,256,1,288,0.00858677672423638
deep,256,1,289,0.00864016018837252
deep,256,1,290,0.008646909377763325
deep,256,1,291,0.008587508248721582
deep,256,1,292,0.008425305656507643
deep,256,1,293,0.008174084853336466
deep,256,1,294,0.008125409183724269
deep,256,1,295,0.008378165835172712
deep,256,1,296,0.008568795240408097
deep,256,1,297,0.00888500456239794
deep,256,1,298,0.00909929334412741
deep,256,1,299,0.009306469259731456
deep,256,1,300,0.009492805638098413
deep,256,1,301,0.009602381928960521
deep,256,1,302,0.009685966625453587
deep,256,1,303,0.009626615082652125
deep,256,1,304,0.009211012952417368
deep,256,1,305,0.00872023183694539
deep,256,1,306,0.008298150132652258
deep,256,1,307,0.007945175106461302
deep,256,1,308,0.0075811890975630855
deep,256,1,309,0.007277429344809038
deep,256,1,310,0.007134684539886476
deep,256,1,311,0.0068551523258305255
deep,256,1,312,0.00659609450205755
deep,256,1,313,0.006454087092011569
deep,256,1,314,0.006515966014763178
deep,256,1,315,0.006480748691753685
deep,256,1,316,0.006623904878492492
deep,256,1,317,0.006687393789188965
deep,256,1,318,0.006713929220611228
deep,256,1,319,0.006832066971919563
deep,256,1,320,0.006816865775635929
deep,256,1,321,0.006726925797480008
deep,256,1,322,0.006688725875368168
deep,256,1,323,0.006765475746785075
deep,256,1,324,0.006891047790611308
deep,256,1,325,0.006891288939839515
deep,256,1,326,0.00693004258791175
deep,256,1,327,0.007078628917395965
deep,256,1,328,0.007368707870164734
deep,256,1,329,0.007442922748023948
deep,256,1,330,0.007540877079266728
deep,256,1,331,0.007534892342177111
deep,256,1,332,0.007719130926140422
deep,256,1,333,0.0078056298259050975
deep,256,1,334,0.007970519917922548
deep,256,1,335,0.008309234344292395
deep,256,1,336,0.008563236771966841
deep,256,1,337,0.008867644983004356
deep,256,1,338,0.009217455327719202
deep,256,1,339,0.009355500005600228
deep,256,1,340,0.009266830644763906
deep,256,1,341,0.009129142536366128
deep,256,1,342,0.008932823699451328
deep,256,1,343,0.008755890233668753
deep,256,1,344,0.008689604359467628
deep,256,1,345,0.008418218130452662
deep,256,1,346,0.007984547741268513
deep,256,1,347,0.007627920733067682
deep,256,1,348,0.0069739695760534445
deep,256,1,349,0.006178286557353042
deep,256,1,350,0.005486989366703416
deep,256,1,351,0.004789852620939229
deep,256,1,352,0.004156443577609521
deep,256,1,353,0.003651128704129567
deep,256,1,354,0.0028939381503764803
deep,256,1,355,0.001826050493404801
deep,256,1,356,0.0009238334324760337
deep,256,1,357,0.00016299465371767295
deep,256,1,358,-0.00047216469450516796
deep,256,1,359,-0.0010703744251227415
deep,256,1,360,-0.0015713688393378272
deep,256,1,361,-0.001989715001513927
deep,256,1,362,-0.0023439179334829425
deep,256,1,363,-0.0026061965311029397
deep,256,1,364,-0.0029100303472655745
deep,256,1,365,-0.003139514180527621
deep,256,1,366,-0.0033231782516774705
deep,256,1,367,-0.0033844506119076567
deep,256,1,368,-0.003462060424978183
deep,256,1,369,-0.0034055659699237053
deep,256,1,370,-0.0032859614849056564
deep,256,1,371,-0.003064264112592737
deep,256,1,372,-0.0028928424631504265
deep,256,1,373,-0.002627830738388561
deep,256,1,374,-0.0023423218359243784
deep,256,1,375,-0.001958732095672129
deep,256,1,376,-0.0015915385103379854
deep,256,1,377,-0.0012734008993377688
deep,256,1,378,-0.0008253592330278734
deep,256,1,379,-0.0004630839001926821
deep,256,1,380,-0.00018263436914442606
deep,256,1,381,4.518428538598869e-05
deep,256,1,382,0.00011878725611019205
deep,256,1,383,0.00023024142484803214
deep,256,1,384,0.0004012600935658639
deep,256,1,385,0.0005211048318755009
deep,256,1,386,0.0009432253982751796
deep,256,1,387,0.0014154556870424745
deep,256,1,388,0.0018209896882421073
deep,256,1,389,0.0022118777788666826
deep,256,1,390,0.002536505578406843
deep,256,1,391,0.002821786823249999
deep,256,1,392,0.003122188253712886
deep,256,1,393,0.0033057381786340623
deep,256,1,394,0.0035302307664896405
deep,256,1,395,0.003716450092933121
deep,256,1,396,0.0038478586977525164
deep,256,1,397,0.004139118740721577
deep,256,1,398,0.004589452135392155
deep,256,1,399,0.005239016878332547
deep,256,1,400,0.0060351725785602285
deep,256,2,0,1.0
deep,256,2,1,0.9585173707910424
deep,256,2,2,0.9192424592571488
deep,256,2,3,0.8820499832346308
deep,256,2,4,0.8469192048468612
deep,256,2,5,0.8133931647465804
deep,256,2,6,0.7815781041361837
deep,256,2,7,0.7515167320397114
deep,256,2,8,0.7230824645600582
deep,256,2,9,0.6961536494341413
deep,256,2,10,0.6707446941485334
deep,256,2,11,0.6463214535045038
deep,256,2,12,0.6233262682241621
deep,256,2,13,0.6013836995046424
deep,256,2,14,0.5805592654706927
deep,256,2,15,0.5605001956255667
deep,256,2,16,0.5413600558483789
deep,256,2,17,0.5230621892082556
deep,256,2,18,0.505598417470237
deep,256,2,19,0.4887415724941986
deep,256,2,20,0.4726176809140574
deep,256,2,21,0.45686067683875636
deep,256,2,22,0.44169167288526806
deep,256,2,23,0.4270761697699331
deep,256,2,24,0.4131556825335658
deep,256,2,25,0.3999809967080333
deep,256,2,26,0.38710374176331036
deep,256,2,27,0.3748435815630705
deep,256,2,28,0.363151550894928
deep,256,2,29,0.35188859587914595
deep,256,2,30,0.34101984885087305
deep,256,2,31,0.33066909337407074
deep,256,2,32,0.32070802281180877
deep,256,2,33,0.3110995792594727
deep,256,2,34,0.30174443151872676
deep,256,2,35,0.2928417998033843
deep,256,2,36,0.28425617781432944
deep,256,2,37,0.2757730342525162
deep,256,2,38,0.26775883446961246
deep,256,2,39,0.26012411786442213
deep,256,2,40,0.2529423109726444
deep,256,2,41,0.2460322736219936
deep,256,2,42,0.23944340189578278
deep,256,2,43,0.2330480212260945
deep,256,2,44,0.22692528036264895
deep,256,2,45,0.22124837757744992
deep,256,2,46,0.21576011729040853
deep,256,2,47,0.21031158834445637
deep,256,2,48,0.20500148465641013
deep,256,2,49,0.1999666497310536
deep,256,2,50,0.19521349393613593
deep,256,2,51,0.1903569394681541
deep,256,2,52,0.18560026622070258
deep,256,2,53,0.18103006911276442
deep,256,2,54,0.17665629287848766
deep,256,2,55,0.1726864173474009
deep,256,2,56,0.16881901829242918
deep,256,2,57,0.16506441052223086
deep,256,2,58,0.16149294409395193
deep,256,2,59,0.15790180062478984
deep,256,2,60,0.15440155108193077
deep,256,2,61,0.15099947603878874
deep,256,2,62,0.14758111732952603
deep,256,2,63,0.14439024352318816
deep,256,2,64,0.14133076925918361
deep,256,2,65,0.1382616282620709
deep,256,2,66,0.1353082773825371
deep,256,2,67,0.13224663824878385
deep,256,2,68,0.1294771077141974
deep,256,2,69,0.12676289489533116
deep,256,2,70,0.1242765698327725
deep,256,2,71,0.12167960140260817
deep,256,2,72,0.11915950792771435
deep,256,2,73,0.11658475962366896
deep,256,2,74,0.11391120380881477
deep,256,2,75,0.11135989828927764
deep,256,2,76,0.10884802260201727
deep,256,2,77,0.10641606225602211
deep,256,2,78,0.10400831412156228
deep,256,2,79,0.1015938154130203
deep,256,2,80,0.0993790140914994
deep,256,2,81,0.09710482616240476
deep,256,2,82,0.09490849892065079
deep,256,2,83,0.09264256203467572
deep,256,2,84,0.09022392689382738
deep,256,2,85,0.08794261519590715
deep,256,2,86,0.08591888206833204
deep,256,2,87,0.08417707227005775
deep,256,2,88,0.0824081663954857
deep,256,2,89,0.0809460167614871
deep,256,2,90,0.079567266247002
deep,256,2,91,0.07815907654927234
deep,256,2,92,0.07675583498159425
deep,256,2,93,0.07539618367366033
deep,256,2,94,0.07409712519808406
deep,256,2,95,0.07308211690698849
deep,256,2,96,0.0721593959523271
deep,256,2,97,0.0713986841892719
deep,256,2,98,0.07055668061654627
deep,256,2,99,0.06963469181076373
deep,256,2,100,0.06876050491480395
deep,256,2,101,0.06797679050486483
deep,256,2,102,0.06707432009121972
deep,256,2,103,0.0662666117107684
deep,256,2,104,0.06557244247442634
deep,256,2,105,0.06473259413389502
deep,256,2,106,0.0642224546783543
deep,256,2,107,0.06362709910453979
deep,256,2,108,0.06296898892590844
deep,256,2,109,0.0623366539057459
deep,256,2,110,0.0616350768244979
deep,256,2,111,0.060948241244587115
deep,256,2,112,0.06020770888722657
deep,256,2,113,0.05953127203204646
deep,256,2,114,0.05878842353737137
deep,256,2,115,0.05789114741310259
deep,256,2,116,0.05723478558891288
deep,256,2,117,0.05639989351637268
deep,256,2,118,0.05535682142207146
deep,256,2,119,0.054543693821690914
deep,256,2,120,0.053571891491253965
deep,256,2,121,0.05261908358198404
deep,256,2,122,0.051837681612142625
deep,256,2,123,0.0510874693420206
deep,256,2,124,0.05051784626489937
deep,256,2,125,0.04980746328693371
deep,256,2,126,0.0490959186288788
deep,256,2,127,0.0482632819560351
deep,256,2,128,0.047676858455015195
deep,256,2,129,0.046985883944243315
deep,256,2,130,0.04657730963006153
deep,256,2,131,0.04620160789366907
deep,256,2,132,0.04575893753643548
deep,256,2,133,0.04511475601408679
deep,256,2,134,0.04459189699575444
deep,256,2,135,0.04408691586542049
deep,256,2,136,0.043624707043313116
deep,256,2,137,0.043169086269817865
deep,256,2,138,0.04283777844838253
deep,256,2,139,0.04265699864619326
deep,256,2,140,0.042164174931946255
deep,256,2,141,0.04163826570909234
deep,256,2,142,0.04124329375731634
deep,256,2,143,0.04089337331048918
deep,256,2,144,0.04064490824302612
deep,256,2,145,0.04020682794766635
deep,256,2,146,0.03967173035862282
deep,256,2,147,0.03925197401409149
deep,256,2,148,0.038842954571450594
deep,256,2,149,0.038438455209914624
deep,256,2,150,0.037979676145854326
deep,256,2,151,0.037654020214357896
deep,256,2,152,0.03738606625365249
deep,256,2,153,0.03708554270458178
deep,256,2,154,0.03682646693731699
deep,256,2,155,0.036502157798399715
deep,256,2,156,0.03629715156902487
deep,256,2,157,0.03628798321717786
deep,256,2,158,0.03616332639467386
deep,256,2,159,0.03598468265832592
deep,256,2,160,0.03560505828290576
deep,256,2,161,0.03509806895385522
deep,256,2,162,0.03445643582453946
deep,256,2,163,0.03372459260062938
deep,256,2,164,0.033027308138208804
deep,256,2,165,0.03239435508919747
deep,256,2,166,0.03160326564617659
deep,256,2,167,0.03080504158976242
deep,256,2,168,0.03025033400506233
deep,256,2,169,0.029549898277021654
deep,256,2,170,0.028789857215060784
deep,256,2,171,0.027937966415360498
deep,256,2,172,0.02715093282528145
deep,256,2,173,0.02629277876049493
deep,256,2,174,0.025497005336464755
deep,256,2,175,0.02475903253660688
deep,256,2,176,0.024141316499236273
deep,256,2,177,0.02357998054958555
deep,256,2,178,0.02294977238671758
deep,256,2,179,0.022193593192119755
deep,256,2,180,0.021531915137655015
deep,256,2,181,0.020883993117556395
deep,256,2,182,0.020366019421806353
deep,256,2,183,0.019814091132940415
deep,256,2,184,0.019349148352960994
deep,256,2,185,0.018749764914013468
deep,256,2,186,0.018219279588511758
deep,256,2,187,0.01777915747263001
deep,256,2,188,0.017300981758646868
deep,256,2,189,0.016884915238099055
deep,256,2,190,0.016645601998572585
deep,256,2,191,0.016361891583636698
deep,256,2,192,0.01625027177262156
deep,256,2,193,0.016061973459883933
deep,256,2,194,0.015878609123101822
deep,256,2,195,0.015515974659308578
deep,256,2,196,0.015225274212497149
deep,256,2,197,0.014964661446886438
deep,256,2,198,0.014621263919072584
deep,256,2,199,0.014098366616277908
deep,256,2,200,0.013648817321301247
deep,256,2,201,0.013163981562513728
deep,256,2,202,0.012860730670031253
deep,256,2,203,0.012572539592898807
deep,256,2,204,0.012188901699938484
deep,256,2,205,0.01188973753623197
deep,256,2,206,0.011596753026286055
deep,256,2,207,0.011340384444717445
deep,256,2,208,0.01116831073566869
deep,256,2,209,0.011003654558818438
deep,256,2,210,0.011232456951194016
deep,256,2,211,0.011451887096447446
deep,256,2,212,0.011738679832267493
deep,256,2,213,0.012040881568275007
deep,256,2,214,0.012482110175544837
deep,256,2,215,0.012987157681596041
deep,256,2,216,0.01350305498153272
deep,256,2,217,0.01399379164189234
deep,256,2,218,0.01455645185966508
deep,256,2,219,0.01519100687300839
deep,256,2,220,0.0157877266126197
deep,256,2,221,0.01627717387108305
deep,256,2,222,0.016523219301268183
deep,256,2,223,0.016680884440088903
deep,256,2,224,0.016799648421471625
deep,256,2,225,0.016780837975628314
deep,256,2,226,0.016521429109622204
deep,256,2,227,0.0162683649406226
deep,256,2,228,0.01624463621121518
deep,256,2,229,0.016144318110430742
deep,256,2,230,0.0160066868717007
deep,256,2,231,0.015825017098065122
deep,256,2,232,0.015520052741879124
deep,256,2,233,0.015126251822007764
deep,256,2,234,0.01484313452744922
deep,256,2,235,0.014684496218497512
deep,256,2,236,0.014626574990359117
deep,256,2,237,0.014351103950468938
deep,256,2,238,0.01401686033584715
deep,256,2,239,0.013830791089897026
deep,256,2,240,0.013591523246142094
deep,256,2,241,0.01330740660726604
deep,256,2,242,0.013117194231913508
deep,256,2,243,0.01272606159939248
deep,256,2,244,0.012141323394791879
deep,256,2,245,0.011714981083679101
deep,256,2,246,0.011324054002704188
deep,256,2,247,0.010782742253730906
deep,256,2,248,0.010177374823931919
deep,256,2,249,0.009408180044577868
deep,256,2,250,0.00858042895547732
deep,256,2,251,0.007952068050171995
deep,256,2,252,0.0075060317615728706
deep,256,2,253,0.007003224537891794
deep,256,2,254,0.0065702200026107795
deep,256,2,255,0.006026429743881524
deep,256,2,256,0.005476089227998519
deep,256,2,257,0.0049661517467336136
deep,256,2,258,0.004428364216081524
deep,256,2,259,0.004237106331666827
deep,256,2,260,0.003999842696094537
deep,256,2,261,0.0035874410704386113
deep,256,2,262,0.0029387354400071328
deep,256,2,263,0.002268825165543472
deep,256,2,264,0.0017494966623236826
deep,256,2,265,0.001415649069741746
deep,256,2,266,0.0011218258457639362
deep,256,2,267,0.0006860448021470478
deep,256,2,268,0.00022950907822223265
deep,256,2,269,-9.14741603511406e-05
deep,256,2,270,-0.00034130367206601855
deep,256,2,271,-0.0006441467410116591
deep,256,2,272,-0.0008036065659615104
deep,256,2,273,-0.001087690088302085
deep,256,2,274,-0.001192996319130695
deep,256,2,275,-0.001249787408257784
deep,256,2,276,-0.0013779805466600879
deep,256,2,277,-0.0014408752079397473
deep,256,2,278,-0.0014164782100777144
deep,256,2,279,-0.001466199342797533
deep,256,2,280,-0.0014241514456408396
deep,256,2,281,-0.0013044107559465438
deep,256,2,282,-0.001163161965045804
deep,256,2,283,-0.001056059891850058
deep,256,2,284,-0.0011621131691647527
deep,256,2,285,-0.0013346667176365552
deep,256,2,286,-0.0016514744583629856
deep,256,2,287,-0.0018843308830055932
deep,256,2,288,-0.002172786057186238
deep,256,2,289,-0.0025393568595886516
deep,256,2,290,-0.002860736935560916
deep,256,2,291,-0.0031192834023640193
deep,256,2,292,-0.003414339951115143
deep,256,2,293,-0.003879255301478193
deep,256,2,294,-0.004522323873521156
deep,256,2,295,-0.005402086588587542
deep,256,2,296,-0.006111795485092347
deep,256,2,297,-0.00664858755840373
deep,256,2,298,-0.006796607361626485
deep,256,2,299,-0.0067822784209034285
deep,256,2,300,-0.0066483379531286375
deep,256,2,301,-0.006606816432790026
deep,256,2,302,-0.006903217939912983
deep,256,2,303,-0.0070840971651383545
deep,256,2,304,-0.007357142430190799
deep,256,2,305,-0.00765332249106564
deep,256,2,306,-0.008061839043511095
deep,256,2,307,-0.008326550102161554
deep,256,2,308,-0.008694457493749566
deep,256,2,309,-0.00893008553245752
deep,256,2,310,-0.00911900994723076
deep,256,2,311,-0.009258450279872082
deep,256,2,312,-0.009196504120097114
deep,256,2,313,-0.009077853488463553
deep,256,2,314,-0.009058589769281615
deep,256,2,315,-0.009059335007632764
deep,256,2,316,-0.009177527352809177
deep,256,2,317,-0.00932085538794474
deep,256,2,318,-0.009492225285146918
deep,256,2,319,-0.00976668952824446
deep,256,2,320,-0.009641750176937044
deep,256,2,321,-0.009562339790338234
deep,256,2,322,-0.009686794674829965
deep,256,2,323,-0.009747772168060477
deep,256,2,324,-0.009849576887099512
deep,256,2,325,-0.01006788931195525
deep,256,2,326,-0.01048753011817779
deep,256,2,327,-0.011034808697538995
deep,256,2,328,-0.011550592465942972
deep,256,2,329,-0.011997297688209143
deep,256,2,330,-0.012461316014887
deep,256,2,331,-0.012903342702943629
deep,256,2,332,-0.013264814978233123
deep,256,2,333,-0.013492732293762499
deep,256,2,334,-0.013709880743557234
deep,256,2,335,-0.013922070869289259
deep,256,2,336,-0.014237176158620959
deep,256,2,337,-0.014409792519634004
deep,256,2,338,-0.014344325866038165
deep,256,2,339,-0.014139649430277132
deep,256,2,340,-0.013888410068024227
deep,256,2,341,-0.013437272680846272
deep,256,2,342,-0.013091064409579477
deep,256,2,343,-0.013107224248338878
deep,256,2,344,-0.013017567916670058
deep,256,2,345,-0.01273566127082567
deep,256,2,346,-0.012404137564427984
deep,256,2,347,-0.012115727168278941
deep,256,2,348,-0.01181222466890551
deep,256,2,349,-0.011451911444582664
deep,256,2,350,-0.011413610450081563
deep,256,2,351,-0.011401704212014373
deep,256,2,352,-0.011357533410998214
deep,256,2,353,-0.011314995863219185
deep,256,2,354,-0.0112779669653439
deep,256,2,355,-0.010979739413543556
deep,256,2,356,-0.010587920947477281
deep,256,2,357,-0.010465249290232454
deep,256,2,358,-0.01051305654376424
deep,256,2,359,-0.010494119088441946
deep,256,2,360,-0.010576100982975319
deep,256,2,361,-0.010631122699274397
deep,256,2,362,-0.010755936048634073
deep,256,2,363,-0.010820767743327193
deep,256,2,364,-0.01083254353021982
deep,256,2,365,-0.010828137808310594
deep,256,2,366,-0.010673055011333657
deep,256,2,367,-0.010575306928926359
deep,256,2,368,-0.01057152371385203
deep,256,2,369,-0.010728953975910097
deep,256,2,370,-0.01069693960409847
deep,256,2,371,-0.010627901935794718
deep,256,2,372,-0.01049583705675895
deep,256,2,373,-0.010270875197616781
deep,256,2,374,-0.010279865826732178
deep,256,2,375,-0.010355253140486098
deep,256,2,376,-0.010241689239507183
deep,256,2,377,-0.0101899558871456
deep,256,2,378,-0.010403492627190302
deep,256,2,379,-0.010621852566934377
deep,256,2,380,-0.010931997754472777
deep,256,2,381,-0.011319261555545105
deep,256,2,382,-0.011548836090515054
deep,256,2,383,-0.011806605993254494
deep,256,2,384,-0.01195902101099126
deep,256,2,385,-0.012062354963904476
deep,256,2,386,-0.012153026639951253
deep,256,2,387,-0.012113101022377719
deep,256,2,388,-0.012058475633982489
deep,256,2,389,-0.012187632115737626
deep,256,2,390,-0.012443656669206061
deep,256,2,391,-0.01263260180923984
deep,256,2,392,-0.012785693333743046
deep,256,2,393,-0.013101197587211948
deep,256,2,394,-0.013405955002242688
deep,256,2,395,-0.013760377206319296
deep,256,2,396,-0.01420520756205961
deep,256,2,397,-0.01464934671752722
deep,256,2,398,-0.015173051003505739
deep,256,2,399,-0.01582283860540292
deep,256,2,400,-0.01639081413133523
