m,seed,chain,draw_index,state_slot,inside,H,ell,u,d_minus,d_plus,max_eigen_residual,D_th
256,0,0,62,0,1,2.617312259855137,-0.2084879137431373,-0.20390011279479966,0.050975028198699916,0.052121978435784325,5.576004263633852e-16,0.965973797184331
256,0,0,187,1,1,2.205552600811901,-0.19674167799340803,-0.19116177297403256,0.04779044324350814,0.04918541949835201,4.538600155683098e-16,0.965973797184331
256,0,0,312,2,1,3.322617936134242,-0.19598696064585155,-0.19015115547791414,0.047537788869478535,0.04899674016146289,6.349082345457151e-16,0.965973797184331
256,0,0,437,3,1,2.3095275392330805,-0.20051738205387631,-0.19625935026142488,0.04906483756535622,0.05012934551346908,4.962910070623305e-16,0.965973797184331
256,0,0,562,4,1,2.4616468606969457,-0.17400310155289683,-0.17058667379427758,0.042646668448569396,0.04350077538822421,4.1183389365243306e-16,0.965973797184331
256,0,0,687,5,1,2.2752970620455226,-0.20501751262462228,-0.20121827603977382,0.050304569009943456,0.05125437815615557,4.983898916543925e-16,0.965973797184331
256,0,0,812,6,1,2.4781821719498254,-0.18984489535949872,-0.18530196096500157,0.04632549024125039,0.04746122383987468,4.619599085589956e-16,0.965973797184331
256,0,0,937,7,1,2.467247346599489,-0.20222751018157933,-0.19737407041879804,0.04934351760469951,0.050556877545394834,4.823275788057875e-16,0.965973797184331
256,0,0,1062,8,1,2.452816100920897,-0.1752778828303903,-0.17129190000703884,0.04282297500175971,0.04381947070759758,4.466349854310592e-16,0.965973797184331
256,0,0,1187,9,1,2.5054734831601952,-0.18936952893394002,-0.18651053252559027,0.04662763313139757,0.047342382233485004,4.955231549455027e-16,0.965973797184331
256,0,0,1312,10,1,2.3221696629952717,-0.19901831755577198,-0.19431090150491634,0.048577725376229085,0.049754579388942996,5.302382410033292e-16,0.965973797184331
256,0,0,1437,11,1,2.602535546147882,-0.19812312532317333,-0.193218725482568,0.048304681370642,0.04953078133079333,5.110727891197029e-16,0.965973797184331
256,0,0,1562,12,1,2.575647074384305,-0.20663745356334087,-0.20226502223022735,0.05056625555755684,0.05165936339083522,5.691505481190669e-16,0.965973797184331
256,0,0,1687,13,1,2.410108245324203,-0.19734095355173512,-0.1927903023088228,0.0481975755772057,0.04933523838793378,5.17725703688707e-16,0.965973797184331
256,0,0,1812,14,1,2.407072014870673,-0.18994904377316016,-0.18585601279862915,0.04646400319965729,0.04748726094329004,4.613916984155496e-16,0.965973797184331
256,0,0,1937,15,1,2.448055034413025,-0.19060562934628836,-0.1869457727759604,0.0467364431939901,0.04765140733657209,4.517465848375885e-16,0.965973797184331
256,0,0,2062,16,1,2.6165631877761815,-0.19767787562916833,-0.19342676622785668,0.04835669155696417,0.04941946890729208,5.077869516969935e-16,0.965973797184331
256,0,0,2187,17,1,2.2034896841973226,-0.17281192609625654,-0.16915478422022126,0.042288696055055315,0.043202981524064134,4.109598050861267e-16,0.965973797184331
256,0,0,2312,18,1,2.471767685088452,-0.20489397712346646,-0.20040542091031388,0.05010135522757847,0.051223494280866616,5.342057613841201e-16,0.965973797184331
256,0,0,2437,19,1,2.1814008231636257,-0.18744297911856664,-0.18445072203750132,0.04611268050937533,0.04686074477964166,4.611077331734642e-16,0.965973797184331
256,0,0,2562,20,1,2.8274086903829874,-0.1738366639694061,-0.17032422524874924,0.04258105631218731,0.04345916599235153,4.563068398627518e-16,0.965973797184331
256,0,0,2687,21,1,2.4094578192267084,-0.19321041999688754,-0.19016450797982273,0.04754112699495568,0.048302604999221885,4.668354826317855e-16,0.965973797184331
256,0,0,2812,22,1,2.384811972686488,-0.18184952420188588,-0.17666493778192946,0.044166234445482365,0.04546238105047147,5.611671573258062e-16,0.965973797184331
256,0,0,2937,23,1,2.4090887719527725,-0.17491313679612217,-0.17152985346162766,0.042882463365406916,0.04372828419903054,4.564766770818596e-16,0.965973797184331
256,0,0,3062,24,1,2.4750775897921073,-0.17700835329364173,-0.17329923699565283,0.04332480924891321,0.04425208832341043,4.224716832016125e-16,0.965973797184331
256,0,0,3187,25,1,2.350169676346657,-0.20044268414451802,-0.19577360925603562,0.048943402314008906,0.050110671036129505,5.401471309860217e-16,0.965973797184331
256,0,0,3312,26,1,2.460464152793234,-0.18051662925574824,-0.17715614530682386,0.044289036326705965,0.04512915731393706,5.284055318536217e-16,0.965973797184331
256,0,0,3437,27,1,2.118585684936868,-0.2072381346998484,-0.2039218715218012,0.0509804678804503,0.0518095336749621,4.824589190210013e-16,0.965973797184331
256,0,0,3562,28,1,2.4253544108604523,-0.17331909807293142,-0.1695171907920975,0.04237929769802438,0.043329774518232854,4.3471832812651446e-16,0.965973797184331
256,0,0,3687,29,1,2.1233332149931687,-0.18282875888897313,-0.17807259753117388,0.04451814938279347,0.04570718972224328,4.634170482389626e-16,0.965973797184331
256,0,0,3812,30,1,2.3820352982077337,-0.18889841115228606,-0.18352688223636357,0.04588172055909089,0.047224602788071515,4.805658400442263e-16,0.965973797184331
256,0,0,3937,31,1,2.2455704787978985,-0.20914398800394157,-0.20395535916971638,0.050988839792429096,0.05228599700098539,4.995822552499907e-16,0.965973797184331
256,0,1,62,0,1,2.9592637503146735,-0.19403089762427767,-0.18820698642319036,0.04705174660579759,0.048507724406069416,6.183665656278202e-16,0.965973797184331
256,0,1,187,1,1,2.4252132256522656,-0.18978011542377188,-0.18498888748492517,0.046247221871231294,0.04744502885594297,4.770457262575055e-16,0.965973797184331
256,0,1,312,2,1,2.463241557945799,-0.18811826306690185,-0.18458194246393464,0.04614548561598366,0.04702956576672546,5.042873255787988e-16,0.965973797184331
256,0,1,437,3,1,2.3388082223715903,-0.19894751030947702,-0.19408242913564147,0.04852060728391037,0.049736877577369255,5.20697091302251e-16,0.965973797184331
256,0,1,562,4,1,2.1958204451543137,-0.20489388224861518,-0.2006634597473853,0.05016586493684633,0.051223470562153796,4.899970239375491e-16,0.965973797184331
256,0,1,687,5,1,2.4412628949946904,-0.18537137001565557,-0.1811686655556059,0.045292166388901475,0.04634284250391389,4.2394011479474744e-16,0.965973797184331
256,0,1,812,6,1,2.119885488631665,-0.20063840946728784,-0.19654143571088123,0.04913535892772031,0.05015960236682196,4.929513364911542e-16,0.965973797184331
256,0,1,937,7,1,2.333087067523811,-0.18615965198132908,-0.18305400473611028,0.04576350118402757,0.04653991299533227,4.583472721440381e-16,0.965973797184331
256,0,1,1062,8,1,2.22407472479071,-0.1678767479866239,-0.16384909985513815,0.04096227496378454,0.04196918699665597,4.3676600236669624e-16,0.965973797184331
256,0,1,1187,9,1,2.459151495546451,-0.19471204929937314,-0.1899538138382683,0.04748845345956707,0.048678012324843284,4.982091219990785e-16,0.965973797184331
256,0,1,1312,10,1,2.8251908096710405,-0.1801427597302896,-0.1774516301781415,0.044362907544535375,0.0450356899325724,4.547017668843558e-16,0.965973797184331
256,0,1,1437,11,1,2.2116652923383393,-0.20395751384536356,-0.20088914194215193,0.05022228548553798,0.05098937846134089,5.308002800355999e-16,0.965973797184331
256,0,1,1562,12,1,2.111217314249623,-0.19945790455987844,-0.19455255467157012,0.04863813866789253,0.04986447613996961,4.489932390856106e-16,0.965973797184331
256,0,1,1687,13,1,2.546761600309089,-0.1955123708818904,-0.19026508132983722,0.047566270332459304,0.0488780927204726,5.618065834733719e-16,0.965973797184331
256,0,1,1812,14,1,2.2613604289293514,-0.21234955758625784,-0.20642064370494534,0.051605160926236335,0.05308738939656446,4.831429561675854e-16,0.965973797184331
256,0,1,1937,15,1,2.1644931787742374,-0.1972186482182316,-0.1929215306596574,0.04823038266491435,0.0493046620545579,5.078256517883722e-16,0.965973797184331
256,0,1,2062,16,1,2.559092909397487,-0.1904042826592381,-0.18664560685004133,0.046661401712510334,0.04760107066480952,4.587182932023807e-16,0.965973797184331
256,0,1,2187,17,1,2.411213332249087,-0.19737635028887715,-0.19195171742684766,0.047987929356711916,0.04934408757221929,5.4216897857564e-16,0.965973797184331
256,0,1,2312,18,1,2.239003148074975,-0.179848604018234,-0.1755582754606779,0.043889568865169475,0.0449621510045585,4.726226403858694e-16,0.965973797184331
256,0,1,2437,19,1,2.4572265673151925,-0.2109517023527776,-0.20783624438808554,0.051959061097021385,0.0527379255881944,5.987015408328628e-16,0.965973797184331
256,0,1,2562,20,1,2.1968784992565453,-0.19218838212987807,-0.18830266490227876,0.04707566622556969,0.04804709553246952,5.347418835986583e-16,0.965973797184331
256,0,1,2687,21,1,2.119121817763294,-0.18256191276578476,-0.1791243176874692,0.0447810794218673,0.04564047819144619,4.601582266660261e-16,0.965973797184331
256,0,1,2812,22,1,2.91699014042326,-0.19538473117613817,-0.19107949205856556,0.04776987301464139,0.04884618279403454,4.801151042961259e-16,0.965973797184331
256,0,1,2937,23,1,2.337439999034249,-0.22161306586287063,-0.215619575937963,0.05390489398449075,0.05540326646571766,5.726667033822213e-16,0.965973797184331
256,0,1,3062,24,1,2.6057160743715713,-0.19786253136541984,-0.19185391351194625,0.04796347837798656,0.04946563284135496,4.791862883429678e-16,0.965973797184331
256,0,1,3187,25,1,3.2517720695863943,-0.1756997038843023,-0.17246256576494937,0.04311564144123734,0.04392492597107558,5.196984938411438e-16,0.965973797184331
256,0,1,3312,26,1,2.40472116556308,-0.18296961227737935,-0.17909566120367662,0.044773915300919155,0.045742403069344836,4.741003609543267e-16,0.965973797184331
256,0,1,3437,27,1,2.4592032626122298,-0.21499082852456555,-0.2101234356671417,0.052530858916785425,0.05374770713114139,5.411502276457259e-16,0.965973797184331
256,0,1,3562,28,1,2.7119248681727908,-0.19862576321401992,-0.19310654303730493,0.04827663575932623,0.04965644080350498,5.134493205672988e-16,0.965973797184331
256,0,1,3687,29,1,2.5783613184630827,-0.1833871089779897,-0.17857632606502435,0.04464408151625609,0.04584677724449743,4.544244258676177e-16,0.965973797184331
256,0,1,3812,30,1,2.2836562359228583,-0.21793420455935938,-0.2126878013996113,0.053171950349902825,0.054483551139839846,5.08285349564891e-16,0.965973797184331
256,0,1,3937,31,1,2.314154358743813,-0.1969287814686043,-0.19211872446335487,0.04802968111583872,0.04923219536715107,4.516107730171575e-16,0.965973797184331
256,0,2,62,0,1,2.352657526129346,-0.1980696469515877,-0.19289046689244332,0.04822261672311083,0.04951741173789693,4.611202887955414e-16,0.965973797184331
256,0,2,187,1,1,2.298848201826191,-0.18902033045162578,-0.1856048677614237,0.04640121694035593,0.047255082612906445,4.455214879610729e-16,0.965973797184331
256,0,2,312,2,1,2.238962586889693,-0.19231666470850708,-0.1878497117491624,0.0469624279372906,0.04807916617712677,4.550765057616907e-16,0.965973797184331
256,0,2,437,3,1,2.4736960197971114,-0.20245304267186368,-0.19774389991592956,0.04943597497898239,0.05061326066796592,5.317512076931722e-16,0.965973797184331
256,0,2,562,4,1,2.4363316778095188,-0.2025545612016637,-0.19813429751186545,0.04953357437796636,0.05063864030041593,4.945795588363049e-16,0.965973797184331
256,0,2,687,5,1,2.25784508156605,-0.20684064489742518,-0.20196278463261733,0.05049069615815433,0.051710161224356295,4.608840148382484e-16,0.965973797184331
256,0,2,812,6,1,2.2532520453417892,-0.20699084274753718,-0.20227920193796936,0.05056980048449234,0.051747710686884295,4.977231372464921e-16,0.965973797184331
256,0,2,937,7,1,2.326772662535169,-0.2147297872617679,-0.21028556484400704,0.05257139121100176,0.05368244681544197,5.561819775514852e-16,0.965973797184331
256,0,2,1062,8,1,2.7567557047370155,-0.19539260132438616,-0.19132729325860723,0.04783182331465181,0.04884815033109654,5.044407240426775e-16,0.965973797184331
256,0,2,1187,9,1,2.774553701340114,-0.1899591827727927,-0.18599370547583735,0.04649842636895934,0.047489795693198174,5.260178033518925e-16,0.965973797184331
256,0,2,1312,10,1,2.5590189424716225,-0.20011287491717394,-0.19616515585634983,0.04904128896408746,0.050028218729293486,5.401252563891607e-16,0.965973797184331
256,0,2,1437,11,1,2.619202642997434,-0.17744815124997665,-0.17226393348451807,0.04306598337112952,0.04436203781249416,4.2962866217821603e-16,0.965973797184331
256,0,2,1562,12,1,2.2594770479851114,-0.19782335312648022,-0.1927481711946868,0.0481870427986717,0.049455838281620056,5.092380183410179e-16,0.965973797184331
256,0,2,1687,13,1,2.281617230336848,-0.21473646047069633,-0.2093726041648339,0.05234315104120847,0.05368411511767408,4.735625108688923e-16,0.965973797184331
256,0,2,1812,14,1,2.2695036456169206,-0.21306736662834597,-0.20772912565530643,0.05193228141382661,0.05326684165708649,5.323465168405876e-16,0.965973797184331
256,0,2,1937,15,1,2.4554133187008143,-0.17102998215114537,-0.16809709813692186,0.042024274534230466,0.04275749553778634,4.618620194285612e-16,0.965973797184331
256,0,2,2062,16,1,2.472616576357258,-0.19191913415730788,-0.18849340736954048,0.04712335184238512,0.04797978353932697,4.697442936301202e-16,0.965973797184331
256,0,2,2187,17,1,2.324081419802962,-0.1859729431209732,-0.18265785464261797,0.04566446366065449,0.0464932357802433,4.359047339233585e-16,0.965973797184331
256,0,2,2312,18,1,2.129154592434035,-0.19757919308249852,-0.19437191069605217,0.04859297767401304,0.04939479827062463,5.285453013258608e-16,0.965973797184331
256,0,2,2437,19,1,2.2894082317280215,-0.19355813941659658,-0.19083538192762717,0.04770884548190679,0.048389534854149145,4.864622473147725e-16,0.965973797184331
256,0,2,2562,20,1,2.226770667848472,-0.2013876550547989,-0.19582915590444033,0.04895728897611008,0.05034691376369972,4.2485323800586075e-16,0.965973797184331
256,0,2,2687,21,1,2.3591452609606325,-0.18999480406740069,-0.18701951309166148,0.04675487827291537,0.04749870101685017,5.358172314726067e-16,0.965973797184331
256,0,2,2812,22,1,2.7269605482487256,-0.19472396367039874,-0.18907064664639378,0.047267661661598445,0.048680990917599684,4.917380019876518e-16,0.965973797184331
256,0,2,2937,23,1,2.3921633107148064,-0.18605809251879873,-0.18076637150447372,0.04519159287611843,0.046514523129699684,4.876181224952519e-16,0.965973797184331
256,0,2,3062,24,1,2.3498758710089116,-0.19807086874300212,-0.19381279553629424,0.04845319888407356,0.04951771718575053,4.810634897103014e-16,0.965973797184331
256,0,2,3187,25,1,2.097475281389053,-0.18287865905675427,-0.17932638357742586,0.044831595894356466,0.04571966476418857,4.069401087675458e-16,0.965973797184331
256,0,2,3312,26,1,2.357552189435528,-0.21644526616005919,-0.21153587566845258,0.052883968917113146,0.054111316540014796,5.173903086518905e-16,0.965973797184331
256,0,2,3437,27,1,2.5191711625683437,-0.20568071944775299,-0.20111545546141052,0.05027886386535263,0.051420179861938246,5.26127203211556e-16,0.965973797184331
256,0,2,3562,28,1,2.466984571855096,-0.1923193110536677,-0.18598315667310789,0.04649578916827697,0.048079827763416925,4.735279895618294e-16,0.965973797184331
256,0,2,3687,29,1,2.4825887036961385,-0.1902060207398488,-0.18739687854247222,0.046849219635618056,0.0475515051849622,5.234476494530223e-16,0.965973797184331
256,0,2,3812,30,1,2.4141406317785012,-0.19084801414359298,-0.1865889495433584,0.0466472373858396,0.047712003535898245,4.5906730844609e-16,0.965973797184331
256,0,2,3937,31,1,2.4142385699798923,-0.19353676070466472,-0.18917595740071233,0.04729398935017808,0.04838419017616618,5.677481315680546e-16,0.965973797184331
256,0,3,62,0,1,2.2747976981598352,-0.19809496021479228,-0.19266974478996787,0.04816743619749197,0.04952374005369807,4.580043738004602e-16,0.965973797184331
256,0,3,187,1,1,2.194926653615207,-0.20503776644454955,-0.20040853127505837,0.05010213281876459,0.05125944161113739,4.827966188903909e-16,0.965973797184331
256,0,3,312,2,1,2.37902005574698,-0.2006315856800071,-0.19547846107966738,0.048869615269916844,0.05015789642000178,4.531925926696953e-16,0.965973797184331
256,0,3,437,3,1,2.5399964006451796,-0.19876331381647977,-0.1944168058736572,0.0486042014684143,0.04969082845411994,5.089117690928907e-16,0.965973797184331
256,0,3,562,4,1,2.256866351862014,-0.18233194726685614,-0.17613128296191322,0.044032820740478304,0.045582986816714036,4.3462614165704826e-16,0.965973797184331
256,0,3,687,5,1,2.0817353811308834,-0.20434893896278958,-0.19970945321059383,0.04992736330264846,0.051087234740697395,4.811240012678602e-16,0.965973797184331
256,0,3,812,6,1,2.380637156923829,-0.18917645308061304,-0.18587784233397514,0.046469460583493785,0.04729411327015326,4.874209871262118e-16,0.965973797184331
256,0,3,937,7,1,2.5467291383230544,-0.20670114090617714,-0.2009518160252323,0.05023795400630807,0.051675285226544285,5.315584485675957e-16,0.965973797184331
256,0,3,1062,8,1,2.6040376875874105,-0.20888855661808958,-0.20296217382634604,0.05074054345658651,0.052222139154522396,5.708316961338688e-16,0.965973797184331
256,0,3,1187,9,1,2.4288007101184856,-0.2022037654669441,-0.1979791366412402,0.04949478416031005,0.050550941366736026,5.125579215767858e-16,0.965973797184331
256,0,3,1312,10,1,2.398446079322409,-0.2016791849530211,-0.197705473257791,0.04942636831444775,0.05041979623825527,4.867744087728604e-16,0.965973797184331
256,0,3,1437,11,1,2.280408766864858,-0.19794709805509342,-0.19386633205034512,0.04846658301258628,0.049486774513773354,4.921277215970617e-16,0.965973797184331
256,0,3,1562,12,1,2.345306114362752,-0.18029352581142596,-0.17688706293046413,0.044221765732616033,0.04507338145285649,4.765768584327364e-16,0.965973797184331
256,0,3,1687,13,1,2.0822230147972753,-0.19023572353479445,-0.18713051045826723,0.04678262761456681,0.047558930883698614,4.192360455766876e-16,0.965973797184331
256,0,3,1812,14,1,2.4211934885750144,-0.17594516371246996,-0.1722341421792185,0.04305853554480463,0.04398629092811749,4.722438554407715e-16,0.965973797184331
256,0,3,1937,15,1,2.329150890958013,-0.1996920539775489,-0.19595016833644235,0.04898754208411059,0.04992301349438723,5.144180715336613e-16,0.965973797184331
256,0,3,2062,16,1,2.391274725140744,-0.17945785959150554,-0.17620679314239665,0.04405169828559916,0.044864464897876384,5.220681335158664e-16,0.965973797184331
256,0,3,2187,17,1,2.250901454514712,-0.1895898043769301,-0.18685219211170928,0.04671304802792732,0.047397451094232525,4.562450297060465e-16,0.965973797184331
256,0,3,2312,18,1,2.2266695597087445,-0.18607579905933613,-0.18308871068361737,0.04577217767090434,0.04651894976483403,5.221715490370933e-16,0.965973797184331
256,0,3,2437,19,1,2.7939208930969794,-0.16969620267157645,-0.1663209740688094,0.04158024351720235,0.04242405066789411,4.3181034143431784e-16,0.965973797184331
256,0,3,2562,20,1,2.295589843532415,-0.1789986941286899,-0.17526686834318048,0.04381671708579512,0.044749673532172476,4.3581737731084666e-16,0.965973797184331
256,0,3,2687,21,1,2.877790806634245,-0.21428794158973125,-0.20982472360412904,0.05245618090103226,0.05357198539743281,5.639121231187395e-16,0.965973797184331
256,0,3,2812,22,1,2.1281078510336564,-0.2020565489626766,-0.19647634362936434,0.049119085907341084,0.05051413724066915,4.361822061866189e-16,0.965973797184331
256,0,3,2937,23,1,2.128408097432262,-0.19277032950614337,-0.1870899784398391,0.046772494609959775,0.04819258237653584,5.0579722986954485e-16,0.965973797184331
256,0,3,3062,24,1,2.4271124353234432,-0.18134237309195902,-0.17703411547000558,0.044258528867501395,0.045335593272989756,4.663400365749512e-16,0.965973797184331
256,0,3,3187,25,1,2.8179155482779272,-0.17355172532740876,-0.1701575660539337,0.042539391513483425,0.04338793133185219,5.07057440839839e-16,0.965973797184331
256,0,3,3312,26,1,2.549865328580159,-0.1848720075933386,-0.18140444996009314,0.045351112490023285,0.04621800189833465,4.574757500510604e-16,0.965973797184331
256,0,3,3437,27,1,2.2839658687018742,-0.18837422856580904,-0.18356840769155958,0.045892101922889894,0.04709355714145226,4.512514597586456e-16,0.965973797184331
256,0,3,3562,28,1,2.513442207877028,-0.2053492076060967,-0.2012295435269543,0.050307385881738574,0.05133730190152418,5.615187131936369e-16,0.965973797184331
256,0,3,3687,29,1,2.4087600454316873,-0.1979354961848385,-0.1940429306082853,0.04851073265207133,0.049483874046209624,5.290989714870754e-16,0.965973797184331
256,0,3,3812,30,1,2.5714077548844974,-0.20774388113086387,-0.20380844264078318,0.050952110660195796,0.05193597028271597,5.29327214259979e-16,0.965973797184331
256,0,3,3937,31,1,2.1408182215392446,-0.15588124386768615,-0.15222602437113736,0.03805650609278434,0.03897031096692154,3.815327505557888e-16,0.965973797184331
256,1,0,62,0,1,2.080253238326491,-0.19773258289549642,-0.1935670438813355,0.048391760970333875,0.049433145723874104,4.73029678522787e-16,0.965973797184331
256,1,0,187,1,1,2.3292075277988373,-0.19871379656664578,-0.1947085682498439,0.048677142062460974,0.049678449141661446,4.95854304579943e-16,0.965973797184331
256,1,0,312,2,1,2.3146086397464805,-0.19012515103765623,-0.1842940709579595,0.04607351773948987,0.04753128775941406,4.617859169860589e-16,0.965973797184331
256,1,0,437,3,1,2.3623297544333517,-0.1820631669848164,-0.1770792989429862,0.04426982473574655,0.0455157917462041,4.3792183887592127e-16,0.965973797184331
256,1,0,562,4,1,2.5810236019610278,-0.20237153852655293,-0.19861784054675743,0.04965446013668936,0.05059288463163823,5.741966540702866e-16,0.965973797184331
256,1,0,687,5,1,2.2411281879612233,-0.19347123404388836,-0.1897519789846306,0.04743799474615765,0.04836780851097209,5.056230623489726e-16,0.965973797184331
256,1,0,812,6,1,2.39515001920282,-0.19519918656735127,-0.19010809505478296,0.04752702376369574,0.04879979664183782,4.445023679613504e-16,0.965973797184331
256,1,0,937,7,1,2.5082013792717004,-0.18357003040283848,-0.17978660117108738,0.044946650292771846,0.04589250760070962,5.053686032842305e-16,0.965973797184331
256,1,0,1062,8,1,2.2236759518664986,-0.20279332327307595,-0.19742080495188874,0.049355201237972185,0.05069833081826899,5.035968061879509e-16,0.965973797184331
256,1,0,1187,9,1,2.711013605432833,-0.2168079070654275,-0.21045540702467475,0.052613851756168686,0.05420197676635687,6.405386991968877e-16,0.965973797184331
256,1,0,1312,10,1,2.4046587695696706,-0.21894307992644169,-0.21327766432744175,0.053319416081860437,0.05473576998161042,4.950546894892923e-16,0.965973797184331
256,1,0,1437,11,1,2.2703217996090705,-0.19644776887996002,-0.19194509537673282,0.047986273844183205,0.049111942219990004,5.575979040811897e-16,0.965973797184331
256,1,0,1562,12,1,2.885816029990016,-0.1829658905295058,-0.1786190391475667,0.04465475978689167,0.04574147263237645,5.112225486958662e-16,0.965973797184331
256,1,0,1687,13,1,2.8163487362501027,-0.18501493823468546,-0.18140022485749768,0.04535005621437442,0.046253734558671364,5.096795327760707e-16,0.965973797184331
256,1,0,1812,14,1,2.449117717489181,-0.1966350512238086,-0.1919732261773087,0.04799330654432717,0.04915876280595215,5.385011646627885e-16,0.965973797184331
256,1,0,1937,15,1,2.4831622281801407,-0.20473735627525252,-0.19907817059702357,0.04976954264925589,0.05118433906881313,5.024282269098731e-16,0.965973797184331
256,1,0,2062,16,1,2.5387973705367024,-0.17633495437233185,-0.1714827460921106,0.04287068652302765,0.04408373859308296,4.2301254663527117e-16,0.965973797184331
256,1,0,2187,17,1,2.4324901422921945,-0.19562938359709806,-0.19041965736628155,0.04760491434157039,0.048907345899274514,4.910523110759736e-16,0.965973797184331
256,1,0,2312,18,1,2.479962828311123,-0.20365753232613998,-0.19888761921327128,0.04972190480331782,0.050914383081534995,5.718961358019058e-16,0.965973797184331
256,1,0,2437,19,1,2.3155214193459845,-0.20045461201508624,-0.19689761595100042,0.049224403987750104,0.05011365300377156,5.009985953131283e-16,0.965973797184331
256,1,0,2562,20,1,2.255853525210296,-0.20398096172030178,-0.1984417124365445,0.04961042810913612,0.050995240430075445,5.045126047751376e-16,0.965973797184331
256,1,0,2687,21,1,2.4837196596373774,-0.1870490762513998,-0.18403844235498504,0.04600961058874626,0.04676226906284995,5.490425033156626e-16,0.965973797184331
256,1,0,2812,22,1,2.1852228359414614,-0.20308249995449032,-0.197317071983391,0.04932926799584775,0.05077062498862258,5.12804199058254e-16,0.965973797184331
256,1,0,2937,23,1,2.5158160869614696,-0.1772564345993224,-0.17064863650227197,0.04266215912556799,0.0443141086498306,3.966566838409943e-16,0.965973797184331
256,1,0,3062,24,1,2.2403683427474457,-0.20272964264577126,-0.19889625971493893,0.04972406492873473,0.050682410661442814,4.946445638373958e-16,0.965973797184331
256,1,0,3187,25,1,2.669756166572838,-0.18263381617479837,-0.17818256852844344,0.04454564213211086,0.045658454043699594,4.368075004418574e-16,0.965973797184331
256,1,0,3312,26,1,2.49993942491092,-0.21062942832761908,-0.20545027859358458,0.051362569648396146,0.05265735708190477,4.697276714265931e-16,0.965973797184331
256,1,0,3437,27,1,2.753738178573961,-0.19832316686160958,-0.19364879673950963,0.04841219918487741,0.049580791715402396,5.433982826689784e-16,0.965973797184331
256,1,0,3562,28,1,2.3679844630519806,-0.2108569706212897,-0.20612298852027436,0.05153074713006859,0.05271424265532242,4.893407352656073e-16,0.965973797184331
256,1,0,3687,29,1,2.294224406621627,-0.19854221421439322,-0.19521871752054606,0.048804679380136516,0.049635553553598305,4.966226723497346e-16,0.965973797184331
256,1,0,3812,30,1,2.4124972044442696,-0.19678072131065544,-0.19265358671064103,0.04816339667766026,0.04919518032766386,5.267914121219752e-16,0.965973797184331
256,1,0,3937,31,1,2.3918451350209065,-0.1849958784347209,-0.18012151622410094,0.045030379056025235,0.046248969608680225,4.2516596542563853e-16,0.965973797184331
256,1,1,62,0,1,2.1502822881120363,-0.17017205301516572,-0.1651776922792729,0.041294423069818224,0.04254301325379143,4.3038763387267074e-16,0.965973797184331
256,1,1,187,1,1,2.801650037471102,-0.2042243917652582,-0.1984880369417089,0.04962200923542723,0.05105609794131455,5.187936630994468e-16,0.965973797184331
256,1,1,312,2,1,2.3456307944219414,-0.2022028634338055,-0.19750276468282532,0.04937569117070633,0.050550715858451375,4.514177798178202e-16,0.965973797184331
256,1,1,437,3,1,2.497721031353496,-0.19246516333164862,-0.18884852564689877,0.04721213141172469,0.048116290832912155,4.682323076281327e-16,0.965973797184331
256,1,1,562,4,1,2.3296461859894007,-0.19650998635666062,-0.19283747790165962,0.048209369475414904,0.049127496589165154,4.903286715393607e-16,0.965973797184331
256,1,1,687,5,1,2.351023132657816,-0.19298633882633381,-0.18813340923786806,0.047033352309467015,0.048246584706583454,4.49642365388443e-16,0.965973797184331
256,1,1,812,6,1,2.5381323208052633,-0.180474221828998,-0.1762224007888173,0.04405560019720432,0.0451185554572495,4.746151212003307e-16,0.965973797184331
256,1,1,937,7,1,2.2924154360707245,-0.19897567316414425,-0.1936770224858054,0.04841925562145135,0.04974391829103606,4.461409003599251e-16,0.965973797184331
256,1,1,1062,8,1,2.2936510320931225,-0.19307678796457206,-0.18716388100071574,0.046790970250178934,0.048269196991143015,5.158649819298032e-16,0.965973797184331
256,1,1,1187,9,1,2.793520588609739,-0.19270478451241244,-0.18795731930441176,0.04698932982610294,0.04817619612810311,5.117517563715993e-16,0.965973797184331
256,1,1,1312,10,1,2.162578136269635,-0.1948954621286511,-0.18927348642408534,0.047318371606021335,0.04872386553216278,4.992160675478339e-16,0.965973797184331
256,1,1,1437,11,1,2.540659405434868,-0.20018972854552916,-0.19497890620201275,0.04874472655050319,0.05004743213638229,5.471400619336755e-16,0.965973797184331
256,1,1,1562,12,1,2.2871433563733663,-0.19666238105441022,-0.19203443866987682,0.048008609667469206,0.049165595263602556,4.845134558556697e-16,0.965973797184331
256,1,1,1687,13,1,2.288017432561137,-0.19592217491432648,-0.19077289653899562,0.047693224134748906,0.04898054372858162,4.988065525821491e-16,0.965973797184331
256,1,1,1812,14,1,2.3203172101437284,-0.18765662704874006,-0.1825134259844979,0.04562835649612448,0.046914156762185015,4.4116343605717594e-16,0.965973797184331
256,1,1,1937,15,1,2.4012075249583607,-0.1932795407400783,-0.1885150175930475,0.04712875439826188,0.048319885185019576,4.728538228286012e-16,0.965973797184331
256,1,1,2062,16,1,2.3006094056063255,-0.18253385882608075,-0.1777404899443572,0.0444351224860893,0.04563346470652019,4.748261322093241e-16,0.965973797184331
256,1,1,2187,17,1,2.0798040109542404,-0.1854756573654836,-0.180035227351003,0.04500880683775075,0.0463689143413709,4.896963958995149e-16,0.965973797184331
256,1,1,2312,18,1,2.271542536823504,-0.19028142350200697,-0.18735005252951797,0.046837513132379494,0.04757035587550174,4.69519536702634e-16,0.965973797184331
256,1,1,2437,19,1,2.4303972760195105,-0.19104679214216885,-0.18738637077145182,0.046846592692862954,0.04776169803554221,4.659996582124684e-16,0.965973797184331
256,1,1,2562,20,1,2.5125286117250756,-0.17916762244456388,-0.17611308241998214,0.044028270604995534,0.04479190561114097,4.3428843316038863e-16,0.965973797184331
256,1,1,2687,21,1,2.399495863769263,-0.20111590484254327,-0.1951567280994746,0.04878918202486865,0.05027897621063582,4.951172034163289e-16,0.965973797184331
256,1,1,2812,22,1,2.2621162980465797,-0.20199725511665007,-0.19695645367835177,0.04923911341958794,0.050499313779162516,4.463226807848356e-16,0.965973797184331
256,1,1,2937,23,1,2.570036757840945,-0.18606029836080343,-0.18275461260645695,0.04568865315161424,0.04651507459020086,4.578739062264012e-16,0.965973797184331
256,1,1,3062,24,1,2.1539670205630275,-0.18184270596227062,-0.1773162084245722,0.04432905210614305,0.045460676490567654,4.357810751582011e-16,0.965973797184331
256,1,1,3187,25,1,2.723361434249646,-0.1756631914515236,-0.1728388611712884,0.0432097152928221,0.0439157978628809,4.811150639098467e-16,0.965973797184331
256,1,1,3312,26,1,2.351924311507881,-0.19493470697490387,-0.1905962760955851,0.047649069023896276,0.048733676743725966,4.853758669361612e-16,0.965973797184331
256,1,1,3437,27,1,2.6414368970002116,-0.19231445744122636,-0.18840427095398998,0.047101067738497496,0.04807861436030659,5.440772330229225e-16,0.965973797184331
256,1,1,3562,28,1,2.3183135329787525,-0.19708369612249493,-0.19346892991289036,0.04836723247822259,0.04927092403062373,4.665722409014464e-16,0.965973797184331
256,1,1,3687,29,1,2.524325357999964,-0.1964042734513931,-0.1912933249016168,0.0478233312254042,0.04910106836284828,4.902400493179826e-16,0.965973797184331
256,1,1,3812,30,1,2.5423510657553416,-0.18986810831876358,-0.18540342809955024,0.04635085702488756,0.047467027079690895,4.999057055345994e-16,0.965973797184331
256,1,1,3937,31,1,2.5341379983814134,-0.2003349196019419,-0.19667263610226418,0.049168159025566045,0.05008372990048548,5.485575517718159e-16,0.965973797184331
256,1,2,62,0,1,2.5334588378968075,-0.21633583248598795,-0.2114230912780238,0.05285577281950595,0.05408395812149699,5.587560579003099e-16,0.965973797184331
256,1,2,187,1,1,2.0571943882205286,-0.19341262159291991,-0.1901373056860402,0.04753432642151005,0.04835315539822998,4.629580904246407e-16,0.965973797184331
256,1,2,312,2,1,2.2458802001043763,-0.18020356713268884,-0.17563033085668506,0.043907582714171264,0.04505089178317221,4.573713721679192e-16,0.965973797184331
256,1,2,437,3,1,2.5265191824248143,-0.20061828113931374,-0.19619718968477456,0.04904929742119364,0.050154570284828434,4.908011759194842e-16,0.965973797184331
256,1,2,562,4,1,2.440840718399623,-0.195890823093991,-0.19261387130734178,0.048153467826835446,0.04897270577349775,5.345855086687917e-16,0.965973797184331
256,1,2,687,5,1,2.5095798088371475,-0.18163099617466327,-0.1767456268605631,0.04418640671514078,0.04540774904366582,5.786752878818965e-16,0.965973797184331
256,1,2,812,6,1,2.7147688304059034,-0.19713338854351417,-0.19286730796128118,0.048216826990320295,0.04928334713587854,5.101623176370051e-16,0.965973797184331
256,1,2,937,7,1,2.2975659610726327,-0.18234379803936956,-0.1783370788318731,0.04458426970796828,0.04558594950984239,4.82926714173678e-16,0.965973797184331
256,1,2,1062,8,1,2.589637004985553,-0.19383650413000977,-0.18918463532134616,0.04729615883033654,0.04845912603250244,5.114352815041841e-16,0.965973797184331
256,1,2,1187,9,1,2.8339477300600366,-0.19122549567622857,-0.1864334013838651,0.046608350345966276,0.04780637391905714,4.916652774164605e-16,0.965973797184331
256,1,2,1312,10,1,2.2696833689407567,-0.19875878998289584,-0.19421199424812818,0.048552998562032046,0.04968969749572396,4.967412521600202e-16,0.965973797184331
256,1,2,1437,11,1,2.268346982182737,-0.2045104354525468,-0.1987489122532735,0.04968722806331838,0.0511276088631367,5.431321010230415e-16,0.965973797184331
256,1,2,1562,12,1,2.390099653228817,-0.18531903424786972,-0.1817106322996389,0.04542765807490973,0.04632975856196743,4.70595757662791e-16,0.965973797184331
256,1,2,1687,13,1,2.5470217157056014,-0.20191648235594312,-0.19635421355222696,0.04908855338805674,0.05047912058898578,5.507627890870888e-16,0.965973797184331
256,1,2,1812,14,1,2.3686718488182965,-0.188711798590459,-0.18541324958631752,0.04635331239657938,0.04717794964761475,4.528138159021724e-16,0.965973797184331
256,1,2,1937,15,1,2.1894434240926732,-0.20780909117177734,-0.20272618100973339,0.050681545252433347,0.051952272792944336,4.547199536289315e-16,0.965973797184331
256,1,2,2062,16,1,2.2570342346904844,-0.19889803182118304,-0.19413828440543293,0.04853457110135823,0.04972450795529576,5.207013171751703e-16,0.965973797184331
256,1,2,2187,17,1,2.412231731742825,-0.18967500167068957,-0.18528074853896423,0.04632018713474106,0.04741875041767239,4.700462050211161e-16,0.965973797184331
256,1,2,2312,18,1,2.1869096754374553,-0.17845782571080876,-0.17492021047098166,0.043730052617745416,0.04461445642770219,4.244605744181892e-16,0.965973797184331
256,1,2,2437,19,1,2.747241615262714,-0.17949175515816654,-0.17563940342244502,0.043909850855611256,0.044872938789541635,4.728140096933557e-16,0.965973797184331
256,1,2,2562,20,1,2.7254507845713585,-0.19360660826457196,-0.19005171933308068,0.04751292983327017,0.04840165206614299,4.689391868657056e-16,0.965973797184331
256,1,2,2687,21,1,2.300986085025828,-0.19606689231521385,-0.19161104241037627,0.04790276060259407,0.04901672307880346,4.971373699237337e-16,0.965973797184331
256,1,2,2812,22,1,2.3139300934019666,-0.20069654977638118,-0.19553960447745972,0.04888490111936493,0.050174137444095296,5.027416047185149e-16,0.965973797184331
256,1,2,2937,23,1,2.1656854763036835,-0.21026928818613688,-0.20405960823353347,0.05101490205838337,0.05256732204653422,4.841588127124193e-16,0.965973797184331
256,1,2,3062,24,1,2.4011488477150857,-0.19875136252969217,-0.1922916112125507,0.048072902803137675,0.04968784063242304,5.033780820744026e-16,0.965973797184331
256,1,2,3187,25,1,2.1649433182726874,-0.19305316145250082,-0.1893852171293388,0.0473463042823347,0.048263290363125204,4.755554627445249e-16,0.965973797184331
256,1,2,3312,26,1,2.40526763308479,-0.19829366032786358,-0.19293494748703657,0.04823373687175914,0.049573415081965895,4.660243423379842e-16,0.965973797184331
256,1,2,3437,27,1,2.607921608264003,-0.2067448083271522,-0.20192098617570747,0.05048024654392687,0.05168620208178805,5.091543509375781e-16,0.965973797184331
256,1,2,3562,28,1,2.4660995128565713,-0.19184505757237702,-0.1887777125537358,0.04719442813843395,0.047961264393094255,5.322607387571237e-16,0.965973797184331
256,1,2,3687,29,1,2.1666642153684705,-0.18697563589265057,-0.18219400057044818,0.045548500142612046,0.04674390897316264,4.861275453473625e-16,0.965973797184331
256,1,2,3812,30,1,2.22947947979834,-0.20158026309268928,-0.19627906544843904,0.04906976636210976,0.05039506577317232,5.189954604015342e-16,0.965973797184331
256,1,2,3937,31,1,2.3635752313506133,-0.1841755645261816,-0.18133647888480192,0.04533411972120048,0.0460438911315454,4.1972351489341523e-16,0.965973797184331
256,1,3,62,0,1,2.6048522494964557,-0.2061201464899193,-0.20043191510587843,0.05010797877646961,0.051530036622479826,5.600660795699128e-16,0.965973797184331
256,1,3,187,1,1,2.7611359147073484,-0.18218166900445573,-0.17887015013965704,0.04471753753491426,0.04554541725111393,4.730047017811312e-16,0.965973797184331
256,1,3,312,2,1,2.7376613672487924,-0.19040059416293445,-0.186805546306439,0.04670138657660975,0.04760014854073361,5.035386391010852e-16,0.965973797184331
256,1,3,437,3,1,2.342609069208577,-0.1761783440140928,-0.17265560143873762,0.043163900359684405,0.0440445860035232,4.612129580093351e-16,0.965973797184331
256,1,3,562,4,1,2.591199969674392,-0.1860571226161347,-0.1825865349650558,0.04564663374126395,0.04651428065403367,4.474748963111908e-16,0.965973797184331
256,1,3,687,5,1,2.1514312516032357,-0.20025886330052775,-0.19555381981247383,0.04888845495311846,0.05006471582513194,4.1392068789353096e-16,0.965973797184331
256,1,3,812,6,1,2.254309744856244,-0.18825948316738633,-0.18632486137294288,0.04658121534323572,0.04706487079184658,5.035736372508585e-16,0.965973797184331
256,1,3,937,7,1,2.4718845515788375,-0.20472598865669564,-0.19890126790673857,0.04972531697668464,0.05118149716417391,5.057006983581341e-16,0.965973797184331
256,1,3,1062,8,1,2.33596121446603,-0.18606776552448726,-0.18136295986175946,0.045340739965439865,0.046516941381121814,4.881429259575686e-16,0.965973797184331
256,1,3,1187,9,1,2.4742075929202807,-0.2027464298183787,-0.20015818886174327,0.05003954721543582,0.050686607454594676,4.821538078198162e-16,0.965973797184331
256,1,3,1312,10,1,2.3734624599107415,-0.20151058008960923,-0.19547781538718415,0.048869453846796036,0.05037764502240231,5.457900107950702e-16,0.965973797184331
256,1,3,1437,11,1,2.5648362239968527,-0.19753057763607668,-0.19267257306790242,0.048168143266975605,0.04938264440901917,5.221596185088721e-16,0.965973797184331
256,1,3,1562,12,1,2.396169789838565,-0.18660544465913798,-0.1825163378842423,0.04562908447106057,0.046651361164784494,4.86704456092312e-16,0.965973797184331
256,1,3,1687,13,1,2.2022960909303686,-0.20741580536443951,-0.2029176861262764,0.0507294215315691,0.05185395134110988,5.304130152889613e-16,0.965973797184331
256,1,3,1812,14,1,2.59707043108558,-0.22117496593426814,-0.21599846720990115,0.05399961680247529,0.055293741483567034,6.293125804411617e-16,0.965973797184331
256,1,3,1937,15,1,2.4621967103904026,-0.19645575266236182,-0.1927116957533954,0.04817792393834885,0.049113938165590454,5.10402472383082e-16,0.965973797184331
256,1,3,2062,16,1,2.6363961468848682,-0.18208902072908187,-0.1780199649191229,0.04450499122978072,0.04552225518227047,4.468779160796905e-16,0.965973797184331
256,1,3,2187,17,1,2.5132123790324257,-0.18725872852341677,-0.18469071609304213,0.046172679023260534,0.04681468213085419,4.937280058394575e-16,0.965973797184331
256,1,3,2312,18,1,2.385409299203504,-0.18741988649651703,-0.18326853898071752,0.04581713474517938,0.04685497162412926,4.805118284428606e-16,0.965973797184331
256,1,3,2437,19,1,2.228649034125577,-0.20667496211264808,-0.20218073942583006,0.050545184856457516,0.05166874052816202,4.565641488394144e-16,0.965973797184331
256,1,3,2562,20,1,2.479934802819904,-0.1992474919096524,-0.19162302804318904,0.04790575701079726,0.0498118729774131,5.432714095323624e-16,0.965973797184331
256,1,3,2687,21,1,2.5875770580492015,-0.1824613780996384,-0.17823961112300502,0.044559902780751254,0.0456153445249096,5.088699448720598e-16,0.965973797184331
256,1,3,2812,22,1,2.372087197255527,-0.1993106972200698,-0.1946906233465775,0.048672655836644374,0.04982767430501745,5.228204864439292e-16,0.965973797184331
256,1,3,2937,23,1,2.2457241319570556,-0.19694767434763225,-0.1923399318535021,0.048084982963375524,0.04923691858690806,5.390904656335154e-16,0.965973797184331
256,1,3,3062,24,1,2.2131578092032678,-0.19193184520844286,-0.18665697206418644,0.04666424301604661,0.047982961302110716,4.454275634951513e-16,0.965973797184331
256,1,3,3187,25,1,2.2018860383139565,-0.19950043653672717,-0.19470470888758926,0.048676177221897314,0.04987510913418179,4.801791907326908e-16,0.965973797184331
256,1,3,3312,26,1,2.2414236811901596,-0.19678763558308743,-0.19260640281645078,0.048151600704112694,0.04919690889577186,5.071977780329568e-16,0.965973797184331
256,1,3,3437,27,1,2.9486701515663096,-0.1996554298591607,-0.1942082493279138,0.04855206233197845,0.04991385746479018,5.751753193874596e-16,0.965973797184331
256,1,3,3562,28,1,2.3793629097219586,-0.20318534476450956,-0.19878020246246242,0.049695050615615605,0.05079633619112739,5.047049746925512e-16,0.965973797184331
256,1,3,3687,29,1,2.414609291321832,-0.1838661309886433,-0.17778625401490455,0.04444656350372614,0.045966532747160824,4.483369459375736e-16,0.965973797184331
256,1,3,3812,30,1,2.7127783865574084,-0.20880690265762156,-0.20416448974630474,0.051041122436576186,0.05220172566440539,5.562062243705937e-16,0.965973797184331
256,1,3,3937,31,1,2.1315369718220367,-0.1831287359677018,-0.17934616337679152,0.04483654084419788,0.04578218399192545,4.41990719220431e-16,0.965973797184331
256,2,0,62,0,1,2.5179175174712807,-0.20248275251507647,-0.19929117037246918,0.049822792593117296,0.05062068812876912,5.561358449397618e-16,0.965973797184331
256,2,0,187,1,1,2.632941623728529,-0.17771698142177964,-0.17398172201498188,0.04349543050374547,0.04442924535544491,4.3092845722933563e-16,0.965973797184331
256,2,0,312,2,1,2.2025117661849913,-0.16803199923874892,-0.16410620453223881,0.041026551133059704,0.04200799980968723,3.8124826838929695e-16,0.965973797184331
256,2,0,437,3,1,2.448198109706695,-0.22567754536579995,-0.21954676083149177,0.05488669020787294,0.05641938634144999,5.658171573525665e-16,0.965973797184331
256,2,0,562,4,1,2.485308180357306,-0.19614605675554964,-0.19214209357678705,0.04803552339419676,0.04903651418888741,5.083655781649101e-16,0.965973797184331
256,2,0,687,5,1,2.6295064774572934,-0.19664526631399062,-0.1917875788153482,0.04794689470383705,0.049161316578497656,5.249421809964443e-16,0.965973797184331
256,2,0,812,6,1,2.475744669090163,-0.18497307753063086,-0.1802794498381376,0.0450698624595344,0.046243269382657715,4.944362949513645e-16,0.965973797184331
256,2,0,937,7,1,2.0980321748828903,-0.18358917336895764,-0.17940794328172702,0.044851985820431754,0.04589729334223941,4.3443150904537034e-16,0.965973797184331
256,2,0,1062,8,1,2.5321161848091496,-0.21136053544523237,-0.20709399494911293,0.05177349873727823,0.05284013386130809,5.145006882785026e-16,0.965973797184331
256,2,0,1187,9,1,2.538366782808101,-0.1961469644549218,-0.1919893251825004,0.0479973312956251,0.04903674111373045,5.204898404293593e-16,0.965973797184331
256,2,0,1312,10,1,2.611142369856572,-0.21695727133631462,-0.21214364878360903,0.05303591219590226,0.054239317834078656,4.890452844003538e-16,0.965973797184331
256,2,0,1437,11,1,2.4473998856696273,-0.22724775890714377,-0.2214288630149721,0.05535721575374303,0.05681193972678594,5.837550929834703e-16,0.965973797184331
256,2,0,1562,12,1,2.4475805320138218,-0.18934119875734645,-0.18449848617021652,0.04612462154255413,0.04733529968933661,4.641237624048291e-16,0.965973797184331
256,2,0,1687,13,1,2.454008603240575,-0.17314491191832862,-0.1684723635657903,0.04211809089144757,0.043286227979582155,4.2089394653945663e-16,0.965973797184331
256,2,0,1812,14,1,2.331285406781621,-0.19793364301806315,-0.19450941485259127,0.04862735371314782,0.04948341075451579,5.101423995656195e-16,0.965973797184331
256,2,0,1937,15,1,2.2854549007865312,-0.20159569530320023,-0.19652696350399027,0.049131740875997566,0.05039892382580006,4.794667606575401e-16,0.965973797184331
256,2,0,2062,16,1,2.3614676907138747,-0.18390334838053954,-0.17997698075522295,0.04499424518880574,0.045975837095134885,4.55898544412657e-16,0.965973797184331
256,2,0,2187,17,1,2.620129523018632,-0.20747386878021665,-0.20376369282162302,0.050940923205405754,0.05186846719505416,5.074618336088094e-16,0.965973797184331
256,2,0,2312,18,1,2.209540843975057,-0.18949023600314455,-0.1861394035369804,0.0465348508842451,0.04737255900078614,4.561254020729126e-16,0.965973797184331
256,2,0,2437,19,1,2.5285670083582983,-0.1972907077466485,-0.19282596783547737,0.04820649195886934,0.049322676936662126,5.246449281345534e-16,0.965973797184331
256,2,0,2562,20,1,2.376790807756496,-0.19038739203176863,-0.18514369114705304,0.04628592278676326,0.04759684800794216,4.464026540624018e-16,0.965973797184331
256,2,0,2687,21,1,2.2832086486571357,-0.196634194857194,-0.19319098360717785,0.04829774590179446,0.0491585487142985,4.865379469404583e-16,0.965973797184331
256,2,0,2812,22,1,2.3088213007922653,-0.1894802418315045,-0.18493101995231165,0.04623275498807791,0.047370060457876124,4.267889215912163e-16,0.965973797184331
256,2,0,2937,23,1,2.3313742276293175,-0.19845871319623135,-0.19274528784215572,0.04818632196053893,0.049614678299057836,5.404833247902347e-16,0.965973797184331
256,2,0,3062,24,1,2.6133574958214196,-0.20197019753885062,-0.19743000870198985,0.04935750217549746,0.050492549384712655,5.086496369329318e-16,0.965973797184331
256,2,0,3187,25,1,2.3861727516165288,-0.1772332103853761,-0.1731700435481134,0.04329251088702835,0.044308302596344024,4.2906529998919916e-16,0.965973797184331
256,2,0,3312,26,1,2.5408240902163297,-0.2156003683118013,-0.2108455617251945,0.052711390431298626,0.05390009207795032,5.526346697271323e-16,0.965973797184331
256,2,0,3437,27,1,2.321372405029808,-0.18671843593748735,-0.1823161146027007,0.045579028650675174,0.04667960898437184,4.689383483407995e-16,0.965973797184331
256,2,0,3562,28,1,2.3917111792913195,-0.19770017723008043,-0.19302688000258647,0.04825672000064662,0.04942504430752011,5.042038186053695e-16,0.965973797184331
256,2,0,3687,29,1,2.4874381038000637,-0.17301113491284148,-0.1699515932016303,0.04248789830040758,0.04325278372821037,4.540651006920607e-16,0.965973797184331
256,2,0,3812,30,1,2.1479437890801796,-0.19985131970233647,-0.19630602203748476,0.04907650550937119,0.04996282992558412,5.037278944324156e-16,0.965973797184331
256,2,0,3937,31,1,2.8177350056065515,-0.19003550121286225,-0.18520425211836478,0.046301063029591194,0.04750887530321556,5.843357019419771e-16,0.965973797184331
256,2,1,62,0,1,2.1869416972316165,-0.1788755508437348,-0.17425676276699018,0.043564190691747544,0.0447188877109337,4.083121360635885e-16,0.965973797184331
256,2,1,187,1,1,2.641674727138907,-0.2148419279099259,-0.20938659762014922,0.052346649405037304,0.053710481977481475,5.665209762543189e-16,0.965973797184331
256,2,1,312,2,1,2.4279229689475543,-0.1787184820836701,-0.17352416908603602,0.043381042271509004,0.04467962052091753,4.2869062714462423e-16,0.965973797184331
256,2,1,437,3,1,2.402870781498765,-0.18319296735218243,-0.17982978477369016,0.04495744619342254,0.04579824183804561,4.309261067372814e-16,0.965973797184331
256,2,1,562,4,1,2.6083989900144497,-0.16798226029015847,-0.16297359445524767,0.04074339861381192,0.04199556507253962,4.251378756011793e-16,0.965973797184331
256,2,1,687,5,1,2.6513046978064847,-0.18845368485647265,-0.1835126292958878,0.04587815732397195,0.04711342121411816,4.605709357704191e-16,0.965973797184331
256,2,1,812,6,1,2.3416662663448777,-0.1875974961079849,-0.18378877207539804,0.04594719301884951,0.046899374026996225,5.336333126779817e-16,0.965973797184331
256,2,1,937,7,1,2.8525979319537775,-0.19764064063403394,-0.19146775986315293,0.04786693996578823,0.049410160158508486,5.62827010595762e-16,0.965973797184331
256,2,1,1062,8,1,2.7393285310265414,-0.1954047563597513,-0.19042995314077685,0.04760748828519421,0.048851189089937824,5.011197059260315e-16,0.965973797184331
256,2,1,1187,9,1,2.442365303449574,-0.18335413684233898,-0.1812925644204204,0.0453231411051051,0.045838534210584744,4.499745392305465e-16,0.965973797184331
256,2,1,1312,10,1,2.2388158734333174,-0.18001973184177655,-0.174581846259931,0.04364546156498275,0.04500493296044414,4.264780936690485e-16,0.965973797184331
256,2,1,1437,11,1,2.6227208382435494,-0.2124719762615785,-0.20865337271242168,0.05216334317810542,0.05311799406539462,5.850885569131279e-16,0.965973797184331
256,2,1,1562,12,1,2.403401553537673,-0.19125299931416048,-0.18608025516567847,0.04652006379141962,0.04781324982854012,4.771432586959319e-16,0.965973797184331
256,2,1,1687,13,1,2.5488629365044098,-0.2173527660082109,-0.21364266416566566,0.053410666041416414,0.05433819150205273,5.169145177488569e-16,0.965973797184331
256,2,1,1812,14,1,2.390762764489688,-0.21061912884719056,-0.20465027073137856,0.05116256768284464,0.05265478221179764,5.355553686588861e-16,0.965973797184331
256,2,1,1937,15,1,2.3436375878828155,-0.19006097528091623,-0.18536421069993989,0.04634105267498497,0.04751524382022906,4.453452446252741e-16,0.965973797184331
256,2,1,2062,16,1,2.3777662567199807,-0.19725741035970842,-0.19293491630070952,0.04823372907517738,0.049314352589927106,5.637558160177616e-16,0.965973797184331
256,2,1,2187,17,1,2.2752725665914277,-0.19215447276861067,-0.1876839775148852,0.0469209943787213,0.04803861819215267,5.9737586131612115e-16,0.965973797184331
256,2,1,2312,18,1,2.5410448044866003,-0.19768773578490287,-0.1929761847617973,0.04824404619044932,0.04942193394622572,5.008412786240473e-16,0.965973797184331
256,2,1,2437,19,1,2.9170982965337577,-0.18975882359601784,-0.185185793934848,0.046296448483712,0.04743970589900446,5.431634858293467e-16,0.965973797184331
256,2,1,2562,20,1,2.570181477467172,-0.19493908592179524,-0.19082822562697055,0.04770705640674264,0.04873477148044881,4.960822765917877e-16,0.965973797184331
256,2,1,2687,21,1,2.495077410026811,-0.20356608493867256,-0.19762175633645473,0.049405439084113684,0.05089152123466814,5.106284762498035e-16,0.965973797184331
256,2,1,2812,22,1,2.198010851543299,-0.1944836395026418,-0.19005447701004013,0.047513619252510034,0.04862090987566045,5.052665507614721e-16,0.965973797184331
256,2,1,2937,23,1,2.239152691941592,-0.19497423571706224,-0.1896928364364258,0.04742320910910645,0.04874355892926556,4.639181103947301e-16,0.965973797184331
256,2,1,3062,24,1,2.430348593347014,-0.1943355888516697,-0.18943992702086965,0.04735998175521741,0.04858389721291743,4.593935954105277e-16,0.965973797184331
256,2,1,3187,25,1,2.059099838911811,-0.18521594998149743,-0.18283330219435828,0.04570832554858957,0.04630398749537436,4.366133648250681e-16,0.965973797184331
256,2,1,3312,26,1,2.4030274520257136,-0.18859079588103864,-0.18516082161019634,0.046290205402549085,0.04714769897025966,4.865770176687347e-16,0.965973797184331
256,2,1,3437,27,1,2.315389515801934,-0.17888838706808288,-0.17473213378495314,0.043683033446238285,0.04472209676702072,4.261157470891398e-16,0.965973797184331
256,2,1,3562,28,1,2.2285733898572264,-0.17939099212070678,-0.17614332179251976,0.04403583044812994,0.044847748030176694,4.2814920436169474e-16,0.965973797184331
256,2,1,3687,29,1,2.1938066703266554,-0.19907170769259486,-0.19447084748132235,0.048617711870330586,0.049767926923148714,4.503324500987456e-16,0.965973797184331
256,2,1,3812,30,1,2.412420074841793,-0.19599187481837388,-0.19096834086072448,0.04774208521518112,0.04899796870459347,4.6365880811883e-16,0.965973797184331
256,2,1,3937,31,1,2.3174451656036417,-0.16891754704915132,-0.16525654512909496,0.04131413628227374,0.04222938676228783,5.035946772192289e-16,0.965973797184331
256,2,2,62,0,1,2.4656448784922738,-0.1817648529324756,-0.17716031336186805,0.04429007834046701,0.0454412132331189,4.610961570344041e-16,0.965973797184331
256,2,2,187,1,1,2.4333024521822493,-0.19515949550141568,-0.1913349868155383,0.04783374670388457,0.04878987387535392,4.57321914438022e-16,0.965973797184331
256,2,2,312,2,1,2.2479847862735043,-0.19412427034469998,-0.19001556623740282,0.047503891559350704,0.048531067586174995,4.841306579310848e-16,0.965973797184331
256,2,2,437,3,1,2.6384856257826623,-0.1938230699890306,-0.18875013142859107,0.04718753285714777,0.04845576749725765,5.243585382150213e-16,0.965973797184331
256,2,2,562,4,1,2.2426244366637906,-0.203584201961492,-0.19871360640454822,0.049678401601137054,0.050896050490373,5.02239584710298e-16,0.965973797184331
256,2,2,687,5,1,2.2232607039155354,-0.18334154526489818,-0.17842591646467343,0.04460647911616836,0.045835386316224545,4.397578861426089e-16,0.965973797184331
256,2,2,812,6,1,2.347376213630038,-0.20751971620791465,-0.2029334293597721,0.050733357339943025,0.05187992905197866,5.841075045795919e-16,0.965973797184331
256,2,2,937,7,1,2.4658949691659444,-0.1936360740196053,-0.19023745107653775,0.04755936276913444,0.04840901850490133,4.979380984202254e-16,0.965973797184331
256,2,2,1062,8,1,2.268339404307182,-0.19840829116711883,-0.19410238261992427,0.04852559565498107,0.04960207279177971,4.3820608882429575e-16,0.965973797184331
256,2,2,1187,9,1,2.3267153451345504,-0.18009970459549773,-0.17500236187210258,0.043750590468025645,0.04502492614887443,4.34659132417187e-16,0.965973797184331
256,2,2,1312,10,1,2.3279278199863462,-0.18423731502967283,-0.18032213656062135,0.04508053414015534,0.04605932875741821,4.669521020823086e-16,0.965973797184331
256,2,2,1437,11,1,2.547265541625545,-0.20112285113416772,-0.19798588192092953,0.04949647048023238,0.05028071278354193,5.063002259163269e-16,0.965973797184331
256,2,2,1562,12,1,2.617085111779877,-0.2032952941128013,-0.1985019660065873,0.04962549150164682,0.05082382352820033,6.014284985273156e-16,0.965973797184331
256,2,2,1687,13,1,2.5753951069781023,-0.19650793923975035,-0.19285418393380718,0.048213545983451796,0.04912698480993759,4.843666516705874e-16,0.965973797184331
256,2,2,1812,14,1,2.43742408043859,-0.19719324778309127,-0.19276497898689288,0.04819124474672322,0.04929831194577282,5.180435200128764e-16,0.965973797184331
256,2,2,1937,15,1,2.2942856093335204,-0.20198099130953878,-0.19764859468350018,0.049412148670875046,0.050495247827384696,5.027099516702732e-16,0.965973797184331
256,2,2,2062,16,1,2.3208289646177844,-0.18705853293312644,-0.18339178259346817,0.04584794564836704,0.04676463323328161,4.552808243271321e-16,0.965973797184331
256,2,2,2187,17,1,2.403647288322036,-0.19227421562784713,-0.18783640726806125,0.04695910181701531,0.04806855390696178,5.039585912274841e-16,0.965973797184331
256,2,2,2312,18,1,2.4491475326136403,-0.19510685549229465,-0.19090490777929103,0.04772622694482276,0.04877671387307366,4.555324760084759e-16,0.965973797184331
256,2,2,2437,19,1,2.4088991178711208,-0.1770563558323388,-0.17374593433563765,0.04343648358390941,0.0442640889580847,4.647338040977447e-16,0.965973797184331
256,2,2,2562,20,1,2.415066933471139,-0.20122759574759927,-0.19646377264586895,0.04911594316146724,0.05030689893689982,4.703676117720834e-16,0.965973797184331
256,2,2,2687,21,1,2.2147623201651356,-0.20671807935796185,-0.2018367783741183,0.05045919459352957,0.05167951983949046,5.039490072075394e-16,0.965973797184331
256,2,2,2812,22,1,2.4036080927381893,-0.2054945871974527,-0.20014227834055967,0.05003556958513992,0.051373646799363175,5.41031316117572e-16,0.965973797184331
256,2,2,2937,23,1,2.267187592761169,-0.20641191328313752,-0.2020999589769543,0.05052498974423857,0.05160297832078438,5.050532327532158e-16,0.965973797184331
256,2,2,3062,24,1,2.306793875862784,-0.19194708694258208,-0.18759205900345755,0.046898014750864386,0.04798677173564552,5.14243145069831e-16,0.965973797184331
256,2,2,3187,25,1,2.2657373908357674,-0.19598409166486397,-0.19156204186048337,0.04789051046512084,0.04899602291621599,4.89422222398267e-16,0.965973797184331
256,2,2,3312,26,1,2.5611715773988952,-0.21760795215151954,-0.2119392653455662,0.05298481633639155,0.054401988037879885,5.331595124034838e-16,0.965973797184331
256,2,2,3437,27,1,2.3941021600654873,-0.2027678508269254,-0.19742390291614212,0.04935597572903553,0.05069196270673135,4.545020135997191e-16,0.965973797184331
256,2,2,3562,28,1,2.4177500592097916,-0.20839894365768902,-0.20291136824576592,0.05072784206144148,0.052099735914422254,5.515845519973833e-16,0.965973797184331
256,2,2,3687,29,1,2.5904584327149696,-0.18333434307974406,-0.17949738356583378,0.044874345891458445,0.045833585769936014,4.452903790897679e-16,0.965973797184331
256,2,2,3812,30,1,2.9345123078938684,-0.18668781256952388,-0.1820470155150872,0.0455117538787718,0.04667195314238097,4.812772757355227e-16,0.965973797184331
256,2,2,3937,31,1,2.3664378609235657,-0.18401061836987803,-0.17881568751464308,0.04470392187866077,0.04600265459246951,5.253283786056835e-16,0.965973797184331
256,2,3,62,0,1,2.243906541481996,-0.2100797571710868,-0.20458565659163488,0.05114641414790872,0.0525199392927717,5.221240564479806e-16,0.965973797184331
256,2,3,187,1,1,2.378673279185736,-0.20060944576774048,-0.1956853287048152,0.0489213321762038,0.05015236144193512,5.136299363680299e-16,0.965973797184331
256,2,3,312,2,1,2.3686894030047823,-0.1815554054832689,-0.17688144480635373,0.04422036120158843,0.045388851370817225,4.897827839691558e-16,0.965973797184331
256,2,3,437,3,1,2.4539257068188407,-0.19398127943750956,-0.18890108098751612,0.04722527024687903,0.04849531985937739,5.022280418217731e-16,0.965973797184331
256,2,3,562,4,1,2.8488070019398632,-0.20569034382739718,-0.20120714640144136,0.05030178660036034,0.051422585956849294,6.567216664003224e-16,0.965973797184331
256,2,3,687,5,1,2.3429673330952108,-0.18843602125423278,-0.18516599736173697,0.04629149934043424,0.047109005313558196,4.665287372604059e-16,0.965973797184331
256,2,3,812,6,1,2.522834126333305,-0.18631905300950086,-0.18077615672370695,0.04519403918092674,0.046579763252375214,4.622005313764542e-16,0.965973797184331
256,2,3,937,7,1,2.4997691424032116,-0.18790967496744498,-0.18413354064050885,0.04603338516012721,0.046977418741861246,4.935571572300214e-16,0.965973797184331
256,2,3,1062,8,1,2.2073632658363214,-0.188942161339171,-0.18468478829798077,0.04617119707449519,0.04723554033479275,5.2573245949624e-16,0.965973797184331
256,2,3,1187,9,1,2.5491889668388747,-0.18762633251947478,-0.18470398221154397,0.04617599555288599,0.046906583129868694,4.811378485996888e-16,0.965973797184331
256,2,3,1312,10,1,2.3012256392990142,-0.1788501500440027,-0.17415840636329274,0.043539601590823186,0.044712537511000676,4.535368216179042e-16,0.965973797184331
256,2,3,1437,11,1,2.216202975893861,-0.20279117359605028,-0.19894467749615138,0.049736169374037846,0.05069779339901257,4.859266471602853e-16,0.965973797184331
256,2,3,1562,12,1,2.449378112028868,-0.200316783755018,-0.19517897318654046,0.048794743296635114,0.0500791959387545,4.91715043633697e-16,0.965973797184331
256,2,3,1687,13,1,2.5057052317325414,-0.18263574534630928,-0.17805178000914396,0.04451294500228599,0.04565893633657732,5.173336422072872e-16,0.965973797184331
256,2,3,1812,14,1,2.218998212377729,-0.19825186816900722,-0.19457571558805098,0.048643928897012745,0.049562967042251806,5.36607811573572e-16,0.965973797184331
256,2,3,1937,15,1,2.2658906659054567,-0.20046185638129355,-0.19490971338764254,0.048727428346910635,0.050115464095323387,5.504110475110525e-16,0.965973797184331
256,2,3,2062,16,1,2.3178247702848576,-0.20440006079924603,-0.1991643998731067,0.04979109996827667,0.051100015199811506,5.024628043769255e-16,0.965973797184331
256,2,3,2187,17,1,2.471826182412432,-0.19683667219744755,-0.1943250412039009,0.048581260300975225,0.04920916804936189,5.023567011440339e-16,0.965973797184331
256,2,3,2312,18,1,2.6580253767379336,-0.20111932022992762,-0.19755868494439596,0.04938967123609899,0.050279830057481906,5.237070378287092e-16,0.965973797184331
256,2,3,2437,19,1,2.5319884855874597,-0.18458164038944272,-0.18167380681486806,0.045418451703717014,0.04614541009736068,5.061823553652251e-16,0.965973797184331
256,2,3,2562,20,1,2.5493892444785224,-0.2008658434671556,-0.19562076052587102,0.048905190131467755,0.0502164608667889,5.031776934228091e-16,0.965973797184331
256,2,3,2687,21,1,2.610715771687307,-0.19694031407278464,-0.19263436986288554,0.048158592465721385,0.04923507851819616,5.27293636185549e-16,0.965973797184331
256,2,3,2812,22,1,2.41212656101725,-0.19862891299017574,-0.1923725477923165,0.048093136948079124,0.049657228247543934,4.729703899538055e-16,0.965973797184331
256,2,3,2937,23,1,2.6748246609913324,-0.18200938345212603,-0.17807737183836408,0.04451934295959102,0.04550234586303151,4.41998475058132e-16,0.965973797184331
256,2,3,3062,24,1,2.6936393405798,-0.18316167420956003,-0.17857941534055588,0.04464485383513897,0.04579041855239001,4.352781601952893e-16,0.965973797184331
256,2,3,3187,25,1,2.202403015598014,-0.1815883441559971,-0.17688384390944692,0.04422096097736173,0.04539708603899927,5.003443808895259e-16,0.965973797184331
256,2,3,3312,26,1,2.634906125971964,-0.17518634252613133,-0.1697704209949066,0.04244260524872665,0.04379658563153283,4.727384628664627e-16,0.965973797184331
256,2,3,3437,27,1,2.5026528037749447,-0.2108479232043123,-0.20596775025631364,0.05149193756407841,0.05271198080107808,5.205701368545103e-16,0.965973797184331
256,2,3,3562,28,1,2.2979272559432515,-0.18377845691796763,-0.18049279836856502,0.045123199592141255,0.045944614229491906,4.542285969410671e-16,0.965973797184331
256,2,3,3687,29,1,2.2152250011805217,-0.18433202452072714,-0.18179835475938802,0.045449588689847005,0.046083006130181785,4.711317719103399e-16,0.965973797184331
256,2,3,3812,30,1,3.022279178835122,-0.19614971548540105,-0.19232898191591977,0.04808224547897994,0.049037428871350264,5.737515764585852e-16,0.965973797184331
256,2,3,3937,31,1,2.3433652261073012,-0.1954317381023191,-0.190825143734011,0.04770628593350275,0.04885793452557977,4.643444160862063e-16,0.965973797184331
1024,0,0,62,0,1,2.7412116749504563,-0.0996236360459762,-0.09807358620989765,0.02451839655247441,0.02490590901149405,2.7811899625673525e-16,0.487563277687051
1024,0,0,187,1,1,2.5465796189242913,-0.09785531951316936,-0.09634345908575193,0.02408586477143798,0.02446382987829234,2.7870818080628687e-16,0.487563277687051
1024,0,0,312,2,1,2.5249836710902063,-0.09095089613284828,-0.08971597805111374,0.022428994512778435,0.02273772403321207,2.2483377264765204e-16,0.487563277687051
1024,0,0,437,3,1,2.961757865466275,-0.0972835198925207,-0.09592595080774245,0.023981487701935613,0.024320879973130174,2.7955807899713223e-16,0.487563277687051
1024,0,0,562,4,1,2.5038215841695313,-0.09789198163192112,-0.09677357009908699,0.024193392524771748,0.02447299540798028,2.535797128615433e-16,0.487563277687051
1024,0,0,687,5,1,2.7203692422741184,-0.1034142110341196,-0.10203291703480946,0.025508229258702365,0.0258535527585299,3.0282671731555065e-16,0.487563277687051
1024,0,0,812,6,1,2.42787984743344,-0.09633606109906157,-0.09514209380435883,0.023785523451089707,0.02408401527476539,2.474009797867059e-16,0.487563277687051
1024,0,0,937,7,1,3.0647083828431727,-0.11569749449343306,-0.11367250885575168,0.02841812721393792,0.028924373623358264,3.0397417782521e-16,0.487563277687051
1024,0,0,1062,8,1,2.9262008690140666,-0.1045471201941864,-0.10316927638944477,0.025792319097361193,0.0261367800485466,2.712134991227955e-16,0.487563277687051
1024,0,0,1187,9,1,2.558531748040915,-0.09034484573041801,-0.08933176669380777,0.022332941673451942,0.022586211432604503,2.4039457372333863e-16,0.487563277687051
1024,0,0,1312,10,1,2.527803977066143,-0.09874449085910628,-0.09752933044792499,0.024382332611981247,0.02468612271477657,2.580857240569591e-16,0.487563277687051
1024,0,0,1437,11,1,2.7961555752318787,-0.09989620692738482,-0.0986078538986068,0.0246519634746517,0.024974051731846206,2.5022970461084336e-16,0.487563277687051
1024,0,0,1562,12,1,2.452106040381169,-0.09922323546409081,-0.09791203945188387,0.024478009862970967,0.024805808866022704,2.495136140059928e-16,0.487563277687051
1024,0,0,1687,13,1,2.537535706992209,-0.09516339974982016,-0.0934585276208074,0.02336463190520185,0.02379084993745504,2.3977115483651167e-16,0.487563277687051
1024,0,0,1812,14,1,2.5517346813762556,-0.10894758734731788,-0.10771463862966875,0.026928659657417187,0.02723689683682947,3.0533629858718613e-16,0.487563277687051
1024,0,0,1937,15,1,2.604971031444097,-0.09671691117025401,-0.09538183442942169,0.023845458607355423,0.024179227792563502,2.476642561021172e-16,0.487563277687051
1024,0,0,2062,16,1,2.867177371265157,-0.1034627050280195,-0.10186107828917107,0.025465269572292767,0.025865676257004876,2.5774775041049147e-16,0.487563277687051
1024,0,0,2187,17,1,2.5920747378068176,-0.1029086860026365,-0.10180719127863294,0.025451797819658235,0.025727171500659125,2.4720300384716943e-16,0.487563277687051
1024,0,0,2312,18,1,2.679414292562095,-0.10140121241553278,-0.09951629486436038,0.024879073716090095,0.025350303103883195,2.639808998361511e-16,0.487563277687051
1024,0,0,2437,19,1,2.665668308165087,-0.11707257579783958,-0.11577587457026915,0.028943968642567288,0.029268143949459896,2.7347943545208466e-16,0.487563277687051
1024,0,0,2562,20,1,2.916278679648112,-0.10274481543358567,-0.10127363534878096,0.02531840883719524,0.025686203858396418,2.822909175281937e-16,0.487563277687051
1024,0,0,2687,21,1,2.682958160238294,-0.09216115069406326,-0.09109486923585612,0.02277371730896403,0.023040287673515816,2.6732435081345155e-16,0.487563277687051
1024,0,0,2812,22,1,2.567960775077542,-0.10026032083130505,-0.0989141700466882,0.02472854251167205,0.025065080207826263,2.6542919175479037e-16,0.487563277687051
1024,0,0,2937,23,1,2.732151720800587,-0.10439959281234351,-0.10296621752178671,0.025741554380446677,0.026099898203085878,2.976928442096552e-16,0.487563277687051
1024,0,0,3062,24,1,2.707728037439961,-0.10413492391240071,-0.10292640778850712,0.02573160194712678,0.02603373097810018,2.770257758324085e-16,0.487563277687051
1024,0,0,3187,25,1,2.6650912978204584,-0.10171045814723517,-0.10033234785629049,0.02508308696407262,0.025427614536808793,2.676745661617782e-16,0.487563277687051
1024,0,0,3312,26,1,2.797972232351142,-0.08543514811281946,-0.08415572442209465,0.021038931105523663,0.021358787028204866,2.463081091949291e-16,0.487563277687051
1024,0,0,3437,27,1,2.923842081240103,-0.100323601242375,-0.0990172792540117,0.024754319813502925,0.02508090031059375,3.1611968926386774e-16,0.487563277687051
1024,0,0,3562,28,1,2.737223914852195,-0.09292549270173611,-0.09145276915173933,0.022863192287934833,0.023231373175434028,2.5222889753019563e-16,0.487563277687051
1024,0,0,3687,29,1,2.7724148227385568,-0.10333685177449418,-0.10200692410807881,0.025501731027019702,0.025834212943623546,2.996323098877286e-16,0.487563277687051
1024,0,0,3812,30,1,2.809503343627333,-0.09284621661032792,-0.09149701904469087,0.02287425476117272,0.02321155415258198,2.5288046965425113e-16,0.487563277687051
1024,0,0,3937,31,1,2.855603347681723,-0.09336760990775446,-0.09195931167827646,0.022989827919569116,0.023341902476938615,2.54424872629641e-16,0.487563277687051
1024,0,1,62,0,1,2.413459016357832,-0.10451254227041211,-0.10332408525474121,0.025831021313685303,0.026128135567603027,2.6173320944471684e-16,0.487563277687051
1024,0,1,187,1,1,2.70826523191238,-0.09628144352918547,-0.09478912592898882,0.023697281482247205,0.024070360882296367,2.655583713766149e-16,0.487563277687051
1024,0,1,312,2,1,2.4319290853212276,-0.09884807960244975,-0.09694020838049701,0.024235052095124252,0.024712019900612437,2.3877925394834645e-16,0.487563277687051
1024,0,1,437,3,1,2.492155792407515,-0.09483820208670717,-0.093544074188616,0.023386018547154,0.02370955052167679,2.4629018171285173e-16,0.487563277687051
1024,0,1,562,4,1,2.3945235499276962,-0.09887159360624441,-0.09801223351549714,0.024503058378874284,0.024717898401561102,2.642190412709512e-16,0.487563277687051
1024,0,1,687,5,1,2.5109055278609724,-0.0989730386787259,-0.09722318126461268,0.02430579531615317,0.024743259669681474,2.5074461021377807e-16,0.487563277687051
1024,0,1,812,6,1,2.3887689305209148,-0.09378065624781515,-0.09226337253159222,0.023065843132898056,0.023445164061953787,2.3784389580294796e-16,0.487563277687051
1024,0,1,937,7,1,2.7127383984312763,-0.10994046124606838,-0.1085213307906366,0.02713033269765915,0.027485115311517094,2.886438115171325e-16,0.487563277687051
1024,0,1,1062,8,1,2.418008094627292,-0.10449513813110736,-0.10256809197420078,0.025642022993550194,0.02612378453277684,3.0408976538574896e-16,0.487563277687051
1024,0,1,1187,9,1,2.658865308615187,-0.10591730054473264,-0.10441524071086887,0.026103810177717218,0.02647932513618316,2.727540508865507e-16,0.487563277687051
1024,0,1,1312,10,1,2.686460712985861,-0.09985488635989535,-0.09863986941160673,0.02465996735290168,0.02496372158997384,2.788177919564936e-16,0.487563277687051
1024,0,1,1437,11,1,2.7658415837141224,-0.10058043637441434,-0.09891100892016162,0.024727752230040406,0.025145109093603586,2.739352284303486e-16,0.487563277687051
1024,0,1,1562,12,1,2.5293625339136687,-0.09075034017567897,-0.08976790657188492,0.02244197664297123,0.022687585043919743,2.730675011342189e-16,0.487563277687051
1024,0,1,1687,13,1,2.590269022187262,-0.09278739405747803,-0.09139438703414987,0.022848596758537468,0.023196848514369508,2.2273834612548284e-16,0.487563277687051
1024,0,1,1812,14,1,2.828127470007896,-0.09138953035722942,-0.0901726914253713,0.022543172856342827,0.022847382589307356,2.5086895499760666e-16,0.487563277687051
1024,0,1,1937,15,1,2.814651301246683,-0.10329917062032368,-0.10212451705355557,0.025531129263388894,0.02582479265508092,2.6983305005684564e-16,0.487563277687051
1024,0,1,2062,16,1,2.4928436089117807,-0.09900804246179537,-0.09795244753842483,0.024488111884606208,0.024752010615448843,2.8834949869712426e-16,0.487563277687051
1024,0,1,2187,17,1,2.7208076242628816,-0.1100166084776299,-0.10831085915753343,0.027077714789383357,0.027504152119407474,3.0701844251964273e-16,0.487563277687051
1024,0,1,2312,18,1,2.648677979441399,-0.10352982634928061,-0.10228673628889602,0.025571684072224005,0.025882456587320152,2.7413781636749423e-16,0.487563277687051
1024,0,1,2437,19,1,2.584521917344917,-0.10283702219033725,-0.10172412065410155,0.025431030163525388,0.02570925554758431,2.6578316598753925e-16,0.487563277687051
1024,0,1,2562,20,1,2.762825739704303,-0.1029297695683546,-0.10101143689508302,0.025252859223770754,0.02573244239208865,2.6295090645391103e-16,0.487563277687051
1024,0,1,2687,21,1,2.3999949275387245,-0.09863215768861415,-0.09709542402614513,0.024273856006536282,0.024658039422153537,2.688960501725516e-16,0.487563277687051
1024,0,1,2812,22,1,2.505906139780267,-0.09569586187586358,-0.09419599293114092,0.02354899823278523,0.023923965468965896,2.6847246010304767e-16,0.487563277687051
1024,0,1,2937,23,1,2.6343971929551846,-0.10398171538129154,-0.10231023990002527,0.02557755997500632,0.025995428845322886,2.5653779109255803e-16,0.487563277687051
1024,0,1,3062,24,1,2.588539488067508,-0.09066659612362836,-0.08985300918769117,0.02246325229692279,0.02266664903090709,2.4650250719099806e-16,0.487563277687051
1024,0,1,3187,25,1,3.019085518261155,-0.09732807915871176,-0.09576995685832336,0.02394248921458084,0.02433201978967794,2.643011239262012e-16,0.487563277687051
1024,0,1,3312,26,1,2.5025152757551714,-0.10455881299986965,-0.10322240145288655,0.025805600363221638,0.02613970324996741,2.814117355078112e-16,0.487563277687051
1024,0,1,3437,27,1,2.7111211229619654,-0.08465185962084064,-0.08327582363122146,0.020818955907805366,0.02116296490521016,2.281033315935054e-16,0.487563277687051
1024,0,1,3562,28,1,2.578713955965096,-0.09249604418202441,-0.09128139111649623,0.022820347779124058,0.023124011045506102,2.3707323998739586e-16,0.487563277687051
1024,0,1,3687,29,1,2.3494186260674406,-0.09789817002404211,-0.0969737456829481,0.024243436420737025,0.024474542506010527,2.618660732600094e-16,0.487563277687051
1024,0,1,3812,30,1,2.518419000633174,-0.09801264218061824,-0.09645344389991004,0.02411336097497751,0.02450316054515456,2.5519939601781397e-16,0.487563277687051
1024,0,1,3937,31,1,2.435574218982821,-0.10838813590654264,-0.10713020045249451,0.026782550113123627,0.02709703397663566,2.6974308256443076e-16,0.487563277687051
1024,0,2,62,0,1,2.7398072977053114,-0.10090016631470301,-0.09933166942980495,0.024832917357451238,0.025225041578675753,2.733544395988441e-16,0.487563277687051
1024,0,2,187,1,1,2.557846605484815,-0.09702314345457064,-0.09609274736504397,0.024023186841260993,0.02425578586364266,3.0204544614075275e-16,0.487563277687051
1024,0,2,312,2,1,2.6695033876712206,-0.09673570799052593,-0.09511888461438799,0.023779721153596996,0.024183926997631482,2.936253217154093e-16,0.487563277687051
1024,0,2,437,3,1,2.7129347000008766,-0.09654029129115806,-0.09512267306560447,0.023780668266401118,0.024135072822789514,2.737828939671501e-16,0.487563277687051
1024,0,2,562,4,1,2.85489028621563,-0.10083228315577254,-0.09927519804000064,0.02481879951000016,0.025208070788943136,2.7680460135986923e-16,0.487563277687051
1024,0,2,687,5,1,2.4922804382422483,-0.10613666619962382,-0.10422311559640449,0.02605577889910112,0.026534166549905955,2.705627036866885e-16,0.487563277687051
1024,0,2,812,6,1,2.7847586228130385,-0.09489322191954126,-0.09368270810364526,0.023420677025911316,0.023723305479885316,2.48322901207404e-16,0.487563277687051
1024,0,2,937,7,1,2.739146466815944,-0.09976626830703975,-0.09842998426789401,0.024607496066973503,0.024941567076759937,2.4736231837597123e-16,0.487563277687051
1024,0,2,1062,8,1,2.3794813984412566,-0.09624244074169686,-0.0951666294809603,0.023791657370240075,0.024060610185424214,2.4001240969688137e-16,0.487563277687051
1024,0,2,1187,9,1,2.7081674540122433,-0.10826742651000756,-0.10681185351620318,0.026702963379050794,0.02706685662750189,3.088033726958343e-16,0.487563277687051
1024,0,2,1312,10,1,2.355461446717933,-0.11137748421160194,-0.10993125028964396,0.02748281257241099,0.027844371052900486,2.8379534411345957e-16,0.487563277687051
1024,0,2,1437,11,1,2.938860423123487,-0.10024490546312192,-0.09886643091409106,0.024716607728522764,0.02506122636578048,2.9087527105043995e-16,0.487563277687051
1024,0,2,1562,12,1,2.644699856070913,-0.09877623860491523,-0.09723301295613332,0.02430825323903333,0.024694059651228808,3.1467695394007236e-16,0.487563277687051
1024,0,2,1687,13,1,2.5635201753852837,-0.10464512227080028,-0.10308385396780685,0.025770963491951713,0.02616128056770007,2.6692246217723786e-16,0.487563277687051
1024,0,2,1812,14,1,2.490362281924092,-0.09378490415926143,-0.09280950132898799,0.023202375332246998,0.023446226039815356,2.4215686264342265e-16,0.487563277687051
1024,0,2,1937,15,1,2.40507906603326,-0.1015362772765647,-0.10014661041129976,0.02503665260282494,0.025384069319141174,2.5661696308326464e-16,0.487563277687051
1024,0,2,2062,16,1,2.5079371125277596,-0.11157056084281944,-0.11009137359831735,0.027522843399579337,0.02789264021070486,3.0497346827126543e-16,0.487563277687051
1024,0,2,2187,17,1,2.6247833418417965,-0.1112532706014049,-0.10969320116437382,0.027423300291093456,0.027813317650351225,2.9259347907289196e-16,0.487563277687051
1024,0,2,2312,18,1,2.5285103236396855,-0.10411646726299055,-0.10289138984723692,0.02572284746180923,0.026029116815747638,2.6248683751899826e-16,0.487563277687051
1024,0,2,2437,19,1,2.658271740978929,-0.10380085317441136,-0.10266221058469263,0.025665552646173158,0.02595021329360284,2.775374045682014e-16,0.487563277687051
1024,0,2,2562,20,1,2.5583641538487716,-0.10658096309452282,-0.10531815098110457,0.026329537745276143,0.026645240773630705,2.82539667367146e-16,0.487563277687051
1024,0,2,2687,21,1,2.702433777246675,-0.08943531113057655,-0.0883941732648353,0.022098543316208825,0.022358827782644138,2.4625028213545254e-16,0.487563277687051
1024,0,2,2812,22,1,2.531889270359204,-0.10017786179659538,-0.09887952111497288,0.02471988027874322,0.025044465449148845,2.5612125669334794e-16,0.487563277687051
1024,0,2,2937,23,1,2.6672110071279036,-0.10079271062842068,-0.09947034160496719,0.024867585401241798,0.02519817765710517,2.7576984517294224e-16,0.487563277687051
1024,0,2,3062,24,1,2.670892006143858,-0.10857331298358062,-0.10735923056521138,0.026839807641302844,0.027143328245895156,2.7801427266995947e-16,0.487563277687051
1024,0,2,3187,25,1,2.650784080043615,-0.09630466656260656,-0.09510942457823791,0.02377735614455948,0.02407616664065164,2.4929022753114074e-16,0.487563277687051
1024,0,2,3312,26,1,2.5632943241209984,-0.09482075509524335,-0.09358164329888242,0.023395410824720606,0.023705188773810837,2.1643116315905339e-16,0.487563277687051
1024,0,2,3437,27,1,2.4195630403218384,-0.10107265134208748,-0.09969338924554637,0.024923347311386592,0.02526816283552187,2.5495628737690396e-16,0.487563277687051
1024,0,2,3562,28,1,2.72560807017373,-0.09668349056438129,-0.09559197987866928,0.02389799496966732,0.024170872641095322,2.727258574639269e-16,0.487563277687051
1024,0,2,3687,29,1,2.716044873238788,-0.09282939099601843,-0.09139078649570447,0.022847696623926116,0.023207347749004608,2.427604721725189e-16,0.487563277687051
1024,0,2,3812,30,1,2.60603219119627,-0.1093567377880861,-0.10817745224384898,0.027044363060962244,0.027339184447021526,2.895288260954475e-16,0.487563277687051
1024,0,2,3937,31,1,2.5946222368409506,-0.09584679001814109,-0.09429189369482745,0.023572973423706862,0.023961697504535272,2.2835812747262507e-16,0.487563277687051
1024,0,3,62,0,1,2.514593556957586,-0.09717359587126015,-0.09592125389636842,0.023980313474092105,0.024293398967815037,2.73063031866176e-16,0.487563277687051
1024,0,3,187,1,1,2.6179480220754936,-0.10061838503218862,-0.09937826747551154,0.024844566868877885,0.025154596258047154,2.422476786921847e-16,0.487563277687051
1024,0,3,312,2,1,2.494838400684328,-0.09857231428630371,-0.0969675677550952,0.0242418919387738,0.024643078571575928,2.6067370323964193e-16,0.487563277687051
1024,0,3,437,3,1,2.8623993115163433,-0.10056199859008051,-0.09913534648670132,0.02478383662167533,0.025140499647520128,2.951787946914738e-16,0.487563277687051
1024,0,3,562,4,1,2.6767424574840657,-0.09923518944385785,-0.09791546600827913,0.024478866502069783,0.024808797360964464,2.7147797088485625e-16,0.487563277687051
1024,0,3,687,5,1,2.930022380639896,-0.10823002461992558,-0.10650932003836626,0.026627330009591565,0.027057506154981394,2.7047146213243846e-16,0.487563277687051
1024,0,3,812,6,1,2.6241720045887122,-0.09612441615051424,-0.09464902613882828,0.02366225653470707,0.02403110403762856,2.7189632223633415e-16,0.487563277687051
1024,0,3,937,7,1,2.704396327212211,-0.1024616491836754,-0.1009580110681523,0.025239502767038076,0.02561541229591885,2.580629417767244e-16,0.487563277687051
1024,0,3,1062,8,1,2.637069299339859,-0.09505296249139669,-0.09376746129222636,0.02344186532305659,0.023763240622849173,2.3910219316136893e-16,0.487563277687051
1024,0,3,1187,9,1,2.565848516035561,-0.10226543294322898,-0.10098342097385647,0.025245855243464118,0.025566358235807246,2.6476608924973843e-16,0.487563277687051
1024,0,3,1312,10,1,2.5672849003823526,-0.1021952675361504,-0.10072557280480166,0.025181393201200414,0.0255488168840376,2.6646740422990343e-16,0.487563277687051
1024,0,3,1437,11,1,2.628610401089889,-0.10353768528648231,-0.10264794974559277,0.025661987436398193,0.02588442132162058,3.0679676382325443e-16,0.487563277687051
1024,0,3,1562,12,1,2.597571416048073,-0.09955798183190995,-0.09809839586852834,0.024524598967132084,0.024889495457977487,2.760312728382723e-16,0.487563277687051
1024,0,3,1687,13,1,2.4278982647961214,-0.09070834308807321,-0.08953536008874503,0.02238384002218626,0.022677085772018303,2.386263819243246e-16,0.487563277687051
1024,0,3,1812,14,1,2.935829518508548,-0.10145530986904897,-0.10016968191340764,0.02504242047835191,0.02536382746726224,2.9062680045206526e-16,0.487563277687051
1024,0,3,1937,15,1,2.635253037338936,-0.10737674067676911,-0.10625680111386684,0.02656420027846671,0.026844185169192278,2.89505378754997e-16,0.487563277687051
1024,0,3,2062,16,1,2.917517051764907,-0.10592289398167964,-0.10483437396848637,0.026208593492121592,0.02648072349541991,3.014301149285656e-16,0.487563277687051
1024,0,3,2187,17,1,2.745267112633509,-0.11246821359867587,-0.11098050455467903,0.027745126138669758,0.028117053399668968,3.1328553153608324e-16,0.487563277687051
1024,0,3,2312,18,1,2.4284870997377754,-0.10347287017379292,-0.10222965396003478,0.025557413490008694,0.02586821754344823,2.6624843796700716e-16,0.487563277687051
1024,0,3,2437,19,1,2.729661865761481,-0.09983599210950674,-0.09830685674423566,0.024576714186058914,0.024958998027376684,2.3944729277617e-16,0.487563277687051
1024,0,3,2562,20,1,2.6529745732884873,-0.09645621036209974,-0.09563478434246757,0.023908696085616892,0.024114052590524935,2.599609684334101e-16,0.487563277687051
1024,0,3,2687,21,1,2.714557348812344,-0.09975409618368893,-0.09795306386273173,0.02448826596568293,0.02493852404592223,2.635417608467827e-16,0.487563277687051
1024,0,3,2812,22,1,2.7668750559963238,-0.09978850552766257,-0.0982376259974415,0.024559406499360375,0.02494712638191564,2.7372578780698846e-16,0.487563277687051
1024,0,3,2937,23,1,2.656155030750649,-0.095294672172335,-0.09411476606817001,0.023528691517042503,0.02382366804308375,2.802423812680544e-16,0.487563277687051
1024,0,3,3062,24,1,2.626706215483275,-0.09647798763467724,-0.09541911892241985,0.02385477973060496,0.02411949690866931,2.687702542671369e-16,0.487563277687051
1024,0,3,3187,25,1,2.8156516087189627,-0.09786721982088924,-0.09669668640454072,0.02417417160113518,0.02446680495522231,2.582102118557427e-16,0.487563277687051
1024,0,3,3312,26,1,2.6317290238936435,-0.09078877761937,-0.08974057439961501,0.022435143599903753,0.0226971944048425,2.549828124362289e-16,0.487563277687051
1024,0,3,3437,27,1,2.742593840344112,-0.10071507726627682,-0.09988944139439836,0.02497236034859959,0.025178769316569205,2.6296153791675685e-16,0.487563277687051
1024,0,3,3562,28,1,2.573642599233663,-0.08681066481883119,-0.08582373522988643,0.021455933807471607,0.021702666204707798,2.683169915837573e-16,0.487563277687051
1024,0,3,3687,29,1,2.470152851102685,-0.1051544451375479,-0.10325870309733258,0.025814675774333145,0.026288611284386976,2.746362667141883e-16,0.487563277687051
1024,0,3,3812,30,1,2.5485915195877773,-0.09901143966433129,-0.0977287855262629,0.024432196381565727,0.024752859916082823,2.4324326489290754e-16,0.487563277687051
1024,0,3,3937,31,1,2.9091139340826593,-0.10407272308738579,-0.10264826148859617,0.025662065372149042,0.026018180771846446,2.617190126051749e-16,0.487563277687051
1024,1,0,62,0,1,2.8461018363755732,-0.09415373165575872,-0.09292285467519901,0.023230713668799752,0.02353843291393968,2.6674457134116485e-16,0.487563277687051
1024,1,0,187,1,1,2.6058325288297914,-0.09520333499320789,-0.09391754007055497,0.023479385017638743,0.023800833748301973,2.446967943142154e-16,0.487563277687051
1024,1,0,312,2,1,2.5296188173403147,-0.0995708573992838,-0.09817035122598101,0.024542587806495254,0.02489271434982095,2.4650548605091656e-16,0.487563277687051
1024,1,0,437,3,1,2.5369344417142328,-0.09903145265942485,-0.09791560416125573,0.024478901040313934,0.024757863164856213,2.508687905518224e-16,0.487563277687051
1024,1,0,562,4,1,2.588386897678407,-0.09250901761995285,-0.09126844176907985,0.022817110442269962,0.023127254404988213,2.5938638731319795e-16,0.487563277687051
1024,1,0,687,5,1,2.5578334148551067,-0.09638213492879301,-0.0951436544154043,0.023785913603851076,0.024095533732198252,2.31881601252953e-16,0.487563277687051
1024,1,0,812,6,1,2.845063329280996,-0.09446329747684788,-0.09311657795328877,0.023279144488322193,0.02361582436921197,2.9774353386676057e-16,0.487563277687051
1024,1,0,937,7,1,2.6483041863073487,-0.10513639319024942,-0.10360253361310884,0.02590063340327721,0.026284098297562355,2.561760029871685e-16,0.487563277687051
1024,1,0,1062,8,1,2.6992216302747702,-0.09388372336771753,-0.09267727706663208,0.02316931926665802,0.02347093084192938,2.7244032582434356e-16,0.487563277687051
1024,1,0,1187,9,1,2.8028990394968396,-0.09662543199456572,-0.0952734123742721,0.023818353093568025,0.02415635799864143,2.791913601055655e-16,0.487563277687051
1024,1,0,1312,10,1,2.5201058937625302,-0.0998320865350511,-0.0983603195510961,0.024590079887774025,0.024958021633762775,2.573803978516805e-16,0.487563277687051
1024,1,0,1437,11,1,2.7979360100125046,-0.1014740797968575,-0.10020178717739446,0.025050446794348615,0.025368519949214376,2.8380325351142924e-16,0.487563277687051
1024,1,0,1562,12,1,2.4031941731922233,-0.09728218113144825,-0.09592442185495435,0.02398110546373859,0.024320545282862063,2.442009045481773e-16,0.487563277687051
1024,1,0,1687,13,1,2.8396069937741375,-0.10852933043519973,-0.10740221395792171,0.026850553489480428,0.027132332608799933,3.108513598903853e-16,0.487563277687051
1024,1,0,1812,14,1,3.0668755498969524,-0.09552711961486919,-0.09422870640035579,0.023557176600088946,0.023881779903717298,3.0732362826870006e-16,0.487563277687051
1024,1,0,1937,15,1,2.6400970322958512,-0.10338575785542739,-0.10232584244476592,0.02558146061119148,0.025846439463856848,2.7255584209215403e-16,0.487563277687051
1024,1,0,2062,16,1,2.5413998538209728,-0.10159010478511467,-0.10008262664523941,0.025020656661309853,0.025397526196278667,2.6338821349094883e-16,0.487563277687051
1024,1,0,2187,17,1,2.547389367610766,-0.0939010226812632,-0.09279204200712636,0.02319801050178159,0.0234752556703158,2.330379272860661e-16,0.487563277687051
1024,1,0,2312,18,1,2.573655270631219,-0.09821868159993126,-0.09700164716011395,0.024250411790028487,0.024554670399982815,2.479913826438123e-16,0.487563277687051
1024,1,0,2437,19,1,2.565432480579644,-0.09997855619825156,-0.09862759518724705,0.024656898796811762,0.02499463904956289,2.445348811108884e-16,0.487563277687051
1024,1,0,2562,20,1,2.423804912269854,-0.10258266297957397,-0.1007093573700373,0.025177339342509326,0.025645665744893492,2.577888046767923e-16,0.487563277687051
1024,1,0,2687,21,1,2.737772519992717,-0.09683355514857937,-0.09551154455075285,0.023877886137688212,0.024208388787144843,2.564831987433255e-16,0.487563277687051
1024,1,0,2812,22,1,2.657679835740824,-0.10054090846265494,-0.09922936626176689,0.02480734156544172,0.025135227115663735,2.9312719809654135e-16,0.487563277687051
1024,1,0,2937,23,1,2.576393550690959,-0.10242587202911069,-0.10125594569439696,0.02531398642359924,0.025606468007277672,2.771341137433755e-16,0.487563277687051
1024,1,0,3062,24,1,2.652291831546544,-0.09390612836477837,-0.09205011834033947,0.023012529585084866,0.02347653209119459,2.820809334727458e-16,0.487563277687051
1024,1,0,3187,25,1,2.6303640369332104,-0.09201405003078457,-0.09050386389373512,0.02262596597343378,0.023003512507696142,2.608242010116929e-16,0.487563277687051
1024,1,0,3312,26,1,2.421468393730242,-0.10397586580103108,-0.10290818817710568,0.02572704704427642,0.02599396645025777,2.752793255163002e-16,0.487563277687051
1024,1,0,3437,27,1,2.7394669564537564,-0.09842386922012471,-0.0972540181549229,0.024313504538730726,0.024605967305031177,2.5498077250122827e-16,0.487563277687051
1024,1,0,3562,28,1,2.5824929197431974,-0.10276578607284058,-0.10150175360185923,0.025375438400464807,0.025691446518210145,2.638784332253301e-16,0.487563277687051
1024,1,0,3687,29,1,2.5234724887425157,-0.09165196391166544,-0.09050745959944706,0.022626864899861765,0.02291299097791636,2.3062639019058857e-16,0.487563277687051
1024,1,0,3812,30,1,2.59252274247707,-0.09474452360405243,-0.09408064419371216,0.02352016104842804,0.023686130901013108,2.3081617084052367e-16,0.487563277687051
1024,1,0,3937,31,1,2.845323530219536,-0.09597356392119691,-0.09471222146278524,0.02367805536569631,0.023993390980299227,2.5380087986726207e-16,0.487563277687051
1024,1,1,62,0,1,2.4776125799493416,-0.09691529122716794,-0.09594502112660973,0.023986255281652432,0.024228822806791984,2.698152674112878e-16,0.487563277687051
1024,1,1,187,1,1,2.7382794227748457,-0.09659395938049704,-0.09544869557637156,0.02386217389409289,0.02414848984512426,2.7796185862929407e-16,0.487563277687051
1024,1,1,312,2,1,2.617257305052961,-0.09493784199647289,-0.09390469954709202,0.023476174886773005,0.02373446049911822,2.6506498282604405e-16,0.487563277687051
1024,1,1,437,3,1,2.8704283604899006,-0.10423645261020109,-0.10304713858512218,0.025761784646280546,0.026059113152550273,3.234963552194461e-16,0.487563277687051
1024,1,1,562,4,1,2.4292288812504275,-0.10560094268103558,-0.10432540298293101,0.026081350745732753,0.026400235670258895,3.0040633249511336e-16,0.487563277687051
1024,1,1,687,5,1,2.640705113625763,-0.09238044534614441,-0.091070745317335,0.02276768632933375,0.023095111336536103,2.2791210419157002e-16,0.487563277687051
1024,1,1,812,6,1,2.4632089621714424,-0.10318601920369137,-0.10191235782516152,0.02547808945629038,0.025796504800922843,2.6212905652436943e-16,0.487563277687051
1024,1,1,937,7,1,2.584897549007815,-0.10250537937959092,-0.10119825405615318,0.025299563514038295,0.02562634484489773,2.603377457037421e-16,0.487563277687051
1024,1,1,1062,8,1,2.495098796072941,-0.11218600828754129,-0.11062031581477776,0.02765507895369444,0.02804650207188532,2.9552319794834045e-16,0.487563277687051
1024,1,1,1187,9,1,2.567379155890119,-0.09151916231835461,-0.09021959275912816,0.02255489818978204,0.022879790579588652,2.2740191714302477e-16,0.487563277687051
1024,1,1,1312,10,1,2.6076520706229953,-0.10930254866427681,-0.10799169546555117,0.02699792386638779,0.027325637166069203,2.709665744026662e-16,0.487563277687051
1024,1,1,1437,11,1,2.9731033033014014,-0.09977137744809653,-0.09831665779892064,0.02457916444973016,0.02494284436202413,2.7569426253458654e-16,0.487563277687051
1024,1,1,1562,12,1,2.6552503000097687,-0.1018108197371958,-0.10045200999927252,0.02511300249981813,0.02545270493429895,2.4949027292542163e-16,0.487563277687051
1024,1,1,1687,13,1,2.4153713958131986,-0.09754608819237,-0.09619066623149969,0.024047666557874922,0.0243865220480925,2.3732459440262994e-16,0.487563277687051
1024,1,1,1812,14,1,2.4935630443442562,-0.10011570645872722,-0.0989071303141841,0.024726782578546026,0.025028926614681805,2.546144397449777e-16,0.487563277687051
1024,1,1,1937,15,1,2.532094447176658,-0.09787042614211898,-0.09635717003628816,0.02408929250907204,0.024467606535529745,2.945435500898984e-16,0.487563277687051
1024,1,1,2062,16,1,2.879690645179406,-0.10040547937800558,-0.09893725101362803,0.02473431275340701,0.025101369844501394,2.7008393740470607e-16,0.487563277687051
1024,1,1,2187,17,1,2.4481871460642397,-0.10640027975142408,-0.10514626905705333,0.026286567264263334,0.02660006993785602,2.843960786003812e-16,0.487563277687051
1024,1,1,2312,18,1,3.056935392887386,-0.10148827640798819,-0.10014570269476894,0.025036425673692235,0.025372069101997047,2.851450890246079e-16,0.487563277687051
1024,1,1,2437,19,1,2.6291685570226324,-0.09385435559408939,-0.09290873141308229,0.02322718285327057,0.023463588898522347,2.5499539458859528e-16,0.487563277687051
1024,1,1,2562,20,1,2.3825267793544262,-0.09035277639419925,-0.08903278872826698,0.022258197182066744,0.022588194098549813,2.306880420893303e-16,0.487563277687051
1024,1,1,2687,21,1,2.4435845575318313,-0.10141109189396913,-0.0998233050848975,0.024955826271224377,0.025352772973492282,2.6444039362882627e-16,0.487563277687051
1024,1,1,2812,22,1,2.6547235959145183,-0.10007853558762786,-0.09893341763735056,0.02473335440933764,0.025019633896906965,2.472253038478264e-16,0.487563277687051
1024,1,1,2937,23,1,2.6101701205449426,-0.09509687400275264,-0.09350041155246641,0.023375102888116603,0.02377421850068816,2.39959142945572e-16,0.487563277687051
1024,1,1,3062,24,1,2.678396066316992,-0.0866369370543429,-0.08571935409130108,0.02142983852282527,0.021659234263585726,2.3451099594194696e-16,0.487563277687051
1024,1,1,3187,25,1,2.6245312800907383,-0.10529847302059445,-0.10391935343556091,0.025979838358890228,0.02632461825514861,2.873451820347107e-16,0.487563277687051
1024,1,1,3312,26,1,2.684026989676503,-0.10203192599191817,-0.10064491207883625,0.02516122801970906,0.025507981497979542,3.0417335500990776e-16,0.487563277687051
1024,1,1,3437,27,1,2.5044990106393534,-0.08818884092674263,-0.08697923255364255,0.021744808138410638,0.022047210231685658,2.4246417298265196e-16,0.487563277687051
1024,1,1,3562,28,1,2.408000077224842,-0.09814786944543953,-0.0968498533201541,0.024212463330038524,0.024536967361359883,2.4963759304447366e-16,0.487563277687051
1024,1,1,3687,29,1,2.54505445819717,-0.09179662892695456,-0.09080236567490743,0.022700591418726858,0.02294915723173864,2.192145541782041e-16,0.487563277687051
1024,1,1,3812,30,1,2.6811123594753363,-0.09968737691521112,-0.09851458952617213,0.024628647381543033,0.02492184422880278,2.872793220717057e-16,0.487563277687051
1024,1,1,3937,31,1,2.6642886681567037,-0.0990005029955362,-0.09778120812519646,0.024445302031299115,0.02475012574888405,2.8908109166933085e-16,0.487563277687051
1024,1,2,62,0,1,2.6182205714318956,-0.1048553525220244,-0.10348126265990142,0.025870315664975354,0.0262138381305061,2.6411594864031084e-16,0.487563277687051
1024,1,2,187,1,1,2.5250027344639365,-0.09502480757664106,-0.09392771964410115,0.02348192991102529,0.023756201894160264,2.4412523697874157e-16,0.487563277687051
1024,1,2,312,2,1,2.8389092189828884,-0.09875590398558297,-0.09729245400863955,0.024323113502159887,0.024688975996395742,2.7704240895950787e-16,0.487563277687051
1024,1,2,437,3,1,2.5521953465644107,-0.10500832740143184,-0.10336980860313393,0.02584245215078348,0.02625208185035796,2.9210608150082995e-16,0.487563277687051
1024,1,2,562,4,1,2.5481671447246512,-0.10291044703942659,-0.10164484816995065,0.02541121204248766,0.025727611759856647,2.963385586799739e-16,0.487563277687051
1024,1,2,687,5,1,2.7629592369953198,-0.1006446287517118,-0.09939707342547667,0.024849268356369168,0.02516115718792795,2.654848034925679e-16,0.487563277687051
1024,1,2,812,6,1,2.433890305965568,-0.09675223834350755,-0.09563267333320274,0.023908168333300686,0.024188059585876887,2.5437193473067236e-16,0.487563277687051
1024,1,2,937,7,1,2.375607745395212,-0.09307204997137124,-0.09190927234366301,0.022977318085915754,0.02326801249284281,2.3838006553963976e-16,0.487563277687051
1024,1,2,1062,8,1,2.465956819645646,-0.09763217626780099,-0.09624853493851547,0.024062133734628868,0.024408044066950248,2.5667251245057986e-16,0.487563277687051
1024,1,2,1187,9,1,2.7646155110854527,-0.09625391853666751,-0.09494393713368333,0.023735984283420834,0.024063479634166877,2.527298569901308e-16,0.487563277687051
1024,1,2,1312,10,1,2.6009586646524085,-0.08808384745679969,-0.08694440691703263,0.021736101729258158,0.022020961864199922,2.398485527347351e-16,0.487563277687051
1024,1,2,1437,11,1,2.426844994221314,-0.09845621224195365,-0.09710206899240602,0.024275517248101505,0.024614053060488413,2.5242029418795286e-16,0.487563277687051
1024,1,2,1562,12,1,2.6503018379648715,-0.10427451827096151,-0.10330827235321381,0.025827068088303453,0.02606862956774038,2.994254546827299e-16,0.487563277687051
1024,1,2,1687,13,1,2.6222740728342218,-0.09270930291125179,-0.09134105498446765,0.022835263746116913,0.023177325727812947,2.6558969063754027e-16,0.487563277687051
1024,1,2,1812,14,1,2.2935499553427365,-0.10426937532352698,-0.10290670869328984,0.02572667717332246,0.026067343830881745,2.4686368844561384e-16,0.487563277687051
1024,1,2,1937,15,1,2.5891262448944414,-0.1050192890006898,-0.1037027839679853,0.025925695991996324,0.02625482225017245,2.9062245119641177e-16,0.487563277687051
1024,1,2,2062,16,1,2.675425284597436,-0.09944310107283617,-0.09789919068203451,0.024474797670508627,0.024860775268209043,2.454043774916833e-16,0.487563277687051
1024,1,2,2187,17,1,2.50100769104524,-0.09746445330753216,-0.09633594554182415,0.024083986385456037,0.02436611332688304,2.457130365497587e-16,0.487563277687051
1024,1,2,2312,18,1,2.559351718101869,-0.1005459976656619,-0.09932831621703092,0.02483207905425773,0.025136499416415475,2.647126186368512e-16,0.487563277687051
1024,1,2,2437,19,1,2.4934163990234453,-0.09137248904820351,-0.09028740931185594,0.022571852327963986,0.022843122262050878,2.335420625925863e-16,0.487563277687051
1024,1,2,2562,20,1,2.690066201088401,-0.10478135141585448,-0.10316171024535897,0.025790427561339743,0.02619533785396362,2.794438217404043e-16,0.487563277687051
1024,1,2,2687,21,1,2.444713177526942,-0.09959723205335348,-0.09781773190330738,0.024454432975826845,0.02489930801333837,2.4835561998735836e-16,0.487563277687051
1024,1,2,2812,22,1,2.5566822319702096,-0.09969364432014063,-0.0980694172112941,0.024517354302823525,0.02492341108003516,2.6533977443090497e-16,0.487563277687051
1024,1,2,2937,23,1,3.065099336382249,-0.1021697535678715,-0.1010505982758904,0.0252626495689726,0.025542438391967875,2.648466397495745e-16,0.487563277687051
1024,1,2,3062,24,1,2.5309500740484703,-0.0939002679653644,-0.0927224041934596,0.0231806010483649,0.0234750669913411,2.613968748287027e-16,0.487563277687051
1024,1,2,3187,25,1,2.548913538750444,-0.0933564458647148,-0.09253964008502051,0.023134910021255128,0.0233391114661787,2.498677262285461e-16,0.487563277687051
1024,1,2,3312,26,1,2.5082592142580227,-0.09978060422573712,-0.09864576046551983,0.024661440116379958,0.02494515105643428,2.6554491023749483e-16,0.487563277687051
1024,1,2,3437,27,1,2.400492244409727,-0.10621163879743759,-0.10493444355344546,0.026233610888361365,0.026552909699359396,2.7514776000198266e-16,0.487563277687051
1024,1,2,3562,28,1,2.8352351907842794,-0.09616565810913527,-0.0949275373928902,0.02373188434822255,0.024041414527283818,2.618315408999394e-16,0.487563277687051
1024,1,2,3687,29,1,2.7601790125325496,-0.10011661466775217,-0.09875660155488308,0.02468915038872077,0.02502915366693804,2.6344552801706395e-16,0.487563277687051
1024,1,2,3812,30,1,2.38155427480622,-0.09111473927608998,-0.08984026593776215,0.022460066484440537,0.022778684819022496,2.4904473084886905e-16,0.487563277687051
1024,1,2,3937,31,1,2.665196068282234,-0.09968921616066351,-0.09847339332590416,0.02461834833147604,0.024922304040165877,2.5297775175976984e-16,0.487563277687051
1024,1,3,62,0,1,2.5787483263569015,-0.09676775749625442,-0.0954595408735646,0.02386488521839115,0.024191939374063606,2.5483492658891623e-16,0.487563277687051
1024,1,3,187,1,1,3.19582932963765,-0.10559621318415317,-0.10417860608226184,0.02604465152056546,0.026399053296038293,2.792626039283083e-16,0.487563277687051
1024,1,3,312,2,1,2.4934766098988654,-0.1080643968633553,-0.10626243769410645,0.026565609423526614,0.027016099215838824,2.673013186403335e-16,0.487563277687051
1024,1,3,437,3,1,2.4981630960106,-0.091104758425817,-0.08979257637859803,0.022448144094649507,0.02277618960645425,2.232917923404226e-16,0.487563277687051
1024,1,3,562,4,1,2.454226148523357,-0.09799991044288377,-0.09657940933661084,0.02414485233415271,0.024499977610720942,2.6374007096105086e-16,0.487563277687051
1024,1,3,687,5,1,2.7362765291665054,-0.1029074158082314,-0.10156218985964999,0.025390547464912497,0.02572685395205785,2.644002238021563e-16,0.487563277687051
1024,1,3,812,6,1,2.6195235788059676,-0.10221732840228923,-0.10096010390509323,0.025240025976273308,0.025554332100572306,2.7185919598974023e-16,0.487563277687051
1024,1,3,937,7,1,2.4124649259263675,-0.09372591837968378,-0.09228450004111517,0.023071125010278793,0.023431479594920944,2.4756630907459025e-16,0.487563277687051
1024,1,3,1062,8,1,2.467975961399053,-0.09825165864870869,-0.09730938121846228,0.02432734530461557,0.024562914662177172,2.676875902532719e-16,0.487563277687051
1024,1,3,1187,9,1,2.6278584292699425,-0.09591615510972905,-0.09517367124400293,0.023793417811000733,0.023979038777432262,3.1622280763123453e-16,0.487563277687051
1024,1,3,1312,10,1,2.4499836792408307,-0.10907565727194268,-0.10744771449743212,0.02686192862435803,0.02726891431798567,2.7069152310742407e-16,0.487563277687051
1024,1,3,1437,11,1,2.489350062375661,-0.10185833531716763,-0.1006599735812054,0.02516499339530135,0.02546458382929191,2.541644951110764e-16,0.487563277687051
1024,1,3,1562,12,1,2.644180176409009,-0.09799365055472894,-0.0965604093348125,0.024140102333703124,0.024498412638682236,2.918687305797897e-16,0.487563277687051
1024,1,3,1687,13,1,2.415789967246686,-0.1037181428258697,-0.10250136529679812,0.02562534132419953,0.025929535706467426,2.655945968823075e-16,0.487563277687051
1024,1,3,1812,14,1,2.4429517485357475,-0.08970540162441402,-0.0888767671237965,0.022219191780949124,0.022426350406103506,2.318904480482645e-16,0.487563277687051
1024,1,3,1937,15,1,2.6659023804042032,-0.09819457502111328,-0.09687499070915313,0.024218747677288283,0.02454864375527832,2.7696004918738113e-16,0.487563277687051
1024,1,3,2062,16,1,2.7350182539124734,-0.09660354230357422,-0.09505484586953422,0.023763711467383555,0.024150885575893555,2.670614704683856e-16,0.487563277687051
1024,1,3,2187,17,1,2.824455510918585,-0.09445638869774588,-0.09345679785479047,0.023364199463697617,0.02361409717443647,2.6260915438030326e-16,0.487563277687051
1024,1,3,2312,18,1,2.510071679983154,-0.1081277359060267,-0.10646488721000436,0.02661622180250109,0.027031933976506675,3.0721401424491085e-16,0.487563277687051
1024,1,3,2437,19,1,2.7439202526080346,-0.09939791915434341,-0.09814652844133148,0.02453663211033287,0.024849479788585854,2.623692462904126e-16,0.487563277687051
1024,1,3,2562,20,1,2.7881343116350905,-0.10140088218450742,-0.10004813130220477,0.025012032825551193,0.025350220546126855,2.5866121217818185e-16,0.487563277687051
1024,1,3,2687,21,1,2.6076429553680023,-0.086639934014419,-0.08538248179277531,0.02134562044819383,0.02165998350360475,2.1085073482982673e-16,0.487563277687051
1024,1,3,2812,22,1,2.4094606133403786,-0.09592112727060725,-0.09493275664930341,0.023733189162325852,0.023980281817651813,2.5458902481345376e-16,0.487563277687051
1024,1,3,2937,23,1,2.7017860820657327,-0.09899561046235035,-0.09738412616103881,0.024346031540259702,0.024748902615587588,2.5602754005885385e-16,0.487563277687051
1024,1,3,3062,24,1,2.404627601993166,-0.09614713389077521,-0.09503031392827137,0.023757578482067842,0.024036783472693803,2.388374336856607e-16,0.487563277687051
1024,1,3,3187,25,1,2.8732680932981407,-0.09386148264153302,-0.09287950661274394,0.023219876653185985,0.023465370660383254,2.6474595103057242e-16,0.487563277687051
1024,1,3,3312,26,1,2.4492088677009534,-0.09277681164962888,-0.09130107339333254,0.022825268348333136,0.02319420291240722,2.4668531296132445e-16,0.487563277687051
1024,1,3,3437,27,1,2.4607154111686858,-0.09535677941568546,-0.093856794147172,0.023464198536793,0.023839194853921365,2.5422558708279523e-16,0.487563277687051
1024,1,3,3562,28,1,2.631667827134134,-0.09576925939934362,-0.09419454755965592,0.02354863688991398,0.023942314849835906,2.4851441367015284e-16,0.487563277687051
1024,1,3,3687,29,1,2.31206074689833,-0.10189570960866483,-0.10046680501945202,0.025116701254863004,0.025473927402166207,2.925846468379435e-16,0.487563277687051
1024,1,3,3812,30,1,2.492208345634049,-0.09375207160504007,-0.0924352835145404,0.0231088208786351,0.023438017901260016,2.332810970631317e-16,0.487563277687051
1024,1,3,3937,31,1,2.693206306830474,-0.0957912136106365,-0.09482098405420591,0.02370524601355148,0.023947803402659125,2.647174148674159e-16,0.487563277687051
1024,2,0,62,0,1,2.432188065008149,-0.10257158304955792,-0.10146003593255645,0.025365008983139113,0.02564289576238948,2.5150909121507514e-16,0.487563277687051
1024,2,0,187,1,1,2.5923964295099697,-0.10747070880539118,-0.10610823360150004,0.02652705840037501,0.026867677201347796,2.798699761840808e-16,0.487563277687051
1024,2,0,312,2,1,2.6186864266734045,-0.10875938413214442,-0.10700219565515387,0.026750548913788467,0.027189846033036105,3.003629290440601e-16,0.487563277687051
1024,2,0,437,3,1,2.9620193317516574,-0.09749362277052132,-0.09643466959258458,0.024108667398146145,0.02437340569263033,2.722632949371413e-16,0.487563277687051
1024,2,0,562,4,1,2.6306443948802753,-0.09612165757301007,-0.09474374498258367,0.023685936245645918,0.024030414393252517,2.622725543931264e-16,0.487563277687051
1024,2,0,687,5,1,3.0350238229235025,-0.0962231034131557,-0.09467822148460694,0.023669555371151736,0.024055775853288924,2.929709910084801e-16,0.487563277687051
1024,2,0,812,6,1,2.5633223280127115,-0.10260705855948755,-0.10123372988054262,0.025308432470135655,0.02565176463987189,2.51330482239045e-16,0.487563277687051
1024,2,0,937,7,1,2.7590313797193335,-0.10805999297664755,-0.10647504822364977,0.026618762055912442,0.027014998244161887,3.1038214749001266e-16,0.487563277687051
1024,2,0,1062,8,1,2.376504966135445,-0.0920724607885467,-0.0908730702444999,0.022718267561124977,0.023018115197136674,2.156189080045667e-16,0.487563277687051
1024,2,0,1187,9,1,2.9531739631731972,-0.0995438213816022,-0.09807303088766577,0.02451825772191644,0.02488595534540055,2.990818660370635e-16,0.487563277687051
1024,2,0,1312,10,1,2.863903674966498,-0.09958227441662065,-0.09839210609826413,0.02459802652456603,0.024895568604155163,2.8630500396962516e-16,0.487563277687051
1024,2,0,1437,11,1,2.6216979844353183,-0.10666490762832294,-0.10547769483499173,0.02636942370874793,0.026666226907080735,2.84056672262614e-16,0.487563277687051
1024,2,0,1562,12,1,2.485979443176224,-0.10378336799726719,-0.10239241977423477,0.025598104943558693,0.025945841999316797,2.7489146997610175e-16,0.487563277687051
1024,2,0,1687,13,1,2.509650746484752,-0.09915016399167768,-0.09794736989405348,0.02448684247351337,0.02478754099791942,2.4551407216831064e-16,0.487563277687051
1024,2,0,1812,14,1,2.330969939930922,-0.09500718765115494,-0.0933595982741571,0.023339899568539275,0.023751796912788736,2.541518964905668e-16,0.487563277687051
1024,2,0,1937,15,1,2.7744462760800452,-0.09412887128056542,-0.09310465562852394,0.023276163907130984,0.023532217820141355,2.524184383969041e-16,0.487563277687051
1024,2,0,2062,16,1,2.418690962142246,-0.10096994172615767,-0.09975695599252962,0.024939238998132406,0.025242485431539417,2.5474967509560847e-16,0.487563277687051
1024,2,0,2187,17,1,2.7279603294229045,-0.10000381455217858,-0.09857258158467143,0.024643145396167857,0.025000953638044644,2.5709096415522757e-16,0.487563277687051
1024,2,0,2312,18,1,2.6233761423260265,-0.1005478116389122,-0.09922694377493195,0.024806735943732987,0.02513695290972805,2.465362920964411e-16,0.487563277687051
1024,2,0,2437,19,1,2.7482845944678127,-0.0972702226240566,-0.09559850867394486,0.023899627168486214,0.02431755565601415,2.570881826950038e-16,0.487563277687051
1024,2,0,2562,20,1,2.410791012761882,-0.10663020517538127,-0.10529569037811554,0.026323922594528884,0.026657551293845318,2.6973277521369763e-16,0.487563277687051
1024,2,0,2687,21,1,2.64358623489201,-0.08705962834756284,-0.08582718970020102,0.021456797425050255,0.02176490708689071,2.231093561076648e-16,0.487563277687051
1024,2,0,2812,22,1,2.403171899436617,-0.10723961835810347,-0.10616519775502038,0.026541299438755096,0.026809904589525868,2.599907231968946e-16,0.487563277687051
1024,2,0,2937,23,1,2.782468218325409,-0.11252207951044971,-0.11099646278615907,0.027749115696539768,0.028130519877612427,3.129531093297866e-16,0.487563277687051
1024,2,0,3062,24,1,2.6137300170197713,-0.09731127713651708,-0.09628346660868274,0.024070866652170685,0.02432781928412927,2.5978302346065046e-16,0.487563277687051
1024,2,0,3187,25,1,2.548158637747527,-0.10641789329881081,-0.10516925672346354,0.026292314180865885,0.026604473324702702,2.912625443188521e-16,0.487563277687051
1024,2,0,3312,26,1,2.3466793966063375,-0.10305697929262787,-0.10151200337640283,0.025378000844100707,0.02576424482315697,2.754278876132784e-16,0.487563277687051
1024,2,0,3437,27,1,3.016625349869445,-0.09765673863913608,-0.09676486268596912,0.02419121567149228,0.02441418465978402,2.7942497635238927e-16,0.487563277687051
1024,2,0,3562,28,1,2.462562300676329,-0.09786338796536072,-0.09634996202090149,0.02408749050522537,0.02446584699134018,2.263178171537221e-16,0.487563277687051
1024,2,0,3687,29,1,2.4146148873017395,-0.10273391604691838,-0.10155839746330006,0.025389599365825015,0.025683479011729595,2.79038346422027e-16,0.487563277687051
1024,2,0,3812,30,1,2.836657806987306,-0.09985090514185754,-0.09814250465126861,0.024535626162817153,0.024962726285464386,2.4974940436410645e-16,0.487563277687051
1024,2,0,3937,31,1,2.8635473633389448,-0.10423803666326015,-0.102674593193429,0.02566864829835725,0.026059509165815037,2.853509442316144e-16,0.487563277687051
1024,2,1,62,0,1,2.7040622457773327,-0.09530440309412161,-0.0941092355985589,0.023527308899639724,0.023826100773530402,2.509077384139736e-16,0.487563277687051
1024,2,1,187,1,1,2.839412204868081,-0.08802049292516277,-0.08657852878651964,0.02164463219662991,0.022005123231290693,2.45854585879684e-16,0.487563277687051
1024,2,1,312,2,1,2.574990332593346,-0.10056218008946238,-0.0991640395280791,0.024791009882019776,0.025140545022365596,2.5924437841671953e-16,0.487563277687051
1024,2,1,437,3,1,2.5211830613122057,-0.09778594765931638,-0.09650078229902578,0.024125195574756446,0.024446486914829094,2.5066188037821263e-16,0.487563277687051
1024,2,1,562,4,1,2.2776562412383745,-0.10530477032410034,-0.10409873476710889,0.026024683691777222,0.026326192581025084,2.7308588095302786e-16,0.487563277687051
1024,2,1,687,5,1,2.6532039089694046,-0.10376223287599265,-0.1026429027440115,0.025660725686002875,0.025940558218998162,2.80389861065066e-16,0.487563277687051
1024,2,1,812,6,1,2.778629739369368,-0.0975312675226881,-0.09682454359728584,0.02420613589932146,0.024382816880672026,2.741025140625571e-16,0.487563277687051
1024,2,1,937,7,1,2.8529146024053142,-0.1007431320773806,-0.0994212220101467,0.024855305502536677,0.02518578301934515,3.234741653887427e-16,0.487563277687051
1024,2,1,1062,8,1,2.6921681931749317,-0.09961548926066037,-0.0984968110055596,0.0246242027513899,0.024903872315165092,2.590446151331868e-16,0.487563277687051
1024,2,1,1187,9,1,2.529223605735587,-0.09436271972783579,-0.09352176314079888,0.02338044078519972,0.023590679931958947,2.552088046909003e-16,0.487563277687051
1024,2,1,1312,10,1,2.5703310199414022,-0.09546570735375647,-0.093839763288286,0.0234599408220715,0.023866426838439116,2.807652499232411e-16,0.487563277687051
1024,2,1,1437,11,1,3.0914362963574287,-0.10158725964144508,-0.10064805962404498,0.025162014906011245,0.02539681491036127,2.8627638292110534e-16,0.487563277687051
1024,2,1,1562,12,1,2.660259119878676,-0.115307752352601,-0.1139258875531543,0.028481471888288576,0.02882693808815025,2.8491869602058987e-16,0.487563277687051
1024,2,1,1687,13,1,2.86797005190487,-0.100147190600114,-0.09883223394331447,0.02470805848582862,0.0250367976500285,2.9797641217920554e-16,0.487563277687051
1024,2,1,1812,14,1,2.9388308875908757,-0.10445788088662218,-0.10261772611254982,0.025654431528137456,0.026114470221655545,2.9154916468095495e-16,0.487563277687051
1024,2,1,1937,15,1,2.922528307983175,-0.11368760167770137,-0.11216045329000891,0.028040113322502228,0.02842190041942534,3.3165372013945453e-16,0.487563277687051
1024,2,1,2062,16,1,2.6656557928411306,-0.10408488791328908,-0.10279223349264884,0.02569805837316221,0.02602122197832227,2.641100366868465e-16,0.487563277687051
1024,2,1,2187,17,1,2.465370790758729,-0.09373452833694487,-0.09263348224289095,0.023158370560722737,0.023433632084236218,2.4241713821518413e-16,0.487563277687051
1024,2,1,2312,18,1,2.3987358234074625,-0.09909754510879179,-0.09782000613781495,0.02445500153445374,0.024774386277197948,2.6066846466451356e-16,0.487563277687051
1024,2,1,2437,19,1,2.5344320870900523,-0.09588982521032217,-0.09459610372630715,0.02364902593157679,0.023972456302580544,2.5045695780326563e-16,0.487563277687051
1024,2,1,2562,20,1,2.8224641580461856,-0.09937472852270625,-0.09808388431401537,0.02452097107850384,0.024843682130676562,2.8944867393968564e-16,0.487563277687051
1024,2,1,2687,21,1,2.7496405303610745,-0.10138059319080472,-0.10018420917075868,0.02504605229268967,0.02534514829770118,2.500082860107041e-16,0.487563277687051
1024,2,1,2812,22,1,2.5874953749287366,-0.0989183410060435,-0.09779789408870206,0.024449473522175514,0.024729585251510876,2.9514292300694047e-16,0.487563277687051
1024,2,1,2937,23,1,2.7630926915970755,-0.10373677186496072,-0.10265903125296785,0.025664757813241963,0.02593419296624018,2.739905151124516e-16,0.487563277687051
1024,2,1,3062,24,1,2.717239045028499,-0.10200190267744658,-0.10087900586816748,0.02521975146704187,0.025500475669361644,2.894887950625069e-16,0.487563277687051
1024,2,1,3187,25,1,2.6118668484750565,-0.09852431088621623,-0.09721393936466627,0.024303484841166567,0.024631077721554057,2.334676738621047e-16,0.487563277687051
1024,2,1,3312,26,1,2.5854459055519534,-0.09991239347760694,-0.09886168132816925,0.024715420332042312,0.024978098369401736,2.8181148410794905e-16,0.487563277687051
1024,2,1,3437,27,1,2.8403148540158374,-0.09974519448686368,-0.09830528217109563,0.024576320542773908,0.02493629862171592,2.653684046995163e-16,0.487563277687051
1024,2,1,3562,28,1,2.6465618426269177,-0.10359540141236269,-0.10261024428416886,0.025652561071042215,0.025898850353090672,2.8887207301023565e-16,0.487563277687051
1024,2,1,3687,29,1,2.711147145532227,-0.09578289755887291,-0.09462643210578038,0.023656608026445095,0.023945724389718228,2.5413389421386085e-16,0.487563277687051
1024,2,1,3812,30,1,2.448283109545336,-0.09600648653015134,-0.09481100907939563,0.023702752269848908,0.024001621632537835,2.539455555108174e-16,0.487563277687051
1024,2,1,3937,31,1,2.408109930916268,-0.11165023343797352,-0.1106276821667103,0.027656920541677576,0.02791255835949338,2.851369715465377e-16,0.487563277687051
1024,2,2,62,0,1,2.4343734138732254,-0.0923276000243525,-0.09085278475517712,0.02271319618879428,0.023081900006088125,2.303210669118357e-16,0.487563277687051
1024,2,2,187,1,1,2.8120031823843634,-0.10149137454277689,-0.09967880508649708,0.02491970127162427,0.025372843635694222,2.7152382030752547e-16,0.487563277687051
1024,2,2,312,2,1,2.6632679916350597,-0.09508213477572205,-0.0933717538381718,0.02334293845954295,0.023770533693930514,2.5995936026391455e-16,0.487563277687051
1024,2,2,437,3,1,2.710880592756742,-0.0978453061041174,-0.09655056403799718,0.024137641009499295,0.02446132652602935,2.6423973515748906e-16,0.487563277687051
1024,2,2,562,4,1,2.604465210067841,-0.099806488753442,-0.09833218046998234,0.024583045117495584,0.0249516221883605,2.634279351322864e-16,0.487563277687051
1024,2,2,687,5,1,2.486254997140829,-0.09677809315805858,-0.09545650567700754,0.023864126419251886,0.024194523289514644,2.430765618840582e-16,0.487563277687051
1024,2,2,812,6,1,2.724915497705936,-0.09633371400016591,-0.09529614264180541,0.023824035660451354,0.024083428500041477,2.6954074272444883e-16,0.487563277687051
1024,2,2,937,7,1,2.4737891219144768,-0.08927555833032046,-0.08792676026816866,0.021981690067042165,0.022318889582580114,2.3738331347005365e-16,0.487563277687051
1024,2,2,1062,8,1,2.7231787886494727,-0.0984940418527602,-0.09753730393289642,0.024384325983224105,0.02462351046319005,2.666001797938608e-16,0.487563277687051
1024,2,2,1187,9,1,2.8454419867897585,-0.11101830526771411,-0.10967982107884885,0.027419955269712214,0.027754576316928528,3.0201907122815106e-16,0.487563277687051
1024,2,2,1312,10,1,3.0100997872422397,-0.08506465265433018,-0.08430498887359587,0.02107624721839897,0.021266163163582544,2.2338921016746345e-16,0.487563277687051
1024,2,2,1437,11,1,2.7508780722333523,-0.10357181521224565,-0.10178489043026036,0.02544622260756509,0.025892953803061412,2.800755741894397e-16,0.487563277687051
1024,2,2,1562,12,1,2.4960601684722348,-0.10268246566582269,-0.1014874697084233,0.025371867427105826,0.025670616416455672,2.632330141889242e-16,0.487563277687051
1024,2,2,1687,13,1,2.9357463972170477,-0.10342902077994308,-0.10198078788767594,0.025495196971918984,0.02585725519498577,2.9380082194603496e-16,0.487563277687051
1024,2,2,1812,14,1,2.7771591355547707,-0.09411502270043265,-0.0932705622989515,0.023317640574737876,0.023528755675108162,2.8198157706087896e-16,0.487563277687051
1024,2,2,1937,15,1,2.660708987915413,-0.09139569734530165,-0.09009486975372287,0.022523717438430717,0.02284892433632541,2.6038906941215313e-16,0.487563277687051
1024,2,2,2062,16,1,2.5320629889169863,-0.10952398940371742,-0.10801435837259346,0.027003589593148365,0.027380997350929356,2.7821839035821883e-16,0.487563277687051
1024,2,2,2187,17,1,2.5867968397311634,-0.09876170244666455,-0.09720221280719912,0.02430055320179978,0.024690425611666136,2.4971110520296747e-16,0.487563277687051
1024,2,2,2312,18,1,2.5559092823737872,-0.10837240164084583,-0.10679590132437145,0.02669897533109286,0.027093100410211457,2.9118399713140134e-16,0.487563277687051
1024,2,2,2437,19,1,2.666928391760087,-0.09149377328945493,-0.09002474227675243,0.022506185569188108,0.022873443322363733,2.4218105863410266e-16,0.487563277687051
1024,2,2,2562,20,1,2.5583643980060473,-0.10812239955890716,-0.10699182805651737,0.026747957014129343,0.02703059988972679,2.820673948586374e-16,0.487563277687051
1024,2,2,2687,21,1,2.8985544715238234,-0.1033820031841752,-0.10228165446768099,0.025570413616920248,0.0258455007960438,2.74880543210289e-16,0.487563277687051
1024,2,2,2812,22,1,2.5373783040868254,-0.09566117623531145,-0.09441298655863248,0.02360324663965812,0.023915294058827863,2.3340725377794415e-16,0.487563277687051
1024,2,2,2937,23,1,2.89333141834464,-0.10304862100428007,-0.10165052724021338,0.025412631810053345,0.025762155251070017,2.9582896454626057e-16,0.487563277687051
1024,2,2,3062,24,1,2.6057498245169155,-0.09904914570874968,-0.09781241466072546,0.024453103665181365,0.02476228642718742,2.631659928792696e-16,0.487563277687051
1024,2,2,3187,25,1,2.7665562473100884,-0.0957323149603177,-0.09449359124721565,0.023623397811803913,0.023933078740079425,2.515287326829578e-16,0.487563277687051
1024,2,2,3312,26,1,2.635647105723458,-0.09018824166031995,-0.08866109753758683,0.022165274384396708,0.02254706041507999,2.2313386856360334e-16,0.487563277687051
1024,2,2,3437,27,1,2.79322809046171,-0.09982969854735026,-0.09835433719594522,0.024588584298986305,0.024957424636837564,2.6560993971413698e-16,0.487563277687051
1024,2,2,3562,28,1,2.4521704045945034,-0.10077530357120998,-0.09948421062167127,0.02487105265541782,0.025193825892802495,2.7269150112885175e-16,0.487563277687051
1024,2,2,3687,29,1,2.4885704459669,-0.10151389780142232,-0.10006821627821397,0.025017054069553492,0.02537847445035558,2.4964570935130494e-16,0.487563277687051
1024,2,2,3812,30,1,2.67257645622713,-0.10886704974718961,-0.10770227601061982,0.026925569002654956,0.027216762436797402,2.5901619404232e-16,0.487563277687051
1024,2,2,3937,31,1,2.6749128459182283,-0.10147764231448657,-0.1001728578085888,0.0250432144521472,0.025369410578621642,2.5976657155865653e-16,0.487563277687051
1024,2,3,62,0,1,2.625810408431512,-0.09216211539561711,-0.09139165425685433,0.022847913564213583,0.023040528848904278,2.694118527595091e-16,0.487563277687051
1024,2,3,187,1,1,2.867043178269322,-0.08548857206672997,-0.0842692145111654,0.02106730362779135,0.021372143016682492,2.2897360391622743e-16,0.487563277687051
1024,2,3,312,2,1,3.009016761771439,-0.09653729679091684,-0.09521708872185373,0.023804272180463434,0.02413432419772921,2.5103986208134443e-16,0.487563277687051
1024,2,3,437,3,1,2.677690377201011,-0.09241016562872172,-0.09125477082743391,0.022813692706858478,0.02310254140718043,2.556912972141964e-16,0.487563277687051
1024,2,3,562,4,1,2.6881627458572295,-0.1084437942392107,-0.10709119106649127,0.02677279776662282,0.027110948559802676,3.174831746087506e-16,0.487563277687051
1024,2,3,687,5,1,2.59031006550412,-0.0946442750018664,-0.09337919923897932,0.02334479980974483,0.0236610687504666,2.407187023379572e-16,0.487563277687051
1024,2,3,812,6,1,2.4169753293072325,-0.0958913563012884,-0.09497408338821428,0.02374352084705357,0.0239728390753221,2.363065449181458e-16,0.487563277687051
1024,2,3,937,7,1,2.671434850886155,-0.09808964072257126,-0.09694000354968883,0.024235000887422208,0.024522410180642815,2.4058774842165025e-16,0.487563277687051
1024,2,3,1062,8,1,2.832509527951739,-0.09819103388826197,-0.09673185308364302,0.024182963270910754,0.024547758472065494,2.4866778578016836e-16,0.487563277687051
1024,2,3,1187,9,1,2.57767352579675,-0.09945648073890252,-0.0979304757294095,0.024482618932352374,0.02486412018472563,2.6198500815483916e-16,0.487563277687051
1024,2,3,1312,10,1,2.5862472225702735,-0.09896594180988678,-0.09768755368242044,0.02442188842060511,0.024741485452471696,2.7822881845522014e-16,0.487563277687051
1024,2,3,1437,11,1,2.9093879388580537,-0.09639673471207633,-0.0952359416724144,0.0238089854181036,0.02409918367801908,2.773596976243691e-16,0.487563277687051
1024,2,3,1562,12,1,3.113380977466918,-0.09604552657521476,-0.09483409629017649,0.02370852407254412,0.02401138164380369,2.557469040155151e-16,0.487563277687051
1024,2,3,1687,13,1,2.6129769212634613,-0.09876756716267068,-0.09762829864124017,0.024407074660310044,0.02469189179066767,2.4887254135841106e-16,0.487563277687051
1024,2,3,1812,14,1,2.391138261915126,-0.09868620682687629,-0.09755255564105651,0.024388138910264128,0.024671551706719072,2.580936254922768e-16,0.487563277687051
1024,2,3,1937,15,1,2.6782324006537204,-0.10153391376112042,-0.10058865944778528,0.02514716486194632,0.025383478440280105,2.5760570181167206e-16,0.487563277687051
1024,2,3,2062,16,1,2.3213794394234912,-0.10332102847755985,-0.10173839376815742,0.025434598442039356,0.025830257119389962,2.6439270485999297e-16,0.487563277687051
1024,2,3,2187,17,1,2.7993203802998146,-0.09736837840532243,-0.09555170293717855,0.023887925734294636,0.02434209460133061,2.4730380502539915e-16,0.487563277687051
1024,2,3,2312,18,1,2.4790627976675363,-0.10792883091747334,-0.106539781992196,0.026634945498049,0.026982207729368334,2.668012718329003e-16,0.487563277687051
1024,2,3,2437,19,1,2.610638278255847,-0.09575632727978689,-0.09460823941268343,0.023652059853170856,0.023939081819946723,3.0087886980109974e-16,0.487563277687051
1024,2,3,2562,20,1,2.588959729087495,-0.10558958738052554,-0.10423497563532393,0.02605874390883098,0.026397396845131385,3.1520358041761066e-16,0.487563277687051
1024,2,3,2687,21,1,2.660250417901735,-0.10027970304539281,-0.09857125641881712,0.02464281410470428,0.025069925761348203,2.5511035205320487e-16,0.487563277687051
1024,2,3,2812,22,1,2.516895446508633,-0.1003403360428444,-0.098865841795152,0.024716460448788,0.0250850840107111,2.529550117467129e-16,0.487563277687051
1024,2,3,2937,23,1,2.430313394643056,-0.09870051438459697,-0.09738636782997648,0.02434659195749412,0.024675128596149242,2.59620465040764e-16,0.487563277687051
1024,2,3,3062,24,1,2.8557204585834204,-0.10945462242395967,-0.10815304486223297,0.027038261215558242,0.02736365560598992,2.913168466323375e-16,0.487563277687051
1024,2,3,3187,25,1,3.0175859763804413,-0.10352855081305365,-0.10234198747706287,0.025585496869265718,0.025882137703263412,2.9390378787108166e-16,0.487563277687051
1024,2,3,3312,26,1,2.4433709269641417,-0.09968440513245812,-0.09873513422633083,0.024683783556582708,0.02492110128311453,2.5459983377127885e-16,0.487563277687051
1024,2,3,3437,27,1,2.601151025194314,-0.09349768788024253,-0.09199692277519103,0.022999230693797758,0.023374421970060632,2.4528764659875094e-16,0.487563277687051
1024,2,3,3562,28,1,2.3921025240786915,-0.09906615183435971,-0.09756471055616527,0.024391177639041316,0.024766537958589928,2.4813576581492605e-16,0.487563277687051
1024,2,3,3687,29,1,2.516991093704768,-0.10034105542538434,-0.09844693146522777,0.024611732866306944,0.025085263856346084,2.742475451836717e-16,0.487563277687051
1024,2,3,3812,30,1,2.766688481419086,-0.0983825099482716,-0.09657803856504919,0.024144509641262298,0.0245956274870679,2.648459921024571e-16,0.487563277687051
1024,2,3,3937,31,1,2.5433230739742787,-0.09695840919814676,-0.09579579863602791,0.023948949659006978,0.02423960229953669,2.8031291733283917e-16,0.487563277687051
