architecture,width,replicate,lag,acf
shallow,64,0,0,1.0
shallow,64,0,1,0.9733599048954239
shallow,64,0,2,0.9476201586388576
shallow,64,0,3,0.9228246822616691
shallow,64,0,4,0.8988230545725953
shallow,64,0,5,0.8756153565670628
shallow,64,0,6,0.8530951263971354
shallow,64,0,7,0.831264312780797
shallow,64,0,8,0.8101737577801891
shallow,64,0,9,0.789812359435077
shallow,64,0,10,0.7701068779518989
shallow,64,0,11,0.7509934862662767
shallow,64,0,12,0.7325194985923582
shallow,64,0,13,0.7145736812690341
shallow,64,0,14,0.6971944391932413
shallow,64,0,15,0.6803467077180096
shallow,64,0,16,0.6640350227199399
shallow,64,0,17,0.6482163004559387
shallow,64,0,18,0.6328928991053527
shallow,64,0,19,0.6180435810960698
shallow,64,0,20,0.6036313790079846
shallow,64,0,21,0.5896230797872071
shallow,64,0,22,0.5760138057526978
shallow,64,0,23,0.5627901858879417
shallow,64,0,24,0.5499191660243928
shallow,64,0,25,0.5374273871291488
shallow,64,0,26,0.5252790570832092
shallow,64,0,27,0.5134832236398568
shallow,64,0,28,0.5020081520972437
shallow,64,0,29,0.4908241937164675
shallow,64,0,30,0.4799987143777421
shallow,64,0,31,0.4694737172543744
shallow,64,0,32,0.4592888408979278
shallow,64,0,33,0.4493685751627217
shallow,64,0,34,0.43971776351850006
shallow,64,0,35,0.43035454435653897
shallow,64,0,36,0.4212566329034733
shallow,64,0,37,0.41236203924692916
shallow,64,0,38,0.40364130824818345
shallow,64,0,39,0.3951895474168087
shallow,64,0,40,0.3869884442414044
shallow,64,0,41,0.37899459636631305
shallow,64,0,42,0.3711970037120137
shallow,64,0,43,0.36357691804728354
shallow,64,0,44,0.35620050679683346
shallow,64,0,45,0.34897555370989375
shallow,64,0,46,0.3419418864772829
shallow,64,0,47,0.33509580714085907
shallow,64,0,48,0.32838275119421995
shallow,64,0,49,0.3218845423034747
shallow,64,0,50,0.31558854149978904
shallow,64,0,51,0.30948251772760726
shallow,64,0,52,0.30347054797524464
shallow,64,0,53,0.29754545449352626
shallow,64,0,54,0.2917207076964494
shallow,64,0,55,0.2860924180890495
shallow,64,0,56,0.2805801594126598
shallow,64,0,57,0.2752191376267007
shallow,64,0,58,0.26993561648876807
shallow,64,0,59,0.2647795409239289
shallow,64,0,60,0.2597212119686073
shallow,64,0,61,0.25478887382550097
shallow,64,0,62,0.24996633063653995
shallow,64,0,63,0.24525256957957015
shallow,64,0,64,0.24063425800854565
shallow,64,0,65,0.23616827911715607
shallow,64,0,66,0.23178120966407886
shallow,64,0,67,0.22751608825607889
shallow,64,0,68,0.2233835206253363
shallow,64,0,69,0.21939328491098967
shallow,64,0,70,0.21547210242124498
shallow,64,0,71,0.2116153195599975
shallow,64,0,72,0.20788689364941831
shallow,64,0,73,0.2042292953608465
shallow,64,0,74,0.2006808728069268
shallow,64,0,75,0.1971962032638949
shallow,64,0,76,0.1937596595456465
shallow,64,0,77,0.19036420968102347
shallow,64,0,78,0.18697784256726968
shallow,64,0,79,0.18363013631503314
shallow,64,0,80,0.18036297576214805
shallow,64,0,81,0.1771744582257908
shallow,64,0,82,0.17408946554992577
shallow,64,0,83,0.171086603231848
shallow,64,0,84,0.16815105252956009
shallow,64,0,85,0.16527292436004498
shallow,64,0,86,0.1624577458919598
shallow,64,0,87,0.15971276923303437
shallow,64,0,88,0.15699398522853972
shallow,64,0,89,0.15435041123204485
shallow,64,0,90,0.15176478769964746
shallow,64,0,91,0.14926352342684246
shallow,64,0,92,0.1468157320949485
shallow,64,0,93,0.14445613299077137
shallow,64,0,94,0.14211619563452704
shallow,64,0,95,0.13978890421989884
shallow,64,0,96,0.13747854749127858
shallow,64,0,97,0.13521326186120727
shallow,64,0,98,0.1330389792487975
shallow,64,0,99,0.130914144953358
shallow,64,0,100,0.12884020598835455
shallow,64,0,101,0.1267425171896781
shallow,64,0,102,0.12470211390807967
shallow,64,0,103,0.12268791790493246
shallow,64,0,104,0.12072238489213187
shallow,64,0,105,0.11883905959358186
shallow,64,0,106,0.11698164756577589
shallow,64,0,107,0.1151706674641047
shallow,64,0,108,0.11343302153387602
shallow,64,0,109,0.11172997246034659
shallow,64,0,110,0.11006285482353387
shallow,64,0,111,0.10838574441704349
shallow,64,0,112,0.106753851998517
shallow,64,0,113,0.10519237444787961
shallow,64,0,114,0.10368692289844934
shallow,64,0,115,0.1022216939238461
shallow,64,0,116,0.10078528220381389
shallow,64,0,117,0.09935127775043001
shallow,64,0,118,0.09789839327436459
shallow,64,0,119,0.09639972647614845
shallow,64,0,120,0.09487281239488538
shallow,64,0,121,0.09339003864777948
shallow,64,0,122,0.09194278466756728
shallow,64,0,123,0.09049098403344416
shallow,64,0,124,0.08902810880309725
shallow,64,0,125,0.08761847774883239
shallow,64,0,126,0.08626436973728095
shallow,64,0,127,0.08492509986408053
shallow,64,0,128,0.0836063283901392
shallow,64,0,129,0.08233762217025582
shallow,64,0,130,0.08108997460494906
shallow,64,0,131,0.07985229758020379
shallow,64,0,132,0.07865908275869692
shallow,64,0,133,0.07751304088803904
shallow,64,0,134,0.07641325732146079
shallow,64,0,135,0.07535320374086221
shallow,64,0,136,0.07430832203937612
shallow,64,0,137,0.07325740044585316
shallow,64,0,138,0.07223833583206428
shallow,64,0,139,0.07123700949494295
shallow,64,0,140,0.07022962093692989
shallow,64,0,141,0.06921089009905479
shallow,64,0,142,0.06825143144990602
shallow,64,0,143,0.06734711545529665
shallow,64,0,144,0.06646216133041916
shallow,64,0,145,0.06558536220903394
shallow,64,0,146,0.06468823589181653
shallow,64,0,147,0.06376269308310419
shallow,64,0,148,0.0629065117847667
shallow,64,0,149,0.06203994880144629
shallow,64,0,150,0.06120833865467899
shallow,64,0,151,0.060372365240216025
shallow,64,0,152,0.059555097661152426
shallow,64,0,153,0.05875384877079578
shallow,64,0,154,0.05802704718651594
shallow,64,0,155,0.05737648474596573
shallow,64,0,156,0.05675790477942566
shallow,64,0,157,0.05617988916671483
shallow,64,0,158,0.05555228121358405
shallow,64,0,159,0.054889311666223545
shallow,64,0,160,0.054209373428196705
shallow,64,0,161,0.05354222258068911
shallow,64,0,162,0.052854190718267136
shallow,64,0,163,0.05217616751162803
shallow,64,0,164,0.05152446317508932
shallow,64,0,165,0.05086943626124331
shallow,64,0,166,0.05025429328796507
shallow,64,0,167,0.049628606968066785
shallow,64,0,168,0.049013944151560615
shallow,64,0,169,0.04844966485545262
shallow,64,0,170,0.04785492324650464
shallow,64,0,171,0.047256570597534055
shallow,64,0,172,0.04665328263358051
shallow,64,0,173,0.046084745867644536
shallow,64,0,174,0.0455351397273199
shallow,64,0,175,0.04494753399633288
shallow,64,0,176,0.0443382501540948
shallow,64,0,177,0.04376543110669431
shallow,64,0,178,0.043181660696298495
shallow,64,0,179,0.0426158420928823
shallow,64,0,180,0.04206802708525832
shallow,64,0,181,0.04153126565157813
shallow,64,0,182,0.04102408042884679
shallow,64,0,183,0.040529369837580265
shallow,64,0,184,0.03998520389417198
shallow,64,0,185,0.039479257393933154
shallow,64,0,186,0.03892453076019551
shallow,64,0,187,0.038397583881779926
shallow,64,0,188,0.03787644488690633
shallow,64,0,189,0.03741746839068561
shallow,64,0,190,0.036964392785506485
shallow,64,0,191,0.03651388207809465
shallow,64,0,192,0.036038210108693125
shallow,64,0,193,0.03561654257027603
shallow,64,0,194,0.03522814585297245
shallow,64,0,195,0.03487239745911868
shallow,64,0,196,0.03451419074307883
shallow,64,0,197,0.03412545505603085
shallow,64,0,198,0.03376393369865273
shallow,64,0,199,0.03346785749384453
shallow,64,0,200,0.03313845968720382
shallow,64,0,201,0.03279214627591119
shallow,64,0,202,0.032429884487824606
shallow,64,0,203,0.03209142636966356
shallow,64,0,204,0.03182952446473591
shallow,64,0,205,0.03157451777960206
shallow,64,0,206,0.031326881715562215
shallow,64,0,207,0.031081395561226174
shallow,64,0,208,0.03084894665587503
shallow,64,0,209,0.030639940605152214
shallow,64,0,210,0.030405829209373826
shallow,64,0,211,0.03021701531447958
shallow,64,0,212,0.029994295124412762
shallow,64,0,213,0.029758622530370944
shallow,64,0,214,0.029551128368988256
shallow,64,0,215,0.029312331671796615
shallow,64,0,216,0.029038829879058353
shallow,64,0,217,0.028754034039957074
shallow,64,0,218,0.028494456335623166
shallow,64,0,219,0.028238922537750236
shallow,64,0,220,0.02796071498178566
shallow,64,0,221,0.02769036168579006
shallow,64,0,222,0.027369440507455916
shallow,64,0,223,0.02705831573459344
shallow,64,0,224,0.026764405891592905
shallow,64,0,225,0.026469141084404374
shallow,64,0,226,0.026208142554113224
shallow,64,0,227,0.025963982906167547
shallow,64,0,228,0.02571927425078895
shallow,64,0,229,0.025464299327236678
shallow,64,0,230,0.025217640130326673
shallow,64,0,231,0.024926165180127774
shallow,64,0,232,0.024650960973797032
shallow,64,0,233,0.024431397121544636
shallow,64,0,234,0.02421864923234665
shallow,64,0,235,0.02402015286348234
shallow,64,0,236,0.023844277694650938
shallow,64,0,237,0.023656542562273897
shallow,64,0,238,0.02350504760740235
shallow,64,0,239,0.023405350529579164
shallow,64,0,240,0.023310981943075425
shallow,64,0,241,0.02321021613402729
shallow,64,0,242,0.023110229900833855
shallow,64,0,243,0.022998946165992462
shallow,64,0,244,0.022893522375423744
shallow,64,0,245,0.02280638380305195
shallow,64,0,246,0.02275479460945855
shallow,64,0,247,0.0226970549771632
shallow,64,0,248,0.022670864520949498
shallow,64,0,249,0.022686171481277623
shallow,64,0,250,0.0227230469884863
shallow,64,0,251,0.02275234383009185
shallow,64,0,252,0.022828960073257434
shallow,64,0,253,0.022921444726855093
shallow,64,0,254,0.022966492790482802
shallow,64,0,255,0.02302920169123716
shallow,64,0,256,0.023110861853322465
shallow,64,0,257,0.023205896871537967
shallow,64,0,258,0.023280270522220082
shallow,64,0,259,0.023353569238149782
shallow,64,0,260,0.023372129347080994
shallow,64,0,261,0.023353458908839837
shallow,64,0,262,0.02329910506430583
shallow,64,0,263,0.02322736019947943
shallow,64,0,264,0.023206757073173576
shallow,64,0,265,0.02314700874273469
shallow,64,0,266,0.023078377445393983
shallow,64,0,267,0.022998031804186553
shallow,64,0,268,0.022898886948817483
shallow,64,0,269,0.022812182718450185
shallow,64,0,270,0.02270256290747125
shallow,64,0,271,0.022582663556518116
shallow,64,0,272,0.022522353181004436
shallow,64,0,273,0.0224456853878428
shallow,64,0,274,0.022389229064756874
shallow,64,0,275,0.022347589036602937
shallow,64,0,276,0.022292919803453742
shallow,64,0,277,0.022284034369788715
shallow,64,0,278,0.022253864898525606
shallow,64,0,279,0.022245882058172392
shallow,64,0,280,0.022254861671636737
shallow,64,0,281,0.022216729869235268
shallow,64,0,282,0.022165574837270084
shallow,64,0,283,0.022052957040895434
shallow,64,0,284,0.021910406224211587
shallow,64,0,285,0.02175212807747721
shallow,64,0,286,0.021564110229332814
shallow,64,0,287,0.021367859089360165
shallow,64,0,288,0.021100411087257895
shallow,64,0,289,0.02079675428503874
shallow,64,0,290,0.02052169273956058
shallow,64,0,291,0.02022727585121289
shallow,64,0,292,0.019939315802191125
shallow,64,0,293,0.019707202928251972
shallow,64,0,294,0.019416690148464165
shallow,64,0,295,0.019139976095248215
shallow,64,0,296,0.018811831002915606
shallow,64,0,297,0.018475754687088935
shallow,64,0,298,0.01819351675786198
shallow,64,0,299,0.017967325810206814
shallow,64,0,300,0.017785388349298797
shallow,64,0,301,0.017636032637475537
shallow,64,0,302,0.017452267308036406
shallow,64,0,303,0.017222036414083854
shallow,64,0,304,0.016993554369596698
shallow,64,0,305,0.0167312676547405
shallow,64,0,306,0.016476790482354575
shallow,64,0,307,0.016223153206931084
shallow,64,0,308,0.016015950090134207
shallow,64,0,309,0.015836587684452126
shallow,64,0,310,0.015611425926102806
shallow,64,0,311,0.015401877880318746
shallow,64,0,312,0.015227294155889037
shallow,64,0,313,0.015082779478102225
shallow,64,0,314,0.014862673685524519
shallow,64,0,315,0.01468595237149337
shallow,64,0,316,0.014487048409395457
shallow,64,0,317,0.014343062056040443
shallow,64,0,318,0.01417020470062504
shallow,64,0,319,0.014040466988292491
shallow,64,0,320,0.013924242632155859
shallow,64,0,321,0.013814813667868204
shallow,64,0,322,0.013721478126394656
shallow,64,0,323,0.013632410176635516
shallow,64,0,324,0.013544977972446418
shallow,64,0,325,0.013445103717872829
shallow,64,0,326,0.013396866279348343
shallow,64,0,327,0.013387282984087489
shallow,64,0,328,0.013385721329174642
shallow,64,0,329,0.013362944365515605
shallow,64,0,330,0.013328985209686138
shallow,64,0,331,0.013312589016087638
shallow,64,0,332,0.01329535851948735
shallow,64,0,333,0.013242291445963767
shallow,64,0,334,0.013211298475101453
shallow,64,0,335,0.013202428931293116
shallow,64,0,336,0.013152622292576428
shallow,64,0,337,0.013129806383707537
shallow,64,0,338,0.013131940342638645
shallow,64,0,339,0.01312019820626303
shallow,64,0,340,0.013096859609794348
shallow,64,0,341,0.013056137076754973
shallow,64,0,342,0.013004995533573054
shallow,64,0,343,0.013019361944587065
shallow,64,0,344,0.013020357382894724
shallow,64,0,345,0.013003257392224256
shallow,64,0,346,0.012932263414172168
shallow,64,0,347,0.01285327509252206
shallow,64,0,348,0.012756201159675552
shallow,64,0,349,0.012610773167569799
shallow,64,0,350,0.012428930242441932
shallow,64,0,351,0.012217848480969188
shallow,64,0,352,0.012091557296612494
shallow,64,0,353,0.011982760601812019
shallow,64,0,354,0.011885959700338677
shallow,64,0,355,0.011739539136297088
shallow,64,0,356,0.011609435848911779
shallow,64,0,357,0.011445616326625982
shallow,64,0,358,0.011275222492684343
shallow,64,0,359,0.011101943736350896
shallow,64,0,360,0.010950118691567368
shallow,64,0,361,0.01077671017901498
shallow,64,0,362,0.010603451784866368
shallow,64,0,363,0.01049254543761056
shallow,64,0,364,0.010414286102102797
shallow,64,0,365,0.010335578841298635
shallow,64,0,366,0.010261429641778206
shallow,64,0,367,0.010164902470938823
shallow,64,0,368,0.010079727710829512
shallow,64,0,369,0.010027721514351166
shallow,64,0,370,0.010010296138366518
shallow,64,0,371,0.00994984182550632
shallow,64,0,372,0.009863503319700949
shallow,64,0,373,0.009740147689284748
shallow,64,0,374,0.009618754772294673
shallow,64,0,375,0.00954341962910426
shallow,64,0,376,0.009491397384691359
shallow,64,0,377,0.00949715052810435
shallow,64,0,378,0.009481499219035143
shallow,64,0,379,0.009441128943167208
shallow,64,0,380,0.00940767043075912
shallow,64,0,381,0.009375037932141323
shallow,64,0,382,0.009339574508330305
shallow,64,0,383,0.009383056044592617
shallow,64,0,384,0.00935753287892714
shallow,64,0,385,0.009304526968183088
shallow,64,0,386,0.009287906013647962
shallow,64,0,387,0.009272834442759163
shallow,64,0,388,0.009294167732796756
shallow,64,0,389,0.009288233207364303
shallow,64,0,390,0.009280006845308032
shallow,64,0,391,0.009226621534854412
shallow,64,0,392,0.00917394339215382
shallow,64,0,393,0.009167564494716243
shallow,64,0,394,0.009168315499426457
shallow,64,0,395,0.00914863410240733
shallow,64,0,396,0.009131472782818
shallow,64,0,397,0.009106417983901858
shallow,64,0,398,0.009066099888037027
shallow,64,0,399,0.009033881122511318
shallow,64,0,400,0.008950687714095757
shallow,64,1,0,1.0
shallow,64,1,1,0.9739474945177308
shallow,64,1,2,0.9487918530218062
shallow,64,1,3,0.9244683692725941
shallow,64,1,4,0.9009396212612667
shallow,64,1,5,0.878177790090581
shallow,64,1,6,0.8561606259253804
shallow,64,1,7,0.8348454866570525
shallow,64,1,8,0.8142114548806704
shallow,64,1,9,0.7941925423440378
shallow,64,1,10,0.7748110549412578
shallow,64,1,11,0.7559920892087503
shallow,64,1,12,0.7377134318218651
shallow,64,1,13,0.7199791710633642
shallow,64,1,14,0.7027981703453509
shallow,64,1,15,0.6861106601297979
shallow,64,1,16,0.6699478953881134
shallow,64,1,17,0.6542450787937373
shallow,64,1,18,0.639034654146279
shallow,64,1,19,0.6243062825427781
shallow,64,1,20,0.6100280570013535
shallow,64,1,21,0.5961931329348026
shallow,64,1,22,0.5827338043010784
shallow,64,1,23,0.5696341767526525
shallow,64,1,24,0.5569006570491133
shallow,64,1,25,0.544532830111664
shallow,64,1,26,0.532499111495497
shallow,64,1,27,0.5208007966517185
shallow,64,1,28,0.5094708068496427
shallow,64,1,29,0.49849380380881825
shallow,64,1,30,0.48778507243458236
shallow,64,1,31,0.47730902651303053
shallow,64,1,32,0.46712055592908597
shallow,64,1,33,0.45724205638322535
shallow,64,1,34,0.44757312973811125
shallow,64,1,35,0.43814063952575116
shallow,64,1,36,0.42896361166330793
shallow,64,1,37,0.4200246533699237
shallow,64,1,38,0.41133639025190966
shallow,64,1,39,0.40288680071235783
shallow,64,1,40,0.3946777477902715
shallow,64,1,41,0.3867145282761595
shallow,64,1,42,0.37890694498157634
shallow,64,1,43,0.3713043978962318
shallow,64,1,44,0.36387255001972835
shallow,64,1,45,0.3565770971063753
shallow,64,1,46,0.3494699629459894
shallow,64,1,47,0.34252159027414947
shallow,64,1,48,0.3357635215325066
shallow,64,1,49,0.3291275755920717
shallow,64,1,50,0.3226327032942406
shallow,64,1,51,0.3163188750276823
shallow,64,1,52,0.3101782281227624
shallow,64,1,53,0.3041681795716466
shallow,64,1,54,0.2982809927419712
shallow,64,1,55,0.29252276642911934
shallow,64,1,56,0.2868947875226522
shallow,64,1,57,0.281450287024801
shallow,64,1,58,0.27617067001434975
shallow,64,1,59,0.27098658766662637
shallow,64,1,60,0.2659562656702256
shallow,64,1,61,0.26112958560833816
shallow,64,1,62,0.25641170446864375
shallow,64,1,63,0.2517752869253427
shallow,64,1,64,0.2472345084554277
shallow,64,1,65,0.24276412313097306
shallow,64,1,66,0.23839659357382273
shallow,64,1,67,0.234163922058011
shallow,64,1,68,0.23000782356674487
shallow,64,1,69,0.22598796910453475
shallow,64,1,70,0.22207879150701854
shallow,64,1,71,0.2182166447955089
shallow,64,1,72,0.21447548990593118
shallow,64,1,73,0.21075386351318012
shallow,64,1,74,0.20710831588241446
shallow,64,1,75,0.20359830179381563
shallow,64,1,76,0.2001119146809057
shallow,64,1,77,0.1967208914330749
shallow,64,1,78,0.1934673392125063
shallow,64,1,79,0.19022753331035347
shallow,64,1,80,0.1870485936501921
shallow,64,1,81,0.18392509401213558
shallow,64,1,82,0.18086288715970764
shallow,64,1,83,0.17781314773151102
shallow,64,1,84,0.17486475665396775
shallow,64,1,85,0.17196310919250055
shallow,64,1,86,0.16913464587886212
shallow,64,1,87,0.16634659146358038
shallow,64,1,88,0.16360781897032406
shallow,64,1,89,0.1609170730078718
shallow,64,1,90,0.15831464967358183
shallow,64,1,91,0.1557675931837132
shallow,64,1,92,0.153270620823459
shallow,64,1,93,0.1508502279692363
shallow,64,1,94,0.1484577329069315
shallow,64,1,95,0.1461392195921625
shallow,64,1,96,0.14384836578189308
shallow,64,1,97,0.14156337534501287
shallow,64,1,98,0.13928319881146078
shallow,64,1,99,0.13709682104266577
shallow,64,1,100,0.13493283679148543
shallow,64,1,101,0.13275607943362702
shallow,64,1,102,0.13068322095963755
shallow,64,1,103,0.12864563512069915
shallow,64,1,104,0.12666311513905773
shallow,64,1,105,0.12473418654283139
shallow,64,1,106,0.12284382083572998
shallow,64,1,107,0.1209957862069865
shallow,64,1,108,0.11918179836654451
shallow,64,1,109,0.11742164547259888
shallow,64,1,110,0.11569636564154315
shallow,64,1,111,0.11400814070834892
shallow,64,1,112,0.11238486290352293
shallow,64,1,113,0.11080515843965791
shallow,64,1,114,0.10922581923016958
shallow,64,1,115,0.10773501691170333
shallow,64,1,116,0.10626513277190527
shallow,64,1,117,0.10481112324996325
shallow,64,1,118,0.10337234974066309
shallow,64,1,119,0.10196081810343768
shallow,64,1,120,0.1005416763194218
shallow,64,1,121,0.0991563592230277
shallow,64,1,122,0.09777734566081159
shallow,64,1,123,0.09645666754585436
shallow,64,1,124,0.09509015576531567
shallow,64,1,125,0.09378105941765995
shallow,64,1,126,0.09251497688233293
shallow,64,1,127,0.091292911062895
shallow,64,1,128,0.0900984483335566
shallow,64,1,129,0.08892778472915924
shallow,64,1,130,0.08778119983133892
shallow,64,1,131,0.08665151052919198
shallow,64,1,132,0.0855416711043556
shallow,64,1,133,0.08442341363730285
shallow,64,1,134,0.0833438232957742
shallow,64,1,135,0.08230958823263188
shallow,64,1,136,0.08132501297917237
shallow,64,1,137,0.08036800460059823
shallow,64,1,138,0.0793970704927894
shallow,64,1,139,0.07844340951523836
shallow,64,1,140,0.07747194487230445
shallow,64,1,141,0.07652642415705393
shallow,64,1,142,0.0756163560133469
shallow,64,1,143,0.07472036775219462
shallow,64,1,144,0.0738633413555865
shallow,64,1,145,0.07302062890933389
shallow,64,1,146,0.07224588274212107
shallow,64,1,147,0.07146065621341305
shallow,64,1,148,0.07068487449830853
shallow,64,1,149,0.06992522533071285
shallow,64,1,150,0.06916729037092816
shallow,64,1,151,0.06845668698172405
shallow,64,1,152,0.06769662430044143
shallow,64,1,153,0.06691736802077496
shallow,64,1,154,0.06617302590197782
shallow,64,1,155,0.06546732907924852
shallow,64,1,156,0.06475730742188093
shallow,64,1,157,0.06404432236251355
shallow,64,1,158,0.06335505926854537
shallow,64,1,159,0.06263159105065694
shallow,64,1,160,0.061898294896527165
shallow,64,1,161,0.061183458812197035
shallow,64,1,162,0.06052987449703159
shallow,64,1,163,0.05991940061466222
shallow,64,1,164,0.059285917834877785
shallow,64,1,165,0.05864217225297544
shallow,64,1,166,0.05804456572643928
shallow,64,1,167,0.057457855900170426
shallow,64,1,168,0.05687876893768186
shallow,64,1,169,0.056262044418715906
shallow,64,1,170,0.05564938448690806
shallow,64,1,171,0.055053189736698864
shallow,64,1,172,0.05449140037814842
shallow,64,1,173,0.053896522745742755
shallow,64,1,174,0.05326732142862418
shallow,64,1,175,0.05267301136935665
shallow,64,1,176,0.05212990387502586
shallow,64,1,177,0.05160891469806826
shallow,64,1,178,0.05109141821729373
shallow,64,1,179,0.05060992326685207
shallow,64,1,180,0.05018369507935616
shallow,64,1,181,0.04972084091380331
shallow,64,1,182,0.04932718419238002
shallow,64,1,183,0.04892734105285661
shallow,64,1,184,0.0485398928943751
shallow,64,1,185,0.04812874301260237
shallow,64,1,186,0.04774602954461915
shallow,64,1,187,0.047356202372698074
shallow,64,1,188,0.046949124672257564
shallow,64,1,189,0.04651358827667587
shallow,64,1,190,0.046119246598204613
shallow,64,1,191,0.04575590518183301
shallow,64,1,192,0.04539885878150403
shallow,64,1,193,0.04501716064655128
shallow,64,1,194,0.04459547244357188
shallow,64,1,195,0.044224577394619026
shallow,64,1,196,0.04382914222335058
shallow,64,1,197,0.043439024981031304
shallow,64,1,198,0.043090697974484296
shallow,64,1,199,0.04274985268596557
shallow,64,1,200,0.042410939528490135
shallow,64,1,201,0.04205860600331502
shallow,64,1,202,0.0417305783958065
shallow,64,1,203,0.04137855246289795
shallow,64,1,204,0.0410697636766975
shallow,64,1,205,0.04073669016563039
shallow,64,1,206,0.040407156188100625
shallow,64,1,207,0.04009022844053628
shallow,64,1,208,0.03974860083401721
shallow,64,1,209,0.03940151444377129
shallow,64,1,210,0.039053608393104206
shallow,64,1,211,0.038684870983929455
shallow,64,1,212,0.03832054960862282
shallow,64,1,213,0.03795795004202394
shallow,64,1,214,0.0376501385751583
shallow,64,1,215,0.03731479105173976
shallow,64,1,216,0.03700235642585195
shallow,64,1,217,0.03671528423803827
shallow,64,1,218,0.03643552089660495
shallow,64,1,219,0.03614205209359968
shallow,64,1,220,0.03585322182172883
shallow,64,1,221,0.03560257319949794
shallow,64,1,222,0.03537251121805664
shallow,64,1,223,0.03516024101192899
shallow,64,1,224,0.034906729962631784
shallow,64,1,225,0.034714955844177026
shallow,64,1,226,0.03450092574929724
shallow,64,1,227,0.034314622649708554
shallow,64,1,228,0.03409180096384455
shallow,64,1,229,0.033829050255803884
shallow,64,1,230,0.03355911636533552
shallow,64,1,231,0.033266225924462746
shallow,64,1,232,0.03294059954461645
shallow,64,1,233,0.03263975423342014
shallow,64,1,234,0.03231237951700572
shallow,64,1,235,0.03201652293233362
shallow,64,1,236,0.031741416694415214
shallow,64,1,237,0.031478743270111915
shallow,64,1,238,0.031190482481980572
shallow,64,1,239,0.03084808013660514
shallow,64,1,240,0.030481683203346623
shallow,64,1,241,0.030128313053007602
shallow,64,1,242,0.029804870491442433
shallow,64,1,243,0.02947605940762934
shallow,64,1,244,0.029145582703636295
shallow,64,1,245,0.028801917527944212
shallow,64,1,246,0.028451496903174996
shallow,64,1,247,0.028061181100352887
shallow,64,1,248,0.02767880473095472
shallow,64,1,249,0.02728989659127829
shallow,64,1,250,0.02690382051429035
shallow,64,1,251,0.026552056896668688
shallow,64,1,252,0.02622692550159498
shallow,64,1,253,0.02591393719912035
shallow,64,1,254,0.02559028792799872
shallow,64,1,255,0.025278266423521004
shallow,64,1,256,0.024950184330533032
shallow,64,1,257,0.02460789287093331
shallow,64,1,258,0.024238319761460354
shallow,64,1,259,0.023921551162325777
shallow,64,1,260,0.023598671121203313
shallow,64,1,261,0.02329414819219232
shallow,64,1,262,0.02293631401874261
shallow,64,1,263,0.02259850202425579
shallow,64,1,264,0.02223071566199685
shallow,64,1,265,0.021880195581481233
shallow,64,1,266,0.02156753868794593
shallow,64,1,267,0.021278873899062037
shallow,64,1,268,0.02093770579633418
shallow,64,1,269,0.02061480370562649
shallow,64,1,270,0.020307453983861582
shallow,64,1,271,0.020008575923132734
shallow,64,1,272,0.019710603130586018
shallow,64,1,273,0.01941516850268091
shallow,64,1,274,0.019098038243171217
shallow,64,1,275,0.018805775105160284
shallow,64,1,276,0.018519033286931566
shallow,64,1,277,0.018209566978518655
shallow,64,1,278,0.018016624629510068
shallow,64,1,279,0.017817465502349736
shallow,64,1,280,0.017629644867781694
shallow,64,1,281,0.017416687912090955
shallow,64,1,282,0.017234094965101754
shallow,64,1,283,0.01709322288068393
shallow,64,1,284,0.016958623338583136
shallow,64,1,285,0.01678468188257168
shallow,64,1,286,0.016631630905239003
shallow,64,1,287,0.01649038967588467
shallow,64,1,288,0.016321967931902874
shallow,64,1,289,0.016132163257743977
shallow,64,1,290,0.015989068675176202
shallow,64,1,291,0.015823783155570273
shallow,64,1,292,0.015605432239069045
shallow,64,1,293,0.015375839663184867
shallow,64,1,294,0.015175912529706678
shallow,64,1,295,0.01498977020944735
shallow,64,1,296,0.014846998807345996
shallow,64,1,297,0.01469172438532301
shallow,64,1,298,0.014606716306054894
shallow,64,1,299,0.014523110189168248
shallow,64,1,300,0.014474751849332489
shallow,64,1,301,0.014426613613137186
shallow,64,1,302,0.014410119692783692
shallow,64,1,303,0.014412876479724019
shallow,64,1,304,0.014392303681896139
shallow,64,1,305,0.0143604111478257
shallow,64,1,306,0.014287128631806565
shallow,64,1,307,0.014265560925966111
shallow,64,1,308,0.01425413726274145
shallow,64,1,309,0.014247556291117376
shallow,64,1,310,0.014220536571129223
shallow,64,1,311,0.01417210794426762
shallow,64,1,312,0.014080834754556808
shallow,64,1,313,0.014002860744849615
shallow,64,1,314,0.013938144834088327
shallow,64,1,315,0.013868155126515241
shallow,64,1,316,0.013802676066661771
shallow,64,1,317,0.01374226813047733
shallow,64,1,318,0.01372940636988821
shallow,64,1,319,0.01374430538098209
shallow,64,1,320,0.013758136884581662
shallow,64,1,321,0.013811215462490657
shallow,64,1,322,0.013929954421954358
shallow,64,1,323,0.014018731004457828
shallow,64,1,324,0.014122219499339497
shallow,64,1,325,0.014214021529110376
shallow,64,1,326,0.01429307492239829
shallow,64,1,327,0.014411903258244292
shallow,64,1,328,0.014541530614733714
shallow,64,1,329,0.014689149910602158
shallow,64,1,330,0.014805657548531626
shallow,64,1,331,0.014915358612205453
shallow,64,1,332,0.014994386467430294
shallow,64,1,333,0.015053103171104004
shallow,64,1,334,0.01512882465512049
shallow,64,1,335,0.015174447892604888
shallow,64,1,336,0.015182940392240206
shallow,64,1,337,0.015164088151240575
shallow,64,1,338,0.015143290719618476
shallow,64,1,339,0.015008756697487127
shallow,64,1,340,0.014894339851653806
shallow,64,1,341,0.014790860250392536
shallow,64,1,342,0.014702452433681784
shallow,64,1,343,0.014602316753363431
shallow,64,1,344,0.014530137919208104
shallow,64,1,345,0.01446870930349827
shallow,64,1,346,0.014434553049741715
shallow,64,1,347,0.014413071303721572
shallow,64,1,348,0.014414371021468945
shallow,64,1,349,0.014412236424641626
shallow,64,1,350,0.01444433853156689
shallow,64,1,351,0.014469964546425301
shallow,64,1,352,0.014424232485302446
shallow,64,1,353,0.014369728998766408
shallow,64,1,354,0.014366834294969237
shallow,64,1,355,0.014353092572522777
shallow,64,1,356,0.01435170631210103
shallow,64,1,357,0.014351929150914862
shallow,64,1,358,0.01435047447973057
shallow,64,1,359,0.014349927135346146
shallow,64,1,360,0.01434283523508544
shallow,64,1,361,0.014388450717525526
shallow,64,1,362,0.014481639370235607
shallow,64,1,363,0.014560026729682887
shallow,64,1,364,0.014600534656321554
shallow,64,1,365,0.014609455055503888
shallow,64,1,366,0.014638180912698171
shallow,64,1,367,0.014675522012823124
shallow,64,1,368,0.014707554656407041
shallow,64,1,369,0.014761749464412466
shallow,64,1,370,0.014833302812271992
shallow,64,1,371,0.01490183195622479
shallow,64,1,372,0.014980346866916806
shallow,64,1,373,0.015050319934539536
shallow,64,1,374,0.015107224273972958
shallow,64,1,375,0.015127107086632135
shallow,64,1,376,0.015160738829159939
shallow,64,1,377,0.015178229167047324
shallow,64,1,378,0.01514747129878345
shallow,64,1,379,0.015119207936811967
shallow,64,1,380,0.015095570623025674
shallow,64,1,381,0.015041194670430915
shallow,64,1,382,0.014969529905449827
shallow,64,1,383,0.014921367162501418
shallow,64,1,384,0.014857225150599136
shallow,64,1,385,0.014783144633848578
shallow,64,1,386,0.014739855872945715
shallow,64,1,387,0.014717047677004281
shallow,64,1,388,0.014689474248948828
shallow,64,1,389,0.014707009728204466
shallow,64,1,390,0.014701581208326576
shallow,64,1,391,0.014755685906854273
shallow,64,1,392,0.014777114417016957
shallow,64,1,393,0.014794227287188204
shallow,64,1,394,0.014768861181339347
shallow,64,1,395,0.014730172069029992
shallow,64,1,396,0.014683861340420537
shallow,64,1,397,0.014625645649109164
shallow,64,1,398,0.014577344165663924
shallow,64,1,399,0.014589621959435518
shallow,64,1,400,0.01459446240765539
shallow,64,2,0,1.0
shallow,64,2,1,0.9723072768789192
shallow,64,2,2,0.9455856832605407
shallow,64,2,3,0.9197946586033053
shallow,64,2,4,0.8949565467708955
shallow,64,2,5,0.870946176730812
shallow,64,2,6,0.8477328420504604
shallow,64,2,7,0.8252418320011446
shallow,64,2,8,0.8035433180284195
shallow,64,2,9,0.7825640839627861
shallow,64,2,10,0.7622549312833851
shallow,64,2,11,0.7426363808592897
shallow,64,2,12,0.7235961250742453
shallow,64,2,13,0.7051611736173617
shallow,64,2,14,0.6872906679398162
shallow,64,2,15,0.670034322518757
shallow,64,2,16,0.6532955935003529
shallow,64,2,17,0.6370164225415414
shallow,64,2,18,0.621290904796559
shallow,64,2,19,0.6060725997284855
shallow,64,2,20,0.5912975839655398
shallow,64,2,21,0.5770037376363746
shallow,64,2,22,0.5631493611517209
shallow,64,2,23,0.549769819961632
shallow,64,2,24,0.5368177324573897
shallow,64,2,25,0.524253270888959
shallow,64,2,26,0.5120791866922574
shallow,64,2,27,0.5002183088560398
shallow,64,2,28,0.48867376051172584
shallow,64,2,29,0.47745634188987884
shallow,64,2,30,0.46660130168613834
shallow,64,2,31,0.4561036351559792
shallow,64,2,32,0.4458943694461689
shallow,64,2,33,0.43597596294899094
shallow,64,2,34,0.4263610989989563
shallow,64,2,35,0.41702916238728105
shallow,64,2,36,0.40801297929437663
shallow,64,2,37,0.39933056611550255
shallow,64,2,38,0.39083865990502975
shallow,64,2,39,0.38257327871228447
shallow,64,2,40,0.37447623288907905
shallow,64,2,41,0.36659063747876475
shallow,64,2,42,0.35895906507173336
shallow,64,2,43,0.3515236662142463
shallow,64,2,44,0.3443025295923051
shallow,64,2,45,0.3372617596953443
shallow,64,2,46,0.3304367322214601
shallow,64,2,47,0.32383021668834555
shallow,64,2,48,0.31738611525018007
shallow,64,2,49,0.31105045591644787
shallow,64,2,50,0.3048791252805245
shallow,64,2,51,0.29885741100587415
shallow,64,2,52,0.2929635526919239
shallow,64,2,53,0.2872434075394386
shallow,64,2,54,0.28164622496935954
shallow,64,2,55,0.27620840004674857
shallow,64,2,56,0.2708739947959615
shallow,64,2,57,0.265654810611276
shallow,64,2,58,0.2605669346885051
shallow,64,2,59,0.2555590674363486
shallow,64,2,60,0.2506839894586897
shallow,64,2,61,0.24591471705564918
shallow,64,2,62,0.2412709870180375
shallow,64,2,63,0.23675171240234388
shallow,64,2,64,0.23234908128489096
shallow,64,2,65,0.22802504177689453
shallow,64,2,66,0.22384077201001942
shallow,64,2,67,0.21983773204734505
shallow,64,2,68,0.21592897460817864
shallow,64,2,69,0.21207921392025814
shallow,64,2,70,0.20825783153148594
shallow,64,2,71,0.20457916041436666
shallow,64,2,72,0.20095240808106013
shallow,64,2,73,0.19739290205132629
shallow,64,2,74,0.19390934259327378
shallow,64,2,75,0.1904828491750303
shallow,64,2,76,0.18715543512375898
shallow,64,2,77,0.18390524795031657
shallow,64,2,78,0.1807986779971589
shallow,64,2,79,0.1777584820633445
shallow,64,2,80,0.17480084287814948
shallow,64,2,81,0.1719079253243629
shallow,64,2,82,0.16907368126838915
shallow,64,2,83,0.16632253977711342
shallow,64,2,84,0.16367966828655134
shallow,64,2,85,0.1611176472083447
shallow,64,2,86,0.1585562027169586
shallow,64,2,87,0.15606168721644625
shallow,64,2,88,0.1535964723615055
shallow,64,2,89,0.15119520346108747
shallow,64,2,90,0.14880398627492622
shallow,64,2,91,0.14644476517566585
shallow,64,2,92,0.14410328513951137
shallow,64,2,93,0.1417875132085375
shallow,64,2,94,0.1394906383157597
shallow,64,2,95,0.13719504973618377
shallow,64,2,96,0.13491702869083827
shallow,64,2,97,0.13266369128366812
shallow,64,2,98,0.1304756739519005
shallow,64,2,99,0.1283669983417287
shallow,64,2,100,0.1262909271049674
shallow,64,2,101,0.12430327426372784
shallow,64,2,102,0.12237499348494672
shallow,64,2,103,0.12053095444791381
shallow,64,2,104,0.11869973947425033
shallow,64,2,105,0.11692354024231999
shallow,64,2,106,0.11523391533102581
shallow,64,2,107,0.11357916796974288
shallow,64,2,108,0.11197126490711332
shallow,64,2,109,0.1104165430159345
shallow,64,2,110,0.10889332528653348
shallow,64,2,111,0.10746161808729976
shallow,64,2,112,0.10610033845902675
shallow,64,2,113,0.10472227950892644
shallow,64,2,114,0.10339619461617815
shallow,64,2,115,0.10209191020808453
shallow,64,2,116,0.1007333071156511
shallow,64,2,117,0.09934632669714405
shallow,64,2,118,0.09797185232377054
shallow,64,2,119,0.09663845523438863
shallow,64,2,120,0.09533281183273837
shallow,64,2,121,0.09404446831679213
shallow,64,2,122,0.09281111153972271
shallow,64,2,123,0.09160075919484496
shallow,64,2,124,0.09039472987206697
shallow,64,2,125,0.08920798706570714
shallow,64,2,126,0.08807896914272927
shallow,64,2,127,0.08699611662963422
shallow,64,2,128,0.08590693895484512
shallow,64,2,129,0.08483833134481368
shallow,64,2,130,0.08376781388417064
shallow,64,2,131,0.08273425152624721
shallow,64,2,132,0.08171133756163285
shallow,64,2,133,0.08069727427465281
shallow,64,2,134,0.0796679181332973
shallow,64,2,135,0.07862687339558189
shallow,64,2,136,0.07760710262873818
shallow,64,2,137,0.07665686552563082
shallow,64,2,138,0.0756641791254496
shallow,64,2,139,0.07470075720436674
shallow,64,2,140,0.07376576099477852
shallow,64,2,141,0.07278314981397657
shallow,64,2,142,0.07180228200529426
shallow,64,2,143,0.0708854382174035
shallow,64,2,144,0.0699658367520684
shallow,64,2,145,0.06911358280024527
shallow,64,2,146,0.06826248075973813
shallow,64,2,147,0.06747883887982707
shallow,64,2,148,0.06669619566266634
shallow,64,2,149,0.06593910765156522
shallow,64,2,150,0.06516563334040079
shallow,64,2,151,0.06431449174141136
shallow,64,2,152,0.06351205350276425
shallow,64,2,153,0.06268863167352492
shallow,64,2,154,0.061903093605911334
shallow,64,2,155,0.061106432196032186
shallow,64,2,156,0.06027710296706551
shallow,64,2,157,0.059435119920901204
shallow,64,2,158,0.058640308322316224
shallow,64,2,159,0.0578855882356077
shallow,64,2,160,0.057129433924336795
shallow,64,2,161,0.05643617782699968
shallow,64,2,162,0.055755342350445485
shallow,64,2,163,0.05504687043470248
shallow,64,2,164,0.05434393116527211
shallow,64,2,165,0.053693647688456185
shallow,64,2,166,0.05301040929457737
shallow,64,2,167,0.05235242940537928
shallow,64,2,168,0.05163737191409743
shallow,64,2,169,0.05089006239495976
shallow,64,2,170,0.05018308343950729
shallow,64,2,171,0.0495312074630367
shallow,64,2,172,0.04891888819208417
shallow,64,2,173,0.04832185364849558
shallow,64,2,174,0.047691154506724405
shallow,64,2,175,0.04711541220311915
shallow,64,2,176,0.04649044954577503
shallow,64,2,177,0.0458740013149944
shallow,64,2,178,0.04524009514097846
shallow,64,2,179,0.04459477000471258
shallow,64,2,180,0.043944717591590646
shallow,64,2,181,0.04337850504400807
shallow,64,2,182,0.04285248343257665
shallow,64,2,183,0.04233730135674525
shallow,64,2,184,0.04181911679181198
shallow,64,2,185,0.041311806070393337
shallow,64,2,186,0.040853163346404216
shallow,64,2,187,0.04039173433224415
shallow,64,2,188,0.03992047381769563
shallow,64,2,189,0.03944415288541043
shallow,64,2,190,0.03892253061037508
shallow,64,2,191,0.038417349256724985
shallow,64,2,192,0.03792361248971654
shallow,64,2,193,0.03747010562357734
shallow,64,2,194,0.037007808191372525
shallow,64,2,195,0.03652370996818226
shallow,64,2,196,0.0360477268554335
shallow,64,2,197,0.035516145858479925
shallow,64,2,198,0.035021496927878946
shallow,64,2,199,0.03450662244804012
shallow,64,2,200,0.03401059332055494
shallow,64,2,201,0.03348942396362009
shallow,64,2,202,0.03297818040860023
shallow,64,2,203,0.032529474076637296
shallow,64,2,204,0.0320874767241236
shallow,64,2,205,0.031695205563890334
shallow,64,2,206,0.03135188270882761
shallow,64,2,207,0.03102776648235611
shallow,64,2,208,0.030729377877670765
shallow,64,2,209,0.03047699361335141
shallow,64,2,210,0.030178847897196954
shallow,64,2,211,0.029863063746646365
shallow,64,2,212,0.029567165790287647
shallow,64,2,213,0.029231200994258046
shallow,64,2,214,0.028888956511750837
shallow,64,2,215,0.02856312619483664
shallow,64,2,216,0.028317396269112286
shallow,64,2,217,0.028130482831647877
shallow,64,2,218,0.027939072353117288
shallow,64,2,219,0.027720354553882578
shallow,64,2,220,0.027575703332748648
shallow,64,2,221,0.02739613774193
shallow,64,2,222,0.02717717856194429
shallow,64,2,223,0.02704536095564581
shallow,64,2,224,0.026938289458865942
shallow,64,2,225,0.026784246389740068
shallow,64,2,226,0.026671917098584397
shallow,64,2,227,0.02655361531472901
shallow,64,2,228,0.026442200805262536
shallow,64,2,229,0.026317304356712513
shallow,64,2,230,0.026167053720773638
shallow,64,2,231,0.025985722979110087
shallow,64,2,232,0.025845561369822485
shallow,64,2,233,0.025677905420142724
shallow,64,2,234,0.02546772916266496
shallow,64,2,235,0.02523846940518691
shallow,64,2,236,0.024980907358732186
shallow,64,2,237,0.024743214010426357
shallow,64,2,238,0.024471449578800125
shallow,64,2,239,0.02416358343400325
shallow,64,2,240,0.02380638700877042
shallow,64,2,241,0.023464084170905637
shallow,64,2,242,0.02316691341485912
shallow,64,2,243,0.022885544951518365
shallow,64,2,244,0.022664000051999127
shallow,64,2,245,0.022441430595766025
shallow,64,2,246,0.022231673552936464
shallow,64,2,247,0.022024382541970783
shallow,64,2,248,0.021821677465389565
shallow,64,2,249,0.021619904270881073
shallow,64,2,250,0.021486586814684107
shallow,64,2,251,0.021342259536277906
shallow,64,2,252,0.021145892772361383
shallow,64,2,253,0.02096332963641844
shallow,64,2,254,0.020762818037130235
shallow,64,2,255,0.02056329655134618
shallow,64,2,256,0.020372704279149195
shallow,64,2,257,0.020174086820132185
shallow,64,2,258,0.019940387129151214
shallow,64,2,259,0.019724070944096117
shallow,64,2,260,0.019479425933314608
shallow,64,2,261,0.01921592067424342
shallow,64,2,262,0.018928234058443034
shallow,64,2,263,0.01865498576191605
shallow,64,2,264,0.01837484220526956
shallow,64,2,265,0.018117715572768985
shallow,64,2,266,0.017873326362981147
shallow,64,2,267,0.017638372445724727
shallow,64,2,268,0.017442740932548082
shallow,64,2,269,0.017239449360387005
shallow,64,2,270,0.0170222591050278
shallow,64,2,271,0.01678613499165201
shallow,64,2,272,0.016568758756462423
shallow,64,2,273,0.016371922177632687
shallow,64,2,274,0.01619940064757297
shallow,64,2,275,0.01601197827744148
shallow,64,2,276,0.01579508139253952
shallow,64,2,277,0.015638208296227186
shallow,64,2,278,0.015466427993384674
shallow,64,2,279,0.015293124979916906
shallow,64,2,280,0.015141119672279048
shallow,64,2,281,0.014973921569549738
shallow,64,2,282,0.014789527548208269
shallow,64,2,283,0.014669215921122853
shallow,64,2,284,0.014535447494448692
shallow,64,2,285,0.014413826207972566
shallow,64,2,286,0.014282523325519984
shallow,64,2,287,0.014156992448525519
shallow,64,2,288,0.014033284025680761
shallow,64,2,289,0.01389764033856888
shallow,64,2,290,0.013753209461764218
shallow,64,2,291,0.013577811373262293
shallow,64,2,292,0.013352816307896618
shallow,64,2,293,0.013115417757028541
shallow,64,2,294,0.012904303158161054
shallow,64,2,295,0.01269013732996181
shallow,64,2,296,0.012456058789333901
shallow,64,2,297,0.012186524200077884
shallow,64,2,298,0.011886549968592132
shallow,64,2,299,0.011563713052135717
shallow,64,2,300,0.011282955266466055
shallow,64,2,301,0.011046848387994676
shallow,64,2,302,0.010830643836999132
shallow,64,2,303,0.010565398043390222
shallow,64,2,304,0.010302159768757545
shallow,64,2,305,0.010021359814236026
shallow,64,2,306,0.009788898712825723
shallow,64,2,307,0.009617989028430828
shallow,64,2,308,0.00946009759515919
shallow,64,2,309,0.009302539387127728
shallow,64,2,310,0.009139827918181544
shallow,64,2,311,0.008977712419057314
shallow,64,2,312,0.008842604612793759
shallow,64,2,313,0.008701674094726134
shallow,64,2,314,0.008572518559374808
shallow,64,2,315,0.008457005267169715
shallow,64,2,316,0.008311575272802532
shallow,64,2,317,0.008162226720873416
shallow,64,2,318,0.007976363914435526
shallow,64,2,319,0.007849897968953794
shallow,64,2,320,0.007772261054406459
shallow,64,2,321,0.007720015752043345
shallow,64,2,322,0.007654278439770329
shallow,64,2,323,0.007672639110237422
shallow,64,2,324,0.00766037795236027
shallow,64,2,325,0.007675151486881784
shallow,64,2,326,0.007760865764107784
shallow,64,2,327,0.0078386781711334
shallow,64,2,328,0.00794029464665412
shallow,64,2,329,0.00801270786967908
shallow,64,2,330,0.008065129808432839
shallow,64,2,331,0.00811910392112616
shallow,64,2,332,0.008192517067852404
shallow,64,2,333,0.008182627134071276
shallow,64,2,334,0.008124027185347668
shallow,64,2,335,0.008030829153349916
shallow,64,2,336,0.007938171905602708
shallow,64,2,337,0.007818773918141918
shallow,64,2,338,0.007666864443701456
shallow,64,2,339,0.0075188193891385265
shallow,64,2,340,0.0073717470719481485
shallow,64,2,341,0.007239088052087455
shallow,64,2,342,0.007147015998996628
shallow,64,2,343,0.007035699187499568
shallow,64,2,344,0.0068724917441475505
shallow,64,2,345,0.0066787834566492815
shallow,64,2,346,0.006418928422070878
shallow,64,2,347,0.006235989617516861
shallow,64,2,348,0.006056404561931313
shallow,64,2,349,0.005916705775518514
shallow,64,2,350,0.005761911264389498
shallow,64,2,351,0.00562653250942803
shallow,64,2,352,0.00550793262127767
shallow,64,2,353,0.005416432002978298
shallow,64,2,354,0.005327717693442498
shallow,64,2,355,0.005259565943815072
shallow,64,2,356,0.005216498847507225
shallow,64,2,357,0.005182737026645471
shallow,64,2,358,0.005126122578756759
shallow,64,2,359,0.005030417503912829
shallow,64,2,360,0.0049225104818962475
shallow,64,2,361,0.004777707929787729
shallow,64,2,362,0.004590943594178621
shallow,64,2,363,0.004409083130856901
shallow,64,2,364,0.004257365203936008
shallow,64,2,365,0.0041443138099400935
shallow,64,2,366,0.004042781765767784
shallow,64,2,367,0.003941979670497828
shallow,64,2,368,0.0038545632982847004
shallow,64,2,369,0.003773255688752515
shallow,64,2,370,0.003634146260543762
shallow,64,2,371,0.0035202963632223207
shallow,64,2,372,0.0034384477501732996
shallow,64,2,373,0.003353592010514516
shallow,64,2,374,0.003293888941241294
shallow,64,2,375,0.003215426153042246
shallow,64,2,376,0.0031665070982850696
shallow,64,2,377,0.003107158601889571
shallow,64,2,378,0.0030340964961413815
shallow,64,2,379,0.0029926457207685143
shallow,64,2,380,0.0029622761727092534
shallow,64,2,381,0.002939320283524103
shallow,64,2,382,0.0029451576453562206
shallow,64,2,383,0.0029178894941181404
shallow,64,2,384,0.0028811922418978536
shallow,64,2,385,0.0028167109636392136
shallow,64,2,386,0.002761567321213853
shallow,64,2,387,0.002678858970784682
shallow,64,2,388,0.002632797535029023
shallow,64,2,389,0.00267466718710055
shallow,64,2,390,0.0027853126594938626
shallow,64,2,391,0.002888174384274821
shallow,64,2,392,0.0030342840772487572
shallow,64,2,393,0.0031929115690825243
shallow,64,2,394,0.0033856075746928724
shallow,64,2,395,0.0035815121402628276
shallow,64,2,396,0.003788354003325256
shallow,64,2,397,0.003950873224255561
shallow,64,2,398,0.004083606552798839
shallow,64,2,399,0.004258923694329195
shallow,64,2,400,0.004392475126349655
shallow,256,0,0,1.0
shallow,256,0,1,0.9738711947360703
shallow,256,0,2,0.9485592949202077
shallow,256,0,3,0.9240553946077865
shallow,256,0,4,0.9003735696746691
shallow,256,0,5,0.8774124456338983
shallow,256,0,6,0.8551975509104389
shallow,256,0,7,0.8336131804274827
shallow,256,0,8,0.8126996409328074
shallow,256,0,9,0.7923793645210175
shallow,256,0,10,0.7726741813695708
shallow,256,0,11,0.7535945015397156
shallow,256,0,12,0.7350921796599869
shallow,256,0,13,0.7171586511292323
shallow,256,0,14,0.6997576352320227
shallow,256,0,15,0.682823447942339
shallow,256,0,16,0.66641111200694
shallow,256,0,17,0.6504127822276924
shallow,256,0,18,0.6348448416971718
shallow,256,0,19,0.6197059584362233
shallow,256,0,20,0.6050203089745655
shallow,256,0,21,0.5907509849887543
shallow,256,0,22,0.5768827143593716
shallow,256,0,23,0.5633593986579177
shallow,256,0,24,0.5502545168310072
shallow,256,0,25,0.5374611240910373
shallow,256,0,26,0.5249998026263722
shallow,256,0,27,0.5129397871632261
shallow,256,0,28,0.501189017856642
shallow,256,0,29,0.48982512281938884
shallow,256,0,30,0.47881112332140047
shallow,256,0,31,0.46806712938263667
shallow,256,0,32,0.4576008530420795
shallow,256,0,33,0.4474527687904145
shallow,256,0,34,0.43754200079292765
shallow,256,0,35,0.4278902538270407
shallow,256,0,36,0.4185111185865623
shallow,256,0,37,0.40938674584107937
shallow,256,0,38,0.4005195748402268
shallow,256,0,39,0.3919393685692411
shallow,256,0,40,0.3835614622937996
shallow,256,0,41,0.3753909322553417
shallow,256,0,42,0.36743832467048204
shallow,256,0,43,0.35970486254128625
shallow,256,0,44,0.35218513512209515
shallow,256,0,45,0.3448637951479126
shallow,256,0,46,0.3377255524086811
shallow,256,0,47,0.33080957363893004
shallow,256,0,48,0.32407452675813153
shallow,256,0,49,0.31753802452679414
shallow,256,0,50,0.31116990002095646
shallow,256,0,51,0.3049485349000367
shallow,256,0,52,0.29887224278623964
shallow,256,0,53,0.29292744945940347
shallow,256,0,54,0.2871160719673801
shallow,256,0,55,0.28146616500375576
shallow,256,0,56,0.2759449704164855
shallow,256,0,57,0.270486129459098
shallow,256,0,58,0.2651765722473652
shallow,256,0,59,0.259999464056708
shallow,256,0,60,0.2549566605645499
shallow,256,0,61,0.2500509132442543
shallow,256,0,62,0.24526113517299322
shallow,256,0,63,0.24057074538420908
shallow,256,0,64,0.23598483809706364
shallow,256,0,65,0.23151512848870104
shallow,256,0,66,0.22719108178039016
shallow,256,0,67,0.22301106017865271
shallow,256,0,68,0.2189177014896579
shallow,256,0,69,0.21489603326772372
shallow,256,0,70,0.21100287370245258
shallow,256,0,71,0.20720539571485702
shallow,256,0,72,0.20352227261184097
shallow,256,0,73,0.19985161460047915
shallow,256,0,74,0.1962878685288267
shallow,256,0,75,0.19284427579878166
shallow,256,0,76,0.18940529954179314
shallow,256,0,77,0.18601804928092122
shallow,256,0,78,0.182690571529113
shallow,256,0,79,0.17942960946804812
shallow,256,0,80,0.17617690844572573
shallow,256,0,81,0.17306186842084081
shallow,256,0,82,0.1700209884552595
shallow,256,0,83,0.16708843344062968
shallow,256,0,84,0.16427138522424117
shallow,256,0,85,0.1615173831886998
shallow,256,0,86,0.15883097452774103
shallow,256,0,87,0.15614582357585732
shallow,256,0,88,0.15354501621445846
shallow,256,0,89,0.15101473810560548
shallow,256,0,90,0.14851124134254431
shallow,256,0,91,0.14603523580830607
shallow,256,0,92,0.14356933224416912
shallow,256,0,93,0.14119038406656315
shallow,256,0,94,0.13885819762823662
shallow,256,0,95,0.13655036848865254
shallow,256,0,96,0.13429199871343167
shallow,256,0,97,0.1320694734840864
shallow,256,0,98,0.12987727403957094
shallow,256,0,99,0.1277364645375914
shallow,256,0,100,0.1256309175195971
shallow,256,0,101,0.12355823765740562
shallow,256,0,102,0.12153958307580598
shallow,256,0,103,0.11960078961499379
shallow,256,0,104,0.11769198124037203
shallow,256,0,105,0.11586116659166111
shallow,256,0,106,0.11407894909046636
shallow,256,0,107,0.11233819276394891
shallow,256,0,108,0.1106389013927123
shallow,256,0,109,0.10893165487342887
shallow,256,0,110,0.10721212402265567
shallow,256,0,111,0.10552291704191989
shallow,256,0,112,0.10389469457793399
shallow,256,0,113,0.1022846320238496
shallow,256,0,114,0.10068357249075688
shallow,256,0,115,0.09910915451919601
shallow,256,0,116,0.09754251250411693
shallow,256,0,117,0.09600568167963686
shallow,256,0,118,0.09452833718913223
shallow,256,0,119,0.09307422873650611
shallow,256,0,120,0.09159511396381487
shallow,256,0,121,0.0900903359913072
shallow,256,0,122,0.08865979112761659
shallow,256,0,123,0.08725350356599888
shallow,256,0,124,0.08587800531009122
shallow,256,0,125,0.08452583632886794
shallow,256,0,126,0.08317627763643898
shallow,256,0,127,0.08185571815642531
shallow,256,0,128,0.08060847816757899
shallow,256,0,129,0.07938984454828485
shallow,256,0,130,0.07821842134887434
shallow,256,0,131,0.07707823792350345
shallow,256,0,132,0.07595394221780474
shallow,256,0,133,0.0747979228313891
shallow,256,0,134,0.07370390037184499
shallow,256,0,135,0.07263958228801813
shallow,256,0,136,0.07158170631801705
shallow,256,0,137,0.07054088537956807
shallow,256,0,138,0.0694808622786933
shallow,256,0,139,0.06843325325033481
shallow,256,0,140,0.06739273875593627
shallow,256,0,141,0.0663480543800414
shallow,256,0,142,0.06534902030172896
shallow,256,0,143,0.06434343405252327
shallow,256,0,144,0.06339784484689859
shallow,256,0,145,0.0624555698230205
shallow,256,0,146,0.061539967349066145
shallow,256,0,147,0.06062696247915164
shallow,256,0,148,0.05974847774486277
shallow,256,0,149,0.058897234727496695
shallow,256,0,150,0.058097161599633476
shallow,256,0,151,0.057323379054043
shallow,256,0,152,0.05654929221686858
shallow,256,0,153,0.05581408449512601
shallow,256,0,154,0.05508174063342368
shallow,256,0,155,0.05429758613111398
shallow,256,0,156,0.05357666926039364
shallow,256,0,157,0.05293930227195676
shallow,256,0,158,0.05231599206029769
shallow,256,0,159,0.05171319839574366
shallow,256,0,160,0.05108332242261089
shallow,256,0,161,0.0504611615663698
shallow,256,0,162,0.049839532945730895
shallow,256,0,163,0.049236310806020506
shallow,256,0,164,0.04860313726384484
shallow,256,0,165,0.047949908150607436
shallow,256,0,166,0.04724554349654106
shallow,256,0,167,0.04655290361781121
shallow,256,0,168,0.0458717171580247
shallow,256,0,169,0.045206903536908156
shallow,256,0,170,0.04455802605745617
shallow,256,0,171,0.043932751439964446
shallow,256,0,172,0.04327974486428642
shallow,256,0,173,0.04266027588294937
shallow,256,0,174,0.04201157628337818
shallow,256,0,175,0.04135922240554654
shallow,256,0,176,0.04070834930093911
shallow,256,0,177,0.04012201917726035
shallow,256,0,178,0.03958414677517022
shallow,256,0,179,0.03910687917557943
shallow,256,0,180,0.03862832107115872
shallow,256,0,181,0.03814174599586535
shallow,256,0,182,0.03771822747728582
shallow,256,0,183,0.03726537111962741
shallow,256,0,184,0.036817421944412704
shallow,256,0,185,0.0363618003566768
shallow,256,0,186,0.035921449504760665
shallow,256,0,187,0.035497090598029614
shallow,256,0,188,0.03507430204037631
shallow,256,0,189,0.03461313411834365
shallow,256,0,190,0.034180886412244066
shallow,256,0,191,0.03376862001402908
shallow,256,0,192,0.033365394822897014
shallow,256,0,193,0.03291858609826682
shallow,256,0,194,0.03244298374309825
shallow,256,0,195,0.03198825477268659
shallow,256,0,196,0.031579035277725404
shallow,256,0,197,0.03118552256558239
shallow,256,0,198,0.030775927412560296
shallow,256,0,199,0.030369955514157092
shallow,256,0,200,0.029945000537976205
shallow,256,0,201,0.029569276868003744
shallow,256,0,202,0.029210326874129253
shallow,256,0,203,0.028880493464399484
shallow,256,0,204,0.028574222094247117
shallow,256,0,205,0.028229898366636016
shallow,256,0,206,0.02789001684473784
shallow,256,0,207,0.02749392709252455
shallow,256,0,208,0.02715404171746782
shallow,256,0,209,0.02681454992888605
shallow,256,0,210,0.02649521339340117
shallow,256,0,211,0.026210900842678863
shallow,256,0,212,0.025912852831345465
shallow,256,0,213,0.025621918306712243
shallow,256,0,214,0.025290744138816143
shallow,256,0,215,0.02498752961037937
shallow,256,0,216,0.024694644889540568
shallow,256,0,217,0.024378085954175285
shallow,256,0,218,0.024048035096701295
shallow,256,0,219,0.023720605102319287
shallow,256,0,220,0.023407219586462233
shallow,256,0,221,0.023164752432055603
shallow,256,0,222,0.02290804940777699
shallow,256,0,223,0.022692814871018725
shallow,256,0,224,0.022461932223383777
shallow,256,0,225,0.022231399016741257
shallow,256,0,226,0.022011090585097752
shallow,256,0,227,0.021786492815558778
shallow,256,0,228,0.02154497051928341
shallow,256,0,229,0.02133158347771895
shallow,256,0,230,0.021141925242702773
shallow,256,0,231,0.02097940555009005
shallow,256,0,232,0.020852588319209144
shallow,256,0,233,0.020682505542771516
shallow,256,0,234,0.02047234518703732
shallow,256,0,235,0.020257869203564174
shallow,256,0,236,0.01999478124446513
shallow,256,0,237,0.019740952498635708
shallow,256,0,238,0.01947203745298864
shallow,256,0,239,0.019194621933324024
shallow,256,0,240,0.01892038003069501
shallow,256,0,241,0.018611787678515575
shallow,256,0,242,0.018282473001864294
shallow,256,0,243,0.01795692069712676
shallow,256,0,244,0.017644263119222365
shallow,256,0,245,0.017329188546864556
shallow,256,0,246,0.017042455507174474
shallow,256,0,247,0.016784292786528397
shallow,256,0,248,0.016538362775976857
shallow,256,0,249,0.016294353338136745
shallow,256,0,250,0.016039159045265903
shallow,256,0,251,0.015788524640822452
shallow,256,0,252,0.015587340239808898
shallow,256,0,253,0.015411153265979603
shallow,256,0,254,0.015242262352510732
shallow,256,0,255,0.015095231839439522
shallow,256,0,256,0.014930092429615602
shallow,256,0,257,0.014788270117990176
shallow,256,0,258,0.014663892126970888
shallow,256,0,259,0.0146141549017778
shallow,256,0,260,0.014554572380464254
shallow,256,0,261,0.014457101091178681
shallow,256,0,262,0.014370990984671286
shallow,256,0,263,0.014281022904100844
shallow,256,0,264,0.014169809856749444
shallow,256,0,265,0.014059960854148752
shallow,256,0,266,0.013979904585907003
shallow,256,0,267,0.013920660283518009
shallow,256,0,268,0.013854840784511286
shallow,256,0,269,0.013786095909451988
shallow,256,0,270,0.013697180767168677
shallow,256,0,271,0.013613054167021226
shallow,256,0,272,0.013532041725951424
shallow,256,0,273,0.013485859210819094
shallow,256,0,274,0.01346853538762784
shallow,256,0,275,0.013419406502078169
shallow,256,0,276,0.01335325157596491
shallow,256,0,277,0.013310410885887755
shallow,256,0,278,0.013257733531805843
shallow,256,0,279,0.013244507606091267
shallow,256,0,280,0.013196306130713643
shallow,256,0,281,0.013180523399059816
shallow,256,0,282,0.01318359663167068
shallow,256,0,283,0.013183381916644981
shallow,256,0,284,0.01313300065870076
shallow,256,0,285,0.013059900457477028
shallow,256,0,286,0.0130405889907821
shallow,256,0,287,0.012993836957253436
shallow,256,0,288,0.012933155468643178
shallow,256,0,289,0.012885543627472932
shallow,256,0,290,0.012857802459017542
shallow,256,0,291,0.012787404534697549
shallow,256,0,292,0.012727790912009148
shallow,256,0,293,0.012667742476988575
shallow,256,0,294,0.012612975992820219
shallow,256,0,295,0.012500232321685442
shallow,256,0,296,0.012387021862843066
shallow,256,0,297,0.01226817593922638
shallow,256,0,298,0.012102094879686224
shallow,256,0,299,0.011953485076466097
shallow,256,0,300,0.011807312499733952
shallow,256,0,301,0.011645936950026515
shallow,256,0,302,0.011461129187709777
shallow,256,0,303,0.01123487265051372
shallow,256,0,304,0.011031453416811849
shallow,256,0,305,0.010874580729734564
shallow,256,0,306,0.010705991235940033
shallow,256,0,307,0.01061748259319193
shallow,256,0,308,0.010537143434835191
shallow,256,0,309,0.010439562789975886
shallow,256,0,310,0.010301699064390182
shallow,256,0,311,0.010098548759990379
shallow,256,0,312,0.00987449771444402
shallow,256,0,313,0.009632417251201966
shallow,256,0,314,0.009407353774251111
shallow,256,0,315,0.009144676269986012
shallow,256,0,316,0.008945043509290693
shallow,256,0,317,0.008725344632859114
shallow,256,0,318,0.008499747160575255
shallow,256,0,319,0.008280884111098244
shallow,256,0,320,0.008032984280185541
shallow,256,0,321,0.0077924775119650284
shallow,256,0,322,0.007580553161503699
shallow,256,0,323,0.007372143176751134
shallow,256,0,324,0.007166048225612411
shallow,256,0,325,0.006990297206912403
shallow,256,0,326,0.006799229177512044
shallow,256,0,327,0.00657317970587869
shallow,256,0,328,0.0063191928385490335
shallow,256,0,329,0.006072142664031466
shallow,256,0,330,0.005877740096776857
shallow,256,0,331,0.005699891791938493
shallow,256,0,332,0.0055001237803163575
shallow,256,0,333,0.005306282656146008
shallow,256,0,334,0.005073752947889024
shallow,256,0,335,0.004894293038110528
shallow,256,0,336,0.004723274657909216
shallow,256,0,337,0.004546554977151991
shallow,256,0,338,0.0043878330621189175
shallow,256,0,339,0.0042415387502184754
shallow,256,0,340,0.004074883249900506
shallow,256,0,341,0.003948106114266331
shallow,256,0,342,0.003822219587693406
shallow,256,0,343,0.0036489348866794017
shallow,256,0,344,0.003493108432509046
shallow,256,0,345,0.003316382516906791
shallow,256,0,346,0.0031459081323974977
shallow,256,0,347,0.0029898261189578654
shallow,256,0,348,0.002825843151799056
shallow,256,0,349,0.0026335755047856802
shallow,256,0,350,0.00242072438437847
shallow,256,0,351,0.0021558064306934576
shallow,256,0,352,0.0019047139114425086
shallow,256,0,353,0.0016874800086747414
shallow,256,0,354,0.0014188007791399787
shallow,256,0,355,0.0011801667777305085
shallow,256,0,356,0.0009169778295576841
shallow,256,0,357,0.0006652176317567581
shallow,256,0,358,0.0004337508348425758
shallow,256,0,359,0.00024183072175931915
shallow,256,0,360,9.484930533756918e-05
shallow,256,0,361,-2.3482370909543547e-05
shallow,256,0,362,-0.00014063725234745835
shallow,256,0,363,-0.00024083271056532822
shallow,256,0,364,-0.00037192802811776603
shallow,256,0,365,-0.0004922606094953535
shallow,256,0,366,-0.0005769831929309482
shallow,256,0,367,-0.0006855837466565465
shallow,256,0,368,-0.0008094736236408076
shallow,256,0,369,-0.0009292096942417312
shallow,256,0,370,-0.001043315479678628
shallow,256,0,371,-0.0011198619428246484
shallow,256,0,372,-0.001161758645243362
shallow,256,0,373,-0.0011826154534880996
shallow,256,0,374,-0.0012140216761921735
shallow,256,0,375,-0.0011803107693477703
shallow,256,0,376,-0.0011978709426624123
shallow,256,0,377,-0.0011674388952170574
shallow,256,0,378,-0.0011290784950379927
shallow,256,0,379,-0.0010943106213627098
shallow,256,0,380,-0.0010508644040967564
shallow,256,0,381,-0.0010455590749556102
shallow,256,0,382,-0.001054221660536388
shallow,256,0,383,-0.0010690571535967438
shallow,256,0,384,-0.0011054571160284958
shallow,256,0,385,-0.0011557992178308654
shallow,256,0,386,-0.0011591678429309386
shallow,256,0,387,-0.0011769053818523072
shallow,256,0,388,-0.0011812929377981772
shallow,256,0,389,-0.0012003745980520785
shallow,256,0,390,-0.0011999788145889236
shallow,256,0,391,-0.0012127498908374194
shallow,256,0,392,-0.00121302990899484
shallow,256,0,393,-0.0011594630760823023
shallow,256,0,394,-0.0010891875839651134
shallow,256,0,395,-0.0010443099526352762
shallow,256,0,396,-0.0009603006613716288
shallow,256,0,397,-0.0009396605373510735
shallow,256,0,398,-0.0009632653749856433
shallow,256,0,399,-0.0010345371449995782
shallow,256,0,400,-0.0010778726890593366
shallow,256,1,0,1.0
shallow,256,1,1,0.9737347275841958
shallow,256,1,2,0.9483011105651621
shallow,256,1,3,0.9237098537454528
shallow,256,1,4,0.8998751116800722
shallow,256,1,5,0.876753209467207
shallow,256,1,6,0.854361858284743
shallow,256,1,7,0.8326859551430232
shallow,256,1,8,0.8116821967578147
shallow,256,1,9,0.791329751951927
shallow,256,1,10,0.7716150730318604
shallow,256,1,11,0.7524566264053394
shallow,256,1,12,0.7338564057212501
shallow,256,1,13,0.7157827533884054
shallow,256,1,14,0.698312020406272
shallow,256,1,15,0.6813182205955839
shallow,256,1,16,0.6648235385256164
shallow,256,1,17,0.6488376055746794
shallow,256,1,18,0.6332425790425726
shallow,256,1,19,0.618098004578661
shallow,256,1,20,0.6034143308275832
shallow,256,1,21,0.5891604619482602
shallow,256,1,22,0.575357261899355
shallow,256,1,23,0.561993652591592
shallow,256,1,24,0.5490069910172867
shallow,256,1,25,0.5363430196168333
shallow,256,1,26,0.5239827862811264
shallow,256,1,27,0.5119444720569151
shallow,256,1,28,0.5002438541603634
shallow,256,1,29,0.4888729346236788
shallow,256,1,30,0.47781026682874367
shallow,256,1,31,0.4670401978354577
shallow,256,1,32,0.45656094853847917
shallow,256,1,33,0.44640786790805254
shallow,256,1,34,0.4365619063871765
shallow,256,1,35,0.42693933130935546
shallow,256,1,36,0.4175443484460504
shallow,256,1,37,0.40841085407454725
shallow,256,1,38,0.39951094630817596
shallow,256,1,39,0.3908018755820001
shallow,256,1,40,0.3823630689255463
shallow,256,1,41,0.3741589400737711
shallow,256,1,42,0.3661888666903919
shallow,256,1,43,0.3584147338732232
shallow,256,1,44,0.3508287333526294
shallow,256,1,45,0.3434481281946241
shallow,256,1,46,0.3362421498728536
shallow,256,1,47,0.32926042314889004
shallow,256,1,48,0.3224661409093883
shallow,256,1,49,0.3158862815601661
shallow,256,1,50,0.3094657105501074
shallow,256,1,51,0.3032122300573207
shallow,256,1,52,0.2971294640755333
shallow,256,1,53,0.29118680110299394
shallow,256,1,54,0.28540261050434546
shallow,256,1,55,0.27978003471273216
shallow,256,1,56,0.274265470475493
shallow,256,1,57,0.26886643236539476
shallow,256,1,58,0.26358595523503675
shallow,256,1,59,0.2584328728437248
shallow,256,1,60,0.2534271177696976
shallow,256,1,61,0.24849612551214123
shallow,256,1,62,0.24376691560564792
shallow,256,1,63,0.23912485729369362
shallow,256,1,64,0.23452469645222138
shallow,256,1,65,0.23005526880139493
shallow,256,1,66,0.2256852251446271
shallow,256,1,67,0.22137996862067355
shallow,256,1,68,0.2171544722209287
shallow,256,1,69,0.21302888127099467
shallow,256,1,70,0.20898977213605835
shallow,256,1,71,0.20508105314878347
shallow,256,1,72,0.201275870710945
shallow,256,1,73,0.19746966925343803
shallow,256,1,74,0.19375017203022218
shallow,256,1,75,0.19015488324092886
shallow,256,1,76,0.18667524098005508
shallow,256,1,77,0.18330423861440132
shallow,256,1,78,0.18000891816921852
shallow,256,1,79,0.17682724504239772
shallow,256,1,80,0.17373681340789984
shallow,256,1,81,0.17070500428949748
shallow,256,1,82,0.16772103545322753
shallow,256,1,83,0.16484458910831232
shallow,256,1,84,0.1620138471487321
shallow,256,1,85,0.15927677813167573
shallow,256,1,86,0.15663370411291552
shallow,256,1,87,0.15402691437857946
shallow,256,1,88,0.1514535216588925
shallow,256,1,89,0.14898276603825908
shallow,256,1,90,0.14651641714830976
shallow,256,1,91,0.14407859300953407
shallow,256,1,92,0.14167592423690106
shallow,256,1,93,0.13932454211907125
shallow,256,1,94,0.13706558512874897
shallow,256,1,95,0.13483750798443583
shallow,256,1,96,0.13261992283042778
shallow,256,1,97,0.1304469782667532
shallow,256,1,98,0.12831714075462652
shallow,256,1,99,0.12621991411476183
shallow,256,1,100,0.12417448972508663
shallow,256,1,101,0.12214342615147286
shallow,256,1,102,0.12011423096967784
shallow,256,1,103,0.1181597418947142
shallow,256,1,104,0.11624982918799233
shallow,256,1,105,0.11438881451548362
shallow,256,1,106,0.11258397240667134
shallow,256,1,107,0.11083209374127079
shallow,256,1,108,0.1091678941423939
shallow,256,1,109,0.10753268543348635
shallow,256,1,110,0.10592940510466733
shallow,256,1,111,0.10437118205817303
shallow,256,1,112,0.10284505384259367
shallow,256,1,113,0.1013518334926991
shallow,256,1,114,0.09987294776915304
shallow,256,1,115,0.09839642001177377
shallow,256,1,116,0.09692134528226837
shallow,256,1,117,0.0954876735644156
shallow,256,1,118,0.09406113023437832
shallow,256,1,119,0.09266999035518904
shallow,256,1,120,0.09131750688956908
shallow,256,1,121,0.0899692292828267
shallow,256,1,122,0.08860468010550379
shallow,256,1,123,0.08721647442637363
shallow,256,1,124,0.08589344926731943
shallow,256,1,125,0.08468115109658639
shallow,256,1,126,0.08351103737080133
shallow,256,1,127,0.08234293472916634
shallow,256,1,128,0.08116939233130466
shallow,256,1,129,0.07999243992888654
shallow,256,1,130,0.07887697871241688
shallow,256,1,131,0.07771688449896985
shallow,256,1,132,0.07657092151868002
shallow,256,1,133,0.07540100758591782
shallow,256,1,134,0.07424835321597899
shallow,256,1,135,0.07314082143200473
shallow,256,1,136,0.07203011008913193
shallow,256,1,137,0.07096280727034115
shallow,256,1,138,0.06997854101953624
shallow,256,1,139,0.0689651629965098
shallow,256,1,140,0.06797660094032046
shallow,256,1,141,0.06701057323033473
shallow,256,1,142,0.06606158681164528
shallow,256,1,143,0.06513996517465674
shallow,256,1,144,0.0642345014776917
shallow,256,1,145,0.06332903630288247
shallow,256,1,146,0.06244521106712009
shallow,256,1,147,0.061555701576166265
shallow,256,1,148,0.06075738527025967
shallow,256,1,149,0.05995648857534701
shallow,256,1,150,0.05915074671000312
shallow,256,1,151,0.05836033853657446
shallow,256,1,152,0.057539197803317746
shallow,256,1,153,0.056741365741926425
shallow,256,1,154,0.055946822856945744
shallow,256,1,155,0.055131877944937575
shallow,256,1,156,0.05432278060338538
shallow,256,1,157,0.053569612475440315
shallow,256,1,158,0.05284564720045265
shallow,256,1,159,0.052198316871105835
shallow,256,1,160,0.051566383850476204
shallow,256,1,161,0.05090956123395834
shallow,256,1,162,0.05022262804875495
shallow,256,1,163,0.04949334368682552
shallow,256,1,164,0.048773995529336
shallow,256,1,165,0.04808254185546709
shallow,256,1,166,0.04742100352286575
shallow,256,1,167,0.04675378505619224
shallow,256,1,168,0.04609944351848753
shallow,256,1,169,0.045468314157604495
shallow,256,1,170,0.04486654968959007
shallow,256,1,171,0.04423870185037894
shallow,256,1,172,0.04362332550619594
shallow,256,1,173,0.042989039909778745
shallow,256,1,174,0.04235661232134485
shallow,256,1,175,0.04177127506020391
shallow,256,1,176,0.041178557467723614
shallow,256,1,177,0.04064165020230417
shallow,256,1,178,0.04008868361718473
shallow,256,1,179,0.03950649225921435
shallow,256,1,180,0.038972060834226024
shallow,256,1,181,0.0384747525320063
shallow,256,1,182,0.037960344318197295
shallow,256,1,183,0.03739156545952847
shallow,256,1,184,0.036844294373614854
shallow,256,1,185,0.0363592585446044
shallow,256,1,186,0.035857307067360004
shallow,256,1,187,0.03535352792589122
shallow,256,1,188,0.034875149455050575
shallow,256,1,189,0.03444956909969333
shallow,256,1,190,0.03403603710867319
shallow,256,1,191,0.0336457554786365
shallow,256,1,192,0.03325990482183444
shallow,256,1,193,0.032837279984719005
shallow,256,1,194,0.03240312863827298
shallow,256,1,195,0.03194550272254023
shallow,256,1,196,0.03148508783899711
shallow,256,1,197,0.03102568835064992
shallow,256,1,198,0.030499184617909396
shallow,256,1,199,0.02995311396683742
shallow,256,1,200,0.029375514660400143
shallow,256,1,201,0.0288644936295108
shallow,256,1,202,0.028350463522538172
shallow,256,1,203,0.027887355546462
shallow,256,1,204,0.0274413062071316
shallow,256,1,205,0.027005683773647055
shallow,256,1,206,0.02655679500027911
shallow,256,1,207,0.026072661617279353
shallow,256,1,208,0.025647436054941523
shallow,256,1,209,0.025260623067733308
shallow,256,1,210,0.024882920917313076
shallow,256,1,211,0.0245120883403994
shallow,256,1,212,0.024188534561020276
shallow,256,1,213,0.023877763283198288
shallow,256,1,214,0.02352555505899556
shallow,256,1,215,0.023203521900866702
shallow,256,1,216,0.022886131525993086
shallow,256,1,217,0.022574685539077547
shallow,256,1,218,0.022219588980486274
shallow,256,1,219,0.021880373017645924
shallow,256,1,220,0.021607909012966334
shallow,256,1,221,0.021301602629380578
shallow,256,1,222,0.02098259715300119
shallow,256,1,223,0.020717136578149678
shallow,256,1,224,0.020465515035834655
shallow,256,1,225,0.02021071667609345
shallow,256,1,226,0.019921200771462987
shallow,256,1,227,0.01963331951318016
shallow,256,1,228,0.019329004953104856
shallow,256,1,229,0.019057064760740566
shallow,256,1,230,0.018790088225837737
shallow,256,1,231,0.018543936894676007
shallow,256,1,232,0.01830242941070939
shallow,256,1,233,0.01804716258363668
shallow,256,1,234,0.01782418705472078
shallow,256,1,235,0.017606389642374553
shallow,256,1,236,0.017416568257974965
shallow,256,1,237,0.017272762747559366
shallow,256,1,238,0.017128346443107477
shallow,256,1,239,0.016967315915241445
shallow,256,1,240,0.016810445330502636
shallow,256,1,241,0.01669047221351874
shallow,256,1,242,0.016578345088554103
shallow,256,1,243,0.016416749700499243
shallow,256,1,244,0.016283888053704423
shallow,256,1,245,0.01611768636740707
shallow,256,1,246,0.015922803038590398
shallow,256,1,247,0.01571740121119495
shallow,256,1,248,0.015524599769228868
shallow,256,1,249,0.015368635826472658
shallow,256,1,250,0.015242436995180048
shallow,256,1,251,0.015109105151242908
shallow,256,1,252,0.014950913622447973
shallow,256,1,253,0.01474930273607077
shallow,256,1,254,0.01456808456693874
shallow,256,1,255,0.01439578390520537
shallow,256,1,256,0.014253508583028755
shallow,256,1,257,0.014138287332604473
shallow,256,1,258,0.014030855225172384
shallow,256,1,259,0.013943038327649435
shallow,256,1,260,0.013855044009221742
shallow,256,1,261,0.013804678595032923
shallow,256,1,262,0.013748859732714325
shallow,256,1,263,0.01368691405888443
shallow,256,1,264,0.013596105176539612
shallow,256,1,265,0.013451170435433054
shallow,256,1,266,0.013279819865689825
shallow,256,1,267,0.013145900286469003
shallow,256,1,268,0.01304966357466021
shallow,256,1,269,0.012922780708341528
shallow,256,1,270,0.01278449172100844
shallow,256,1,271,0.012642558968229418
shallow,256,1,272,0.012484732951705255
shallow,256,1,273,0.01232888399235681
shallow,256,1,274,0.012148919491486757
shallow,256,1,275,0.012003669346102822
shallow,256,1,276,0.011863159974458654
shallow,256,1,277,0.011750642965341396
shallow,256,1,278,0.011646038276726212
shallow,256,1,279,0.01153588342412464
shallow,256,1,280,0.01141879671816773
shallow,256,1,281,0.011325372594897352
shallow,256,1,282,0.011246141289547049
shallow,256,1,283,0.011174670765605299
shallow,256,1,284,0.011083036454795962
shallow,256,1,285,0.010994311439371221
shallow,256,1,286,0.010880033142140994
shallow,256,1,287,0.010793923028975909
shallow,256,1,288,0.010730900664922978
shallow,256,1,289,0.010688418713506658
shallow,256,1,290,0.010647665158408006
shallow,256,1,291,0.010633098851308538
shallow,256,1,292,0.010630362203631505
shallow,256,1,293,0.01064498412977188
shallow,256,1,294,0.01068200181824417
shallow,256,1,295,0.010707525850040889
shallow,256,1,296,0.010723885044689909
shallow,256,1,297,0.01069612779746261
shallow,256,1,298,0.010652156308158632
shallow,256,1,299,0.010619070012058899
shallow,256,1,300,0.010615800825298885
shallow,256,1,301,0.01062258820880103
shallow,256,1,302,0.010631880070920377
shallow,256,1,303,0.010678550376305745
shallow,256,1,304,0.010710101427354853
shallow,256,1,305,0.010724041797135138
shallow,256,1,306,0.010735688275790833
shallow,256,1,307,0.010716784940475396
shallow,256,1,308,0.010726416851771016
shallow,256,1,309,0.010734384007805024
shallow,256,1,310,0.010756784999649785
shallow,256,1,311,0.010762652236889872
shallow,256,1,312,0.010761751520975193
shallow,256,1,313,0.01076880848625148
shallow,256,1,314,0.01073559397731151
shallow,256,1,315,0.010689769368312483
shallow,256,1,316,0.010668538584168235
shallow,256,1,317,0.010625600988272614
shallow,256,1,318,0.010647515683084688
shallow,256,1,319,0.01069918022233346
shallow,256,1,320,0.010747083049019886
shallow,256,1,321,0.010745196114939069
shallow,256,1,322,0.010751477033993808
shallow,256,1,323,0.010810932067285714
shallow,256,1,324,0.010842991894586464
shallow,256,1,325,0.010881877432813564
shallow,256,1,326,0.010947792643463385
shallow,256,1,327,0.011013736196314692
shallow,256,1,328,0.011069397444440871
shallow,256,1,329,0.011103007989806915
shallow,256,1,330,0.011145197734403242
shallow,256,1,331,0.01120612193372071
shallow,256,1,332,0.01123067365104569
shallow,256,1,333,0.011291717575106447
shallow,256,1,334,0.011337323806796631
shallow,256,1,335,0.011361629410967715
shallow,256,1,336,0.011336755902404157
shallow,256,1,337,0.011290205112084575
shallow,256,1,338,0.011235134103667447
shallow,256,1,339,0.011165765920641538
shallow,256,1,340,0.011107315885264622
shallow,256,1,341,0.011002998197502245
shallow,256,1,342,0.010933329746433651
shallow,256,1,343,0.01086763444228952
shallow,256,1,344,0.010799918809464588
shallow,256,1,345,0.010734069488851859
shallow,256,1,346,0.010655452033563252
shallow,256,1,347,0.010538962416649362
shallow,256,1,348,0.010440473092682681
shallow,256,1,349,0.010362056735783248
shallow,256,1,350,0.010315669354708887
shallow,256,1,351,0.010207718796848952
shallow,256,1,352,0.01012549557861362
shallow,256,1,353,0.010078450391295277
shallow,256,1,354,0.010021422440900889
shallow,256,1,355,0.009967300109067436
shallow,256,1,356,0.009876490134628102
shallow,256,1,357,0.009784797582394937
shallow,256,1,358,0.009718795329190101
shallow,256,1,359,0.009652906428124242
shallow,256,1,360,0.009583807527094108
shallow,256,1,361,0.009545320663059837
shallow,256,1,362,0.009489227411524335
shallow,256,1,363,0.009402393450573865
shallow,256,1,364,0.009323682177811597
shallow,256,1,365,0.009240380732964475
shallow,256,1,366,0.009183606681160219
shallow,256,1,367,0.009152906981350638
shallow,256,1,368,0.009210087662504245
shallow,256,1,369,0.009267763313135845
shallow,256,1,370,0.009310716699042064
shallow,256,1,371,0.009389659452571244
shallow,256,1,372,0.009472513132193647
shallow,256,1,373,0.009524626574730957
shallow,256,1,374,0.009548243051317122
shallow,256,1,375,0.00960759650131451
shallow,256,1,376,0.009647605181868489
shallow,256,1,377,0.009703450147905704
shallow,256,1,378,0.009740921544368116
shallow,256,1,379,0.009768857046641658
shallow,256,1,380,0.009770229597015153
shallow,256,1,381,0.00973883080193099
shallow,256,1,382,0.009717800222691423
shallow,256,1,383,0.009735229766482738
shallow,256,1,384,0.009777638757284313
shallow,256,1,385,0.009776445347928733
shallow,256,1,386,0.009754532184730784
shallow,256,1,387,0.009699337236018605
shallow,256,1,388,0.009605051893130484
shallow,256,1,389,0.009528034674821155
shallow,256,1,390,0.00940467812467517
shallow,256,1,391,0.00929185046124029
shallow,256,1,392,0.009148329617572847
shallow,256,1,393,0.009073469494706185
shallow,256,1,394,0.008995930072981292
shallow,256,1,395,0.008891219980342096
shallow,256,1,396,0.008797350551871825
shallow,256,1,397,0.008700411914173518
shallow,256,1,398,0.008604724302448609
shallow,256,1,399,0.008478595209693665
shallow,256,1,400,0.008353306773936569
shallow,256,2,0,1.0
shallow,256,2,1,0.9728308078644158
shallow,256,2,2,0.9465368419883056
shallow,256,2,3,0.9211042168185772
shallow,256,2,4,0.8965147726554382
shallow,256,2,5,0.8727064722720922
shallow,256,2,6,0.8496780058251979
shallow,256,2,7,0.827365863263041
shallow,256,2,8,0.8057838489573228
shallow,256,2,9,0.7848508874444299
shallow,256,2,10,0.7646100853022171
shallow,256,2,11,0.7449635403295641
shallow,256,2,12,0.7258310442598043
shallow,256,2,13,0.7072409813051543
shallow,256,2,14,0.6892381963570511
shallow,256,2,15,0.6717304145798895
shallow,256,2,16,0.6547515250381528
shallow,256,2,17,0.6382210468310113
shallow,256,2,18,0.6221276036318768
shallow,256,2,19,0.6064759742964323
shallow,256,2,20,0.5913288610224131
shallow,256,2,21,0.5766298396035735
shallow,256,2,22,0.5624126911166641
shallow,256,2,23,0.5485997874457312
shallow,256,2,24,0.5351503486651362
shallow,256,2,25,0.5221246219158064
shallow,256,2,26,0.5094744973950109
shallow,256,2,27,0.4971746617685966
shallow,256,2,28,0.4852729707906629
shallow,256,2,29,0.4737044627103549
shallow,256,2,30,0.4624390817111568
shallow,256,2,31,0.4514861553211228
shallow,256,2,32,0.44084634370929654
shallow,256,2,33,0.4304384964220084
shallow,256,2,34,0.4202924768628347
shallow,256,2,35,0.4104171636296291
shallow,256,2,36,0.40079247741376045
shallow,256,2,37,0.39139246389429827
shallow,256,2,38,0.3822545394873729
shallow,256,2,39,0.3733286024100975
shallow,256,2,40,0.3646472925832158
shallow,256,2,41,0.35619753192986314
shallow,256,2,42,0.34797869334872095
shallow,256,2,43,0.3399799224939585
shallow,256,2,44,0.33221896200408463
shallow,256,2,45,0.3246526859386892
shallow,256,2,46,0.3173123670957413
shallow,256,2,47,0.3101893613780807
shallow,256,2,48,0.3032357014042493
shallow,256,2,49,0.2964450775909736
shallow,256,2,50,0.2898254550370287
shallow,256,2,51,0.28334318570012584
shallow,256,2,52,0.27697758518234816
shallow,256,2,53,0.2708250619810736
shallow,256,2,54,0.2647843582104583
shallow,256,2,55,0.2588818648854462
shallow,256,2,56,0.25309424033374966
shallow,256,2,57,0.24743336952767045
shallow,256,2,58,0.24190542162126114
shallow,256,2,59,0.23659410293350291
shallow,256,2,60,0.2313917997385055
shallow,256,2,61,0.22632308713574728
shallow,256,2,62,0.2213479837971218
shallow,256,2,63,0.21650206947041736
shallow,256,2,64,0.2117759062471525
shallow,256,2,65,0.20714397187100209
shallow,256,2,66,0.20262998290510797
shallow,256,2,67,0.19822368260089343
shallow,256,2,68,0.19390432456944062
shallow,256,2,69,0.18968397658847286
shallow,256,2,70,0.18559188183953723
shallow,256,2,71,0.18163036212584766
shallow,256,2,72,0.17777100440989269
shallow,256,2,73,0.1740084175454596
shallow,256,2,74,0.17040799780114707
shallow,256,2,75,0.16687985164243446
shallow,256,2,76,0.1634201732938588
shallow,256,2,77,0.16001755639632104
shallow,256,2,78,0.15665150892790866
shallow,256,2,79,0.1533538002946467
shallow,256,2,80,0.15012852127276
shallow,256,2,81,0.14703379750506593
shallow,256,2,82,0.1440519892404111
shallow,256,2,83,0.14108934816692026
shallow,256,2,84,0.13813285225937677
shallow,256,2,85,0.13522444107383927
shallow,256,2,86,0.1324248237542378
shallow,256,2,87,0.1297048122884618
shallow,256,2,88,0.12705635981877117
shallow,256,2,89,0.1244759619875461
shallow,256,2,90,0.12202125848590117
shallow,256,2,91,0.11962191363158395
shallow,256,2,92,0.11724568759405726
shallow,256,2,93,0.1149264630923357
shallow,256,2,94,0.11269322415736971
shallow,256,2,95,0.11050256248511783
shallow,256,2,96,0.10833234619668408
shallow,256,2,97,0.10621548487580557
shallow,256,2,98,0.10416285105348583
shallow,256,2,99,0.10213177866823192
shallow,256,2,100,0.10016182331514775
shallow,256,2,101,0.09821670018197724
shallow,256,2,102,0.09629669004873889
shallow,256,2,103,0.09442882804095318
shallow,256,2,104,0.09265897866479614
shallow,256,2,105,0.09096675368213124
shallow,256,2,106,0.08929691938878243
shallow,256,2,107,0.08771778136925563
shallow,256,2,108,0.08623860440324803
shallow,256,2,109,0.08476972766402252
shallow,256,2,110,0.08336694647932442
shallow,256,2,111,0.08203277491725304
shallow,256,2,112,0.08078711658277732
shallow,256,2,113,0.07954220645463544
shallow,256,2,114,0.07834806941091967
shallow,256,2,115,0.07711792038982149
shallow,256,2,116,0.07589604668657894
shallow,256,2,117,0.07473738057456054
shallow,256,2,118,0.07359625099973723
shallow,256,2,119,0.07248450745817304
shallow,256,2,120,0.07133912181556777
shallow,256,2,121,0.07015147479642152
shallow,256,2,122,0.06895774521332404
shallow,256,2,123,0.067850500978551
shallow,256,2,124,0.06678473717932217
shallow,256,2,125,0.06576146312461273
shallow,256,2,126,0.06476665517617143
shallow,256,2,127,0.06375301174762286
shallow,256,2,128,0.06273794580948526
shallow,256,2,129,0.061676709285680587
shallow,256,2,130,0.06066901444476356
shallow,256,2,131,0.059640991007980676
shallow,256,2,132,0.05867052496249775
shallow,256,2,133,0.05772891375779068
shallow,256,2,134,0.05678950446989772
shallow,256,2,135,0.055836378462465704
shallow,256,2,136,0.05491268555428002
shallow,256,2,137,0.05401718803774307
shallow,256,2,138,0.05314841409515372
shallow,256,2,139,0.05228438830505066
shallow,256,2,140,0.051429079246748235
shallow,256,2,141,0.05056681092936111
shallow,256,2,142,0.049698108732862664
shallow,256,2,143,0.04890893529007963
shallow,256,2,144,0.04806045021671804
shallow,256,2,145,0.04723021338971861
shallow,256,2,146,0.04641087489371996
shallow,256,2,147,0.0456400309172754
shallow,256,2,148,0.04485648219468332
shallow,256,2,149,0.04415814574473657
shallow,256,2,150,0.043424882635379275
shallow,256,2,151,0.04266943756765901
shallow,256,2,152,0.04191878639118466
shallow,256,2,153,0.04117643253679732
shallow,256,2,154,0.04047012381027198
shallow,256,2,155,0.03978019076782494
shallow,256,2,156,0.0391186866912059
shallow,256,2,157,0.038464349852631904
shallow,256,2,158,0.037821980428098555
shallow,256,2,159,0.03718902233274104
shallow,256,2,160,0.03652649866071768
shallow,256,2,161,0.03588554541024788
shallow,256,2,162,0.035312594447285066
shallow,256,2,163,0.03471531677576674
shallow,256,2,164,0.03412027668415901
shallow,256,2,165,0.03350160281894283
shallow,256,2,166,0.03286940520406744
shallow,256,2,167,0.03229585828719333
shallow,256,2,168,0.03175556684283315
shallow,256,2,169,0.03119746202773587
shallow,256,2,170,0.030626423200038007
shallow,256,2,171,0.03004426926418273
shallow,256,2,172,0.02942212584766849
shallow,256,2,173,0.028840285165219578
shallow,256,2,174,0.02826452256564013
shallow,256,2,175,0.027638222803451625
shallow,256,2,176,0.027052969953981883
shallow,256,2,177,0.026513239589907603
shallow,256,2,178,0.025974563492567403
shallow,256,2,179,0.025482889252284775
shallow,256,2,180,0.0250399100108809
shallow,256,2,181,0.02462387748974379
shallow,256,2,182,0.02425660076219966
shallow,256,2,183,0.023863607048051814
shallow,256,2,184,0.023457387107540414
shallow,256,2,185,0.02315570231707907
shallow,256,2,186,0.022843681523394565
shallow,256,2,187,0.02252465394009172
shallow,256,2,188,0.022192869386248763
shallow,256,2,189,0.02188283228154779
shallow,256,2,190,0.021559232351049586
shallow,256,2,191,0.02125791898790397
shallow,256,2,192,0.02090279106302196
shallow,256,2,193,0.02054750768465688
shallow,256,2,194,0.020204790718574606
shallow,256,2,195,0.01990778648075997
shallow,256,2,196,0.01960527227082099
shallow,256,2,197,0.01927968891160254
shallow,256,2,198,0.019000394052828072
shallow,256,2,199,0.0187428813430671
shallow,256,2,200,0.0185089292725025
shallow,256,2,201,0.018306763401370912
shallow,256,2,202,0.01808647746889985
shallow,256,2,203,0.017921530014767387
shallow,256,2,204,0.017813863257305367
shallow,256,2,205,0.017757904471243768
shallow,256,2,206,0.0177260094051944
shallow,256,2,207,0.017718076122543787
shallow,256,2,208,0.01769664325842146
shallow,256,2,209,0.01766172972280029
shallow,256,2,210,0.01760231506934648
shallow,256,2,211,0.0175669944380394
shallow,256,2,212,0.017540561435474507
shallow,256,2,213,0.017532582583579443
shallow,256,2,214,0.017533327403329434
shallow,256,2,215,0.017503858709132812
shallow,256,2,216,0.01743436831160898
shallow,256,2,217,0.017384849057969123
shallow,256,2,218,0.017279388916164554
shallow,256,2,219,0.01724085897145801
shallow,256,2,220,0.017192293438321276
shallow,256,2,221,0.01714545942023407
shallow,256,2,222,0.017106419252705212
shallow,256,2,223,0.017044935948449007
shallow,256,2,224,0.01697598045690939
shallow,256,2,225,0.01691774432316018
shallow,256,2,226,0.01684490078773169
shallow,256,2,227,0.016796738589508427
shallow,256,2,228,0.016770633105085593
shallow,256,2,229,0.016698752978769195
shallow,256,2,230,0.016589745258373766
shallow,256,2,231,0.016519183289159873
shallow,256,2,232,0.016478043854292558
shallow,256,2,233,0.016427484872927726
shallow,256,2,234,0.016326755890705258
shallow,256,2,235,0.016250377630340193
shallow,256,2,236,0.016204264431072382
shallow,256,2,237,0.016142652708921686
shallow,256,2,238,0.01604552982264396
shallow,256,2,239,0.01593739761725902
shallow,256,2,240,0.015743711522795786
shallow,256,2,241,0.015590356432858006
shallow,256,2,242,0.015478047941317715
shallow,256,2,243,0.01531314584952043
shallow,256,2,244,0.015119684386739482
shallow,256,2,245,0.014957708996717299
shallow,256,2,246,0.014779638778067934
shallow,256,2,247,0.014615498626595256
shallow,256,2,248,0.014461240147572843
shallow,256,2,249,0.014346483695646048
shallow,256,2,250,0.014273110511804504
shallow,256,2,251,0.0141595259211321
shallow,256,2,252,0.014042779193663629
shallow,256,2,253,0.013894976231068749
shallow,256,2,254,0.013769117359322455
shallow,256,2,255,0.013661249477103586
shallow,256,2,256,0.013584329445814738
shallow,256,2,257,0.01348825406006323
shallow,256,2,258,0.013377951930215275
shallow,256,2,259,0.013310089582146273
shallow,256,2,260,0.013275863455556107
shallow,256,2,261,0.013210594314473412
shallow,256,2,262,0.01318379299832288
shallow,256,2,263,0.013146038209913651
shallow,256,2,264,0.013070988425986368
shallow,256,2,265,0.013007165042089125
shallow,256,2,266,0.012911091388115125
shallow,256,2,267,0.012847826104771528
shallow,256,2,268,0.012733566676904945
shallow,256,2,269,0.012570067511602227
shallow,256,2,270,0.012391757360306219
shallow,256,2,271,0.012263798426533674
shallow,256,2,272,0.012183124348271871
shallow,256,2,273,0.01210189687713318
shallow,256,2,274,0.012042337041826657
shallow,256,2,275,0.011958620982063106
shallow,256,2,276,0.011918317130249406
shallow,256,2,277,0.011886324067437233
shallow,256,2,278,0.011762016917989077
shallow,256,2,279,0.011651326561171618
shallow,256,2,280,0.011554769481380274
shallow,256,2,281,0.01143302557950292
shallow,256,2,282,0.011338973219774406
shallow,256,2,283,0.011244157074820032
shallow,256,2,284,0.011151510188525376
shallow,256,2,285,0.011130051034269254
shallow,256,2,286,0.011115292684285523
shallow,256,2,287,0.011065605255747298
shallow,256,2,288,0.011046555186359636
shallow,256,2,289,0.010986919556402922
shallow,256,2,290,0.010946003235395033
shallow,256,2,291,0.010902658064704807
shallow,256,2,292,0.010867318049918086
shallow,256,2,293,0.010854144754461423
shallow,256,2,294,0.010793775979943476
shallow,256,2,295,0.01074017165041464
shallow,256,2,296,0.010659947385166261
shallow,256,2,297,0.010549309726042627
shallow,256,2,298,0.010519306929028449
shallow,256,2,299,0.010450134906000497
shallow,256,2,300,0.010382133733729107
shallow,256,2,301,0.010326952101401207
shallow,256,2,302,0.010244343807079547
shallow,256,2,303,0.01016486160012077
shallow,256,2,304,0.010065966695906536
shallow,256,2,305,0.009941901703237731
shallow,256,2,306,0.009808065210207252
shallow,256,2,307,0.009652423073658134
shallow,256,2,308,0.009537283309163362
shallow,256,2,309,0.009511783820732193
shallow,256,2,310,0.009486890386609858
shallow,256,2,311,0.00945869407677671
shallow,256,2,312,0.009425670107037354
shallow,256,2,313,0.009333581362749387
shallow,256,2,314,0.009235735696008619
shallow,256,2,315,0.009105389888873501
shallow,256,2,316,0.00898846848931652
shallow,256,2,317,0.00882148540065559
shallow,256,2,318,0.008653207610821683
shallow,256,2,319,0.008500693410623615
shallow,256,2,320,0.008366015999805172
shallow,256,2,321,0.0082123463897288
shallow,256,2,322,0.00802336194149579
shallow,256,2,323,0.007873736844998761
shallow,256,2,324,0.007698292218889212
shallow,256,2,325,0.007471698700482646
shallow,256,2,326,0.007218288104471748
shallow,256,2,327,0.006966634858183094
shallow,256,2,328,0.00673464490750642
shallow,256,2,329,0.006512034615349188
shallow,256,2,330,0.006340940934725013
shallow,256,2,331,0.006190464145253023
shallow,256,2,332,0.006063583491746067
shallow,256,2,333,0.005957845421857635
shallow,256,2,334,0.0058379237324756505
shallow,256,2,335,0.005748004057501099
shallow,256,2,336,0.005647957010601749
shallow,256,2,337,0.005530940900325522
shallow,256,2,338,0.005480218504858973
shallow,256,2,339,0.005465822708222445
shallow,256,2,340,0.005412881544895324
shallow,256,2,341,0.005385658338964205
shallow,256,2,342,0.0053810491546480285
shallow,256,2,343,0.0053659661292838595
shallow,256,2,344,0.0053145078633014195
shallow,256,2,345,0.005248957103200713
shallow,256,2,346,0.00520657071144116
shallow,256,2,347,0.00515501300262554
shallow,256,2,348,0.005075813423604444
shallow,256,2,349,0.005033250812880231
shallow,256,2,350,0.004959669598638408
shallow,256,2,351,0.004883943548834344
shallow,256,2,352,0.004801501582026113
shallow,256,2,353,0.004695905794829362
shallow,256,2,354,0.00459668979892757
shallow,256,2,355,0.0045059538676379286
shallow,256,2,356,0.0044392441577653236
shallow,256,2,357,0.004338423521988546
shallow,256,2,358,0.004268596313622395
shallow,256,2,359,0.0042375909220242515
shallow,256,2,360,0.004250645585919349
shallow,256,2,361,0.004301228576598711
shallow,256,2,362,0.004372645856585383
shallow,256,2,363,0.004382075736492465
shallow,256,2,364,0.004408523372115419
shallow,256,2,365,0.00448645143660291
shallow,256,2,366,0.004557552348914849
shallow,256,2,367,0.004531903541851156
shallow,256,2,368,0.004528341525786755
shallow,256,2,369,0.004513537903991444
shallow,256,2,370,0.004499412943751763
shallow,256,2,371,0.0045528760804647945
shallow,256,2,372,0.004574040320864055
shallow,256,2,373,0.004597233284478045
shallow,256,2,374,0.004557619113679388
shallow,256,2,375,0.004515391566950954
shallow,256,2,376,0.004376659901185955
shallow,256,2,377,0.0042535827815197765
shallow,256,2,378,0.004130831577737323
shallow,256,2,379,0.003971360480265776
shallow,256,2,380,0.0038160569633731815
shallow,256,2,381,0.003665279557305286
shallow,256,2,382,0.0035362399434563842
shallow,256,2,383,0.0034454661435605765
shallow,256,2,384,0.003314193431089825
shallow,256,2,385,0.0031571645128918102
shallow,256,2,386,0.0030523112855672125
shallow,256,2,387,0.0029090023229005704
shallow,256,2,388,0.0027816295888012377
shallow,256,2,389,0.0025919393675646395
shallow,256,2,390,0.0024827909481238255
shallow,256,2,391,0.002390855550711745
shallow,256,2,392,0.0022621694017670767
shallow,256,2,393,0.0021742970344144023
shallow,256,2,394,0.002112791796191409
shallow,256,2,395,0.0019805347293545086
shallow,256,2,396,0.0018823833154819796
shallow,256,2,397,0.0017660891607552784
shallow,256,2,398,0.0016852133594240015
shallow,256,2,399,0.0015345529381901634
shallow,256,2,400,0.0013570468804379068
shallow,1024,0,0,1.0
shallow,1024,0,1,0.9738106496297506
shallow,1024,0,2,0.9483772554658112
shallow,1024,0,3,0.9237316921488701
shallow,1024,0,4,0.8998380470391187
shallow,1024,0,5,0.8767007758084778
shallow,1024,0,6,0.854265831370193
shallow,1024,0,7,0.832465933319834
shallow,1024,0,8,0.8113249824984267
shallow,1024,0,9,0.7908116874403217
shallow,1024,0,10,0.7709269585370275
shallow,1024,0,11,0.7516306853321892
shallow,1024,0,12,0.7328634607178275
shallow,1024,0,13,0.7146129943295192
shallow,1024,0,14,0.6968720900621537
shallow,1024,0,15,0.6796507126281739
shallow,1024,0,16,0.6628956545995124
shallow,1024,0,17,0.6466207804574887
shallow,1024,0,18,0.6307679178281189
shallow,1024,0,19,0.6153630314628042
shallow,1024,0,20,0.6003653230644307
shallow,1024,0,21,0.5857924443613733
shallow,1024,0,22,0.5716233907613307
shallow,1024,0,23,0.5578079862333711
shallow,1024,0,24,0.5444087330585528
shallow,1024,0,25,0.5314157993113345
shallow,1024,0,26,0.5187806461136881
shallow,1024,0,27,0.5064845110261051
shallow,1024,0,28,0.49445896199830836
shallow,1024,0,29,0.48275793828403735
shallow,1024,0,30,0.4713564718078086
shallow,1024,0,31,0.46029488084382
shallow,1024,0,32,0.44952866386381224
shallow,1024,0,33,0.4390407053958495
shallow,1024,0,34,0.4287828357751675
shallow,1024,0,35,0.41879760764212837
shallow,1024,0,36,0.40907815441377987
shallow,1024,0,37,0.3995539003450536
shallow,1024,0,38,0.39025624080593446
shallow,1024,0,39,0.38127548157208185
shallow,1024,0,40,0.3725464443961159
shallow,1024,0,41,0.36408067876672295
shallow,1024,0,42,0.35578837116915507
shallow,1024,0,43,0.34773579766516055
shallow,1024,0,44,0.33986386362103627
shallow,1024,0,45,0.33221420280638436
shallow,1024,0,46,0.3247518303859625
shallow,1024,0,47,0.31752297190807516
shallow,1024,0,48,0.31046233008718127
shallow,1024,0,49,0.30360034182235796
shallow,1024,0,50,0.29684813156774653
shallow,1024,0,51,0.29024847027324857
shallow,1024,0,52,0.28378848001133783
shallow,1024,0,53,0.2775423413636982
shallow,1024,0,54,0.2714966612139244
shallow,1024,0,55,0.26564046163957417
shallow,1024,0,56,0.2599271815934302
shallow,1024,0,57,0.2543347498657597
shallow,1024,0,58,0.24887016204497012
shallow,1024,0,59,0.24356573614028545
shallow,1024,0,60,0.23842847456430272
shallow,1024,0,61,0.23340223375683533
shallow,1024,0,62,0.22846302248508044
shallow,1024,0,63,0.22359648410466498
shallow,1024,0,64,0.21883434777720107
shallow,1024,0,65,0.2141704618155139
shallow,1024,0,66,0.2096026058397108
shallow,1024,0,67,0.20512013394655954
shallow,1024,0,68,0.20080018816080755
shallow,1024,0,69,0.1965446487403797
shallow,1024,0,70,0.19239854285082808
shallow,1024,0,71,0.1883896316663835
shallow,1024,0,72,0.18446815390644083
shallow,1024,0,73,0.1806224334810962
shallow,1024,0,74,0.17687413778520394
shallow,1024,0,75,0.173232491780715
shallow,1024,0,76,0.16968606297321565
shallow,1024,0,77,0.1662487809504368
shallow,1024,0,78,0.1629021556641622
shallow,1024,0,79,0.15963735571502818
shallow,1024,0,80,0.15646985740855707
shallow,1024,0,81,0.1533741214781346
shallow,1024,0,82,0.1503485716993124
shallow,1024,0,83,0.14734254973397629
shallow,1024,0,84,0.14439043887782763
shallow,1024,0,85,0.14154203136230678
shallow,1024,0,86,0.13872339465732791
shallow,1024,0,87,0.13603600277291922
shallow,1024,0,88,0.1333866145590159
shallow,1024,0,89,0.13075964141793672
shallow,1024,0,90,0.12819184118248073
shallow,1024,0,91,0.12573223432158143
shallow,1024,0,92,0.12329587833042153
shallow,1024,0,93,0.12091552281733486
shallow,1024,0,94,0.11860852984236968
shallow,1024,0,95,0.11634683016882613
shallow,1024,0,96,0.11416304695221133
shallow,1024,0,97,0.1120167703856222
shallow,1024,0,98,0.11000542433333602
shallow,1024,0,99,0.10803202772559291
shallow,1024,0,100,0.10608883023101376
shallow,1024,0,101,0.10414385048861827
shallow,1024,0,102,0.10219599971005075
shallow,1024,0,103,0.10031214580602969
shallow,1024,0,104,0.09847950939781122
shallow,1024,0,105,0.0967114694903262
shallow,1024,0,106,0.09503166428806999
shallow,1024,0,107,0.09338555856638767
shallow,1024,0,108,0.09173799473415684
shallow,1024,0,109,0.09010955197348729
shallow,1024,0,110,0.08853381297809006
shallow,1024,0,111,0.08696565213761452
shallow,1024,0,112,0.08543738855635445
shallow,1024,0,113,0.08396817008006087
shallow,1024,0,114,0.08255557241259409
shallow,1024,0,115,0.08115873817994836
shallow,1024,0,116,0.07977253031427849
shallow,1024,0,117,0.0784086696354005
shallow,1024,0,118,0.07707411389302272
shallow,1024,0,119,0.0757784673200679
shallow,1024,0,120,0.07446162114061175
shallow,1024,0,121,0.07318490808924824
shallow,1024,0,122,0.07192155281437598
shallow,1024,0,123,0.07069029890616157
shallow,1024,0,124,0.06954696961656942
shallow,1024,0,125,0.06838719443561463
shallow,1024,0,126,0.06727741225059146
shallow,1024,0,127,0.06621718489549254
shallow,1024,0,128,0.065173503706445
shallow,1024,0,129,0.06416598317630472
shallow,1024,0,130,0.06321122387430095
shallow,1024,0,131,0.062260524417188996
shallow,1024,0,132,0.06135395211896824
shallow,1024,0,133,0.06049866026208434
shallow,1024,0,134,0.05965925186613117
shallow,1024,0,135,0.05883034788605578
shallow,1024,0,136,0.05800019654943383
shallow,1024,0,137,0.05718066287502494
shallow,1024,0,138,0.056373032410427085
shallow,1024,0,139,0.05554951114574483
shallow,1024,0,140,0.05473020729500237
shallow,1024,0,141,0.053920423115180124
shallow,1024,0,142,0.053193580064402425
shallow,1024,0,143,0.05252413230137008
shallow,1024,0,144,0.05185306684164537
shallow,1024,0,145,0.05115387848751042
shallow,1024,0,146,0.05046569805724147
shallow,1024,0,147,0.04978976709043324
shallow,1024,0,148,0.04915299316811493
shallow,1024,0,149,0.048525143595722006
shallow,1024,0,150,0.04787910699551165
shallow,1024,0,151,0.04725455632785546
shallow,1024,0,152,0.04664017387414387
shallow,1024,0,153,0.04599550667940012
shallow,1024,0,154,0.04532683421605314
shallow,1024,0,155,0.04464570653067842
shallow,1024,0,156,0.04394701301125796
shallow,1024,0,157,0.04323916691665594
shallow,1024,0,158,0.04257114917335228
shallow,1024,0,159,0.04191238610168468
shallow,1024,0,160,0.0412861860201215
shallow,1024,0,161,0.04068727763036785
shallow,1024,0,162,0.04013994161363673
shallow,1024,0,163,0.03960340442513468
shallow,1024,0,164,0.039071845276164856
shallow,1024,0,165,0.03855949540220116
shallow,1024,0,166,0.03805144332738142
shallow,1024,0,167,0.037569765490974585
shallow,1024,0,168,0.03708277972266049
shallow,1024,0,169,0.036597190579168194
shallow,1024,0,170,0.03612470780489037
shallow,1024,0,171,0.03566746846054226
shallow,1024,0,172,0.035199182239611285
shallow,1024,0,173,0.0347045378001818
shallow,1024,0,174,0.034181397399652015
shallow,1024,0,175,0.03361904604573392
shallow,1024,0,176,0.03315351217122603
shallow,1024,0,177,0.03273645027256766
shallow,1024,0,178,0.032326913858401654
shallow,1024,0,179,0.03191968959410282
shallow,1024,0,180,0.03148604942576706
shallow,1024,0,181,0.03107264846120411
shallow,1024,0,182,0.030647573841797428
shallow,1024,0,183,0.030211226032526434
shallow,1024,0,184,0.029801382436586445
shallow,1024,0,185,0.029425228321235217
shallow,1024,0,186,0.029150668118263348
shallow,1024,0,187,0.02884759356270766
shallow,1024,0,188,0.02856525645580498
shallow,1024,0,189,0.028299121583612454
shallow,1024,0,190,0.02805543526608891
shallow,1024,0,191,0.027776613690761575
shallow,1024,0,192,0.0275034611014508
shallow,1024,0,193,0.027238143886603543
shallow,1024,0,194,0.02699708248019111
shallow,1024,0,195,0.026772869708717093
shallow,1024,0,196,0.02658928164517919
shallow,1024,0,197,0.026420368184007923
shallow,1024,0,198,0.026241278056995793
shallow,1024,0,199,0.026080946364771845
shallow,1024,0,200,0.025953368801508857
shallow,1024,0,201,0.02583023648657556
shallow,1024,0,202,0.025710786535502086
shallow,1024,0,203,0.02553726803803873
shallow,1024,0,204,0.025341058459266968
shallow,1024,0,205,0.025152391713674872
shallow,1024,0,206,0.02498252059695795
shallow,1024,0,207,0.024827268714952888
shallow,1024,0,208,0.024712477113183386
shallow,1024,0,209,0.02464914127727591
shallow,1024,0,210,0.024608715292180144
shallow,1024,0,211,0.024563533771544892
shallow,1024,0,212,0.024512958335415322
shallow,1024,0,213,0.02445089295353839
shallow,1024,0,214,0.024361529582365347
shallow,1024,0,215,0.02424294131593302
shallow,1024,0,216,0.0241090286420932
shallow,1024,0,217,0.02398470810501089
shallow,1024,0,218,0.02388837856803689
shallow,1024,0,219,0.023806164351553357
shallow,1024,0,220,0.023729966203483208
shallow,1024,0,221,0.023696415076088474
shallow,1024,0,222,0.023666227710656323
shallow,1024,0,223,0.02358733051498481
shallow,1024,0,224,0.023538671243304745
shallow,1024,0,225,0.023510930016497816
shallow,1024,0,226,0.023482181363872243
shallow,1024,0,227,0.02346743552286939
shallow,1024,0,228,0.023442683289959833
shallow,1024,0,229,0.023354799401841174
shallow,1024,0,230,0.023290779520324104
shallow,1024,0,231,0.023226384630378474
shallow,1024,0,232,0.02310214260474964
shallow,1024,0,233,0.02296866882114781
shallow,1024,0,234,0.022831680757345915
shallow,1024,0,235,0.022695704440539928
shallow,1024,0,236,0.022610784591249843
shallow,1024,0,237,0.022491728607679187
shallow,1024,0,238,0.02236617969510615
shallow,1024,0,239,0.022204292469545382
shallow,1024,0,240,0.022075472273096308
shallow,1024,0,241,0.021990076154978642
shallow,1024,0,242,0.021893846881607754
shallow,1024,0,243,0.021830622283110657
shallow,1024,0,244,0.021751641977415914
shallow,1024,0,245,0.021640754661652915
shallow,1024,0,246,0.021535898022317944
shallow,1024,0,247,0.021495089850892327
shallow,1024,0,248,0.02145554562027677
shallow,1024,0,249,0.021415052118291943
shallow,1024,0,250,0.02137005144074811
shallow,1024,0,251,0.021363796286758763
shallow,1024,0,252,0.02133773534757532
shallow,1024,0,253,0.021275520441062394
shallow,1024,0,254,0.021229943324547855
shallow,1024,0,255,0.02117650340055796
shallow,1024,0,256,0.021080904320490357
shallow,1024,0,257,0.02097604778312274
shallow,1024,0,258,0.02085221761836707
shallow,1024,0,259,0.020722380456844672
shallow,1024,0,260,0.020523443658160594
shallow,1024,0,261,0.02032552028613083
shallow,1024,0,262,0.02011670529818279
shallow,1024,0,263,0.019879863521285686
shallow,1024,0,264,0.01964791868900457
shallow,1024,0,265,0.019389272497751055
shallow,1024,0,266,0.01907172048941306
shallow,1024,0,267,0.018805183196463827
shallow,1024,0,268,0.018550108157638454
shallow,1024,0,269,0.01832744279171933
shallow,1024,0,270,0.01810564802071403
shallow,1024,0,271,0.01790858889397
shallow,1024,0,272,0.017699860123246244
shallow,1024,0,273,0.017487296404112607
shallow,1024,0,274,0.01727449293798066
shallow,1024,0,275,0.017101777472685382
shallow,1024,0,276,0.01680958825092999
shallow,1024,0,277,0.01654502569740094
shallow,1024,0,278,0.01630781063416578
shallow,1024,0,279,0.01611961290089924
shallow,1024,0,280,0.015998257855877267
shallow,1024,0,281,0.015927953924077247
shallow,1024,0,282,0.015889613263343504
shallow,1024,0,283,0.01583435504898645
shallow,1024,0,284,0.015769477038715105
shallow,1024,0,285,0.015691276861290442
shallow,1024,0,286,0.015577055183568047
shallow,1024,0,287,0.015414902327238415
shallow,1024,0,288,0.015255875392490788
shallow,1024,0,289,0.015086873746372149
shallow,1024,0,290,0.014939916642011906
shallow,1024,0,291,0.014828020402536644
shallow,1024,0,292,0.014667247186307995
shallow,1024,0,293,0.014455190664258646
shallow,1024,0,294,0.014258190114245065
shallow,1024,0,295,0.014039831746820754
shallow,1024,0,296,0.01384400159431557
shallow,1024,0,297,0.013609041204758835
shallow,1024,0,298,0.013360376858576372
shallow,1024,0,299,0.013110112450014963
shallow,1024,0,300,0.012895323666049688
shallow,1024,0,301,0.01266592764939502
shallow,1024,0,302,0.012462592996134229
shallow,1024,0,303,0.012287635885561074
shallow,1024,0,304,0.012129112714626222
shallow,1024,0,305,0.011980399481639478
shallow,1024,0,306,0.01185460950804652
shallow,1024,0,307,0.011758635624065525
shallow,1024,0,308,0.011680544922249245
shallow,1024,0,309,0.011629124272444868
shallow,1024,0,310,0.011590974838501075
shallow,1024,0,311,0.011597458586359462
shallow,1024,0,312,0.01155144209716699
shallow,1024,0,313,0.011475722021297026
shallow,1024,0,314,0.011411529720459944
shallow,1024,0,315,0.011351406343744704
shallow,1024,0,316,0.011278770079078007
shallow,1024,0,317,0.011179854787482678
shallow,1024,0,318,0.011080868284115282
shallow,1024,0,319,0.01101521655478513
shallow,1024,0,320,0.010937032466238629
shallow,1024,0,321,0.010849467123796638
shallow,1024,0,322,0.010743106042967429
shallow,1024,0,323,0.010627271876694537
shallow,1024,0,324,0.01055974423822163
shallow,1024,0,325,0.010465886482515726
shallow,1024,0,326,0.010381340975763377
shallow,1024,0,327,0.01028718579830416
shallow,1024,0,328,0.010146934041220572
shallow,1024,0,329,0.009979954182891075
shallow,1024,0,330,0.009845274119948112
shallow,1024,0,331,0.009729725719620285
shallow,1024,0,332,0.009638674860896139
shallow,1024,0,333,0.009532994540145046
shallow,1024,0,334,0.009423800842784172
shallow,1024,0,335,0.009310442957151922
shallow,1024,0,336,0.00927599249695002
shallow,1024,0,337,0.009227620905352906
shallow,1024,0,338,0.009186761304661221
shallow,1024,0,339,0.009193097997772081
shallow,1024,0,340,0.009158349929553248
shallow,1024,0,341,0.009111188015085299
shallow,1024,0,342,0.009053554582195058
shallow,1024,0,343,0.00899269078653504
shallow,1024,0,344,0.008930278299854759
shallow,1024,0,345,0.00887615817579726
shallow,1024,0,346,0.008882386761536173
shallow,1024,0,347,0.008829139674406548
shallow,1024,0,348,0.008760081694129397
shallow,1024,0,349,0.008644820886408092
shallow,1024,0,350,0.0084916804697883
shallow,1024,0,351,0.008371566142310312
shallow,1024,0,352,0.00824831310954501
shallow,1024,0,353,0.008174540239109417
shallow,1024,0,354,0.00812758921651789
shallow,1024,0,355,0.008092465190904717
shallow,1024,0,356,0.008081345854409753
shallow,1024,0,357,0.008028412911059539
shallow,1024,0,358,0.007957623812811093
shallow,1024,0,359,0.007846248044533382
shallow,1024,0,360,0.007729144833322456
shallow,1024,0,361,0.007609749671932535
shallow,1024,0,362,0.007524500551755891
shallow,1024,0,363,0.0073754794753874845
shallow,1024,0,364,0.007288718681593053
shallow,1024,0,365,0.007142635554453872
shallow,1024,0,366,0.006964638652429906
shallow,1024,0,367,0.006785368053216673
shallow,1024,0,368,0.006621927787253107
shallow,1024,0,369,0.00651510122984069
shallow,1024,0,370,0.006456906526178632
shallow,1024,0,371,0.0063731403503165356
shallow,1024,0,372,0.006321829017570419
shallow,1024,0,373,0.006297325197201435
shallow,1024,0,374,0.0062310159832459815
shallow,1024,0,375,0.006175236255828298
shallow,1024,0,376,0.006090862084345397
shallow,1024,0,377,0.005961928508916938
shallow,1024,0,378,0.005800765346448665
shallow,1024,0,379,0.005622502630591191
shallow,1024,0,380,0.005450846440728092
shallow,1024,0,381,0.005300248014797261
shallow,1024,0,382,0.0052018039239986385
shallow,1024,0,383,0.005081443970971783
shallow,1024,0,384,0.004922206635937081
shallow,1024,0,385,0.004747879235180816
shallow,1024,0,386,0.004558060994471203
shallow,1024,0,387,0.004434363798917193
shallow,1024,0,388,0.004282552147762471
shallow,1024,0,389,0.0041045949465098
shallow,1024,0,390,0.0039368026934634036
shallow,1024,0,391,0.003773694661999308
shallow,1024,0,392,0.003620219865771159
shallow,1024,0,393,0.003487161907058222
shallow,1024,0,394,0.0033820462037305265
shallow,1024,0,395,0.0032703998129598954
shallow,1024,0,396,0.0032149397801786387
shallow,1024,0,397,0.0031999385625604486
shallow,1024,0,398,0.0031879234859930553
shallow,1024,0,399,0.0031888670922338705
shallow,1024,0,400,0.0031730332830205736
shallow,1024,1,0,1.0
shallow,1024,1,1,0.9738764227484741
shallow,1024,1,2,0.9485763598153748
shallow,1024,1,3,0.924024701717467
shallow,1024,1,4,0.9002359990436994
shallow,1024,1,5,0.8771728446592696
shallow,1024,1,6,0.854816645391117
shallow,1024,1,7,0.8330969414485829
shallow,1024,1,8,0.8120253481505022
shallow,1024,1,9,0.7915684943004074
shallow,1024,1,10,0.771754876337445
shallow,1024,1,11,0.7525287014632213
shallow,1024,1,12,0.7338574082220946
shallow,1024,1,13,0.7157430578519419
shallow,1024,1,14,0.6981544314132901
shallow,1024,1,15,0.6810756524210348
shallow,1024,1,16,0.6644985024368115
shallow,1024,1,17,0.648413512567629
shallow,1024,1,18,0.6327848438586914
shallow,1024,1,19,0.617565432300424
shallow,1024,1,20,0.6027520937762489
shallow,1024,1,21,0.588338136912649
shallow,1024,1,22,0.5742408360319458
shallow,1024,1,23,0.5605805851522858
shallow,1024,1,24,0.5473237440221798
shallow,1024,1,25,0.5344240281113399
shallow,1024,1,26,0.5218707552097896
shallow,1024,1,27,0.5096793619997166
shallow,1024,1,28,0.4978659497043917
shallow,1024,1,29,0.4864160095982186
shallow,1024,1,30,0.4753389656471466
shallow,1024,1,31,0.46457260989727367
shallow,1024,1,32,0.45404084694274155
shallow,1024,1,33,0.44381216295468745
shallow,1024,1,34,0.4338420840573445
shallow,1024,1,35,0.42414255328921546
shallow,1024,1,36,0.41466619101519314
shallow,1024,1,37,0.40548196048158414
shallow,1024,1,38,0.3965307904827107
shallow,1024,1,39,0.387776861261171
shallow,1024,1,40,0.37926242051221976
shallow,1024,1,41,0.3709432754466585
shallow,1024,1,42,0.36284875525643834
shallow,1024,1,43,0.3549306597955929
shallow,1024,1,44,0.3472673901383238
shallow,1024,1,45,0.3398336026222409
shallow,1024,1,46,0.3325674867493207
shallow,1024,1,47,0.32550405948107836
shallow,1024,1,48,0.3186772560592115
shallow,1024,1,49,0.3120254143517749
shallow,1024,1,50,0.30547927627737614
shallow,1024,1,51,0.2991312224522215
shallow,1024,1,52,0.2929806361873597
shallow,1024,1,53,0.28697008391342144
shallow,1024,1,54,0.2811143200881391
shallow,1024,1,55,0.2754025563114077
shallow,1024,1,56,0.2698468914706817
shallow,1024,1,57,0.26441965356586755
shallow,1024,1,58,0.25912889579320625
shallow,1024,1,59,0.25403769893488476
shallow,1024,1,60,0.24915517425737133
shallow,1024,1,61,0.2443608982598852
shallow,1024,1,62,0.23962717829250657
shallow,1024,1,63,0.23501723543319464
shallow,1024,1,64,0.23055058131002615
shallow,1024,1,65,0.2261994761206358
shallow,1024,1,66,0.22201387731689778
shallow,1024,1,67,0.21791684214300264
shallow,1024,1,68,0.21391872579124405
shallow,1024,1,69,0.21000452004217765
shallow,1024,1,70,0.20615724449231115
shallow,1024,1,71,0.20240210593684754
shallow,1024,1,72,0.19875446428479168
shallow,1024,1,73,0.19518785197411775
shallow,1024,1,74,0.19167713808401965
shallow,1024,1,75,0.18823756828549212
shallow,1024,1,76,0.1849059508477141
shallow,1024,1,77,0.1815777770612961
shallow,1024,1,78,0.1783559098839565
shallow,1024,1,79,0.1752324300405472
shallow,1024,1,80,0.1721892781464461
shallow,1024,1,81,0.1691894527965379
shallow,1024,1,82,0.1662317348317311
shallow,1024,1,83,0.1633233017817997
shallow,1024,1,84,0.1604863693931596
shallow,1024,1,85,0.15768158111548622
shallow,1024,1,86,0.15491631682123858
shallow,1024,1,87,0.15226989449132938
shallow,1024,1,88,0.14961009170758796
shallow,1024,1,89,0.14699906987391742
shallow,1024,1,90,0.14441066764995303
shallow,1024,1,91,0.14191215125191986
shallow,1024,1,92,0.1394406462602597
shallow,1024,1,93,0.13699830841208943
shallow,1024,1,94,0.13463686576956574
shallow,1024,1,95,0.1322763203263758
shallow,1024,1,96,0.1299320629597884
shallow,1024,1,97,0.12764276840893973
shallow,1024,1,98,0.125429731220897
shallow,1024,1,99,0.12323000347311536
shallow,1024,1,100,0.12109202002796882
shallow,1024,1,101,0.1190102035025764
shallow,1024,1,102,0.11693365054387195
shallow,1024,1,103,0.11493351049459752
shallow,1024,1,104,0.11295129267493534
shallow,1024,1,105,0.11098332749322462
shallow,1024,1,106,0.1090043933017813
shallow,1024,1,107,0.10712025186344254
shallow,1024,1,108,0.10532294128393277
shallow,1024,1,109,0.10353965111082146
shallow,1024,1,110,0.1017926728520168
shallow,1024,1,111,0.10008786498744672
shallow,1024,1,112,0.09845009210537815
shallow,1024,1,113,0.09682067211809227
shallow,1024,1,114,0.09522487776228286
shallow,1024,1,115,0.0936629389900578
shallow,1024,1,116,0.09212164418183404
shallow,1024,1,117,0.09063058576532063
shallow,1024,1,118,0.08917303586957417
shallow,1024,1,119,0.08776118158598412
shallow,1024,1,120,0.08640070975230447
shallow,1024,1,121,0.0850238578835637
shallow,1024,1,122,0.08369756646567883
shallow,1024,1,123,0.08235801978842457
shallow,1024,1,124,0.08104805128998338
shallow,1024,1,125,0.07976136526418941
shallow,1024,1,126,0.0785013327580883
shallow,1024,1,127,0.07726745889287902
shallow,1024,1,128,0.07603897534122993
shallow,1024,1,129,0.07482689432166033
shallow,1024,1,130,0.0736475397345793
shallow,1024,1,131,0.07249520446782891
shallow,1024,1,132,0.07131191879655475
shallow,1024,1,133,0.07018767588431386
shallow,1024,1,134,0.06907625807698421
shallow,1024,1,135,0.06795881629976919
shallow,1024,1,136,0.0668719905586676
shallow,1024,1,137,0.0657819642239689
shallow,1024,1,138,0.06467029379475556
shallow,1024,1,139,0.06352094790501606
shallow,1024,1,140,0.06237844231597037
shallow,1024,1,141,0.06127084727134678
shallow,1024,1,142,0.06020084658927144
shallow,1024,1,143,0.05914032660692519
shallow,1024,1,144,0.05803741679268118
shallow,1024,1,145,0.05693592824819305
shallow,1024,1,146,0.05587580507346184
shallow,1024,1,147,0.05487019680925999
shallow,1024,1,148,0.053888550438757565
shallow,1024,1,149,0.05295575305075484
shallow,1024,1,150,0.05200997781856018
shallow,1024,1,151,0.051089851373437
shallow,1024,1,152,0.050189251898867304
shallow,1024,1,153,0.049291083175161905
shallow,1024,1,154,0.04844365679034701
shallow,1024,1,155,0.04762231909762807
shallow,1024,1,156,0.04684272802884956
shallow,1024,1,157,0.046068833866135556
shallow,1024,1,158,0.04530719555382728
shallow,1024,1,159,0.04455926490104651
shallow,1024,1,160,0.043810557674568124
shallow,1024,1,161,0.0430648038764773
shallow,1024,1,162,0.042304232919096726
shallow,1024,1,163,0.04156778651137217
shallow,1024,1,164,0.040864016585067095
shallow,1024,1,165,0.04017304575616993
shallow,1024,1,166,0.039522631095701796
shallow,1024,1,167,0.03891727995990028
shallow,1024,1,168,0.03833085393767735
shallow,1024,1,169,0.037733739684662364
shallow,1024,1,170,0.03712910259255068
shallow,1024,1,171,0.03655299846937106
shallow,1024,1,172,0.03598323596708558
shallow,1024,1,173,0.03542239399390595
shallow,1024,1,174,0.03491272938591516
shallow,1024,1,175,0.034386743779508025
shallow,1024,1,176,0.033894157471544895
shallow,1024,1,177,0.03337150870941945
shallow,1024,1,178,0.0328302918050172
shallow,1024,1,179,0.03228138843671864
shallow,1024,1,180,0.031740345412870616
shallow,1024,1,181,0.031197282142841922
shallow,1024,1,182,0.030668586463881604
shallow,1024,1,183,0.030157285043542384
shallow,1024,1,184,0.029605400231306794
shallow,1024,1,185,0.029075052813880998
shallow,1024,1,186,0.02855522808610001
shallow,1024,1,187,0.02803267658381293
shallow,1024,1,188,0.027482648697110312
shallow,1024,1,189,0.02690181810782012
shallow,1024,1,190,0.026341269352125368
shallow,1024,1,191,0.02577667712496886
shallow,1024,1,192,0.025179469015977687
shallow,1024,1,193,0.02462241499640054
shallow,1024,1,194,0.024094949064844443
shallow,1024,1,195,0.023607662303093826
shallow,1024,1,196,0.023129402797092222
shallow,1024,1,197,0.02266307600904363
shallow,1024,1,198,0.022243021740758564
shallow,1024,1,199,0.02186827018553269
shallow,1024,1,200,0.021466269720184426
shallow,1024,1,201,0.021095723857033743
shallow,1024,1,202,0.020662730336814705
shallow,1024,1,203,0.02023596272871455
shallow,1024,1,204,0.019846324333959893
shallow,1024,1,205,0.01945352509221907
shallow,1024,1,206,0.019027013527079563
shallow,1024,1,207,0.018643554720304087
shallow,1024,1,208,0.018288871883472092
shallow,1024,1,209,0.01787560570233168
shallow,1024,1,210,0.01749972443975397
shallow,1024,1,211,0.0171722750312567
shallow,1024,1,212,0.016847017530665684
shallow,1024,1,213,0.016600998386510152
shallow,1024,1,214,0.016342070672805995
shallow,1024,1,215,0.016125510502727286
shallow,1024,1,216,0.015914222066460752
shallow,1024,1,217,0.01565042798839901
shallow,1024,1,218,0.015384296081151263
shallow,1024,1,219,0.015132267568096745
shallow,1024,1,220,0.014881318456285465
shallow,1024,1,221,0.014627648831968987
shallow,1024,1,222,0.014398656643871457
shallow,1024,1,223,0.014193881663733069
shallow,1024,1,224,0.014028075636588254
shallow,1024,1,225,0.013871821333444629
shallow,1024,1,226,0.013745171401002669
shallow,1024,1,227,0.013671210670528986
shallow,1024,1,228,0.013578065244409993
shallow,1024,1,229,0.01349454160801487
shallow,1024,1,230,0.013420686537731085
shallow,1024,1,231,0.01331358464162995
shallow,1024,1,232,0.013209095249514054
shallow,1024,1,233,0.013100872444555156
shallow,1024,1,234,0.013040062777388232
shallow,1024,1,235,0.012984263150903862
shallow,1024,1,236,0.012914952933391677
shallow,1024,1,237,0.012837721449312469
shallow,1024,1,238,0.012748277976172432
shallow,1024,1,239,0.012691376704915418
shallow,1024,1,240,0.012625345898646853
shallow,1024,1,241,0.012535247041904302
shallow,1024,1,242,0.01243510998686204
shallow,1024,1,243,0.012321589427933561
shallow,1024,1,244,0.012190916154973024
shallow,1024,1,245,0.012083480857987803
shallow,1024,1,246,0.01194538933809117
shallow,1024,1,247,0.011790811711519253
shallow,1024,1,248,0.01167689244170461
shallow,1024,1,249,0.011544849704500764
shallow,1024,1,250,0.011375444377894877
shallow,1024,1,251,0.011177882246772632
shallow,1024,1,252,0.01097942763597598
shallow,1024,1,253,0.01082017403180673
shallow,1024,1,254,0.010656814770881078
shallow,1024,1,255,0.010474611621993465
shallow,1024,1,256,0.010308129823838693
shallow,1024,1,257,0.010133055653430508
shallow,1024,1,258,0.009973331052702846
shallow,1024,1,259,0.009805994277163936
shallow,1024,1,260,0.0096154711042579
shallow,1024,1,261,0.009437987604649636
shallow,1024,1,262,0.009264759633180355
shallow,1024,1,263,0.009067845576409852
shallow,1024,1,264,0.0088394055818612
shallow,1024,1,265,0.008563795611119281
shallow,1024,1,266,0.008256825311250684
shallow,1024,1,267,0.007975582985410684
shallow,1024,1,268,0.007743129176320196
shallow,1024,1,269,0.007511693078687542
shallow,1024,1,270,0.007316354083571966
shallow,1024,1,271,0.007142902655185204
shallow,1024,1,272,0.006968514609255738
shallow,1024,1,273,0.006839975562305955
shallow,1024,1,274,0.006705430548172415
shallow,1024,1,275,0.006577114480686701
shallow,1024,1,276,0.0064666109228146175
shallow,1024,1,277,0.006344831436702421
shallow,1024,1,278,0.006214899526230527
shallow,1024,1,279,0.006046331198624608
shallow,1024,1,280,0.005831648555935333
shallow,1024,1,281,0.005643810635197829
shallow,1024,1,282,0.0054702407501561814
shallow,1024,1,283,0.00525620428454119
shallow,1024,1,284,0.005004392310834778
shallow,1024,1,285,0.004718009296550747
shallow,1024,1,286,0.004426841088894381
shallow,1024,1,287,0.004142658728948644
shallow,1024,1,288,0.003870726835803292
shallow,1024,1,289,0.0035645344908728865
shallow,1024,1,290,0.0031996320991328113
shallow,1024,1,291,0.0028580857453118346
shallow,1024,1,292,0.002510656511423188
shallow,1024,1,293,0.0021488612969598714
shallow,1024,1,294,0.001794403602142246
shallow,1024,1,295,0.0014665570815529034
shallow,1024,1,296,0.001156893379734697
shallow,1024,1,297,0.000794762975929487
shallow,1024,1,298,0.00042653099327604545
shallow,1024,1,299,0.0001106451673017079
shallow,1024,1,300,-0.00020868678813978155
shallow,1024,1,301,-0.0005348904580890564
shallow,1024,1,302,-0.0008249577726841756
shallow,1024,1,303,-0.0011017312651621003
shallow,1024,1,304,-0.001360608902576697
shallow,1024,1,305,-0.0016737421479862166
shallow,1024,1,306,-0.0019482154361893694
shallow,1024,1,307,-0.0022072763892104835
shallow,1024,1,308,-0.0024552783898594884
shallow,1024,1,309,-0.002706897723034942
shallow,1024,1,310,-0.0029466075666257532
shallow,1024,1,311,-0.0031493879181211555
shallow,1024,1,312,-0.0033378721113851446
shallow,1024,1,313,-0.0035535177818927315
shallow,1024,1,314,-0.003810317230801396
shallow,1024,1,315,-0.004086703893405879
shallow,1024,1,316,-0.004359823957685067
shallow,1024,1,317,-0.004588849637618813
shallow,1024,1,318,-0.004791050939881088
shallow,1024,1,319,-0.0050178066096419486
shallow,1024,1,320,-0.0052298281803795635
shallow,1024,1,321,-0.005435916588463316
shallow,1024,1,322,-0.005652445812181535
shallow,1024,1,323,-0.005810239543965463
shallow,1024,1,324,-0.0059723273296283085
shallow,1024,1,325,-0.0061280825345741835
shallow,1024,1,326,-0.006260883210530534
shallow,1024,1,327,-0.006404440702086599
shallow,1024,1,328,-0.006507578632138713
shallow,1024,1,329,-0.006560374920040033
shallow,1024,1,330,-0.006603843441286934
shallow,1024,1,331,-0.006641175986480091
shallow,1024,1,332,-0.006683235183216071
shallow,1024,1,333,-0.006747559558073186
shallow,1024,1,334,-0.0067894272719882295
shallow,1024,1,335,-0.006826650443008736
shallow,1024,1,336,-0.006895548550515636
shallow,1024,1,337,-0.0069614738566351735
shallow,1024,1,338,-0.007002595342342188
shallow,1024,1,339,-0.0070385521200216385
shallow,1024,1,340,-0.007117225601339613
shallow,1024,1,341,-0.007202935990467523
shallow,1024,1,342,-0.007304918963365409
shallow,1024,1,343,-0.00742908198498215
shallow,1024,1,344,-0.007560038647002812
shallow,1024,1,345,-0.007694727015235843
shallow,1024,1,346,-0.007829142583562652
shallow,1024,1,347,-0.007983915926476218
shallow,1024,1,348,-0.008147774086951635
shallow,1024,1,349,-0.008255018776718442
shallow,1024,1,350,-0.008333045429363419
shallow,1024,1,351,-0.00839162625782072
shallow,1024,1,352,-0.008464499509406717
shallow,1024,1,353,-0.008461205261565675
shallow,1024,1,354,-0.008499024258261852
shallow,1024,1,355,-0.008587032687632938
shallow,1024,1,356,-0.008641702537633175
shallow,1024,1,357,-0.008716871429359913
shallow,1024,1,358,-0.008828659167326338
shallow,1024,1,359,-0.008935825504317662
shallow,1024,1,360,-0.009085234293308469
shallow,1024,1,361,-0.009227395403752801
shallow,1024,1,362,-0.00932477238423814
shallow,1024,1,363,-0.009412315153557215
shallow,1024,1,364,-0.009510437920047196
shallow,1024,1,365,-0.009579700788135474
shallow,1024,1,366,-0.0096088463080118
shallow,1024,1,367,-0.00963983749081452
shallow,1024,1,368,-0.009669733964543695
shallow,1024,1,369,-0.009717909507714588
shallow,1024,1,370,-0.00975804532836649
shallow,1024,1,371,-0.009783181778190833
shallow,1024,1,372,-0.009846278442660936
shallow,1024,1,373,-0.009844314167534365
shallow,1024,1,374,-0.009882310343954589
shallow,1024,1,375,-0.009893026392187844
shallow,1024,1,376,-0.009868295114445567
shallow,1024,1,377,-0.009871109149341339
shallow,1024,1,378,-0.00989673887585008
shallow,1024,1,379,-0.009858173666725098
shallow,1024,1,380,-0.009815879756648601
shallow,1024,1,381,-0.009754879908823242
shallow,1024,1,382,-0.009713241392429546
shallow,1024,1,383,-0.009693686680383992
shallow,1024,1,384,-0.009686378775087837
shallow,1024,1,385,-0.00957775811490218
shallow,1024,1,386,-0.009476710469576995
shallow,1024,1,387,-0.00936846496136959
shallow,1024,1,388,-0.009251243243389141
shallow,1024,1,389,-0.00914734801676987
shallow,1024,1,390,-0.009092686155702683
shallow,1024,1,391,-0.009040362089678873
shallow,1024,1,392,-0.008994890244581916
shallow,1024,1,393,-0.008983133854654117
shallow,1024,1,394,-0.00899859775321685
shallow,1024,1,395,-0.009004499585205938
shallow,1024,1,396,-0.009054624918389721
shallow,1024,1,397,-0.009131328000546899
shallow,1024,1,398,-0.009231980206731685
shallow,1024,1,399,-0.00935001968174133
shallow,1024,1,400,-0.009483633233251274
shallow,1024,2,0,1.0
shallow,1024,2,1,0.9725642421969678
shallow,1024,2,2,0.9460599682769284
shallow,1024,2,3,0.9203625575878926
shallow,1024,2,4,0.8954485547601649
shallow,1024,2,5,0.8713524115844219
shallow,1024,2,6,0.8480120079316321
shallow,1024,2,7,0.825470215629426
shallow,1024,2,8,0.8036974267924691
shallow,1024,2,9,0.782569217240793
shallow,1024,2,10,0.7621048106804763
shallow,1024,2,11,0.7422813279199527
shallow,1024,2,12,0.7230729335098298
shallow,1024,2,13,0.704405566056778
shallow,1024,2,14,0.6863704240891868
shallow,1024,2,15,0.668850619588085
shallow,1024,2,16,0.6518370044173929
shallow,1024,2,17,0.6353768947804503
shallow,1024,2,18,0.6194420591845323
shallow,1024,2,19,0.6039955367325692
shallow,1024,2,20,0.5889873882332639
shallow,1024,2,21,0.5744710714310926
shallow,1024,2,22,0.5604144042802155
shallow,1024,2,23,0.5468162145080211
shallow,1024,2,24,0.5335704384629639
shallow,1024,2,25,0.5207108727829982
shallow,1024,2,26,0.5082395903877064
shallow,1024,2,27,0.4961661485321962
shallow,1024,2,28,0.4844359559065487
shallow,1024,2,29,0.4730825905308367
shallow,1024,2,30,0.4620656959582067
shallow,1024,2,31,0.4513665288704622
shallow,1024,2,32,0.4409497679678658
shallow,1024,2,33,0.43083333516707517
shallow,1024,2,34,0.4210046502549767
shallow,1024,2,35,0.41141676594779164
shallow,1024,2,36,0.4021153471174233
shallow,1024,2,37,0.39305267560524637
shallow,1024,2,38,0.3842837644676921
shallow,1024,2,39,0.37581856289860105
shallow,1024,2,40,0.36759797898973484
shallow,1024,2,41,0.3595858996200321
shallow,1024,2,42,0.35175211944066076
shallow,1024,2,43,0.3441037281149972
shallow,1024,2,44,0.3366370710692768
shallow,1024,2,45,0.3293216135475465
shallow,1024,2,46,0.32219200934324405
shallow,1024,2,47,0.31527034705600504
shallow,1024,2,48,0.30853121920194115
shallow,1024,2,49,0.3019271322170305
shallow,1024,2,50,0.29552167421026215
shallow,1024,2,51,0.2893106121873389
shallow,1024,2,52,0.28323164104938203
shallow,1024,2,53,0.2772957540074803
shallow,1024,2,54,0.2715526011123346
shallow,1024,2,55,0.2659391284189222
shallow,1024,2,56,0.2604448041635433
shallow,1024,2,57,0.255106225429617
shallow,1024,2,58,0.24990532132060322
shallow,1024,2,59,0.24481610027937628
shallow,1024,2,60,0.23986383290073174
shallow,1024,2,61,0.23503875986556944
shallow,1024,2,62,0.23033137705901094
shallow,1024,2,63,0.22577585119974639
shallow,1024,2,64,0.22128874874916415
shallow,1024,2,65,0.21690269143507546
shallow,1024,2,66,0.212610932911116
shallow,1024,2,67,0.20843781611986573
shallow,1024,2,68,0.20436061911659484
shallow,1024,2,69,0.2003730244754666
shallow,1024,2,70,0.19650659586095343
shallow,1024,2,71,0.192753518771087
shallow,1024,2,72,0.18908418018958223
shallow,1024,2,73,0.18545465114501095
shallow,1024,2,74,0.18192456786042654
shallow,1024,2,75,0.17845855884607195
shallow,1024,2,76,0.17507272466404977
shallow,1024,2,77,0.17182195072303974
shallow,1024,2,78,0.16865333448572967
shallow,1024,2,79,0.16557476214407357
shallow,1024,2,80,0.16263151938437956
shallow,1024,2,81,0.1597517610212873
shallow,1024,2,82,0.15692132919154483
shallow,1024,2,83,0.15418116355993552
shallow,1024,2,84,0.15155451544133441
shallow,1024,2,85,0.14895863787471003
shallow,1024,2,86,0.1463944932979606
shallow,1024,2,87,0.14385659682854607
shallow,1024,2,88,0.14131884476880774
shallow,1024,2,89,0.13882079451850873
shallow,1024,2,90,0.13630999957369078
shallow,1024,2,91,0.13394745668664387
shallow,1024,2,92,0.1316405563078039
shallow,1024,2,93,0.1293690656042483
shallow,1024,2,94,0.12713686871334695
shallow,1024,2,95,0.12497268190071883
shallow,1024,2,96,0.12285724695340293
shallow,1024,2,97,0.1207842414259934
shallow,1024,2,98,0.11872898768802942
shallow,1024,2,99,0.11665556183860697
shallow,1024,2,100,0.11457145000022687
shallow,1024,2,101,0.11255372366048949
shallow,1024,2,102,0.11057243525292822
shallow,1024,2,103,0.10862151072276799
shallow,1024,2,104,0.10671030536304943
shallow,1024,2,105,0.10485118463283707
shallow,1024,2,106,0.10303099756951983
shallow,1024,2,107,0.10130486210575558
shallow,1024,2,108,0.09960378010462886
shallow,1024,2,109,0.0979480402552509
shallow,1024,2,110,0.09630148617836981
shallow,1024,2,111,0.09470726418032807
shallow,1024,2,112,0.0931460960663918
shallow,1024,2,113,0.09163639380393072
shallow,1024,2,114,0.09018421764776618
shallow,1024,2,115,0.08874615386068047
shallow,1024,2,116,0.08735194703464867
shallow,1024,2,117,0.08592258779932205
shallow,1024,2,118,0.0844872072780176
shallow,1024,2,119,0.08314076541261851
shallow,1024,2,120,0.08180606981120325
shallow,1024,2,121,0.08051222287857618
shallow,1024,2,122,0.07928081681733559
shallow,1024,2,123,0.07811298095409001
shallow,1024,2,124,0.07693275261545188
shallow,1024,2,125,0.07577908685000496
shallow,1024,2,126,0.07465634856616293
shallow,1024,2,127,0.07353325883165363
shallow,1024,2,128,0.07241686721117924
shallow,1024,2,129,0.0713157213998175
shallow,1024,2,130,0.07023211565049713
shallow,1024,2,131,0.06920275323684091
shallow,1024,2,132,0.06818767158718354
shallow,1024,2,133,0.06716897136690009
shallow,1024,2,134,0.06615727424144044
shallow,1024,2,135,0.06517551713416025
shallow,1024,2,136,0.06420621913630535
shallow,1024,2,137,0.06324388920782878
shallow,1024,2,138,0.06226653199772175
shallow,1024,2,139,0.06127970514152761
shallow,1024,2,140,0.060248115621649743
shallow,1024,2,141,0.059227439095837234
shallow,1024,2,142,0.058242869712874096
shallow,1024,2,143,0.05726909356841835
shallow,1024,2,144,0.056373601839350494
shallow,1024,2,145,0.05551432050843766
shallow,1024,2,146,0.05468547683060636
shallow,1024,2,147,0.05387086539380948
shallow,1024,2,148,0.05309475515897274
shallow,1024,2,149,0.05239670590881766
shallow,1024,2,150,0.0517418029106048
shallow,1024,2,151,0.051084536638345245
shallow,1024,2,152,0.05042155645696382
shallow,1024,2,153,0.04979306377673604
shallow,1024,2,154,0.049163260722293774
shallow,1024,2,155,0.04855224457603019
shallow,1024,2,156,0.04797058738664477
shallow,1024,2,157,0.047378476234033004
shallow,1024,2,158,0.04684118252343701
shallow,1024,2,159,0.04632138442405104
shallow,1024,2,160,0.04581056828901041
shallow,1024,2,161,0.04535448345713116
shallow,1024,2,162,0.04487487009297957
shallow,1024,2,163,0.044388368093207134
shallow,1024,2,164,0.04386723342004651
shallow,1024,2,165,0.04334770228889363
shallow,1024,2,166,0.04282220229779954
shallow,1024,2,167,0.04231040311064865
shallow,1024,2,168,0.04181249490601616
shallow,1024,2,169,0.04128567980043878
shallow,1024,2,170,0.040735508611446085
shallow,1024,2,171,0.04018362530189734
shallow,1024,2,172,0.03958863442478505
shallow,1024,2,173,0.03895301480808922
shallow,1024,2,174,0.038362800906007105
shallow,1024,2,175,0.03779744895543936
shallow,1024,2,176,0.037259342259623456
shallow,1024,2,177,0.036753343887097355
shallow,1024,2,178,0.03626631642161219
shallow,1024,2,179,0.03576489394788731
shallow,1024,2,180,0.035226344880023866
shallow,1024,2,181,0.03466475862721527
shallow,1024,2,182,0.03416144151574665
shallow,1024,2,183,0.033668509251017206
shallow,1024,2,184,0.03314393966638333
shallow,1024,2,185,0.032611183992491244
shallow,1024,2,186,0.032134636224272005
shallow,1024,2,187,0.03169114565990665
shallow,1024,2,188,0.031320388677781426
shallow,1024,2,189,0.03091457009167322
shallow,1024,2,190,0.030464780692496876
shallow,1024,2,191,0.029941028765124226
shallow,1024,2,192,0.029436059095444098
shallow,1024,2,193,0.028960597399295816
shallow,1024,2,194,0.02847608759966784
shallow,1024,2,195,0.02796624876725743
shallow,1024,2,196,0.02746905818475417
shallow,1024,2,197,0.027023174720973084
shallow,1024,2,198,0.026616371118517806
shallow,1024,2,199,0.026211256686519985
shallow,1024,2,200,0.02581090341920924
shallow,1024,2,201,0.025411042859781945
shallow,1024,2,202,0.025023824257815873
shallow,1024,2,203,0.02464640913543356
shallow,1024,2,204,0.02424735900059361
shallow,1024,2,205,0.023866146758158124
shallow,1024,2,206,0.02347621695047258
shallow,1024,2,207,0.023094466411402368
shallow,1024,2,208,0.022745999483255404
shallow,1024,2,209,0.02241310918018377
shallow,1024,2,210,0.02207475465457921
shallow,1024,2,211,0.021742610922802164
shallow,1024,2,212,0.021395956615955662
shallow,1024,2,213,0.021101336850936563
shallow,1024,2,214,0.02078321099120202
shallow,1024,2,215,0.020469958605879274
shallow,1024,2,216,0.020166772836107603
shallow,1024,2,217,0.019900243117215385
shallow,1024,2,218,0.019621115824520842
shallow,1024,2,219,0.01938890277690355
shallow,1024,2,220,0.01914060554950309
shallow,1024,2,221,0.018930377229328655
shallow,1024,2,222,0.018706742076470606
shallow,1024,2,223,0.01850680812010228
shallow,1024,2,224,0.018289920808248046
shallow,1024,2,225,0.018068269240565524
shallow,1024,2,226,0.017856015967677427
shallow,1024,2,227,0.017660470818621946
shallow,1024,2,228,0.01749518737407639
shallow,1024,2,229,0.017294890372152722
shallow,1024,2,230,0.0170909498916366
shallow,1024,2,231,0.016886397011141342
shallow,1024,2,232,0.016661177601399735
shallow,1024,2,233,0.016483082462388342
shallow,1024,2,234,0.016307894219019913
shallow,1024,2,235,0.016096207275266984
shallow,1024,2,236,0.015923758527335956
shallow,1024,2,237,0.015732959012205592
shallow,1024,2,238,0.015543678619205683
shallow,1024,2,239,0.01534484233133525
shallow,1024,2,240,0.015168005106403969
shallow,1024,2,241,0.014933156326265209
shallow,1024,2,242,0.014690547155097277
shallow,1024,2,243,0.014408211687779157
shallow,1024,2,244,0.014156337018206183
shallow,1024,2,245,0.013941318427884892
shallow,1024,2,246,0.013778834681522394
shallow,1024,2,247,0.013625076497225552
shallow,1024,2,248,0.013494578904960423
shallow,1024,2,249,0.01334628019922925
shallow,1024,2,250,0.013174007605030832
shallow,1024,2,251,0.013019862525898648
shallow,1024,2,252,0.012862033704454719
shallow,1024,2,253,0.012712258154893488
shallow,1024,2,254,0.012565494261562692
shallow,1024,2,255,0.01240227471194713
shallow,1024,2,256,0.01224192715668926
shallow,1024,2,257,0.012068196397234861
shallow,1024,2,258,0.011938247621273042
shallow,1024,2,259,0.011830255085402704
shallow,1024,2,260,0.01172191751187339
shallow,1024,2,261,0.011654889599706264
shallow,1024,2,262,0.01155248740385154
shallow,1024,2,263,0.011461608239062584
shallow,1024,2,264,0.011403531644705901
shallow,1024,2,265,0.01138847596201016
shallow,1024,2,266,0.011361807356647402
shallow,1024,2,267,0.01133079932978803
shallow,1024,2,268,0.011251894381832795
shallow,1024,2,269,0.011205047697121946
shallow,1024,2,270,0.011185759473747756
shallow,1024,2,271,0.011128776217565396
shallow,1024,2,272,0.011046532067869621
shallow,1024,2,273,0.01095120640318585
shallow,1024,2,274,0.010846052768782232
shallow,1024,2,275,0.010756874095835815
shallow,1024,2,276,0.010679754814983313
shallow,1024,2,277,0.010638870572858793
shallow,1024,2,278,0.010646705069783555
shallow,1024,2,279,0.010586747430274268
shallow,1024,2,280,0.010519993769744173
shallow,1024,2,281,0.010466294282706375
shallow,1024,2,282,0.010379915220187268
shallow,1024,2,283,0.010300372565401119
shallow,1024,2,284,0.010212490445508619
shallow,1024,2,285,0.010208430705849756
shallow,1024,2,286,0.010222968523248603
shallow,1024,2,287,0.010214898102978386
shallow,1024,2,288,0.010159340305536014
shallow,1024,2,289,0.010114165163271863
shallow,1024,2,290,0.010034748856540494
shallow,1024,2,291,0.009922487220696866
shallow,1024,2,292,0.009823546686278769
shallow,1024,2,293,0.009746704178177402
shallow,1024,2,294,0.009699830043870476
shallow,1024,2,295,0.009683354301706092
shallow,1024,2,296,0.009695334801809204
shallow,1024,2,297,0.00967145429323863
shallow,1024,2,298,0.009671417366256341
shallow,1024,2,299,0.009673299381738078
shallow,1024,2,300,0.009671062408505623
shallow,1024,2,301,0.009672325878711141
shallow,1024,2,302,0.009660014333567744
shallow,1024,2,303,0.009622213199935835
shallow,1024,2,304,0.009561301093816282
shallow,1024,2,305,0.009474621684635545
shallow,1024,2,306,0.009373904150135098
shallow,1024,2,307,0.00929235091830262
shallow,1024,2,308,0.0092245915915748
shallow,1024,2,309,0.009109470313167023
shallow,1024,2,310,0.009033854580044395
shallow,1024,2,311,0.00893337873621734
shallow,1024,2,312,0.008797327138578465
shallow,1024,2,313,0.008664684501234367
shallow,1024,2,314,0.008508796323832972
shallow,1024,2,315,0.008357340028457194
shallow,1024,2,316,0.008194866771159685
shallow,1024,2,317,0.00799346874856504
shallow,1024,2,318,0.007767489984886123
shallow,1024,2,319,0.007599099344617973
shallow,1024,2,320,0.0074313416256401275
shallow,1024,2,321,0.00725971849014838
shallow,1024,2,322,0.00708191672605941
shallow,1024,2,323,0.00688760928658516
shallow,1024,2,324,0.006689147314749146
shallow,1024,2,325,0.006494365965687083
shallow,1024,2,326,0.00641065445640348
shallow,1024,2,327,0.006288567710634603
shallow,1024,2,328,0.0061394381654647084
shallow,1024,2,329,0.005994090651500758
shallow,1024,2,330,0.005850252028774922
shallow,1024,2,331,0.005730567946169581
shallow,1024,2,332,0.005587942523929218
shallow,1024,2,333,0.005433585658590373
shallow,1024,2,334,0.0052860524012670355
shallow,1024,2,335,0.0051700410122887145
shallow,1024,2,336,0.005050856581357657
shallow,1024,2,337,0.0049334034043539325
shallow,1024,2,338,0.004800845238402797
shallow,1024,2,339,0.004638434637779296
shallow,1024,2,340,0.0045117072671998605
shallow,1024,2,341,0.004418273425924732
shallow,1024,2,342,0.004367666465440637
shallow,1024,2,343,0.0043321823510689556
shallow,1024,2,344,0.004227203905216294
shallow,1024,2,345,0.004158861689366304
shallow,1024,2,346,0.004048351629773719
shallow,1024,2,347,0.003941237474834539
shallow,1024,2,348,0.0038421525165744275
shallow,1024,2,349,0.003752899375598425
shallow,1024,2,350,0.003667150944756681
shallow,1024,2,351,0.003586736155980147
shallow,1024,2,352,0.003577811025615089
shallow,1024,2,353,0.003537411228258845
shallow,1024,2,354,0.0035009454239576425
shallow,1024,2,355,0.0034876142845509843
shallow,1024,2,356,0.0034543397996266
shallow,1024,2,357,0.003430284997852605
shallow,1024,2,358,0.003402329448928327
shallow,1024,2,359,0.0033851431292409315
shallow,1024,2,360,0.003337948973306028
shallow,1024,2,361,0.0032927833463838375
shallow,1024,2,362,0.0032863247789217637
shallow,1024,2,363,0.0032138729571074675
shallow,1024,2,364,0.0031576150242952615
shallow,1024,2,365,0.0030895889752637195
shallow,1024,2,366,0.0030349816144795904
shallow,1024,2,367,0.0030811840829958097
shallow,1024,2,368,0.0031129994855771553
shallow,1024,2,369,0.0031729359958921942
shallow,1024,2,370,0.0032250631617935337
shallow,1024,2,371,0.0032597521950974225
shallow,1024,2,372,0.0033009470968371063
shallow,1024,2,373,0.00338353348154565
shallow,1024,2,374,0.0034767178195571767
shallow,1024,2,375,0.0035372785990239906
shallow,1024,2,376,0.0035561090109874354
shallow,1024,2,377,0.0035831026233105385
shallow,1024,2,378,0.0037117425657307813
shallow,1024,2,379,0.003828702248138476
shallow,1024,2,380,0.0039399832286588264
shallow,1024,2,381,0.004029137684536359
shallow,1024,2,382,0.004108688561463462
shallow,1024,2,383,0.004166779649063203
shallow,1024,2,384,0.004208356391398493
shallow,1024,2,385,0.004225359889244757
shallow,1024,2,386,0.004268841458970664
shallow,1024,2,387,0.004333249318262658
shallow,1024,2,388,0.004415043569178595
shallow,1024,2,389,0.004477921392273486
shallow,1024,2,390,0.0045514797385100576
shallow,1024,2,391,0.004635015047244254
shallow,1024,2,392,0.004706578103122574
shallow,1024,2,393,0.004817037164710414
shallow,1024,2,394,0.0049496145510266815
shallow,1024,2,395,0.005057617117285286
shallow,1024,2,396,0.005147837159846776
shallow,1024,2,397,0.0052565585292746395
shallow,1024,2,398,0.005305309635146109
shallow,1024,2,399,0.005353362467495585
shallow,1024,2,400,0.00539849379281644
shallow,4096,0,0,1.0
shallow,4096,0,1,0.9739154044173625
shallow,4096,0,2,0.9486329546172474
shallow,4096,0,3,0.9241281288225476
shallow,4096,0,4,0.9003811870255819
shallow,4096,0,5,0.8773483803183438
shallow,4096,0,6,0.8549706273872762
shallow,4096,0,7,0.8332448554850892
shallow,4096,0,8,0.8121289809382464
shallow,4096,0,9,0.7916660800544965
shallow,4096,0,10,0.7717967007380135
shallow,4096,0,11,0.7525321682640802
shallow,4096,0,12,0.7338566410732517
shallow,4096,0,13,0.715747051414622
shallow,4096,0,14,0.69810330380071
shallow,4096,0,15,0.6809692183936014
shallow,4096,0,16,0.6643323945830982
shallow,4096,0,17,0.6481540459347848
shallow,4096,0,18,0.6324842049818366
shallow,4096,0,19,0.617220231887399
shallow,4096,0,20,0.6023606293450193
shallow,4096,0,21,0.5879723553777362
shallow,4096,0,22,0.5740116573474167
shallow,4096,0,23,0.5604634058489506
shallow,4096,0,24,0.5472860086989549
shallow,4096,0,25,0.5344842154414323
shallow,4096,0,26,0.5220349122965696
shallow,4096,0,27,0.5099237660760108
shallow,4096,0,28,0.4981138096030049
shallow,4096,0,29,0.48663133380393914
shallow,4096,0,30,0.47546674588629145
shallow,4096,0,31,0.4645799829767617
shallow,4096,0,32,0.45400479583024206
shallow,4096,0,33,0.4437565721965247
shallow,4096,0,34,0.4338098015770339
shallow,4096,0,35,0.4241402632373037
shallow,4096,0,36,0.41468125842185344
shallow,4096,0,37,0.4054746095293581
shallow,4096,0,38,0.3964563449617907
shallow,4096,0,39,0.3876598460691409
shallow,4096,0,40,0.3790269949061888
shallow,4096,0,41,0.3705553923219905
shallow,4096,0,42,0.3623257643515648
shallow,4096,0,43,0.3542687333250085
shallow,4096,0,44,0.34638629454771835
shallow,4096,0,45,0.3387003553678329
shallow,4096,0,46,0.33125364799020524
shallow,4096,0,47,0.32395289057346277
shallow,4096,0,48,0.3168398678974725
shallow,4096,0,49,0.30992518406859487
shallow,4096,0,50,0.30326464773101125
shallow,4096,0,51,0.2967788816967002
shallow,4096,0,52,0.2904463477403239
shallow,4096,0,53,0.2842309903802237
shallow,4096,0,54,0.27816363715071146
shallow,4096,0,55,0.2722501395727874
shallow,4096,0,56,0.2664542518854073
shallow,4096,0,57,0.2607986613384482
shallow,4096,0,58,0.2552898739723926
shallow,4096,0,59,0.24984347358154244
shallow,4096,0,60,0.2445174610288683
shallow,4096,0,61,0.23933947093237584
shallow,4096,0,62,0.23426424513120084
shallow,4096,0,63,0.22927953369313572
shallow,4096,0,64,0.22434975047054226
shallow,4096,0,65,0.21952258324508947
shallow,4096,0,66,0.21480317108230684
shallow,4096,0,67,0.21021577672152889
shallow,4096,0,68,0.20577285355820304
shallow,4096,0,69,0.2014689866706456
shallow,4096,0,70,0.19725274883081934
shallow,4096,0,71,0.19313584543176437
shallow,4096,0,72,0.18911849926526175
shallow,4096,0,73,0.1852042028935687
shallow,4096,0,74,0.18136126489537235
shallow,4096,0,75,0.1775711307777325
shallow,4096,0,76,0.17386747885844372
shallow,4096,0,77,0.17025046592709686
shallow,4096,0,78,0.16672924553441074
shallow,4096,0,79,0.16326800821122678
shallow,4096,0,80,0.15986518772610928
shallow,4096,0,81,0.1565830883677958
shallow,4096,0,82,0.15338453880499808
shallow,4096,0,83,0.150270555858751
shallow,4096,0,84,0.1472380884876986
shallow,4096,0,85,0.1442632518294455
shallow,4096,0,86,0.14137381884224715
shallow,4096,0,87,0.1385694879935147
shallow,4096,0,88,0.13581065010225735
shallow,4096,0,89,0.13312814941160878
shallow,4096,0,90,0.13047877566265131
shallow,4096,0,91,0.12786397242629707
shallow,4096,0,92,0.12531883848706615
shallow,4096,0,93,0.12283662142635171
shallow,4096,0,94,0.1204469339934088
shallow,4096,0,95,0.11809803945347287
shallow,4096,0,96,0.11579637753321693
shallow,4096,0,97,0.1135633512141345
shallow,4096,0,98,0.11139164172184031
shallow,4096,0,99,0.10924848400687895
shallow,4096,0,100,0.1071189118098316
shallow,4096,0,101,0.10500712929661843
shallow,4096,0,102,0.102941187679616
shallow,4096,0,103,0.10090778294556219
shallow,4096,0,104,0.09893145613832208
shallow,4096,0,105,0.09710579471004674
shallow,4096,0,106,0.09532576231089289
shallow,4096,0,107,0.09358370305722744
shallow,4096,0,108,0.09189110816145613
shallow,4096,0,109,0.09023216232779785
shallow,4096,0,110,0.08860924463457215
shallow,4096,0,111,0.08703481445145986
shallow,4096,0,112,0.08551850619963386
shallow,4096,0,113,0.08409036599983938
shallow,4096,0,114,0.08271679273029735
shallow,4096,0,115,0.0813807342568228
shallow,4096,0,116,0.08006640279632848
shallow,4096,0,117,0.07875962071996712
shallow,4096,0,118,0.07748048513403986
shallow,4096,0,119,0.07621732778920262
shallow,4096,0,120,0.07497593237123415
shallow,4096,0,121,0.07379782554229679
shallow,4096,0,122,0.07261590053600447
shallow,4096,0,123,0.07148137945661742
shallow,4096,0,124,0.07036095693526181
shallow,4096,0,125,0.06932726505165177
shallow,4096,0,126,0.06830690171436374
shallow,4096,0,127,0.06734141451416648
shallow,4096,0,128,0.06635011647127696
shallow,4096,0,129,0.06539097433439667
shallow,4096,0,130,0.06447856209740914
shallow,4096,0,131,0.06356714325010342
shallow,4096,0,132,0.06269109156962055
shallow,4096,0,133,0.06183196465281156
shallow,4096,0,134,0.06100027749143789
shallow,4096,0,135,0.06022564119180568
shallow,4096,0,136,0.05943430698917085
shallow,4096,0,137,0.05863790473611502
shallow,4096,0,138,0.05785497193624323
shallow,4096,0,139,0.057036036030657246
shallow,4096,0,140,0.05622288098422652
shallow,4096,0,141,0.055396546510442055
shallow,4096,0,142,0.054584847890269926
shallow,4096,0,143,0.05381235225965827
shallow,4096,0,144,0.0529755845152619
shallow,4096,0,145,0.05215817838854668
shallow,4096,0,146,0.05140845057528469
shallow,4096,0,147,0.0506560531239106
shallow,4096,0,148,0.04989698792925355
shallow,4096,0,149,0.049141741273647746
shallow,4096,0,150,0.04845683991416342
shallow,4096,0,151,0.04782994886815206
shallow,4096,0,152,0.04720938497411874
shallow,4096,0,153,0.04662996728267133
shallow,4096,0,154,0.04603830018598188
shallow,4096,0,155,0.04549275064647536
shallow,4096,0,156,0.044998119138901
shallow,4096,0,157,0.044481204929984586
shallow,4096,0,158,0.0439690096940871
shallow,4096,0,159,0.043431146820633364
shallow,4096,0,160,0.04291273939512275
shallow,4096,0,161,0.04235746923044304
shallow,4096,0,162,0.04181501089190706
shallow,4096,0,163,0.04125714788608429
shallow,4096,0,164,0.04072386767447578
shallow,4096,0,165,0.040211851892042974
shallow,4096,0,166,0.03974588570282416
shallow,4096,0,167,0.03927591621976814
shallow,4096,0,168,0.038809244082024526
shallow,4096,0,169,0.03841738978719682
shallow,4096,0,170,0.038043418664731335
shallow,4096,0,171,0.03765152646221439
shallow,4096,0,172,0.037227614451250925
shallow,4096,0,173,0.036836753633583644
shallow,4096,0,174,0.03651047923703031
shallow,4096,0,175,0.03617259659812137
shallow,4096,0,176,0.035820545326195656
shallow,4096,0,177,0.03545724172195208
shallow,4096,0,178,0.03511848322943008
shallow,4096,0,179,0.03479701673733075
shallow,4096,0,180,0.03442517048310075
shallow,4096,0,181,0.034037390202564397
shallow,4096,0,182,0.033647434804777
shallow,4096,0,183,0.0332832248914251
shallow,4096,0,184,0.03293786159239989
shallow,4096,0,185,0.03261086313206751
shallow,4096,0,186,0.03225926540113544
shallow,4096,0,187,0.03192862563385472
shallow,4096,0,188,0.0315726333990599
shallow,4096,0,189,0.03121379144244965
shallow,4096,0,190,0.030839504998006754
shallow,4096,0,191,0.030440338568003912
shallow,4096,0,192,0.030046366717112374
shallow,4096,0,193,0.029676981337016538
shallow,4096,0,194,0.029290721573403518
shallow,4096,0,195,0.028850858605995462
shallow,4096,0,196,0.028391122694542456
shallow,4096,0,197,0.027883430211492387
shallow,4096,0,198,0.027417505381108792
shallow,4096,0,199,0.02690262538179565
shallow,4096,0,200,0.026385323527763564
shallow,4096,0,201,0.02587733976568189
shallow,4096,0,202,0.025413272685917872
shallow,4096,0,203,0.02496461243844518
shallow,4096,0,204,0.024549986355919862
shallow,4096,0,205,0.024151178658643076
shallow,4096,0,206,0.023724913329344857
shallow,4096,0,207,0.0233317771833672
shallow,4096,0,208,0.02295529588436468
shallow,4096,0,209,0.022533562912070197
shallow,4096,0,210,0.02212201139647332
shallow,4096,0,211,0.021772082676607827
shallow,4096,0,212,0.02143942370959985
shallow,4096,0,213,0.021131767859772912
shallow,4096,0,214,0.020834612708391407
shallow,4096,0,215,0.020545973515749563
shallow,4096,0,216,0.02026152717944666
shallow,4096,0,217,0.019947370291746657
shallow,4096,0,218,0.01958424236028679
shallow,4096,0,219,0.019248788140511806
shallow,4096,0,220,0.018860399036315208
shallow,4096,0,221,0.018498923674746676
shallow,4096,0,222,0.01817377100403351
shallow,4096,0,223,0.01782817326765499
shallow,4096,0,224,0.01751298024802311
shallow,4096,0,225,0.01723248202986263
shallow,4096,0,226,0.016959884657927284
shallow,4096,0,227,0.016675758955782796
shallow,4096,0,228,0.016397960007474607
shallow,4096,0,229,0.016148955403074924
shallow,4096,0,230,0.01587810750663047
shallow,4096,0,231,0.01560286489838838
shallow,4096,0,232,0.01542120558626737
shallow,4096,0,233,0.015248873484210395
shallow,4096,0,234,0.015058698494519221
shallow,4096,0,235,0.014878630088206637
shallow,4096,0,236,0.014747986653223548
shallow,4096,0,237,0.01460264580475516
shallow,4096,0,238,0.014428390807378656
shallow,4096,0,239,0.014270710540851458
shallow,4096,0,240,0.014087953030295763
shallow,4096,0,241,0.013901686755044594
shallow,4096,0,242,0.01372343763246916
shallow,4096,0,243,0.013520368756482446
shallow,4096,0,244,0.013349702696306835
shallow,4096,0,245,0.01311164569316423
shallow,4096,0,246,0.012911163251456026
shallow,4096,0,247,0.012719930668127271
shallow,4096,0,248,0.012491622079086134
shallow,4096,0,249,0.01225970149518075
shallow,4096,0,250,0.012078100614506
shallow,4096,0,251,0.011868192590804108
shallow,4096,0,252,0.011703151349141632
shallow,4096,0,253,0.011491310002725042
shallow,4096,0,254,0.011370043981750871
shallow,4096,0,255,0.011249920926783043
shallow,4096,0,256,0.011062218350285511
shallow,4096,0,257,0.010934171630012994
shallow,4096,0,258,0.010807662902214294
shallow,4096,0,259,0.01072881038537864
shallow,4096,0,260,0.010693766405981867
shallow,4096,0,261,0.010713018831643613
shallow,4096,0,262,0.01073405010040294
shallow,4096,0,263,0.010744604070659837
shallow,4096,0,264,0.010810634639151488
shallow,4096,0,265,0.010878096334540096
shallow,4096,0,266,0.010927892833120349
shallow,4096,0,267,0.01091861787931981
shallow,4096,0,268,0.010900028916702064
shallow,4096,0,269,0.010914392586224436
shallow,4096,0,270,0.010942864090469639
shallow,4096,0,271,0.010976354099698637
shallow,4096,0,272,0.010997224945000375
shallow,4096,0,273,0.011044356913614327
shallow,4096,0,274,0.011079546081225572
shallow,4096,0,275,0.01112757752320544
shallow,4096,0,276,0.01121014304051511
shallow,4096,0,277,0.011246581041801863
shallow,4096,0,278,0.011233619548077304
shallow,4096,0,279,0.011204835379332312
shallow,4096,0,280,0.01118690917842435
shallow,4096,0,281,0.011124498386644983
shallow,4096,0,282,0.01107099450103297
shallow,4096,0,283,0.010950757738836374
shallow,4096,0,284,0.010778650494446197
shallow,4096,0,285,0.010602243448203152
shallow,4096,0,286,0.010436681440006047
shallow,4096,0,287,0.010325090008588557
shallow,4096,0,288,0.010198739083035107
shallow,4096,0,289,0.010101009527254571
shallow,4096,0,290,0.010038997184229261
shallow,4096,0,291,0.00992329843718924
shallow,4096,0,292,0.009803395904362754
shallow,4096,0,293,0.009649249776973345
shallow,4096,0,294,0.009503591487740142
shallow,4096,0,295,0.009333789825368088
shallow,4096,0,296,0.009170823090969619
shallow,4096,0,297,0.009028977022484112
shallow,4096,0,298,0.008922371749900543
shallow,4096,0,299,0.008819717729708854
shallow,4096,0,300,0.008738920830061938
shallow,4096,0,301,0.008649051253058848
shallow,4096,0,302,0.008582781606387074
shallow,4096,0,303,0.008550004954405761
shallow,4096,0,304,0.00853900846367109
shallow,4096,0,305,0.00850118415714694
shallow,4096,0,306,0.008421685668561281
shallow,4096,0,307,0.008309647368939611
shallow,4096,0,308,0.008253496946075845
shallow,4096,0,309,0.008137930184276354
shallow,4096,0,310,0.00803662229432845
shallow,4096,0,311,0.007957725717768772
shallow,4096,0,312,0.007901935500905658
shallow,4096,0,313,0.007812413532318779
shallow,4096,0,314,0.007720786270162294
shallow,4096,0,315,0.007649764778713403
shallow,4096,0,316,0.007590431352261854
shallow,4096,0,317,0.0075300084948977915
shallow,4096,0,318,0.007486906814959213
shallow,4096,0,319,0.007438368871117483
shallow,4096,0,320,0.007397066040130102
shallow,4096,0,321,0.007344509276628753
shallow,4096,0,322,0.007241833047568072
shallow,4096,0,323,0.007153419407502103
shallow,4096,0,324,0.007054761804562378
shallow,4096,0,325,0.007009845365681345
shallow,4096,0,326,0.006984794316573222
shallow,4096,0,327,0.006965219974703226
shallow,4096,0,328,0.006947394333891517
shallow,4096,0,329,0.006923973026039063
shallow,4096,0,330,0.006910962778786835
shallow,4096,0,331,0.006910944745307148
shallow,4096,0,332,0.006952632966904015
shallow,4096,0,333,0.006980183952586575
shallow,4096,0,334,0.007064981060875672
shallow,4096,0,335,0.007147978997375796
shallow,4096,0,336,0.007247099718405824
shallow,4096,0,337,0.0074143636629175474
shallow,4096,0,338,0.007591495905133348
shallow,4096,0,339,0.007785127328278042
shallow,4096,0,340,0.007987359756912709
shallow,4096,0,341,0.008139866872014232
shallow,4096,0,342,0.008322289652488817
shallow,4096,0,343,0.00851815822362228
shallow,4096,0,344,0.00869335733328007
shallow,4096,0,345,0.008841076435369091
shallow,4096,0,346,0.008962781685422362
shallow,4096,0,347,0.0090843026675242
shallow,4096,0,348,0.009185632316415475
shallow,4096,0,349,0.00925839723204791
shallow,4096,0,350,0.009329335425022962
shallow,4096,0,351,0.009333030370579587
shallow,4096,0,352,0.009319611541725762
shallow,4096,0,353,0.009320929561711875
shallow,4096,0,354,0.009355571949566113
shallow,4096,0,355,0.009436590474198099
shallow,4096,0,356,0.009527443057908825
shallow,4096,0,357,0.009625752504234199
shallow,4096,0,358,0.009703913815911909
shallow,4096,0,359,0.009770872860273061
shallow,4096,0,360,0.009846973919399682
shallow,4096,0,361,0.009918377680128786
shallow,4096,0,362,0.010000461493752067
shallow,4096,0,363,0.01005067261485945
shallow,4096,0,364,0.010140434903470594
shallow,4096,0,365,0.010237573524572514
shallow,4096,0,366,0.010264406878365084
shallow,4096,0,367,0.010308131936739861
shallow,4096,0,368,0.010382696433847372
shallow,4096,0,369,0.010434773238874455
shallow,4096,0,370,0.010496744984339904
shallow,4096,0,371,0.010523569613381314
shallow,4096,0,372,0.010578624367567499
shallow,4096,0,373,0.01068060084831504
shallow,4096,0,374,0.010755801618340999
shallow,4096,0,375,0.010779360073135397
shallow,4096,0,376,0.010793862679607963
shallow,4096,0,377,0.010784187058868517
shallow,4096,0,378,0.010734677682682364
shallow,4096,0,379,0.010659233904542608
shallow,4096,0,380,0.01065954419371787
shallow,4096,0,381,0.010626425029104204
shallow,4096,0,382,0.01051860235732775
shallow,4096,0,383,0.010415110000710277
shallow,4096,0,384,0.010287959797907129
shallow,4096,0,385,0.01018302296514286
shallow,4096,0,386,0.01010948572007225
shallow,4096,0,387,0.010059072397265438
shallow,4096,0,388,0.009974916251802163
shallow,4096,0,389,0.009903548936031473
shallow,4096,0,390,0.009827029851314171
shallow,4096,0,391,0.009738547076579385
shallow,4096,0,392,0.009640686723467217
shallow,4096,0,393,0.009542391302187129
shallow,4096,0,394,0.009393698693047152
shallow,4096,0,395,0.009244235297394194
shallow,4096,0,396,0.009118299645483314
shallow,4096,0,397,0.009061576161536583
shallow,4096,0,398,0.009024478572601989
shallow,4096,0,399,0.008960460299519073
shallow,4096,0,400,0.008889870874614687
shallow,4096,1,0,1.0
shallow,4096,1,1,0.9736936121496105
shallow,4096,1,2,0.9481760658264309
shallow,4096,1,3,0.9234435158141507
shallow,4096,1,4,0.8994415948650849
shallow,4096,1,5,0.8761691832903309
shallow,4096,1,6,0.8536248658355822
shallow,4096,1,7,0.8317921038276941
shallow,4096,1,8,0.8106050474815584
shallow,4096,1,9,0.7900528460817966
shallow,4096,1,10,0.7701405800048419
shallow,4096,1,11,0.750852750360295
shallow,4096,1,12,0.7321363748606022
shallow,4096,1,13,0.7139925327687723
shallow,4096,1,14,0.6963700120555321
shallow,4096,1,15,0.6792699448384927
shallow,4096,1,16,0.6626959944638269
shallow,4096,1,17,0.6466078995453435
shallow,4096,1,18,0.6309576030159298
shallow,4096,1,19,0.6157891677552372
shallow,4096,1,20,0.6010691082716885
shallow,4096,1,21,0.5867165735700997
shallow,4096,1,22,0.5727573441486586
shallow,4096,1,23,0.5592332404670439
shallow,4096,1,24,0.5460941358416567
shallow,4096,1,25,0.5333099983087471
shallow,4096,1,26,0.5209127594297305
shallow,4096,1,27,0.5088474241593535
shallow,4096,1,28,0.4971152875831355
shallow,4096,1,29,0.485660245021264
shallow,4096,1,30,0.4745685830533779
shallow,4096,1,31,0.4637528905623952
shallow,4096,1,32,0.4532739078550006
shallow,4096,1,33,0.44307544438513063
shallow,4096,1,34,0.43314737898060773
shallow,4096,1,35,0.4234755374289866
shallow,4096,1,36,0.4140650529206204
shallow,4096,1,37,0.40488333949006816
shallow,4096,1,38,0.39590947836622226
shallow,4096,1,39,0.3871470047105407
shallow,4096,1,40,0.3785910958443154
shallow,4096,1,41,0.37024685955228154
shallow,4096,1,42,0.3620935256229825
shallow,4096,1,43,0.35417593688725746
shallow,4096,1,44,0.3464846977595527
shallow,4096,1,45,0.33902536313508824
shallow,4096,1,46,0.3318124010619356
shallow,4096,1,47,0.32481090706485105
shallow,4096,1,48,0.31798400087766393
shallow,4096,1,49,0.31129211965241665
shallow,4096,1,50,0.304708793131012
shallow,4096,1,51,0.2983189800409891
shallow,4096,1,52,0.2921234154457138
shallow,4096,1,53,0.28608393466751797
shallow,4096,1,54,0.2802277940841882
shallow,4096,1,55,0.27456396001057326
shallow,4096,1,56,0.2690244261099376
shallow,4096,1,57,0.2636850500272018
shallow,4096,1,58,0.25848040872137545
shallow,4096,1,59,0.25338807073606195
shallow,4096,1,60,0.2484461781441868
shallow,4096,1,61,0.24364271490028833
shallow,4096,1,62,0.23894623448785307
shallow,4096,1,63,0.23439423811776433
shallow,4096,1,64,0.22998077431066205
shallow,4096,1,65,0.22565448198688703
shallow,4096,1,66,0.22146626407352923
shallow,4096,1,67,0.21742301714007395
shallow,4096,1,68,0.21343729687320004
shallow,4096,1,69,0.20952500391083836
shallow,4096,1,70,0.20570311229866065
shallow,4096,1,71,0.20198812435952834
shallow,4096,1,72,0.19831066426718572
shallow,4096,1,73,0.19464453800151232
shallow,4096,1,74,0.191005490132796
shallow,4096,1,75,0.18746000960127418
shallow,4096,1,76,0.1839851922378705
shallow,4096,1,77,0.18061189947497544
shallow,4096,1,78,0.17729390630990144
shallow,4096,1,79,0.17403859958876816
shallow,4096,1,80,0.17081159617941438
shallow,4096,1,81,0.16760502151269518
shallow,4096,1,82,0.16447168319179037
shallow,4096,1,83,0.16141732606668047
shallow,4096,1,84,0.15845497720153345
shallow,4096,1,85,0.1555417681750511
shallow,4096,1,86,0.15266937115964468
shallow,4096,1,87,0.14985390467800475
shallow,4096,1,88,0.1470771114685609
shallow,4096,1,89,0.14432284198682588
shallow,4096,1,90,0.1416193500967973
shallow,4096,1,91,0.13894044356760965
shallow,4096,1,92,0.1363699534263204
shallow,4096,1,93,0.13386337388912276
shallow,4096,1,94,0.1314336187715699
shallow,4096,1,95,0.12906298214659864
shallow,4096,1,96,0.12675297609432445
shallow,4096,1,97,0.12444269739829808
shallow,4096,1,98,0.12211126999296984
shallow,4096,1,99,0.11982387579290987
shallow,4096,1,100,0.11763877282722159
shallow,4096,1,101,0.11549359865420962
shallow,4096,1,102,0.11341323554379122
shallow,4096,1,103,0.11136186459860324
shallow,4096,1,104,0.10935170814772736
shallow,4096,1,105,0.10735920203344125
shallow,4096,1,106,0.10535225723822975
shallow,4096,1,107,0.10337583515970733
shallow,4096,1,108,0.10137642777610481
shallow,4096,1,109,0.099418564898969
shallow,4096,1,110,0.09746515460324826
shallow,4096,1,111,0.09552230445751896
shallow,4096,1,112,0.09361509837140955
shallow,4096,1,113,0.0917686230119653
shallow,4096,1,114,0.09000501639554492
shallow,4096,1,115,0.08832194844622
shallow,4096,1,116,0.08667741006291538
shallow,4096,1,117,0.08504261786001649
shallow,4096,1,118,0.08346511547148443
shallow,4096,1,119,0.08196491831946491
shallow,4096,1,120,0.08042805709954617
shallow,4096,1,121,0.07893516024648602
shallow,4096,1,122,0.07743603700323035
shallow,4096,1,123,0.07601025621770215
shallow,4096,1,124,0.07461385338204214
shallow,4096,1,125,0.07323041324037333
shallow,4096,1,126,0.07190804989502139
shallow,4096,1,127,0.07062437799023127
shallow,4096,1,128,0.06939480053219382
shallow,4096,1,129,0.06818846438795904
shallow,4096,1,130,0.06702392198781282
shallow,4096,1,131,0.06583374519844062
shallow,4096,1,132,0.06465429632227136
shallow,4096,1,133,0.06350484751488054
shallow,4096,1,134,0.06236158560729426
shallow,4096,1,135,0.061271425035297096
shallow,4096,1,136,0.06022836374531089
shallow,4096,1,137,0.05922871010499491
shallow,4096,1,138,0.058269347958724446
shallow,4096,1,139,0.057331373943734075
shallow,4096,1,140,0.0563970790924294
shallow,4096,1,141,0.05551250296155825
shallow,4096,1,142,0.05460735509625265
shallow,4096,1,143,0.053728718180253966
shallow,4096,1,144,0.052871469426782974
shallow,4096,1,145,0.052027757392346254
shallow,4096,1,146,0.0512347981761255
shallow,4096,1,147,0.050457100665621694
shallow,4096,1,148,0.04973143716823676
shallow,4096,1,149,0.049011794670823366
shallow,4096,1,150,0.04828792002568704
shallow,4096,1,151,0.04762199858308901
shallow,4096,1,152,0.04693610324966955
shallow,4096,1,153,0.04630099976459939
shallow,4096,1,154,0.04567563306180829
shallow,4096,1,155,0.04505758197875387
shallow,4096,1,156,0.04445812113449921
shallow,4096,1,157,0.04386562366692394
shallow,4096,1,158,0.043301070712462204
shallow,4096,1,159,0.04274723847392336
shallow,4096,1,160,0.04220616839764348
shallow,4096,1,161,0.041657261584435744
shallow,4096,1,162,0.04117093908646857
shallow,4096,1,163,0.04065471599324754
shallow,4096,1,164,0.04012177845305118
shallow,4096,1,165,0.039618788834275616
shallow,4096,1,166,0.03913924881735214
shallow,4096,1,167,0.03865966563526256
shallow,4096,1,168,0.03823084563257104
shallow,4096,1,169,0.03790583174238504
shallow,4096,1,170,0.03758930888260938
shallow,4096,1,171,0.037284033182478304
shallow,4096,1,172,0.03698257011274903
shallow,4096,1,173,0.03665867933918317
shallow,4096,1,174,0.03631047351978977
shallow,4096,1,175,0.035949091398758154
shallow,4096,1,176,0.035560393024160586
shallow,4096,1,177,0.0351923597869183
shallow,4096,1,178,0.0348585456873543
shallow,4096,1,179,0.034548641000867804
shallow,4096,1,180,0.03427287894829449
shallow,4096,1,181,0.03403511226887081
shallow,4096,1,182,0.033779325698419224
shallow,4096,1,183,0.03354639471116225
shallow,4096,1,184,0.03328159090308008
shallow,4096,1,185,0.03300673006235911
shallow,4096,1,186,0.03264101239970227
shallow,4096,1,187,0.032249956776038965
shallow,4096,1,188,0.03187737235499742
shallow,4096,1,189,0.03155794590900619
shallow,4096,1,190,0.031243950114735467
shallow,4096,1,191,0.03088941169557295
shallow,4096,1,192,0.030542641196061877
shallow,4096,1,193,0.030195605740403822
shallow,4096,1,194,0.029867953059282238
shallow,4096,1,195,0.0295262833825827
shallow,4096,1,196,0.02916660238668843
shallow,4096,1,197,0.028824988459888366
shallow,4096,1,198,0.028493931768563144
shallow,4096,1,199,0.02815646374048283
shallow,4096,1,200,0.02780724711780751
shallow,4096,1,201,0.027481930833495455
shallow,4096,1,202,0.027115627133283998
shallow,4096,1,203,0.026739994463997746
shallow,4096,1,204,0.026362458855836483
shallow,4096,1,205,0.02600886746283801
shallow,4096,1,206,0.02565930243218483
shallow,4096,1,207,0.025286067086393943
shallow,4096,1,208,0.02490911911530739
shallow,4096,1,209,0.024543269844070566
shallow,4096,1,210,0.02417765388957689
shallow,4096,1,211,0.023793313847384867
shallow,4096,1,212,0.02345198154390845
shallow,4096,1,213,0.023101757111599806
shallow,4096,1,214,0.022729977979605867
shallow,4096,1,215,0.02235266949367682
shallow,4096,1,216,0.021955288387489953
shallow,4096,1,217,0.02153738343195851
shallow,4096,1,218,0.021079649003650933
shallow,4096,1,219,0.020625525387865575
shallow,4096,1,220,0.020270716286580625
shallow,4096,1,221,0.019895833014914287
shallow,4096,1,222,0.019473835059438074
shallow,4096,1,223,0.018993654026676566
shallow,4096,1,224,0.018469300388260633
shallow,4096,1,225,0.01797165540082539
shallow,4096,1,226,0.01745123193932044
shallow,4096,1,227,0.01696325747313033
shallow,4096,1,228,0.016429518157970984
shallow,4096,1,229,0.015905072631244053
shallow,4096,1,230,0.015446973066078035
shallow,4096,1,231,0.014986629723277033
shallow,4096,1,232,0.014529599439690904
shallow,4096,1,233,0.014007976831914657
shallow,4096,1,234,0.013453511759637852
shallow,4096,1,235,0.012889774261651464
shallow,4096,1,236,0.012361036222747111
shallow,4096,1,237,0.011891574129580165
shallow,4096,1,238,0.011444304815151124
shallow,4096,1,239,0.010997087817790824
shallow,4096,1,240,0.010547441193337564
shallow,4096,1,241,0.010113152819842635
shallow,4096,1,242,0.009710615829590735
shallow,4096,1,243,0.009363949535792025
shallow,4096,1,244,0.008979791174675327
shallow,4096,1,245,0.008596732749619486
shallow,4096,1,246,0.008230445958311166
shallow,4096,1,247,0.007824840775632756
shallow,4096,1,248,0.007442036897161877
shallow,4096,1,249,0.007078337470981081
shallow,4096,1,250,0.006722314651229242
shallow,4096,1,251,0.0063765822348515805
shallow,4096,1,252,0.006049259530100853
shallow,4096,1,253,0.005702286935043462
shallow,4096,1,254,0.0054346788741503685
shallow,4096,1,255,0.005176637062115695
shallow,4096,1,256,0.004975557652422554
shallow,4096,1,257,0.004805750959304091
shallow,4096,1,258,0.00462163501195493
shallow,4096,1,259,0.0043596788058377425
shallow,4096,1,260,0.00414461199860575
shallow,4096,1,261,0.003939517105051072
shallow,4096,1,262,0.0037775169641231874
shallow,4096,1,263,0.0036031708858679104
shallow,4096,1,264,0.003446340343024815
shallow,4096,1,265,0.0032626226076369925
shallow,4096,1,266,0.0030657159304263376
shallow,4096,1,267,0.0028725612489560277
shallow,4096,1,268,0.002661848970005393
shallow,4096,1,269,0.0025128244703429134
shallow,4096,1,270,0.0023147628698397264
shallow,4096,1,271,0.0021406123987507855
shallow,4096,1,272,0.001971480254747546
shallow,4096,1,273,0.0017296869462744815
shallow,4096,1,274,0.0015013958676966966
shallow,4096,1,275,0.0013013976410362707
shallow,4096,1,276,0.0011489978562820163
shallow,4096,1,277,0.000997710316930983
shallow,4096,1,278,0.0008324295951246577
shallow,4096,1,279,0.0006961904527911077
shallow,4096,1,280,0.0005574166879904828
shallow,4096,1,281,0.0004318578473002908
shallow,4096,1,282,0.00029641669357276983
shallow,4096,1,283,0.00020560742200183518
shallow,4096,1,284,0.00012949144528794218
shallow,4096,1,285,7.573900517077723e-05
shallow,4096,1,286,1.020070479819152e-05
shallow,4096,1,287,2.761778457176212e-05
shallow,4096,1,288,0.00010310328449854907
shallow,4096,1,289,0.00018162009028450628
shallow,4096,1,290,0.0002913110674004208
shallow,4096,1,291,0.0003864195586140821
shallow,4096,1,292,0.0004793799330390111
shallow,4096,1,293,0.0005431118387025229
shallow,4096,1,294,0.0006740552777017882
shallow,4096,1,295,0.000797480988532448
shallow,4096,1,296,0.000921157196825643
shallow,4096,1,297,0.0010430448520855372
shallow,4096,1,298,0.0011201902340654277
shallow,4096,1,299,0.001199920312379168
shallow,4096,1,300,0.0011989752233269252
shallow,4096,1,301,0.0012252504180558235
shallow,4096,1,302,0.001275752271977614
shallow,4096,1,303,0.0013281538625665333
shallow,4096,1,304,0.0014094587510424977
shallow,4096,1,305,0.001424083897754257
shallow,4096,1,306,0.0014136583054082717
shallow,4096,1,307,0.0013951099708253334
shallow,4096,1,308,0.0013483154717559894
shallow,4096,1,309,0.0013191975462744066
shallow,4096,1,310,0.0013230926794110984
shallow,4096,1,311,0.001320302652588837
shallow,4096,1,312,0.0013259606498919048
shallow,4096,1,313,0.0012898995840355597
shallow,4096,1,314,0.0011755457882654094
shallow,4096,1,315,0.0010604134982090626
shallow,4096,1,316,0.0009193027225267411
shallow,4096,1,317,0.0007724235634809348
shallow,4096,1,318,0.0006888308299822948
shallow,4096,1,319,0.0006194946387357919
shallow,4096,1,320,0.0005268682401527782
shallow,4096,1,321,0.0004443082109990618
shallow,4096,1,322,0.00034418904063382395
shallow,4096,1,323,0.00030417351364049486
shallow,4096,1,324,0.0002492171779337809
shallow,4096,1,325,0.0002371970103543725
shallow,4096,1,326,0.0002398061924335349
shallow,4096,1,327,0.00017990993051283986
shallow,4096,1,328,0.00010518925977389478
shallow,4096,1,329,3.687678903930517e-05
shallow,4096,1,330,-5.256972905256488e-05
shallow,4096,1,331,-0.00013827520009768775
shallow,4096,1,332,-0.0002405935643568979
shallow,4096,1,333,-0.00035686425301980425
shallow,4096,1,334,-0.00044838322916833156
shallow,4096,1,335,-0.0005831504944748443
shallow,4096,1,336,-0.0007361980202626706
shallow,4096,1,337,-0.0009053344665882972
shallow,4096,1,338,-0.001081474451657795
shallow,4096,1,339,-0.001223697029536825
shallow,4096,1,340,-0.0013145111428818036
shallow,4096,1,341,-0.0014096897774813198
shallow,4096,1,342,-0.001513737735001073
shallow,4096,1,343,-0.0016593612528811737
shallow,4096,1,344,-0.0017891337240441222
shallow,4096,1,345,-0.001867561315854448
shallow,4096,1,346,-0.001946437745721534
shallow,4096,1,347,-0.0020067817289642236
shallow,4096,1,348,-0.0020956950359001768
shallow,4096,1,349,-0.0022079378782168847
shallow,4096,1,350,-0.0022994006850474346
shallow,4096,1,351,-0.002367544343182269
shallow,4096,1,352,-0.0024164248333407327
shallow,4096,1,353,-0.00245241865162987
shallow,4096,1,354,-0.0024643378183296255
shallow,4096,1,355,-0.0024542478564748716
shallow,4096,1,356,-0.002487040780736481
shallow,4096,1,357,-0.0025384196565507366
shallow,4096,1,358,-0.00257710906914784
shallow,4096,1,359,-0.002602784179331502
shallow,4096,1,360,-0.0025804085249226966
shallow,4096,1,361,-0.002549626516809152
shallow,4096,1,362,-0.002511936200576143
shallow,4096,1,363,-0.0024571958380069617
shallow,4096,1,364,-0.0024027049320906424
shallow,4096,1,365,-0.0023644096082557765
shallow,4096,1,366,-0.0023149163746139776
shallow,4096,1,367,-0.002305122082120359
shallow,4096,1,368,-0.00227610347495278
shallow,4096,1,369,-0.0022529995799971505
shallow,4096,1,370,-0.002307576296046239
shallow,4096,1,371,-0.0023492539781937243
shallow,4096,1,372,-0.0024009153886031093
shallow,4096,1,373,-0.0024039792991500095
shallow,4096,1,374,-0.002398596764194903
shallow,4096,1,375,-0.0023762519594056107
shallow,4096,1,376,-0.0023342260361301735
shallow,4096,1,377,-0.002280638369018443
shallow,4096,1,378,-0.002200667785738474
shallow,4096,1,379,-0.002105286659801558
shallow,4096,1,380,-0.001968153703830562
shallow,4096,1,381,-0.001858006202323746
shallow,4096,1,382,-0.0017574192339604418
shallow,4096,1,383,-0.001677920779565027
shallow,4096,1,384,-0.0015099840392561212
shallow,4096,1,385,-0.0013664707031032074
shallow,4096,1,386,-0.0011576508403551753
shallow,4096,1,387,-0.0009232173545631363
shallow,4096,1,388,-0.0007371240738485469
shallow,4096,1,389,-0.0005409340366076351
shallow,4096,1,390,-0.0003368020364987348
shallow,4096,1,391,-0.00013205371130313318
shallow,4096,1,392,4.214654481527803e-05
shallow,4096,1,393,0.0002500930417011244
shallow,4096,1,394,0.0004294021997949129
shallow,4096,1,395,0.0006164862151444686
shallow,4096,1,396,0.0008274426608567767
shallow,4096,1,397,0.0009966501578745615
shallow,4096,1,398,0.001181091701981137
shallow,4096,1,399,0.0013457593394458024
shallow,4096,1,400,0.0014910686250586623
shallow,4096,2,0,1.0
shallow,4096,2,1,0.973018911275545
shallow,4096,2,2,0.9469492441896976
shallow,4096,2,3,0.9217561774906269
shallow,4096,2,4,0.8973969391181471
shallow,4096,2,5,0.8737976393462823
shallow,4096,2,6,0.8510087024092089
shallow,4096,2,7,0.8289237519563303
shallow,4096,2,8,0.8075153603196226
shallow,4096,2,9,0.7867981296481101
shallow,4096,2,10,0.7666592835634042
shallow,4096,2,11,0.7471084998838833
shallow,4096,2,12,0.7281494376291703
shallow,4096,2,13,0.7097808115229728
shallow,4096,2,14,0.6919248880882856
shallow,4096,2,15,0.674598426536477
shallow,4096,2,16,0.6578456523487813
shallow,4096,2,17,0.6416442016945338
shallow,4096,2,18,0.6259266919512361
shallow,4096,2,19,0.6106454466239538
shallow,4096,2,20,0.5957650922951144
shallow,4096,2,21,0.5812523842057885
shallow,4096,2,22,0.5671942260272334
shallow,4096,2,23,0.553553497888581
shallow,4096,2,24,0.5403051064488641
shallow,4096,2,25,0.5274417010943165
shallow,4096,2,26,0.5149277111454945
shallow,4096,2,27,0.5027624805386693
shallow,4096,2,28,0.4909020097928979
shallow,4096,2,29,0.4793678091518053
shallow,4096,2,30,0.46818999075045237
shallow,4096,2,31,0.4573463733380043
shallow,4096,2,32,0.44682038218062103
shallow,4096,2,33,0.4365486982972791
shallow,4096,2,34,0.4265733883605204
shallow,4096,2,35,0.41682823783011524
shallow,4096,2,36,0.407321381300113
shallow,4096,2,37,0.3980276317106713
shallow,4096,2,38,0.38895311657830345
shallow,4096,2,39,0.38010092462635936
shallow,4096,2,40,0.3715115224939415
shallow,4096,2,41,0.3631688493224282
shallow,4096,2,42,0.3550357445958236
shallow,4096,2,43,0.34713691074126063
shallow,4096,2,44,0.3394439033307923
shallow,4096,2,45,0.3319610876148999
shallow,4096,2,46,0.32469172890344217
shallow,4096,2,47,0.31761484901090636
shallow,4096,2,48,0.31074236478412665
shallow,4096,2,49,0.3039764388113621
shallow,4096,2,50,0.29736181552960034
shallow,4096,2,51,0.2908980516789329
shallow,4096,2,52,0.2845774243135295
shallow,4096,2,53,0.27843189484545516
shallow,4096,2,54,0.27243491655553914
shallow,4096,2,55,0.2665732471536955
shallow,4096,2,56,0.2609276408634654
shallow,4096,2,57,0.25543058781669675
shallow,4096,2,58,0.25006391268535566
shallow,4096,2,59,0.24484765322827062
shallow,4096,2,60,0.23983090366589582
shallow,4096,2,61,0.23496019208586025
shallow,4096,2,62,0.23021968868303488
shallow,4096,2,63,0.2255731678355351
shallow,4096,2,64,0.22108047519273474
shallow,4096,2,65,0.21667515891998232
shallow,4096,2,66,0.2123938589818057
shallow,4096,2,67,0.2082019476466566
shallow,4096,2,68,0.20413436868800383
shallow,4096,2,69,0.20013035257924522
shallow,4096,2,70,0.19619637394244152
shallow,4096,2,71,0.19233338741226677
shallow,4096,2,72,0.18850692378831246
shallow,4096,2,73,0.1848585712294135
shallow,4096,2,74,0.1812913517679719
shallow,4096,2,75,0.177829286404378
shallow,4096,2,76,0.17443148290336277
shallow,4096,2,77,0.17109232715975337
shallow,4096,2,78,0.16783660003229017
shallow,4096,2,79,0.16463961507835417
shallow,4096,2,80,0.1615214904995132
shallow,4096,2,81,0.15845795737917417
shallow,4096,2,82,0.15543004123427825
shallow,4096,2,83,0.15249388278585466
shallow,4096,2,84,0.1495891092902392
shallow,4096,2,85,0.1467519386314906
shallow,4096,2,86,0.14395173943974893
shallow,4096,2,87,0.1412180976414265
shallow,4096,2,88,0.13862663647316334
shallow,4096,2,89,0.13606026722729783
shallow,4096,2,90,0.13350999197575208
shallow,4096,2,91,0.13106393261394916
shallow,4096,2,92,0.1286080169508681
shallow,4096,2,93,0.12623792928947125
shallow,4096,2,94,0.12393563095504914
shallow,4096,2,95,0.12170355607525488
shallow,4096,2,96,0.11959230050100639
shallow,4096,2,97,0.11753777806190177
shallow,4096,2,98,0.1155536270625531
shallow,4096,2,99,0.11358703735065984
shallow,4096,2,100,0.1116832887619413
shallow,4096,2,101,0.10983908336006472
shallow,4096,2,102,0.10806152943479973
shallow,4096,2,103,0.1063413279349804
shallow,4096,2,104,0.10465562016892133
shallow,4096,2,105,0.1029534297050198
shallow,4096,2,106,0.10125865216301806
shallow,4096,2,107,0.09966186900070231
shallow,4096,2,108,0.09805831119902035
shallow,4096,2,109,0.09650630048880825
shallow,4096,2,110,0.09501519252943622
shallow,4096,2,111,0.09360445536786959
shallow,4096,2,112,0.09214955973910431
shallow,4096,2,113,0.09070887462952658
shallow,4096,2,114,0.08933971561182959
shallow,4096,2,115,0.08798433986055282
shallow,4096,2,116,0.08661528941067899
shallow,4096,2,117,0.08529179945570181
shallow,4096,2,118,0.08401526273850866
shallow,4096,2,119,0.08276147996908872
shallow,4096,2,120,0.08148079693860599
shallow,4096,2,121,0.08020721737326902
shallow,4096,2,122,0.0789415649023115
shallow,4096,2,123,0.07769998967804649
shallow,4096,2,124,0.0764737465497702
shallow,4096,2,125,0.07527648267178412
shallow,4096,2,126,0.07405992838531399
shallow,4096,2,127,0.07292152973353726
shallow,4096,2,128,0.07178289352873263
shallow,4096,2,129,0.07064015265634807
shallow,4096,2,130,0.06948192531719807
shallow,4096,2,131,0.06839568061512256
shallow,4096,2,132,0.06730921633553526
shallow,4096,2,133,0.06615956733619795
shallow,4096,2,134,0.0650388785830285
shallow,4096,2,135,0.06393782570799876
shallow,4096,2,136,0.06283573281348134
shallow,4096,2,137,0.06178127850451981
shallow,4096,2,138,0.06076705532581811
shallow,4096,2,139,0.059787857936013246
shallow,4096,2,140,0.058811265339627425
shallow,4096,2,141,0.057859678338868695
shallow,4096,2,142,0.05694165456858221
shallow,4096,2,143,0.056042807177842865
shallow,4096,2,144,0.055151505331826445
shallow,4096,2,145,0.05426779392016141
shallow,4096,2,146,0.05342665043959274
shallow,4096,2,147,0.05257654993712059
shallow,4096,2,148,0.05181372033198245
shallow,4096,2,149,0.05111725004697983
shallow,4096,2,150,0.05044863700827334
shallow,4096,2,151,0.049803500233532756
shallow,4096,2,152,0.049148579726450724
shallow,4096,2,153,0.048500498147250215
shallow,4096,2,154,0.047852345298799254
shallow,4096,2,155,0.047249526634486
shallow,4096,2,156,0.04665477035861793
shallow,4096,2,157,0.04609562968484966
shallow,4096,2,158,0.045527518424291265
shallow,4096,2,159,0.04499392547015309
shallow,4096,2,160,0.04442807302888457
shallow,4096,2,161,0.043845545983111356
shallow,4096,2,162,0.04333645593778719
shallow,4096,2,163,0.042834987838763154
shallow,4096,2,164,0.04234040999908685
shallow,4096,2,165,0.041834402574892265
shallow,4096,2,166,0.041313898006439885
shallow,4096,2,167,0.04083207446105399
shallow,4096,2,168,0.040315945144441034
shallow,4096,2,169,0.039773673948701724
shallow,4096,2,170,0.039235069408412426
shallow,4096,2,171,0.03874293986812671
shallow,4096,2,172,0.03826144913342389
shallow,4096,2,173,0.037795305217159486
shallow,4096,2,174,0.03734984618040778
shallow,4096,2,175,0.03688456112755957
shallow,4096,2,176,0.03639857508578982
shallow,4096,2,177,0.03598303557392814
shallow,4096,2,178,0.03548990946491979
shallow,4096,2,179,0.03503037704335385
shallow,4096,2,180,0.034572318085442755
shallow,4096,2,181,0.03415080378960182
shallow,4096,2,182,0.0337385730619224
shallow,4096,2,183,0.0332781521159734
shallow,4096,2,184,0.03279941154003537
shallow,4096,2,185,0.032299951054036435
shallow,4096,2,186,0.031731353181633504
shallow,4096,2,187,0.03123134297175474
shallow,4096,2,188,0.03074083329766953
shallow,4096,2,189,0.03024851182077858
shallow,4096,2,190,0.029731125675313712
shallow,4096,2,191,0.029258411944842046
shallow,4096,2,192,0.02878416530190613
shallow,4096,2,193,0.028308683225903568
shallow,4096,2,194,0.0277562946924468
shallow,4096,2,195,0.027217402429405638
shallow,4096,2,196,0.026702422341532805
shallow,4096,2,197,0.02621188484350884
shallow,4096,2,198,0.025732500048812036
shallow,4096,2,199,0.025316606818204593
shallow,4096,2,200,0.024944034675862876
shallow,4096,2,201,0.024529811283103446
shallow,4096,2,202,0.024156789492784953
shallow,4096,2,203,0.023809992156285598
shallow,4096,2,204,0.02343527190455052
shallow,4096,2,205,0.022999874752076578
shallow,4096,2,206,0.022587209382468137
shallow,4096,2,207,0.022174239301294286
shallow,4096,2,208,0.02173975133777025
shallow,4096,2,209,0.02135522087399768
shallow,4096,2,210,0.021025583474064052
shallow,4096,2,211,0.020695922324629027
shallow,4096,2,212,0.020348777779817126
shallow,4096,2,213,0.020076552585980345
shallow,4096,2,214,0.019822848891930436
shallow,4096,2,215,0.01954406222877095
shallow,4096,2,216,0.019305196969369297
shallow,4096,2,217,0.019068853260136312
shallow,4096,2,218,0.018808271408702643
shallow,4096,2,219,0.01855104866062169
shallow,4096,2,220,0.018298754962309656
shallow,4096,2,221,0.018065372169641974
shallow,4096,2,222,0.017795462726616293
shallow,4096,2,223,0.017546722675421417
shallow,4096,2,224,0.017294722707344803
shallow,4096,2,225,0.01707539114699575
shallow,4096,2,226,0.016933552676790434
shallow,4096,2,227,0.016850402504176715
shallow,4096,2,228,0.0167468497286528
shallow,4096,2,229,0.01661964669535125
shallow,4096,2,230,0.016438091730022544
shallow,4096,2,231,0.016238542681451654
shallow,4096,2,232,0.016034398968507547
shallow,4096,2,233,0.015839633529055656
shallow,4096,2,234,0.015663010900268098
shallow,4096,2,235,0.015471294209546215
shallow,4096,2,236,0.015247216576182521
shallow,4096,2,237,0.015033743656583646
shallow,4096,2,238,0.014825042149037937
shallow,4096,2,239,0.014627554962960428
shallow,4096,2,240,0.014429240445580978
shallow,4096,2,241,0.01423555517841091
shallow,4096,2,242,0.014040618836205616
shallow,4096,2,243,0.013856138463172973
shallow,4096,2,244,0.013692731080547105
shallow,4096,2,245,0.013553826283945958
shallow,4096,2,246,0.013473010179716792
shallow,4096,2,247,0.01339922912963455
shallow,4096,2,248,0.01331934542913233
shallow,4096,2,249,0.013191792609022672
shallow,4096,2,250,0.013057882419349475
shallow,4096,2,251,0.012907371431510885
shallow,4096,2,252,0.012710383492775
shallow,4096,2,253,0.012548616015042827
shallow,4096,2,254,0.012399498692980706
shallow,4096,2,255,0.012299452002870923
shallow,4096,2,256,0.012139633850135443
shallow,4096,2,257,0.011940240818817524
shallow,4096,2,258,0.01178633045263259
shallow,4096,2,259,0.011656742995430595
shallow,4096,2,260,0.011571418165843424
shallow,4096,2,261,0.011528221575024084
shallow,4096,2,262,0.011479687627268297
shallow,4096,2,263,0.011410267237331823
shallow,4096,2,264,0.011345612232706762
shallow,4096,2,265,0.011319795615468099
shallow,4096,2,266,0.011332736644795973
shallow,4096,2,267,0.011325553322190906
shallow,4096,2,268,0.011281403157557797
shallow,4096,2,269,0.011171569826674905
shallow,4096,2,270,0.011061673604115582
shallow,4096,2,271,0.01090963420398323
shallow,4096,2,272,0.010711017629309772
shallow,4096,2,273,0.010535924536212776
shallow,4096,2,274,0.01036949741131222
shallow,4096,2,275,0.010167214329321345
shallow,4096,2,276,0.009942566090068798
shallow,4096,2,277,0.009780825156043576
shallow,4096,2,278,0.009584037437990932
shallow,4096,2,279,0.009361319720773718
shallow,4096,2,280,0.009184562329339015
shallow,4096,2,281,0.008989615785577259
shallow,4096,2,282,0.008822623698087853
shallow,4096,2,283,0.008687084687162661
shallow,4096,2,284,0.00865423947610389
shallow,4096,2,285,0.00862484907604722
shallow,4096,2,286,0.008572846825184033
shallow,4096,2,287,0.0085552971083853
shallow,4096,2,288,0.008491469981813585
shallow,4096,2,289,0.008413702319707471
shallow,4096,2,290,0.008360938605288415
shallow,4096,2,291,0.00830833592367971
shallow,4096,2,292,0.008253285002772474
shallow,4096,2,293,0.008160685305751652
shallow,4096,2,294,0.008048147452323632
shallow,4096,2,295,0.00788682933513342
shallow,4096,2,296,0.007729503582126968
shallow,4096,2,297,0.007633522958603024
shallow,4096,2,298,0.0075282501209735266
shallow,4096,2,299,0.007429430791334836
shallow,4096,2,300,0.007346312592205973
shallow,4096,2,301,0.007286004295244773
shallow,4096,2,302,0.0071837254288261865
shallow,4096,2,303,0.007028363839516721
shallow,4096,2,304,0.006859028805653065
shallow,4096,2,305,0.006716696780343291
shallow,4096,2,306,0.006589493671786722
shallow,4096,2,307,0.006540540658290701
shallow,4096,2,308,0.00651702041981423
shallow,4096,2,309,0.0065027484870151175
shallow,4096,2,310,0.006432933443381826
shallow,4096,2,311,0.006382548238593551
shallow,4096,2,312,0.006313512018222114
shallow,4096,2,313,0.0062237403685753544
shallow,4096,2,314,0.006142076341354363
shallow,4096,2,315,0.006066488877843064
shallow,4096,2,316,0.0059750737854792355
shallow,4096,2,317,0.005870044811561017
shallow,4096,2,318,0.005776174797359527
shallow,4096,2,319,0.005716515300422768
shallow,4096,2,320,0.0056207148099860615
shallow,4096,2,321,0.005502713638388869
shallow,4096,2,322,0.005422620221307956
shallow,4096,2,323,0.005321050419328411
shallow,4096,2,324,0.0052229263463738265
shallow,4096,2,325,0.005166112047009041
shallow,4096,2,326,0.005122187896732924
shallow,4096,2,327,0.00509684576566518
shallow,4096,2,328,0.005053918843750104
shallow,4096,2,329,0.005032682965261551
shallow,4096,2,330,0.0050023252323622685
shallow,4096,2,331,0.0050128644210956155
shallow,4096,2,332,0.005035387568982822
shallow,4096,2,333,0.005095863468114882
shallow,4096,2,334,0.005119309961731874
shallow,4096,2,335,0.005094419751028499
shallow,4096,2,336,0.0050757445526109
shallow,4096,2,337,0.0050764384510251
shallow,4096,2,338,0.005077638835561726
shallow,4096,2,339,0.00508217792893821
shallow,4096,2,340,0.005050935989385618
shallow,4096,2,341,0.00500088894833759
shallow,4096,2,342,0.004968336411747942
shallow,4096,2,343,0.0049619573183466385
shallow,4096,2,344,0.004938112833863727
shallow,4096,2,345,0.004928719857884586
shallow,4096,2,346,0.004899213510625293
shallow,4096,2,347,0.004875984476526478
shallow,4096,2,348,0.004875500294815383
shallow,4096,2,349,0.0048188490185012665
shallow,4096,2,350,0.004706520039550378
shallow,4096,2,351,0.004607401819420309
shallow,4096,2,352,0.00450074986917078
shallow,4096,2,353,0.00443058219342045
shallow,4096,2,354,0.004296357274216713
shallow,4096,2,355,0.004137786438184797
shallow,4096,2,356,0.004004039891952363
shallow,4096,2,357,0.0038383374460034384
shallow,4096,2,358,0.003623041751139599
shallow,4096,2,359,0.0034132377513021767
shallow,4096,2,360,0.0032169794268954274
shallow,4096,2,361,0.003017058956741132
shallow,4096,2,362,0.002850922580917836
shallow,4096,2,363,0.002692175453599771
shallow,4096,2,364,0.002506544109084401
shallow,4096,2,365,0.0023257674015808296
shallow,4096,2,366,0.00220898002815344
shallow,4096,2,367,0.002101567802749738
shallow,4096,2,368,0.001984274404541217
shallow,4096,2,369,0.001842733234017956
shallow,4096,2,370,0.0016938714866950887
shallow,4096,2,371,0.0015822597083479273
shallow,4096,2,372,0.001476769597350866
shallow,4096,2,373,0.0013560893865872483
shallow,4096,2,374,0.0012356581980331766
shallow,4096,2,375,0.001070569385972689
shallow,4096,2,376,0.0009195375078137684
shallow,4096,2,377,0.0007985894138174161
shallow,4096,2,378,0.0006922781232855966
shallow,4096,2,379,0.0005599637538944836
shallow,4096,2,380,0.00039095471703692007
shallow,4096,2,381,0.00025500943685862875
shallow,4096,2,382,5.0529165263350534e-05
shallow,4096,2,383,-0.00019212280034796756
shallow,4096,2,384,-0.0004059830611190116
shallow,4096,2,385,-0.000576074469948897
shallow,4096,2,386,-0.0007002798071889294
shallow,4096,2,387,-0.0008332338647096074
shallow,4096,2,388,-0.0010075441158783958
shallow,4096,2,389,-0.001250257232569651
shallow,4096,2,390,-0.001440632156162488
shallow,4096,2,391,-0.0015936983568785826
shallow,4096,2,392,-0.0017031559191945248
shallow,4096,2,393,-0.0017690102788280773
shallow,4096,2,394,-0.0018330186189732588
shallow,4096,2,395,-0.0018342434448661152
shallow,4096,2,396,-0.001861129145532178
shallow,4096,2,397,-0.0018420026600459655
shallow,4096,2,398,-0.0017917642415791859
shallow,4096,2,399,-0.001726162832384861
shallow,4096,2,400,-0.0017034114152749981
deep,32,0,0,1.0
deep,32,0,1,0.9649803532105339
deep,32,0,2,0.9316210866917083
deep,32,0,3,0.8999079674653386
deep,32,0,4,0.8696306007224828
deep,32,0,5,0.840852833185579
deep,32,0,6,0.8133986793162077
deep,32,0,7,0.7871116094049382
deep,32,0,8,0.7621085635416902
deep,32,0,9,0.738235983422978
deep,32,0,10,0.715390972944937
deep,32,0,11,0.6935347033125434
deep,32,0,12,0.6725895696630878
deep,32,0,13,0.6525597885912962
deep,32,0,14,0.6334271853141341
deep,32,0,15,0.6150647645642388
deep,32,0,16,0.5974498157187585
deep,32,0,17,0.5805363565059828
deep,32,0,18,0.5643293428005273
deep,32,0,19,0.548837976736416
deep,32,0,20,0.5338259736238007
deep,32,0,21,0.5193936642652184
deep,32,0,22,0.505580938181367
deep,32,0,23,0.4922553086923111
deep,32,0,24,0.47939654158051237
deep,32,0,25,0.46703909435971125
deep,32,0,26,0.4551474960374233
deep,32,0,27,0.44368937893503724
deep,32,0,28,0.43264136945896614
deep,32,0,29,0.4219274800191588
deep,32,0,30,0.4116075348160422
deep,32,0,31,0.40158583233211403
deep,32,0,32,0.39189118530614403
deep,32,0,33,0.38254294469551264
deep,32,0,34,0.3734733908737707
deep,32,0,35,0.36473994883369365
deep,32,0,36,0.3562867772704267
deep,32,0,37,0.3481160739736656
deep,32,0,38,0.3401930261321799
deep,32,0,39,0.3325220151961602
deep,32,0,40,0.3251573396038786
deep,32,0,41,0.3179973864626866
deep,32,0,42,0.3110487910901014
deep,32,0,43,0.3043688077127953
deep,32,0,44,0.2978448347221272
deep,32,0,45,0.2915064949937041
deep,32,0,46,0.2853320436591901
deep,32,0,47,0.2793791729049895
deep,32,0,48,0.27366137998700196
deep,32,0,49,0.2681265611025719
deep,32,0,50,0.2627941004708316
deep,32,0,51,0.25763791881031
deep,32,0,52,0.2525842852761072
deep,32,0,53,0.2476602122090652
deep,32,0,54,0.2429699282970822
deep,32,0,55,0.23837618856502696
deep,32,0,56,0.2338464587413146
deep,32,0,57,0.2294390710059191
deep,32,0,58,0.22509864782662384
deep,32,0,59,0.22089810564113985
deep,32,0,60,0.2168190105224745
deep,32,0,61,0.21283125046258208
deep,32,0,62,0.20896204253148906
deep,32,0,63,0.2051226676663962
deep,32,0,64,0.2013592723013733
deep,32,0,65,0.19770920139135686
deep,32,0,66,0.19416602883796216
deep,32,0,67,0.19072108292658
deep,32,0,68,0.18733127539020678
deep,32,0,69,0.18405644665083357
deep,32,0,70,0.1808667824242932
deep,32,0,71,0.1778310880564941
deep,32,0,72,0.17490263402508985
deep,32,0,73,0.17204422769355243
deep,32,0,74,0.16925526701315838
deep,32,0,75,0.1665431263800919
deep,32,0,76,0.16393049686703945
deep,32,0,77,0.16134180133510329
deep,32,0,78,0.15882406099806576
deep,32,0,79,0.15631140858283793
deep,32,0,80,0.15378071020380235
deep,32,0,81,0.15129094063861237
deep,32,0,82,0.148884367288237
deep,32,0,83,0.1465828665723865
deep,32,0,84,0.14436792688844874
deep,32,0,85,0.14216394107592556
deep,32,0,86,0.14010203991762168
deep,32,0,87,0.1380765951329786
deep,32,0,88,0.13610833281050524
deep,32,0,89,0.1341699436537767
deep,32,0,90,0.13227714933866302
deep,32,0,91,0.1304139414442033
deep,32,0,92,0.12852734643026603
deep,32,0,93,0.1266944573668214
deep,32,0,94,0.12487849622016033
deep,32,0,95,0.12315309656010849
deep,32,0,96,0.12148886481628807
deep,32,0,97,0.11988049727285417
deep,32,0,98,0.11833373190259182
deep,32,0,99,0.11677311855011785
deep,32,0,100,0.11524026685436793
deep,32,0,101,0.11372058223366284
deep,32,0,102,0.11229275693310259
deep,32,0,103,0.1107973889203017
deep,32,0,104,0.10933552785129162
deep,32,0,105,0.10788541174719557
deep,32,0,106,0.10641333674161124
deep,32,0,107,0.10495261245335274
deep,32,0,108,0.10355982921864426
deep,32,0,109,0.10217310922594557
deep,32,0,110,0.10080920300243257
deep,32,0,111,0.09947225396058697
deep,32,0,112,0.09810430845403384
deep,32,0,113,0.09677690110711136
deep,32,0,114,0.0954786378064426
deep,32,0,115,0.09416106274213396
deep,32,0,116,0.09294586993971665
deep,32,0,117,0.09171733669909424
deep,32,0,118,0.09050069979579847
deep,32,0,119,0.08940685842938992
deep,32,0,120,0.08832472651195206
deep,32,0,121,0.08724815452012843
deep,32,0,122,0.08627803738980898
deep,32,0,123,0.08527774384110273
deep,32,0,124,0.08433711321609366
deep,32,0,125,0.08339758170409013
deep,32,0,126,0.0824966528258271
deep,32,0,127,0.08159951028747733
deep,32,0,128,0.08074572430412302
deep,32,0,129,0.07987342808503083
deep,32,0,130,0.07897341132970105
deep,32,0,131,0.0781000101637983
deep,32,0,132,0.07726115867412865
deep,32,0,133,0.07644019596830062
deep,32,0,134,0.07564784289967116
deep,32,0,135,0.07483037595596514
deep,32,0,136,0.07398952457022825
deep,32,0,137,0.07315434357764809
deep,32,0,138,0.07231392853408145
deep,32,0,139,0.07149927811170567
deep,32,0,140,0.07072122573061079
deep,32,0,141,0.06999192554682401
deep,32,0,142,0.06929638296325084
deep,32,0,143,0.06859567927437309
deep,32,0,144,0.0678769344245083
deep,32,0,145,0.0672242795370365
deep,32,0,146,0.06664469043365309
deep,32,0,147,0.06605998981003645
deep,32,0,148,0.06549247125675176
deep,32,0,149,0.06487697488041155
deep,32,0,150,0.06426824311099037
deep,32,0,151,0.0637307530752766
deep,32,0,152,0.06315681079805892
deep,32,0,153,0.0625634657225583
deep,32,0,154,0.062030063452951055
deep,32,0,155,0.06151585754073248
deep,32,0,156,0.0609966357638184
deep,32,0,157,0.06046676002149099
deep,32,0,158,0.05997874400475063
deep,32,0,159,0.05942703498655314
deep,32,0,160,0.058910393679800076
deep,32,0,161,0.05841171309105745
deep,32,0,162,0.057866392998109965
deep,32,0,163,0.05739912367527606
deep,32,0,164,0.056975685838456074
deep,32,0,165,0.05655266227443004
deep,32,0,166,0.05608182297297359
deep,32,0,167,0.05556644038849406
deep,32,0,168,0.054971093559812945
deep,32,0,169,0.05443263482000325
deep,32,0,170,0.05389273543978217
deep,32,0,171,0.053375450160721344
deep,32,0,172,0.052889926601530995
deep,32,0,173,0.05239875421901179
deep,32,0,174,0.05192531588063312
deep,32,0,175,0.05148589823275415
deep,32,0,176,0.051087665062522505
deep,32,0,177,0.05060217731446967
deep,32,0,178,0.050129350632080405
deep,32,0,179,0.04959498175756462
deep,32,0,180,0.049110822013233676
deep,32,0,181,0.048640513544804205
deep,32,0,182,0.048215747492128966
deep,32,0,183,0.04777924150029331
deep,32,0,184,0.04738308208276766
deep,32,0,185,0.04694558448966652
deep,32,0,186,0.046529000336229524
deep,32,0,187,0.04605402282772842
deep,32,0,188,0.04561779733344641
deep,32,0,189,0.0452444335539613
deep,32,0,190,0.04484302666367298
deep,32,0,191,0.04440079206876248
deep,32,0,192,0.043951385888080625
deep,32,0,193,0.04347805168947707
deep,32,0,194,0.04297362712243583
deep,32,0,195,0.042457006010121034
deep,32,0,196,0.0418581498050556
deep,32,0,197,0.041286845948920035
deep,32,0,198,0.040703088222944064
deep,32,0,199,0.040113243976993014
deep,32,0,200,0.03958421321061965
deep,32,0,201,0.03897202651584109
deep,32,0,202,0.038350660005815565
deep,32,0,203,0.037751776627299644
deep,32,0,204,0.03711328681395871
deep,32,0,205,0.03649945265877494
deep,32,0,206,0.03586644383191658
deep,32,0,207,0.03526596465853113
deep,32,0,208,0.034673884130284716
deep,32,0,209,0.03415463908745781
deep,32,0,210,0.033598029974137016
deep,32,0,211,0.0330853001955008
deep,32,0,212,0.032595386443758034
deep,32,0,213,0.03213112357428735
deep,32,0,214,0.03169189542010093
deep,32,0,215,0.03119928547997364
deep,32,0,216,0.03070838001335284
deep,32,0,217,0.030199462451160723
deep,32,0,218,0.029652263309582302
deep,32,0,219,0.029068838021472043
deep,32,0,220,0.02853987394664235
deep,32,0,221,0.02799504031611134
deep,32,0,222,0.02751665837278483
deep,32,0,223,0.027061513545380528
deep,32,0,224,0.026627731828734316
deep,32,0,225,0.026175658976254932
deep,32,0,226,0.02573751236631206
deep,32,0,227,0.02536159545397007
deep,32,0,228,0.024973528960148303
deep,32,0,229,0.024607145892592806
deep,32,0,230,0.024237380399043013
deep,32,0,231,0.023898060026903773
deep,32,0,232,0.023605939724645725
deep,32,0,233,0.023316412986421654
deep,32,0,234,0.022985814227660533
deep,32,0,235,0.02269509302509638
deep,32,0,236,0.022416415298820633
deep,32,0,237,0.022158044167557806
deep,32,0,238,0.021931490849344402
deep,32,0,239,0.021750954098422957
deep,32,0,240,0.021608430826808467
deep,32,0,241,0.021471314643849663
deep,32,0,242,0.02132442263916218
deep,32,0,243,0.021211334834613522
deep,32,0,244,0.021024228539553585
deep,32,0,245,0.020882659796077983
deep,32,0,246,0.020713134941141367
deep,32,0,247,0.020543270020837338
deep,32,0,248,0.020341293325346965
deep,32,0,249,0.020114315537559373
deep,32,0,250,0.019867462605344423
deep,32,0,251,0.019654696376828977
deep,32,0,252,0.019458589703501058
deep,32,0,253,0.01924667823116652
deep,32,0,254,0.019063420554431106
deep,32,0,255,0.018804892301784754
deep,32,0,256,0.018548946174938397
deep,32,0,257,0.0183410018646143
deep,32,0,258,0.018129239298557916
deep,32,0,259,0.017919793083146528
deep,32,0,260,0.017666687489561097
deep,32,0,261,0.017435893494056356
deep,32,0,262,0.017213962882073285
deep,32,0,263,0.01696120151746964
deep,32,0,264,0.016704521785024604
deep,32,0,265,0.016458269889301425
deep,32,0,266,0.016252156445448907
deep,32,0,267,0.016082300308548392
deep,32,0,268,0.015876776855097113
deep,32,0,269,0.015589643082986502
deep,32,0,270,0.015359198362513182
deep,32,0,271,0.015186830565397295
deep,32,0,272,0.014933744215760313
deep,32,0,273,0.014701024582525866
deep,32,0,274,0.014461152684699443
deep,32,0,275,0.014244039385063885
deep,32,0,276,0.014115870522581092
deep,32,0,277,0.014041889716169062
deep,32,0,278,0.014002605361316109
deep,32,0,279,0.013923719769224732
deep,32,0,280,0.013806751231765634
deep,32,0,281,0.013746529626337569
deep,32,0,282,0.01369467810873174
deep,32,0,283,0.013660306488808985
deep,32,0,284,0.01365354988338652
deep,32,0,285,0.013630770484912565
deep,32,0,286,0.013615216155003605
deep,32,0,287,0.013657705912990674
deep,32,0,288,0.013786123007798304
deep,32,0,289,0.013905447878003015
deep,32,0,290,0.014045167778266879
deep,32,0,291,0.014118096603948324
deep,32,0,292,0.014194858464043347
deep,32,0,293,0.014248853786970224
deep,32,0,294,0.014341779649171736
deep,32,0,295,0.01440932708527569
deep,32,0,296,0.014555418595496267
deep,32,0,297,0.014617061418712603
deep,32,0,298,0.014628505749807707
deep,32,0,299,0.014575511583700303
deep,32,0,300,0.014522874862396047
deep,32,0,301,0.014489809348039012
deep,32,0,302,0.014466329623778758
deep,32,0,303,0.014445097248872614
deep,32,0,304,0.014362814333414409
deep,32,0,305,0.014276035065242807
deep,32,0,306,0.014228568614154625
deep,32,0,307,0.014109394713003848
deep,32,0,308,0.014020867223830663
deep,32,0,309,0.013978950546885568
deep,32,0,310,0.013919915643618422
deep,32,0,311,0.013874162628430607
deep,32,0,312,0.01377397374936919
deep,32,0,313,0.01373121153008199
deep,32,0,314,0.0136412315465404
deep,32,0,315,0.013568764351211552
deep,32,0,316,0.013515504625119664
deep,32,0,317,0.013417341648191881
deep,32,0,318,0.01333641568668152
deep,32,0,319,0.013246655412009894
deep,32,0,320,0.013151539947965729
deep,32,0,321,0.013006279281162953
deep,32,0,322,0.012809550864837494
deep,32,0,323,0.012644263460222056
deep,32,0,324,0.012520942689082177
deep,32,0,325,0.012500234346746467
deep,32,0,326,0.01246448248064583
deep,32,0,327,0.012380824095856335
deep,32,0,328,0.01226835576981294
deep,32,0,329,0.01221898336879522
deep,32,0,330,0.01221122576020587
deep,32,0,331,0.012145776039653021
deep,32,0,332,0.01205667208537176
deep,32,0,333,0.011954341866443719
deep,32,0,334,0.011811997697279995
deep,32,0,335,0.01165670117908037
deep,32,0,336,0.01151258675050131
deep,32,0,337,0.011335533777321083
deep,32,0,338,0.011148413410267366
deep,32,0,339,0.011005026351331547
deep,32,0,340,0.010869290668895646
deep,32,0,341,0.010765613482383744
deep,32,0,342,0.010682591463327734
deep,32,0,343,0.010588325831166165
deep,32,0,344,0.01051195026009178
deep,32,0,345,0.010406106850074787
deep,32,0,346,0.010269995728877566
deep,32,0,347,0.010187412228585876
deep,32,0,348,0.010125815863412376
deep,32,0,349,0.010027096101303692
deep,32,0,350,0.010006571887556192
deep,32,0,351,0.009914467284281891
deep,32,0,352,0.00989306247173189
deep,32,0,353,0.00988724926877837
deep,32,0,354,0.009837186505448396
deep,32,0,355,0.009744030925340014
deep,32,0,356,0.00970824930408024
deep,32,0,357,0.009697670576590333
deep,32,0,358,0.009698480294368969
deep,32,0,359,0.009667374558476242
deep,32,0,360,0.009646533880125758
deep,32,0,361,0.009576249606781231
deep,32,0,362,0.009490491859074484
deep,32,0,363,0.009396577240996051
deep,32,0,364,0.009250128927540471
deep,32,0,365,0.009076071622124763
deep,32,0,366,0.008896129199333013
deep,32,0,367,0.008671637766662884
deep,32,0,368,0.008466980610456755
deep,32,0,369,0.008280139684449218
deep,32,0,370,0.008126365399674892
deep,32,0,371,0.007903374439075584
deep,32,0,372,0.007681113822633161
deep,32,0,373,0.007512922917506626
deep,32,0,374,0.007341401042933509
deep,32,0,375,0.007215092038354897
deep,32,0,376,0.0070750693073939625
deep,32,0,377,0.006899496710197734
deep,32,0,378,0.006719935950929492
deep,32,0,379,0.0065779681599660265
deep,32,0,380,0.006388979577980885
deep,32,0,381,0.006202804475030414
deep,32,0,382,0.006016862927268312
deep,32,0,383,0.005826303703359912
deep,32,0,384,0.005658135407322102
deep,32,0,385,0.005512425868633781
deep,32,0,386,0.005373550533232757
deep,32,0,387,0.0052501304703220005
deep,32,0,388,0.005081913368819361
deep,32,0,389,0.004948370439790988
deep,32,0,390,0.004778730865176925
deep,32,0,391,0.0046585155721343766
deep,32,0,392,0.004501288139723418
deep,32,0,393,0.004354119969550338
deep,32,0,394,0.004183898389699148
deep,32,0,395,0.004044055827036811
deep,32,0,396,0.003855038839524781
deep,32,0,397,0.003662478766424343
deep,32,0,398,0.003504773535670574
deep,32,0,399,0.0033244069345893627
deep,32,0,400,0.0031269912320666983
deep,32,1,0,1.0
deep,32,1,1,0.965907881187519
deep,32,1,2,0.9335221690062399
deep,32,1,3,0.9027028341888793
deep,32,1,4,0.8733823449218444
deep,32,1,5,0.845392000536928
deep,32,1,6,0.8187048874558659
deep,32,1,7,0.7931645676717844
deep,32,1,8,0.7687661832586044
deep,32,1,9,0.7455078849400693
deep,32,1,10,0.7233005607818349
deep,32,1,11,0.701991989156123
deep,32,1,12,0.681647760939644
deep,32,1,13,0.6621608558114551
deep,32,1,14,0.6434659384622539
deep,32,1,15,0.6254826881428917
deep,32,1,16,0.6082259074602566
deep,32,1,17,0.5916864042278227
deep,32,1,18,0.5757612229038319
deep,32,1,19,0.5604759630606925
deep,32,1,20,0.545775222856469
deep,32,1,21,0.5316476095886784
deep,32,1,22,0.5180421410552418
deep,32,1,23,0.5050000988448436
deep,32,1,24,0.49246698335135564
deep,32,1,25,0.4803769176593907
deep,32,1,26,0.46872682832065055
deep,32,1,27,0.45745480345241385
deep,32,1,28,0.4465892492668504
deep,32,1,29,0.43611186294654053
deep,32,1,30,0.4260246569592232
deep,32,1,31,0.41634814049567803
deep,32,1,32,0.4069892742806029
deep,32,1,33,0.39791933335747304
deep,32,1,34,0.38922284495477005
deep,32,1,35,0.38082699699298306
deep,32,1,36,0.3726654152129324
deep,32,1,37,0.36478321767712957
deep,32,1,38,0.3571515931998013
deep,32,1,39,0.3498133975444645
deep,32,1,40,0.3426246186717856
deep,32,1,41,0.3356695528248583
deep,32,1,42,0.3288731290786777
deep,32,1,43,0.32230607344439655
deep,32,1,44,0.31597672329405646
deep,32,1,45,0.3098074125298518
deep,32,1,46,0.30384606568901507
deep,32,1,47,0.29805953410741015
deep,32,1,48,0.29247104258850465
deep,32,1,49,0.28703517008668644
deep,32,1,50,0.28172590705239453
deep,32,1,51,0.27652046288027976
deep,32,1,52,0.2714728759190858
deep,32,1,53,0.2665754514937892
deep,32,1,54,0.26174810035283247
deep,32,1,55,0.256973328506745
deep,32,1,56,0.2523056097359772
deep,32,1,57,0.24782152551071931
deep,32,1,58,0.2434211302208896
deep,32,1,59,0.2391433741694855
deep,32,1,60,0.2350006690782896
deep,32,1,61,0.23093035648709836
deep,32,1,62,0.22696180781571101
deep,32,1,63,0.22301688912824905
deep,32,1,64,0.2191781587769195
deep,32,1,65,0.2153957590620572
deep,32,1,66,0.21167530828145967
deep,32,1,67,0.2080223863840542
deep,32,1,68,0.2044974754289362
deep,32,1,69,0.201057219695552
deep,32,1,70,0.19774740032942667
deep,32,1,71,0.19451004858302554
deep,32,1,72,0.1913119154639911
deep,32,1,73,0.18815725728042998
deep,32,1,74,0.18506457958299405
deep,32,1,75,0.1820362207845093
deep,32,1,76,0.17907485608783852
deep,32,1,77,0.17627104004984112
deep,32,1,78,0.173552791455624
deep,32,1,79,0.1708497973877674
deep,32,1,80,0.16814698477402212
deep,32,1,81,0.16550530174986125
deep,32,1,82,0.16290967194400635
deep,32,1,83,0.16036890480158542
deep,32,1,84,0.1579574198220144
deep,32,1,85,0.15561796382363396
deep,32,1,86,0.15333468847549714
deep,32,1,87,0.15108306746299627
deep,32,1,88,0.14889310341307438
deep,32,1,89,0.1467937283057696
deep,32,1,90,0.14477673637327007
deep,32,1,91,0.1428179538406734
deep,32,1,92,0.14089986912157737
deep,32,1,93,0.1390209433825099
deep,32,1,94,0.13713997474736853
deep,32,1,95,0.13526166256631358
deep,32,1,96,0.1334514051558699
deep,32,1,97,0.13165794387004462
deep,32,1,98,0.12990982895765396
deep,32,1,99,0.12820295467980516
deep,32,1,100,0.12650631591913317
deep,32,1,101,0.12486917863319139
deep,32,1,102,0.1232569601684737
deep,32,1,103,0.12166506698998285
deep,32,1,104,0.12004132612424745
deep,32,1,105,0.11840701731343142
deep,32,1,106,0.11687597611990583
deep,32,1,107,0.11538291621021203
deep,32,1,108,0.11383429128182751
deep,32,1,109,0.11231826157944992
deep,32,1,110,0.11092471375200816
deep,32,1,111,0.1095211093172411
deep,32,1,112,0.1081527489218969
deep,32,1,113,0.10675073373651237
deep,32,1,114,0.10542722019732288
deep,32,1,115,0.10410886080414845
deep,32,1,116,0.10284650780157256
deep,32,1,117,0.10154553908432942
deep,32,1,118,0.10026842222162193
deep,32,1,119,0.09901579498990173
deep,32,1,120,0.0978278438962055
deep,32,1,121,0.09674241727768348
deep,32,1,122,0.09562770907861147
deep,32,1,123,0.09457485937293972
deep,32,1,124,0.09356793326729378
deep,32,1,125,0.09252539030064905
deep,32,1,126,0.0914664372406842
deep,32,1,127,0.09040719206486658
deep,32,1,128,0.08940534011765193
deep,32,1,129,0.0883847766566059
deep,32,1,130,0.08740955833023704
deep,32,1,131,0.08640859058762118
deep,32,1,132,0.08542708812906433
deep,32,1,133,0.08451867791269692
deep,32,1,134,0.08355449652078402
deep,32,1,135,0.08258544486800337
deep,32,1,136,0.08166505347188063
deep,32,1,137,0.0807349978191096
deep,32,1,138,0.07985168285249794
deep,32,1,139,0.07902271805056989
deep,32,1,140,0.07823607341770404
deep,32,1,141,0.07748842321294964
deep,32,1,142,0.07668618875105686
deep,32,1,143,0.07584774060190506
deep,32,1,144,0.0750574136449911
deep,32,1,145,0.07425157165320315
deep,32,1,146,0.07348671249065604
deep,32,1,147,0.07272342013277446
deep,32,1,148,0.07200317591846349
deep,32,1,149,0.0712539303333638
deep,32,1,150,0.07051009406098857
deep,32,1,151,0.06979399696104048
deep,32,1,152,0.06904980788918409
deep,32,1,153,0.06832990316319924
deep,32,1,154,0.0676080133652461
deep,32,1,155,0.06682591295606828
deep,32,1,156,0.06605002838384942
deep,32,1,157,0.06526695579755758
deep,32,1,158,0.06448954156293789
deep,32,1,159,0.06373236277304255
deep,32,1,160,0.06294477471672288
deep,32,1,161,0.06225112627403725
deep,32,1,162,0.0615425845351034
deep,32,1,163,0.06095499334887762
deep,32,1,164,0.060375843786770834
deep,32,1,165,0.05981241794789893
deep,32,1,166,0.05919393181225008
deep,32,1,167,0.05857277932699169
deep,32,1,168,0.057985837537673085
deep,32,1,169,0.057376523358283256
deep,32,1,170,0.05672382897086929
deep,32,1,171,0.05602101181198275
deep,32,1,172,0.055364552727008506
deep,32,1,173,0.05469124034002847
deep,32,1,174,0.05405901191158995
deep,32,1,175,0.05348406286049256
deep,32,1,176,0.05288114420590034
deep,32,1,177,0.05236626832271025
deep,32,1,178,0.05187922329486334
deep,32,1,179,0.051460039695005226
deep,32,1,180,0.05100414282949831
deep,32,1,181,0.050539549888212666
deep,32,1,182,0.050058892609948516
deep,32,1,183,0.049595568426914274
deep,32,1,184,0.04913990151152767
deep,32,1,185,0.048676446034956994
deep,32,1,186,0.048252780814849246
deep,32,1,187,0.04782715928432367
deep,32,1,188,0.04741724773654578
deep,32,1,189,0.04696866335794056
deep,32,1,190,0.046526187804560935
deep,32,1,191,0.046104658491718145
deep,32,1,192,0.045658552823645934
deep,32,1,193,0.045171995501461844
deep,32,1,194,0.044669764530995706
deep,32,1,195,0.0442084820389542
deep,32,1,196,0.04371392155661223
deep,32,1,197,0.043235406402570814
deep,32,1,198,0.04276081508486067
deep,32,1,199,0.042271061334644984
deep,32,1,200,0.04181419489593662
deep,32,1,201,0.04130044389366565
deep,32,1,202,0.04083467849960754
deep,32,1,203,0.04038951090389316
deep,32,1,204,0.03988307466151201
deep,32,1,205,0.039362847386698895
deep,32,1,206,0.03886649731806496
deep,32,1,207,0.03835328478503479
deep,32,1,208,0.03778337857378458
deep,32,1,209,0.03720381669108162
deep,32,1,210,0.03667495888078387
deep,32,1,211,0.036120575073922426
deep,32,1,212,0.035626716869359094
deep,32,1,213,0.035231481992756254
deep,32,1,214,0.034831315083162985
deep,32,1,215,0.034413021121871674
deep,32,1,216,0.034022050125588996
deep,32,1,217,0.03359539177206136
deep,32,1,218,0.03316967380261147
deep,32,1,219,0.032789621730921585
deep,32,1,220,0.03236868126700137
deep,32,1,221,0.03196647547211177
deep,32,1,222,0.031605060289368145
deep,32,1,223,0.031202221769025477
deep,32,1,224,0.030794592834558057
deep,32,1,225,0.030471103886562982
deep,32,1,226,0.030151557458968647
deep,32,1,227,0.029748611696652532
deep,32,1,228,0.02932973537052348
deep,32,1,229,0.02889652775746641
deep,32,1,230,0.02845108969273355
deep,32,1,231,0.028041130568281798
deep,32,1,232,0.027657560926271182
deep,32,1,233,0.027286038241650306
deep,32,1,234,0.02695885719316181
deep,32,1,235,0.026649389875329006
deep,32,1,236,0.026341496150243747
deep,32,1,237,0.026001822933611952
deep,32,1,238,0.025725295870577116
deep,32,1,239,0.02551041266974594
deep,32,1,240,0.025254115900214428
deep,32,1,241,0.024930347075761652
deep,32,1,242,0.024689761593323704
deep,32,1,243,0.024446598169217106
deep,32,1,244,0.024203617555711255
deep,32,1,245,0.024027206622886363
deep,32,1,246,0.023797950837916693
deep,32,1,247,0.023632775653085882
deep,32,1,248,0.023517551056610436
deep,32,1,249,0.023409517445283662
deep,32,1,250,0.023323578618762848
deep,32,1,251,0.02322295055174028
deep,32,1,252,0.02308259912543413
deep,32,1,253,0.02295040262648439
deep,32,1,254,0.022786053057527275
deep,32,1,255,0.022685525871735033
deep,32,1,256,0.022607663847686886
deep,32,1,257,0.022510826167379525
deep,32,1,258,0.022454636366802068
deep,32,1,259,0.022403633775333373
deep,32,1,260,0.022246275977311866
deep,32,1,261,0.022096742853056132
deep,32,1,262,0.021957124312816493
deep,32,1,263,0.021839673872414936
deep,32,1,264,0.021744038498609276
deep,32,1,265,0.02164301123981459
deep,32,1,266,0.021494230974506954
deep,32,1,267,0.021373429493042446
deep,32,1,268,0.02120500560086184
deep,32,1,269,0.021017529627067995
deep,32,1,270,0.020828290016574918
deep,32,1,271,0.020614308529861833
deep,32,1,272,0.0203147829451224
deep,32,1,273,0.02003177338834828
deep,32,1,274,0.019794387144674536
deep,32,1,275,0.019535539626993285
deep,32,1,276,0.01923438922248105
deep,32,1,277,0.018913946828613144
deep,32,1,278,0.018637320320390907
deep,32,1,279,0.018358678208928548
deep,32,1,280,0.018110020444708573
deep,32,1,281,0.017844554900976067
deep,32,1,282,0.017605815773482986
deep,32,1,283,0.0172760111065223
deep,32,1,284,0.017003377489427367
deep,32,1,285,0.016775902459167054
deep,32,1,286,0.016521247589964802
deep,32,1,287,0.016215227463109654
deep,32,1,288,0.01592980901197713
deep,32,1,289,0.015687148304434236
deep,32,1,290,0.015456812012868843
deep,32,1,291,0.015231678796040864
deep,32,1,292,0.015017126725533632
deep,32,1,293,0.014835162318135836
deep,32,1,294,0.014630621857933478
deep,32,1,295,0.014468470801885751
deep,32,1,296,0.014312101480118194
deep,32,1,297,0.014165609096962179
deep,32,1,298,0.014003607599097316
deep,32,1,299,0.013866699932404367
deep,32,1,300,0.013806344082420598
deep,32,1,301,0.013741325076478605
deep,32,1,302,0.013679466513512494
deep,32,1,303,0.013639275458723288
deep,32,1,304,0.013541545968363693
deep,32,1,305,0.013449843588760854
deep,32,1,306,0.013379802774393136
deep,32,1,307,0.013340648267880664
deep,32,1,308,0.013391862409392398
deep,32,1,309,0.01343442459230846
deep,32,1,310,0.013456375583905805
deep,32,1,311,0.013472592232870952
deep,32,1,312,0.013514136991262742
deep,32,1,313,0.013576420793090124
deep,32,1,314,0.013588024011921064
deep,32,1,315,0.013662992651961282
deep,32,1,316,0.01372339643713619
deep,32,1,317,0.013758691666680338
deep,32,1,318,0.013800707352589288
deep,32,1,319,0.013816879535956015
deep,32,1,320,0.013851441652175533
deep,32,1,321,0.013860294344240466
deep,32,1,322,0.013849210459815967
deep,32,1,323,0.013766546154610943
deep,32,1,324,0.013684621028991532
deep,32,1,325,0.013594678472080221
deep,32,1,326,0.01347116602650444
deep,32,1,327,0.013389636809639439
deep,32,1,328,0.013298073124086887
deep,32,1,329,0.013226512428788782
deep,32,1,330,0.013153282579430783
deep,32,1,331,0.01305382673662681
deep,32,1,332,0.01296719941686905
deep,32,1,333,0.01291694805494246
deep,32,1,334,0.012931485727841637
deep,32,1,335,0.012901059409104104
deep,32,1,336,0.01288046676492632
deep,32,1,337,0.012769681135340515
deep,32,1,338,0.012666751330279051
deep,32,1,339,0.01257028455019073
deep,32,1,340,0.012433616297179217
deep,32,1,341,0.012316823259614258
deep,32,1,342,0.012122501717946304
deep,32,1,343,0.011999451162894335
deep,32,1,344,0.011860364388630704
deep,32,1,345,0.011757803377263665
deep,32,1,346,0.011731152841701986
deep,32,1,347,0.01165317236559169
deep,32,1,348,0.011590472258023865
deep,32,1,349,0.011492656795005274
deep,32,1,350,0.011382692328212537
deep,32,1,351,0.011328802882212342
deep,32,1,352,0.011328194729178925
deep,32,1,353,0.01135032959491029
deep,32,1,354,0.011350844945103043
deep,32,1,355,0.01135862825225481
deep,32,1,356,0.011323316165700158
deep,32,1,357,0.011255810353375953
deep,32,1,358,0.011166942948402913
deep,32,1,359,0.01110125159240783
deep,32,1,360,0.011039693753618471
deep,32,1,361,0.010973745456287404
deep,32,1,362,0.010975867335254609
deep,32,1,363,0.010938695470738703
deep,32,1,364,0.010901940605205147
deep,32,1,365,0.01089076110743279
deep,32,1,366,0.010920584195467698
deep,32,1,367,0.01093925546770621
deep,32,1,368,0.0109898921191793
deep,32,1,369,0.011017059764881524
deep,32,1,370,0.011057725254228837
deep,32,1,371,0.011041134856648418
deep,32,1,372,0.010988097583588995
deep,32,1,373,0.010952016121725996
deep,32,1,374,0.010910526726729973
deep,32,1,375,0.010868748082345545
deep,32,1,376,0.010822943438680782
deep,32,1,377,0.010726603253965489
deep,32,1,378,0.010654919893297593
deep,32,1,379,0.010582467070580078
deep,32,1,380,0.010547678270453466
deep,32,1,381,0.01058907035747719
deep,32,1,382,0.010644360921269492
deep,32,1,383,0.010639951625317563
deep,32,1,384,0.010614315479638495
deep,32,1,385,0.01060434713855488
deep,32,1,386,0.010614112892009678
deep,32,1,387,0.010561036455230302
deep,32,1,388,0.01046362634774724
deep,32,1,389,0.010368108733333345
deep,32,1,390,0.010343408061196057
deep,32,1,391,0.010321276991011135
deep,32,1,392,0.010314781073366572
deep,32,1,393,0.01028911445037333
deep,32,1,394,0.010296471015498139
deep,32,1,395,0.010307701061823153
deep,32,1,396,0.01036018680073517
deep,32,1,397,0.010441580071230678
deep,32,1,398,0.010543956020085673
deep,32,1,399,0.010641706698091129
deep,32,1,400,0.01073343730656955
deep,32,2,0,1.0
deep,32,2,1,0.9636525038075041
deep,32,2,2,0.929182998378825
deep,32,2,3,0.8964493480633321
deep,32,2,4,0.8653066137154156
deep,32,2,5,0.8357235520935035
deep,32,2,6,0.807681461126935
deep,32,2,7,0.7808890626067455
deep,32,2,8,0.7554233543937783
deep,32,2,9,0.7311450859301684
deep,32,2,10,0.7080638205556697
deep,32,2,11,0.6859966592300883
deep,32,2,12,0.6648255866892645
deep,32,2,13,0.6444418157113595
deep,32,2,14,0.6250000516293741
deep,32,2,15,0.6063997291878787
deep,32,2,16,0.5885918913216088
deep,32,2,17,0.5714356929780672
deep,32,2,18,0.5549799751515416
deep,32,2,19,0.539223251850115
deep,32,2,20,0.5242006994098577
deep,32,2,21,0.5098003873389265
deep,32,2,22,0.4959339427918842
deep,32,2,23,0.4826165123157631
deep,32,2,24,0.46980447460759445
deep,32,2,25,0.4574830389277025
deep,32,2,26,0.4456530338802802
deep,32,2,27,0.43424073822922743
deep,32,2,28,0.423223197113666
deep,32,2,29,0.41259813166710607
deep,32,2,30,0.40241356118531435
deep,32,2,31,0.3925468594079103
deep,32,2,32,0.3830475052352017
deep,32,2,33,0.3739137169502986
deep,32,2,34,0.36505541510856054
deep,32,2,35,0.35650311251891387
deep,32,2,36,0.3482871401511525
deep,32,2,37,0.340368347334436
deep,32,2,38,0.33268877830250865
deep,32,2,39,0.3252246669607562
deep,32,2,40,0.3179627303507623
deep,32,2,41,0.3109065388796642
deep,32,2,42,0.30415127603349884
deep,32,2,43,0.29759396361508483
deep,32,2,44,0.29131162884067596
deep,32,2,45,0.2852663176042703
deep,32,2,46,0.2793884012413947
deep,32,2,47,0.2736827470591813
deep,32,2,48,0.2680971901859139
deep,32,2,49,0.2626325146590075
deep,32,2,50,0.2573090840270905
deep,32,2,51,0.2522230830440074
deep,32,2,52,0.2473475233068133
deep,32,2,53,0.2426686178918054
deep,32,2,54,0.238223935523408
deep,32,2,55,0.23388550328114607
deep,32,2,56,0.22966462238432322
deep,32,2,57,0.22558771186757398
deep,32,2,58,0.22163880879397757
deep,32,2,59,0.21784682413664586
deep,32,2,60,0.21411153930616264
deep,32,2,61,0.2104641275042747
deep,32,2,62,0.20687462104960844
deep,32,2,63,0.2033822820227123
deep,32,2,64,0.1999457693775514
deep,32,2,65,0.19652568441066529
deep,32,2,66,0.19316995166651005
deep,32,2,67,0.18986930786964742
deep,32,2,68,0.18663417825705922
deep,32,2,69,0.1835000662735146
deep,32,2,70,0.18037534900141905
deep,32,2,71,0.17732985022874376
deep,32,2,72,0.17429319810560803
deep,32,2,73,0.17137233273021774
deep,32,2,74,0.1685486535374607
deep,32,2,75,0.16587789315063467
deep,32,2,76,0.16327530311432042
deep,32,2,77,0.16075756485415543
deep,32,2,78,0.1582574987552651
deep,32,2,79,0.15583962597227283
deep,32,2,80,0.15350727708544024
deep,32,2,81,0.15117162571279613
deep,32,2,82,0.14887644894018415
deep,32,2,83,0.14660895494069381
deep,32,2,84,0.14435874642144148
deep,32,2,85,0.14221255953360865
deep,32,2,86,0.14002142492110045
deep,32,2,87,0.13785762285302283
deep,32,2,88,0.13579366008057014
deep,32,2,89,0.1338727744681775
deep,32,2,90,0.1320078998533226
deep,32,2,91,0.13023376011932924
deep,32,2,92,0.12848846819230295
deep,32,2,93,0.1267371919981489
deep,32,2,94,0.12494951958264959
deep,32,2,95,0.1232442796334429
deep,32,2,96,0.12160216784216192
deep,32,2,97,0.11997108169020194
deep,32,2,98,0.11839701916833173
deep,32,2,99,0.11682805354733936
deep,32,2,100,0.1153111115799392
deep,32,2,101,0.11380673641562745
deep,32,2,102,0.11229072518506755
deep,32,2,103,0.11081586212074553
deep,32,2,104,0.10938843503565487
deep,32,2,105,0.10794726547449845
deep,32,2,106,0.10658664464225112
deep,32,2,107,0.10521012117840553
deep,32,2,108,0.1037871426628113
deep,32,2,109,0.10242107589199306
deep,32,2,110,0.10110167643203816
deep,32,2,111,0.09978111062353488
deep,32,2,112,0.09853253003591766
deep,32,2,113,0.09727138383010202
deep,32,2,114,0.09599380203045632
deep,32,2,115,0.09472379290813093
deep,32,2,116,0.09351024201598668
deep,32,2,117,0.09230184861408064
deep,32,2,118,0.09108107011181417
deep,32,2,119,0.08983646166507428
deep,32,2,120,0.08856034985970274
deep,32,2,121,0.08736917317673462
deep,32,2,122,0.08615106037821434
deep,32,2,123,0.08490734621583725
deep,32,2,124,0.08364543066797409
deep,32,2,125,0.08240710483244207
deep,32,2,126,0.08119748048349412
deep,32,2,127,0.07999375531600003
deep,32,2,128,0.07880601008513358
deep,32,2,129,0.07763429985150465
deep,32,2,130,0.07651167145223421
deep,32,2,131,0.0753822872855815
deep,32,2,132,0.07423406746854222
deep,32,2,133,0.07312390205532715
deep,32,2,134,0.07203630779820541
deep,32,2,135,0.07099757309830142
deep,32,2,136,0.06994085934642229
deep,32,2,137,0.06891620612670091
deep,32,2,138,0.0678836147756545
deep,32,2,139,0.06686940654229648
deep,32,2,140,0.06583944373379738
deep,32,2,141,0.0648401505398612
deep,32,2,142,0.06387871585452
deep,32,2,143,0.06296619953856619
deep,32,2,144,0.06202773839095849
deep,32,2,145,0.061089797811973795
deep,32,2,146,0.060165618126676305
deep,32,2,147,0.0592666394016528
deep,32,2,148,0.05839682247074318
deep,32,2,149,0.0575790958470776
deep,32,2,150,0.05671391839044828
deep,32,2,151,0.055866708556568
deep,32,2,152,0.0550983056418379
deep,32,2,153,0.05439162754163776
deep,32,2,154,0.053667212619657186
deep,32,2,155,0.053008522190230056
deep,32,2,156,0.05235265402278972
deep,32,2,157,0.051695768301416686
deep,32,2,158,0.05108685411622023
deep,32,2,159,0.05047623740062346
deep,32,2,160,0.04989345892739705
deep,32,2,161,0.049330425973131906
deep,32,2,162,0.048752450322378516
deep,32,2,163,0.04816686187164782
deep,32,2,164,0.047612796484068486
deep,32,2,165,0.046998134014130666
deep,32,2,166,0.04637019009046194
deep,32,2,167,0.045747364305286746
deep,32,2,168,0.04519090477562082
deep,32,2,169,0.04459622876340204
deep,32,2,170,0.04402425764737784
deep,32,2,171,0.04340112145735702
deep,32,2,172,0.04279099164957184
deep,32,2,173,0.04214530268607654
deep,32,2,174,0.04148773814845743
deep,32,2,175,0.040763948499524104
deep,32,2,176,0.04012790759306473
deep,32,2,177,0.039465284536819474
deep,32,2,178,0.03884924371239468
deep,32,2,179,0.03827752895794363
deep,32,2,180,0.03775404162198234
deep,32,2,181,0.03727593457720718
deep,32,2,182,0.03677385901265876
deep,32,2,183,0.0363289171305721
deep,32,2,184,0.03584240748574422
deep,32,2,185,0.03534758228289774
deep,32,2,186,0.034822519363100955
deep,32,2,187,0.03432316006950186
deep,32,2,188,0.033828375220192164
deep,32,2,189,0.03344504706952774
deep,32,2,190,0.03308062920311534
deep,32,2,191,0.03270598151162788
deep,32,2,192,0.032289194366825744
deep,32,2,193,0.03191454716810793
deep,32,2,194,0.03152004434940626
deep,32,2,195,0.031122864375844793
deep,32,2,196,0.030732754322208414
deep,32,2,197,0.030327391342272334
deep,32,2,198,0.02987370426320608
deep,32,2,199,0.029414736215249128
deep,32,2,200,0.02893223725602282
deep,32,2,201,0.028464912458760875
deep,32,2,202,0.028075780831879102
deep,32,2,203,0.027688466207561352
deep,32,2,204,0.027330157168088603
deep,32,2,205,0.026953513368353423
deep,32,2,206,0.026534675204649368
deep,32,2,207,0.026180000325449357
deep,32,2,208,0.025850978727629783
deep,32,2,209,0.025519340613787595
deep,32,2,210,0.025227228297075303
deep,32,2,211,0.02489071072292946
deep,32,2,212,0.0245302742073434
deep,32,2,213,0.02416528678321872
deep,32,2,214,0.023804219291961644
deep,32,2,215,0.023412046307870447
deep,32,2,216,0.02299542746011215
deep,32,2,217,0.022580459832370333
deep,32,2,218,0.022202597761092603
deep,32,2,219,0.021836783473891067
deep,32,2,220,0.02146651943417623
deep,32,2,221,0.021129397138365986
deep,32,2,222,0.020725788438472146
deep,32,2,223,0.02032526608127609
deep,32,2,224,0.02003448202147672
deep,32,2,225,0.01980126633195735
deep,32,2,226,0.01954728619524117
deep,32,2,227,0.01929448751474818
deep,32,2,228,0.019017140354541873
deep,32,2,229,0.01872384369566153
deep,32,2,230,0.01841308361460363
deep,32,2,231,0.018115240925337013
deep,32,2,232,0.017755479620686264
deep,32,2,233,0.017353328377068707
deep,32,2,234,0.016998954374732873
deep,32,2,235,0.016657378425546297
deep,32,2,236,0.016347133142291397
deep,32,2,237,0.016043254051996574
deep,32,2,238,0.015776556262722046
deep,32,2,239,0.015603582527343096
deep,32,2,240,0.015454552694461722
deep,32,2,241,0.01523367394832495
deep,32,2,242,0.015028421892768058
deep,32,2,243,0.014823665026653027
deep,32,2,244,0.014580962783702169
deep,32,2,245,0.014303758053068482
deep,32,2,246,0.014024465679704876
deep,32,2,247,0.013778258340560552
deep,32,2,248,0.013543347978536222
deep,32,2,249,0.01332148824670618
deep,32,2,250,0.01312645310911289
deep,32,2,251,0.012921211692882377
deep,32,2,252,0.012708387091125222
deep,32,2,253,0.01248990694554689
deep,32,2,254,0.012258899592693193
deep,32,2,255,0.012010182419895772
deep,32,2,256,0.011756457133352053
deep,32,2,257,0.011557421882424838
deep,32,2,258,0.01132093924147123
deep,32,2,259,0.011080309039797285
deep,32,2,260,0.010890644830762629
deep,32,2,261,0.010659701568418794
deep,32,2,262,0.010432708290459622
deep,32,2,263,0.010164796387644674
deep,32,2,264,0.00995148217850706
deep,32,2,265,0.009733453621168986
deep,32,2,266,0.009552884243536088
deep,32,2,267,0.009395363690586633
deep,32,2,268,0.009267847583577684
deep,32,2,269,0.009180613791748168
deep,32,2,270,0.009102045867321235
deep,32,2,271,0.009067639927439862
deep,32,2,272,0.008996417858803115
deep,32,2,273,0.008924134581203702
deep,32,2,274,0.008879793901986288
deep,32,2,275,0.008833972014725838
deep,32,2,276,0.008810788643415227
deep,32,2,277,0.008835187026500336
deep,32,2,278,0.008868847081970423
deep,32,2,279,0.008854154189690778
deep,32,2,280,0.008803228768554843
deep,32,2,281,0.008760346495739684
deep,32,2,282,0.008755885942876655
deep,32,2,283,0.008738846398477301
deep,32,2,284,0.008690583531603872
deep,32,2,285,0.008676273369966635
deep,32,2,286,0.008722663683511083
deep,32,2,287,0.008813388312013424
deep,32,2,288,0.00890957522256578
deep,32,2,289,0.008988812560955453
deep,32,2,290,0.009099759423467036
deep,32,2,291,0.009174715874696086
deep,32,2,292,0.009263579437384315
deep,32,2,293,0.00934276552618235
deep,32,2,294,0.009489010938287985
deep,32,2,295,0.009638749312925625
deep,32,2,296,0.009785026334490785
deep,32,2,297,0.009889053211375218
deep,32,2,298,0.009928094898171314
deep,32,2,299,0.009946298849884136
deep,32,2,300,0.00994588637906137
deep,32,2,301,0.00994213947569739
deep,32,2,302,0.009974238226771423
deep,32,2,303,0.01001447782725511
deep,32,2,304,0.01004089018241669
deep,32,2,305,0.01002146047000737
deep,32,2,306,0.010022628064868684
deep,32,2,307,0.010015589029233704
deep,32,2,308,0.010032355301517418
deep,32,2,309,0.010017073859712133
deep,32,2,310,0.010033739441473084
deep,32,2,311,0.01006212961232634
deep,32,2,312,0.010091354099049925
deep,32,2,313,0.010095340874727615
deep,32,2,314,0.010105011596635865
deep,32,2,315,0.010069510202344681
deep,32,2,316,0.010027071476011493
deep,32,2,317,0.009904277085155563
deep,32,2,318,0.00970187774717338
deep,32,2,319,0.009489054285817084
deep,32,2,320,0.009200041631439757
deep,32,2,321,0.00894043681192363
deep,32,2,322,0.008682554708354846
deep,32,2,323,0.008499771505822476
deep,32,2,324,0.008315642567662733
deep,32,2,325,0.008130185632673623
deep,32,2,326,0.007970873432829161
deep,32,2,327,0.007881483918441774
deep,32,2,328,0.0078095197890122115
deep,32,2,329,0.00767642060631642
deep,32,2,330,0.007515567281354855
deep,32,2,331,0.007354375081408522
deep,32,2,332,0.007200244403202139
deep,32,2,333,0.0070140601253085395
deep,32,2,334,0.006919872607161098
deep,32,2,335,0.006721972196128447
deep,32,2,336,0.006580168975459924
deep,32,2,337,0.006399099973405102
deep,32,2,338,0.006195183776035402
deep,32,2,339,0.005989557903020215
deep,32,2,340,0.005791327443513921
deep,32,2,341,0.005558486197874544
deep,32,2,342,0.005388548351154074
deep,32,2,343,0.005204377622210801
deep,32,2,344,0.005044305030572032
deep,32,2,345,0.004959550745763314
deep,32,2,346,0.004872868490294852
deep,32,2,347,0.004752881134409717
deep,32,2,348,0.004625664661219139
deep,32,2,349,0.0045121383347085115
deep,32,2,350,0.004402109185628958
deep,32,2,351,0.004264522973304977
deep,32,2,352,0.004155888892783586
deep,32,2,353,0.004033308971155916
deep,32,2,354,0.003937640546853987
deep,32,2,355,0.003875675566322079
deep,32,2,356,0.003834222105931921
deep,32,2,357,0.003895753322657027
deep,32,2,358,0.003915544839487499
deep,32,2,359,0.003963412454453962
deep,32,2,360,0.0040123162592762395
deep,32,2,361,0.004082557161131076
deep,32,2,362,0.004198170703933842
deep,32,2,363,0.004313205765437261
deep,32,2,364,0.004435123413838548
deep,32,2,365,0.004577399268389062
deep,32,2,366,0.004700354345097841
deep,32,2,367,0.004771806311003391
deep,32,2,368,0.004831801099235679
deep,32,2,369,0.004856568115313292
deep,32,2,370,0.004937963169049058
deep,32,2,371,0.004930305055846256
deep,32,2,372,0.004938860244826619
deep,32,2,373,0.004966088846616035
deep,32,2,374,0.004967305886567174
deep,32,2,375,0.004964695720660333
deep,32,2,376,0.004933067691332583
deep,32,2,377,0.00490821078417222
deep,32,2,378,0.00482131390830895
deep,32,2,379,0.0047883333831777375
deep,32,2,380,0.004729943719267672
deep,32,2,381,0.004671028249248516
deep,32,2,382,0.0046664350199902985
deep,32,2,383,0.004715025731417687
deep,32,2,384,0.004728404402553553
deep,32,2,385,0.00476187755907698
deep,32,2,386,0.004801816850822872
deep,32,2,387,0.004854980884461795
deep,32,2,388,0.0048528518406956425
deep,32,2,389,0.004857280080272894
deep,32,2,390,0.004886548931385301
deep,32,2,391,0.004902375357820698
deep,32,2,392,0.004948473643098967
deep,32,2,393,0.0050081022454839955
deep,32,2,394,0.0049587083558638645
deep,32,2,395,0.004948984244463821
deep,32,2,396,0.004921147551522186
deep,32,2,397,0.0049207910985290485
deep,32,2,398,0.004948648295256281
deep,32,2,399,0.0049306566300461084
deep,32,2,400,0.004906358132710644
deep,64,0,0,1.0
deep,64,0,1,0.9640855018306035
deep,64,0,2,0.9298037761667308
deep,64,0,3,0.8970953145169689
deep,64,0,4,0.8658551121105257
deep,64,0,5,0.8360073584871789
deep,64,0,6,0.8074287774281241
deep,64,0,7,0.7800590358593112
deep,64,0,8,0.753858206348142
deep,64,0,9,0.7287844367524651
deep,64,0,10,0.7047484553145124
deep,64,0,11,0.6816936869949816
deep,64,0,12,0.6595907009614518
deep,64,0,13,0.6384458134511677
deep,64,0,14,0.6182099051180778
deep,64,0,15,0.5987074590573062
deep,64,0,16,0.5800164908858123
deep,64,0,17,0.5621100934068449
deep,64,0,18,0.5449090337632567
deep,64,0,19,0.5283532859077201
deep,64,0,20,0.5123798671849704
deep,64,0,21,0.49701625006983025
deep,64,0,22,0.4822643226837276
deep,64,0,23,0.46812125691734996
deep,64,0,24,0.4544227111882451
deep,64,0,25,0.44121181418572797
deep,64,0,26,0.4285101961234061
deep,64,0,27,0.41626670707891733
deep,64,0,28,0.40445070174104303
deep,64,0,29,0.3930622558150491
deep,64,0,30,0.38210159966065144
deep,64,0,31,0.37151634013553975
deep,64,0,32,0.3612384233475051
deep,64,0,33,0.35132120097892494
deep,64,0,34,0.34175389878067214
deep,64,0,35,0.33246190442645174
deep,64,0,36,0.32352401616244053
deep,64,0,37,0.3148603397761386
deep,64,0,38,0.30649312906488907
deep,64,0,39,0.29841202394879524
deep,64,0,40,0.29061150696702986
deep,64,0,41,0.2830737281747474
deep,64,0,42,0.2757552874226509
deep,64,0,43,0.2687011094651851
deep,64,0,44,0.26185917106966594
deep,64,0,45,0.2551852642872715
deep,64,0,46,0.24875080899421276
deep,64,0,47,0.24255362113070797
deep,64,0,48,0.23659720401860343
deep,64,0,49,0.230815828086646
deep,64,0,50,0.22519897679838388
deep,64,0,51,0.21976165276862705
deep,64,0,52,0.21454951367869257
deep,64,0,53,0.20950580138184421
deep,64,0,54,0.2046000216245277
deep,64,0,55,0.19978871313265242
deep,64,0,56,0.19518191025096288
deep,64,0,57,0.19076925871042327
deep,64,0,58,0.18653778617843375
deep,64,0,59,0.18252263281737868
deep,64,0,60,0.1786495715587561
deep,64,0,61,0.17487109838082646
deep,64,0,62,0.17121749180857754
deep,64,0,63,0.16770911464905722
deep,64,0,64,0.1643169275549911
deep,64,0,65,0.16101059688559094
deep,64,0,66,0.15771621273769104
deep,64,0,67,0.15449228710552307
deep,64,0,68,0.1512982815824357
deep,64,0,69,0.14824464713107846
deep,64,0,70,0.14528323011994881
deep,64,0,71,0.14233484099981247
deep,64,0,72,0.13949544829709098
deep,64,0,73,0.1367237116066011
deep,64,0,74,0.13405541693616052
deep,64,0,75,0.1314315740136374
deep,64,0,76,0.12882880259115742
deep,64,0,77,0.12630497795845308
deep,64,0,78,0.12373032682127758
deep,64,0,79,0.12126734164520155
deep,64,0,80,0.11887558494888878
deep,64,0,81,0.1165521800348807
deep,64,0,82,0.1142408396993784
deep,64,0,83,0.1120078903111856
deep,64,0,84,0.10974062826040916
deep,64,0,85,0.1075693436357056
deep,64,0,86,0.10544460704659935
deep,64,0,87,0.10334737386823888
deep,64,0,88,0.10123413738095258
deep,64,0,89,0.0992104718227489
deep,64,0,90,0.0973300394210567
deep,64,0,91,0.09553158219895476
deep,64,0,92,0.09376356549617064
deep,64,0,93,0.09205962363401418
deep,64,0,94,0.09038437863819306
deep,64,0,95,0.08868613647174074
deep,64,0,96,0.08702940794244177
deep,64,0,97,0.08537248816806842
deep,64,0,98,0.0837451543894605
deep,64,0,99,0.08221530709252871
deep,64,0,100,0.08076688880494683
deep,64,0,101,0.07927705372977431
deep,64,0,102,0.07786643421060133
deep,64,0,103,0.0764795116428781
deep,64,0,104,0.0751474919426187
deep,64,0,105,0.07385982011197711
deep,64,0,106,0.07268701823404608
deep,64,0,107,0.07152868696377056
deep,64,0,108,0.07033202971186395
deep,64,0,109,0.06913994059313845
deep,64,0,110,0.06795590806579581
deep,64,0,111,0.06686805095943299
deep,64,0,112,0.06578798914598244
deep,64,0,113,0.06470929193574111
deep,64,0,114,0.06365000979019556
deep,64,0,115,0.06269488689304695
deep,64,0,116,0.061702840240612525
deep,64,0,117,0.060714057451637826
deep,64,0,118,0.0596924209030763
deep,64,0,119,0.058715858451431575
deep,64,0,120,0.05771519802976599
deep,64,0,121,0.056657280453817634
deep,64,0,122,0.05569205498249989
deep,64,0,123,0.05481544287122522
deep,64,0,124,0.05391282043180742
deep,64,0,125,0.05300196092821808
deep,64,0,126,0.052160282675499034
deep,64,0,127,0.0513266042400905
deep,64,0,128,0.05053485083713942
deep,64,0,129,0.04967669405763476
deep,64,0,130,0.04885677376087113
deep,64,0,131,0.04812658777079314
deep,64,0,132,0.04738578678319608
deep,64,0,133,0.046648077087466454
deep,64,0,134,0.045921068397845245
deep,64,0,135,0.045215553040684094
deep,64,0,136,0.044512148317760736
deep,64,0,137,0.04384653267701179
deep,64,0,138,0.043178546433822185
deep,64,0,139,0.042517912516573005
deep,64,0,140,0.04184366245190393
deep,64,0,141,0.04113971383159991
deep,64,0,142,0.04045962347955021
deep,64,0,143,0.039816617703329275
deep,64,0,144,0.03913366364191346
deep,64,0,145,0.03845836246933868
deep,64,0,146,0.037705967638023086
deep,64,0,147,0.037063623690134
deep,64,0,148,0.03646696153570114
deep,64,0,149,0.035863178314243446
deep,64,0,150,0.03532293354138628
deep,64,0,151,0.034832703366980876
deep,64,0,152,0.034317890694612566
deep,64,0,153,0.03378307219227637
deep,64,0,154,0.03320789968152739
deep,64,0,155,0.03266417504752928
deep,64,0,156,0.032157601804160996
deep,64,0,157,0.03176148349945547
deep,64,0,158,0.031428983107833965
deep,64,0,159,0.03108942869984923
deep,64,0,160,0.03067760319345442
deep,64,0,161,0.030298987950556147
deep,64,0,162,0.029949111013593134
deep,64,0,163,0.029639568238179207
deep,64,0,164,0.029285284614394457
deep,64,0,165,0.028887101326618918
deep,64,0,166,0.028570285172772977
deep,64,0,167,0.028208517697921674
deep,64,0,168,0.027949006036599458
deep,64,0,169,0.027770796046349907
deep,64,0,170,0.02760417069331665
deep,64,0,171,0.02741122560844551
deep,64,0,172,0.0271624894017318
deep,64,0,173,0.026914165772303666
deep,64,0,174,0.02664554619384226
deep,64,0,175,0.026403645390723443
deep,64,0,176,0.026138151251669205
deep,64,0,177,0.02587745841906712
deep,64,0,178,0.025576286450251173
deep,64,0,179,0.02527322091863591
deep,64,0,180,0.025014291283058984
deep,64,0,181,0.024723427045043704
deep,64,0,182,0.02441012333263673
deep,64,0,183,0.024131416281897945
deep,64,0,184,0.023899510154735137
deep,64,0,185,0.023654627518069158
deep,64,0,186,0.02341471100688268
deep,64,0,187,0.023176493728311497
deep,64,0,188,0.022834430907683216
deep,64,0,189,0.022469297179245395
deep,64,0,190,0.022066539149254133
deep,64,0,191,0.02165051553070943
deep,64,0,192,0.02125330038800104
deep,64,0,193,0.02085908736880673
deep,64,0,194,0.020500494906746273
deep,64,0,195,0.020175284861233326
deep,64,0,196,0.019848362522623064
deep,64,0,197,0.01961574210433911
deep,64,0,198,0.01933690739168514
deep,64,0,199,0.019088313469902394
deep,64,0,200,0.01883853450209701
deep,64,0,201,0.01861055737573097
deep,64,0,202,0.018401559525026232
deep,64,0,203,0.01818705372431316
deep,64,0,204,0.017952721555901892
deep,64,0,205,0.017664664558906567
deep,64,0,206,0.017380527848775883
deep,64,0,207,0.01709438794588483
deep,64,0,208,0.016839984161726676
deep,64,0,209,0.016543876486919185
deep,64,0,210,0.016218094661472567
deep,64,0,211,0.01591515255670148
deep,64,0,212,0.015637683757932033
deep,64,0,213,0.015321194188698544
deep,64,0,214,0.01499963931218925
deep,64,0,215,0.014677887592723577
deep,64,0,216,0.014333274063260008
deep,64,0,217,0.014040190373716498
deep,64,0,218,0.01375724931747601
deep,64,0,219,0.013549397356380912
deep,64,0,220,0.013320521710121365
deep,64,0,221,0.013053479468341088
deep,64,0,222,0.012829904512577853
deep,64,0,223,0.012645419512618683
deep,64,0,224,0.012503487181045981
deep,64,0,225,0.012472715979959838
deep,64,0,226,0.012436650883570204
deep,64,0,227,0.012366722924607547
deep,64,0,228,0.012227500811048618
deep,64,0,229,0.012035547183758478
deep,64,0,230,0.011842494251495228
deep,64,0,231,0.011629478011902785
deep,64,0,232,0.01141621793448261
deep,64,0,233,0.011205945963971174
deep,64,0,234,0.011084437055838626
deep,64,0,235,0.010957807002987069
deep,64,0,236,0.010865016236632436
deep,64,0,237,0.010785805136300893
deep,64,0,238,0.010709432714567249
deep,64,0,239,0.010655842080014525
deep,64,0,240,0.010535873028889727
deep,64,0,241,0.010486423143413392
deep,64,0,242,0.010444203377377392
deep,64,0,243,0.010438420393348642
deep,64,0,244,0.01046340449330093
deep,64,0,245,0.010529675539079759
deep,64,0,246,0.01058195745211243
deep,64,0,247,0.010628780119840054
deep,64,0,248,0.01065448387996126
deep,64,0,249,0.010713833056847796
deep,64,0,250,0.01081591676427172
deep,64,0,251,0.0109042053242306
deep,64,0,252,0.011011083410454588
deep,64,0,253,0.011055986457406509
deep,64,0,254,0.011131707429645817
deep,64,0,255,0.011215650603142174
deep,64,0,256,0.011309430725915903
deep,64,0,257,0.011378041725541533
deep,64,0,258,0.011353876964503809
deep,64,0,259,0.01132948454793373
deep,64,0,260,0.0113123232296784
deep,64,0,261,0.011274242569463763
deep,64,0,262,0.011249083452022418
deep,64,0,263,0.011220964687784302
deep,64,0,264,0.01119339582892142
deep,64,0,265,0.011191889899262458
deep,64,0,266,0.011135706768093957
deep,64,0,267,0.011086309357909056
deep,64,0,268,0.011023513310099355
deep,64,0,269,0.010935870383946519
deep,64,0,270,0.010864307553060596
deep,64,0,271,0.01075309085590086
deep,64,0,272,0.010667863118458827
deep,64,0,273,0.010603337463415316
deep,64,0,274,0.010561029707917934
deep,64,0,275,0.010505654737998233
deep,64,0,276,0.010376995359298794
deep,64,0,277,0.010268457440692772
deep,64,0,278,0.010187308155332288
deep,64,0,279,0.01014601127527812
deep,64,0,280,0.010128341443789605
deep,64,0,281,0.010088411225636253
deep,64,0,282,0.01001118486794711
deep,64,0,283,0.009881063756652958
deep,64,0,284,0.009762011270080764
deep,64,0,285,0.009687587878209444
deep,64,0,286,0.00960556589620074
deep,64,0,287,0.009536986966235853
deep,64,0,288,0.009555236680262372
deep,64,0,289,0.009468332542788114
deep,64,0,290,0.00938793700793104
deep,64,0,291,0.009319908202579904
deep,64,0,292,0.009216407855508185
deep,64,0,293,0.009150724750610063
deep,64,0,294,0.009116704407984028
deep,64,0,295,0.00907906422392739
deep,64,0,296,0.008971012187239022
deep,64,0,297,0.00883175455027043
deep,64,0,298,0.008676135672221707
deep,64,0,299,0.008493707279188514
deep,64,0,300,0.008304935645579454
deep,64,0,301,0.008126919630943443
deep,64,0,302,0.008019733488171062
deep,64,0,303,0.007886567489708885
deep,64,0,304,0.007810572230434243
deep,64,0,305,0.007674913715805663
deep,64,0,306,0.007539479245944816
deep,64,0,307,0.007423131088652571
deep,64,0,308,0.007342324481462822
deep,64,0,309,0.007218830424968897
deep,64,0,310,0.007087724745248212
deep,64,0,311,0.006969055546005619
deep,64,0,312,0.006822813636373758
deep,64,0,313,0.006697371295467486
deep,64,0,314,0.006565761322472419
deep,64,0,315,0.0064460788216732035
deep,64,0,316,0.0063127410400958105
deep,64,0,317,0.006205599973076622
deep,64,0,318,0.006087605206732842
deep,64,0,319,0.00596198217791147
deep,64,0,320,0.005887823407822672
deep,64,0,321,0.005773718526332012
deep,64,0,322,0.005677709662051806
deep,64,0,323,0.005663025563252309
deep,64,0,324,0.005590271283140283
deep,64,0,325,0.005460281630622277
deep,64,0,326,0.005418275230480889
deep,64,0,327,0.005324322591580209
deep,64,0,328,0.0052332075637373495
deep,64,0,329,0.005202490404525447
deep,64,0,330,0.0052082637589547865
deep,64,0,331,0.005253640781811693
deep,64,0,332,0.00524496081619052
deep,64,0,333,0.0052454436871195555
deep,64,0,334,0.005294721346267537
deep,64,0,335,0.005312389859590307
deep,64,0,336,0.005395435190250754
deep,64,0,337,0.005473595790529376
deep,64,0,338,0.005566607980796388
deep,64,0,339,0.005743015880640466
deep,64,0,340,0.005975554672832237
deep,64,0,341,0.006195411281819017
deep,64,0,342,0.006392592402242657
deep,64,0,343,0.00654506000656447
deep,64,0,344,0.006659863809797949
deep,64,0,345,0.006731958824792235
deep,64,0,346,0.006785205720463186
deep,64,0,347,0.006829439258562918
deep,64,0,348,0.006860082628100643
deep,64,0,349,0.006871492361230892
deep,64,0,350,0.006849455478826311
deep,64,0,351,0.006800350997767976
deep,64,0,352,0.006754388237229438
deep,64,0,353,0.006681341725278136
deep,64,0,354,0.006672740575369883
deep,64,0,355,0.006595712124406891
deep,64,0,356,0.006548739621546628
deep,64,0,357,0.006527930682706663
deep,64,0,358,0.00645970384706695
deep,64,0,359,0.0064113770914974175
deep,64,0,360,0.006322516299571991
deep,64,0,361,0.006233772079703792
deep,64,0,362,0.00609958849273663
deep,64,0,363,0.00598125269158287
deep,64,0,364,0.00585651542318111
deep,64,0,365,0.005750255357050393
deep,64,0,366,0.005621335942440025
deep,64,0,367,0.005566429904140149
deep,64,0,368,0.0055503523156498384
deep,64,0,369,0.005491536146832003
deep,64,0,370,0.005406052006000818
deep,64,0,371,0.005269600656282997
deep,64,0,372,0.0051280454130291754
deep,64,0,373,0.004990181777077818
deep,64,0,374,0.004895290581740182
deep,64,0,375,0.00484355303252566
deep,64,0,376,0.00484880721627722
deep,64,0,377,0.0049207508041054435
deep,64,0,378,0.0049469816802069225
deep,64,0,379,0.0050198017747715
deep,64,0,380,0.004999010966382309
deep,64,0,381,0.004966339030901864
deep,64,0,382,0.004956514386026582
deep,64,0,383,0.004882571592737239
deep,64,0,384,0.0047649050514292565
deep,64,0,385,0.004643085253033256
deep,64,0,386,0.004557690936405112
deep,64,0,387,0.0044577897783304446
deep,64,0,388,0.004330933996310339
deep,64,0,389,0.004233319165423649
deep,64,0,390,0.004181944482978949
deep,64,0,391,0.004107821268964037
deep,64,0,392,0.004056439662382084
deep,64,0,393,0.004035283568992204
deep,64,0,394,0.0040066588981312315
deep,64,0,395,0.004035551227186625
deep,64,0,396,0.00401071604213119
deep,64,0,397,0.003960505458271074
deep,64,0,398,0.003862744512300878
deep,64,0,399,0.0036701686196570892
deep,64,0,400,0.0035106332755482977
deep,64,1,0,1.0
deep,64,1,1,0.9653620230471729
deep,64,1,2,0.9322766484205137
deep,64,1,3,0.9005975609710378
deep,64,1,4,0.870281690268137
deep,64,1,5,0.8413469842746754
deep,64,1,6,0.8136302688049648
deep,64,1,7,0.787147658844194
deep,64,1,8,0.7617729339794761
deep,64,1,9,0.7374841769688261
deep,64,1,10,0.7142082211893038
deep,64,1,11,0.6918604328041839
deep,64,1,12,0.6704613681197766
deep,64,1,13,0.6499185205990896
deep,64,1,14,0.6301275257119495
deep,64,1,15,0.6111279724021023
deep,64,1,16,0.5928614533961065
deep,64,1,17,0.5753077910523449
deep,64,1,18,0.5584253821325097
deep,64,1,19,0.5421952723228467
deep,64,1,20,0.5265121972187031
deep,64,1,21,0.5113811762284673
deep,64,1,22,0.4968064052404192
deep,64,1,23,0.48278827014048875
deep,64,1,24,0.46929600522372356
deep,64,1,25,0.45630918790985353
deep,64,1,26,0.44389384598990006
deep,64,1,27,0.43184590243026705
deep,64,1,28,0.42018622314404996
deep,64,1,29,0.40891216662493535
deep,64,1,30,0.398027813350987
deep,64,1,31,0.3875534282677153
deep,64,1,32,0.37749301778889155
deep,64,1,33,0.3677814022726388
deep,64,1,34,0.35837550902246007
deep,64,1,35,0.3492294065843391
deep,64,1,36,0.3403946413508572
deep,64,1,37,0.3317704856225717
deep,64,1,38,0.32345155751883053
deep,64,1,39,0.31543735530670136
deep,64,1,40,0.3077071627579149
deep,64,1,41,0.30023959099939157
deep,64,1,42,0.29301898278796135
deep,64,1,43,0.28609552526887183
deep,64,1,44,0.279367896967929
deep,64,1,45,0.2727826946644332
deep,64,1,46,0.2663447514871997
deep,64,1,47,0.2602327396143682
deep,64,1,48,0.25435845113877387
deep,64,1,49,0.2486606143526819
deep,64,1,50,0.24313058430952006
deep,64,1,51,0.2377621167951213
deep,64,1,52,0.23263510667691656
deep,64,1,53,0.22765939524508366
deep,64,1,54,0.22284424634428848
deep,64,1,55,0.21824117594444403
deep,64,1,56,0.21377461613253756
deep,64,1,57,0.20942174027903568
deep,64,1,58,0.2051200422625919
deep,64,1,59,0.20091837334228274
deep,64,1,60,0.1968123072158836
deep,64,1,61,0.1927978513700923
deep,64,1,62,0.18888013062080314
deep,64,1,63,0.18502184480853368
deep,64,1,64,0.18123887535896377
deep,64,1,65,0.17750027194273305
deep,64,1,66,0.17389405670751862
deep,64,1,67,0.17039978788559748
deep,64,1,68,0.16704955786947018
deep,64,1,69,0.1637980528697085
deep,64,1,70,0.16060183509299683
deep,64,1,71,0.1575043060558458
deep,64,1,72,0.15441043259690218
deep,64,1,73,0.1514017160557025
deep,64,1,74,0.14847749636024438
deep,64,1,75,0.14568102990951637
deep,64,1,76,0.14299882712920178
deep,64,1,77,0.14033331219003098
deep,64,1,78,0.13776844293422627
deep,64,1,79,0.1353033418508828
deep,64,1,80,0.13288145425059356
deep,64,1,81,0.13052870819005413
deep,64,1,82,0.12818675969635046
deep,64,1,83,0.12586351080897565
deep,64,1,84,0.12361564283563678
deep,64,1,85,0.12148497531341879
deep,64,1,86,0.11945234232299178
deep,64,1,87,0.11746145805696585
deep,64,1,88,0.11555549214041791
deep,64,1,89,0.11365929411517868
deep,64,1,90,0.11178424431718893
deep,64,1,91,0.10997399488567502
deep,64,1,92,0.1080695850250729
deep,64,1,93,0.10629207235705834
deep,64,1,94,0.10452606333729209
deep,64,1,95,0.10293683975630896
deep,64,1,96,0.10131407121938923
deep,64,1,97,0.09965764780150924
deep,64,1,98,0.09804613105416156
deep,64,1,99,0.09644369680028825
deep,64,1,100,0.09495396879366988
deep,64,1,101,0.09344057825569704
deep,64,1,102,0.09197227283110793
deep,64,1,103,0.09048496928613328
deep,64,1,104,0.08908601720318947
deep,64,1,105,0.08780802816431728
deep,64,1,106,0.08659629743365643
deep,64,1,107,0.08538015648778638
deep,64,1,108,0.08420620564833868
deep,64,1,109,0.08296601937678974
deep,64,1,110,0.08169046259328834
deep,64,1,111,0.08043489521890129
deep,64,1,112,0.0792036413528841
deep,64,1,113,0.07803065494372055
deep,64,1,114,0.07692133652118345
deep,64,1,115,0.07577337954916111
deep,64,1,116,0.07465717899006113
deep,64,1,117,0.07360366070072323
deep,64,1,118,0.07258442793735047
deep,64,1,119,0.07162785003860202
deep,64,1,120,0.07065927515175398
deep,64,1,121,0.06973621840425695
deep,64,1,122,0.06892779868287714
deep,64,1,123,0.06809302985606719
deep,64,1,124,0.06720652619460442
deep,64,1,125,0.06626957541345065
deep,64,1,126,0.06535887168745094
deep,64,1,127,0.06450846790754962
deep,64,1,128,0.063706471447363
deep,64,1,129,0.06291088631987712
deep,64,1,130,0.06213253926516957
deep,64,1,131,0.06130732827176601
deep,64,1,132,0.060475416958633135
deep,64,1,133,0.05966851604884872
deep,64,1,134,0.0588140162778658
deep,64,1,135,0.057959975278108325
deep,64,1,136,0.057165627110371625
deep,64,1,137,0.05647593306583228
deep,64,1,138,0.05584383070003715
deep,64,1,139,0.055248835530249576
deep,64,1,140,0.054634068142085865
deep,64,1,141,0.05406661742685438
deep,64,1,142,0.05345530798963842
deep,64,1,143,0.05289471903937794
deep,64,1,144,0.05238440999419682
deep,64,1,145,0.051883121903112575
deep,64,1,146,0.05138458453128433
deep,64,1,147,0.05079836820180831
deep,64,1,148,0.050202023621163244
deep,64,1,149,0.0496290845528793
deep,64,1,150,0.04904902093288768
deep,64,1,151,0.04843945184925437
deep,64,1,152,0.04783680880878641
deep,64,1,153,0.047209953813100114
deep,64,1,154,0.04663730471946616
deep,64,1,155,0.04607650083576475
deep,64,1,156,0.04551138292947491
deep,64,1,157,0.0450394982364392
deep,64,1,158,0.04455985277820437
deep,64,1,159,0.04412434544564183
deep,64,1,160,0.04371467471294262
deep,64,1,161,0.04328066510800854
deep,64,1,162,0.04282509952299669
deep,64,1,163,0.04234054766761484
deep,64,1,164,0.041875025629223996
deep,64,1,165,0.04141840720323064
deep,64,1,166,0.04093464519330911
deep,64,1,167,0.04037257910420282
deep,64,1,168,0.0398260960882757
deep,64,1,169,0.039315075398518376
deep,64,1,170,0.038760423105859684
deep,64,1,171,0.038235324268448015
deep,64,1,172,0.0377604684084829
deep,64,1,173,0.03736513999174636
deep,64,1,174,0.0369697487909067
deep,64,1,175,0.03650396230011221
deep,64,1,176,0.03603627614326147
deep,64,1,177,0.03561701417094779
deep,64,1,178,0.03519339891164478
deep,64,1,179,0.034779283723773466
deep,64,1,180,0.03444730948363533
deep,64,1,181,0.034163381309812405
deep,64,1,182,0.03384105386903713
deep,64,1,183,0.033562069051190045
deep,64,1,184,0.033254013683019494
deep,64,1,185,0.03290591951619483
deep,64,1,186,0.03258432197533207
deep,64,1,187,0.032209161107775615
deep,64,1,188,0.03185101736095024
deep,64,1,189,0.03148270040271761
deep,64,1,190,0.031145250788649242
deep,64,1,191,0.030780422697941748
deep,64,1,192,0.030450964174720808
deep,64,1,193,0.03017414753929266
deep,64,1,194,0.029942190639636598
deep,64,1,195,0.02972016373348132
deep,64,1,196,0.029508385787288063
deep,64,1,197,0.02936548849125823
deep,64,1,198,0.02922334881197939
deep,64,1,199,0.02909497957327056
deep,64,1,200,0.028958139071881356
deep,64,1,201,0.02882117665836273
deep,64,1,202,0.028714559037884797
deep,64,1,203,0.02862698177923355
deep,64,1,204,0.02850522333935793
deep,64,1,205,0.028320434267100344
deep,64,1,206,0.028089916621852423
deep,64,1,207,0.027786554106605656
deep,64,1,208,0.027527464696529346
deep,64,1,209,0.027201346050184497
deep,64,1,210,0.026899431344732765
deep,64,1,211,0.026601249804432105
deep,64,1,212,0.026345679669298745
deep,64,1,213,0.026119813787167472
deep,64,1,214,0.025910191016262893
deep,64,1,215,0.02575030314745735
deep,64,1,216,0.025563860492710103
deep,64,1,217,0.025408429709000917
deep,64,1,218,0.02524677594563203
deep,64,1,219,0.02512001140225449
deep,64,1,220,0.02497665271851881
deep,64,1,221,0.024878747194348252
deep,64,1,222,0.024842376154070957
deep,64,1,223,0.02475992271489461
deep,64,1,224,0.02465518913895158
deep,64,1,225,0.024642548368923572
deep,64,1,226,0.02459957574759602
deep,64,1,227,0.024482584540579222
deep,64,1,228,0.024430181878402575
deep,64,1,229,0.02430345499349027
deep,64,1,230,0.024099090790031877
deep,64,1,231,0.023905125007411553
deep,64,1,232,0.023704969967175138
deep,64,1,233,0.023508989376088696
deep,64,1,234,0.023337312158729723
deep,64,1,235,0.023193464060042062
deep,64,1,236,0.023002992800020744
deep,64,1,237,0.022759936235267855
deep,64,1,238,0.022494407491017193
deep,64,1,239,0.02219395959809454
deep,64,1,240,0.021878735347484062
deep,64,1,241,0.021556167790968188
deep,64,1,242,0.021207511366678835
deep,64,1,243,0.0207978473478501
deep,64,1,244,0.020412449224132347
deep,64,1,245,0.02004762222658721
deep,64,1,246,0.019636337812773585
deep,64,1,247,0.019186736316653505
deep,64,1,248,0.01877150548746076
deep,64,1,249,0.018399427103771203
deep,64,1,250,0.018055460827604678
deep,64,1,251,0.017839393225024737
deep,64,1,252,0.01763917843286942
deep,64,1,253,0.017426820664686912
deep,64,1,254,0.017194592134609714
deep,64,1,255,0.01700065691078762
deep,64,1,256,0.01679247017164967
deep,64,1,257,0.01653834194299682
deep,64,1,258,0.016255043173536356
deep,64,1,259,0.015926597618853545
deep,64,1,260,0.015547836327584033
deep,64,1,261,0.015122138589451904
deep,64,1,262,0.014769922848301326
deep,64,1,263,0.01448961785961016
deep,64,1,264,0.014229103323291739
deep,64,1,265,0.014014831364716072
deep,64,1,266,0.013799400293156853
deep,64,1,267,0.013617152251967659
deep,64,1,268,0.013404649339823372
deep,64,1,269,0.013195577861893034
deep,64,1,270,0.012952533756419804
deep,64,1,271,0.012739450337738165
deep,64,1,272,0.012518300977711228
deep,64,1,273,0.012288454084611464
deep,64,1,274,0.012095705094695531
deep,64,1,275,0.011867949907640032
deep,64,1,276,0.01170756225717833
deep,64,1,277,0.01155440429815751
deep,64,1,278,0.011363462349417704
deep,64,1,279,0.011233340915709034
deep,64,1,280,0.01112165319189673
deep,64,1,281,0.010946360296850807
deep,64,1,282,0.01075911520110092
deep,64,1,283,0.010560318302799757
deep,64,1,284,0.010336631617319013
deep,64,1,285,0.01010717820366292
deep,64,1,286,0.00987995538540175
deep,64,1,287,0.009727315702473765
deep,64,1,288,0.009530452778607127
deep,64,1,289,0.009361783341425798
deep,64,1,290,0.009200606049184842
deep,64,1,291,0.0090609575100437
deep,64,1,292,0.008904792108256156
deep,64,1,293,0.008749271731857126
deep,64,1,294,0.008601310015291198
deep,64,1,295,0.00846032576516548
deep,64,1,296,0.008333648377172
deep,64,1,297,0.008232740420776229
deep,64,1,298,0.008186798044518936
deep,64,1,299,0.008083436718708342
deep,64,1,300,0.008043178180013984
deep,64,1,301,0.00805506358892637
deep,64,1,302,0.008087643472261565
deep,64,1,303,0.008116509204075324
deep,64,1,304,0.008148700484325401
deep,64,1,305,0.008216327366526933
deep,64,1,306,0.00832853379579928
deep,64,1,307,0.008519884465198507
deep,64,1,308,0.00871155533985093
deep,64,1,309,0.008853065730951373
deep,64,1,310,0.008945190099059731
deep,64,1,311,0.009056459731038224
deep,64,1,312,0.00912063600001255
deep,64,1,313,0.009217306928900203
deep,64,1,314,0.009218720028432794
deep,64,1,315,0.009256730852530797
deep,64,1,316,0.009269514316390053
deep,64,1,317,0.009279952469388132
deep,64,1,318,0.009308621199317054
deep,64,1,319,0.009300522371554789
deep,64,1,320,0.009355472212019399
deep,64,1,321,0.00945948984778797
deep,64,1,322,0.009550662080961003
deep,64,1,323,0.009551854035982786
deep,64,1,324,0.00947953658600539
deep,64,1,325,0.009449690280992514
deep,64,1,326,0.009431474091816416
deep,64,1,327,0.009496008824954494
deep,64,1,328,0.009569566821242322
deep,64,1,329,0.009619671068490467
deep,64,1,330,0.009661627449898295
deep,64,1,331,0.009701900055140164
deep,64,1,332,0.009742381533378808
deep,64,1,333,0.009807271606026409
deep,64,1,334,0.009857144440559167
deep,64,1,335,0.00988903909381706
deep,64,1,336,0.00989815393406037
deep,64,1,337,0.009800417527737465
deep,64,1,338,0.009653638113721276
deep,64,1,339,0.009528860775327198
deep,64,1,340,0.009393972680470878
deep,64,1,341,0.009301854015733607
deep,64,1,342,0.009228765478289155
deep,64,1,343,0.00914716351469075
deep,64,1,344,0.009042734567039211
deep,64,1,345,0.008916112028239151
deep,64,1,346,0.008777763190176972
deep,64,1,347,0.008644545836752482
deep,64,1,348,0.008488888945086839
deep,64,1,349,0.00841085082487943
deep,64,1,350,0.008292160116785467
deep,64,1,351,0.00821017556151617
deep,64,1,352,0.00813556495829439
deep,64,1,353,0.008058255978755367
deep,64,1,354,0.007975814527063942
deep,64,1,355,0.007907289300991948
deep,64,1,356,0.007896201345447218
deep,64,1,357,0.007911932416558298
deep,64,1,358,0.00789219377733756
deep,64,1,359,0.00789179553568186
deep,64,1,360,0.00791193971629505
deep,64,1,361,0.007908919598607855
deep,64,1,362,0.007914840960069785
deep,64,1,363,0.00793163484262564
deep,64,1,364,0.007954572852937793
deep,64,1,365,0.007941543936463633
deep,64,1,366,0.007933467382876714
deep,64,1,367,0.007876385310666523
deep,64,1,368,0.007844254225593298
deep,64,1,369,0.007831783791445567
deep,64,1,370,0.007847645365862762
deep,64,1,371,0.007858506119786796
deep,64,1,372,0.007840611102106449
deep,64,1,373,0.007782808611128865
deep,64,1,374,0.00771236616205143
deep,64,1,375,0.007679338126191659
deep,64,1,376,0.007660071650020099
deep,64,1,377,0.0075857515366337955
deep,64,1,378,0.00753080551698656
deep,64,1,379,0.0074531412872190835
deep,64,1,380,0.007389548745694737
deep,64,1,381,0.007284390363835991
deep,64,1,382,0.007117690223063177
deep,64,1,383,0.007007787168367036
deep,64,1,384,0.006821645578523664
deep,64,1,385,0.006628843500276215
deep,64,1,386,0.006404781456679663
deep,64,1,387,0.006163664408551495
deep,64,1,388,0.00590543384300229
deep,64,1,389,0.005703810218964186
deep,64,1,390,0.0055451889651907315
deep,64,1,391,0.005433323773751355
deep,64,1,392,0.005376149052974536
deep,64,1,393,0.005262073385147403
deep,64,1,394,0.005054523182252117
deep,64,1,395,0.0048482853675303
deep,64,1,396,0.004608357867024132
deep,64,1,397,0.004430405510195829
deep,64,1,398,0.004314898344565976
deep,64,1,399,0.0042592117230902836
deep,64,1,400,0.00424524706595778
deep,64,2,0,1.0
deep,64,2,1,0.9632795370574841
deep,64,2,2,0.9282459045064496
deep,64,2,3,0.8948531446223069
deep,64,2,4,0.8629633435013071
deep,64,2,5,0.8325206637010688
deep,64,2,6,0.803410405245871
deep,64,2,7,0.7755386776751095
deep,64,2,8,0.7489013298238455
deep,64,2,9,0.7233627621410541
deep,64,2,10,0.6990397128355592
deep,64,2,11,0.6757430409491818
deep,64,2,12,0.6533983646958519
deep,64,2,13,0.6320538604799915
deep,64,2,14,0.6116025535121393
deep,64,2,15,0.5920458617253417
deep,64,2,16,0.5732835825355521
deep,64,2,17,0.5552541174896638
deep,64,2,18,0.5379776425625334
deep,64,2,19,0.5213788331602236
deep,64,2,20,0.5054244176646903
deep,64,2,21,0.49014667627102404
deep,64,2,22,0.47544705046984836
deep,64,2,23,0.4612289006072243
deep,64,2,24,0.44756045924975524
deep,64,2,25,0.43445026281916477
deep,64,2,26,0.421825479380442
deep,64,2,27,0.4096785463000243
deep,64,2,28,0.39796537955562905
deep,64,2,29,0.38673703304075535
deep,64,2,30,0.3759147767498719
deep,64,2,31,0.36550436054620183
deep,64,2,32,0.3554840392094223
deep,64,2,33,0.345828668971569
deep,64,2,34,0.3365281867345379
deep,64,2,35,0.32757463388124414
deep,64,2,36,0.31899872731451206
deep,64,2,37,0.3107165496099618
deep,64,2,38,0.3026470492623956
deep,64,2,39,0.2947809370269187
deep,64,2,40,0.28719171895192663
deep,64,2,41,0.27984477681835473
deep,64,2,42,0.2726677123335603
deep,64,2,43,0.26573541463391404
deep,64,2,44,0.2590386659621887
deep,64,2,45,0.2524990940693202
deep,64,2,46,0.24620902490066354
deep,64,2,47,0.2402503404308024
deep,64,2,48,0.23443038048451187
deep,64,2,49,0.22886441594590323
deep,64,2,50,0.2234708502179871
deep,64,2,51,0.2182714531930901
deep,64,2,52,0.21330414789414695
deep,64,2,53,0.2084278572172499
deep,64,2,54,0.20368180046423495
deep,64,2,55,0.19905989933799528
deep,64,2,56,0.19455044668634935
deep,64,2,57,0.1900800652457083
deep,64,2,58,0.18568981037015103
deep,64,2,59,0.1814701235320626
deep,64,2,60,0.1773554964498058
deep,64,2,61,0.17345013911020743
deep,64,2,62,0.1696220925236489
deep,64,2,63,0.16590490642283567
deep,64,2,64,0.1623444304006309
deep,64,2,65,0.1589503211075429
deep,64,2,66,0.15560488029006392
deep,64,2,67,0.15235716891304868
deep,64,2,68,0.14922750174177404
deep,64,2,69,0.14614401489976986
deep,64,2,70,0.1432395665044377
deep,64,2,71,0.1404292830790753
deep,64,2,72,0.13773464703853325
deep,64,2,73,0.1350848873798348
deep,64,2,74,0.13242497227998493
deep,64,2,75,0.12978625058456256
deep,64,2,76,0.12718692530156034
deep,64,2,77,0.12469319087253054
deep,64,2,78,0.12228053617188694
deep,64,2,79,0.11993165438918585
deep,64,2,80,0.11763812978498087
deep,64,2,81,0.11546314676138328
deep,64,2,82,0.11335904458376818
deep,64,2,83,0.11129545080713331
deep,64,2,84,0.10924297549097561
deep,64,2,85,0.10720741383784531
deep,64,2,86,0.10519573898419748
deep,64,2,87,0.10319237967184733
deep,64,2,88,0.10122973415533132
deep,64,2,89,0.09925722008552794
deep,64,2,90,0.09733804309954953
deep,64,2,91,0.09545721190386244
deep,64,2,92,0.09360470036109106
deep,64,2,93,0.09182976193252448
deep,64,2,94,0.09007636179975628
deep,64,2,95,0.08830639644658407
deep,64,2,96,0.08668098879440825
deep,64,2,97,0.0851070901245428
deep,64,2,98,0.0835716986901321
deep,64,2,99,0.08200025340185832
deep,64,2,100,0.08048701655222688
deep,64,2,101,0.07900747911804093
deep,64,2,102,0.07753638211083863
deep,64,2,103,0.07612416875818272
deep,64,2,104,0.07475337030433897
deep,64,2,105,0.07347253889224284
deep,64,2,106,0.0722263524314862
deep,64,2,107,0.0710363207531626
deep,64,2,108,0.06985305210274158
deep,64,2,109,0.06871086881841183
deep,64,2,110,0.06759532966306578
deep,64,2,111,0.06652313641281951
deep,64,2,112,0.06538557511028259
deep,64,2,113,0.06430691690948001
deep,64,2,114,0.06319415075857876
deep,64,2,115,0.062109378489819324
deep,64,2,116,0.06094113653758758
deep,64,2,117,0.05978183078018373
deep,64,2,118,0.05867412274850546
deep,64,2,119,0.057549429717516615
deep,64,2,120,0.05639204664879264
deep,64,2,121,0.05531357577937917
deep,64,2,122,0.054263435366023974
deep,64,2,123,0.05325144466251191
deep,64,2,124,0.05230969806309084
deep,64,2,125,0.05137717722920152
deep,64,2,126,0.050551141915214697
deep,64,2,127,0.04973138803637889
deep,64,2,128,0.048948768408799075
deep,64,2,129,0.04821414990428376
deep,64,2,130,0.0475260042449566
deep,64,2,131,0.046843895982086325
deep,64,2,132,0.04616298545492332
deep,64,2,133,0.04554476208586217
deep,64,2,134,0.04490166994430506
deep,64,2,135,0.04432888714256037
deep,64,2,136,0.04376630435652578
deep,64,2,137,0.04318893500701393
deep,64,2,138,0.04266595785675963
deep,64,2,139,0.042204310610222104
deep,64,2,140,0.0417214251113676
deep,64,2,141,0.04126986375981869
deep,64,2,142,0.04084173279615207
deep,64,2,143,0.040437716222696485
deep,64,2,144,0.040092544071981484
deep,64,2,145,0.039788308930575375
deep,64,2,146,0.039475480323290964
deep,64,2,147,0.039119159028150864
deep,64,2,148,0.038751809551901065
deep,64,2,149,0.03846544399424282
deep,64,2,150,0.03822115723842692
deep,64,2,151,0.03798646713523713
deep,64,2,152,0.03778113752685899
deep,64,2,153,0.037537572221642806
deep,64,2,154,0.03728377062677946
deep,64,2,155,0.036995751812511184
deep,64,2,156,0.03674806787951576
deep,64,2,157,0.036479924317216236
deep,64,2,158,0.036171888221826355
deep,64,2,159,0.035842516524241884
deep,64,2,160,0.03555517836759309
deep,64,2,161,0.03519536730693594
deep,64,2,162,0.03483232179995331
deep,64,2,163,0.034490794034623795
deep,64,2,164,0.034141309798214704
deep,64,2,165,0.0338302483127772
deep,64,2,166,0.03354983002926195
deep,64,2,167,0.03326086270871873
deep,64,2,168,0.03297564039683824
deep,64,2,169,0.03267117156078659
deep,64,2,170,0.032321083464093764
deep,64,2,171,0.031997745509560194
deep,64,2,172,0.03161835136729028
deep,64,2,173,0.03130730461496826
deep,64,2,174,0.03100124597060412
deep,64,2,175,0.030635913938396174
deep,64,2,176,0.030209444292875573
deep,64,2,177,0.029771051147911294
deep,64,2,178,0.02941238539031724
deep,64,2,179,0.02895286578246779
deep,64,2,180,0.028575918045959204
deep,64,2,181,0.028188294180699607
deep,64,2,182,0.027775048834111617
deep,64,2,183,0.02737661775056279
deep,64,2,184,0.026905169019290097
deep,64,2,185,0.026412070113604955
deep,64,2,186,0.02596180696808698
deep,64,2,187,0.025558186203994693
deep,64,2,188,0.025191452511553462
deep,64,2,189,0.024853394703243874
deep,64,2,190,0.0245296195470939
deep,64,2,191,0.024220285999301677
deep,64,2,192,0.023902818047506814
deep,64,2,193,0.023549284967747032
deep,64,2,194,0.02325524233207308
deep,64,2,195,0.022935726660051694
deep,64,2,196,0.022699897043653033
deep,64,2,197,0.02252354982881957
deep,64,2,198,0.022282686090910463
deep,64,2,199,0.021996196258519708
deep,64,2,200,0.021822624723107236
deep,64,2,201,0.02165094295215593
deep,64,2,202,0.021510690012603327
deep,64,2,203,0.021299978841224244
deep,64,2,204,0.02112983365498213
deep,64,2,205,0.021024364679594905
deep,64,2,206,0.020836436147283335
deep,64,2,207,0.020627869071316415
deep,64,2,208,0.0204815695533346
deep,64,2,209,0.020399271558372487
deep,64,2,210,0.020352845145157478
deep,64,2,211,0.020246182760661043
deep,64,2,212,0.020141982244283558
deep,64,2,213,0.0200261241512253
deep,64,2,214,0.019889547408813612
deep,64,2,215,0.019742401846297136
deep,64,2,216,0.01952228591801828
deep,64,2,217,0.019280177076961343
deep,64,2,218,0.019029532764434566
deep,64,2,219,0.018851193413301444
deep,64,2,220,0.018621775948939365
deep,64,2,221,0.01846048003303188
deep,64,2,222,0.018300317270924033
deep,64,2,223,0.018156042690383123
deep,64,2,224,0.018009135533524408
deep,64,2,225,0.017942479891114464
deep,64,2,226,0.017955993939497573
deep,64,2,227,0.017913008418072054
deep,64,2,228,0.01782538254848863
deep,64,2,229,0.01772629811579366
deep,64,2,230,0.017654945328374007
deep,64,2,231,0.017670325375561517
deep,64,2,232,0.01768576299328386
deep,64,2,233,0.01767808066563847
deep,64,2,234,0.017638898092524502
deep,64,2,235,0.017569628446158055
deep,64,2,236,0.017481145892748854
deep,64,2,237,0.017374576681112256
deep,64,2,238,0.017232136313603333
deep,64,2,239,0.01710284509088097
deep,64,2,240,0.016979589002276564
deep,64,2,241,0.016821846782009174
deep,64,2,242,0.01668675722025455
deep,64,2,243,0.016552141205250247
deep,64,2,244,0.016357343635494286
deep,64,2,245,0.01616211239541459
deep,64,2,246,0.015978587298745878
deep,64,2,247,0.01576695199342019
deep,64,2,248,0.015559144003923303
deep,64,2,249,0.015360058173149645
deep,64,2,250,0.015140204081236409
deep,64,2,251,0.014899587984998495
deep,64,2,252,0.014604658288097455
deep,64,2,253,0.014336245149419552
deep,64,2,254,0.014103529781846248
deep,64,2,255,0.013873469621751141
deep,64,2,256,0.013779851590090215
deep,64,2,257,0.013680318921698218
deep,64,2,258,0.013574881164180866
deep,64,2,259,0.013564285031641428
deep,64,2,260,0.013605111392609736
deep,64,2,261,0.013644029191390787
deep,64,2,262,0.01361567840225825
deep,64,2,263,0.013538631571300115
deep,64,2,264,0.01338085441454969
deep,64,2,265,0.013224119710232279
deep,64,2,266,0.013095426126488254
deep,64,2,267,0.013001868512141284
deep,64,2,268,0.012862986724148972
deep,64,2,269,0.012725584330087754
deep,64,2,270,0.012533648912179321
deep,64,2,271,0.01231710321997141
deep,64,2,272,0.012030506723294709
deep,64,2,273,0.011765256100459094
deep,64,2,274,0.011544068723398342
deep,64,2,275,0.011293885504567357
deep,64,2,276,0.011074951471506719
deep,64,2,277,0.010871368314242368
deep,64,2,278,0.010633780114239828
deep,64,2,279,0.010432037898214177
deep,64,2,280,0.010295599344735703
deep,64,2,281,0.010192164969322223
deep,64,2,282,0.010094185971597287
deep,64,2,283,0.009984760980448149
deep,64,2,284,0.009892330693786193
deep,64,2,285,0.009816178714308111
deep,64,2,286,0.009703440624931517
deep,64,2,287,0.00957832322213948
deep,64,2,288,0.009499647642545628
deep,64,2,289,0.00938188841356443
deep,64,2,290,0.0092402804368589
deep,64,2,291,0.009132352366997679
deep,64,2,292,0.009093697795869968
deep,64,2,293,0.009036250517551919
deep,64,2,294,0.008960684730460567
deep,64,2,295,0.008893303273435238
deep,64,2,296,0.008812322813192292
deep,64,2,297,0.00866092991257606
deep,64,2,298,0.008518324618332917
deep,64,2,299,0.008414537492058763
deep,64,2,300,0.008295054900904705
deep,64,2,301,0.008157978500005244
deep,64,2,302,0.008050558776612232
deep,64,2,303,0.007875698151923082
deep,64,2,304,0.0077490939545462965
deep,64,2,305,0.0076181343477502005
deep,64,2,306,0.007555495369144955
deep,64,2,307,0.0074853646356598125
deep,64,2,308,0.007343255368710912
deep,64,2,309,0.007217851566140115
deep,64,2,310,0.007051614140316074
deep,64,2,311,0.00691308157768343
deep,64,2,312,0.006811421641331934
deep,64,2,313,0.0066384640559245655
deep,64,2,314,0.006480177362928939
deep,64,2,315,0.006392071644049521
deep,64,2,316,0.006301971597007762
deep,64,2,317,0.006274145659452567
deep,64,2,318,0.006245400493839887
deep,64,2,319,0.006194098211210085
deep,64,2,320,0.006130602289713788
deep,64,2,321,0.006136784844891191
deep,64,2,322,0.006133541473840144
deep,64,2,323,0.00614772867019214
deep,64,2,324,0.006192056508253262
deep,64,2,325,0.00621088788740665
deep,64,2,326,0.006187326924025845
deep,64,2,327,0.006173765318692312
deep,64,2,328,0.006160111571015181
deep,64,2,329,0.0061531714579076534
deep,64,2,330,0.006124296041900917
deep,64,2,331,0.0060581913295964076
deep,64,2,332,0.006108288121075664
deep,64,2,333,0.006092049604525829
deep,64,2,334,0.006160466779568824
deep,64,2,335,0.006211460752332701
deep,64,2,336,0.006256371008360927
deep,64,2,337,0.006303896862328051
deep,64,2,338,0.006367315131519762
deep,64,2,339,0.006434044658871979
deep,64,2,340,0.00647965314462057
deep,64,2,341,0.006524583397167572
deep,64,2,342,0.006572345033081352
deep,64,2,343,0.006579975053939294
deep,64,2,344,0.006564240293203769
deep,64,2,345,0.006533368304605657
deep,64,2,346,0.006558182209004257
deep,64,2,347,0.006577048767928142
deep,64,2,348,0.006611151800394669
deep,64,2,349,0.006606819970850521
deep,64,2,350,0.006567212025573555
deep,64,2,351,0.006505691807191273
deep,64,2,352,0.006433362801976239
deep,64,2,353,0.006298457443154062
deep,64,2,354,0.006097304344544472
deep,64,2,355,0.005867393075432878
deep,64,2,356,0.005691124960173078
deep,64,2,357,0.005474167115416038
deep,64,2,358,0.005286089179779706
deep,64,2,359,0.005086518443510125
deep,64,2,360,0.004889633905411345
deep,64,2,361,0.004711054872419041
deep,64,2,362,0.004552333567309323
deep,64,2,363,0.004435386423469679
deep,64,2,364,0.00427091733160128
deep,64,2,365,0.0041469060840443215
deep,64,2,366,0.004082981088779313
deep,64,2,367,0.004095940414313768
deep,64,2,368,0.004017694511282333
deep,64,2,369,0.003946743583683314
deep,64,2,370,0.003905494005707409
deep,64,2,371,0.0038028759011347808
deep,64,2,372,0.0036994545365543526
deep,64,2,373,0.0035861547021541745
deep,64,2,374,0.003501177000726626
deep,64,2,375,0.003500557072331937
deep,64,2,376,0.0034795560951146496
deep,64,2,377,0.0034226590741818002
deep,64,2,378,0.003358443831703757
deep,64,2,379,0.003343782179982575
deep,64,2,380,0.003335993992287187
deep,64,2,381,0.0032905174274138658
deep,64,2,382,0.003235990865775508
deep,64,2,383,0.003198481102279899
deep,64,2,384,0.0031908003873363545
deep,64,2,385,0.003205275925195557
deep,64,2,386,0.003195796268951806
deep,64,2,387,0.003186373185965212
deep,64,2,388,0.0031274908110660816
deep,64,2,389,0.0030249507631265908
deep,64,2,390,0.0029580300667926295
deep,64,2,391,0.0029105814308553685
deep,64,2,392,0.0029373680369654
deep,64,2,393,0.0029949044824198624
deep,64,2,394,0.003103507675023305
deep,64,2,395,0.0032512092947101215
deep,64,2,396,0.003451684652221144
deep,64,2,397,0.0036411524124250944
deep,64,2,398,0.003887611177983919
deep,64,2,399,0.004088505969199456
deep,64,2,400,0.004227878037902333
deep,128,0,0,1.0
deep,128,0,1,0.9636277107168134
deep,128,0,2,0.9287917158823737
deep,128,0,3,0.8955022098749007
deep,128,0,4,0.8635974071622184
deep,128,0,5,0.8330971131258409
deep,128,0,6,0.8038792049474465
deep,128,0,7,0.7759477014742258
deep,128,0,8,0.7491985445075682
deep,128,0,9,0.7235668567489609
deep,128,0,10,0.6989234082520264
deep,128,0,11,0.6751892407388929
deep,128,0,12,0.6523729079646445
deep,128,0,13,0.630454364896521
deep,128,0,14,0.6092966418172753
deep,128,0,15,0.5889517474808068
deep,128,0,16,0.5693858667001861
deep,128,0,17,0.5505834342634506
deep,128,0,18,0.5324670770302596
deep,128,0,19,0.515102198829989
deep,128,0,20,0.4984341962700197
deep,128,0,21,0.4824406610562377
deep,128,0,22,0.46707297354690236
deep,128,0,23,0.4522864198899461
deep,128,0,24,0.4380175496172176
deep,128,0,25,0.4242522707334806
deep,128,0,26,0.41104753243341036
deep,128,0,27,0.3983533797174752
deep,128,0,28,0.38615792407468785
deep,128,0,29,0.3744054406025911
deep,128,0,30,0.3630946784127235
deep,128,0,31,0.3522196754599741
deep,128,0,32,0.341676102126207
deep,128,0,33,0.3315692992850793
deep,128,0,34,0.32184143489323735
deep,128,0,35,0.312400073080954
deep,128,0,36,0.30329001128110267
deep,128,0,37,0.294556143419043
deep,128,0,38,0.2861273745007737
deep,128,0,39,0.2779456243244349
deep,128,0,40,0.2700431535236536
deep,128,0,41,0.2623456694666646
deep,128,0,42,0.254920894842403
deep,128,0,43,0.24780627465933747
deep,128,0,44,0.24096978796556473
deep,128,0,45,0.2343608972962133
deep,128,0,46,0.22791683598689438
deep,128,0,47,0.22169365634133284
deep,128,0,48,0.21565737257936624
deep,128,0,49,0.20978822269799777
deep,128,0,50,0.20416704561054888
deep,128,0,51,0.19881273845321262
deep,128,0,52,0.19364236335394003
deep,128,0,53,0.18865175106694074
deep,128,0,54,0.1838318293023162
deep,128,0,55,0.17915410519088287
deep,128,0,56,0.1745851705421797
deep,128,0,57,0.17013429872385366
deep,128,0,58,0.16580593974219207
deep,128,0,59,0.16158819456900855
deep,128,0,60,0.15748181856833618
deep,128,0,61,0.15352101242812577
deep,128,0,62,0.14963534723010125
deep,128,0,63,0.14584339321719422
deep,128,0,64,0.142165252340329
deep,128,0,65,0.13861203638891875
deep,128,0,66,0.1351632784740173
deep,128,0,67,0.13185297439205287
deep,128,0,68,0.1285871031755355
deep,128,0,69,0.1254602263606488
deep,128,0,70,0.12243691223458136
deep,128,0,71,0.11946975933063873
deep,128,0,72,0.11657229429080367
deep,128,0,73,0.11375936331557066
deep,128,0,74,0.11102639294644977
deep,128,0,75,0.10840360594349853
deep,128,0,76,0.1058813351484189
deep,128,0,77,0.10345978349495302
deep,128,0,78,0.10110336596233872
deep,128,0,79,0.09882200146142257
deep,128,0,80,0.0966527878145234
deep,128,0,81,0.09452291170604234
deep,128,0,82,0.09243063223583925
deep,128,0,83,0.09036397409143854
deep,128,0,84,0.0883651008651307
deep,128,0,85,0.08635355439074514
deep,128,0,86,0.08431576917247548
deep,128,0,87,0.08239011432006703
deep,128,0,88,0.08056357717107346
deep,128,0,89,0.07879033410988182
deep,128,0,90,0.07700566406478143
deep,128,0,91,0.07528745108411992
deep,128,0,92,0.0736306217999915
deep,128,0,93,0.07201483723527094
deep,128,0,94,0.07037603281103193
deep,128,0,95,0.06878008333567531
deep,128,0,96,0.06723085730238969
deep,128,0,97,0.06576791815456055
deep,128,0,98,0.06439646700928536
deep,128,0,99,0.06306055030643727
deep,128,0,100,0.061752750498151626
deep,128,0,101,0.060510195858171995
deep,128,0,102,0.059227718232123895
deep,128,0,103,0.05797525148072815
deep,128,0,104,0.05673269844735919
deep,128,0,105,0.0555424272653908
deep,128,0,106,0.054326813621860474
deep,128,0,107,0.05317801448703463
deep,128,0,108,0.052069969655971375
deep,128,0,109,0.05097616300915471
deep,128,0,110,0.049940127192001506
deep,128,0,111,0.04895731593370494
deep,128,0,112,0.04798285144628304
deep,128,0,113,0.04706912136686146
deep,128,0,114,0.046085378416165765
deep,128,0,115,0.045042332608274484
deep,128,0,116,0.044031715005059924
deep,128,0,117,0.04307018517563561
deep,128,0,118,0.042065806535299816
deep,128,0,119,0.0411033976553435
deep,128,0,120,0.0401724654009902
deep,128,0,121,0.03929974152209503
deep,128,0,122,0.03847354861283041
deep,128,0,123,0.037619843152863465
deep,128,0,124,0.036778844784574716
deep,128,0,125,0.03597118425503524
deep,128,0,126,0.035164491416885164
deep,128,0,127,0.034360010803560874
deep,128,0,128,0.033611105300079956
deep,128,0,129,0.0328738764098413
deep,128,0,130,0.0321433506195388
deep,128,0,131,0.03143761674034564
deep,128,0,132,0.030767493647595356
deep,128,0,133,0.03010793208497136
deep,128,0,134,0.029505776149259033
deep,128,0,135,0.02887371771775726
deep,128,0,136,0.028257397858430056
deep,128,0,137,0.02767681121581866
deep,128,0,138,0.027113780847390974
deep,128,0,139,0.02658946596108804
deep,128,0,140,0.02607544942477235
deep,128,0,141,0.025581679113126258
deep,128,0,142,0.025052962718823374
deep,128,0,143,0.024497224303123726
deep,128,0,144,0.0239776862959662
deep,128,0,145,0.023532576667511892
deep,128,0,146,0.02304777250419927
deep,128,0,147,0.02255244698068104
deep,128,0,148,0.0220641297456437
deep,128,0,149,0.02149023216559896
deep,128,0,150,0.02096940613669393
deep,128,0,151,0.020403341280475534
deep,128,0,152,0.01991863696400473
deep,128,0,153,0.019428540657596995
deep,128,0,154,0.0188300951086534
deep,128,0,155,0.01831230747679101
deep,128,0,156,0.01783753663572865
deep,128,0,157,0.017291852572532605
deep,128,0,158,0.01678747899052912
deep,128,0,159,0.016334230409069124
deep,128,0,160,0.015920495607290877
deep,128,0,161,0.015564869486947963
deep,128,0,162,0.015146548067097365
deep,128,0,163,0.014699897203518827
deep,128,0,164,0.014310946128822218
deep,128,0,165,0.013997740546636892
deep,128,0,166,0.013608454800873492
deep,128,0,167,0.013233291560953885
deep,128,0,168,0.012858738791124185
deep,128,0,169,0.012581063688683019
deep,128,0,170,0.012332175277089623
deep,128,0,171,0.01205519248952197
deep,128,0,172,0.011761318395081311
deep,128,0,173,0.011445657507303971
deep,128,0,174,0.011156881621131976
deep,128,0,175,0.01086693437681044
deep,128,0,176,0.010562518062287035
deep,128,0,177,0.01020977574022661
deep,128,0,178,0.009832842385863266
deep,128,0,179,0.009489672098136358
deep,128,0,180,0.009171425284600156
deep,128,0,181,0.008847381375670845
deep,128,0,182,0.00853597401218913
deep,128,0,183,0.008280604485353338
deep,128,0,184,0.008124819540386904
deep,128,0,185,0.007961041015700894
deep,128,0,186,0.007852285856454817
deep,128,0,187,0.007848049485414843
deep,128,0,188,0.007800636750858136
deep,128,0,189,0.007767610135970092
deep,128,0,190,0.007703347567689711
deep,128,0,191,0.007694229652217579
deep,128,0,192,0.007632720836634257
deep,128,0,193,0.007561529571217702
deep,128,0,194,0.007516404962739332
deep,128,0,195,0.007517926352194715
deep,128,0,196,0.007401701851929371
deep,128,0,197,0.007315138494727806
deep,128,0,198,0.007144024359539565
deep,128,0,199,0.007016216654114924
deep,128,0,200,0.006904763129308305
deep,128,0,201,0.006845110471691803
deep,128,0,202,0.006768070171341425
deep,128,0,203,0.0066957497183762465
deep,128,0,204,0.006717338860803199
deep,128,0,205,0.0067182047562124375
deep,128,0,206,0.006677262452211747
deep,128,0,207,0.006589069018346799
deep,128,0,208,0.006551587356228758
deep,128,0,209,0.006589648346336986
deep,128,0,210,0.006689445201586023
deep,128,0,211,0.006801139326370456
deep,128,0,212,0.006945719978818406
deep,128,0,213,0.007059710360122118
deep,128,0,214,0.007194771979213221
deep,128,0,215,0.007340959234708243
deep,128,0,216,0.007454662431469292
deep,128,0,217,0.007534725380166153
deep,128,0,218,0.007598794710314343
deep,128,0,219,0.007700779480005176
deep,128,0,220,0.007754791522193617
deep,128,0,221,0.00776582536405506
deep,128,0,222,0.007817293976742367
deep,128,0,223,0.007926175246180011
deep,128,0,224,0.00799442030294822
deep,128,0,225,0.008127569146350365
deep,128,0,226,0.008267925041962552
deep,128,0,227,0.00836419986041156
deep,128,0,228,0.008412264737467125
deep,128,0,229,0.008436492749829756
deep,128,0,230,0.00843887574700082
deep,128,0,231,0.008445996106957366
deep,128,0,232,0.008413712576171548
deep,128,0,233,0.008319736355202664
deep,128,0,234,0.008248695404744887
deep,128,0,235,0.008126807474789343
deep,128,0,236,0.008045305491214705
deep,128,0,237,0.008019615056551943
deep,128,0,238,0.007952690768258466
deep,128,0,239,0.007943376553794968
deep,128,0,240,0.007882773121763423
deep,128,0,241,0.007908229675222464
deep,128,0,242,0.007905130373957398
deep,128,0,243,0.007875706217377838
deep,128,0,244,0.007886115368553154
deep,128,0,245,0.007895453950380974
deep,128,0,246,0.007926645042280134
deep,128,0,247,0.007975683165383322
deep,128,0,248,0.007968893352280843
deep,128,0,249,0.008022081807789542
deep,128,0,250,0.008045323508797702
deep,128,0,251,0.008052303425578455
deep,128,0,252,0.008070902782151035
deep,128,0,253,0.008126374731443268
deep,128,0,254,0.008170072910693346
deep,128,0,255,0.008189795646073866
deep,128,0,256,0.008219321117219715
deep,128,0,257,0.00824848126697191
deep,128,0,258,0.008312507771960922
deep,128,0,259,0.008386526711291824
deep,128,0,260,0.00842158150707428
deep,128,0,261,0.00847149897703665
deep,128,0,262,0.008496829051382814
deep,128,0,263,0.008490291773158446
deep,128,0,264,0.00842745549796419
deep,128,0,265,0.008322737219229697
deep,128,0,266,0.008259554088262292
deep,128,0,267,0.008199273769211708
deep,128,0,268,0.008209572183705497
deep,128,0,269,0.008223533080650769
deep,128,0,270,0.008175671761535058
deep,128,0,271,0.008131682429541945
deep,128,0,272,0.008076874201668166
deep,128,0,273,0.008019161910087539
deep,128,0,274,0.0079678047370219
deep,128,0,275,0.00788703669046084
deep,128,0,276,0.007762475033857983
deep,128,0,277,0.00766946293890237
deep,128,0,278,0.00759417523155984
deep,128,0,279,0.007490084472312117
deep,128,0,280,0.007418653335232128
deep,128,0,281,0.007318374386000296
deep,128,0,282,0.007145318496506108
deep,128,0,283,0.006928113002713714
deep,128,0,284,0.006692108193999443
deep,128,0,285,0.006460783817978625
deep,128,0,286,0.006187936106608989
deep,128,0,287,0.005973084506785245
deep,128,0,288,0.0057046792733005305
deep,128,0,289,0.005516303421037929
deep,128,0,290,0.005380227127233126
deep,128,0,291,0.005248030616579465
deep,128,0,292,0.005095355377271243
deep,128,0,293,0.004883949164239445
deep,128,0,294,0.004628403809372877
deep,128,0,295,0.004319236827160195
deep,128,0,296,0.004027829909629517
deep,128,0,297,0.0037453803032501346
deep,128,0,298,0.0034967853559106483
deep,128,0,299,0.0033286557975749373
deep,128,0,300,0.0031617725074221275
deep,128,0,301,0.003013340354268672
deep,128,0,302,0.0029228884382317046
deep,128,0,303,0.0028337637593690316
deep,128,0,304,0.002740508275165961
deep,128,0,305,0.0026754320023473282
deep,128,0,306,0.002622470877202181
deep,128,0,307,0.002553341596212578
deep,128,0,308,0.0024174360528989576
deep,128,0,309,0.0022388866686460975
deep,128,0,310,0.0021483234601343878
deep,128,0,311,0.00201849225870077
deep,128,0,312,0.0018893067425997064
deep,128,0,313,0.0017356063508023431
deep,128,0,314,0.0015350938004043643
deep,128,0,315,0.0013622945624768951
deep,128,0,316,0.0010905456227844243
deep,128,0,317,0.000887845401580194
deep,128,0,318,0.0007493585789575563
deep,128,0,319,0.0005652270354500228
deep,128,0,320,0.00043855731250860684
deep,128,0,321,0.0002781047446637054
deep,128,0,322,0.00016616815037495078
deep,128,0,323,8.656906733201972e-05
deep,128,0,324,-1.662523877219986e-05
deep,128,0,325,-0.0001428892694805891
deep,128,0,326,-0.00021669979479675542
deep,128,0,327,-0.00029001964430792415
deep,128,0,328,-0.0003741254329509004
deep,128,0,329,-0.00044660986123344886
deep,128,0,330,-0.0005426495497089362
deep,128,0,331,-0.0006345058579863018
deep,128,0,332,-0.0007214454476815054
deep,128,0,333,-0.0007812660469488297
deep,128,0,334,-0.0008376246825966599
deep,128,0,335,-0.000979619520160172
deep,128,0,336,-0.0011933926426792346
deep,128,0,337,-0.0013603883155090175
deep,128,0,338,-0.0015156646859124149
deep,128,0,339,-0.001767759962528654
deep,128,0,340,-0.0019855689720673663
deep,128,0,341,-0.0021700512549669886
deep,128,0,342,-0.0022734822812048995
deep,128,0,343,-0.002405742235101965
deep,128,0,344,-0.0025387889327807
deep,128,0,345,-0.0026672034050268197
deep,128,0,346,-0.002774191033043345
deep,128,0,347,-0.0027727410732249153
deep,128,0,348,-0.0027349590302416108
deep,128,0,349,-0.0026428801071615216
deep,128,0,350,-0.0024847262269680173
deep,128,0,351,-0.0023376751412006167
deep,128,0,352,-0.002280798094447924
deep,128,0,353,-0.0022021273822750743
deep,128,0,354,-0.0020703486833992344
deep,128,0,355,-0.0019545075633665408
deep,128,0,356,-0.001828126533171097
deep,128,0,357,-0.0017576936794013883
deep,128,0,358,-0.001684355611130518
deep,128,0,359,-0.0016264490735320635
deep,128,0,360,-0.0015803475370545468
deep,128,0,361,-0.001530923763088399
deep,128,0,362,-0.0015003558475344169
deep,128,0,363,-0.0015132324701201214
deep,128,0,364,-0.0015598791720174447
deep,128,0,365,-0.0015582728224920366
deep,128,0,366,-0.0015595703321646197
deep,128,0,367,-0.0014924033857750246
deep,128,0,368,-0.0013885815612100635
deep,128,0,369,-0.0013393368524706733
deep,128,0,370,-0.001304220544847658
deep,128,0,371,-0.00129144916396164
deep,128,0,372,-0.0012747934991536787
deep,128,0,373,-0.0013004684096627848
deep,128,0,374,-0.0013182037937451586
deep,128,0,375,-0.0013408151241839593
deep,128,0,376,-0.0014063603600801052
deep,128,0,377,-0.0014092267686441492
deep,128,0,378,-0.0014267901577763868
deep,128,0,379,-0.0014365151933715828
deep,128,0,380,-0.0014799354202697699
deep,128,0,381,-0.0015494994505686668
deep,128,0,382,-0.0016086677614763325
deep,128,0,383,-0.0016398266908320335
deep,128,0,384,-0.0016934821352424323
deep,128,0,385,-0.0017021052801739333
deep,128,0,386,-0.001717402995672731
deep,128,0,387,-0.0018137195086136942
deep,128,0,388,-0.0018636081888379523
deep,128,0,389,-0.0019358182730108025
deep,128,0,390,-0.002076371211135338
deep,128,0,391,-0.0021581470851876955
deep,128,0,392,-0.0022800381167902037
deep,128,0,393,-0.002373112675588386
deep,128,0,394,-0.0024480108996966666
deep,128,0,395,-0.0024765069669079494
deep,128,0,396,-0.0024583078847014244
deep,128,0,397,-0.002425930693775504
deep,128,0,398,-0.0024333031030171733
deep,128,0,399,-0.0024643112799748344
deep,128,0,400,-0.0025047744662995974
deep,128,1,0,1.0
deep,128,1,1,0.9644646800307825
deep,128,1,2,0.9304564719359654
deep,128,1,3,0.8978650040076552
deep,128,1,4,0.8666268055762064
deep,128,1,5,0.8367015093550646
deep,128,1,6,0.8080823650962774
deep,128,1,7,0.7806838615150804
deep,128,1,8,0.7544254965645032
deep,128,1,9,0.7291875094584562
deep,128,1,10,0.7050760929329605
deep,128,1,11,0.6819214550133331
deep,128,1,12,0.6596763198402625
deep,128,1,13,0.6383175936719196
deep,128,1,14,0.6178026860166819
deep,128,1,15,0.598025965453317
deep,128,1,16,0.5790202645743728
deep,128,1,17,0.560835129498213
deep,128,1,18,0.543443105385213
deep,128,1,19,0.5267224469148197
deep,128,1,20,0.5106539416187881
deep,128,1,21,0.4951343629065414
deep,128,1,22,0.4802111251928943
deep,128,1,23,0.465822068750236
deep,128,1,24,0.451994299829221
deep,128,1,25,0.43863497558677716
deep,128,1,26,0.4258080986776528
deep,128,1,27,0.41346257313400464
deep,128,1,28,0.4015683077330566
deep,128,1,29,0.3900676455379224
deep,128,1,30,0.3789338222111355
deep,128,1,31,0.36817326454626276
deep,128,1,32,0.3577634670206566
deep,128,1,33,0.3476680148361773
deep,128,1,34,0.3379452199761632
deep,128,1,35,0.3285629989524482
deep,128,1,36,0.31955044271158994
deep,128,1,37,0.31088102180182475
deep,128,1,38,0.30253260404866483
deep,128,1,39,0.294426880153156
deep,128,1,40,0.28656417018762
deep,128,1,41,0.2789566019210872
deep,128,1,42,0.2716073355979639
deep,128,1,43,0.26449954677838267
deep,128,1,44,0.2575710246578889
deep,128,1,45,0.2509203971942472
deep,128,1,46,0.24452533137116422
deep,128,1,47,0.2383548975269882
deep,128,1,48,0.23240721305428474
deep,128,1,49,0.2266271041514595
deep,128,1,50,0.22104680248142017
deep,128,1,51,0.21566430698574593
deep,128,1,52,0.21039612654752632
deep,128,1,53,0.2052529555610077
deep,128,1,54,0.20028775270439014
deep,128,1,55,0.19554081052440683
deep,128,1,56,0.19095456965626081
deep,128,1,57,0.18648897203149659
deep,128,1,58,0.18214472624552827
deep,128,1,59,0.17802228071766765
deep,128,1,60,0.17402567123583831
deep,128,1,61,0.17003509204194078
deep,128,1,62,0.16621168879431486
deep,128,1,63,0.1624830015461187
deep,128,1,64,0.15880233212648617
deep,128,1,65,0.15526132588451091
deep,128,1,66,0.1517703908462153
deep,128,1,67,0.14843536519150863
deep,128,1,68,0.14520881391406815
deep,128,1,69,0.14207451820106123
deep,128,1,70,0.13900398772517614
deep,128,1,71,0.13598135967891162
deep,128,1,72,0.13300850485589916
deep,128,1,73,0.13009726813627248
deep,128,1,74,0.1272535742805259
deep,128,1,75,0.12442454071077852
deep,128,1,76,0.12167316975027531
deep,128,1,77,0.11899547472997155
deep,128,1,78,0.1164078175550175
deep,128,1,79,0.11391791372159506
deep,128,1,80,0.11144738770351897
deep,128,1,81,0.10901669606033931
deep,128,1,82,0.10667080069039017
deep,128,1,83,0.10437941743469822
deep,128,1,84,0.10213500446435848
deep,128,1,85,0.09999620553522709
deep,128,1,86,0.09792141102240816
deep,128,1,87,0.09592708562568196
deep,128,1,88,0.09397067783078088
deep,128,1,89,0.09211091509422553
deep,128,1,90,0.09029237378164715
deep,128,1,91,0.08849873487574815
deep,128,1,92,0.08678832461739779
deep,128,1,93,0.08516857263559625
deep,128,1,94,0.08357842287122558
deep,128,1,95,0.08205725316029075
deep,128,1,96,0.08055006407091633
deep,128,1,97,0.0791591369874908
deep,128,1,98,0.07775012395658237
deep,128,1,99,0.0764045995449748
deep,128,1,100,0.0751302118757512
deep,128,1,101,0.07387256793294744
deep,128,1,102,0.0726531270838745
deep,128,1,103,0.07141436395323253
deep,128,1,104,0.07020489015852849
deep,128,1,105,0.06903111038590878
deep,128,1,106,0.06790915048932528
deep,128,1,107,0.06686726553357614
deep,128,1,108,0.06582610368254031
deep,128,1,109,0.06480904132718242
deep,128,1,110,0.06383942622575385
deep,128,1,111,0.06290615150148562
deep,128,1,112,0.06209457099336425
deep,128,1,113,0.06139053602029485
deep,128,1,114,0.06070810593539505
deep,128,1,115,0.060012872599241804
deep,128,1,116,0.059330381112698005
deep,128,1,117,0.058604874943876686
deep,128,1,118,0.05789777632413896
deep,128,1,119,0.057240113401825735
deep,128,1,120,0.05656097111702563
deep,128,1,121,0.05592028128930122
deep,128,1,122,0.05517362417506043
deep,128,1,123,0.05447567682928535
deep,128,1,124,0.053751708369883466
deep,128,1,125,0.05306918692961937
deep,128,1,126,0.05245932076539663
deep,128,1,127,0.05184217914671547
deep,128,1,128,0.051162578819609346
deep,128,1,129,0.05042087407281838
deep,128,1,130,0.04960789671494778
deep,128,1,131,0.048807619854038385
deep,128,1,132,0.0480624226801499
deep,128,1,133,0.047285219318046245
deep,128,1,134,0.04653217283787674
deep,128,1,135,0.045746834104332966
deep,128,1,136,0.045029322440726056
deep,128,1,137,0.04435927550227863
deep,128,1,138,0.0437587809321952
deep,128,1,139,0.04318045436097616
deep,128,1,140,0.042666791041910984
deep,128,1,141,0.042137214001395876
deep,128,1,142,0.041614054286439855
deep,128,1,143,0.041118390215207766
deep,128,1,144,0.04065997899699557
deep,128,1,145,0.040221616380778265
deep,128,1,146,0.03981521941222784
deep,128,1,147,0.039418026078934694
deep,128,1,148,0.03910506282476972
deep,128,1,149,0.03879453714207627
deep,128,1,150,0.038502285120135135
deep,128,1,151,0.03811073536960034
deep,128,1,152,0.03768612852209254
deep,128,1,153,0.037266987708989355
deep,128,1,154,0.03690708906842862
deep,128,1,155,0.036547217192063816
deep,128,1,156,0.036166727990925907
deep,128,1,157,0.03581698259944245
deep,128,1,158,0.03545890996840409
deep,128,1,159,0.03509103415645344
deep,128,1,160,0.0347206176037403
deep,128,1,161,0.03434459807354496
deep,128,1,162,0.033883762555158015
deep,128,1,163,0.03345797736619261
deep,128,1,164,0.033079909917432475
deep,128,1,165,0.03269231543306146
deep,128,1,166,0.032267541198642474
deep,128,1,167,0.031816797327748204
deep,128,1,168,0.03145312888294238
deep,128,1,169,0.031056592452161753
deep,128,1,170,0.030702380512257363
deep,128,1,171,0.030304161425982013
deep,128,1,172,0.029929486223368086
deep,128,1,173,0.02959000787664106
deep,128,1,174,0.02920758496717287
deep,128,1,175,0.02890387050778976
deep,128,1,176,0.028606170136569506
deep,128,1,177,0.0282841307036848
deep,128,1,178,0.027944548446345172
deep,128,1,179,0.027639555975121365
deep,128,1,180,0.027320464933108503
deep,128,1,181,0.027077224960367612
deep,128,1,182,0.026787431666949434
deep,128,1,183,0.026452223064841934
deep,128,1,184,0.02610926079427138
deep,128,1,185,0.025796428382964236
deep,128,1,186,0.025439618008614058
deep,128,1,187,0.025100941796234927
deep,128,1,188,0.02479198428005881
deep,128,1,189,0.024470541137257013
deep,128,1,190,0.02422419266970942
deep,128,1,191,0.02396427380531311
deep,128,1,192,0.023754092167513265
deep,128,1,193,0.02355325773251016
deep,128,1,194,0.023358178739404857
deep,128,1,195,0.023140052816608796
deep,128,1,196,0.02297472550498179
deep,128,1,197,0.022784893862820624
deep,128,1,198,0.022567924007051453
deep,128,1,199,0.022286524942760913
deep,128,1,200,0.021974353939893197
deep,128,1,201,0.021595028101956678
deep,128,1,202,0.021154363079716167
deep,128,1,203,0.020704330534929847
deep,128,1,204,0.020304318980649907
deep,128,1,205,0.01995970851316502
deep,128,1,206,0.019590949775935763
deep,128,1,207,0.019259459617561148
deep,128,1,208,0.018958287913210258
deep,128,1,209,0.01867173976988784
deep,128,1,210,0.018411615196424896
deep,128,1,211,0.018133328790353873
deep,128,1,212,0.017908762106607377
deep,128,1,213,0.017700408661720745
deep,128,1,214,0.017531680642462515
deep,128,1,215,0.017333637650159876
deep,128,1,216,0.01714358543067629
deep,128,1,217,0.016945823204935626
deep,128,1,218,0.016746092855704695
deep,128,1,219,0.01651865283974101
deep,128,1,220,0.01628314658733861
deep,128,1,221,0.01602241209240111
deep,128,1,222,0.015782571615526257
deep,128,1,223,0.015538309623707091
deep,128,1,224,0.015230685623887403
deep,128,1,225,0.015033382056804465
deep,128,1,226,0.01481580623711728
deep,128,1,227,0.014601177937806806
deep,128,1,228,0.014368144892638239
deep,128,1,229,0.014107219254644997
deep,128,1,230,0.013851483247609871
deep,128,1,231,0.013578354291324304
deep,128,1,232,0.013279411018015691
deep,128,1,233,0.013047556573544223
deep,128,1,234,0.012829737796332195
deep,128,1,235,0.012616683819326787
deep,128,1,236,0.012414395578609221
deep,128,1,237,0.012187567210226926
deep,128,1,238,0.01192043086455743
deep,128,1,239,0.011722838061792378
deep,128,1,240,0.011555426533971562
deep,128,1,241,0.011362169153161614
deep,128,1,242,0.011124800731219868
deep,128,1,243,0.010880091678820855
deep,128,1,244,0.010623148622896676
deep,128,1,245,0.010414579319384137
deep,128,1,246,0.010212259408194353
deep,128,1,247,0.010086914890002128
deep,128,1,248,0.010001578611882278
deep,128,1,249,0.009857057596532236
deep,128,1,250,0.009788286939629801
deep,128,1,251,0.009775357154016073
deep,128,1,252,0.009748457178563114
deep,128,1,253,0.009722856314536392
deep,128,1,254,0.009657698370854369
deep,128,1,255,0.00955278543906916
deep,128,1,256,0.009496508680280898
deep,128,1,257,0.00945789056058345
deep,128,1,258,0.009448288271236824
deep,128,1,259,0.00948697570623485
deep,128,1,260,0.009544955105704762
deep,128,1,261,0.009633162689210687
deep,128,1,262,0.009733825812982938
deep,128,1,263,0.009743106115267668
deep,128,1,264,0.009769666579878138
deep,128,1,265,0.009729711027504598
deep,128,1,266,0.009670217347752074
deep,128,1,267,0.00965579257775916
deep,128,1,268,0.009694778092803516
deep,128,1,269,0.009723635002010705
deep,128,1,270,0.009708408240485066
deep,128,1,271,0.009714766251615456
deep,128,1,272,0.009766440636064801
deep,128,1,273,0.009818487155024662
deep,128,1,274,0.009883510066830758
deep,128,1,275,0.009928628465280549
deep,128,1,276,0.009958469100566384
deep,128,1,277,0.009998843993238287
deep,128,1,278,0.010035447627845792
deep,128,1,279,0.010031458990887126
deep,128,1,280,0.009957010322840562
deep,128,1,281,0.009806169834140333
deep,128,1,282,0.009597231333417307
deep,128,1,283,0.009350067095379262
deep,128,1,284,0.009092263022395197
deep,128,1,285,0.008846901227520815
deep,128,1,286,0.008602868238868876
deep,128,1,287,0.008407161462998539
deep,128,1,288,0.008199916190711285
deep,128,1,289,0.008049239583990526
deep,128,1,290,0.007891950901928312
deep,128,1,291,0.007730501522757803
deep,128,1,292,0.007566426056016682
deep,128,1,293,0.007383942262970317
deep,128,1,294,0.007263593568567884
deep,128,1,295,0.007154162914667525
deep,128,1,296,0.007101252828469398
deep,128,1,297,0.006981471998808258
deep,128,1,298,0.006801315744843581
deep,128,1,299,0.006623411227524406
deep,128,1,300,0.006461808468287296
deep,128,1,301,0.006293083606562812
deep,128,1,302,0.006111796168862231
deep,128,1,303,0.005920319436176302
deep,128,1,304,0.005672172491696837
deep,128,1,305,0.005492942275827025
deep,128,1,306,0.005285032228256761
deep,128,1,307,0.005119464928576612
deep,128,1,308,0.0049478200533739514
deep,128,1,309,0.004747814071511177
deep,128,1,310,0.004567784328009227
deep,128,1,311,0.004387399906560649
deep,128,1,312,0.0041874506892770535
deep,128,1,313,0.003937292013527122
deep,128,1,314,0.003652338435588348
deep,128,1,315,0.0033668900485184713
deep,128,1,316,0.0031535071352354884
deep,128,1,317,0.003011311872369184
deep,128,1,318,0.0029237703462003384
deep,128,1,319,0.002831170663717684
deep,128,1,320,0.0027834028177990042
deep,128,1,321,0.0027818049423364187
deep,128,1,322,0.002782870001363452
deep,128,1,323,0.0027897206428551895
deep,128,1,324,0.002840989647578999
deep,128,1,325,0.0029068606063147604
deep,128,1,326,0.002998630494472556
deep,128,1,327,0.0030914004608953525
deep,128,1,328,0.0031201743087503316
deep,128,1,329,0.0030625104052418675
deep,128,1,330,0.003009040494156876
deep,128,1,331,0.002940559438546305
deep,128,1,332,0.0028346597510051593
deep,128,1,333,0.0027032330303774234
deep,128,1,334,0.0025595063627416935
deep,128,1,335,0.0024028707834908907
deep,128,1,336,0.0022612483528224522
deep,128,1,337,0.0021338051517813977
deep,128,1,338,0.0020095180450789337
deep,128,1,339,0.0018206181608466901
deep,128,1,340,0.0016412149103531926
deep,128,1,341,0.0014577213249074433
deep,128,1,342,0.0013061749399209711
deep,128,1,343,0.0012080536477315567
deep,128,1,344,0.0011423112407665838
deep,128,1,345,0.0011234086260299612
deep,128,1,346,0.0010846958216069202
deep,128,1,347,0.0009829940514586404
deep,128,1,348,0.0008549003012055473
deep,128,1,349,0.0007335796715028423
deep,128,1,350,0.0005881176450237961
deep,128,1,351,0.00047956850512561634
deep,128,1,352,0.00037904345564302366
deep,128,1,353,0.0002694832665995151
deep,128,1,354,0.00019447696192539422
deep,128,1,355,6.456638307105692e-05
deep,128,1,356,-0.00010840529096833125
deep,128,1,357,-0.0002749571208337056
deep,128,1,358,-0.0004669533896544155
deep,128,1,359,-0.0006871837906728025
deep,128,1,360,-0.0008419069909015994
deep,128,1,361,-0.0009552693417765679
deep,128,1,362,-0.001013984393731902
deep,128,1,363,-0.0010977250025663659
deep,128,1,364,-0.0011297623285634454
deep,128,1,365,-0.001153314945704682
deep,128,1,366,-0.0012188767146345258
deep,128,1,367,-0.0013540411069098133
deep,128,1,368,-0.001471488275674227
deep,128,1,369,-0.0016050692115219564
deep,128,1,370,-0.001779994560277223
deep,128,1,371,-0.001917529694317464
deep,128,1,372,-0.00199861231082964
deep,128,1,373,-0.0020912179163831294
deep,128,1,374,-0.0021748042760611967
deep,128,1,375,-0.002215937960397452
deep,128,1,376,-0.002264688388001026
deep,128,1,377,-0.002294921520697784
deep,128,1,378,-0.0024280150767772672
deep,128,1,379,-0.0025226923056004035
deep,128,1,380,-0.0026429246123469887
deep,128,1,381,-0.0027462226752952134
deep,128,1,382,-0.00283468074514309
deep,128,1,383,-0.003005726176895485
deep,128,1,384,-0.003145526982789439
deep,128,1,385,-0.003296979780513604
deep,128,1,386,-0.0034665721850627718
deep,128,1,387,-0.003579356539358319
deep,128,1,388,-0.003508513247335875
deep,128,1,389,-0.0034530299143032722
deep,128,1,390,-0.0033996646847535964
deep,128,1,391,-0.0033045487779923724
deep,128,1,392,-0.003186414776690968
deep,128,1,393,-0.0031061144035446444
deep,128,1,394,-0.002989563145954609
deep,128,1,395,-0.0028235631441526536
deep,128,1,396,-0.0026425874613656038
deep,128,1,397,-0.0024684080792886764
deep,128,1,398,-0.002324303591176604
deep,128,1,399,-0.00222298051445484
deep,128,1,400,-0.002117498143670958
deep,128,2,0,1.0
deep,128,2,1,0.9627556517310283
deep,128,2,2,0.9271689164835673
deep,128,2,3,0.8932006646255135
deep,128,2,4,0.8606744646144333
deep,128,2,5,0.8295857378662559
deep,128,2,6,0.7998012845469469
deep,128,2,7,0.7712807908148586
deep,128,2,8,0.7439875269222891
deep,128,2,9,0.7178379885916083
deep,128,2,10,0.6927884137194875
deep,128,2,11,0.6687570534855134
deep,128,2,12,0.6456533001283588
deep,128,2,13,0.6234656966053885
deep,128,2,14,0.6021077734297245
deep,128,2,15,0.5815557251601381
deep,128,2,16,0.5618580024241507
deep,128,2,17,0.5429695027708007
deep,128,2,18,0.5248332876281983
deep,128,2,19,0.507384677678856
deep,128,2,20,0.4906537767073855
deep,128,2,21,0.47457953014326576
deep,128,2,22,0.45909478799289594
deep,128,2,23,0.4442458396746663
deep,128,2,24,0.42994836494255384
deep,128,2,25,0.4162525462545009
deep,128,2,26,0.4031374145005831
deep,128,2,27,0.39054600899010183
deep,128,2,28,0.3783627329861607
deep,128,2,29,0.3666495878912111
deep,128,2,30,0.35533345673819805
deep,128,2,31,0.34442886001639916
deep,128,2,32,0.33393288153051026
deep,128,2,33,0.32382289846691165
deep,128,2,34,0.31410585833860827
deep,128,2,35,0.3047345278252165
deep,128,2,36,0.2956541694296622
deep,128,2,37,0.28686960083320245
deep,128,2,38,0.27843216120124065
deep,128,2,39,0.27033752413138284
deep,128,2,40,0.26251896033855004
deep,128,2,41,0.2550120496869493
deep,128,2,42,0.24780772586135333
deep,128,2,43,0.24079969251871336
deep,128,2,44,0.23404890918971621
deep,128,2,45,0.22766455938658675
deep,128,2,46,0.2214657327708901
deep,128,2,47,0.21550657313423185
deep,128,2,48,0.20976295550441254
deep,128,2,49,0.20421548104325998
deep,128,2,50,0.198875594015952
deep,128,2,51,0.19372995498604625
deep,128,2,52,0.18874405571061567
deep,128,2,53,0.18388719722430508
deep,128,2,54,0.17918651017951842
deep,128,2,55,0.17452909765425118
deep,128,2,56,0.16993710123862835
deep,128,2,57,0.16549131842543188
deep,128,2,58,0.16126053354845254
deep,128,2,59,0.15712502764161104
deep,128,2,60,0.1531812485761382
deep,128,2,61,0.14932083470180363
deep,128,2,62,0.14557639532961042
deep,128,2,63,0.14196357301400594
deep,128,2,64,0.13844885380747934
deep,128,2,65,0.134966639280092
deep,128,2,66,0.131594634493907
deep,128,2,67,0.12826562048196122
deep,128,2,68,0.12509342355585706
deep,128,2,69,0.12200320162981317
deep,128,2,70,0.11894905387748926
deep,128,2,71,0.1160038878825405
deep,128,2,72,0.11322493846406374
deep,128,2,73,0.11058030274006873
deep,128,2,74,0.10799786835251395
deep,128,2,75,0.10554840672414732
deep,128,2,76,0.10318107200689465
deep,128,2,77,0.10084863604749685
deep,128,2,78,0.09861773466785287
deep,128,2,79,0.09651736501838559
deep,128,2,80,0.09441005344258643
deep,128,2,81,0.09233954715681243
deep,128,2,82,0.09034091132872325
deep,128,2,83,0.08832839352740329
deep,128,2,84,0.08633049488890736
deep,128,2,85,0.08441568057539008
deep,128,2,86,0.08259883837209167
deep,128,2,87,0.08083825463339551
deep,128,2,88,0.07918461039793548
deep,128,2,89,0.077534587823076
deep,128,2,90,0.07591013754864775
deep,128,2,91,0.07433649204137219
deep,128,2,92,0.07277145104022015
deep,128,2,93,0.07125062707388777
deep,128,2,94,0.06976103603009765
deep,128,2,95,0.06837068378399097
deep,128,2,96,0.06701634219572149
deep,128,2,97,0.06557467960847758
deep,128,2,98,0.06415331252027788
deep,128,2,99,0.06280123832000548
deep,128,2,100,0.06148224107269737
deep,128,2,101,0.06022406661783587
deep,128,2,102,0.05903264941528187
deep,128,2,103,0.05784191006002108
deep,128,2,104,0.056710066113162066
deep,128,2,105,0.055597379304518635
deep,128,2,106,0.054524737143095685
deep,128,2,107,0.05346060274986786
deep,128,2,108,0.05242431766029632
deep,128,2,109,0.051431349474869624
deep,128,2,110,0.05051007195315584
deep,128,2,111,0.04952470436502743
deep,128,2,112,0.04855147510925931
deep,128,2,113,0.04769858053533645
deep,128,2,114,0.04685579270500438
deep,128,2,115,0.04595029420534119
deep,128,2,116,0.04500170635281435
deep,128,2,117,0.04400617198451735
deep,128,2,118,0.0430765248897635
deep,128,2,119,0.042156728026431264
deep,128,2,120,0.041316525235763284
deep,128,2,121,0.040498694183706795
deep,128,2,122,0.03963805031542414
deep,128,2,123,0.038821008015523246
deep,128,2,124,0.03805219573272711
deep,128,2,125,0.03727465505451834
deep,128,2,126,0.03655131450467444
deep,128,2,127,0.03582120330758461
deep,128,2,128,0.03503899235836466
deep,128,2,129,0.034277869384916684
deep,128,2,130,0.033577659127121504
deep,128,2,131,0.03290036364296897
deep,128,2,132,0.03221890297531745
deep,128,2,133,0.031532254164507265
deep,128,2,134,0.03093142683475361
deep,128,2,135,0.03032335182816745
deep,128,2,136,0.029735237609406176
deep,128,2,137,0.029185333924478873
deep,128,2,138,0.02858989541158972
deep,128,2,139,0.02802945311706791
deep,128,2,140,0.02751944217086167
deep,128,2,141,0.02699974691966517
deep,128,2,142,0.026502061867283957
deep,128,2,143,0.026053615226022914
deep,128,2,144,0.025614467683725814
deep,128,2,145,0.02517542973076842
deep,128,2,146,0.024769774373313798
deep,128,2,147,0.024396573278717568
deep,128,2,148,0.024005832459601414
deep,128,2,149,0.02359036288546362
deep,128,2,150,0.023138054463282886
deep,128,2,151,0.022699448756100242
deep,128,2,152,0.022336942484572235
deep,128,2,153,0.021922051471505544
deep,128,2,154,0.021638869125680416
deep,128,2,155,0.021406828878168447
deep,128,2,156,0.021258079076296756
deep,128,2,157,0.021086925423888757
deep,128,2,158,0.02085723890460716
deep,128,2,159,0.020612207586050223
deep,128,2,160,0.020359870313412878
deep,128,2,161,0.020187367376472483
deep,128,2,162,0.02001714188786482
deep,128,2,163,0.01984956735510326
deep,128,2,164,0.019765346487478117
deep,128,2,165,0.01959951000944881
deep,128,2,166,0.01942028488636214
deep,128,2,167,0.019245815661959046
deep,128,2,168,0.019119264860138756
deep,128,2,169,0.01894482535958352
deep,128,2,170,0.018727381485590444
deep,128,2,171,0.018511048628641384
deep,128,2,172,0.01820379006499018
deep,128,2,173,0.01794238674111495
deep,128,2,174,0.017621552415836798
deep,128,2,175,0.017332761375257844
deep,128,2,176,0.01710872520762423
deep,128,2,177,0.016872156407811482
deep,128,2,178,0.016630000531182017
deep,128,2,179,0.016390356824915433
deep,128,2,180,0.016050189958069314
deep,128,2,181,0.015694087807862113
deep,128,2,182,0.015383257573656155
deep,128,2,183,0.015153860711584326
deep,128,2,184,0.01490778470376641
deep,128,2,185,0.014648410509379125
deep,128,2,186,0.0144303309771151
deep,128,2,187,0.01420692626971129
deep,128,2,188,0.014061928070329391
deep,128,2,189,0.014012855472445566
deep,128,2,190,0.013937091110675448
deep,128,2,191,0.013905424384520769
deep,128,2,192,0.01384810128035684
deep,128,2,193,0.013756684649119076
deep,128,2,194,0.013663870817082169
deep,128,2,195,0.013510635252992993
deep,128,2,196,0.01326311754084054
deep,128,2,197,0.013057585642271278
deep,128,2,198,0.012765933183125203
deep,128,2,199,0.01252059986271347
deep,128,2,200,0.012229007579824262
deep,128,2,201,0.012003821150294698
deep,128,2,202,0.01176004572013077
deep,128,2,203,0.011458127913314761
deep,128,2,204,0.011165992974256316
deep,128,2,205,0.010884987366775043
deep,128,2,206,0.01067799648168852
deep,128,2,207,0.01047188079990926
deep,128,2,208,0.010332432604284913
deep,128,2,209,0.010194064278416026
deep,128,2,210,0.010070973389615637
deep,128,2,211,0.009946570412756933
deep,128,2,212,0.009749639608583013
deep,128,2,213,0.009564600811650333
deep,128,2,214,0.009300533067161486
deep,128,2,215,0.009110094283400398
deep,128,2,216,0.008968483781614517
deep,128,2,217,0.008810143269702973
deep,128,2,218,0.008639503374603206
deep,128,2,219,0.008458766220104611
deep,128,2,220,0.00831470097667173
deep,128,2,221,0.008198362417575074
deep,128,2,222,0.00806263809609935
deep,128,2,223,0.007940156182010372
deep,128,2,224,0.007836127265480629
deep,128,2,225,0.007742040101445633
deep,128,2,226,0.0076770448261357024
deep,128,2,227,0.00760047403489599
deep,128,2,228,0.007510624071355524
deep,128,2,229,0.007451264505317239
deep,128,2,230,0.0073936874211956985
deep,128,2,231,0.007383291718657823
deep,128,2,232,0.007340443602775852
deep,128,2,233,0.007302043171845742
deep,128,2,234,0.007227070346611193
deep,128,2,235,0.0071257427702904556
deep,128,2,236,0.006969805163389847
deep,128,2,237,0.006761446401619494
deep,128,2,238,0.006551331921599859
deep,128,2,239,0.0064110590334012976
deep,128,2,240,0.006259486921357225
deep,128,2,241,0.006063490679789323
deep,128,2,242,0.005860381982766824
deep,128,2,243,0.00567370353895955
deep,128,2,244,0.005411928295559641
deep,128,2,245,0.005154365912638536
deep,128,2,246,0.004883382445593262
deep,128,2,247,0.004676198831601799
deep,128,2,248,0.004459155217133925
deep,128,2,249,0.004182414877930172
deep,128,2,250,0.003999747432081287
deep,128,2,251,0.0038943321393458573
deep,128,2,252,0.00380802584630346
deep,128,2,253,0.003806751423198204
deep,128,2,254,0.003815774558731949
deep,128,2,255,0.0037954603970201655
deep,128,2,256,0.003833602908149934
deep,128,2,257,0.0038514448291469216
deep,128,2,258,0.0038156252197677097
deep,128,2,259,0.0037312424732141862
deep,128,2,260,0.003652171066676696
deep,128,2,261,0.0035267749600904974
deep,128,2,262,0.0034323337239897996
deep,128,2,263,0.0032702858330525366
deep,128,2,264,0.003075403531365631
deep,128,2,265,0.0028402449029245823
deep,128,2,266,0.0026273559754848796
deep,128,2,267,0.002416124971676461
deep,128,2,268,0.002266685014532696
deep,128,2,269,0.0021168247680326
deep,128,2,270,0.0019911257421277107
deep,128,2,271,0.0018550524654067195
deep,128,2,272,0.001691000402223546
deep,128,2,273,0.0014927058057798274
deep,128,2,274,0.0013100839117050312
deep,128,2,275,0.001107210409787895
deep,128,2,276,0.0009337870394038363
deep,128,2,277,0.0007560363527253754
deep,128,2,278,0.0006198880010577644
deep,128,2,279,0.0005545730183847163
deep,128,2,280,0.00041384869274055033
deep,128,2,281,0.0002743529993054465
deep,128,2,282,0.00011275878890613022
deep,128,2,283,-1.1939369794815844e-05
deep,128,2,284,-0.00012073718256282412
deep,128,2,285,-0.0002904805544387693
deep,128,2,286,-0.000401183862425768
deep,128,2,287,-0.000529787483585635
deep,128,2,288,-0.0006339644742432625
deep,128,2,289,-0.0006890610096817717
deep,128,2,290,-0.0007818168808037654
deep,128,2,291,-0.0008682396854041753
deep,128,2,292,-0.0009137048611696532
deep,128,2,293,-0.0009073286090572587
deep,128,2,294,-0.0009104394467140311
deep,128,2,295,-0.0009319506933985011
deep,128,2,296,-0.000995063237341874
deep,128,2,297,-0.0010746964338637908
deep,128,2,298,-0.0011957353263241546
deep,128,2,299,-0.001250776261295647
deep,128,2,300,-0.0012517562186198353
deep,128,2,301,-0.0012567028336360232
deep,128,2,302,-0.0012978748736923367
deep,128,2,303,-0.001354099400195778
deep,128,2,304,-0.0014252270809214321
deep,128,2,305,-0.001453649875754116
deep,128,2,306,-0.0014935239796335469
deep,128,2,307,-0.0015575988087207638
deep,128,2,308,-0.0015203039494022168
deep,128,2,309,-0.001570022605689225
deep,128,2,310,-0.0016231202854341152
deep,128,2,311,-0.001680611375646352
deep,128,2,312,-0.0017551285691234024
deep,128,2,313,-0.0018290753108464166
deep,128,2,314,-0.001944261163284947
deep,128,2,315,-0.0020496047299915577
deep,128,2,316,-0.0021141003221770223
deep,128,2,317,-0.0021662362033633403
deep,128,2,318,-0.002286480642273272
deep,128,2,319,-0.002366563864948689
deep,128,2,320,-0.002395520058919905
deep,128,2,321,-0.002484272894415376
deep,128,2,322,-0.002533893459260487
deep,128,2,323,-0.0025966649342410424
deep,128,2,324,-0.0026863369813733226
deep,128,2,325,-0.0027765203652678804
deep,128,2,326,-0.002735035181380111
deep,128,2,327,-0.0026766672163387266
deep,128,2,328,-0.0026027747030039385
deep,128,2,329,-0.0025972808744662576
deep,128,2,330,-0.002636832415212003
deep,128,2,331,-0.0027446188744963494
deep,128,2,332,-0.0028849099024136154
deep,128,2,333,-0.0029757900041467835
deep,128,2,334,-0.003022937047239097
deep,128,2,335,-0.003026900197127518
deep,128,2,336,-0.0030129913884619484
deep,128,2,337,-0.003031178618742134
deep,128,2,338,-0.0029461189758904125
deep,128,2,339,-0.0028908573535836035
deep,128,2,340,-0.0027927954837069766
deep,128,2,341,-0.002703153958937822
deep,128,2,342,-0.0026042274947391123
deep,128,2,343,-0.0025445332955473248
deep,128,2,344,-0.0024929111807582174
deep,128,2,345,-0.0024380123821253125
deep,128,2,346,-0.0024009251116920843
deep,128,2,347,-0.002373830087138841
deep,128,2,348,-0.0023028079355517607
deep,128,2,349,-0.0022280902952280385
deep,128,2,350,-0.0021734954344034083
deep,128,2,351,-0.0021936244871654763
deep,128,2,352,-0.0021396949381781057
deep,128,2,353,-0.002135788948901255
deep,128,2,354,-0.0021360409172732253
deep,128,2,355,-0.002106301225732465
deep,128,2,356,-0.0020695966737823684
deep,128,2,357,-0.0019639893614994026
deep,128,2,358,-0.0018366610734338736
deep,128,2,359,-0.0017832024904777784
deep,128,2,360,-0.0017138627458836465
deep,128,2,361,-0.0016143495743844462
deep,128,2,362,-0.0015335067774746114
deep,128,2,363,-0.0014166862185322846
deep,128,2,364,-0.0012803791739233973
deep,128,2,365,-0.0012565766458609707
deep,128,2,366,-0.0011646347901263466
deep,128,2,367,-0.0010607629954891146
deep,128,2,368,-0.0009538389169368196
deep,128,2,369,-0.0008753374734631007
deep,128,2,370,-0.0007874955720611784
deep,128,2,371,-0.0007350831948867666
deep,128,2,372,-0.0006620163004806209
deep,128,2,373,-0.0005715893250786491
deep,128,2,374,-0.0004985331559030316
deep,128,2,375,-0.0004463835342863022
deep,128,2,376,-0.0004338726966117071
deep,128,2,377,-0.0004086822515780461
deep,128,2,378,-0.00038582006910584197
deep,128,2,379,-0.0003559426803952534
deep,128,2,380,-0.0002950200251049645
deep,128,2,381,-0.0002125464186486873
deep,128,2,382,-0.0001884278046273474
deep,128,2,383,-0.0001668075263729321
deep,128,2,384,-0.00016510133828117002
deep,128,2,385,-0.00015255905242635192
deep,128,2,386,-9.518724666599676e-05
deep,128,2,387,-9.847927120189921e-05
deep,128,2,388,-0.0001329413439288674
deep,128,2,389,-0.00014531416697606786
deep,128,2,390,-0.00017032874477949152
deep,128,2,391,-0.00024535795210511326
deep,128,2,392,-0.00031016669654605744
deep,128,2,393,-0.0003824175236001945
deep,128,2,394,-0.0004409627507283837
deep,128,2,395,-0.00045247754342399917
deep,128,2,396,-0.0003656625782789863
deep,128,2,397,-0.00026257775704871663
deep,128,2,398,-0.00032048305122425
deep,128,2,399,-0.00031468671091660044
deep,128,2,400,-0.00033233155806178943
deep,256,0,0,1.0
deep,256,0,1,0.9637865404660002
deep,256,0,2,0.9291027292494509
deep,256,0,3,0.8958120684445654
deep,256,0,4,0.8638283477739837
deep,256,0,5,0.8331628165459043
deep,256,0,6,0.8037234233759463
deep,256,0,7,0.7755124706990332
deep,256,0,8,0.7484852884458598
deep,256,0,9,0.7224858666034557
deep,256,0,10,0.6975462913537581
deep,256,0,11,0.6736194982727355
deep,256,0,12,0.6505849577615102
deep,256,0,13,0.628412060173056
deep,256,0,14,0.6070816662944307
deep,256,0,15,0.5866618180409441
deep,256,0,16,0.5670136825976717
deep,256,0,17,0.5480964868445396
deep,256,0,18,0.529816500779242
deep,256,0,19,0.5123075267029084
deep,256,0,20,0.49544079094418425
deep,256,0,21,0.4792074619516593
deep,256,0,22,0.4635563940184145
deep,256,0,23,0.4484955951348532
deep,256,0,24,0.4339967807852309
deep,256,0,25,0.41998473743795056
deep,256,0,26,0.40648970868496637
deep,256,0,27,0.39346481722402593
deep,256,0,28,0.380927208817296
deep,256,0,29,0.3688695360813377
deep,256,0,30,0.3572765155664075
deep,256,0,31,0.34602806302965017
deep,256,0,32,0.33511383069215334
deep,256,0,33,0.3245744472820853
deep,256,0,34,0.3144196569833548
deep,256,0,35,0.30461551040056767
deep,256,0,36,0.2951399763388429
deep,256,0,37,0.28604840734410003
deep,256,0,38,0.27731114405035473
deep,256,0,39,0.26881228891373316
deep,256,0,40,0.260632749186308
deep,256,0,41,0.2527544313172337
deep,256,0,42,0.24509544421473003
deep,256,0,43,0.23777947208556555
deep,256,0,44,0.23077296973336675
deep,256,0,45,0.22396903315184086
deep,256,0,46,0.2173811120602774
deep,256,0,47,0.21104192938436972
deep,256,0,48,0.20490404196963943
deep,256,0,49,0.19896819190456932
deep,256,0,50,0.19331418977514486
deep,256,0,51,0.1878525643153508
deep,256,0,52,0.18255747168048417
deep,256,0,53,0.17745502254974416
deep,256,0,54,0.1725712854866297
deep,256,0,55,0.16778651968653577
deep,256,0,56,0.1631554952638542
deep,256,0,57,0.15864876315131238
deep,256,0,58,0.1542828130587333
deep,256,0,59,0.15004680343212246
deep,256,0,60,0.1459570808799819
deep,256,0,61,0.1419704570432635
deep,256,0,62,0.13811129602395314
deep,256,0,63,0.13441196028453245
deep,256,0,64,0.13082456428686343
deep,256,0,65,0.12733226133970152
deep,256,0,66,0.12399138078303568
deep,256,0,67,0.12075659645587358
deep,256,0,68,0.11759489403620745
deep,256,0,69,0.11450806533496963
deep,256,0,70,0.11152707324471925
deep,256,0,71,0.1085952300372021
deep,256,0,72,0.10577318983013122
deep,256,0,73,0.10304819725719445
deep,256,0,74,0.1003353954657696
deep,256,0,75,0.0977015078275021
deep,256,0,76,0.09514724427949443
deep,256,0,77,0.09263729320652114
deep,256,0,78,0.09018499086334344
deep,256,0,79,0.08782675193704835
deep,256,0,80,0.08563936215668543
deep,256,0,81,0.0834532646839872
deep,256,0,82,0.08132079696522823
deep,256,0,83,0.07926834688228832
deep,256,0,84,0.07727877509339343
deep,256,0,85,0.07534626040097742
deep,256,0,86,0.07339067996789256
deep,256,0,87,0.07150798459575627
deep,256,0,88,0.06968953250441202
deep,256,0,89,0.0679575701515661
deep,256,0,90,0.0662481505545196
deep,256,0,91,0.0645706424648637
deep,256,0,92,0.06291743179301876
deep,256,0,93,0.0613509723176083
deep,256,0,94,0.05988152728180092
deep,256,0,95,0.05843161304816056
deep,256,0,96,0.05703074481259435
deep,256,0,97,0.05570547902481353
deep,256,0,98,0.05442936066356601
deep,256,0,99,0.05319450911500257
deep,256,0,100,0.052010800550828365
deep,256,0,101,0.05088731100378015
deep,256,0,102,0.049804287717004014
deep,256,0,103,0.04874996135024871
deep,256,0,104,0.047677433679184145
deep,256,0,105,0.04665706227467938
deep,256,0,106,0.04566951196921633
deep,256,0,107,0.04475049290014137
deep,256,0,108,0.04378034654069982
deep,256,0,109,0.042890602263683804
deep,256,0,110,0.04196495352966134
deep,256,0,111,0.04095854532227942
deep,256,0,112,0.039970925306443916
deep,256,0,113,0.039082798873507144
deep,256,0,114,0.03825237874061603
deep,256,0,115,0.037435951350159785
deep,256,0,116,0.03655048011163567
deep,256,0,117,0.035616504504521695
deep,256,0,118,0.0346570211972624
deep,256,0,119,0.03375043909927951
deep,256,0,120,0.03291530508947166
deep,256,0,121,0.03208194022680954
deep,256,0,122,0.031239403504854265
deep,256,0,123,0.03038087754577238
deep,256,0,124,0.029566797012399143
deep,256,0,125,0.02868719293637846
deep,256,0,126,0.02782293629488123
deep,256,0,127,0.026943858721445536
deep,256,0,128,0.0259838155124215
deep,256,0,129,0.02510652815163948
deep,256,0,130,0.024278665001559604
deep,256,0,131,0.02349438146777442
deep,256,0,132,0.022751344966032438
deep,256,0,133,0.022075044377819358
deep,256,0,134,0.021414196657829218
deep,256,0,135,0.020804290716641215
deep,256,0,136,0.0202440912486763
deep,256,0,137,0.019663096812111727
deep,256,0,138,0.019211642101225675
deep,256,0,139,0.01877750259561674
deep,256,0,140,0.018432726648444184
deep,256,0,141,0.01814548566977741
deep,256,0,142,0.01779778179436701
deep,256,0,143,0.017495620546801555
deep,256,0,144,0.01723217789460751
deep,256,0,145,0.01694818791231479
deep,256,0,146,0.016659247718056047
deep,256,0,147,0.016335625415445813
deep,256,0,148,0.016064720168878912
deep,256,0,149,0.01582764694918984
deep,256,0,150,0.015660569289948863
deep,256,0,151,0.015482314365146122
deep,256,0,152,0.01527143740898841
deep,256,0,153,0.015137867813497387
deep,256,0,154,0.015008790957568425
deep,256,0,155,0.01487269465302282
deep,256,0,156,0.0147336371956742
deep,256,0,157,0.014574380623455625
deep,256,0,158,0.014446201065722676
deep,256,0,159,0.01435592732389532
deep,256,0,160,0.014178621278015842
deep,256,0,161,0.014036906354252547
deep,256,0,162,0.013925616541017604
deep,256,0,163,0.013830233227452244
deep,256,0,164,0.013710315148014433
deep,256,0,165,0.013570574278141389
deep,256,0,166,0.013375329453818101
deep,256,0,167,0.01315871089965809
deep,256,0,168,0.012960055068335134
deep,256,0,169,0.012821697539596798
deep,256,0,170,0.012691266217483187
deep,256,0,171,0.012529386208378152
deep,256,0,172,0.01232206572618713
deep,256,0,173,0.012105253856339296
deep,256,0,174,0.01185619048414676
deep,256,0,175,0.011664940928365312
deep,256,0,176,0.011474570857193857
deep,256,0,177,0.011280691710582937
deep,256,0,178,0.01103925854235654
deep,256,0,179,0.010792707136456537
deep,256,0,180,0.010519589144427844
deep,256,0,181,0.010305283603799063
deep,256,0,182,0.0100928592216331
deep,256,0,183,0.009898151601736922
deep,256,0,184,0.009669281359274366
deep,256,0,185,0.0094841002458579
deep,256,0,186,0.009292596457950887
deep,256,0,187,0.009069511007426477
deep,256,0,188,0.008846327935911448
deep,256,0,189,0.008601620397146152
deep,256,0,190,0.00838628291348269
deep,256,0,191,0.00820378792430841
deep,256,0,192,0.007974624455090945
deep,256,0,193,0.007862641595199978
deep,256,0,194,0.007780887571908306
deep,256,0,195,0.007695459931581631
deep,256,0,196,0.00760795663466827
deep,256,0,197,0.00755476475306399
deep,256,0,198,0.007518309666138646
deep,256,0,199,0.007443239034801005
deep,256,0,200,0.007337235329016898
deep,256,0,201,0.007294177481150483
deep,256,0,202,0.007261936692813864
deep,256,0,203,0.007231182697469199
deep,256,0,204,0.007201664641420142
deep,256,0,205,0.007205966573465733
deep,256,0,206,0.007200267533569065
deep,256,0,207,0.007142405666673852
deep,256,0,208,0.007052075195996723
deep,256,0,209,0.006988781757795573
deep,256,0,210,0.006995188562614951
deep,256,0,211,0.00700024479126694
deep,256,0,212,0.006941946027697179
deep,256,0,213,0.0068405510134854205
deep,256,0,214,0.006685630077536203
deep,256,0,215,0.006581896225727326
deep,256,0,216,0.006470853661382966
deep,256,0,217,0.006324014520386768
deep,256,0,218,0.006165513053529794
deep,256,0,219,0.005966850086380125
deep,256,0,220,0.005813054734201728
deep,256,0,221,0.005593943047241714
deep,256,0,222,0.00537627475361725
deep,256,0,223,0.005169806243915017
deep,256,0,224,0.00497993499538283
deep,256,0,225,0.004810371304417665
deep,256,0,226,0.004679815801318972
deep,256,0,227,0.004535052171480736
deep,256,0,228,0.0044014317918275835
deep,256,0,229,0.004217235379958846
deep,256,0,230,0.004038977879293598
deep,256,0,231,0.0038597518162292337
deep,256,0,232,0.0036348724750305725
deep,256,0,233,0.0034251232904095206
deep,256,0,234,0.0032005635386355012
deep,256,0,235,0.0029623922969401056
deep,256,0,236,0.0028422556100668748
deep,256,0,237,0.002689696315114031
deep,256,0,238,0.0025273848223484963
deep,256,0,239,0.002432284441239562
deep,256,0,240,0.0023629516383274654
deep,256,0,241,0.002302589871855194
deep,256,0,242,0.0022649765658921124
deep,256,0,243,0.0023033264330424665
deep,256,0,244,0.0023239543042615804
deep,256,0,245,0.002333189773856049
deep,256,0,246,0.0022786586353464623
deep,256,0,247,0.002257880788399595
deep,256,0,248,0.002317933268871428
deep,256,0,249,0.002422560307412082
deep,256,0,250,0.0024721308497501655
deep,256,0,251,0.002575852967356719
deep,256,0,252,0.002675099974892222
deep,256,0,253,0.0027246381924670516
deep,256,0,254,0.0028090973970941835
deep,256,0,255,0.0028893451234110338
deep,256,0,256,0.0029495552742078088
deep,256,0,257,0.003095602936941313
deep,256,0,258,0.00327758087063203
deep,256,0,259,0.003487399988853632
deep,256,0,260,0.003681511738900641
deep,256,0,261,0.003827105483548781
deep,256,0,262,0.003993607743965885
deep,256,0,263,0.004153037359626591
deep,256,0,264,0.004284393396220921
deep,256,0,265,0.004414516052746484
deep,256,0,266,0.004527719146692306
deep,256,0,267,0.004715261995439387
deep,256,0,268,0.004845980859759045
deep,256,0,269,0.0049126484919603895
deep,256,0,270,0.004995560375000175
deep,256,0,271,0.005089779612333523
deep,256,0,272,0.005182288489328574
deep,256,0,273,0.005213701197132484
deep,256,0,274,0.005250202858217155
deep,256,0,275,0.0052518956628259846
deep,256,0,276,0.005210682262117791
deep,256,0,277,0.005251051625032132
deep,256,0,278,0.005265332023336708
deep,256,0,279,0.005308692459686796
deep,256,0,280,0.0053223635729585505
deep,256,0,281,0.005326607356188411
deep,256,0,282,0.0053472781305557585
deep,256,0,283,0.005437874679430872
deep,256,0,284,0.005493890365860896
deep,256,0,285,0.005557489762619401
deep,256,0,286,0.0056165397656655425
deep,256,0,287,0.005663349060030707
deep,256,0,288,0.005682079385203774
deep,256,0,289,0.005703880341748694
deep,256,0,290,0.005759050645743518
deep,256,0,291,0.0057875678796568365
deep,256,0,292,0.0058176313049770325
deep,256,0,293,0.005877995459482502
deep,256,0,294,0.005923872613939242
deep,256,0,295,0.00593674909023109
deep,256,0,296,0.005964745869514608
deep,256,0,297,0.006022262373722926
deep,256,0,298,0.00605959750245564
deep,256,0,299,0.006119816477334493
deep,256,0,300,0.006210486902295514
deep,256,0,301,0.006265023107817714
deep,256,0,302,0.006381772168408836
deep,256,0,303,0.006431778094866907
deep,256,0,304,0.006481116459215353
deep,256,0,305,0.006534850458729994
deep,256,0,306,0.0065588821217772335
deep,256,0,307,0.006502822209198167
deep,256,0,308,0.006437234073154998
deep,256,0,309,0.006411037793309856
deep,256,0,310,0.006352160812337971
deep,256,0,311,0.006196041732967347
deep,256,0,312,0.006002183424827057
deep,256,0,313,0.005815760229633675
deep,256,0,314,0.005593231725204109
deep,256,0,315,0.005447329766935054
deep,256,0,316,0.005283983076117863
deep,256,0,317,0.005221761818719494
deep,256,0,318,0.005144201525140062
deep,256,0,319,0.0050515002056972435
deep,256,0,320,0.004953042165258365
deep,256,0,321,0.004882310985054486
deep,256,0,322,0.004789632201699333
deep,256,0,323,0.004689765457716869
deep,256,0,324,0.004599314083944873
deep,256,0,325,0.004517562554061515
deep,256,0,326,0.004409072522376223
deep,256,0,327,0.004298646590957474
deep,256,0,328,0.004153871862220608
deep,256,0,329,0.004009442048684033
deep,256,0,330,0.0038632864195108476
deep,256,0,331,0.003693489402306314
deep,256,0,332,0.003548409108948901
deep,256,0,333,0.003574040086321212
deep,256,0,334,0.003569551581726018
deep,256,0,335,0.0036146984359472253
deep,256,0,336,0.0036332712798625814
deep,256,0,337,0.0035901785644794413
deep,256,0,338,0.003580907702397715
deep,256,0,339,0.003545797972357154
deep,256,0,340,0.0035126648205897185
deep,256,0,341,0.0034747633479957334
deep,256,0,342,0.003469216339313155
deep,256,0,343,0.003468841478056198
deep,256,0,344,0.003503596185623001
deep,256,0,345,0.003471060304890504
deep,256,0,346,0.003478354868946902
deep,256,0,347,0.003452106266880534
deep,256,0,348,0.003395144850965328
deep,256,0,349,0.00333716700513529
deep,256,0,350,0.003287497518317895
deep,256,0,351,0.003211323678754623
deep,256,0,352,0.003078472745323533
deep,256,0,353,0.0029506498476149527
deep,256,0,354,0.0028419875420741996
deep,256,0,355,0.002656551228124736
deep,256,0,356,0.002494627706421818
deep,256,0,357,0.0023576826610279883
deep,256,0,358,0.0021086699649133
deep,256,0,359,0.001835383819150401
deep,256,0,360,0.0015666670317459111
deep,256,0,361,0.0013026374694463114
deep,256,0,362,0.00105021613526181
deep,256,0,363,0.0007849950523593953
deep,256,0,364,0.0005863007138832128
deep,256,0,365,0.0004409264835592169
deep,256,0,366,0.00032877575673284545
deep,256,0,367,0.00016638114598803704
deep,256,0,368,3.462857142757104e-05
deep,256,0,369,-3.6090654501421716e-05
deep,256,0,370,-0.0001119523130984389
deep,256,0,371,-0.00014919481579681385
deep,256,0,372,-0.00016924433888552883
deep,256,0,373,-0.00018861276882558577
deep,256,0,374,-0.00014238280292983973
deep,256,0,375,-0.00013939029336446432
deep,256,0,376,-6.227638951464525e-05
deep,256,0,377,2.9997845687194133e-05
deep,256,0,378,0.00011382199721868193
deep,256,0,379,0.00010993306268010806
deep,256,0,380,0.0001281026156599906
deep,256,0,381,0.00013279726579037152
deep,256,0,382,0.00012463195349377303
deep,256,0,383,0.00015147276307179416
deep,256,0,384,0.0001837672931899938
deep,256,0,385,0.0001488451493972902
deep,256,0,386,0.00011497913796812507
deep,256,0,387,8.330169111528559e-05
deep,256,0,388,8.654479703191988e-05
deep,256,0,389,0.00010041162987968033
deep,256,0,390,0.00011825361762208024
deep,256,0,391,0.00010921203534342808
deep,256,0,392,9.896074430699477e-05
deep,256,0,393,0.00012003247428293774
deep,256,0,394,0.00019815664901118627
deep,256,0,395,0.0002963185621097694
deep,256,0,396,0.0003858230603443805
deep,256,0,397,0.00042927670602948545
deep,256,0,398,0.0004304065309369068
deep,256,0,399,0.0004356447128938386
deep,256,0,400,0.0004757056606790178
deep,256,1,0,1.0
deep,256,1,1,0.9638517713696342
deep,256,1,2,0.9292654626181387
deep,256,1,3,0.8960886684669105
deep,256,1,4,0.8642600705603962
deep,256,1,5,0.8337535332301045
deep,256,1,6,0.8045044237770393
deep,256,1,7,0.776414013865452
deep,256,1,8,0.7493501521816465
deep,256,1,9,0.7233024401357071
deep,256,1,10,0.6982525302087954
deep,256,1,11,0.6741374707117461
deep,256,1,12,0.6510183589870464
deep,256,1,13,0.6288362121739004
deep,256,1,14,0.6075173972371775
deep,256,1,15,0.5870312426817893
deep,256,1,16,0.5673448811460604
deep,256,1,17,0.5484076780414444
deep,256,1,18,0.5302075362029551
deep,256,1,19,0.5127581256030727
deep,256,1,20,0.49599103354378915
deep,256,1,21,0.47983913606968565
deep,256,1,22,0.4642475453503431
deep,256,1,23,0.4491888354884769
deep,256,1,24,0.43474319392749683
deep,256,1,25,0.4208004187121518
deep,256,1,26,0.40732885944661057
deep,256,1,27,0.3943754066573391
deep,256,1,28,0.3818278530639098
deep,256,1,29,0.36971204027322613
deep,256,1,30,0.35804030763173117
deep,256,1,31,0.34680750926824594
deep,256,1,32,0.33603313792264805
deep,256,1,33,0.32559242971794533
deep,256,1,34,0.31544985600192293
deep,256,1,35,0.3056370808088589
deep,256,1,36,0.2961118404577387
deep,256,1,37,0.2869460415376783
deep,256,1,38,0.27809524513071765
deep,256,1,39,0.26962472989839226
deep,256,1,40,0.2614610511967755
deep,256,1,41,0.25359314324288657
deep,256,1,42,0.24606082513785815
deep,256,1,43,0.23884854267201996
deep,256,1,44,0.2318569525869753
deep,256,1,45,0.22509113451193202
deep,256,1,46,0.2185418830676438
deep,256,1,47,0.21219342712609643
deep,256,1,48,0.20607761541670344
deep,256,1,49,0.20012365474758675
deep,256,1,50,0.19441272540495272
deep,256,1,51,0.18887694073096825
deep,256,1,52,0.18347798648843125
deep,256,1,53,0.17822104970403987
deep,256,1,54,0.17313488262646973
deep,256,1,55,0.16822429748921733
deep,256,1,56,0.1634856200348237
deep,256,1,57,0.15895410637568508
deep,256,1,58,0.1545480162952997
deep,256,1,59,0.1502943468407972
deep,256,1,60,0.14618285096110967
deep,256,1,61,0.14221921322129227
deep,256,1,62,0.1383220793565767
deep,256,1,63,0.13466311954637106
deep,256,1,64,0.13108956457426274
deep,256,1,65,0.1277163994247716
deep,256,1,66,0.1244245037832097
deep,256,1,67,0.12128841203659294
deep,256,1,68,0.11832425730232154
deep,256,1,69,0.11542913351384161
deep,256,1,70,0.11256393930449858
deep,256,1,71,0.10976695908689445
deep,256,1,72,0.10698887663356237
deep,256,1,73,0.10424981563263427
deep,256,1,74,0.10160331334184153
deep,256,1,75,0.09910067828947232
deep,256,1,76,0.0966736337007428
deep,256,1,77,0.09428768590846906
deep,256,1,78,0.09194496215759705
deep,256,1,79,0.08967512203130636
deep,256,1,80,0.0874659049466874
deep,256,1,81,0.08533776840813392
deep,256,1,82,0.08323176397878142
deep,256,1,83,0.08122982600115156
deep,256,1,84,0.07927682799871448
deep,256,1,85,0.07740192237946378
deep,256,1,86,0.07561476261458236
deep,256,1,87,0.07381540730728606
deep,256,1,88,0.07203750417610819
deep,256,1,89,0.0702847859625219
deep,256,1,90,0.06859409098542969
deep,256,1,91,0.06702389766954454
deep,256,1,92,0.0654134938463235
deep,256,1,93,0.06386388746798799
deep,256,1,94,0.06243991788184468
deep,256,1,95,0.06103341729834464
deep,256,1,96,0.0596891073729793
deep,256,1,97,0.0583338618622864
deep,256,1,98,0.05703381012926807
deep,256,1,99,0.055752189937279345
deep,256,1,100,0.05454742495579322
deep,256,1,101,0.053323953696103286
deep,256,1,102,0.05214081543005418
deep,256,1,103,0.05097517013744153
deep,256,1,104,0.04985982724645434
deep,256,1,105,0.04880978450357109
deep,256,1,106,0.047803297897300284
deep,256,1,107,0.04683228615525515
deep,256,1,108,0.04583530919493296
deep,256,1,109,0.04480483789848687
deep,256,1,110,0.04382037343242925
deep,256,1,111,0.04289087303660173
deep,256,1,112,0.04195498938425395
deep,256,1,113,0.041038631470170256
deep,256,1,114,0.04012838267291853
deep,256,1,115,0.039294631162044666
deep,256,1,116,0.038512703846900566
deep,256,1,117,0.03777406980063802
deep,256,1,118,0.03705261950961682
deep,256,1,119,0.03636087763607168
deep,256,1,120,0.03571721975548112
deep,256,1,121,0.03512705516095431
deep,256,1,122,0.034529523229850714
deep,256,1,123,0.033980303423462595
deep,256,1,124,0.033490538744738244
deep,256,1,125,0.03308395311173762
deep,256,1,126,0.03268050716747125
deep,256,1,127,0.03227946876144536
deep,256,1,128,0.03190591839824351
deep,256,1,129,0.03156260959720797
deep,256,1,130,0.031237517891675684
deep,256,1,131,0.0308578640769724
deep,256,1,132,0.030397475333375314
deep,256,1,133,0.02988565972973649
deep,256,1,134,0.029350452384457777
deep,256,1,135,0.028806822909440522
deep,256,1,136,0.02830707865813267
deep,256,1,137,0.027802342651548323
deep,256,1,138,0.027318636502541505
deep,256,1,139,0.02690918507408381
deep,256,1,140,0.026506424302178238
deep,256,1,141,0.02613910309254379
deep,256,1,142,0.025692724232749268
deep,256,1,143,0.02526460426363586
deep,256,1,144,0.024857747399854763
deep,256,1,145,0.02439934581362329
deep,256,1,146,0.02397349522178275
deep,256,1,147,0.02356404423385591
deep,256,1,148,0.02313358735804747
deep,256,1,149,0.022691200719593078
deep,256,1,150,0.02229445342496373
deep,256,1,151,0.02186893655660654
deep,256,1,152,0.021469020153167036
deep,256,1,153,0.02112908502760835
deep,256,1,154,0.02079601833040101
deep,256,1,155,0.02040416848414107
deep,256,1,156,0.02003446415777066
deep,256,1,157,0.019816272151595676
deep,256,1,158,0.019578453077712984
deep,256,1,159,0.019312204019662434
deep,256,1,160,0.019112086000612583
deep,256,1,161,0.018878704728611546
deep,256,1,162,0.018593304551366735
deep,256,1,163,0.018308777646557587
deep,256,1,164,0.017992843431452514
deep,256,1,165,0.017740223515417215
deep,256,1,166,0.017512248763036645
deep,256,1,167,0.017269644982954444
deep,256,1,168,0.016978180439846943
deep,256,1,169,0.016723672426322583
deep,256,1,170,0.016494604086301767
deep,256,1,171,0.016259668163359973
deep,256,1,172,0.016031322103312918
deep,256,1,173,0.015833645044376662
deep,256,1,174,0.01565631179043112
deep,256,1,175,0.015425056711525546
deep,256,1,176,0.015187022015810901
deep,256,1,177,0.014994714615354088
deep,256,1,178,0.014796080763079898
deep,256,1,179,0.014605336139016732
deep,256,1,180,0.014382526681112373
deep,256,1,181,0.014232867259902898
deep,256,1,182,0.01405879143892225
deep,256,1,183,0.013871905613795118
deep,256,1,184,0.013712582542447494
deep,256,1,185,0.013580735510859136
deep,256,1,186,0.013466490933721806
deep,256,1,187,0.013299408646406531
deep,256,1,188,0.013180536802050365
deep,256,1,189,0.013106073706401239
deep,256,1,190,0.013001347381887012
deep,256,1,191,0.012903453886639117
deep,256,1,192,0.012740930869756296
deep,256,1,193,0.012529098957271646
deep,256,1,194,0.012426187927721601
deep,256,1,195,0.012245946984395658
deep,256,1,196,0.012083929967737307
deep,256,1,197,0.011878299829029331
deep,256,1,198,0.011699472341696368
deep,256,1,199,0.011531317580186395
deep,256,1,200,0.011463594413288722
deep,256,1,201,0.011379091525523011
deep,256,1,202,0.011321006099252663
deep,256,1,203,0.01125601080834926
deep,256,1,204,0.011220618881731344
deep,256,1,205,0.011173875960717105
deep,256,1,206,0.011121842073081797
deep,256,1,207,0.011099443760628722
deep,256,1,208,0.011024677106298422
deep,256,1,209,0.010916590510118283
deep,256,1,210,0.010731676893270084
deep,256,1,211,0.010549671652636834
deep,256,1,212,0.010383505871359158
deep,256,1,213,0.010251272716374348
deep,256,1,214,0.010090197410476882
deep,256,1,215,0.009998716563237597
deep,256,1,216,0.009816356335592705
deep,256,1,217,0.00966019338420231
deep,256,1,218,0.009568792996409522
deep,256,1,219,0.009442396683616064
deep,256,1,220,0.009305396742215904
deep,256,1,221,0.009209584574787166
deep,256,1,222,0.009109873244544969
deep,256,1,223,0.008994185685156728
deep,256,1,224,0.008913861382037232
deep,256,1,225,0.0089096229588555
deep,256,1,226,0.008919147965419611
deep,256,1,227,0.00894356724137672
deep,256,1,228,0.008959301198811252
deep,256,1,229,0.009005532242757018
deep,256,1,230,0.009049848191777746
deep,256,1,231,0.009082387814339222
deep,256,1,232,0.009034918828517504
deep,256,1,233,0.009004204666557682
deep,256,1,234,0.008927683447356193
deep,256,1,235,0.008844306794181165
deep,256,1,236,0.0087324582021801
deep,256,1,237,0.00862386196994648
deep,256,1,238,0.008551533978139354
deep,256,1,239,0.008518214427481182
deep,256,1,240,0.008471457581569862
deep,256,1,241,0.008423877581142537
deep,256,1,242,0.008324757705621681
deep,256,1,243,0.008233183188770782
deep,256,1,244,0.008138827355024705
deep,256,1,245,0.008048873105900774
deep,256,1,246,0.007948032273103737
deep,256,1,247,0.007757455642004988
deep,256,1,248,0.007562682007354913
deep,256,1,249,0.0073195940107614954
deep,256,1,250,0.00712291273563636
deep,256,1,251,0.006918753767875728
deep,256,1,252,0.006698776124277932
deep,256,1,253,0.0065748097673647005
deep,256,1,254,0.006434320516116661
deep,256,1,255,0.00626976961295772
deep,256,1,256,0.006167412107985989
deep,256,1,257,0.00603265992828808
deep,256,1,258,0.005937274374042485
deep,256,1,259,0.005806823259858562
deep,256,1,260,0.005653569018106051
deep,256,1,261,0.005471221131053117
deep,256,1,262,0.005252278823037721
deep,256,1,263,0.004974909374107268
deep,256,1,264,0.004715964840082977
deep,256,1,265,0.004502109757215517
deep,256,1,266,0.004292748442838293
deep,256,1,267,0.004101274838641915
deep,256,1,268,0.0038663101432040324
deep,256,1,269,0.0036527651482510222
deep,256,1,270,0.0034501299042008575
deep,256,1,271,0.003231808081235144
deep,256,1,272,0.0029969323603724913
deep,256,1,273,0.002788003230853463
deep,256,1,274,0.002708170075469367
deep,256,1,275,0.0026443972127277392
deep,256,1,276,0.002560855026505247
deep,256,1,277,0.002454598559124053
deep,256,1,278,0.0023554776218947136
deep,256,1,279,0.0022494507403441433
deep,256,1,280,0.0021721324647590435
deep,256,1,281,0.0020886226654238155
deep,256,1,282,0.0020011703230116687
deep,256,1,283,0.0018711114482233048
deep,256,1,284,0.0017599554378747418
deep,256,1,285,0.001598880871460206
deep,256,1,286,0.0014191571175336045
deep,256,1,287,0.0012616366272284396
deep,256,1,288,0.0010997508751720369
deep,256,1,289,0.0009548208117341156
deep,256,1,290,0.0008231048039245858
deep,256,1,291,0.000689349616855536
deep,256,1,292,0.0006079626472649193
deep,256,1,293,0.0005826500126724225
deep,256,1,294,0.0005214590914740694
deep,256,1,295,0.0004388607076046135
deep,256,1,296,0.0003970390677408243
deep,256,1,297,0.0002824119276975787
deep,256,1,298,0.00012483786205330313
deep,256,1,299,-4.567581043905312e-05
deep,256,1,300,-0.00015279757387268015
deep,256,1,301,-0.000271390959262024
deep,256,1,302,-0.0003056529093581954
deep,256,1,303,-0.000238380728356288
deep,256,1,304,-0.00012203301798690994
deep,256,1,305,-3.1499561040465324e-05
deep,256,1,306,4.534591431140688e-05
deep,256,1,307,0.00011615808071636067
deep,256,1,308,0.000207502339138315
deep,256,1,309,0.0002855063861619294
deep,256,1,310,0.000380094873081946
deep,256,1,311,0.00045565657030316236
deep,256,1,312,0.0005360038575616694
deep,256,1,313,0.0006737638158052141
deep,256,1,314,0.0007523547626574202
deep,256,1,315,0.0007751007298784621
deep,256,1,316,0.0007885754885873107
deep,256,1,317,0.0007117158389406035
deep,256,1,318,0.000688870331591994
deep,256,1,319,0.0006626992163735865
deep,256,1,320,0.0006792812318099836
deep,256,1,321,0.000765387776587253
deep,256,1,322,0.0008546915332751452
deep,256,1,323,0.0009273034392956312
deep,256,1,324,0.0009033414078901523
deep,256,1,325,0.0007989495723352309
deep,256,1,326,0.0007632049228881412
deep,256,1,327,0.0007327257064223935
deep,256,1,328,0.0007201100012611504
deep,256,1,329,0.0007194762802540655
deep,256,1,330,0.000673974330353736
deep,256,1,331,0.0006338698299968848
deep,256,1,332,0.0006199713649043318
deep,256,1,333,0.000574138210775368
deep,256,1,334,0.000497193928462652
deep,256,1,335,0.0004336573621604419
deep,256,1,336,0.00041416954264201746
deep,256,1,337,0.00036316570242710664
deep,256,1,338,0.0002760932087503465
deep,256,1,339,0.0002585284461020097
deep,256,1,340,0.00021083058368212896
deep,256,1,341,0.00012071533989188978
deep,256,1,342,0.0001050607842694001
deep,256,1,343,4.494867630471979e-05
deep,256,1,344,1.6934749288165162e-05
deep,256,1,345,-4.8953912037779816e-05
deep,256,1,346,-6.203472707797989e-05
deep,256,1,347,-4.1478696608275416e-05
deep,256,1,348,-3.71126766291315e-05
deep,256,1,349,-4.7655283323219666e-05
deep,256,1,350,-9.320118338646856e-05
deep,256,1,351,-0.000214658815214653
deep,256,1,352,-0.0003346108238150373
deep,256,1,353,-0.00044522784251958174
deep,256,1,354,-0.000611877198485508
deep,256,1,355,-0.0008496695705758962
deep,256,1,356,-0.001075020423599571
deep,256,1,357,-0.0012818080762051166
deep,256,1,358,-0.0014321622670722242
deep,256,1,359,-0.0016022385940966002
deep,256,1,360,-0.0016976109970982811
deep,256,1,361,-0.00178841250130563
deep,256,1,362,-0.001927292600939554
deep,256,1,363,-0.00212918944568115
deep,256,1,364,-0.0023405180555316155
deep,256,1,365,-0.0026024352938965063
deep,256,1,366,-0.0028039265319597536
deep,256,1,367,-0.0029828276064162015
deep,256,1,368,-0.0031581878266501544
deep,256,1,369,-0.0033306972358034255
deep,256,1,370,-0.0034759131096909444
deep,256,1,371,-0.003585331659741602
deep,256,1,372,-0.0037135369868820083
deep,256,1,373,-0.003770798049032438
deep,256,1,374,-0.0038604945554571515
deep,256,1,375,-0.003966040914721711
deep,256,1,376,-0.004059227184393752
deep,256,1,377,-0.0041592068748545164
deep,256,1,378,-0.004317210334113289
deep,256,1,379,-0.0045267479555431665
deep,256,1,380,-0.004721922571422951
deep,256,1,381,-0.004938657638723256
deep,256,1,382,-0.005086339421381023
deep,256,1,383,-0.005224326074830718
deep,256,1,384,-0.005290475825918638
deep,256,1,385,-0.005423480959145995
deep,256,1,386,-0.005550355048289807
deep,256,1,387,-0.005731680487207813
deep,256,1,388,-0.005833348380652579
deep,256,1,389,-0.006029843472118454
deep,256,1,390,-0.006228378886379698
deep,256,1,391,-0.006425697047502244
deep,256,1,392,-0.006559731241354692
deep,256,1,393,-0.006714759585840625
deep,256,1,394,-0.006934235733055833
deep,256,1,395,-0.007135519666216843
deep,256,1,396,-0.0073472043153870615
deep,256,1,397,-0.007569256680740665
deep,256,1,398,-0.007761363641604528
deep,256,1,399,-0.00799814671886347
deep,256,1,400,-0.00827438856672805
deep,256,2,0,1.0
deep,256,2,1,0.962941929714794
deep,256,2,2,0.927426436763042
deep,256,2,3,0.8934287982433952
deep,256,2,4,0.860865682495135
deep,256,2,5,0.8297154986283771
deep,256,2,6,0.7998172769291543
deep,256,2,7,0.7711456213279572
deep,256,2,8,0.7436518430161252
deep,256,2,9,0.717221299530632
deep,256,2,10,0.6918963408450634
deep,256,2,11,0.6677062528566119
deep,256,2,12,0.644548644254545
deep,256,2,13,0.6223054503734715
deep,256,2,14,0.6009786694837999
deep,256,2,15,0.5804901706763077
deep,256,2,16,0.5607813105704996
deep,256,2,17,0.5418229887850933
deep,256,2,18,0.5236251932185921
deep,256,2,19,0.50609367958184
deep,256,2,20,0.4892558296212566
deep,256,2,21,0.47301186228949504
deep,256,2,22,0.45733357533853075
deep,256,2,23,0.44216376177116884
deep,256,2,24,0.42750044441904833
deep,256,2,25,0.41332631328391767
deep,256,2,26,0.39963204631381555
deep,256,2,27,0.3864045297866683
deep,256,2,28,0.37372640382758443
deep,256,2,29,0.3615955544769653
deep,256,2,30,0.34994310377084115
deep,256,2,31,0.3386922252018326
deep,256,2,32,0.32788654892398233
deep,256,2,33,0.317399340135207
deep,256,2,34,0.3072862787403005
deep,256,2,35,0.2975581020146153
deep,256,2,36,0.28811686745024473
deep,256,2,37,0.27903966969062055
deep,256,2,38,0.2702741585515346
deep,256,2,39,0.2618918634835153
deep,256,2,40,0.25372681481716003
deep,256,2,41,0.24587682420769497
deep,256,2,42,0.23828046775299772
deep,256,2,43,0.23099815078707364
deep,256,2,44,0.22402707542626377
deep,256,2,45,0.21731519359114276
deep,256,2,46,0.210812975477623
deep,256,2,47,0.20456252755651594
deep,256,2,48,0.19851595836795366
deep,256,2,49,0.1926485695304523
deep,256,2,50,0.18694230681294685
deep,256,2,51,0.1814790675305425
deep,256,2,52,0.17625169799000384
deep,256,2,53,0.17125284824440778
deep,256,2,54,0.16642496054075986
deep,256,2,55,0.16179610984264742
deep,256,2,56,0.15726022974491086
deep,256,2,57,0.15289941345060437
deep,256,2,58,0.1486832488000549
deep,256,2,59,0.14447947199907096
deep,256,2,60,0.14032967582182437
deep,256,2,61,0.13629132306705993
deep,256,2,62,0.1324213174517973
deep,256,2,63,0.12878930471688727
deep,256,2,64,0.12528758146657384
deep,256,2,65,0.12191093914321761
deep,256,2,66,0.11857491543382001
deep,256,2,67,0.1153697039866354
deep,256,2,68,0.1123010288342848
deep,256,2,69,0.10933061587726244
deep,256,2,70,0.10646361194406308
deep,256,2,71,0.10366341860015207
deep,256,2,72,0.1009993463486752
deep,256,2,73,0.09840316244757094
deep,256,2,74,0.09587384640291167
deep,256,2,75,0.09345453750582103
deep,256,2,76,0.09108033995883598
deep,256,2,77,0.0887435040903163
deep,256,2,78,0.0864755093331435
deep,256,2,79,0.08424322589653847
deep,256,2,80,0.08213070072641465
deep,256,2,81,0.08011159045598287
deep,256,2,82,0.07813055323302992
deep,256,2,83,0.07624745831951413
deep,256,2,84,0.07443586699301692
deep,256,2,85,0.07265795871121188
deep,256,2,86,0.07092556501040442
deep,256,2,87,0.06920519548079743
deep,256,2,88,0.06757979324033411
deep,256,2,89,0.06594063591748589
deep,256,2,90,0.06436507924063237
deep,256,2,91,0.06280783388993724
deep,256,2,92,0.06128346593022777
deep,256,2,93,0.05978003108760682
deep,256,2,94,0.05835950412874449
deep,256,2,95,0.05699818206051374
deep,256,2,96,0.055616276997059774
deep,256,2,97,0.05430390252633238
deep,256,2,98,0.05302244953827552
deep,256,2,99,0.051816117652626156
deep,256,2,100,0.05064164488176404
deep,256,2,101,0.04947979173641111
deep,256,2,102,0.04833794603796845
deep,256,2,103,0.04725719477110762
deep,256,2,104,0.046257983377071904
deep,256,2,105,0.04527256896212813
deep,256,2,106,0.044315379650719244
deep,256,2,107,0.043396318779171036
deep,256,2,108,0.04247776818846899
deep,256,2,109,0.041618828251935115
deep,256,2,110,0.0408362637441832
deep,256,2,111,0.040031408578583255
deep,256,2,112,0.039251736646764124
deep,256,2,113,0.03850210799667529
deep,256,2,114,0.03773319599226667
deep,256,2,115,0.03695101469378933
deep,256,2,116,0.03623296823629527
deep,256,2,117,0.03551099091875261
deep,256,2,118,0.03479937945210603
deep,256,2,119,0.03403539417793299
deep,256,2,120,0.0332349814668817
deep,256,2,121,0.03244863618242943
deep,256,2,122,0.03162621767099113
deep,256,2,123,0.030728581477929763
deep,256,2,124,0.029786517807927872
deep,256,2,125,0.028935548303201362
deep,256,2,126,0.028114081847745727
deep,256,2,127,0.027388596471132537
deep,256,2,128,0.026699217260685536
deep,256,2,129,0.02602445613456056
deep,256,2,130,0.025380656103041882
deep,256,2,131,0.02473326436998002
deep,256,2,132,0.024118412047194688
deep,256,2,133,0.023582833663469818
deep,256,2,134,0.02311443763385723
deep,256,2,135,0.022622984370011125
deep,256,2,136,0.022146448907495096
deep,256,2,137,0.021659987007030906
deep,256,2,138,0.021180533345958263
deep,256,2,139,0.02074024197346458
deep,256,2,140,0.020353135821185808
deep,256,2,141,0.020005957511405513
deep,256,2,142,0.01960375686854516
deep,256,2,143,0.019271095192893536
deep,256,2,144,0.018901985073135466
deep,256,2,145,0.018581671640972255
deep,256,2,146,0.018220527580448627
deep,256,2,147,0.017874626219010988
deep,256,2,148,0.017579178864719425
deep,256,2,149,0.017348635824485266
deep,256,2,150,0.017083425184091443
deep,256,2,151,0.016833320096546516
deep,256,2,152,0.01659223539871151
deep,256,2,153,0.016334797941026175
deep,256,2,154,0.016101303213689386
deep,256,2,155,0.01585918822120202
deep,256,2,156,0.015586006290649847
deep,256,2,157,0.015296346635478141
deep,256,2,158,0.014967724062418763
deep,256,2,159,0.014703347171217332
deep,256,2,160,0.014494060398399657
deep,256,2,161,0.014313208760983681
deep,256,2,162,0.014100755659916258
deep,256,2,163,0.013898303256643783
deep,256,2,164,0.013710410132777313
deep,256,2,165,0.01351629251863089
deep,256,2,166,0.013281625546373094
deep,256,2,167,0.013111654703778767
deep,256,2,168,0.013001725717812758
deep,256,2,169,0.012874235447332898
deep,256,2,170,0.012729915772587468
deep,256,2,171,0.01255526380422924
deep,256,2,172,0.012264041899751749
deep,256,2,173,0.01207231838270485
deep,256,2,174,0.011895078896998824
deep,256,2,175,0.011801971129038991
deep,256,2,176,0.011776162001044182
deep,256,2,177,0.011662903083194282
deep,256,2,178,0.011642401575050716
deep,256,2,179,0.011521591080959556
deep,256,2,180,0.011381061926457334
deep,256,2,181,0.011283590406620152
deep,256,2,182,0.011148276697956799
deep,256,2,183,0.011009172442459114
deep,256,2,184,0.010919204584048567
deep,256,2,185,0.010828226096030905
deep,256,2,186,0.010773649784618557
deep,256,2,187,0.010728282803447441
deep,256,2,188,0.010694199851913371
deep,256,2,189,0.010588118766420346
deep,256,2,190,0.010454093433439903
deep,256,2,191,0.010285406788387356
deep,256,2,192,0.010046348812141795
deep,256,2,193,0.009811433608297414
deep,256,2,194,0.009580611292334725
deep,256,2,195,0.009385628766654207
deep,256,2,196,0.009194081103820412
deep,256,2,197,0.009008204676562503
deep,256,2,198,0.008868354259535687
deep,256,2,199,0.008762231738105137
deep,256,2,200,0.008717487312039925
deep,256,2,201,0.008616128356562038
deep,256,2,202,0.008524719623454883
deep,256,2,203,0.008397773412928166
deep,256,2,204,0.008296296493990161
deep,256,2,205,0.008187713254110586
deep,256,2,206,0.008026635212009487
deep,256,2,207,0.007857032428595269
deep,256,2,208,0.007634744702812335
deep,256,2,209,0.007445851004032281
deep,256,2,210,0.007257797569359629
deep,256,2,211,0.007094540858822181
deep,256,2,212,0.006989977418738362
deep,256,2,213,0.006911334503172705
deep,256,2,214,0.006781821340394739
deep,256,2,215,0.00664959732372578
deep,256,2,216,0.006592606648904087
deep,256,2,217,0.006519752283714954
deep,256,2,218,0.006486689920878154
deep,256,2,219,0.0064582323285370695
deep,256,2,220,0.006461748807146631
deep,256,2,221,0.006459012637887914
deep,256,2,222,0.006429158480664179
deep,256,2,223,0.00639653338031316
deep,256,2,224,0.006409760491090409
deep,256,2,225,0.006416035836534152
deep,256,2,226,0.006467216512299875
deep,256,2,227,0.006429309772172438
deep,256,2,228,0.00644671437605076
deep,256,2,229,0.006478188332855342
deep,256,2,230,0.006555986127299689
deep,256,2,231,0.006615078018274441
deep,256,2,232,0.006693944722101736
deep,256,2,233,0.006756641720997989
deep,256,2,234,0.006750789509341193
deep,256,2,235,0.00673424448870832
deep,256,2,236,0.0067779838263500895
deep,256,2,237,0.00677022075593397
deep,256,2,238,0.0067463104631902745
deep,256,2,239,0.006734821739413277
deep,256,2,240,0.006729930766684978
deep,256,2,241,0.006749140288456266
deep,256,2,242,0.0067542163523403274
deep,256,2,243,0.006712455223289015
deep,256,2,244,0.006624670643948097
deep,256,2,245,0.006501290331904696
deep,256,2,246,0.0063375645733492695
deep,256,2,247,0.006218701839435397
deep,256,2,248,0.006055117665571473
deep,256,2,249,0.005894048863580726
deep,256,2,250,0.005683261798404962
deep,256,2,251,0.005455455180545593
deep,256,2,252,0.005219140332412481
deep,256,2,253,0.0049907637250127075
deep,256,2,254,0.004793980628865779
deep,256,2,255,0.004642604018999156
deep,256,2,256,0.004438661883529686
deep,256,2,257,0.0042181077629650085
deep,256,2,258,0.004026814118948476
deep,256,2,259,0.003804768594929943
deep,256,2,260,0.0035812780737007857
deep,256,2,261,0.0033648070910983667
deep,256,2,262,0.0031296819078148338
deep,256,2,263,0.002905021722877842
deep,256,2,264,0.002696007898134426
deep,256,2,265,0.002496937027561258
deep,256,2,266,0.0023405858942267504
deep,256,2,267,0.002141587071125882
deep,256,2,268,0.001968324094049747
deep,256,2,269,0.001815294188012696
deep,256,2,270,0.0016968360364867051
deep,256,2,271,0.001601620730465307
deep,256,2,272,0.0014875951772726965
deep,256,2,273,0.0013162176451862071
deep,256,2,274,0.001186957521160083
deep,256,2,275,0.001089629389626264
deep,256,2,276,0.0009703443756303523
deep,256,2,277,0.0008543209247262009
deep,256,2,278,0.0007237186439493283
deep,256,2,279,0.0006223824667028912
deep,256,2,280,0.0005443047394569701
deep,256,2,281,0.0005394732845759785
deep,256,2,282,0.000602574421389164
deep,256,2,283,0.0007080442224679268
deep,256,2,284,0.000746508433497186
deep,256,2,285,0.0007877490874907673
deep,256,2,286,0.00079696234429109
deep,256,2,287,0.0007505052336797557
deep,256,2,288,0.0006561366412163852
deep,256,2,289,0.0005266972768213647
deep,256,2,290,0.0004089682293680336
deep,256,2,291,0.00036982336767810565
deep,256,2,292,0.00039120935305086697
deep,256,2,293,0.0004363807823114787
deep,256,2,294,0.0004874392631075879
deep,256,2,295,0.0005383008919563625
deep,256,2,296,0.0005748035311487051
deep,256,2,297,0.0005907950969515406
deep,256,2,298,0.0006639148374382661
deep,256,2,299,0.0006871515984292176
deep,256,2,300,0.0007192925338276954
deep,256,2,301,0.0007526569909295073
deep,256,2,302,0.0007131528774122604
deep,256,2,303,0.0006311696362122801
deep,256,2,304,0.0005085723602362318
deep,256,2,305,0.0004330019434504709
deep,256,2,306,0.0003403173253855524
deep,256,2,307,0.0002860762405509634
deep,256,2,308,0.00021588689472572416
deep,256,2,309,0.0001394780165474912
deep,256,2,310,4.553487669414899e-05
deep,256,2,311,3.1872366065596736e-05
deep,256,2,312,-3.106172200611763e-05
deep,256,2,313,-0.00011878503990386704
deep,256,2,314,-0.0001904446362898156
deep,256,2,315,-0.00028233189794474724
deep,256,2,316,-0.0004130388173372093
deep,256,2,317,-0.0005277342477502792
deep,256,2,318,-0.0005955933227954184
deep,256,2,319,-0.0006469668762893708
deep,256,2,320,-0.0007234539765481006
deep,256,2,321,-0.000811967196564141
deep,256,2,322,-0.0009224690374715593
deep,256,2,323,-0.0010411848655526856
deep,256,2,324,-0.0011214791303291263
deep,256,2,325,-0.001104458824227863
deep,256,2,326,-0.0011504823249596902
deep,256,2,327,-0.001141526982270058
deep,256,2,328,-0.0011556443201893585
deep,256,2,329,-0.0011538071323280248
deep,256,2,330,-0.0011297433778143717
deep,256,2,331,-0.0011470887851447278
deep,256,2,332,-0.0011452974002786782
deep,256,2,333,-0.0011678006272206553
deep,256,2,334,-0.0011654182720923685
deep,256,2,335,-0.0012540979831924819
deep,256,2,336,-0.0013951888115177743
deep,256,2,337,-0.0015296147619594195
deep,256,2,338,-0.0017174650407865693
deep,256,2,339,-0.0018871705686627873
deep,256,2,340,-0.002047529319251645
deep,256,2,341,-0.002238648950665342
deep,256,2,342,-0.0023895589365322562
deep,256,2,343,-0.0025629020085534302
deep,256,2,344,-0.0026847931196414664
deep,256,2,345,-0.002836273628787251
deep,256,2,346,-0.002857824304254647
deep,256,2,347,-0.0028722676833772528
deep,256,2,348,-0.002805238345433415
deep,256,2,349,-0.0027035705817180155
deep,256,2,350,-0.0025718673245735514
deep,256,2,351,-0.0024788703176601076
deep,256,2,352,-0.002387281099421417
deep,256,2,353,-0.0022363722914110684
deep,256,2,354,-0.0020679526859839403
deep,256,2,355,-0.0018831211662768653
deep,256,2,356,-0.0017534636020955373
deep,256,2,357,-0.0016589048075512278
deep,256,2,358,-0.001592623902953959
deep,256,2,359,-0.0014843059177021955
deep,256,2,360,-0.001426523439296115
deep,256,2,361,-0.0014346747626055945
deep,256,2,362,-0.0014095414474979582
deep,256,2,363,-0.0013582913305859455
deep,256,2,364,-0.0012733704169125776
deep,256,2,365,-0.0011939136387348174
deep,256,2,366,-0.0011225523091306952
deep,256,2,367,-0.0010612122679469571
deep,256,2,368,-0.0010652369905993124
deep,256,2,369,-0.0011044415661228043
deep,256,2,370,-0.0011145011528985941
deep,256,2,371,-0.0011233929895388428
deep,256,2,372,-0.001156569298232428
deep,256,2,373,-0.0011566567169323915
deep,256,2,374,-0.0011503873578917077
deep,256,2,375,-0.001231673909159736
deep,256,2,376,-0.001212021086108964
deep,256,2,377,-0.0011658349550042967
deep,256,2,378,-0.001197960321444173
deep,256,2,379,-0.0011546581427153528
deep,256,2,380,-0.001116682122451428
deep,256,2,381,-0.001117674402195489
deep,256,2,382,-0.0010847584816437539
deep,256,2,383,-0.0010897600088996423
deep,256,2,384,-0.0011174227398995072
deep,256,2,385,-0.0010943627040544395
deep,256,2,386,-0.00105690847027632
deep,256,2,387,-0.0010086856777550817
deep,256,2,388,-0.0009988630696371131
deep,256,2,389,-0.0009605362184069448
deep,256,2,390,-0.0009554010703531117
deep,256,2,391,-0.0009573391949207484
deep,256,2,392,-0.0009383438513279576
deep,256,2,393,-0.000897766690651455
deep,256,2,394,-0.0008508925434982458
deep,256,2,395,-0.000813656095934891
deep,256,2,396,-0.0008063639747269134
deep,256,2,397,-0.0007268585764229844
deep,256,2,398,-0.0006053016513784752
deep,256,2,399,-0.0005273158775555399
deep,256,2,400,-0.0004406140012206672
