width,replicate,h,lag,algorithmic_lag,acf
32,0,0.01,0,0.0,1.0
32,0,0.01,1,0.01,0.9667813978147526
32,0,0.01,2,0.02,0.9356949674725327
32,0,0.01,3,0.03,0.9064664397093487
32,0,0.01,4,0.04,0.8787625046596999
32,0,0.01,5,0.05,0.8529020466654597
32,0,0.01,6,0.06,0.8284296978087321
32,0,0.01,7,0.07,0.8050169872955317
32,0,0.01,8,0.08,0.782566827716036
32,0,0.01,9,0.09,0.7610557762496363
32,0,0.01,10,0.1,0.7406612992649613
32,0,0.01,11,0.11,0.7211799765066211
32,0,0.01,12,0.12,0.7024581000189017
32,0,0.01,13,0.13,0.6845104390852151
32,0,0.01,14,0.14,0.6672869294399151
32,0,0.01,15,0.15,0.6506852500552096
32,0,0.01,16,0.16,0.634734996028328
32,0,0.01,17,0.17,0.6193299120359512
32,0,0.01,18,0.18,0.6046253816487552
32,0,0.01,19,0.19,0.5906300843478769
32,0,0.01,20,0.2,0.5773416085229848
32,0,0.01,21,0.21,0.564962058234648
32,0,0.01,22,0.22,0.5532302067962706
32,0,0.01,23,0.23,0.5416910491243414
32,0,0.01,24,0.24,0.530432487241354
32,0,0.01,25,0.25,0.5199772397216137
32,0,0.01,26,0.26,0.5100055148350714
32,0,0.01,27,0.27,0.5004473500502433
32,0,0.01,28,0.28,0.49112851064034074
32,0,0.01,29,0.29,0.482279025119182
32,0,0.01,30,0.3,0.47370521110938846
32,0,0.01,31,0.31,0.4652802949506578
32,0,0.01,32,0.32,0.45731653596504573
32,0,0.01,33,0.33,0.44965706790037546
32,0,0.01,34,0.34,0.4421404442789018
32,0,0.01,35,0.35000000000000003,0.43470868977506705
32,0,0.01,36,0.36,0.4275219735109011
32,0,0.01,37,0.37,0.42067881671119217
32,0,0.01,38,0.38,0.41405184335269507
32,0,0.01,39,0.39,0.4075691022891447
32,0,0.01,40,0.4,0.4012812386323251
32,0,0.01,41,0.41000000000000003,0.3949525373638602
32,0,0.01,42,0.42,0.3887647437979085
32,0,0.01,43,0.43,0.3825817596035396
32,0,0.01,44,0.44,0.3765155023677965
32,0,0.01,45,0.45,0.37059887028455696
32,0,0.01,46,0.46,0.3647101358467004
32,0,0.01,47,0.47000000000000003,0.3590482951890503
32,0,0.01,48,0.48,0.35359746733108555
32,0,0.01,49,0.49,0.34826399964318583
32,0,0.01,50,0.5,0.342890207413448
32,0,0.01,51,0.51,0.33774199822335405
32,0,0.01,52,0.52,0.33272263931048696
32,0,0.01,53,0.53,0.32779570571606703
32,0,0.01,54,0.54,0.3229872281630867
32,0,0.01,55,0.55,0.31828212009770757
32,0,0.01,56,0.56,0.3139201141826537
32,0,0.01,57,0.5700000000000001,0.30960899255563656
32,0,0.01,58,0.58,0.3052486856554402
32,0,0.01,59,0.59,0.301067249077442
32,0,0.01,60,0.6,0.29681879530116617
32,0,0.01,61,0.61,0.2925106252795411
32,0,0.01,62,0.62,0.28803221510202476
32,0,0.01,63,0.63,0.2836787890157555
32,0,0.01,64,0.64,0.27927506275484926
32,0,0.01,65,0.65,0.2748460425333522
32,0,0.01,66,0.66,0.2705548259667989
32,0,0.01,67,0.67,0.2662770899523212
32,0,0.01,68,0.68,0.26185368456666475
32,0,0.01,69,0.6900000000000001,0.2577275901493125
32,0,0.01,70,0.7000000000000001,0.25387514986102633
32,0,0.01,71,0.71,0.25005385258744234
32,0,0.01,72,0.72,0.24610924453064134
32,0,0.01,73,0.73,0.24247967087211594
32,0,0.01,74,0.74,0.2386046693677429
32,0,0.01,75,0.75,0.23490628755174908
32,0,0.01,76,0.76,0.23113833290667346
32,0,0.01,77,0.77,0.22749594972022552
32,0,0.01,78,0.78,0.22393137050771914
32,0,0.01,79,0.79,0.22043426765761343
32,0,0.01,80,0.8,0.21670862382319311
32,0,0.01,81,0.81,0.21312256018526288
32,0,0.01,82,0.8200000000000001,0.20979130977993976
32,0,0.01,83,0.8300000000000001,0.2064067868987819
32,0,0.01,84,0.84,0.20303506978584973
32,0,0.01,85,0.85,0.19976160830112866
32,0,0.01,86,0.86,0.19671058532098118
32,0,0.01,87,0.87,0.19377737573097864
32,0,0.01,88,0.88,0.19078521315802205
32,0,0.01,89,0.89,0.18783372260646286
32,0,0.01,90,0.9,0.18487305320406466
32,0,0.01,91,0.91,0.18208085274254038
32,0,0.01,92,0.92,0.17953925257113446
32,0,0.01,93,0.93,0.17697717475051405
32,0,0.01,94,0.9400000000000001,0.174506985397135
32,0,0.01,95,0.9500000000000001,0.1720661119409033
32,0,0.01,96,0.96,0.16987448226083712
32,0,0.01,97,0.97,0.16766889378912486
32,0,0.01,98,0.98,0.16536184645166285
32,0,0.01,99,0.99,0.1630532043494567
32,0,0.01,100,1.0,0.16060081850307661
32,0,0.01,101,1.01,0.15819790485130883
32,0,0.01,102,1.02,0.1557016038825181
32,0,0.01,103,1.03,0.15320915913869776
32,0,0.01,104,1.04,0.1510767129196595
32,0,0.01,105,1.05,0.14905347434275662
32,0,0.01,106,1.06,0.14726278353760533
32,0,0.01,107,1.07,0.14552252326514162
32,0,0.01,108,1.08,0.14395174635467806
32,0,0.01,109,1.09,0.1425519604897858
32,0,0.01,110,1.1,0.14135966457076896
32,0,0.01,111,1.11,0.14031282639590326
32,0,0.01,112,1.12,0.1393486296132542
32,0,0.01,113,1.1300000000000001,0.1384185154636742
32,0,0.01,114,1.1400000000000001,0.1373658914443975
32,0,0.01,115,1.1500000000000001,0.13633769420229108
32,0,0.01,116,1.16,0.1352382840999251
32,0,0.01,117,1.17,0.13399846198097876
32,0,0.01,118,1.18,0.13260636063104458
32,0,0.01,119,1.19,0.1311542292394372
32,0,0.01,120,1.2,0.12973801118333753
32,0,0.01,121,1.21,0.1281553450510505
32,0,0.01,122,1.22,0.12675615624615258
32,0,0.01,123,1.23,0.1254604807265622
32,0,0.01,124,1.24,0.1241255355159373
32,0,0.01,125,1.25,0.12274672320142734
32,0,0.01,126,1.26,0.12130263037834865
32,0,0.01,127,1.27,0.11992068448952915
32,0,0.01,128,1.28,0.11860347631736737
32,0,0.01,129,1.29,0.11750340367812179
32,0,0.01,130,1.3,0.11632661603976749
32,0,0.01,131,1.31,0.11522069500631785
32,0,0.01,132,1.32,0.1141355775128072
32,0,0.01,133,1.33,0.11293885759292663
32,0,0.01,134,1.34,0.11196200725091646
32,0,0.01,135,1.35,0.1111463744830741
32,0,0.01,136,1.36,0.11034554360530889
32,0,0.01,137,1.37,0.10957508102417698
32,0,0.01,138,1.3800000000000001,0.10882597208713429
32,0,0.01,139,1.3900000000000001,0.10820642704768554
32,0,0.01,140,1.4000000000000001,0.10741686245705256
32,0,0.01,141,1.41,0.10658833324445119
32,0,0.01,142,1.42,0.1054176965087956
32,0,0.01,143,1.43,0.10446924660655026
32,0,0.01,144,1.44,0.10365460301225347
32,0,0.01,145,1.45,0.10290683258489827
32,0,0.01,146,1.46,0.10206463414361852
32,0,0.01,147,1.47,0.10122798298864702
32,0,0.01,148,1.48,0.10039527266151764
32,0,0.01,149,1.49,0.0992850063035125
32,0,0.01,150,1.5,0.09810942682650722
32,0,0.01,151,1.51,0.09698634583593817
32,0,0.01,152,1.52,0.09565702827246841
32,0,0.01,153,1.53,0.09444360294409852
32,0,0.01,154,1.54,0.0930810702171027
32,0,0.01,155,1.55,0.09176450939187435
32,0,0.01,156,1.56,0.09079259798689901
32,0,0.01,157,1.57,0.08962900893514245
32,0,0.01,158,1.58,0.08885952641774213
32,0,0.01,159,1.59,0.08802864289095132
32,0,0.01,160,1.6,0.08708003684652826
32,0,0.01,161,1.61,0.08606708091244511
32,0,0.01,162,1.62,0.0852259122808822
32,0,0.01,163,1.6300000000000001,0.08439938352748634
32,0,0.01,164,1.6400000000000001,0.08336704663821813
32,0,0.01,165,1.6500000000000001,0.08244278467932332
32,0,0.01,166,1.6600000000000001,0.08125765586866315
32,0,0.01,167,1.67,0.08001883743902148
32,0,0.01,168,1.68,0.07871467512373341
32,0,0.01,169,1.69,0.07743498573694264
32,0,0.01,170,1.7,0.07627608144562538
32,0,0.01,171,1.71,0.07511236627392931
32,0,0.01,172,1.72,0.07403138128621012
32,0,0.01,173,1.73,0.0730574074230742
32,0,0.01,174,1.74,0.07212087348248662
32,0,0.01,175,1.75,0.07120268963944938
32,0,0.01,176,1.76,0.070418778531935
32,0,0.01,177,1.77,0.06986015038554931
32,0,0.01,178,1.78,0.06951869497571832
32,0,0.01,179,1.79,0.06891194057314065
32,0,0.01,180,1.8,0.06838749288187723
32,0,0.01,181,1.81,0.06791298539629151
32,0,0.01,182,1.82,0.06737639654476861
32,0,0.01,183,1.83,0.06700845120544621
32,0,0.01,184,1.84,0.06658262461251135
32,0,0.01,185,1.85,0.06611014282572855
32,0,0.01,186,1.86,0.06550464154623489
32,0,0.01,187,1.87,0.06481327131489134
32,0,0.01,188,1.8800000000000001,0.06429639705575967
32,0,0.01,189,1.8900000000000001,0.06363279771009273
32,0,0.01,190,1.9000000000000001,0.06270267763028053
32,0,0.01,191,1.9100000000000001,0.06186107770460919
32,0,0.01,192,1.92,0.06098653751309999
32,0,0.01,193,1.93,0.06022441234478742
32,0,0.01,194,1.94,0.05959753292767732
32,0,0.01,195,1.95,0.05881468295449395
32,0,0.01,196,1.96,0.058326301666281825
32,0,0.01,197,1.97,0.05774774715750075
32,0,0.01,198,1.98,0.05703134037441889
32,0,0.01,199,1.99,0.05633782917374346
32,0,0.01,200,2.0,0.055713329012892
32,0,0.005,0,0.0,1.0
32,0,0.005,1,0.005,0.9830604382707816
32,0,0.005,2,0.01,0.9666278843144176
32,0,0.005,3,0.015,0.9507542189869724
32,0,0.005,4,0.02,0.9354007859953362
32,0,0.005,5,0.025,0.9205289198500102
32,0,0.005,6,0.03,0.9061623870668742
32,0,0.005,7,0.035,0.8922208793834863
32,0,0.005,8,0.04,0.8787267757521449
32,0,0.005,9,0.045,0.865630764679822
32,0,0.005,10,0.05,0.8528878601635677
32,0,0.005,11,0.055,0.8405459342775226
32,0,0.005,12,0.06,0.8285713566884103
32,0,0.005,13,0.065,0.8168999990732251
32,0,0.005,14,0.07,0.8054935376290309
32,0,0.005,15,0.075,0.7943917121597203
32,0,0.005,16,0.08,0.7835613414492684
32,0,0.005,17,0.085,0.7730152967007626
32,0,0.005,18,0.09,0.7626560032812584
32,0,0.005,19,0.095,0.7526262708345721
32,0,0.005,20,0.1,0.7428022094618066
32,0,0.005,21,0.105,0.7332320070647694
32,0,0.005,22,0.11,0.7239294534884846
32,0,0.005,23,0.115,0.7148709113275478
32,0,0.005,24,0.12,0.7060827842091413
32,0,0.005,25,0.125,0.697516026295536
32,0,0.005,26,0.13,0.689130427155918
32,0,0.005,27,0.135,0.6808843618065692
32,0,0.005,28,0.14,0.6728075795645031
32,0,0.005,29,0.145,0.664876361045259
32,0,0.005,30,0.15,0.6571438659427352
32,0,0.005,31,0.155,0.6496786542263132
32,0,0.005,32,0.16,0.6424412023379479
32,0,0.005,33,0.165,0.6353416788815244
32,0,0.005,34,0.17,0.628374764087415
32,0,0.005,35,0.17500000000000002,0.6215435158741685
32,0,0.005,36,0.18,0.6148469320818889
32,0,0.005,37,0.185,0.6083554653375778
32,0,0.005,38,0.19,0.6019646262254547
32,0,0.005,39,0.195,0.595711719137407
32,0,0.005,40,0.2,0.5895537104278384
32,0,0.005,41,0.20500000000000002,0.5835695547688007
32,0,0.005,42,0.21,0.5776883795097749
32,0,0.005,43,0.215,0.5718603824504217
32,0,0.005,44,0.22,0.5661530176758769
32,0,0.005,45,0.225,0.5605627499047228
32,0,0.005,46,0.23,0.5551586064884609
32,0,0.005,47,0.23500000000000001,0.549835666950659
32,0,0.005,48,0.24,0.5445440302629518
32,0,0.005,49,0.245,0.539304205377819
32,0,0.005,50,0.25,0.5341944076146352
32,0,0.005,51,0.255,0.5291574013854252
32,0,0.005,52,0.26,0.5242263759949498
32,0,0.005,53,0.265,0.5193671363449982
32,0,0.005,54,0.27,0.5145904386798371
32,0,0.005,55,0.275,0.509800058387053
32,0,0.005,56,0.28,0.5051167902690616
32,0,0.005,57,0.28500000000000003,0.5004701197338818
32,0,0.005,58,0.29,0.49597758805398495
32,0,0.005,59,0.295,0.4916054764743636
32,0,0.005,60,0.3,0.4873098230714021
32,0,0.005,61,0.305,0.4830973240734724
32,0,0.005,62,0.31,0.47892256802695143
32,0,0.005,63,0.315,0.4748085236603446
32,0,0.005,64,0.32,0.47073117969365513
32,0,0.005,65,0.325,0.46675880788053475
32,0,0.005,66,0.33,0.4627268448927488
32,0,0.005,67,0.335,0.45874070527646604
32,0,0.005,68,0.34,0.45484962526881034
32,0,0.005,69,0.34500000000000003,0.45094624854650434
32,0,0.005,70,0.35000000000000003,0.44708561130965907
32,0,0.005,71,0.355,0.4432603532601835
32,0,0.005,72,0.36,0.4394516332120817
32,0,0.005,73,0.365,0.43570684007299443
32,0,0.005,74,0.37,0.43213175972704027
32,0,0.005,75,0.375,0.42858653517376777
32,0,0.005,76,0.38,0.42500125954280343
32,0,0.005,77,0.385,0.4214268212147317
32,0,0.005,78,0.39,0.4177984535546746
32,0,0.005,79,0.395,0.41428828466361456
32,0,0.005,80,0.4,0.41086226145694593
32,0,0.005,81,0.405,0.4074912959773014
32,0,0.005,82,0.41000000000000003,0.4041248781313222
32,0,0.005,83,0.41500000000000004,0.40079589634067125
32,0,0.005,84,0.42,0.3974447116576546
32,0,0.005,85,0.425,0.39406727150607723
32,0,0.005,86,0.43,0.39077414014429174
32,0,0.005,87,0.435,0.3875586295873407
32,0,0.005,88,0.44,0.3844399034985299
32,0,0.005,89,0.445,0.38134224557261204
32,0,0.005,90,0.45,0.3782941584059923
32,0,0.005,91,0.455,0.37525330627835046
32,0,0.005,92,0.46,0.37225297496118287
32,0,0.005,93,0.465,0.36934985320794317
32,0,0.005,94,0.47000000000000003,0.3664760988997102
32,0,0.005,95,0.47500000000000003,0.3635996654999677
32,0,0.005,96,0.48,0.3607305788799305
32,0,0.005,97,0.485,0.3578656627721734
32,0,0.005,98,0.49,0.3549989362247441
32,0,0.005,99,0.495,0.35212879981608847
32,0,0.005,100,0.5,0.3492448781687381
32,0,0.005,101,0.505,0.34642305450413635
32,0,0.005,102,0.51,0.3436426885772657
32,0,0.005,103,0.515,0.3409904001484446
32,0,0.005,104,0.52,0.3384899549001218
32,0,0.005,105,0.525,0.33603100569259325
32,0,0.005,106,0.53,0.3336315095372864
32,0,0.005,107,0.535,0.3313244236218327
32,0,0.005,108,0.54,0.32906429687471794
32,0,0.005,109,0.545,0.32680100542764856
32,0,0.005,110,0.55,0.3245739147070074
32,0,0.005,111,0.555,0.32239934760826156
32,0,0.005,112,0.56,0.3202397823811882
32,0,0.005,113,0.5650000000000001,0.31806466852624715
32,0,0.005,114,0.5700000000000001,0.31592487826383664
32,0,0.005,115,0.5750000000000001,0.31383853242207355
32,0,0.005,116,0.58,0.3118119121598628
32,0,0.005,117,0.585,0.3098524323083918
32,0,0.005,118,0.59,0.3079429265593143
32,0,0.005,119,0.595,0.3060848321458395
32,0,0.005,120,0.6,0.30425013589997846
32,0,0.005,121,0.605,0.30239885642953723
32,0,0.005,122,0.61,0.30055747333543675
32,0,0.005,123,0.615,0.2986798564532568
32,0,0.005,124,0.62,0.2967901276546776
32,0,0.005,125,0.625,0.29486429531545144
32,0,0.005,126,0.63,0.2929415960179711
32,0,0.005,127,0.635,0.29108202165638
32,0,0.005,128,0.64,0.28931929026126985
32,0,0.005,129,0.645,0.28754213591194683
32,0,0.005,130,0.65,0.2856810913683088
32,0,0.005,131,0.655,0.2838529392626607
32,0,0.005,132,0.66,0.28197510514518387
32,0,0.005,133,0.665,0.2800139076941953
32,0,0.005,134,0.67,0.27807075248720076
32,0,0.005,135,0.675,0.27616863756168764
32,0,0.005,136,0.68,0.2743636064425413
32,0,0.005,137,0.685,0.27267763983480353
32,0,0.005,138,0.6900000000000001,0.2709796051026528
32,0,0.005,139,0.6950000000000001,0.26931314998569716
32,0,0.005,140,0.7000000000000001,0.26768035644316335
32,0,0.005,141,0.705,0.2660629743289742
32,0,0.005,142,0.71,0.26445582677933094
32,0,0.005,143,0.715,0.26276469070963415
32,0,0.005,144,0.72,0.2610770534737456
32,0,0.005,145,0.725,0.2592996782258222
32,0,0.005,146,0.73,0.2575066149349108
32,0,0.005,147,0.735,0.2557737910256454
32,0,0.005,148,0.74,0.2541012842218946
32,0,0.005,149,0.745,0.25237617221252595
32,0,0.005,150,0.75,0.25070573028827736
32,0,0.005,151,0.755,0.24914805890473007
32,0,0.005,152,0.76,0.24766648488691576
32,0,0.005,153,0.765,0.24612912515222773
32,0,0.005,154,0.77,0.24463810918180143
32,0,0.005,155,0.775,0.24329566531130398
32,0,0.005,156,0.78,0.2419102807964669
32,0,0.005,157,0.785,0.24055951127242797
32,0,0.005,158,0.79,0.23910032000464293
32,0,0.005,159,0.795,0.23762315346361404
32,0,0.005,160,0.8,0.23617557846852877
32,0,0.005,161,0.805,0.23475797939752807
32,0,0.005,162,0.81,0.23330749237963863
32,0,0.005,163,0.8150000000000001,0.23181687995670358
32,0,0.005,164,0.8200000000000001,0.23040688053217612
32,0,0.005,165,0.8250000000000001,0.22893540464318887
32,0,0.005,166,0.8300000000000001,0.22757017166239718
32,0,0.005,167,0.835,0.22618227274562047
32,0,0.005,168,0.84,0.224834519993672
32,0,0.005,169,0.845,0.22345152129963736
32,0,0.005,170,0.85,0.22205867386997155
32,0,0.005,171,0.855,0.2206833504141149
32,0,0.005,172,0.86,0.21935895444379638
32,0,0.005,173,0.865,0.2180499133963586
32,0,0.005,174,0.87,0.2168175563336243
32,0,0.005,175,0.875,0.21548400741621798
32,0,0.005,176,0.88,0.21402771606871104
32,0,0.005,177,0.885,0.2125571331432297
32,0,0.005,178,0.89,0.21108417591423684
32,0,0.005,179,0.895,0.20962297630875865
32,0,0.005,180,0.9,0.20809644369879812
32,0,0.005,181,0.905,0.20649772970072972
32,0,0.005,182,0.91,0.20499150778321895
32,0,0.005,183,0.915,0.20352156935100593
32,0,0.005,184,0.92,0.20212407902382137
32,0,0.005,185,0.925,0.20068207497137727
32,0,0.005,186,0.93,0.1992199157410609
32,0,0.005,187,0.935,0.19782771338367725
32,0,0.005,188,0.9400000000000001,0.19641049877359135
32,0,0.005,189,0.9450000000000001,0.19504104294484198
32,0,0.005,190,0.9500000000000001,0.19367112309552098
32,0,0.005,191,0.9550000000000001,0.19238335006328697
32,0,0.005,192,0.96,0.19109194654245615
32,0,0.005,193,0.965,0.18972970065293382
32,0,0.005,194,0.97,0.1883947889392936
32,0,0.005,195,0.975,0.18709561727389815
32,0,0.005,196,0.98,0.18581004299086099
32,0,0.005,197,0.985,0.1845658114128499
32,0,0.005,198,0.99,0.1833889816080072
32,0,0.005,199,0.995,0.18226985019190295
32,0,0.005,200,1.0,0.18114586365612506
32,0,0.005,201,1.0050000000000001,0.17999351121922996
32,0,0.005,202,1.01,0.17895660379287448
32,0,0.005,203,1.0150000000000001,0.17780041517902598
32,0,0.005,204,1.02,0.17665680788019372
32,0,0.005,205,1.025,0.17558819387550964
32,0,0.005,206,1.03,0.17458010737930502
32,0,0.005,207,1.035,0.1735541628096356
32,0,0.005,208,1.04,0.17251242823290738
32,0,0.005,209,1.045,0.17144204421807963
32,0,0.005,210,1.05,0.17033642325906687
32,0,0.005,211,1.055,0.16925311661140874
32,0,0.005,212,1.06,0.16818065672075916
32,0,0.005,213,1.065,0.16707588204178206
32,0,0.005,214,1.07,0.1660343482124611
32,0,0.005,215,1.075,0.16500941930374335
32,0,0.005,216,1.08,0.1640016119695602
32,0,0.005,217,1.085,0.1630111455425527
32,0,0.005,218,1.09,0.16202924134585628
32,0,0.005,219,1.095,0.16107600329514365
32,0,0.005,220,1.1,0.16009923354313435
32,0,0.005,221,1.105,0.159132544388699
32,0,0.005,222,1.11,0.1581296395432101
32,0,0.005,223,1.115,0.15716768390359742
32,0,0.005,224,1.12,0.1561567616315407
32,0,0.005,225,1.125,0.15521263294400778
32,0,0.005,226,1.1300000000000001,0.15431102361714774
32,0,0.005,227,1.135,0.15342068873689624
32,0,0.005,228,1.1400000000000001,0.15255452343265802
32,0,0.005,229,1.145,0.1517624796016151
32,0,0.005,230,1.1500000000000001,0.15097560817635292
32,0,0.005,231,1.155,0.15013785408089228
32,0,0.005,232,1.16,0.14931910797391576
32,0,0.005,233,1.165,0.14848348376869486
32,0,0.005,234,1.17,0.14764171658727604
32,0,0.005,235,1.175,0.14688612796673886
32,0,0.005,236,1.18,0.14609548468250969
32,0,0.005,237,1.185,0.14538842821011738
32,0,0.005,238,1.19,0.14475149621835537
32,0,0.005,239,1.195,0.14409243945611402
32,0,0.005,240,1.2,0.1433719939323623
32,0,0.005,241,1.205,0.14262177601963918
32,0,0.005,242,1.21,0.14186804305051734
32,0,0.005,243,1.215,0.14105862337801123
32,0,0.005,244,1.22,0.14033895115253558
32,0,0.005,245,1.225,0.13952615952426375
32,0,0.005,246,1.23,0.13872554402049886
32,0,0.005,247,1.235,0.13795225012555223
32,0,0.005,248,1.24,0.13732338977922687
32,0,0.005,249,1.245,0.13667856644641524
32,0,0.005,250,1.25,0.13605605361611622
32,0,0.005,251,1.2550000000000001,0.13542039252511745
32,0,0.005,252,1.26,0.13468369681239867
32,0,0.005,253,1.2650000000000001,0.1339128898358107
32,0,0.005,254,1.27,0.1331663699823638
32,0,0.005,255,1.2750000000000001,0.13244635453910356
32,0,0.005,256,1.28,0.13165194717348538
32,0,0.005,257,1.285,0.13087025752563236
32,0,0.005,258,1.29,0.1301396402675746
32,0,0.005,259,1.295,0.1294289279568386
32,0,0.005,260,1.3,0.1287627408359424
32,0,0.005,261,1.305,0.1281024671777964
32,0,0.005,262,1.31,0.12736049524152332
32,0,0.005,263,1.315,0.12662687323942656
32,0,0.005,264,1.32,0.12590337132092663
32,0,0.005,265,1.325,0.1250636569514066
32,0,0.005,266,1.33,0.12420544030134795
32,0,0.005,267,1.335,0.12335714971279282
32,0,0.005,268,1.34,0.12245562974798573
32,0,0.005,269,1.345,0.12155448520664361
32,0,0.005,270,1.35,0.12070487233725609
32,0,0.005,271,1.355,0.11981964891564886
32,0,0.005,272,1.36,0.11894834305506147
32,0,0.005,273,1.365,0.11809529000497859
32,0,0.005,274,1.37,0.11725742710058354
32,0,0.005,275,1.375,0.11645560535813038
32,0,0.005,276,1.3800000000000001,0.1155384561029427
32,0,0.005,277,1.385,0.11457379250527475
32,0,0.005,278,1.3900000000000001,0.11354366795672777
32,0,0.005,279,1.395,0.11259199560738117
32,0,0.005,280,1.4000000000000001,0.1117331605839606
32,0,0.005,281,1.405,0.11091269982034871
32,0,0.005,282,1.41,0.11012785256273866
32,0,0.005,283,1.415,0.10930058840680276
32,0,0.005,284,1.42,0.10851453365187888
32,0,0.005,285,1.425,0.10776270196727028
32,0,0.005,286,1.43,0.10700355996501068
32,0,0.005,287,1.435,0.10624941792247819
32,0,0.005,288,1.44,0.10555877366149034
32,0,0.005,289,1.445,0.10496148363395225
32,0,0.005,290,1.45,0.10441020114186994
32,0,0.005,291,1.455,0.1037898063104912
32,0,0.005,292,1.46,0.10315725240714493
32,0,0.005,293,1.465,0.10252217079898371
32,0,0.005,294,1.47,0.10186440905786365
32,0,0.005,295,1.475,0.10116776720772755
32,0,0.005,296,1.48,0.10042643692239805
32,0,0.005,297,1.485,0.09968211991198804
32,0,0.005,298,1.49,0.09891349573618835
32,0,0.005,299,1.495,0.09817226955890467
32,0,0.005,300,1.5,0.09745829840514526
32,0,0.005,301,1.5050000000000001,0.09673235740264084
32,0,0.005,302,1.51,0.0961241786189534
32,0,0.005,303,1.5150000000000001,0.09550479375530815
32,0,0.005,304,1.52,0.09490972472652855
32,0,0.005,305,1.5250000000000001,0.0943072365507992
32,0,0.005,306,1.53,0.09380552985567298
32,0,0.005,307,1.5350000000000001,0.09329812503151698
32,0,0.005,308,1.54,0.09285051903283496
32,0,0.005,309,1.545,0.09236543766639989
32,0,0.005,310,1.55,0.0918580049641437
32,0,0.005,311,1.555,0.09131105878225337
32,0,0.005,312,1.56,0.09090202208624643
32,0,0.005,313,1.565,0.09043771852007204
32,0,0.005,314,1.57,0.08987879407213437
32,0,0.005,315,1.575,0.08940059284523022
32,0,0.005,316,1.58,0.08888062075884788
32,0,0.005,317,1.585,0.08839890336026855
32,0,0.005,318,1.59,0.08792736955861524
32,0,0.005,319,1.595,0.08743868275890268
32,0,0.005,320,1.6,0.0870333835529766
32,0,0.005,321,1.605,0.08664066615356561
32,0,0.005,322,1.61,0.08623857414117188
32,0,0.005,323,1.615,0.0857491095963678
32,0,0.005,324,1.62,0.08537063676678483
32,0,0.005,325,1.625,0.08499417780763699
32,0,0.005,326,1.6300000000000001,0.08467559990399788
32,0,0.005,327,1.635,0.08440613090568415
32,0,0.005,328,1.6400000000000001,0.08414429701419407
32,0,0.005,329,1.645,0.08391956123278935
32,0,0.005,330,1.6500000000000001,0.08369339180409094
32,0,0.005,331,1.655,0.08354783379396086
32,0,0.005,332,1.6600000000000001,0.08336311717209237
32,0,0.005,333,1.665,0.08318535265924912
32,0,0.005,334,1.67,0.08304450603936588
32,0,0.005,335,1.675,0.08276097972633858
32,0,0.005,336,1.68,0.08249483983974885
32,0,0.005,337,1.685,0.082126546496583
32,0,0.005,338,1.69,0.08176923880015496
32,0,0.005,339,1.695,0.08143516596013683
32,0,0.005,340,1.7,0.08115801051330422
32,0,0.005,341,1.705,0.08089860581328102
32,0,0.005,342,1.71,0.0806606115059976
32,0,0.005,343,1.715,0.08036815757275789
32,0,0.005,344,1.72,0.08004727444438181
32,0,0.005,345,1.725,0.07975315604030375
32,0,0.005,346,1.73,0.07948044717074645
32,0,0.005,347,1.735,0.07925212623591667
32,0,0.005,348,1.74,0.079093205754487
32,0,0.005,349,1.745,0.07895977754354651
32,0,0.005,350,1.75,0.07876055439583707
32,0,0.005,351,1.7550000000000001,0.07863344829002598
32,0,0.005,352,1.76,0.07839227074971317
32,0,0.005,353,1.7650000000000001,0.07815698631384398
32,0,0.005,354,1.77,0.07788991338348579
32,0,0.005,355,1.7750000000000001,0.07757278581529464
32,0,0.005,356,1.78,0.07721565720196041
32,0,0.005,357,1.7850000000000001,0.07683029316718852
32,0,0.005,358,1.79,0.0764744112906793
32,0,0.005,359,1.795,0.0760522320573287
32,0,0.005,360,1.8,0.07574061761112154
32,0,0.005,361,1.805,0.07545353581498168
32,0,0.005,362,1.81,0.07515296450157223
32,0,0.005,363,1.815,0.07478829362331753
32,0,0.005,364,1.82,0.07439704646427528
32,0,0.005,365,1.825,0.07407550521968015
32,0,0.005,366,1.83,0.07376195398532896
32,0,0.005,367,1.835,0.07353514951620609
32,0,0.005,368,1.84,0.07334111114197979
32,0,0.005,369,1.845,0.07321685026828534
32,0,0.005,370,1.85,0.07308038243905024
32,0,0.005,371,1.855,0.07300668082165639
32,0,0.005,372,1.86,0.07294183528895111
32,0,0.005,373,1.865,0.07291936267375757
32,0,0.005,374,1.87,0.07280611044539662
32,0,0.005,375,1.875,0.07266634791863705
32,0,0.005,376,1.8800000000000001,0.07260606149166955
32,0,0.005,377,1.885,0.07255932137778986
32,0,0.005,378,1.8900000000000001,0.0725088524840242
32,0,0.005,379,1.895,0.07250868191565622
32,0,0.005,380,1.9000000000000001,0.072534400573386
32,0,0.005,381,1.905,0.07249545887312035
32,0,0.005,382,1.9100000000000001,0.07248088937938632
32,0,0.005,383,1.915,0.07245821284095402
32,0,0.005,384,1.92,0.07243346522063608
32,0,0.005,385,1.925,0.07247224625535843
32,0,0.005,386,1.93,0.0725270584005398
32,0,0.005,387,1.935,0.07251602458932507
32,0,0.005,388,1.94,0.0725066194330084
32,0,0.005,389,1.945,0.07247168724223588
32,0,0.005,390,1.95,0.07240254755997702
32,0,0.005,391,1.955,0.07230641152796158
32,0,0.005,392,1.96,0.07225152154466094
32,0,0.005,393,1.965,0.07216760249115964
32,0,0.005,394,1.97,0.07202941819442468
32,0,0.005,395,1.975,0.0719017061710374
32,0,0.005,396,1.98,0.07181792086072655
32,0,0.005,397,1.985,0.0716767016097476
32,0,0.005,398,1.99,0.0714979014914729
32,0,0.005,399,1.995,0.07133624461950597
32,0,0.005,400,2.0,0.07122337708470927
32,1,0.01,0,0.0,1.0
32,1,0.01,1,0.01,0.9714429881537894
32,1,0.01,2,0.02,0.9445512030064042
32,1,0.01,3,0.03,0.9191669338450038
32,1,0.01,4,0.04,0.8951266604377301
32,1,0.01,5,0.05,0.8721868512684983
32,1,0.01,6,0.06,0.8504092046703673
32,1,0.01,7,0.07,0.829466542346435
32,1,0.01,8,0.08,0.8094482330396476
32,1,0.01,9,0.09,0.7903225645846426
32,1,0.01,10,0.1,0.7720988670901985
32,1,0.01,11,0.11,0.7546848390240504
32,1,0.01,12,0.12,0.738012759138388
32,1,0.01,13,0.13,0.7222518767617359
32,1,0.01,14,0.14,0.7073675392928489
32,1,0.01,15,0.15,0.693121013740289
32,1,0.01,16,0.16,0.6792546333606191
32,1,0.01,17,0.17,0.665838066344451
32,1,0.01,18,0.18,0.6528627190361689
32,1,0.01,19,0.19,0.6402054291145562
32,1,0.01,20,0.2,0.6280073837732494
32,1,0.01,21,0.21,0.6162616264022033
32,1,0.01,22,0.22,0.6049559188810749
32,1,0.01,23,0.23,0.5939879455101496
32,1,0.01,24,0.24,0.5835219324287952
32,1,0.01,25,0.25,0.5734063617608963
32,1,0.01,26,0.26,0.5635543703691234
32,1,0.01,27,0.27,0.5541089824782355
32,1,0.01,28,0.28,0.5449624602594993
32,1,0.01,29,0.29,0.5360186310064534
32,1,0.01,30,0.3,0.5274864031680557
32,1,0.01,31,0.31,0.5192685806125789
32,1,0.01,32,0.32,0.5113472828451114
32,1,0.01,33,0.33,0.5035774026760326
32,1,0.01,34,0.34,0.4961286624651196
32,1,0.01,35,0.35000000000000003,0.488908592552161
32,1,0.01,36,0.36,0.4818952428776735
32,1,0.01,37,0.37,0.4752415724693655
32,1,0.01,38,0.38,0.46856410171093177
32,1,0.01,39,0.39,0.46219871703771015
32,1,0.01,40,0.4,0.4559103998119628
32,1,0.01,41,0.41000000000000003,0.4498503673314763
32,1,0.01,42,0.42,0.44377023543099925
32,1,0.01,43,0.43,0.4376325401722259
32,1,0.01,44,0.44,0.43156973469034215
32,1,0.01,45,0.45,0.4256555620706457
32,1,0.01,46,0.46,0.41984815951283383
32,1,0.01,47,0.47000000000000003,0.4140507255512963
32,1,0.01,48,0.48,0.4083404038845371
32,1,0.01,49,0.49,0.4025854689703776
32,1,0.01,50,0.5,0.39682509991425596
32,1,0.01,51,0.51,0.3910122470065604
32,1,0.01,52,0.52,0.3853690902182143
32,1,0.01,53,0.53,0.3799068103508121
32,1,0.01,54,0.54,0.37445536518750433
32,1,0.01,55,0.55,0.3694595079132226
32,1,0.01,56,0.56,0.3645291588218547
32,1,0.01,57,0.5700000000000001,0.3597443539744424
32,1,0.01,58,0.58,0.35510113516004294
32,1,0.01,59,0.59,0.35048020096176874
32,1,0.01,60,0.6,0.34591789760357095
32,1,0.01,61,0.61,0.3415413577409175
32,1,0.01,62,0.62,0.3371905407291545
32,1,0.01,63,0.63,0.3327707868134057
32,1,0.01,64,0.64,0.32843742507184914
32,1,0.01,65,0.65,0.3243933540185974
32,1,0.01,66,0.66,0.32047842955404504
32,1,0.01,67,0.67,0.31656146731890383
32,1,0.01,68,0.68,0.31266351716200474
32,1,0.01,69,0.6900000000000001,0.3087580534344974
32,1,0.01,70,0.7000000000000001,0.3048918818919894
32,1,0.01,71,0.71,0.30135704779136985
32,1,0.01,72,0.72,0.2977224594075817
32,1,0.01,73,0.73,0.29420166918850865
32,1,0.01,74,0.74,0.29064761884352913
32,1,0.01,75,0.75,0.28691108814253985
32,1,0.01,76,0.76,0.2831722761406522
32,1,0.01,77,0.77,0.27931318519531445
32,1,0.01,78,0.78,0.27556453841818185
32,1,0.01,79,0.79,0.27185063558917394
32,1,0.01,80,0.8,0.2681743391340902
32,1,0.01,81,0.81,0.26457652014833105
32,1,0.01,82,0.8200000000000001,0.26086461897403823
32,1,0.01,83,0.8300000000000001,0.2571907883924768
32,1,0.01,84,0.84,0.2537184543535776
32,1,0.01,85,0.85,0.2501973915265463
32,1,0.01,86,0.86,0.24691302658099146
32,1,0.01,87,0.87,0.24352243320371897
32,1,0.01,88,0.88,0.24006197872316087
32,1,0.01,89,0.89,0.23690873827913228
32,1,0.01,90,0.9,0.2339131347913217
32,1,0.01,91,0.91,0.23095260901824152
32,1,0.01,92,0.92,0.2280906907192454
32,1,0.01,93,0.93,0.22535142205377762
32,1,0.01,94,0.9400000000000001,0.22266297020659467
32,1,0.01,95,0.9500000000000001,0.22007319368154968
32,1,0.01,96,0.96,0.21764182228619156
32,1,0.01,97,0.97,0.21533807392991933
32,1,0.01,98,0.98,0.21288266845301745
32,1,0.01,99,0.99,0.210737497094696
32,1,0.01,100,1.0,0.20862226706195003
32,1,0.01,101,1.01,0.206595585580139
32,1,0.01,102,1.02,0.20447389089777024
32,1,0.01,103,1.03,0.20244107007943823
32,1,0.01,104,1.04,0.2002428081551011
32,1,0.01,105,1.05,0.19813391866296717
32,1,0.01,106,1.06,0.19643635521747982
32,1,0.01,107,1.07,0.19442770013927999
32,1,0.01,108,1.08,0.1926248304242854
32,1,0.01,109,1.09,0.19077758247970222
32,1,0.01,110,1.1,0.1890673110473572
32,1,0.01,111,1.11,0.1873724169254543
32,1,0.01,112,1.12,0.18567829286217735
32,1,0.01,113,1.1300000000000001,0.18390675920145053
32,1,0.01,114,1.1400000000000001,0.1821666982493259
32,1,0.01,115,1.1500000000000001,0.1804841339980159
32,1,0.01,116,1.16,0.17890698447224526
32,1,0.01,117,1.17,0.17733630718997825
32,1,0.01,118,1.18,0.1758505499017457
32,1,0.01,119,1.19,0.17415919934231977
32,1,0.01,120,1.2,0.1722662261536709
32,1,0.01,121,1.21,0.17028774761845808
32,1,0.01,122,1.22,0.16830283227290121
32,1,0.01,123,1.23,0.16646755679113895
32,1,0.01,124,1.24,0.16469394680800448
32,1,0.01,125,1.25,0.1627865109397132
32,1,0.01,126,1.26,0.16103247779843016
32,1,0.01,127,1.27,0.15926026251272618
32,1,0.01,128,1.28,0.15745616145284408
32,1,0.01,129,1.29,0.15563797296394255
32,1,0.01,130,1.3,0.15369151529504094
32,1,0.01,131,1.31,0.15168064956343055
32,1,0.01,132,1.32,0.14954902702671302
32,1,0.01,133,1.33,0.14734774685446955
32,1,0.01,134,1.34,0.14541204850315806
32,1,0.01,135,1.35,0.14336506626660575
32,1,0.01,136,1.36,0.1415413520626589
32,1,0.01,137,1.37,0.13990884015334934
32,1,0.01,138,1.3800000000000001,0.1382791545742181
32,1,0.01,139,1.3900000000000001,0.13648899654631585
32,1,0.01,140,1.4000000000000001,0.1348291793114168
32,1,0.01,141,1.41,0.13316924783217177
32,1,0.01,142,1.42,0.13151899575183684
32,1,0.01,143,1.43,0.12994213692943835
32,1,0.01,144,1.44,0.12826788670826503
32,1,0.01,145,1.45,0.12661625710005048
32,1,0.01,146,1.46,0.12491553787708298
32,1,0.01,147,1.47,0.12325529797099521
32,1,0.01,148,1.48,0.12146356182158013
32,1,0.01,149,1.49,0.11960340349722229
32,1,0.01,150,1.5,0.11795216644711037
32,1,0.01,151,1.51,0.11629055668526528
32,1,0.01,152,1.52,0.11479891933782659
32,1,0.01,153,1.53,0.11339114254957977
32,1,0.01,154,1.54,0.11190058040310868
32,1,0.01,155,1.55,0.11056922771532036
32,1,0.01,156,1.56,0.10932765801618533
32,1,0.01,157,1.57,0.10814293850300546
32,1,0.01,158,1.58,0.1067838293477881
32,1,0.01,159,1.59,0.10541462021733748
32,1,0.01,160,1.6,0.1041906320892251
32,1,0.01,161,1.61,0.10307331238020319
32,1,0.01,162,1.62,0.10183312591407498
32,1,0.01,163,1.6300000000000001,0.10058375858424087
32,1,0.01,164,1.6400000000000001,0.09932218635907746
32,1,0.01,165,1.6500000000000001,0.09812392008577854
32,1,0.01,166,1.6600000000000001,0.09702852279721197
32,1,0.01,167,1.67,0.09585626741070058
32,1,0.01,168,1.68,0.09487011781083819
32,1,0.01,169,1.69,0.09421959062137002
32,1,0.01,170,1.7,0.09342749374223472
32,1,0.01,171,1.71,0.09268401241438845
32,1,0.01,172,1.72,0.0920429083262952
32,1,0.01,173,1.73,0.09146461473813712
32,1,0.01,174,1.74,0.09090399194776728
32,1,0.01,175,1.75,0.09033625194349472
32,1,0.01,176,1.76,0.08976815385971908
32,1,0.01,177,1.77,0.08907779543842939
32,1,0.01,178,1.78,0.08838714186158642
32,1,0.01,179,1.79,0.0878040128876198
32,1,0.01,180,1.8,0.087150667923372
32,1,0.01,181,1.81,0.08628829484597028
32,1,0.01,182,1.82,0.08522783293078616
32,1,0.01,183,1.83,0.08430846923542441
32,1,0.01,184,1.84,0.08330908612214774
32,1,0.01,185,1.85,0.08240320786972676
32,1,0.01,186,1.86,0.08149449105545073
32,1,0.01,187,1.87,0.08081093484765225
32,1,0.01,188,1.8800000000000001,0.08014469035302589
32,1,0.01,189,1.8900000000000001,0.07937142157946314
32,1,0.01,190,1.9000000000000001,0.07869092618763109
32,1,0.01,191,1.9100000000000001,0.07788441584187707
32,1,0.01,192,1.92,0.07716800285717265
32,1,0.01,193,1.93,0.07643238531083146
32,1,0.01,194,1.94,0.07572629120934282
32,1,0.01,195,1.95,0.07516784366192707
32,1,0.01,196,1.96,0.07451516796010729
32,1,0.01,197,1.97,0.0735976407120481
32,1,0.01,198,1.98,0.07307156429897271
32,1,0.01,199,1.99,0.0726238548032628
32,1,0.01,200,2.0,0.07213700520694818
32,1,0.005,0,0.0,1.0
32,1,0.005,1,0.005,0.9851420576046822
32,1,0.005,2,0.01,0.9707404081215755
32,1,0.005,3,0.015,0.9567796647287671
32,1,0.005,4,0.02,0.9432408661979481
32,1,0.005,5,0.025,0.9301220610730337
32,1,0.005,6,0.03,0.9173375131762898
32,1,0.005,7,0.035,0.904944964715305
32,1,0.005,8,0.04,0.8928827842663092
32,1,0.005,9,0.045,0.8810988603356029
32,1,0.005,10,0.05,0.8696280856531104
32,1,0.005,11,0.055,0.858447117195003
32,1,0.005,12,0.06,0.8475402562451427
32,1,0.005,13,0.065,0.836811288240048
32,1,0.005,14,0.07,0.8264338028095558
32,1,0.005,15,0.075,0.816331175796298
32,1,0.005,16,0.08,0.8065018417395259
32,1,0.005,17,0.085,0.7968928963461526
32,1,0.005,18,0.09,0.7874926153196797
32,1,0.005,19,0.095,0.7782871091312377
32,1,0.005,20,0.1,0.7693052171051417
32,1,0.005,21,0.105,0.7605243544561069
32,1,0.005,22,0.11,0.7519495884290408
32,1,0.005,23,0.115,0.7435742284018214
32,1,0.005,24,0.12,0.7354034126314176
32,1,0.005,25,0.125,0.7273400595663417
32,1,0.005,26,0.13,0.7195108234410694
32,1,0.005,27,0.135,0.7118659331115704
32,1,0.005,28,0.14,0.70438065184889
32,1,0.005,29,0.145,0.6969744336494613
32,1,0.005,30,0.15,0.6897239732252671
32,1,0.005,31,0.155,0.6826562042624903
32,1,0.005,32,0.16,0.6757291279097905
32,1,0.005,33,0.165,0.6689303722834208
32,1,0.005,34,0.17,0.6623285884852559
32,1,0.005,35,0.17500000000000002,0.6558911204168925
32,1,0.005,36,0.18,0.6495745257504136
32,1,0.005,37,0.185,0.6433434228749669
32,1,0.005,38,0.19,0.6371754553272297
32,1,0.005,39,0.195,0.6311960424258739
32,1,0.005,40,0.2,0.6253396110136145
32,1,0.005,41,0.20500000000000002,0.6196009179800649
32,1,0.005,42,0.21,0.6140057690264221
32,1,0.005,43,0.215,0.608476506018067
32,1,0.005,44,0.22,0.603054876808292
32,1,0.005,45,0.225,0.5977409106983335
32,1,0.005,46,0.23,0.5925219018395027
32,1,0.005,47,0.23500000000000001,0.5874008957333793
32,1,0.005,48,0.24,0.5824473757008118
32,1,0.005,49,0.245,0.5775720731987851
32,1,0.005,50,0.25,0.5729052195511474
32,1,0.005,51,0.255,0.5682571943806514
32,1,0.005,52,0.26,0.5637100032779865
32,1,0.005,53,0.265,0.5592056347506073
32,1,0.005,54,0.27,0.5547202747847759
32,1,0.005,55,0.275,0.5502717315282368
32,1,0.005,56,0.28,0.5458621855465607
32,1,0.005,57,0.28500000000000003,0.5414866686875094
32,1,0.005,58,0.29,0.537221215600573
32,1,0.005,59,0.295,0.5329921032503094
32,1,0.005,60,0.3,0.5288800610991723
32,1,0.005,61,0.305,0.5248426048411714
32,1,0.005,62,0.31,0.5208418407375107
32,1,0.005,63,0.315,0.5168567577599719
32,1,0.005,64,0.32,0.5129620610169384
32,1,0.005,65,0.325,0.5090889844709534
32,1,0.005,66,0.33,0.5052109538985067
32,1,0.005,67,0.335,0.501321668882907
32,1,0.005,68,0.34,0.4974971668490782
32,1,0.005,69,0.34500000000000003,0.4937591242793987
32,1,0.005,70,0.35000000000000003,0.49003970064213503
32,1,0.005,71,0.355,0.4863663099837172
32,1,0.005,72,0.36,0.48272831137874095
32,1,0.005,73,0.365,0.4791293214835522
32,1,0.005,74,0.37,0.4755244605640055
32,1,0.005,75,0.375,0.4719996226952594
32,1,0.005,76,0.38,0.46855125263745334
32,1,0.005,77,0.385,0.465164998985024
32,1,0.005,78,0.39,0.46176224983214886
32,1,0.005,79,0.395,0.45842134067920354
32,1,0.005,80,0.4,0.45515117717152287
32,1,0.005,81,0.405,0.45181982622818273
32,1,0.005,82,0.41000000000000003,0.4484869276442785
32,1,0.005,83,0.41500000000000004,0.445199458992979
32,1,0.005,84,0.42,0.44191062627574385
32,1,0.005,85,0.425,0.4387150292502989
32,1,0.005,86,0.43,0.4356020210769388
32,1,0.005,87,0.435,0.4325530737290976
32,1,0.005,88,0.44,0.4295010767167496
32,1,0.005,89,0.445,0.4265687186504178
32,1,0.005,90,0.45,0.42359374638977826
32,1,0.005,91,0.455,0.42068196074707503
32,1,0.005,92,0.46,0.4178347721213284
32,1,0.005,93,0.465,0.4150258514438268
32,1,0.005,94,0.47000000000000003,0.412199633724901
32,1,0.005,95,0.47500000000000003,0.4094282181649743
32,1,0.005,96,0.48,0.4067305385516148
32,1,0.005,97,0.485,0.40406334057965965
32,1,0.005,98,0.49,0.4014662433169363
32,1,0.005,99,0.495,0.3988689023896984
32,1,0.005,100,0.5,0.39633377446138807
32,1,0.005,101,0.505,0.39387475064922955
32,1,0.005,102,0.51,0.39137926367708575
32,1,0.005,103,0.515,0.3889082999914591
32,1,0.005,104,0.52,0.38653130419072346
32,1,0.005,105,0.525,0.3841213717269292
32,1,0.005,106,0.53,0.3816998572654293
32,1,0.005,107,0.535,0.3792370659824765
32,1,0.005,108,0.54,0.37686766625560486
32,1,0.005,109,0.545,0.3744940711766299
32,1,0.005,110,0.55,0.3721955011594624
32,1,0.005,111,0.555,0.3698706812974104
32,1,0.005,112,0.56,0.36756130307950413
32,1,0.005,113,0.5650000000000001,0.3652587306726319
32,1,0.005,114,0.5700000000000001,0.3629814611513734
32,1,0.005,115,0.5750000000000001,0.36069067046218084
32,1,0.005,116,0.58,0.3583793324124847
32,1,0.005,117,0.585,0.3560831040358119
32,1,0.005,118,0.59,0.35389361190047974
32,1,0.005,119,0.595,0.35168435327065145
32,1,0.005,120,0.6,0.3494836381583518
32,1,0.005,121,0.605,0.3472286394543579
32,1,0.005,122,0.61,0.3448977187504488
32,1,0.005,123,0.615,0.3425730192614474
32,1,0.005,124,0.62,0.3402062199086707
32,1,0.005,125,0.625,0.33782896925534783
32,1,0.005,126,0.63,0.33541792319653246
32,1,0.005,127,0.635,0.33307758347974814
32,1,0.005,128,0.64,0.3308391377192984
32,1,0.005,129,0.645,0.32861615911192366
32,1,0.005,130,0.65,0.32638073712666277
32,1,0.005,131,0.655,0.3242995386900822
32,1,0.005,132,0.66,0.32225235759430815
32,1,0.005,133,0.665,0.3201478746859657
32,1,0.005,134,0.67,0.31805096418985435
32,1,0.005,135,0.675,0.31597027195285443
32,1,0.005,136,0.68,0.3139685357656874
32,1,0.005,137,0.685,0.3119755912831679
32,1,0.005,138,0.6900000000000001,0.31000270886363956
32,1,0.005,139,0.6950000000000001,0.30788963282461285
32,1,0.005,140,0.7000000000000001,0.30582808293231395
32,1,0.005,141,0.705,0.30385153180384994
32,1,0.005,142,0.71,0.3019031725295168
32,1,0.005,143,0.715,0.30004446078358527
32,1,0.005,144,0.72,0.298145761470802
32,1,0.005,145,0.725,0.29634819909386645
32,1,0.005,146,0.73,0.2945595076140607
32,1,0.005,147,0.735,0.292764994317787
32,1,0.005,148,0.74,0.2910018160257638
32,1,0.005,149,0.745,0.2891724342579131
32,1,0.005,150,0.75,0.28739295782906593
32,1,0.005,151,0.755,0.28554123330303416
32,1,0.005,152,0.76,0.2837271358507369
32,1,0.005,153,0.765,0.28191254541646693
32,1,0.005,154,0.77,0.2801864681978347
32,1,0.005,155,0.775,0.2784307097321188
32,1,0.005,156,0.78,0.27668770541293386
32,1,0.005,157,0.785,0.2749364188712573
32,1,0.005,158,0.79,0.273247790764401
32,1,0.005,159,0.795,0.2716201053577709
32,1,0.005,160,0.8,0.2700195930130647
32,1,0.005,161,0.805,0.2684916889990225
32,1,0.005,162,0.81,0.26691884388693315
32,1,0.005,163,0.8150000000000001,0.2653398795240364
32,1,0.005,164,0.8200000000000001,0.26375311865669443
32,1,0.005,165,0.8250000000000001,0.2622429229240248
32,1,0.005,166,0.8300000000000001,0.26072339510005715
32,1,0.005,167,0.835,0.25915595796094
32,1,0.005,168,0.84,0.25757538175460004
32,1,0.005,169,0.845,0.2559618422781148
32,1,0.005,170,0.85,0.2543756180241284
32,1,0.005,171,0.855,0.2528110724781998
32,1,0.005,172,0.86,0.2513148995635726
32,1,0.005,173,0.865,0.2498125964513627
32,1,0.005,174,0.87,0.24828302923787895
32,1,0.005,175,0.875,0.24676305586064418
32,1,0.005,176,0.88,0.24523451172041089
32,1,0.005,177,0.885,0.2437170432685908
32,1,0.005,178,0.89,0.24221216682136953
32,1,0.005,179,0.895,0.24072448397494217
32,1,0.005,180,0.9,0.2393055674421495
32,1,0.005,181,0.905,0.2379153605075185
32,1,0.005,182,0.91,0.23650145930544675
32,1,0.005,183,0.915,0.23509623582298114
32,1,0.005,184,0.92,0.23369609619270099
32,1,0.005,185,0.925,0.2322647887439608
32,1,0.005,186,0.93,0.23082829050432682
32,1,0.005,187,0.935,0.22942496567845763
32,1,0.005,188,0.9400000000000001,0.2279351363770103
32,1,0.005,189,0.9450000000000001,0.22644669016532196
32,1,0.005,190,0.9500000000000001,0.22501087306077522
32,1,0.005,191,0.9550000000000001,0.22357470606295088
32,1,0.005,192,0.96,0.2222413651712069
32,1,0.005,193,0.965,0.22088353604422295
32,1,0.005,194,0.97,0.21956450274333122
32,1,0.005,195,0.975,0.2182331904358792
32,1,0.005,196,0.98,0.2169844887131655
32,1,0.005,197,0.985,0.2158180960918744
32,1,0.005,198,0.99,0.21458557220340646
32,1,0.005,199,0.995,0.21340955062799244
32,1,0.005,200,1.0,0.21227870554345796
32,1,0.005,201,1.0050000000000001,0.21115244644702597
32,1,0.005,202,1.01,0.20995236202355666
32,1,0.005,203,1.0150000000000001,0.208800415937004
32,1,0.005,204,1.02,0.20766515715386855
32,1,0.005,205,1.025,0.2065903975704828
32,1,0.005,206,1.03,0.20545203981912252
32,1,0.005,207,1.035,0.20427859711267643
32,1,0.005,208,1.04,0.20306103087902597
32,1,0.005,209,1.045,0.20190247217506738
32,1,0.005,210,1.05,0.2006791123292944
32,1,0.005,211,1.055,0.19949143261589974
32,1,0.005,212,1.06,0.1982504017871463
32,1,0.005,213,1.065,0.19692838065256477
32,1,0.005,214,1.07,0.1955715752066876
32,1,0.005,215,1.075,0.1941996888490279
32,1,0.005,216,1.08,0.19280823512234907
32,1,0.005,217,1.085,0.19144294170178633
32,1,0.005,218,1.09,0.19006557018585887
32,1,0.005,219,1.095,0.18865439621193691
32,1,0.005,220,1.1,0.18721741714559
32,1,0.005,221,1.105,0.18580544309160407
32,1,0.005,222,1.11,0.18437768025628104
32,1,0.005,223,1.115,0.18299556191587377
32,1,0.005,224,1.12,0.181614538066882
32,1,0.005,225,1.125,0.18025280521466597
32,1,0.005,226,1.1300000000000001,0.17886053541410643
32,1,0.005,227,1.135,0.177494786112056
32,1,0.005,228,1.1400000000000001,0.17615985859694666
32,1,0.005,229,1.145,0.17487826586671892
32,1,0.005,230,1.1500000000000001,0.17363893065134142
32,1,0.005,231,1.155,0.17245841338427906
32,1,0.005,232,1.16,0.1712747760005907
32,1,0.005,233,1.165,0.17013524796658752
32,1,0.005,234,1.17,0.16897308727934485
32,1,0.005,235,1.175,0.16781065811387752
32,1,0.005,236,1.18,0.16664779125947363
32,1,0.005,237,1.185,0.1654876304784366
32,1,0.005,238,1.19,0.16440577460450226
32,1,0.005,239,1.195,0.1632974217593836
32,1,0.005,240,1.2,0.16213248316369952
32,1,0.005,241,1.205,0.16102885001061054
32,1,0.005,242,1.21,0.15983947354902983
32,1,0.005,243,1.215,0.15866613463953858
32,1,0.005,244,1.22,0.1575233830476434
32,1,0.005,245,1.225,0.15630875551781018
32,1,0.005,246,1.23,0.15506209749320932
32,1,0.005,247,1.235,0.15382515471284447
32,1,0.005,248,1.24,0.1526191015097875
32,1,0.005,249,1.245,0.1513702699669423
32,1,0.005,250,1.25,0.15011920394125175
32,1,0.005,251,1.2550000000000001,0.14885366789526938
32,1,0.005,252,1.26,0.1476804818660848
32,1,0.005,253,1.2650000000000001,0.14663124754039614
32,1,0.005,254,1.27,0.1455942833972641
32,1,0.005,255,1.2750000000000001,0.14453375740966654
32,1,0.005,256,1.28,0.14347545747324145
32,1,0.005,257,1.285,0.1424560432387521
32,1,0.005,258,1.29,0.14151871729402557
32,1,0.005,259,1.295,0.1405861076205479
32,1,0.005,260,1.3,0.13968104384144997
32,1,0.005,261,1.305,0.13886424053499793
32,1,0.005,262,1.31,0.13804718487058587
32,1,0.005,263,1.315,0.1372384422924452
32,1,0.005,264,1.32,0.1364451187823212
32,1,0.005,265,1.325,0.13570028336343284
32,1,0.005,266,1.33,0.1349901185566505
32,1,0.005,267,1.335,0.13428690116234115
32,1,0.005,268,1.34,0.13358519400516083
32,1,0.005,269,1.345,0.1329343350314282
32,1,0.005,270,1.35,0.1322763642581983
32,1,0.005,271,1.355,0.1316122126423545
32,1,0.005,272,1.36,0.130904448114175
32,1,0.005,273,1.365,0.13023054350426397
32,1,0.005,274,1.37,0.12956786680210977
32,1,0.005,275,1.375,0.1289836088736969
32,1,0.005,276,1.3800000000000001,0.12833061244707322
32,1,0.005,277,1.385,0.12768304239047884
32,1,0.005,278,1.3900000000000001,0.12701609562557833
32,1,0.005,279,1.395,0.12632860193597134
32,1,0.005,280,1.4000000000000001,0.12562536395540602
32,1,0.005,281,1.405,0.12499667076079166
32,1,0.005,282,1.41,0.12429398324899842
32,1,0.005,283,1.415,0.12361551041179775
32,1,0.005,284,1.42,0.12291855670770985
32,1,0.005,285,1.425,0.12225007280900649
32,1,0.005,286,1.43,0.12162202981059331
32,1,0.005,287,1.435,0.12093497518590052
32,1,0.005,288,1.44,0.12018212933647834
32,1,0.005,289,1.445,0.11940326606512296
32,1,0.005,290,1.45,0.11867614450290821
32,1,0.005,291,1.455,0.11797830284684219
32,1,0.005,292,1.46,0.11727717575465016
32,1,0.005,293,1.465,0.11667088629201379
32,1,0.005,294,1.47,0.11609198114287383
32,1,0.005,295,1.475,0.11551223580128511
32,1,0.005,296,1.48,0.11494527173416469
32,1,0.005,297,1.485,0.11443105034369336
32,1,0.005,298,1.49,0.1139096479230875
32,1,0.005,299,1.495,0.11339399714102047
32,1,0.005,300,1.5,0.11292929262951323
32,1,0.005,301,1.5050000000000001,0.11245211085958391
32,1,0.005,302,1.51,0.11188458766759134
32,1,0.005,303,1.5150000000000001,0.11130801399665116
32,1,0.005,304,1.52,0.11070925864249971
32,1,0.005,305,1.5250000000000001,0.1101381143175178
32,1,0.005,306,1.53,0.10957230522566405
32,1,0.005,307,1.5350000000000001,0.10899646121996572
32,1,0.005,308,1.54,0.10842731215209361
32,1,0.005,309,1.545,0.10790078236326706
32,1,0.005,310,1.55,0.10738196010950019
32,1,0.005,311,1.555,0.10695347876300289
32,1,0.005,312,1.56,0.10654015618864146
32,1,0.005,313,1.565,0.10619128355777079
32,1,0.005,314,1.57,0.10575776514552933
32,1,0.005,315,1.575,0.10528284534322654
32,1,0.005,316,1.58,0.10483708139620276
32,1,0.005,317,1.585,0.1043932383704412
32,1,0.005,318,1.59,0.10401615835447603
32,1,0.005,319,1.595,0.10375820965037195
32,1,0.005,320,1.6,0.10351622473706043
32,1,0.005,321,1.605,0.10318282661159253
32,1,0.005,322,1.61,0.10285736223738962
32,1,0.005,323,1.615,0.10251148480540218
32,1,0.005,324,1.62,0.10209642962461113
32,1,0.005,325,1.625,0.10167163293949436
32,1,0.005,326,1.6300000000000001,0.1012384240127272
32,1,0.005,327,1.635,0.1008376191023298
32,1,0.005,328,1.6400000000000001,0.1004307252083699
32,1,0.005,329,1.645,0.09999038370240679
32,1,0.005,330,1.6500000000000001,0.09950451287969551
32,1,0.005,331,1.655,0.09895750347955383
32,1,0.005,332,1.6600000000000001,0.09826624105626447
32,1,0.005,333,1.665,0.09757064420787105
32,1,0.005,334,1.67,0.0968953022374695
32,1,0.005,335,1.675,0.09626489761766943
32,1,0.005,336,1.68,0.09560539232625752
32,1,0.005,337,1.685,0.09489674717050339
32,1,0.005,338,1.69,0.0942817875600789
32,1,0.005,339,1.695,0.09364162755392069
32,1,0.005,340,1.7,0.09291976533509669
32,1,0.005,341,1.705,0.09221903170680867
32,1,0.005,342,1.71,0.09143204625411679
32,1,0.005,343,1.715,0.09066148051695637
32,1,0.005,344,1.72,0.08990407088712636
32,1,0.005,345,1.725,0.08919736285756238
32,1,0.005,346,1.73,0.08847888597916115
32,1,0.005,347,1.735,0.08777264155217677
32,1,0.005,348,1.74,0.08705355986244286
32,1,0.005,349,1.745,0.08629090951402754
32,1,0.005,350,1.75,0.0854677300086707
32,1,0.005,351,1.7550000000000001,0.08466896359598006
32,1,0.005,352,1.76,0.08383594676198869
32,1,0.005,353,1.7650000000000001,0.08308617390752836
32,1,0.005,354,1.77,0.08236183036104358
32,1,0.005,355,1.7750000000000001,0.08162211324119296
32,1,0.005,356,1.78,0.080916626991453
32,1,0.005,357,1.7850000000000001,0.08018696849030985
32,1,0.005,358,1.79,0.07952100437548698
32,1,0.005,359,1.795,0.07879711252215885
32,1,0.005,360,1.8,0.07805218245447047
32,1,0.005,361,1.805,0.07728826585283453
32,1,0.005,362,1.81,0.07654407495708253
32,1,0.005,363,1.815,0.07575603710706388
32,1,0.005,364,1.82,0.07499235964928315
32,1,0.005,365,1.825,0.07423706682185918
32,1,0.005,366,1.83,0.07354185286823894
32,1,0.005,367,1.835,0.07283648474806582
32,1,0.005,368,1.84,0.0721794798653895
32,1,0.005,369,1.845,0.07150075727065558
32,1,0.005,370,1.85,0.07089957162983618
32,1,0.005,371,1.855,0.07027898312530545
32,1,0.005,372,1.86,0.06971256596096517
32,1,0.005,373,1.865,0.0691698849493173
32,1,0.005,374,1.87,0.06867059941436116
32,1,0.005,375,1.875,0.0682355563563054
32,1,0.005,376,1.8800000000000001,0.06778100350210976
32,1,0.005,377,1.885,0.06726671074083833
32,1,0.005,378,1.8900000000000001,0.06674833109460232
32,1,0.005,379,1.895,0.06629941928480884
32,1,0.005,380,1.9000000000000001,0.06593406209380016
32,1,0.005,381,1.905,0.06567286867558055
32,1,0.005,382,1.9100000000000001,0.06546594282065935
32,1,0.005,383,1.915,0.0652392954698024
32,1,0.005,384,1.92,0.06498107924061876
32,1,0.005,385,1.925,0.0646585985281456
32,1,0.005,386,1.93,0.06434225672454384
32,1,0.005,387,1.935,0.0640123850088906
32,1,0.005,388,1.94,0.06371246096944985
32,1,0.005,389,1.945,0.06350751371518343
32,1,0.005,390,1.95,0.06333867200243304
32,1,0.005,391,1.955,0.0631262568481895
32,1,0.005,392,1.96,0.06290231178498187
32,1,0.005,393,1.965,0.06273166702374132
32,1,0.005,394,1.97,0.06253451342687015
32,1,0.005,395,1.975,0.062388519307872585
32,1,0.005,396,1.98,0.062240375635410364
32,1,0.005,397,1.985,0.06206881908867974
32,1,0.005,398,1.99,0.06184938529243078
32,1,0.005,399,1.995,0.0616394356938183
32,1,0.005,400,2.0,0.061477564226048026
32,2,0.01,0,0.0,1.0
32,2,0.01,1,0.01,0.9681265822601763
32,2,0.01,2,0.02,0.9383281800092723
32,2,0.01,3,0.03,0.9103473481564373
32,2,0.01,4,0.04,0.8838709418184332
32,2,0.01,5,0.05,0.8588247737583624
32,2,0.01,6,0.06,0.8354892597346733
32,2,0.01,7,0.07,0.8132355544356299
32,2,0.01,8,0.08,0.7924574112006999
32,2,0.01,9,0.09,0.7726774623055086
32,2,0.01,10,0.1,0.7539949462088327
32,2,0.01,11,0.11,0.736001058996137
32,2,0.01,12,0.12,0.7189099911468253
32,2,0.01,13,0.13,0.7023601398095809
32,2,0.01,14,0.14,0.6867522853672372
32,2,0.01,15,0.15,0.6718819759714123
32,2,0.01,16,0.16,0.6576210845727514
32,2,0.01,17,0.17,0.6439647767764212
32,2,0.01,18,0.18,0.6309507597601888
32,2,0.01,19,0.19,0.6184716197674497
32,2,0.01,20,0.2,0.6064775616269783
32,2,0.01,21,0.21,0.5947355299649477
32,2,0.01,22,0.22,0.5832693284854545
32,2,0.01,23,0.23,0.5722943642748073
32,2,0.01,24,0.24,0.5615245914393462
32,2,0.01,25,0.25,0.5509614041579116
32,2,0.01,26,0.26,0.5406168605972645
32,2,0.01,27,0.27,0.5307523981001832
32,2,0.01,28,0.28,0.5211892559116812
32,2,0.01,29,0.29,0.5117632586138219
32,2,0.01,30,0.3,0.5028610451149246
32,2,0.01,31,0.31,0.49418256347501155
32,2,0.01,32,0.32,0.48556958236856174
32,2,0.01,33,0.33,0.4772304483270428
32,2,0.01,34,0.34,0.4691080607239127
32,2,0.01,35,0.35000000000000003,0.46099201427173714
32,2,0.01,36,0.36,0.4532063485933434
32,2,0.01,37,0.37,0.44562578204051356
32,2,0.01,38,0.38,0.4382954538407636
32,2,0.01,39,0.39,0.43117863610457224
32,2,0.01,40,0.4,0.42424550967345737
32,2,0.01,41,0.41000000000000003,0.41700935476806245
32,2,0.01,42,0.42,0.40991241146398905
32,2,0.01,43,0.43,0.40295504593508186
32,2,0.01,44,0.44,0.3962590500954848
32,2,0.01,45,0.45,0.3896920051739725
32,2,0.01,46,0.46,0.3834375835609597
32,2,0.01,47,0.47000000000000003,0.37712176183077684
32,2,0.01,48,0.48,0.37100270814821906
32,2,0.01,49,0.49,0.3648767773848103
32,2,0.01,50,0.5,0.3588343866956129
32,2,0.01,51,0.51,0.3530634448833688
32,2,0.01,52,0.52,0.3475724773617817
32,2,0.01,53,0.53,0.34244538570126515
32,2,0.01,54,0.54,0.33745973906874516
32,2,0.01,55,0.55,0.33255084322927
32,2,0.01,56,0.56,0.3278664273437316
32,2,0.01,57,0.5700000000000001,0.3231618538919448
32,2,0.01,58,0.58,0.31867500543274757
32,2,0.01,59,0.59,0.31414834402305614
32,2,0.01,60,0.6,0.3097273455600648
32,2,0.01,61,0.61,0.3053233261116418
32,2,0.01,62,0.62,0.30091893159907923
32,2,0.01,63,0.63,0.29636792799839684
32,2,0.01,64,0.64,0.29184271082862756
32,2,0.01,65,0.65,0.287247553137322
32,2,0.01,66,0.66,0.28272224425266496
32,2,0.01,67,0.67,0.27814066268397214
32,2,0.01,68,0.68,0.27364294699779285
32,2,0.01,69,0.6900000000000001,0.2691298033441929
32,2,0.01,70,0.7000000000000001,0.26478593422318353
32,2,0.01,71,0.71,0.2603033238440033
32,2,0.01,72,0.72,0.25575434230851835
32,2,0.01,73,0.73,0.25144738001803835
32,2,0.01,74,0.74,0.24699979696216456
32,2,0.01,75,0.75,0.24292335156684453
32,2,0.01,76,0.76,0.23890073784099786
32,2,0.01,77,0.77,0.23483657971076624
32,2,0.01,78,0.78,0.23072021363055
32,2,0.01,79,0.79,0.22685690947445036
32,2,0.01,80,0.8,0.22302447563283545
32,2,0.01,81,0.81,0.2196489040426355
32,2,0.01,82,0.8200000000000001,0.21620925087948856
32,2,0.01,83,0.8300000000000001,0.21292284420936225
32,2,0.01,84,0.84,0.20980543571515137
32,2,0.01,85,0.85,0.20690118877349345
32,2,0.01,86,0.86,0.20396854240695508
32,2,0.01,87,0.87,0.20106933865862048
32,2,0.01,88,0.88,0.19832691780274259
32,2,0.01,89,0.89,0.19569308363242555
32,2,0.01,90,0.9,0.19319368372494658
32,2,0.01,91,0.91,0.19083680891472077
32,2,0.01,92,0.92,0.18832570953723524
32,2,0.01,93,0.93,0.18584768670685847
32,2,0.01,94,0.9400000000000001,0.1833847917979124
32,2,0.01,95,0.9500000000000001,0.180709956436844
32,2,0.01,96,0.96,0.17786029973442868
32,2,0.01,97,0.97,0.17505949631952228
32,2,0.01,98,0.98,0.1724990677191202
32,2,0.01,99,0.99,0.1699633383433789
32,2,0.01,100,1.0,0.16762887772857935
32,2,0.01,101,1.01,0.16527642392776748
32,2,0.01,102,1.02,0.16298310494084733
32,2,0.01,103,1.03,0.16070189399019577
32,2,0.01,104,1.04,0.15845331687833797
32,2,0.01,105,1.05,0.15614105409947637
32,2,0.01,106,1.06,0.15401192370444042
32,2,0.01,107,1.07,0.15177785833337282
32,2,0.01,108,1.08,0.1497722109654919
32,2,0.01,109,1.09,0.14746230747550537
32,2,0.01,110,1.1,0.14538285025458317
32,2,0.01,111,1.11,0.1433743251080707
32,2,0.01,112,1.12,0.14131688383526045
32,2,0.01,113,1.1300000000000001,0.1393368823136442
32,2,0.01,114,1.1400000000000001,0.13742545697293893
32,2,0.01,115,1.1500000000000001,0.135663242227145
32,2,0.01,116,1.16,0.13376867957509955
32,2,0.01,117,1.17,0.13180120538215312
32,2,0.01,118,1.18,0.1298920781864691
32,2,0.01,119,1.19,0.12789261818558034
32,2,0.01,120,1.2,0.12591627672024236
32,2,0.01,121,1.21,0.12406108741835105
32,2,0.01,122,1.22,0.12231704389866602
32,2,0.01,123,1.23,0.12059801513828673
32,2,0.01,124,1.24,0.11872000643448793
32,2,0.01,125,1.25,0.11681335979507214
32,2,0.01,126,1.26,0.11466641521411103
32,2,0.01,127,1.27,0.11249467827861553
32,2,0.01,128,1.28,0.11039721238507949
32,2,0.01,129,1.29,0.10829274840271058
32,2,0.01,130,1.3,0.10612013926108871
32,2,0.01,131,1.31,0.1041908976550168
32,2,0.01,132,1.32,0.10220432349263438
32,2,0.01,133,1.33,0.10025143785048976
32,2,0.01,134,1.34,0.09838191654377627
32,2,0.01,135,1.35,0.09662542629895506
32,2,0.01,136,1.36,0.09499529552372984
32,2,0.01,137,1.37,0.09353219719067642
32,2,0.01,138,1.3800000000000001,0.0922696364571323
32,2,0.01,139,1.3900000000000001,0.09109895310535755
32,2,0.01,140,1.4000000000000001,0.0900417066306842
32,2,0.01,141,1.41,0.08893912367129268
32,2,0.01,142,1.42,0.0878334570433875
32,2,0.01,143,1.43,0.08668267465549502
32,2,0.01,144,1.44,0.08573888514371854
32,2,0.01,145,1.45,0.08489086064381623
32,2,0.01,146,1.46,0.08407651251017322
32,2,0.01,147,1.47,0.08330228737445494
32,2,0.01,148,1.48,0.0824675169317973
32,2,0.01,149,1.49,0.08150903858973246
32,2,0.01,150,1.5,0.08071147423007859
32,2,0.01,151,1.51,0.07962621566247607
32,2,0.01,152,1.52,0.07840751042709758
32,2,0.01,153,1.53,0.07706594943255148
32,2,0.01,154,1.54,0.07583890779773723
32,2,0.01,155,1.55,0.07468987798705234
32,2,0.01,156,1.56,0.0735836685873752
32,2,0.01,157,1.57,0.0725001157919354
32,2,0.01,158,1.58,0.07155209289867515
32,2,0.01,159,1.59,0.07053328332781136
32,2,0.01,160,1.6,0.06938953249523239
32,2,0.01,161,1.61,0.06831302898718224
32,2,0.01,162,1.62,0.06729593386670575
32,2,0.01,163,1.6300000000000001,0.06616628713209748
32,2,0.01,164,1.6400000000000001,0.06528277700689894
32,2,0.01,165,1.6500000000000001,0.06456849552878424
32,2,0.01,166,1.6600000000000001,0.06393066700756035
32,2,0.01,167,1.67,0.06336081861100312
32,2,0.01,168,1.68,0.062951208978103
32,2,0.01,169,1.69,0.06234552137425019
32,2,0.01,170,1.7,0.06175195643574083
32,2,0.01,171,1.71,0.06116039085682743
32,2,0.01,172,1.72,0.06063328999510447
32,2,0.01,173,1.73,0.06011062897349324
32,2,0.01,174,1.74,0.0593942121215672
32,2,0.01,175,1.75,0.0585867150240177
32,2,0.01,176,1.76,0.057868367273996316
32,2,0.01,177,1.77,0.05691869887488862
32,2,0.01,178,1.78,0.05585011135583228
32,2,0.01,179,1.79,0.05490729853990319
32,2,0.01,180,1.8,0.05404554911075224
32,2,0.01,181,1.81,0.05336329172557059
32,2,0.01,182,1.82,0.05247829818491818
32,2,0.01,183,1.83,0.05144247678935394
32,2,0.01,184,1.84,0.050411753822525496
32,2,0.01,185,1.85,0.04948402988514959
32,2,0.01,186,1.86,0.048412132658990095
32,2,0.01,187,1.87,0.04712848530019782
32,2,0.01,188,1.8800000000000001,0.045785443140705984
32,2,0.01,189,1.8900000000000001,0.04465085380946604
32,2,0.01,190,1.9000000000000001,0.043389658513726274
32,2,0.01,191,1.9100000000000001,0.04226168292201785
32,2,0.01,192,1.92,0.041038570822955214
32,2,0.01,193,1.93,0.03995609542537354
32,2,0.01,194,1.94,0.0389542042408634
32,2,0.01,195,1.95,0.03824582445440427
32,2,0.01,196,1.96,0.03739444594086009
32,2,0.01,197,1.97,0.036506037682571
32,2,0.01,198,1.98,0.03585273727647234
32,2,0.01,199,1.99,0.0352062598502871
32,2,0.01,200,2.0,0.03452427449705311
32,2,0.005,0,0.0,1.0
32,2,0.005,1,0.005,0.9844929550375472
32,2,0.005,2,0.01,0.969508339299975
32,2,0.005,3,0.015,0.9550523380360034
32,2,0.005,4,0.02,0.9409731118216809
32,2,0.005,5,0.025,0.9273370901517283
32,2,0.005,6,0.03,0.9140664821797941
32,2,0.005,7,0.035,0.9011486413819529
32,2,0.005,8,0.04,0.8885673108673054
32,2,0.005,9,0.045,0.8763189181897254
32,2,0.005,10,0.05,0.8644798774580911
32,2,0.005,11,0.055,0.8529955734768025
32,2,0.005,12,0.06,0.8417533482788224
32,2,0.005,13,0.065,0.8308362122408971
32,2,0.005,14,0.07,0.8202152689147753
32,2,0.005,15,0.075,0.8099208675767027
32,2,0.005,16,0.08,0.7998154507053066
32,2,0.005,17,0.085,0.7899052843819246
32,2,0.005,18,0.09,0.7802575492869429
32,2,0.005,19,0.095,0.7708794947781478
32,2,0.005,20,0.1,0.7617178058154238
32,2,0.005,21,0.105,0.7527374380777923
32,2,0.005,22,0.11,0.7440463384940603
32,2,0.005,23,0.115,0.7355439460865906
32,2,0.005,24,0.12,0.7272275489041206
32,2,0.005,25,0.125,0.719067624065101
32,2,0.005,26,0.13,0.7110836775898974
32,2,0.005,27,0.135,0.7032894808692076
32,2,0.005,28,0.14,0.6956498271733279
32,2,0.005,29,0.145,0.6882084476859649
32,2,0.005,30,0.15,0.6809221381868424
32,2,0.005,31,0.155,0.6737770698549569
32,2,0.005,32,0.16,0.6668804398718569
32,2,0.005,33,0.165,0.6600578986461095
32,2,0.005,34,0.17,0.6533053776469383
32,2,0.005,35,0.17500000000000002,0.6466576388261175
32,2,0.005,36,0.18,0.6401157376821511
32,2,0.005,37,0.185,0.6336952825184087
32,2,0.005,38,0.19,0.627468456501435
32,2,0.005,39,0.195,0.6213207428826297
32,2,0.005,40,0.2,0.6152516858700144
32,2,0.005,41,0.20500000000000002,0.609291839904647
32,2,0.005,42,0.21,0.6033988062635627
32,2,0.005,43,0.215,0.5976098169721267
32,2,0.005,44,0.22,0.5918920399777136
32,2,0.005,45,0.225,0.5862606344699441
32,2,0.005,46,0.23,0.5807287593690436
32,2,0.005,47,0.23500000000000001,0.575338298323654
32,2,0.005,48,0.24,0.5700358588825079
32,2,0.005,49,0.245,0.5648041861569221
32,2,0.005,50,0.25,0.5596920258322718
32,2,0.005,51,0.255,0.554720383524987
32,2,0.005,52,0.26,0.5498044423086424
32,2,0.005,53,0.265,0.5449645821122272
32,2,0.005,54,0.27,0.5401766981667873
32,2,0.005,55,0.275,0.5354942525162324
32,2,0.005,56,0.28,0.5309288107837102
32,2,0.005,57,0.28500000000000003,0.5264888564808277
32,2,0.005,58,0.29,0.5220488154351224
32,2,0.005,59,0.295,0.5176164566618575
32,2,0.005,60,0.3,0.5132840673815047
32,2,0.005,61,0.305,0.508935357923243
32,2,0.005,62,0.31,0.5046837817800804
32,2,0.005,63,0.315,0.5004671777987524
32,2,0.005,64,0.32,0.49631646106790006
32,2,0.005,65,0.325,0.4922382160249841
32,2,0.005,66,0.33,0.48811461323083516
32,2,0.005,67,0.335,0.4840613766664704
32,2,0.005,68,0.34,0.4800655327437161
32,2,0.005,69,0.34500000000000003,0.47615131558996604
32,2,0.005,70,0.35000000000000003,0.47224089868982694
32,2,0.005,71,0.355,0.46838769566593463
32,2,0.005,72,0.36,0.46444075138987967
32,2,0.005,73,0.365,0.4605128113414354
32,2,0.005,74,0.37,0.4566355825121316
32,2,0.005,75,0.375,0.4528451263188421
32,2,0.005,76,0.38,0.4490872494251762
32,2,0.005,77,0.385,0.44541025619503627
32,2,0.005,78,0.39,0.44179253471891633
32,2,0.005,79,0.395,0.4381972594087364
32,2,0.005,80,0.4,0.43461001122927306
32,2,0.005,81,0.405,0.4311509255700777
32,2,0.005,82,0.41000000000000003,0.4277250035208405
32,2,0.005,83,0.41500000000000004,0.42427518052887836
32,2,0.005,84,0.42,0.42086036160338725
32,2,0.005,85,0.425,0.4175624098416524
32,2,0.005,86,0.43,0.41433989573025853
32,2,0.005,87,0.435,0.4112663942665186
32,2,0.005,88,0.44,0.408311669167315
32,2,0.005,89,0.445,0.4053856829321305
32,2,0.005,90,0.45,0.40250107241317207
32,2,0.005,91,0.455,0.39962672902846913
32,2,0.005,92,0.46,0.39677743723618064
32,2,0.005,93,0.465,0.3939885537592913
32,2,0.005,94,0.47000000000000003,0.39125626338403874
32,2,0.005,95,0.47500000000000003,0.3884221518922709
32,2,0.005,96,0.48,0.38569426534010326
32,2,0.005,97,0.485,0.38300576513563456
32,2,0.005,98,0.49,0.38027513672597857
32,2,0.005,99,0.495,0.37754387591928745
32,2,0.005,100,0.5,0.37493560130216264
32,2,0.005,101,0.505,0.37233377404332
32,2,0.005,102,0.51,0.3697450708963536
32,2,0.005,103,0.515,0.36726591735660374
32,2,0.005,104,0.52,0.3648195451914734
32,2,0.005,105,0.525,0.36241586279076143
32,2,0.005,106,0.53,0.36007752872486576
32,2,0.005,107,0.535,0.3577032546909893
32,2,0.005,108,0.54,0.355412787567074
32,2,0.005,109,0.545,0.353088942775865
32,2,0.005,110,0.55,0.3507312340819876
32,2,0.005,111,0.555,0.3483775014007499
32,2,0.005,112,0.56,0.3460983385002042
32,2,0.005,113,0.5650000000000001,0.3438976580993995
32,2,0.005,114,0.5700000000000001,0.34171235831969093
32,2,0.005,115,0.5750000000000001,0.3395339219349678
32,2,0.005,116,0.58,0.3373922626740167
32,2,0.005,117,0.585,0.33526630016924014
32,2,0.005,118,0.59,0.3331536674243286
32,2,0.005,119,0.595,0.3309980286312644
32,2,0.005,120,0.6,0.32889486950582514
32,2,0.005,121,0.605,0.3268503406211418
32,2,0.005,122,0.61,0.3248742334727369
32,2,0.005,123,0.615,0.3228911108108153
32,2,0.005,124,0.62,0.32095735498522515
32,2,0.005,125,0.625,0.31901031266794
32,2,0.005,126,0.63,0.31718900308703935
32,2,0.005,127,0.635,0.31538386879854213
32,2,0.005,128,0.64,0.3135712813263339
32,2,0.005,129,0.645,0.3118237876371039
32,2,0.005,130,0.65,0.31009752231539456
32,2,0.005,131,0.655,0.30827907262947196
32,2,0.005,132,0.66,0.30646159038924375
32,2,0.005,133,0.665,0.3046810341480797
32,2,0.005,134,0.67,0.30287037029776465
32,2,0.005,135,0.675,0.3010726807532338
32,2,0.005,136,0.68,0.29928656257461866
32,2,0.005,137,0.685,0.29755979789155773
32,2,0.005,138,0.6900000000000001,0.2958583762930169
32,2,0.005,139,0.6950000000000001,0.2940784819279416
32,2,0.005,140,0.7000000000000001,0.2923267199137852
32,2,0.005,141,0.705,0.29054349477616875
32,2,0.005,142,0.71,0.28872069426016506
32,2,0.005,143,0.715,0.2869007754618786
32,2,0.005,144,0.72,0.28511333087753954
32,2,0.005,145,0.725,0.28338684876674924
32,2,0.005,146,0.73,0.28171884283368354
32,2,0.005,147,0.735,0.28009098473426014
32,2,0.005,148,0.74,0.27848582020586576
32,2,0.005,149,0.745,0.27685221048092323
32,2,0.005,150,0.75,0.27519762696973266
32,2,0.005,151,0.755,0.27362489650119526
32,2,0.005,152,0.76,0.2721414694758504
32,2,0.005,153,0.765,0.27057452484930167
32,2,0.005,154,0.77,0.2690569073052069
32,2,0.005,155,0.775,0.2675297286787291
32,2,0.005,156,0.78,0.2660052638266863
32,2,0.005,157,0.785,0.2644408244978951
32,2,0.005,158,0.79,0.2628877625483592
32,2,0.005,159,0.795,0.2613366190582702
32,2,0.005,160,0.8,0.2597323030304305
32,2,0.005,161,0.805,0.25809882865105377
32,2,0.005,162,0.81,0.25654228832783127
32,2,0.005,163,0.8150000000000001,0.2550716676020828
32,2,0.005,164,0.8200000000000001,0.2535532060856391
32,2,0.005,165,0.8250000000000001,0.2519227830406296
32,2,0.005,166,0.8300000000000001,0.25035178178022777
32,2,0.005,167,0.835,0.24873969923335987
32,2,0.005,168,0.84,0.24717681109774378
32,2,0.005,169,0.845,0.24555776940114987
32,2,0.005,170,0.85,0.24395847768635825
32,2,0.005,171,0.855,0.24236016154998524
32,2,0.005,172,0.86,0.24074962582961407
32,2,0.005,173,0.865,0.2391220784972845
32,2,0.005,174,0.87,0.23754728376948195
32,2,0.005,175,0.875,0.23591939859049837
32,2,0.005,176,0.88,0.23435487891677526
32,2,0.005,177,0.885,0.23287068989040005
32,2,0.005,178,0.89,0.23151247807894615
32,2,0.005,179,0.895,0.23017736852321113
32,2,0.005,180,0.9,0.2288862309506933
32,2,0.005,181,0.905,0.2275816832241827
32,2,0.005,182,0.91,0.2262335531954589
32,2,0.005,183,0.915,0.2248067054854545
32,2,0.005,184,0.92,0.2234554884581053
32,2,0.005,185,0.925,0.22210735345025073
32,2,0.005,186,0.93,0.2207364952425892
32,2,0.005,187,0.935,0.21932722889895737
32,2,0.005,188,0.9400000000000001,0.217846984176493
32,2,0.005,189,0.9450000000000001,0.2164564778669777
32,2,0.005,190,0.9500000000000001,0.21509556997255944
32,2,0.005,191,0.9550000000000001,0.21375154530214474
32,2,0.005,192,0.96,0.21239400687612692
32,2,0.005,193,0.965,0.21095928205852865
32,2,0.005,194,0.97,0.20953551203435947
32,2,0.005,195,0.975,0.20804723465455494
32,2,0.005,196,0.98,0.20654697955417836
32,2,0.005,197,0.985,0.20498206780748363
32,2,0.005,198,0.99,0.20337561047061128
32,2,0.005,199,0.995,0.20178854647811645
32,2,0.005,200,1.0,0.20029287668520043
32,2,0.005,201,1.0050000000000001,0.19890139436823587
32,2,0.005,202,1.01,0.1975561237433381
32,2,0.005,203,1.0150000000000001,0.19633605284295444
32,2,0.005,204,1.02,0.19503432508432528
32,2,0.005,205,1.025,0.1937928014198828
32,2,0.005,206,1.03,0.19262955001798074
32,2,0.005,207,1.035,0.1915230378076576
32,2,0.005,208,1.04,0.19045018417418821
32,2,0.005,209,1.045,0.18936282123402787
32,2,0.005,210,1.05,0.188303574270889
32,2,0.005,211,1.055,0.1872641359429403
32,2,0.005,212,1.06,0.18616756635512777
32,2,0.005,213,1.065,0.1850905519748881
32,2,0.005,214,1.07,0.18402289509029987
32,2,0.005,215,1.075,0.18303271891949136
32,2,0.005,216,1.08,0.18199749464521514
32,2,0.005,217,1.085,0.18104444995443325
32,2,0.005,218,1.09,0.1801614304943251
32,2,0.005,219,1.095,0.17932819448647713
32,2,0.005,220,1.1,0.17845360732524357
32,2,0.005,221,1.105,0.17756042511063305
32,2,0.005,222,1.11,0.17659334541784122
32,2,0.005,223,1.115,0.1755827707949557
32,2,0.005,224,1.12,0.17453526038449715
32,2,0.005,225,1.125,0.1735033155738175
32,2,0.005,226,1.1300000000000001,0.17245641391693597
32,2,0.005,227,1.135,0.1713240908398327
32,2,0.005,228,1.1400000000000001,0.170244042714794
32,2,0.005,229,1.145,0.1692479119081422
32,2,0.005,230,1.1500000000000001,0.1683153307261066
32,2,0.005,231,1.155,0.16740005792005497
32,2,0.005,232,1.16,0.16653811400118876
32,2,0.005,233,1.165,0.16565075882863653
32,2,0.005,234,1.17,0.16471614798844483
32,2,0.005,235,1.175,0.16374873623500963
32,2,0.005,236,1.18,0.16277101605890404
32,2,0.005,237,1.185,0.16182405138615297
32,2,0.005,238,1.19,0.16088628362779867
32,2,0.005,239,1.195,0.15999255606930712
32,2,0.005,240,1.2,0.15911512030900735
32,2,0.005,241,1.205,0.158227533137884
32,2,0.005,242,1.21,0.1573712127815289
32,2,0.005,243,1.215,0.15649937304276168
32,2,0.005,244,1.22,0.15568746923224802
32,2,0.005,245,1.225,0.15491309435448825
32,2,0.005,246,1.23,0.15408786904355812
32,2,0.005,247,1.235,0.15332410644285227
32,2,0.005,248,1.24,0.15249723836387502
32,2,0.005,249,1.245,0.1516254239869814
32,2,0.005,250,1.25,0.1507095468230169
32,2,0.005,251,1.2550000000000001,0.14984861002842315
32,2,0.005,252,1.26,0.14901002894405316
32,2,0.005,253,1.2650000000000001,0.1482104884154402
32,2,0.005,254,1.27,0.1473808365067231
32,2,0.005,255,1.2750000000000001,0.14656191906848243
32,2,0.005,256,1.28,0.14577248908737578
32,2,0.005,257,1.285,0.14506779435590306
32,2,0.005,258,1.29,0.14440346486551556
32,2,0.005,259,1.295,0.14369659446169453
32,2,0.005,260,1.3,0.1430120922378471
32,2,0.005,261,1.305,0.1424300402935076
32,2,0.005,262,1.31,0.14187122697877041
32,2,0.005,263,1.315,0.14138463835554352
32,2,0.005,264,1.32,0.14089421086874943
32,2,0.005,265,1.325,0.1403787256224127
32,2,0.005,266,1.33,0.1399289930180567
32,2,0.005,267,1.335,0.1395401497099606
32,2,0.005,268,1.34,0.1391145677317326
32,2,0.005,269,1.345,0.1387011490132331
32,2,0.005,270,1.35,0.13823785025703386
32,2,0.005,271,1.355,0.1377806647031482
32,2,0.005,272,1.36,0.13735133845890435
32,2,0.005,273,1.365,0.1368565577358303
32,2,0.005,274,1.37,0.13627004627564074
32,2,0.005,275,1.375,0.13570716587898296
32,2,0.005,276,1.3800000000000001,0.13513293396135115
32,2,0.005,277,1.385,0.1345321032300349
32,2,0.005,278,1.3900000000000001,0.1339593931111909
32,2,0.005,279,1.395,0.13339327849594632
32,2,0.005,280,1.4000000000000001,0.13281640121095767
32,2,0.005,281,1.405,0.13225439128746197
32,2,0.005,282,1.41,0.13164722973111398
32,2,0.005,283,1.415,0.13107968894193228
32,2,0.005,284,1.42,0.13048875901063112
32,2,0.005,285,1.425,0.12992509703460386
32,2,0.005,286,1.43,0.1294287683394562
32,2,0.005,287,1.435,0.128909726591976
32,2,0.005,288,1.44,0.12842718294392141
32,2,0.005,289,1.445,0.12796736644340828
32,2,0.005,290,1.45,0.12749990407797138
32,2,0.005,291,1.455,0.12701255531304756
32,2,0.005,292,1.46,0.12657433292990064
32,2,0.005,293,1.465,0.1261220009013656
32,2,0.005,294,1.47,0.12564470251462265
32,2,0.005,295,1.475,0.1251921641877634
32,2,0.005,296,1.48,0.12471544105361551
32,2,0.005,297,1.485,0.12422099928444698
32,2,0.005,298,1.49,0.1237850276919315
32,2,0.005,299,1.495,0.12333857056082773
32,2,0.005,300,1.5,0.12292193640543117
32,2,0.005,301,1.5050000000000001,0.12259148901600184
32,2,0.005,302,1.51,0.12216358900350414
32,2,0.005,303,1.5150000000000001,0.12168528331423968
32,2,0.005,304,1.52,0.12128023450798997
32,2,0.005,305,1.5250000000000001,0.12097194055110351
32,2,0.005,306,1.53,0.12069127602503564
32,2,0.005,307,1.5350000000000001,0.12041210979095945
32,2,0.005,308,1.54,0.12012111798301553
32,2,0.005,309,1.545,0.11988800234891851
32,2,0.005,310,1.55,0.11969539997202132
32,2,0.005,311,1.555,0.11944330053828126
32,2,0.005,312,1.56,0.11924335462921849
32,2,0.005,313,1.565,0.1189932011953117
32,2,0.005,314,1.57,0.11873197169052051
32,2,0.005,315,1.575,0.11848971169131138
32,2,0.005,316,1.58,0.11821245255351386
32,2,0.005,317,1.585,0.11794481462851893
32,2,0.005,318,1.59,0.11769860897868192
32,2,0.005,319,1.595,0.11737834075292419
32,2,0.005,320,1.6,0.11712307471653022
32,2,0.005,321,1.605,0.11690451571093402
32,2,0.005,322,1.61,0.11672569869136894
32,2,0.005,323,1.615,0.1165256778651417
32,2,0.005,324,1.62,0.11626506446321669
32,2,0.005,325,1.625,0.11603358617735673
32,2,0.005,326,1.6300000000000001,0.1157692538596655
32,2,0.005,327,1.635,0.11558900882737538
32,2,0.005,328,1.6400000000000001,0.11539120603732099
32,2,0.005,329,1.645,0.11517346192082706
32,2,0.005,330,1.6500000000000001,0.11491371629773228
32,2,0.005,331,1.655,0.11461177749505347
32,2,0.005,332,1.6600000000000001,0.11420181420145238
32,2,0.005,333,1.665,0.11379956247834806
32,2,0.005,334,1.67,0.11343212681143935
32,2,0.005,335,1.675,0.11305181349284482
32,2,0.005,336,1.68,0.11264282726719922
32,2,0.005,337,1.685,0.11221195847563242
32,2,0.005,338,1.69,0.11172383202360203
32,2,0.005,339,1.695,0.11127868965395844
32,2,0.005,340,1.7,0.11075231244327866
32,2,0.005,341,1.705,0.11023210084799923
32,2,0.005,342,1.71,0.1096813770628771
32,2,0.005,343,1.715,0.10907567359877528
32,2,0.005,344,1.72,0.10856547611266804
32,2,0.005,345,1.725,0.1080879069409276
32,2,0.005,346,1.73,0.10761964459189668
32,2,0.005,347,1.735,0.10708776238961297
32,2,0.005,348,1.74,0.1065551162179588
32,2,0.005,349,1.745,0.10602031841137517
32,2,0.005,350,1.75,0.10544281627416041
32,2,0.005,351,1.7550000000000001,0.10480473074078964
32,2,0.005,352,1.76,0.1042455595396434
32,2,0.005,353,1.7650000000000001,0.10376125353439347
32,2,0.005,354,1.77,0.10323773577046644
32,2,0.005,355,1.7750000000000001,0.10269308677512544
32,2,0.005,356,1.78,0.10223365156095413
32,2,0.005,357,1.7850000000000001,0.10172276261307492
32,2,0.005,358,1.79,0.10122025842241078
32,2,0.005,359,1.795,0.10075833434992602
32,2,0.005,360,1.8,0.10024042579597844
32,2,0.005,361,1.805,0.09974932978160375
32,2,0.005,362,1.81,0.09923163910911616
32,2,0.005,363,1.815,0.09875924157292984
32,2,0.005,364,1.82,0.09826164259378443
32,2,0.005,365,1.825,0.09781709014456295
32,2,0.005,366,1.83,0.09738871424502106
32,2,0.005,367,1.835,0.09693751232877541
32,2,0.005,368,1.84,0.09648425364989499
32,2,0.005,369,1.845,0.09605512861140927
32,2,0.005,370,1.85,0.09567325612770441
32,2,0.005,371,1.855,0.0952342534657282
32,2,0.005,372,1.86,0.09479761982200748
32,2,0.005,373,1.865,0.0943607944441817
32,2,0.005,374,1.87,0.09393631971524208
32,2,0.005,375,1.875,0.0934726174693819
32,2,0.005,376,1.8800000000000001,0.09303026178520561
32,2,0.005,377,1.885,0.0926631586234523
32,2,0.005,378,1.8900000000000001,0.09230982612202854
32,2,0.005,379,1.895,0.09194146481834961
32,2,0.005,380,1.9000000000000001,0.09164293067774484
32,2,0.005,381,1.905,0.09137677316284466
32,2,0.005,382,1.9100000000000001,0.0910371099302798
32,2,0.005,383,1.915,0.09071681253544073
32,2,0.005,384,1.92,0.09032675076480362
32,2,0.005,385,1.925,0.08992461793869087
32,2,0.005,386,1.93,0.08952665986722219
32,2,0.005,387,1.935,0.08902473974820535
32,2,0.005,388,1.94,0.08858065937496007
32,2,0.005,389,1.945,0.08815842416206873
32,2,0.005,390,1.95,0.08772219666053424
32,2,0.005,391,1.955,0.08728587329166437
32,2,0.005,392,1.96,0.08689921896126968
32,2,0.005,393,1.965,0.08652624113535091
32,2,0.005,394,1.97,0.08617598080063435
32,2,0.005,395,1.975,0.08591634468829176
32,2,0.005,396,1.98,0.0856861492890584
32,2,0.005,397,1.985,0.08537816591998038
32,2,0.005,398,1.99,0.08505294442815496
32,2,0.005,399,1.995,0.08472331742843228
32,2,0.005,400,2.0,0.08434699655825861
256,0,0.01,0,0.0,1.0
256,0,0.01,1,0.01,0.957255328044813
256,0,0.01,2,0.02,0.9167318837384082
256,0,0.01,3,0.03,0.8783734094417046
256,0,0.01,4,0.04,0.8421653079873505
256,0,0.01,5,0.05,0.8078218533554903
256,0,0.01,6,0.06,0.7755168191406209
256,0,0.01,7,0.07,0.7448985469055751
256,0,0.01,8,0.08,0.7157382744328082
256,0,0.01,9,0.09,0.6877343833267653
256,0,0.01,10,0.1,0.6612723399454838
256,0,0.01,11,0.11,0.6361862744594655
256,0,0.01,12,0.12,0.6122959978391999
256,0,0.01,13,0.13,0.5894545642122146
256,0,0.01,14,0.14,0.567535792809539
256,0,0.01,15,0.15,0.5468520649261637
256,0,0.01,16,0.16,0.5271615943411916
256,0,0.01,17,0.17,0.5083652181157966
256,0,0.01,18,0.18,0.4903077125444356
256,0,0.01,19,0.19,0.47319235651494634
256,0,0.01,20,0.2,0.456674751396364
256,0,0.01,21,0.21,0.4409137848054389
256,0,0.01,22,0.22,0.4259971009415954
256,0,0.01,23,0.23,0.41164479987449515
256,0,0.01,24,0.24,0.39824476163372924
256,0,0.01,25,0.25,0.3853245208033979
256,0,0.01,26,0.26,0.37304897434279277
256,0,0.01,27,0.27,0.361093055017059
256,0,0.01,28,0.28,0.3496835807738713
256,0,0.01,29,0.29,0.3385869017752939
256,0,0.01,30,0.3,0.3278547902236175
256,0,0.01,31,0.31,0.31721238623477005
256,0,0.01,32,0.32,0.3067766112541485
256,0,0.01,33,0.33,0.29719754912134677
256,0,0.01,34,0.34,0.28815890516704895
256,0,0.01,35,0.35000000000000003,0.27933501873847405
256,0,0.01,36,0.36,0.2707423365226511
256,0,0.01,37,0.37,0.2621489707522905
256,0,0.01,38,0.38,0.2540691599300278
256,0,0.01,39,0.39,0.24647444332711604
256,0,0.01,40,0.4,0.23929242729282602
256,0,0.01,41,0.41000000000000003,0.23265454272040842
256,0,0.01,42,0.42,0.2263565718326867
256,0,0.01,43,0.43,0.2201215804781252
256,0,0.01,44,0.44,0.21415991637008047
256,0,0.01,45,0.45,0.20834669448418816
256,0,0.01,46,0.46,0.2024627408911073
256,0,0.01,47,0.47000000000000003,0.19685144516477224
256,0,0.01,48,0.48,0.19164688312312
256,0,0.01,49,0.49,0.1864337321581509
256,0,0.01,50,0.5,0.1812859829149219
256,0,0.01,51,0.51,0.17624274244028879
256,0,0.01,52,0.52,0.17118340457320844
256,0,0.01,53,0.53,0.1663788408372069
256,0,0.01,54,0.54,0.16187493289053265
256,0,0.01,55,0.55,0.15746419917791665
256,0,0.01,56,0.56,0.15345281087252036
256,0,0.01,57,0.5700000000000001,0.14938406193963913
256,0,0.01,58,0.58,0.14532988749213133
256,0,0.01,59,0.59,0.141440658125487
256,0,0.01,60,0.6,0.13750229427009525
256,0,0.01,61,0.61,0.13342628933890843
256,0,0.01,62,0.62,0.1295066592865481
256,0,0.01,63,0.63,0.12577068283500628
256,0,0.01,64,0.64,0.12221318464127737
256,0,0.01,65,0.65,0.11869032207704544
256,0,0.01,66,0.66,0.11554469826956912
256,0,0.01,67,0.67,0.11269351381534277
256,0,0.01,68,0.68,0.10973140782105394
256,0,0.01,69,0.6900000000000001,0.10686097058195121
256,0,0.01,70,0.7000000000000001,0.10402599685276431
256,0,0.01,71,0.71,0.10142593475454027
256,0,0.01,72,0.72,0.0988597988218202
256,0,0.01,73,0.73,0.09645526094389115
256,0,0.01,74,0.74,0.09397902218369301
256,0,0.01,75,0.75,0.09136977152111837
256,0,0.01,76,0.76,0.08881321873891901
256,0,0.01,77,0.77,0.0859982242619291
256,0,0.01,78,0.78,0.08341278924456158
256,0,0.01,79,0.79,0.08078863155983869
256,0,0.01,80,0.8,0.07850412085861755
256,0,0.01,81,0.81,0.07617902832367938
256,0,0.01,82,0.8200000000000001,0.07393216058364172
256,0,0.01,83,0.8300000000000001,0.07148408997186285
256,0,0.01,84,0.84,0.06932198465453251
256,0,0.01,85,0.85,0.06746655833010154
256,0,0.01,86,0.86,0.06551966927674052
256,0,0.01,87,0.87,0.06352096398944843
256,0,0.01,88,0.88,0.061217671375438154
256,0,0.01,89,0.89,0.05887753654863297
256,0,0.01,90,0.9,0.05688690388692596
256,0,0.01,91,0.91,0.054682816341644694
256,0,0.01,92,0.92,0.052775873004059906
256,0,0.01,93,0.93,0.05117572856193087
256,0,0.01,94,0.9400000000000001,0.04966685880979249
256,0,0.01,95,0.9500000000000001,0.04792179569924823
256,0,0.01,96,0.96,0.04623179777870979
256,0,0.01,97,0.97,0.044393320325776885
256,0,0.01,98,0.98,0.042660380064588485
256,0,0.01,99,0.99,0.041140800331887994
256,0,0.01,100,1.0,0.03959941167630704
256,0,0.01,101,1.01,0.03802071966704156
256,0,0.01,102,1.02,0.03655533991581165
256,0,0.01,103,1.03,0.035284497551003186
256,0,0.01,104,1.04,0.034279710063627594
256,0,0.01,105,1.05,0.03337029483229928
256,0,0.01,106,1.06,0.032505260294179925
256,0,0.01,107,1.07,0.03159489606873565
256,0,0.01,108,1.08,0.030743910484751037
256,0,0.01,109,1.09,0.029722039232390265
256,0,0.01,110,1.1,0.028793198820285144
256,0,0.01,111,1.11,0.02757674484169515
256,0,0.01,112,1.12,0.02661670452990722
256,0,0.01,113,1.1300000000000001,0.025485783811384215
256,0,0.01,114,1.1400000000000001,0.02441759226348239
256,0,0.01,115,1.1500000000000001,0.023406233931901405
256,0,0.01,116,1.16,0.022804645681303984
256,0,0.01,117,1.17,0.02204569912824334
256,0,0.01,118,1.18,0.021260413225579623
256,0,0.01,119,1.19,0.020353846166513815
256,0,0.01,120,1.2,0.01925234970458804
256,0,0.01,121,1.21,0.017933866026318156
256,0,0.01,122,1.22,0.016532598953230303
256,0,0.01,123,1.23,0.015325827727801021
256,0,0.01,124,1.24,0.014286397939465878
256,0,0.01,125,1.25,0.013510257455121652
256,0,0.01,126,1.26,0.012644672871239115
256,0,0.01,127,1.27,0.011797013824951425
256,0,0.01,128,1.28,0.01100210059038521
256,0,0.01,129,1.29,0.010567576618820913
256,0,0.01,130,1.3,0.009986048089092387
256,0,0.01,131,1.31,0.009288217361334334
256,0,0.01,132,1.32,0.008897023078934235
256,0,0.01,133,1.33,0.008742341941752298
256,0,0.01,134,1.34,0.00840133110151008
256,0,0.01,135,1.35,0.007950401164377768
256,0,0.01,136,1.36,0.0072949087933386015
256,0,0.01,137,1.37,0.0066664708829545305
256,0,0.01,138,1.3800000000000001,0.006264780286743144
256,0,0.01,139,1.3900000000000001,0.005928064731484971
256,0,0.01,140,1.4000000000000001,0.005502489900961688
256,0,0.01,141,1.41,0.0052046206909752155
256,0,0.01,142,1.42,0.004837143686978405
256,0,0.01,143,1.43,0.004783607483877461
256,0,0.01,144,1.44,0.00460179832557847
256,0,0.01,145,1.45,0.0043455596009144394
256,0,0.01,146,1.46,0.0042730790963654095
256,0,0.01,147,1.47,0.004028090884349493
256,0,0.01,148,1.48,0.0038620163105437836
256,0,0.01,149,1.49,0.0038730158567455686
256,0,0.01,150,1.5,0.003932684197268518
256,0,0.01,151,1.51,0.0037753837840406564
256,0,0.01,152,1.52,0.0034841552881598077
256,0,0.01,153,1.53,0.0029670267277299247
256,0,0.01,154,1.54,0.002616310818467926
256,0,0.01,155,1.55,0.0022508615007040666
256,0,0.01,156,1.56,0.001990268796101693
256,0,0.01,157,1.57,0.0014250495647765745
256,0,0.01,158,1.58,0.0008993590591598976
256,0,0.01,159,1.59,0.0003606878428281915
256,0,0.01,160,1.6,-9.00878444370758e-05
256,0,0.01,161,1.61,-0.0005171576797123915
256,0,0.01,162,1.62,-0.0008775389041050369
256,0,0.01,163,1.6300000000000001,-0.001515279878984475
256,0,0.01,164,1.6400000000000001,-0.0020158605272024037
256,0,0.01,165,1.6500000000000001,-0.002646010242461578
256,0,0.01,166,1.6600000000000001,-0.0031872718792633524
256,0,0.01,167,1.67,-0.003259103868115345
256,0,0.01,168,1.68,-0.0029278587815405165
256,0,0.01,169,1.69,-0.0023275083721917226
256,0,0.01,170,1.7,-0.002134690943643713
256,0,0.01,171,1.71,-0.0022053333984198256
256,0,0.01,172,1.72,-0.0025722265240747887
256,0,0.01,173,1.73,-0.0030342991965763427
256,0,0.01,174,1.74,-0.0033387710003121482
256,0,0.01,175,1.75,-0.0035239306012754975
256,0,0.01,176,1.76,-0.0034460490391229146
256,0,0.01,177,1.77,-0.003201072521264514
256,0,0.01,178,1.78,-0.003234066462203626
256,0,0.01,179,1.79,-0.003382590267283154
256,0,0.01,180,1.8,-0.003365901250268391
256,0,0.01,181,1.81,-0.0030824357409456587
256,0,0.01,182,1.82,-0.0027310541572692485
256,0,0.01,183,1.83,-0.00214871899709868
256,0,0.01,184,1.84,-0.00159546959422427
256,0,0.01,185,1.85,-0.001058119137196139
256,0,0.01,186,1.86,-0.0006753122220104788
256,0,0.01,187,1.87,-0.0003304566586023076
256,0,0.01,188,1.8800000000000001,7.881071690668995e-05
256,0,0.01,189,1.8900000000000001,0.00016162906208909075
256,0,0.01,190,1.9000000000000001,0.0003231048254736976
256,0,0.01,191,1.9100000000000001,0.0005911432904673529
256,0,0.01,192,1.92,0.0008119655208506735
256,0,0.01,193,1.93,0.0011637002080952745
256,0,0.01,194,1.94,0.0014904885922974256
256,0,0.01,195,1.95,0.0016951383485867724
256,0,0.01,196,1.96,0.0019072166085259891
256,0,0.01,197,1.97,0.0020348676321821496
256,0,0.01,198,1.98,0.0020663589250563604
256,0,0.01,199,1.99,0.002153762742793648
256,0,0.01,200,2.0,0.002480542043055199
256,0,0.005,0,0.0,1.0
256,0,0.005,1,0.005,0.978841319809611
256,0,0.005,2,0.01,0.9583482647517158
256,0,0.005,3,0.015,0.9383300925160651
256,0,0.005,4,0.02,0.918820439948994
256,0,0.005,5,0.025,0.8998113210651923
256,0,0.005,6,0.03,0.8814181867791092
256,0,0.005,7,0.035,0.8633959354832232
256,0,0.005,8,0.04,0.8458555689045498
256,0,0.005,9,0.045,0.8287787829268531
256,0,0.005,10,0.05,0.8122098344897192
256,0,0.005,11,0.055,0.7961016476519447
256,0,0.005,12,0.06,0.78049404041953
256,0,0.005,13,0.065,0.7651580614773978
256,0,0.005,14,0.07,0.7501732993427799
256,0,0.005,15,0.075,0.735582289696796
256,0,0.005,16,0.08,0.7213655100410488
256,0,0.005,17,0.085,0.7075283336414133
256,0,0.005,18,0.09,0.6939489781345498
256,0,0.005,19,0.095,0.6807353769874359
256,0,0.005,20,0.1,0.6678353602714849
256,0,0.005,21,0.105,0.6552035034603839
256,0,0.005,22,0.11,0.6427947804872931
256,0,0.005,23,0.115,0.6306752055636363
256,0,0.005,24,0.12,0.6189603514833052
256,0,0.005,25,0.125,0.6075602983098074
256,0,0.005,26,0.13,0.596332626050458
256,0,0.005,27,0.135,0.5854235475949173
256,0,0.005,28,0.14,0.5747330590358752
256,0,0.005,29,0.145,0.5643527550539755
256,0,0.005,30,0.15,0.5541563328895964
256,0,0.005,31,0.155,0.544197147524669
256,0,0.005,32,0.16,0.5344487577664193
256,0,0.005,33,0.165,0.5249786332224105
256,0,0.005,34,0.17,0.5157295600333642
256,0,0.005,35,0.17500000000000002,0.5065714347919299
256,0,0.005,36,0.18,0.497590845648103
256,0,0.005,37,0.185,0.48876084031045863
256,0,0.005,38,0.19,0.4801842971741186
256,0,0.005,39,0.195,0.4716705815122215
256,0,0.005,40,0.2,0.4633520437108886
256,0,0.005,41,0.20500000000000002,0.45527080540721593
256,0,0.005,42,0.21,0.4474033418259182
256,0,0.005,43,0.215,0.4397013374763387
256,0,0.005,44,0.22,0.43218018185280105
256,0,0.005,45,0.225,0.42473664090382623
256,0,0.005,46,0.23,0.4175495798090687
256,0,0.005,47,0.23500000000000001,0.4104235273734453
256,0,0.005,48,0.24,0.40338338941722096
256,0,0.005,49,0.245,0.39652166320570986
256,0,0.005,50,0.25,0.38990982635505855
256,0,0.005,51,0.255,0.38342452892233614
256,0,0.005,52,0.26,0.377119198043108
256,0,0.005,53,0.265,0.370929518714718
256,0,0.005,54,0.27,0.36485116971357845
256,0,0.005,55,0.275,0.3588499123857235
256,0,0.005,56,0.28,0.35305355329340926
256,0,0.005,57,0.28500000000000003,0.3474105726015414
256,0,0.005,58,0.29,0.34180962670948445
256,0,0.005,59,0.295,0.33626574796214326
256,0,0.005,60,0.3,0.3308155082293148
256,0,0.005,61,0.305,0.3255571730505365
256,0,0.005,62,0.31,0.3205256380751178
256,0,0.005,63,0.315,0.31569229237699176
256,0,0.005,64,0.32,0.3109460695175353
256,0,0.005,65,0.325,0.30624097093587876
256,0,0.005,66,0.33,0.3016018300436801
256,0,0.005,67,0.335,0.29695870429836796
256,0,0.005,68,0.34,0.2924646881150436
256,0,0.005,69,0.34500000000000003,0.28809899501407676
256,0,0.005,70,0.35000000000000003,0.2838004311953674
256,0,0.005,71,0.355,0.2796089384332179
256,0,0.005,72,0.36,0.27546517340817117
256,0,0.005,73,0.365,0.27132519578407654
256,0,0.005,74,0.37,0.26723536597774644
256,0,0.005,75,0.375,0.2632285315384688
256,0,0.005,76,0.38,0.25921663336832584
256,0,0.005,77,0.385,0.25529175588008296
256,0,0.005,78,0.39,0.2513627707003805
256,0,0.005,79,0.395,0.24755640840668103
256,0,0.005,80,0.4,0.24384346964416745
256,0,0.005,81,0.405,0.24018948565222453
256,0,0.005,82,0.41000000000000003,0.23664191329056927
256,0,0.005,83,0.41500000000000004,0.2331890693457327
256,0,0.005,84,0.42,0.22986248256350952
256,0,0.005,85,0.425,0.22648208179803106
256,0,0.005,86,0.43,0.22325072468822324
256,0,0.005,87,0.435,0.22014073217739846
256,0,0.005,88,0.44,0.2170839480280065
256,0,0.005,89,0.445,0.21413375562762604
256,0,0.005,90,0.45,0.21116125681421882
256,0,0.005,91,0.455,0.20825261831929875
256,0,0.005,92,0.46,0.20540571208556488
256,0,0.005,93,0.465,0.20272933073491747
256,0,0.005,94,0.47000000000000003,0.1999750411375804
256,0,0.005,95,0.47500000000000003,0.1972293465838228
256,0,0.005,96,0.48,0.19461759739841616
256,0,0.005,97,0.485,0.1918910449715748
256,0,0.005,98,0.49,0.18929058242332986
256,0,0.005,99,0.495,0.18678398109992927
256,0,0.005,100,0.5,0.1843069016114641
256,0,0.005,101,0.505,0.1818779819241857
256,0,0.005,102,0.51,0.17952869981235123
256,0,0.005,103,0.515,0.17722777447961985
256,0,0.005,104,0.52,0.1749910183536474
256,0,0.005,105,0.525,0.17281601893537368
256,0,0.005,106,0.53,0.17066947823876338
256,0,0.005,107,0.535,0.1685338660323767
256,0,0.005,108,0.54,0.16652030545446983
256,0,0.005,109,0.545,0.16448586488113892
256,0,0.005,110,0.55,0.16256561087281798
256,0,0.005,111,0.555,0.16072152973473686
256,0,0.005,112,0.56,0.15888364367282823
256,0,0.005,113,0.5650000000000001,0.15695162615563993
256,0,0.005,114,0.5700000000000001,0.155079690383678
256,0,0.005,115,0.5750000000000001,0.153258899436511
256,0,0.005,116,0.58,0.15155069957143336
256,0,0.005,117,0.585,0.14981942318662345
256,0,0.005,118,0.59,0.1481347237922509
256,0,0.005,119,0.595,0.1465108956985819
256,0,0.005,120,0.6,0.14490236429586764
256,0,0.005,121,0.605,0.14328937480035522
256,0,0.005,122,0.61,0.14164291900298237
256,0,0.005,123,0.615,0.14002615798671136
256,0,0.005,124,0.62,0.13846832882168347
256,0,0.005,125,0.625,0.13690008941438792
256,0,0.005,126,0.63,0.13534298858721594
256,0,0.005,127,0.635,0.13383413851065537
256,0,0.005,128,0.64,0.1323559524878361
256,0,0.005,129,0.645,0.13090386875316015
256,0,0.005,130,0.65,0.12948284813625643
256,0,0.005,131,0.655,0.12818939926973844
256,0,0.005,132,0.66,0.12684603570492123
256,0,0.005,133,0.665,0.1254740418317238
256,0,0.005,134,0.67,0.1239756204254149
256,0,0.005,135,0.675,0.12248190854717539
256,0,0.005,136,0.68,0.12094393941393342
256,0,0.005,137,0.685,0.11939633150690793
256,0,0.005,138,0.6900000000000001,0.11788328459199456
256,0,0.005,139,0.6950000000000001,0.1163829902255073
256,0,0.005,140,0.7000000000000001,0.11493411418422986
256,0,0.005,141,0.705,0.11343839522071836
256,0,0.005,142,0.71,0.11202611065162181
256,0,0.005,143,0.715,0.11049258651959343
256,0,0.005,144,0.72,0.10907459659631048
256,0,0.005,145,0.725,0.10774176426577124
256,0,0.005,146,0.73,0.10650592565725334
256,0,0.005,147,0.735,0.10522243308146675
256,0,0.005,148,0.74,0.10385713124855839
256,0,0.005,149,0.745,0.10249874453587887
256,0,0.005,150,0.75,0.10117507133467839
256,0,0.005,151,0.755,0.09993855265624188
256,0,0.005,152,0.76,0.09871283966669744
256,0,0.005,153,0.765,0.09758701398132597
256,0,0.005,154,0.77,0.09644190720347659
256,0,0.005,155,0.775,0.0952917662409597
256,0,0.005,156,0.78,0.09407138833575107
256,0,0.005,157,0.785,0.09271773066580752
256,0,0.005,158,0.79,0.09143343818301797
256,0,0.005,159,0.795,0.09018336965572805
256,0,0.005,160,0.8,0.08906899454508707
256,0,0.005,161,0.805,0.08812014999021636
256,0,0.005,162,0.81,0.0871450683545255
256,0,0.005,163,0.8150000000000001,0.08615113315461162
256,0,0.005,164,0.8200000000000001,0.08518837662243135
256,0,0.005,165,0.8250000000000001,0.08421058881072627
256,0,0.005,166,0.8300000000000001,0.08315105019424578
256,0,0.005,167,0.835,0.0822202814015375
256,0,0.005,168,0.84,0.08117039460126707
256,0,0.005,169,0.845,0.08013326482806982
256,0,0.005,170,0.85,0.07916083827649312
256,0,0.005,171,0.855,0.07814868428384562
256,0,0.005,172,0.86,0.07723499496952413
256,0,0.005,173,0.865,0.07627932987456092
256,0,0.005,174,0.87,0.07541190259606767
256,0,0.005,175,0.875,0.07458454793180361
256,0,0.005,176,0.88,0.07381708279949321
256,0,0.005,177,0.885,0.07303051637287378
256,0,0.005,178,0.89,0.07217184425345065
256,0,0.005,179,0.895,0.07144325811135821
256,0,0.005,180,0.9,0.07071762333421003
256,0,0.005,181,0.905,0.07001133355050189
256,0,0.005,182,0.91,0.06929289846636139
256,0,0.005,183,0.915,0.06862274252081192
256,0,0.005,184,0.92,0.0679553058441905
256,0,0.005,185,0.925,0.06728318208259948
256,0,0.005,186,0.93,0.0667180461632569
256,0,0.005,187,0.935,0.06610014289284931
256,0,0.005,188,0.9400000000000001,0.06545504298611976
256,0,0.005,189,0.9450000000000001,0.06483514531954471
256,0,0.005,190,0.9500000000000001,0.06415685103487301
256,0,0.005,191,0.9550000000000001,0.06363767174899647
256,0,0.005,192,0.96,0.06307472543832374
256,0,0.005,193,0.965,0.062473768530534615
256,0,0.005,194,0.97,0.061890666774293
256,0,0.005,195,0.975,0.06118651214719611
256,0,0.005,196,0.98,0.06048506988522196
256,0,0.005,197,0.985,0.05973502996038901
256,0,0.005,198,0.99,0.05909097930011374
256,0,0.005,199,0.995,0.05842293686345979
256,0,0.005,200,1.0,0.05778582680743234
256,0,0.005,201,1.0050000000000001,0.05721645851849119
256,0,0.005,202,1.01,0.05665286089285737
256,0,0.005,203,1.0150000000000001,0.05606790829121217
256,0,0.005,204,1.02,0.05560126878185942
256,0,0.005,205,1.025,0.05513590109910395
256,0,0.005,206,1.03,0.05455690983195528
256,0,0.005,207,1.035,0.05396858921748508
256,0,0.005,208,1.04,0.053370935889936084
256,0,0.005,209,1.045,0.05276608110083028
256,0,0.005,210,1.05,0.052222660491753836
256,0,0.005,211,1.055,0.05171747311348027
256,0,0.005,212,1.06,0.051214391489730546
256,0,0.005,213,1.065,0.05063403742297579
256,0,0.005,214,1.07,0.05005968067613206
256,0,0.005,215,1.075,0.049525148842942776
256,0,0.005,216,1.08,0.048998613913727236
256,0,0.005,217,1.085,0.04852390468044275
256,0,0.005,218,1.09,0.04797808349640324
256,0,0.005,219,1.095,0.04749491996801876
256,0,0.005,220,1.1,0.04696325125946531
256,0,0.005,221,1.105,0.04640261360258026
256,0,0.005,222,1.11,0.045784249099150826
256,0,0.005,223,1.115,0.04510324111170712
256,0,0.005,224,1.12,0.044445220894515386
256,0,0.005,225,1.125,0.04388699601438724
256,0,0.005,226,1.1300000000000001,0.04332829743681254
256,0,0.005,227,1.135,0.04283508278734412
256,0,0.005,228,1.1400000000000001,0.04237429581908384
256,0,0.005,229,1.145,0.04188713219110435
256,0,0.005,230,1.1500000000000001,0.041517270418686386
256,0,0.005,231,1.155,0.0411074223186044
256,0,0.005,232,1.16,0.04066070996254906
256,0,0.005,233,1.165,0.04029155129543066
256,0,0.005,234,1.17,0.03987822086359788
256,0,0.005,235,1.175,0.039287972038379096
256,0,0.005,236,1.18,0.03878084377674572
256,0,0.005,237,1.185,0.03831157831271379
256,0,0.005,238,1.19,0.0378403414586158
256,0,0.005,239,1.195,0.03738802329011899
256,0,0.005,240,1.2,0.03692809886148088
256,0,0.005,241,1.205,0.03645952947932522
256,0,0.005,242,1.21,0.035911258057296946
256,0,0.005,243,1.215,0.035438686913970195
256,0,0.005,244,1.22,0.0349678367669594
256,0,0.005,245,1.225,0.03447878001389318
256,0,0.005,246,1.23,0.033972905031191304
256,0,0.005,247,1.235,0.033471860531476674
256,0,0.005,248,1.24,0.03297477415625484
256,0,0.005,249,1.245,0.03251773141700334
256,0,0.005,250,1.25,0.031923294053442006
256,0,0.005,251,1.2550000000000001,0.0313062444862808
256,0,0.005,252,1.26,0.030615359950459192
256,0,0.005,253,1.2650000000000001,0.029927645949982484
256,0,0.005,254,1.27,0.02914754178288177
256,0,0.005,255,1.2750000000000001,0.028316153802888155
256,0,0.005,256,1.28,0.027690220587033784
256,0,0.005,257,1.285,0.02700876875852285
256,0,0.005,258,1.29,0.026340887419042374
256,0,0.005,259,1.295,0.025641329540327135
256,0,0.005,260,1.3,0.024850390887298617
256,0,0.005,261,1.305,0.024075644966552432
256,0,0.005,262,1.31,0.023336009696363694
256,0,0.005,263,1.315,0.022740975244348954
256,0,0.005,264,1.32,0.02210336816328337
256,0,0.005,265,1.325,0.02153422195827486
256,0,0.005,266,1.33,0.02084109734735888
256,0,0.005,267,1.335,0.020134521544536745
256,0,0.005,268,1.34,0.019467410203695246
256,0,0.005,269,1.345,0.018843050263207765
256,0,0.005,270,1.35,0.01817147609382971
256,0,0.005,271,1.355,0.01766443294876823
256,0,0.005,272,1.36,0.01711225425347925
256,0,0.005,273,1.365,0.016679468437864872
256,0,0.005,274,1.37,0.016255274742306775
256,0,0.005,275,1.375,0.015850099634361525
256,0,0.005,276,1.3800000000000001,0.015543350617288225
256,0,0.005,277,1.385,0.015263233890561004
256,0,0.005,278,1.3900000000000001,0.015028068047021668
256,0,0.005,279,1.395,0.014839169234462098
256,0,0.005,280,1.4000000000000001,0.014783883547560588
256,0,0.005,281,1.405,0.014693009872864727
256,0,0.005,282,1.41,0.01467222505072584
256,0,0.005,283,1.415,0.01476045088276746
256,0,0.005,284,1.42,0.01485404192439108
256,0,0.005,285,1.425,0.01497588054550953
256,0,0.005,286,1.43,0.015095174975454807
256,0,0.005,287,1.435,0.015198499349523192
256,0,0.005,288,1.44,0.015234042160997554
256,0,0.005,289,1.445,0.015224021009237603
256,0,0.005,290,1.45,0.015245012934371815
256,0,0.005,291,1.455,0.015266466079527724
256,0,0.005,292,1.46,0.015255830276512216
256,0,0.005,293,1.465,0.015216753998468079
256,0,0.005,294,1.47,0.015160819998668038
256,0,0.005,295,1.475,0.015122804687299748
256,0,0.005,296,1.48,0.015252853021497197
256,0,0.005,297,1.485,0.015327547331110044
256,0,0.005,298,1.49,0.015355950925527233
256,0,0.005,299,1.495,0.015448780391765969
256,0,0.005,300,1.5,0.015513859216775651
256,0,0.005,301,1.5050000000000001,0.015593942096835563
256,0,0.005,302,1.51,0.015611981344680701
256,0,0.005,303,1.5150000000000001,0.015581488855222137
256,0,0.005,304,1.52,0.015505230441761707
256,0,0.005,305,1.5250000000000001,0.015402714611457022
256,0,0.005,306,1.53,0.015300846932263263
256,0,0.005,307,1.5350000000000001,0.01528556102903797
256,0,0.005,308,1.54,0.01529833142450604
256,0,0.005,309,1.545,0.01524695779289146
256,0,0.005,310,1.55,0.015231775401701007
256,0,0.005,311,1.555,0.01518641246015066
256,0,0.005,312,1.56,0.015132279756502446
256,0,0.005,313,1.565,0.015036447872862489
256,0,0.005,314,1.57,0.014973242583688897
256,0,0.005,315,1.575,0.01492096758242329
256,0,0.005,316,1.58,0.01493026582904694
256,0,0.005,317,1.585,0.014990795926822897
256,0,0.005,318,1.59,0.015096823293455745
256,0,0.005,319,1.595,0.015188750101718461
256,0,0.005,320,1.6,0.015302222926389254
256,0,0.005,321,1.605,0.015351887734100077
256,0,0.005,322,1.61,0.015339865153212846
256,0,0.005,323,1.615,0.015258785820760599
256,0,0.005,324,1.62,0.015115013123422763
256,0,0.005,325,1.625,0.015115075151646536
256,0,0.005,326,1.6300000000000001,0.015167180016501785
256,0,0.005,327,1.635,0.015061135946327077
256,0,0.005,328,1.6400000000000001,0.014894897209597434
256,0,0.005,329,1.645,0.014857958372064831
256,0,0.005,330,1.6500000000000001,0.014773395897711454
256,0,0.005,331,1.655,0.014793163473880114
256,0,0.005,332,1.6600000000000001,0.014759573210418113
256,0,0.005,333,1.665,0.014693078435795946
256,0,0.005,334,1.67,0.014600046802137657
256,0,0.005,335,1.675,0.0144728638818599
256,0,0.005,336,1.68,0.014219825881576498
256,0,0.005,337,1.685,0.014039561989207219
256,0,0.005,338,1.69,0.013936550234846214
256,0,0.005,339,1.695,0.013713185816404874
256,0,0.005,340,1.7,0.01339681455006679
256,0,0.005,341,1.705,0.013102764877430633
256,0,0.005,342,1.71,0.012894310798257806
256,0,0.005,343,1.715,0.01278184210494435
256,0,0.005,344,1.72,0.01261739067668212
256,0,0.005,345,1.725,0.012508713750361318
256,0,0.005,346,1.73,0.012213032984245187
256,0,0.005,347,1.735,0.01193724834192096
256,0,0.005,348,1.74,0.011662662856949935
256,0,0.005,349,1.745,0.011454291052342202
256,0,0.005,350,1.75,0.011294141106227895
256,0,0.005,351,1.7550000000000001,0.011148462752687955
256,0,0.005,352,1.76,0.010980662042211297
256,0,0.005,353,1.7650000000000001,0.010808341623815635
256,0,0.005,354,1.77,0.010575954795852046
256,0,0.005,355,1.7750000000000001,0.010382377977522356
256,0,0.005,356,1.78,0.010196879733645454
256,0,0.005,357,1.7850000000000001,0.010003607256729484
256,0,0.005,358,1.79,0.009771913785964308
256,0,0.005,359,1.795,0.009633276234618805
256,0,0.005,360,1.8,0.009409631983837246
256,0,0.005,361,1.805,0.009220677917570409
256,0,0.005,362,1.81,0.009075810898481744
256,0,0.005,363,1.815,0.008914279919285216
256,0,0.005,364,1.82,0.008638134507579448
256,0,0.005,365,1.825,0.008308272839224294
256,0,0.005,366,1.83,0.007915526982596925
256,0,0.005,367,1.835,0.007611357970075627
256,0,0.005,368,1.84,0.007378209755873088
256,0,0.005,369,1.845,0.007126460107596711
256,0,0.005,370,1.85,0.006904019640180968
256,0,0.005,371,1.855,0.006698168135453345
256,0,0.005,372,1.86,0.006540232210601038
256,0,0.005,373,1.865,0.006255310419631142
256,0,0.005,374,1.87,0.0059795837700435785
256,0,0.005,375,1.875,0.005867671190605264
256,0,0.005,376,1.8800000000000001,0.0055992392109293805
256,0,0.005,377,1.885,0.005337859766000545
256,0,0.005,378,1.8900000000000001,0.005050023725546329
256,0,0.005,379,1.895,0.004734603983192016
256,0,0.005,380,1.9000000000000001,0.0043122100656293166
256,0,0.005,381,1.905,0.003851997227203605
256,0,0.005,382,1.9100000000000001,0.0033630430229702963
256,0,0.005,383,1.915,0.0030859923348175123
256,0,0.005,384,1.92,0.0027979268156726393
256,0,0.005,385,1.925,0.0024161867932059847
256,0,0.005,386,1.93,0.00217490273327116
256,0,0.005,387,1.935,0.0018407569008655517
256,0,0.005,388,1.94,0.0015530469429318847
256,0,0.005,389,1.945,0.001194711960792912
256,0,0.005,390,1.95,0.0009625240167009095
256,0,0.005,391,1.955,0.0007973424050201046
256,0,0.005,392,1.96,0.0006140765684221035
256,0,0.005,393,1.965,0.00047740497784027735
256,0,0.005,394,1.97,0.00030510128722426467
256,0,0.005,395,1.975,0.00016126115786486202
256,0,0.005,396,1.98,0.0001947209629732053
256,0,0.005,397,1.985,0.0001849102169674986
256,0,0.005,398,1.99,0.0002823313802610746
256,0,0.005,399,1.995,0.00026711375430364453
256,0,0.005,400,2.0,0.0001936673533837652
256,1,0.01,0,0.0,1.0
256,1,0.01,1,0.01,0.960592906567074
256,1,0.01,2,0.02,0.9232968452241976
256,1,0.01,3,0.03,0.8878629442950252
256,1,0.01,4,0.04,0.8540883170896327
256,1,0.01,5,0.05,0.8218819722936107
256,1,0.01,6,0.06,0.7911988184623417
256,1,0.01,7,0.07,0.7618610003569506
256,1,0.01,8,0.08,0.7338628161580105
256,1,0.01,9,0.09,0.7072978463488482
256,1,0.01,10,0.1,0.6819622533639941
256,1,0.01,11,0.11,0.6577982546791923
256,1,0.01,12,0.12,0.6347526854068284
256,1,0.01,13,0.13,0.6126503782369379
256,1,0.01,14,0.14,0.5912884664021054
256,1,0.01,15,0.15,0.5708138776731035
256,1,0.01,16,0.16,0.5512076399728211
256,1,0.01,17,0.17,0.532492879351175
256,1,0.01,18,0.18,0.5145739285909485
256,1,0.01,19,0.19,0.49742230054508674
256,1,0.01,20,0.2,0.48104713306991426
256,1,0.01,21,0.21,0.46568360312729773
256,1,0.01,22,0.22,0.4507819963153522
256,1,0.01,23,0.23,0.4364088817618785
256,1,0.01,24,0.24,0.4227959101295793
256,1,0.01,25,0.25,0.4096903623977884
256,1,0.01,26,0.26,0.39727741975562025
256,1,0.01,27,0.27,0.3853762857209591
256,1,0.01,28,0.28,0.3742383343690892
256,1,0.01,29,0.29,0.36369655166510245
256,1,0.01,30,0.3,0.35382224504990895
256,1,0.01,31,0.31,0.3441883875780795
256,1,0.01,32,0.32,0.33463264696665024
256,1,0.01,33,0.33,0.32552093797383935
256,1,0.01,34,0.34,0.31650785521599717
256,1,0.01,35,0.35000000000000003,0.3080623265803523
256,1,0.01,36,0.36,0.29993830807621624
256,1,0.01,37,0.37,0.29212047975317834
256,1,0.01,38,0.38,0.28464768428520393
256,1,0.01,39,0.39,0.2774056189702742
256,1,0.01,40,0.4,0.2704494462491561
256,1,0.01,41,0.41000000000000003,0.26357953141276935
256,1,0.01,42,0.42,0.25735548997605173
256,1,0.01,43,0.43,0.25128128223519697
256,1,0.01,44,0.44,0.24546441200759467
256,1,0.01,45,0.45,0.23982228724358778
256,1,0.01,46,0.46,0.23421807066683883
256,1,0.01,47,0.47000000000000003,0.2286751968231639
256,1,0.01,48,0.48,0.22317070805772138
256,1,0.01,49,0.49,0.21755758817150345
256,1,0.01,50,0.5,0.2120911797075823
256,1,0.01,51,0.51,0.2071208436200023
256,1,0.01,52,0.52,0.2022097079810366
256,1,0.01,53,0.53,0.1973934326664172
256,1,0.01,54,0.54,0.19322186488897014
256,1,0.01,55,0.55,0.18932932189944288
256,1,0.01,56,0.56,0.18526108688988513
256,1,0.01,57,0.5700000000000001,0.18113172013125423
256,1,0.01,58,0.58,0.1770822813073254
256,1,0.01,59,0.59,0.17300598304136955
256,1,0.01,60,0.6,0.16894178178058583
256,1,0.01,61,0.61,0.1650144817361514
256,1,0.01,62,0.62,0.16144167819929583
256,1,0.01,63,0.63,0.15792678429796375
256,1,0.01,64,0.64,0.15408882835096654
256,1,0.01,65,0.65,0.15041003447014323
256,1,0.01,66,0.66,0.146569557554073
256,1,0.01,67,0.67,0.14303252213448084
256,1,0.01,68,0.68,0.1397497775650323
256,1,0.01,69,0.6900000000000001,0.13640785692831708
256,1,0.01,70,0.7000000000000001,0.13314137939160448
256,1,0.01,71,0.71,0.13003560843362355
256,1,0.01,72,0.72,0.12706375523571634
256,1,0.01,73,0.73,0.1240286797433339
256,1,0.01,74,0.74,0.12120227612442391
256,1,0.01,75,0.75,0.11845152838387268
256,1,0.01,76,0.76,0.11592531256224504
256,1,0.01,77,0.77,0.1129995670249257
256,1,0.01,78,0.78,0.11002140643659815
256,1,0.01,79,0.79,0.10708368743012835
256,1,0.01,80,0.8,0.10421030949422729
256,1,0.01,81,0.81,0.10156705333296827
256,1,0.01,82,0.8200000000000001,0.09901113257821141
256,1,0.01,83,0.8300000000000001,0.09640805580347447
256,1,0.01,84,0.84,0.09379156407880508
256,1,0.01,85,0.85,0.09166917992456211
256,1,0.01,86,0.86,0.0896930537051854
256,1,0.01,87,0.87,0.08750244069164687
256,1,0.01,88,0.88,0.08533087674227877
256,1,0.01,89,0.89,0.08323364059916444
256,1,0.01,90,0.9,0.08133903438503072
256,1,0.01,91,0.91,0.07936019459669869
256,1,0.01,92,0.92,0.07765716049031733
256,1,0.01,93,0.93,0.07615510599829198
256,1,0.01,94,0.9400000000000001,0.07461301986480831
256,1,0.01,95,0.9500000000000001,0.07310794355503752
256,1,0.01,96,0.96,0.07175216308266566
256,1,0.01,97,0.97,0.07036644135787536
256,1,0.01,98,0.98,0.06929815849974605
256,1,0.01,99,0.99,0.06830617486602614
256,1,0.01,100,1.0,0.06748041354056804
256,1,0.01,101,1.01,0.06668338832763943
256,1,0.01,102,1.02,0.06594626465958998
256,1,0.01,103,1.03,0.06511421469891558
256,1,0.01,104,1.04,0.06408621206903667
256,1,0.01,105,1.05,0.0632461411384948
256,1,0.01,106,1.06,0.06213161401013927
256,1,0.01,107,1.07,0.061057654035585274
256,1,0.01,108,1.08,0.06014450682211907
256,1,0.01,109,1.09,0.05939836904384231
256,1,0.01,110,1.1,0.058529794482987785
256,1,0.01,111,1.11,0.05780999197144647
256,1,0.01,112,1.12,0.05699475008220413
256,1,0.01,113,1.1300000000000001,0.05607808697995334
256,1,0.01,114,1.1400000000000001,0.05477709945508058
256,1,0.01,115,1.1500000000000001,0.053305753239185454
256,1,0.01,116,1.16,0.05174972514235949
256,1,0.01,117,1.17,0.05031679092587536
256,1,0.01,118,1.18,0.049070434148324044
256,1,0.01,119,1.19,0.04762671980464596
256,1,0.01,120,1.2,0.04617890999203142
256,1,0.01,121,1.21,0.04459872308697967
256,1,0.01,122,1.22,0.04317772364649823
256,1,0.01,123,1.23,0.04173637682628222
256,1,0.01,124,1.24,0.04013323939472708
256,1,0.01,125,1.25,0.03893409663284559
256,1,0.01,126,1.26,0.03818517063017018
256,1,0.01,127,1.27,0.037258855299796514
256,1,0.01,128,1.28,0.0363129242358761
256,1,0.01,129,1.29,0.035314699226677626
256,1,0.01,130,1.3,0.034147747905693936
256,1,0.01,131,1.31,0.032976210851176635
256,1,0.01,132,1.32,0.03174314563763833
256,1,0.01,133,1.33,0.03052636035245472
256,1,0.01,134,1.34,0.029204739312531647
256,1,0.01,135,1.35,0.02771663889238285
256,1,0.01,136,1.36,0.026356869403020997
256,1,0.01,137,1.37,0.025063411978027417
256,1,0.01,138,1.3800000000000001,0.023525198876387262
256,1,0.01,139,1.3900000000000001,0.02208616923722771
256,1,0.01,140,1.4000000000000001,0.02033436847552248
256,1,0.01,141,1.41,0.018529579826163645
256,1,0.01,142,1.42,0.016800326525274557
256,1,0.01,143,1.43,0.015364169166275608
256,1,0.01,144,1.44,0.014255564996646153
256,1,0.01,145,1.45,0.013368948271358679
256,1,0.01,146,1.46,0.012725114238572803
256,1,0.01,147,1.47,0.012010227725321343
256,1,0.01,148,1.48,0.011697747234210935
256,1,0.01,149,1.49,0.011486922640683312
256,1,0.01,150,1.5,0.011176976231259274
256,1,0.01,151,1.51,0.010814227327173569
256,1,0.01,152,1.52,0.010491818013512958
256,1,0.01,153,1.53,0.010371242726353067
256,1,0.01,154,1.54,0.010130739013546573
256,1,0.01,155,1.55,0.009855952557126416
256,1,0.01,156,1.56,0.009740564583895234
256,1,0.01,157,1.57,0.009708662982726496
256,1,0.01,158,1.58,0.00952638891213603
256,1,0.01,159,1.59,0.009192602697680009
256,1,0.01,160,1.6,0.009047695180311156
256,1,0.01,161,1.61,0.008960452452983082
256,1,0.01,162,1.62,0.008992839189506843
256,1,0.01,163,1.6300000000000001,0.008996537838170155
256,1,0.01,164,1.6400000000000001,0.008822892327358191
256,1,0.01,165,1.6500000000000001,0.008754257901408683
256,1,0.01,166,1.6600000000000001,0.008805966811717013
256,1,0.01,167,1.67,0.008725712008741952
256,1,0.01,168,1.68,0.008844354021452509
256,1,0.01,169,1.69,0.008890477116601512
256,1,0.01,170,1.7,0.009049502470168759
256,1,0.01,171,1.71,0.009074665059741758
256,1,0.01,172,1.72,0.009162656969570682
256,1,0.01,173,1.73,0.009383976486385767
256,1,0.01,174,1.74,0.009620362990056084
256,1,0.01,175,1.75,0.009603391638529708
256,1,0.01,176,1.76,0.009196504523495906
256,1,0.01,177,1.77,0.008906046152262774
256,1,0.01,178,1.78,0.008548699458356344
256,1,0.01,179,1.79,0.00816464778904005
256,1,0.01,180,1.8,0.007691396907873869
256,1,0.01,181,1.81,0.00689896716732448
256,1,0.01,182,1.82,0.0062699212514885985
256,1,0.01,183,1.83,0.005722202839238892
256,1,0.01,184,1.84,0.005374829573376615
256,1,0.01,185,1.85,0.0050599658282174265
256,1,0.01,186,1.86,0.004821515262158004
256,1,0.01,187,1.87,0.004599755989061842
256,1,0.01,188,1.8800000000000001,0.00440657460210676
256,1,0.01,189,1.8900000000000001,0.003916499664972215
256,1,0.01,190,1.9000000000000001,0.003691267343437141
256,1,0.01,191,1.9100000000000001,0.0033933112344198537
256,1,0.01,192,1.92,0.0030941069762133715
256,1,0.01,193,1.93,0.00285540606338082
256,1,0.01,194,1.94,0.0025075409993525048
256,1,0.01,195,1.95,0.002422167756801741
256,1,0.01,196,1.96,0.0024017043491748966
256,1,0.01,197,1.97,0.0022981082839371673
256,1,0.01,198,1.98,0.0023321351595206345
256,1,0.01,199,1.99,0.002172939566740439
256,1,0.01,200,2.0,0.0018053077249862491
256,1,0.005,0,0.0,1.0
256,1,0.005,1,0.005,0.9805868928672605
256,1,0.005,2,0.01,0.9617059172784359
256,1,0.005,3,0.015,0.9433334075374552
256,1,0.005,4,0.02,0.9254634148254164
256,1,0.005,5,0.025,0.9080144043574987
256,1,0.005,6,0.03,0.8910521797153761
256,1,0.005,7,0.035,0.874428001638452
256,1,0.005,8,0.04,0.8581120565976851
256,1,0.005,9,0.045,0.8421721737296115
256,1,0.005,10,0.05,0.8265806470039403
256,1,0.005,11,0.055,0.8113880419999343
256,1,0.005,12,0.06,0.7965791910941243
256,1,0.005,13,0.065,0.7821374123647268
256,1,0.005,14,0.07,0.767949184080959
256,1,0.005,15,0.075,0.7539841338063014
256,1,0.005,16,0.08,0.7403323891428608
256,1,0.005,17,0.085,0.7270358125846546
256,1,0.005,18,0.09,0.71404026354934
256,1,0.005,19,0.095,0.7013642526191958
256,1,0.005,20,0.1,0.6889529279844777
256,1,0.005,21,0.105,0.6767888556979578
256,1,0.005,22,0.11,0.6649474767309461
256,1,0.005,23,0.115,0.653416350226331
256,1,0.005,24,0.12,0.6421242393408482
256,1,0.005,25,0.125,0.6310607148332449
256,1,0.005,26,0.13,0.6202640281721656
256,1,0.005,27,0.135,0.6097044803662031
256,1,0.005,28,0.14,0.5992434218842335
256,1,0.005,29,0.145,0.5890898574367619
256,1,0.005,30,0.15,0.5791813664625236
256,1,0.005,31,0.155,0.5694724088134167
256,1,0.005,32,0.16,0.5598622638293457
256,1,0.005,33,0.165,0.5504845430071794
256,1,0.005,34,0.17,0.5413258600425692
256,1,0.005,35,0.17500000000000002,0.5324410113581176
256,1,0.005,36,0.18,0.523688955800013
256,1,0.005,37,0.185,0.515034688464183
256,1,0.005,38,0.19,0.5066186184390862
256,1,0.005,39,0.195,0.4984451864320163
256,1,0.005,40,0.2,0.490372537532136
256,1,0.005,41,0.20500000000000002,0.4824806663539023
256,1,0.005,42,0.21,0.47482197312316543
256,1,0.005,43,0.215,0.4673740414292795
256,1,0.005,44,0.22,0.4600536944024005
256,1,0.005,45,0.225,0.45269723176708837
256,1,0.005,46,0.23,0.44535348629393134
256,1,0.005,47,0.23500000000000001,0.4381486433285441
256,1,0.005,48,0.24,0.43116700324452967
256,1,0.005,49,0.245,0.42441276842983083
256,1,0.005,50,0.25,0.41774183879198784
256,1,0.005,51,0.255,0.41123556423186547
256,1,0.005,52,0.26,0.40478030845674834
256,1,0.005,53,0.265,0.39856853926429
256,1,0.005,54,0.27,0.39253764773150746
256,1,0.005,55,0.275,0.386552396725795
256,1,0.005,56,0.28,0.38071432863271404
256,1,0.005,57,0.28500000000000003,0.3748539371034452
256,1,0.005,58,0.29,0.36918916845162497
256,1,0.005,59,0.295,0.36362675514768983
256,1,0.005,60,0.3,0.35811862184663423
256,1,0.005,61,0.305,0.3526935747435449
256,1,0.005,62,0.31,0.3474510699774038
256,1,0.005,63,0.315,0.3423041372990875
256,1,0.005,64,0.32,0.3373020213129908
256,1,0.005,65,0.325,0.33241204928218854
256,1,0.005,66,0.33,0.32759192364742074
256,1,0.005,67,0.335,0.3228352173330555
256,1,0.005,68,0.34,0.31812934917637536
256,1,0.005,69,0.34500000000000003,0.313584529704115
256,1,0.005,70,0.35000000000000003,0.30918029303643035
256,1,0.005,71,0.355,0.30483678400436703
256,1,0.005,72,0.36,0.30062645573138225
256,1,0.005,73,0.365,0.29642337552108805
256,1,0.005,74,0.37,0.2922758182786309
256,1,0.005,75,0.375,0.2882252761859846
256,1,0.005,76,0.38,0.2842166223902487
256,1,0.005,77,0.385,0.28028083003519777
256,1,0.005,78,0.39,0.27647130223880767
256,1,0.005,79,0.395,0.2727516995966037
256,1,0.005,80,0.4,0.26906027211235295
256,1,0.005,81,0.405,0.2653564970250605
256,1,0.005,82,0.41000000000000003,0.2617272471174444
256,1,0.005,83,0.41500000000000004,0.25815246734277075
256,1,0.005,84,0.42,0.25470676247238033
256,1,0.005,85,0.425,0.2512964657185933
256,1,0.005,86,0.43,0.24797313027810597
256,1,0.005,87,0.435,0.24473094689450717
256,1,0.005,88,0.44,0.24149467222949297
256,1,0.005,89,0.445,0.2383135238129453
256,1,0.005,90,0.45,0.23516665703622092
256,1,0.005,91,0.455,0.23208526421975956
256,1,0.005,92,0.46,0.22915256539076118
256,1,0.005,93,0.465,0.22620546613344483
256,1,0.005,94,0.47000000000000003,0.2233322251711048
256,1,0.005,95,0.47500000000000003,0.22054860364374332
256,1,0.005,96,0.48,0.21773527416444913
256,1,0.005,97,0.485,0.2148978902869977
256,1,0.005,98,0.49,0.21221147323489678
256,1,0.005,99,0.495,0.2096540908380145
256,1,0.005,100,0.5,0.20712618219825857
256,1,0.005,101,0.505,0.20472241036782665
256,1,0.005,102,0.51,0.20230199368126894
256,1,0.005,103,0.515,0.19993940450279007
256,1,0.005,104,0.52,0.19761778107611172
256,1,0.005,105,0.525,0.19531824471657133
256,1,0.005,106,0.53,0.19303882346381984
256,1,0.005,107,0.535,0.190862919623996
256,1,0.005,108,0.54,0.1887164386495872
256,1,0.005,109,0.545,0.18653949847475423
256,1,0.005,110,0.55,0.18441512890759185
256,1,0.005,111,0.555,0.1823950067930374
256,1,0.005,112,0.56,0.1803515415160714
256,1,0.005,113,0.5650000000000001,0.17832164331801906
256,1,0.005,114,0.5700000000000001,0.1763129881265458
256,1,0.005,115,0.5750000000000001,0.17441957499987898
256,1,0.005,116,0.58,0.17253807838394536
256,1,0.005,117,0.585,0.17063043553668755
256,1,0.005,118,0.59,0.1686156815462137
256,1,0.005,119,0.595,0.16658881566413775
256,1,0.005,120,0.6,0.16465816606859388
256,1,0.005,121,0.605,0.16276990221656074
256,1,0.005,122,0.61,0.1609652869701873
256,1,0.005,123,0.615,0.1590784825708904
256,1,0.005,124,0.62,0.1572130544683519
256,1,0.005,125,0.625,0.15540442141079672
256,1,0.005,126,0.63,0.1535990199311516
256,1,0.005,127,0.635,0.15178903111261943
256,1,0.005,128,0.64,0.15005813300709753
256,1,0.005,129,0.645,0.14835328692675268
256,1,0.005,130,0.65,0.14675962796423028
256,1,0.005,131,0.655,0.14518687175136125
256,1,0.005,132,0.66,0.14364276842176074
256,1,0.005,133,0.665,0.1421538346569034
256,1,0.005,134,0.67,0.14069253852975208
256,1,0.005,135,0.675,0.1391887329073267
256,1,0.005,136,0.68,0.13758555678668055
256,1,0.005,137,0.685,0.13598016528750767
256,1,0.005,138,0.6900000000000001,0.1343553910275824
256,1,0.005,139,0.6950000000000001,0.13270839702876203
256,1,0.005,140,0.7000000000000001,0.13102681543886915
256,1,0.005,141,0.705,0.12938908944394717
256,1,0.005,142,0.71,0.12777320563539485
256,1,0.005,143,0.715,0.12621276879315899
256,1,0.005,144,0.72,0.12472528035622418
256,1,0.005,145,0.725,0.12316092227943148
256,1,0.005,146,0.73,0.12164056519696276
256,1,0.005,147,0.735,0.12022516776097712
256,1,0.005,148,0.74,0.1187522164262624
256,1,0.005,149,0.745,0.11727711324961797
256,1,0.005,150,0.75,0.11575276303073434
256,1,0.005,151,0.755,0.11423774085631916
256,1,0.005,152,0.76,0.11261273396374874
256,1,0.005,153,0.765,0.11104302820227048
256,1,0.005,154,0.77,0.10949272037474528
256,1,0.005,155,0.775,0.10801000246364344
256,1,0.005,156,0.78,0.10653396602541673
256,1,0.005,157,0.785,0.10513486498922699
256,1,0.005,158,0.79,0.10364486303713974
256,1,0.005,159,0.795,0.10213420367561692
256,1,0.005,160,0.8,0.10074487611868546
256,1,0.005,161,0.805,0.0993960581081938
256,1,0.005,162,0.81,0.09811463466986281
256,1,0.005,163,0.8150000000000001,0.0968278211635253
256,1,0.005,164,0.8200000000000001,0.09552234958277173
256,1,0.005,165,0.8250000000000001,0.09419386019610386
256,1,0.005,166,0.8300000000000001,0.09280961641439026
256,1,0.005,167,0.835,0.09149760632633397
256,1,0.005,168,0.84,0.0901773433301154
256,1,0.005,169,0.845,0.08883338862726202
256,1,0.005,170,0.85,0.08747512282249548
256,1,0.005,171,0.855,0.08605311624145405
256,1,0.005,172,0.86,0.08466487181412895
256,1,0.005,173,0.865,0.0832885297980471
256,1,0.005,174,0.87,0.08192889051069907
256,1,0.005,175,0.875,0.08065451465535875
256,1,0.005,176,0.88,0.07938968874552768
256,1,0.005,177,0.885,0.07807194787122024
256,1,0.005,178,0.89,0.07679760027834946
256,1,0.005,179,0.895,0.07562376003953933
256,1,0.005,180,0.9,0.07440674721967129
256,1,0.005,181,0.905,0.07328131281449002
256,1,0.005,182,0.91,0.07233909168664876
256,1,0.005,183,0.915,0.07134823277786471
256,1,0.005,184,0.92,0.07033885967427209
256,1,0.005,185,0.925,0.06934069831867498
256,1,0.005,186,0.93,0.06832632545215014
256,1,0.005,187,0.935,0.06748438547706115
256,1,0.005,188,0.9400000000000001,0.06665043466944444
256,1,0.005,189,0.9450000000000001,0.06586529094620178
256,1,0.005,190,0.9500000000000001,0.06508627416592554
256,1,0.005,191,0.9550000000000001,0.06437964750877408
256,1,0.005,192,0.96,0.06362508347848407
256,1,0.005,193,0.965,0.06278983187605425
256,1,0.005,194,0.97,0.061975415002035565
256,1,0.005,195,0.975,0.06117485772255372
256,1,0.005,196,0.98,0.060510728296860286
256,1,0.005,197,0.985,0.05974588340918571
256,1,0.005,198,0.99,0.058937020355296146
256,1,0.005,199,0.995,0.058174122264007165
256,1,0.005,200,1.0,0.05747347334832956
256,1,0.005,201,1.0050000000000001,0.05677220249088948
256,1,0.005,202,1.01,0.05603178239938206
256,1,0.005,203,1.0150000000000001,0.05527655682562219
256,1,0.005,204,1.02,0.05451957893149017
256,1,0.005,205,1.025,0.053767649570393726
256,1,0.005,206,1.03,0.052983100940561544
256,1,0.005,207,1.035,0.05219424330614948
256,1,0.005,208,1.04,0.05143530943944799
256,1,0.005,209,1.045,0.05073982054425763
256,1,0.005,210,1.05,0.050104456005154105
256,1,0.005,211,1.055,0.04940122569155963
256,1,0.005,212,1.06,0.04883690254462138
256,1,0.005,213,1.065,0.048263269938504806
256,1,0.005,214,1.07,0.04764368305244827
256,1,0.005,215,1.075,0.04699377782606214
256,1,0.005,216,1.08,0.04634621982835057
256,1,0.005,217,1.085,0.04557837697613269
256,1,0.005,218,1.09,0.044819218586666876
256,1,0.005,219,1.095,0.044141777699554574
256,1,0.005,220,1.1,0.04345408085723201
256,1,0.005,221,1.105,0.04276215491928871
256,1,0.005,222,1.11,0.04213920886859975
256,1,0.005,223,1.115,0.04148054630872211
256,1,0.005,224,1.12,0.04076083229080263
256,1,0.005,225,1.125,0.04008232859469091
256,1,0.005,226,1.1300000000000001,0.03937713334371327
256,1,0.005,227,1.135,0.03867593359666633
256,1,0.005,228,1.1400000000000001,0.037923181527543114
256,1,0.005,229,1.145,0.037206317738019364
256,1,0.005,230,1.1500000000000001,0.03652618636192689
256,1,0.005,231,1.155,0.03584491514477889
256,1,0.005,232,1.16,0.03527148790956855
256,1,0.005,233,1.165,0.03468968396096335
256,1,0.005,234,1.17,0.03416215774946307
256,1,0.005,235,1.175,0.03354347265699679
256,1,0.005,236,1.18,0.03296054810337533
256,1,0.005,237,1.185,0.032342275199096285
256,1,0.005,238,1.19,0.03181433390749818
256,1,0.005,239,1.195,0.031204883740355675
256,1,0.005,240,1.2,0.0306070598852133
256,1,0.005,241,1.205,0.030147722712903273
256,1,0.005,242,1.21,0.029682639497410686
256,1,0.005,243,1.215,0.029180595623276254
256,1,0.005,244,1.22,0.02860717683641492
256,1,0.005,245,1.225,0.028072058859907607
256,1,0.005,246,1.23,0.02759716911297462
256,1,0.005,247,1.235,0.027147300333848573
256,1,0.005,248,1.24,0.02673791403938009
256,1,0.005,249,1.245,0.02635680478368543
256,1,0.005,250,1.25,0.0260061343933164
256,1,0.005,251,1.2550000000000001,0.025620313643079477
256,1,0.005,252,1.26,0.02525717345121404
256,1,0.005,253,1.2650000000000001,0.02475579893409279
256,1,0.005,254,1.27,0.024379899963156974
256,1,0.005,255,1.2750000000000001,0.02394940901156057
256,1,0.005,256,1.28,0.023536614434154543
256,1,0.005,257,1.285,0.02317319302649539
256,1,0.005,258,1.29,0.022776815973331352
256,1,0.005,259,1.295,0.0224019286003174
256,1,0.005,260,1.3,0.022124415320093876
256,1,0.005,261,1.305,0.02183110751711337
256,1,0.005,262,1.31,0.021599667859425988
256,1,0.005,263,1.315,0.02137482174808275
256,1,0.005,264,1.32,0.02111741153642295
256,1,0.005,265,1.325,0.02090057395849234
256,1,0.005,266,1.33,0.02071595637981182
256,1,0.005,267,1.335,0.020540786782348577
256,1,0.005,268,1.34,0.02049020208476511
256,1,0.005,269,1.345,0.020459989081619112
256,1,0.005,270,1.35,0.020432724582936913
256,1,0.005,271,1.355,0.020373201201599425
256,1,0.005,272,1.36,0.020377228269866633
256,1,0.005,273,1.365,0.020403542368794658
256,1,0.005,274,1.37,0.020399157086529306
256,1,0.005,275,1.375,0.020388555533459585
256,1,0.005,276,1.3800000000000001,0.020278704179759563
256,1,0.005,277,1.385,0.02017221464812597
256,1,0.005,278,1.3900000000000001,0.01996069990894769
256,1,0.005,279,1.395,0.019699332336064454
256,1,0.005,280,1.4000000000000001,0.019484759103882122
256,1,0.005,281,1.405,0.019186000261180107
256,1,0.005,282,1.41,0.0188488322733154
256,1,0.005,283,1.415,0.01841365442040233
256,1,0.005,284,1.42,0.018013867970901504
256,1,0.005,285,1.425,0.017622845781202136
256,1,0.005,286,1.43,0.01725018917566739
256,1,0.005,287,1.435,0.01688783172822344
256,1,0.005,288,1.44,0.0165329907227978
256,1,0.005,289,1.445,0.016165880557768388
256,1,0.005,290,1.45,0.015834511461174698
256,1,0.005,291,1.455,0.01539604905405567
256,1,0.005,292,1.46,0.01495483691657169
256,1,0.005,293,1.465,0.014600068642784642
256,1,0.005,294,1.47,0.014290130414516222
256,1,0.005,295,1.475,0.01397911896815281
256,1,0.005,296,1.48,0.01373385471925419
256,1,0.005,297,1.485,0.013513778549060692
256,1,0.005,298,1.49,0.013415832709775543
256,1,0.005,299,1.495,0.013327369846796288
256,1,0.005,300,1.5,0.013232860935978584
256,1,0.005,301,1.5050000000000001,0.013096727069245464
256,1,0.005,302,1.51,0.01289952101826274
256,1,0.005,303,1.5150000000000001,0.012713796414615838
256,1,0.005,304,1.52,0.012657979066999342
256,1,0.005,305,1.5250000000000001,0.012667714507360463
256,1,0.005,306,1.53,0.012682379262113637
256,1,0.005,307,1.5350000000000001,0.012707312669518783
256,1,0.005,308,1.54,0.012692909212295036
256,1,0.005,309,1.545,0.012668417470301712
256,1,0.005,310,1.55,0.012636550454085727
256,1,0.005,311,1.555,0.01261508060873015
256,1,0.005,312,1.56,0.012566522630501897
256,1,0.005,313,1.565,0.012459424910022597
256,1,0.005,314,1.57,0.012383624855515203
256,1,0.005,315,1.575,0.012244570528719408
256,1,0.005,316,1.58,0.0121782068245057
256,1,0.005,317,1.585,0.0122027988497386
256,1,0.005,318,1.59,0.012220439286486232
256,1,0.005,319,1.595,0.012187681087740694
256,1,0.005,320,1.6,0.012127739431433566
256,1,0.005,321,1.605,0.012033472893667853
256,1,0.005,322,1.61,0.012058657261551683
256,1,0.005,323,1.615,0.011938005171536373
256,1,0.005,324,1.62,0.011837938343387797
256,1,0.005,325,1.625,0.011668593354420956
256,1,0.005,326,1.6300000000000001,0.011425679565942795
256,1,0.005,327,1.635,0.011164017208485085
256,1,0.005,328,1.6400000000000001,0.010841391159227574
256,1,0.005,329,1.645,0.010479854468897164
256,1,0.005,330,1.6500000000000001,0.010180414954763527
256,1,0.005,331,1.655,0.009835708076138996
256,1,0.005,332,1.6600000000000001,0.00946526374441712
256,1,0.005,333,1.665,0.00899831640938839
256,1,0.005,334,1.67,0.008498953618953132
256,1,0.005,335,1.675,0.007893543122155155
256,1,0.005,336,1.68,0.007381916785971093
256,1,0.005,337,1.685,0.006858416327699059
256,1,0.005,338,1.69,0.006258757280299029
256,1,0.005,339,1.695,0.005613414962857436
256,1,0.005,340,1.7,0.00497944511847436
256,1,0.005,341,1.705,0.0043777870925480016
256,1,0.005,342,1.71,0.00376591374822731
256,1,0.005,343,1.715,0.0033133067377886594
256,1,0.005,344,1.72,0.002795249754938822
256,1,0.005,345,1.725,0.0023395745853605305
256,1,0.005,346,1.73,0.0019268257929892594
256,1,0.005,347,1.735,0.0015137986289194202
256,1,0.005,348,1.74,0.0011007619746365082
256,1,0.005,349,1.745,0.000722640149993555
256,1,0.005,350,1.75,0.00040579995993188147
256,1,0.005,351,1.7550000000000001,0.00011696185260310146
256,1,0.005,352,1.76,-0.00027843459300854693
256,1,0.005,353,1.7650000000000001,-0.000602156822600469
256,1,0.005,354,1.77,-0.0008213985042507038
256,1,0.005,355,1.7750000000000001,-0.0010961663181729532
256,1,0.005,356,1.78,-0.0012563590402694998
256,1,0.005,357,1.7850000000000001,-0.0014141216158144072
256,1,0.005,358,1.79,-0.0015455219935109153
256,1,0.005,359,1.795,-0.0016682788944637102
256,1,0.005,360,1.8,-0.0017558797282725257
256,1,0.005,361,1.805,-0.0017895115018648701
256,1,0.005,362,1.81,-0.0018460757765495538
256,1,0.005,363,1.815,-0.0018971172973723562
256,1,0.005,364,1.82,-0.0018694263147825446
256,1,0.005,365,1.825,-0.001799317153915687
256,1,0.005,366,1.83,-0.0017712355314158518
256,1,0.005,367,1.835,-0.0018166227021013024
256,1,0.005,368,1.84,-0.0018871639726972876
256,1,0.005,369,1.845,-0.00201420324143533
256,1,0.005,370,1.85,-0.0020986192325664543
256,1,0.005,371,1.855,-0.0022887425096009962
256,1,0.005,372,1.86,-0.00247451051573101
256,1,0.005,373,1.865,-0.0026861524471101295
256,1,0.005,374,1.87,-0.0028750209157741074
256,1,0.005,375,1.875,-0.0030566599158718534
256,1,0.005,376,1.8800000000000001,-0.003258630342183396
256,1,0.005,377,1.885,-0.003379595472762458
256,1,0.005,378,1.8900000000000001,-0.0034707661139907592
256,1,0.005,379,1.895,-0.003610647096908822
256,1,0.005,380,1.9000000000000001,-0.003658900374108956
256,1,0.005,381,1.905,-0.0035502945510184954
256,1,0.005,382,1.9100000000000001,-0.0033451768227713776
256,1,0.005,383,1.915,-0.0032172843841482795
256,1,0.005,384,1.92,-0.003031297029263829
256,1,0.005,385,1.925,-0.0028953076780189654
256,1,0.005,386,1.93,-0.0027229500272724946
256,1,0.005,387,1.935,-0.002492372471184598
256,1,0.005,388,1.94,-0.0022097910140160553
256,1,0.005,389,1.945,-0.0019552500607798637
256,1,0.005,390,1.95,-0.0017281408713757107
256,1,0.005,391,1.955,-0.001565447824693159
256,1,0.005,392,1.96,-0.0014352660337642819
256,1,0.005,393,1.965,-0.0013736067068908617
256,1,0.005,394,1.97,-0.0012849217079299075
256,1,0.005,395,1.975,-0.0011752578098903426
256,1,0.005,396,1.98,-0.001157780121998004
256,1,0.005,397,1.985,-0.001048658356211042
256,1,0.005,398,1.99,-0.000852596150194181
256,1,0.005,399,1.995,-0.0007520774160098566
256,1,0.005,400,2.0,-0.000678084260705611
256,2,0.01,0,0.0,1.0
256,2,0.01,1,0.01,0.9589127547243121
256,2,0.01,2,0.02,0.9199321411693552
256,2,0.01,3,0.03,0.8830302051769332
256,2,0.01,4,0.04,0.8482258700254072
256,2,0.01,5,0.05,0.815103941227384
256,2,0.01,6,0.06,0.7837131356029419
256,2,0.01,7,0.07,0.7539973802559491
256,2,0.01,8,0.08,0.7258182218140847
256,2,0.01,9,0.09,0.6990893318817695
256,2,0.01,10,0.1,0.6739670669014731
256,2,0.01,11,0.11,0.6496712120779707
256,2,0.01,12,0.12,0.6266777844991863
256,2,0.01,13,0.13,0.6047560144970937
256,2,0.01,14,0.14,0.5837889453602315
256,2,0.01,15,0.15,0.5636792410378055
256,2,0.01,16,0.16,0.5445589456479114
256,2,0.01,17,0.17,0.5264392317311015
256,2,0.01,18,0.18,0.5094469841814031
256,2,0.01,19,0.19,0.49300152332370184
256,2,0.01,20,0.2,0.4771632405682792
256,2,0.01,21,0.21,0.46173533275133555
256,2,0.01,22,0.22,0.4468831417289517
256,2,0.01,23,0.23,0.43262756884113573
256,2,0.01,24,0.24,0.4188809171983384
256,2,0.01,25,0.25,0.4059882455019617
256,2,0.01,26,0.26,0.39332987383869245
256,2,0.01,27,0.27,0.38148947780022197
256,2,0.01,28,0.28,0.37022166589109173
256,2,0.01,29,0.29,0.3593156720602956
256,2,0.01,30,0.3,0.3486867613504876
256,2,0.01,31,0.31,0.33862996571880555
256,2,0.01,32,0.32,0.3287923758729241
256,2,0.01,33,0.33,0.319182281066274
256,2,0.01,34,0.34,0.3097247841704491
256,2,0.01,35,0.35000000000000003,0.30085986127320735
256,2,0.01,36,0.36,0.29229896163901253
256,2,0.01,37,0.37,0.28400243081180826
256,2,0.01,38,0.38,0.27609309043030755
256,2,0.01,39,0.39,0.26853763804119635
256,2,0.01,40,0.4,0.2615567023827963
256,2,0.01,41,0.41000000000000003,0.2548151267089485
256,2,0.01,42,0.42,0.24837809230375096
256,2,0.01,43,0.43,0.24183679768845046
256,2,0.01,44,0.44,0.23571678610092653
256,2,0.01,45,0.45,0.23009941783560162
256,2,0.01,46,0.46,0.22455719612623268
256,2,0.01,47,0.47000000000000003,0.21901316859807193
256,2,0.01,48,0.48,0.21346936246741388
256,2,0.01,49,0.49,0.20806057138337375
256,2,0.01,50,0.5,0.20291651567705943
256,2,0.01,51,0.51,0.1977393111975292
256,2,0.01,52,0.52,0.19261551971350216
256,2,0.01,53,0.53,0.1878083200640369
256,2,0.01,54,0.54,0.1830398834283787
256,2,0.01,55,0.55,0.17875341598146796
256,2,0.01,56,0.56,0.1744428344300517
256,2,0.01,57,0.5700000000000001,0.17039393594710267
256,2,0.01,58,0.58,0.16637050202473835
256,2,0.01,59,0.59,0.1624578702205219
256,2,0.01,60,0.6,0.1588800280565267
256,2,0.01,61,0.61,0.15511124300738943
256,2,0.01,62,0.62,0.15147427862970778
256,2,0.01,63,0.63,0.14805842465316238
256,2,0.01,64,0.64,0.14480364077742644
256,2,0.01,65,0.65,0.1415534551702199
256,2,0.01,66,0.66,0.1384024977749707
256,2,0.01,67,0.67,0.1353891334118048
256,2,0.01,68,0.68,0.13274066750483754
256,2,0.01,69,0.6900000000000001,0.1301899674243094
256,2,0.01,70,0.7000000000000001,0.12785662769337613
256,2,0.01,71,0.71,0.1253599321139316
256,2,0.01,72,0.72,0.12301395998886819
256,2,0.01,73,0.73,0.1206732647305466
256,2,0.01,74,0.74,0.11828390230065067
256,2,0.01,75,0.75,0.11630350145906285
256,2,0.01,76,0.76,0.11440017763427168
256,2,0.01,77,0.77,0.11246122972515078
256,2,0.01,78,0.78,0.11050487121291028
256,2,0.01,79,0.79,0.10851036472903161
256,2,0.01,80,0.8,0.10668907750869047
256,2,0.01,81,0.81,0.10487161727042199
256,2,0.01,82,0.8200000000000001,0.10291293214875041
256,2,0.01,83,0.8300000000000001,0.1010379996110968
256,2,0.01,84,0.84,0.09905219575623403
256,2,0.01,85,0.85,0.09708908915980977
256,2,0.01,86,0.86,0.09536104799915042
256,2,0.01,87,0.87,0.093726329858262
256,2,0.01,88,0.88,0.09217339585744866
256,2,0.01,89,0.89,0.09117325831416465
256,2,0.01,90,0.9,0.09010556370612284
256,2,0.01,91,0.91,0.08884325282261252
256,2,0.01,92,0.92,0.08744359515918555
256,2,0.01,93,0.93,0.08602860772333998
256,2,0.01,94,0.9400000000000001,0.08474531773643572
256,2,0.01,95,0.9500000000000001,0.08368684086809433
256,2,0.01,96,0.96,0.08269837777939909
256,2,0.01,97,0.97,0.08181555633039524
256,2,0.01,98,0.98,0.08085711040417527
256,2,0.01,99,0.99,0.07943263316263624
256,2,0.01,100,1.0,0.07813445062280577
256,2,0.01,101,1.01,0.07683498582510875
256,2,0.01,102,1.02,0.0754054558377817
256,2,0.01,103,1.03,0.07401646410057021
256,2,0.01,104,1.04,0.0727880799991385
256,2,0.01,105,1.05,0.07170795768984178
256,2,0.01,106,1.06,0.07088939511858205
256,2,0.01,107,1.07,0.07008837589148981
256,2,0.01,108,1.08,0.06914326501887552
256,2,0.01,109,1.09,0.06826076306286159
256,2,0.01,110,1.1,0.0672624940268868
256,2,0.01,111,1.11,0.06626804160198564
256,2,0.01,112,1.12,0.0651933710781662
256,2,0.01,113,1.1300000000000001,0.06418280960402839
256,2,0.01,114,1.1400000000000001,0.06295081461668348
256,2,0.01,115,1.1500000000000001,0.06139738823573569
256,2,0.01,116,1.16,0.06023745229051444
256,2,0.01,117,1.17,0.058840520529968646
256,2,0.01,118,1.18,0.05740532836170738
256,2,0.01,119,1.19,0.05648573250813706
256,2,0.01,120,1.2,0.05555515159227049
256,2,0.01,121,1.21,0.05486268508387222
256,2,0.01,122,1.22,0.054410816015006906
256,2,0.01,123,1.23,0.05392717168593869
256,2,0.01,124,1.24,0.0537178975297638
256,2,0.01,125,1.25,0.053389963829232875
256,2,0.01,126,1.26,0.05325441985642439
256,2,0.01,127,1.27,0.052817097942339505
256,2,0.01,128,1.28,0.052534444113006125
256,2,0.01,129,1.29,0.052282176325316176
256,2,0.01,130,1.3,0.0522844452592672
256,2,0.01,131,1.31,0.05205500152193955
256,2,0.01,132,1.32,0.051748207241434085
256,2,0.01,133,1.33,0.05121333788383309
256,2,0.01,134,1.34,0.050755697751287104
256,2,0.01,135,1.35,0.05020670991465515
256,2,0.01,136,1.36,0.049630730791153696
256,2,0.01,137,1.37,0.049230226998092666
256,2,0.01,138,1.3800000000000001,0.04893486651483605
256,2,0.01,139,1.3900000000000001,0.04880727673018946
256,2,0.01,140,1.4000000000000001,0.04851221326183978
256,2,0.01,141,1.41,0.048244030512652976
256,2,0.01,142,1.42,0.04812641777751367
256,2,0.01,143,1.43,0.04803914098471949
256,2,0.01,144,1.44,0.04787075197294057
256,2,0.01,145,1.45,0.04744747423490958
256,2,0.01,146,1.46,0.0466850606589098
256,2,0.01,147,1.47,0.045963998749475585
256,2,0.01,148,1.48,0.04553333986785733
256,2,0.01,149,1.49,0.0450658775979395
256,2,0.01,150,1.5,0.044230343898530144
256,2,0.01,151,1.51,0.04360441885187893
256,2,0.01,152,1.52,0.04304395293810951
256,2,0.01,153,1.53,0.0425009688135828
256,2,0.01,154,1.54,0.041915981127629454
256,2,0.01,155,1.55,0.04128284761124718
256,2,0.01,156,1.56,0.04093284203333489
256,2,0.01,157,1.57,0.04070570690034465
256,2,0.01,158,1.58,0.0404107560226766
256,2,0.01,159,1.59,0.04024528105152034
256,2,0.01,160,1.6,0.039879461131500746
256,2,0.01,161,1.61,0.039663471036954064
256,2,0.01,162,1.62,0.039232933093050947
256,2,0.01,163,1.6300000000000001,0.03871024079955954
256,2,0.01,164,1.6400000000000001,0.03817312448213814
256,2,0.01,165,1.6500000000000001,0.03764021622634967
256,2,0.01,166,1.6600000000000001,0.03692012105617103
256,2,0.01,167,1.67,0.036281486717615566
256,2,0.01,168,1.68,0.03575262224523216
256,2,0.01,169,1.69,0.0350834682731542
256,2,0.01,170,1.7,0.03439495606912288
256,2,0.01,171,1.71,0.0334844083251063
256,2,0.01,172,1.72,0.03254251259093206
256,2,0.01,173,1.73,0.03130693712113016
256,2,0.01,174,1.74,0.030121902361846763
256,2,0.01,175,1.75,0.0288154442648159
256,2,0.01,176,1.76,0.027684113741579735
256,2,0.01,177,1.77,0.026629839289613322
256,2,0.01,178,1.78,0.025620599845075778
256,2,0.01,179,1.79,0.024727602000050385
256,2,0.01,180,1.8,0.02402027041951378
256,2,0.01,181,1.81,0.02346717341898233
256,2,0.01,182,1.82,0.023224854985325057
256,2,0.01,183,1.83,0.022642033962727057
256,2,0.01,184,1.84,0.022270586667242805
256,2,0.01,185,1.85,0.021781668530454143
256,2,0.01,186,1.86,0.021471561726848807
256,2,0.01,187,1.87,0.02123535083832465
256,2,0.01,188,1.8800000000000001,0.021074401867168663
256,2,0.01,189,1.8900000000000001,0.0210817590312877
256,2,0.01,190,1.9000000000000001,0.02115281118625103
256,2,0.01,191,1.9100000000000001,0.021183734745853507
256,2,0.01,192,1.92,0.021448949925065033
256,2,0.01,193,1.93,0.02160900382922082
256,2,0.01,194,1.94,0.021754663722324562
256,2,0.01,195,1.95,0.021742345298405658
256,2,0.01,196,1.96,0.02180787563088346
256,2,0.01,197,1.97,0.02210428061171173
256,2,0.01,198,1.98,0.022096808512469045
256,2,0.01,199,1.99,0.021703886678449576
256,2,0.01,200,2.0,0.021647210398267076
256,2,0.005,0,0.0,1.0
256,2,0.005,1,0.005,0.9788091912831265
256,2,0.005,2,0.01,0.9582063046733041
256,2,0.005,3,0.015,0.9380510720691235
256,2,0.005,4,0.02,0.9184324185666758
256,2,0.005,5,0.025,0.8993213066820308
256,2,0.005,6,0.03,0.8806490531876691
256,2,0.005,7,0.035,0.8625387416861912
256,2,0.005,8,0.04,0.844869344788111
256,2,0.005,9,0.045,0.8276697521663968
256,2,0.005,10,0.05,0.8108728656602683
256,2,0.005,11,0.055,0.7945757422171219
256,2,0.005,12,0.06,0.778690927509419
256,2,0.005,13,0.065,0.7632747576196558
256,2,0.005,14,0.07,0.7482929119836852
256,2,0.005,15,0.075,0.7336205985270727
256,2,0.005,16,0.08,0.719294601130503
256,2,0.005,17,0.085,0.7052095261805569
256,2,0.005,18,0.09,0.6914196248631933
256,2,0.005,19,0.095,0.6778452719051979
256,2,0.005,20,0.1,0.6646545067608487
256,2,0.005,21,0.105,0.6516516605757915
256,2,0.005,22,0.11,0.6390055738445797
256,2,0.005,23,0.115,0.6266508188616453
256,2,0.005,24,0.12,0.6145708922465511
256,2,0.005,25,0.125,0.6027863235170764
256,2,0.005,26,0.13,0.5912041945644171
256,2,0.005,27,0.135,0.5798627083120594
256,2,0.005,28,0.14,0.5688247298605675
256,2,0.005,29,0.145,0.5580049213978191
256,2,0.005,30,0.15,0.5474101880214777
256,2,0.005,31,0.155,0.5368465198672976
256,2,0.005,32,0.16,0.5265711901035555
256,2,0.005,33,0.165,0.5164839270420083
256,2,0.005,34,0.17,0.5066850841863634
256,2,0.005,35,0.17500000000000002,0.496947524907444
256,2,0.005,36,0.18,0.48742790426397076
256,2,0.005,37,0.185,0.4781326823906218
256,2,0.005,38,0.19,0.4690161324002602
256,2,0.005,39,0.195,0.4600794594744091
256,2,0.005,40,0.2,0.45124238075171647
256,2,0.005,41,0.20500000000000002,0.44267960076399193
256,2,0.005,42,0.21,0.4344294213644897
256,2,0.005,43,0.215,0.4262913772308625
256,2,0.005,44,0.22,0.41827580407312265
256,2,0.005,45,0.225,0.41034967046321835
256,2,0.005,46,0.23,0.40266429891543437
256,2,0.005,47,0.23500000000000001,0.3951939003768887
256,2,0.005,48,0.24,0.38789935523464913
256,2,0.005,49,0.245,0.38081257238302546
256,2,0.005,50,0.25,0.373909084513508
256,2,0.005,51,0.255,0.36722638437670707
256,2,0.005,52,0.26,0.3607024393449033
256,2,0.005,53,0.265,0.35446385565623884
256,2,0.005,54,0.27,0.3483382836922486
256,2,0.005,55,0.275,0.3422909015742601
256,2,0.005,56,0.28,0.33631932163699435
256,2,0.005,57,0.28500000000000003,0.33049974190232645
256,2,0.005,58,0.29,0.32474671405928635
256,2,0.005,59,0.295,0.3192364363766571
256,2,0.005,60,0.3,0.31383627734965525
256,2,0.005,61,0.305,0.30855745638887583
256,2,0.005,62,0.31,0.3034995455185738
256,2,0.005,63,0.315,0.2984969181212698
256,2,0.005,64,0.32,0.29347632364935383
256,2,0.005,65,0.325,0.28853850347209165
256,2,0.005,66,0.33,0.28383981846347295
256,2,0.005,67,0.335,0.27925780910070447
256,2,0.005,68,0.34,0.2747877521110216
256,2,0.005,69,0.34500000000000003,0.2704038221783526
256,2,0.005,70,0.35000000000000003,0.266142977795826
256,2,0.005,71,0.355,0.2619896471991585
256,2,0.005,72,0.36,0.2579158368840332
256,2,0.005,73,0.365,0.2538466735217195
256,2,0.005,74,0.37,0.24984996955178557
256,2,0.005,75,0.375,0.24583047340816438
256,2,0.005,76,0.38,0.24198049548755227
256,2,0.005,77,0.385,0.2383126344526039
256,2,0.005,78,0.39,0.23467711381759915
256,2,0.005,79,0.395,0.23107592191895177
256,2,0.005,80,0.4,0.2275504248236725
256,2,0.005,81,0.405,0.22417674044618258
256,2,0.005,82,0.41000000000000003,0.22085575389239145
256,2,0.005,83,0.41500000000000004,0.21774684469086314
256,2,0.005,84,0.42,0.21461400167284062
256,2,0.005,85,0.425,0.21149357059098492
256,2,0.005,86,0.43,0.20845394723402483
256,2,0.005,87,0.435,0.20539847711315484
256,2,0.005,88,0.44,0.20240436533320774
256,2,0.005,89,0.445,0.19939560808565177
256,2,0.005,90,0.45,0.196355482420113
256,2,0.005,91,0.455,0.19326364314966052
256,2,0.005,92,0.46,0.1902813674217154
256,2,0.005,93,0.465,0.18747695309481585
256,2,0.005,94,0.47000000000000003,0.18480931706798012
256,2,0.005,95,0.47500000000000003,0.1822275502037058
256,2,0.005,96,0.48,0.17977976434161652
256,2,0.005,97,0.485,0.1773706587104139
256,2,0.005,98,0.49,0.17493993283504447
256,2,0.005,99,0.495,0.17256981730209303
256,2,0.005,100,0.5,0.17043766412450584
256,2,0.005,101,0.505,0.16832117902743807
256,2,0.005,102,0.51,0.16613866945168584
256,2,0.005,103,0.515,0.16405728693291827
256,2,0.005,104,0.52,0.16199204524820815
256,2,0.005,105,0.525,0.1599987414843214
256,2,0.005,106,0.53,0.15804775072735938
256,2,0.005,107,0.535,0.15608655192369242
256,2,0.005,108,0.54,0.1541460887658297
256,2,0.005,109,0.545,0.1521966098197277
256,2,0.005,110,0.55,0.15026855963839764
256,2,0.005,111,0.555,0.14834957492235787
256,2,0.005,112,0.56,0.14647513854158006
256,2,0.005,113,0.5650000000000001,0.1445976325886092
256,2,0.005,114,0.5700000000000001,0.14285312400185418
256,2,0.005,115,0.5750000000000001,0.14117407085447187
256,2,0.005,116,0.58,0.1394432356835417
256,2,0.005,117,0.585,0.13780910550360442
256,2,0.005,118,0.59,0.1362667166925442
256,2,0.005,119,0.595,0.13475019118563406
256,2,0.005,120,0.6,0.13313827374691223
256,2,0.005,121,0.605,0.13142786122431865
256,2,0.005,122,0.61,0.1298100506884915
256,2,0.005,123,0.615,0.12821598812028945
256,2,0.005,124,0.62,0.1265777704860582
256,2,0.005,125,0.625,0.12497953126575267
256,2,0.005,126,0.63,0.12346879949518133
256,2,0.005,127,0.635,0.1220361820045133
256,2,0.005,128,0.64,0.12048926949334368
256,2,0.005,129,0.645,0.11894731601331512
256,2,0.005,130,0.65,0.11741152323986748
256,2,0.005,131,0.655,0.11588607436427079
256,2,0.005,132,0.66,0.1143771460516856
256,2,0.005,133,0.665,0.11290228285783126
256,2,0.005,134,0.67,0.1114108093286287
256,2,0.005,135,0.675,0.10989705235487272
256,2,0.005,136,0.68,0.10846193796457161
256,2,0.005,137,0.685,0.10715567592240285
256,2,0.005,138,0.6900000000000001,0.10579144971767034
256,2,0.005,139,0.6950000000000001,0.10450488675852408
256,2,0.005,140,0.7000000000000001,0.10325677182929827
256,2,0.005,141,0.705,0.1020171421916167
256,2,0.005,142,0.71,0.10072278190787669
256,2,0.005,143,0.715,0.09938960049888816
256,2,0.005,144,0.72,0.09800138851046002
256,2,0.005,145,0.725,0.09661225976134832
256,2,0.005,146,0.73,0.09525201612760356
256,2,0.005,147,0.735,0.09381060356407941
256,2,0.005,148,0.74,0.09230840665195707
256,2,0.005,149,0.745,0.09090590951067223
256,2,0.005,150,0.75,0.08963551891576269
256,2,0.005,151,0.755,0.08833772582278654
256,2,0.005,152,0.76,0.0870362643421809
256,2,0.005,153,0.765,0.08579029623832035
256,2,0.005,154,0.77,0.08459209781746507
256,2,0.005,155,0.775,0.08347512079414986
256,2,0.005,156,0.78,0.08237607830870197
256,2,0.005,157,0.785,0.08122008004683293
256,2,0.005,158,0.79,0.08003187284306967
256,2,0.005,159,0.795,0.07892429390757918
256,2,0.005,160,0.8,0.07785909004473233
256,2,0.005,161,0.805,0.07685159783790385
256,2,0.005,162,0.81,0.07581761792352464
256,2,0.005,163,0.8150000000000001,0.07471043131459333
256,2,0.005,164,0.8200000000000001,0.07358578768631673
256,2,0.005,165,0.8250000000000001,0.07251271082663366
256,2,0.005,166,0.8300000000000001,0.0714823878342039
256,2,0.005,167,0.835,0.07050520771543707
256,2,0.005,168,0.84,0.06951283279235664
256,2,0.005,169,0.845,0.0686262786351573
256,2,0.005,170,0.85,0.06774309778301008
256,2,0.005,171,0.855,0.06683349084181053
256,2,0.005,172,0.86,0.06592106879306375
256,2,0.005,173,0.865,0.0651056213623717
256,2,0.005,174,0.87,0.06429702259690805
256,2,0.005,175,0.875,0.06341974673444609
256,2,0.005,176,0.88,0.06259445128616853
256,2,0.005,177,0.885,0.06180442818827525
256,2,0.005,178,0.89,0.06097515476808761
256,2,0.005,179,0.895,0.06021036709585843
256,2,0.005,180,0.9,0.05952057059442012
256,2,0.005,181,0.905,0.05884780443403774
256,2,0.005,182,0.91,0.05807083866920664
256,2,0.005,183,0.915,0.05725488694573126
256,2,0.005,184,0.92,0.05647708849069523
256,2,0.005,185,0.925,0.055798025165741706
256,2,0.005,186,0.93,0.0551739668413847
256,2,0.005,187,0.935,0.054484937449445395
256,2,0.005,188,0.9400000000000001,0.05364186945875683
256,2,0.005,189,0.9450000000000001,0.052825314181287754
256,2,0.005,190,0.9500000000000001,0.0520232157978136
256,2,0.005,191,0.9550000000000001,0.051380748589997506
256,2,0.005,192,0.96,0.05068063018805169
256,2,0.005,193,0.965,0.04994379981333036
256,2,0.005,194,0.97,0.049342267839628716
256,2,0.005,195,0.975,0.04867224380126597
256,2,0.005,196,0.98,0.04802970744293914
256,2,0.005,197,0.985,0.04742937621314926
256,2,0.005,198,0.99,0.04680128730065615
256,2,0.005,199,0.995,0.04607744761422132
256,2,0.005,200,1.0,0.045449213848766906
256,2,0.005,201,1.0050000000000001,0.04477128662290202
256,2,0.005,202,1.01,0.04412449206218174
256,2,0.005,203,1.0150000000000001,0.043461900308573484
256,2,0.005,204,1.02,0.04285498805997576
256,2,0.005,205,1.025,0.042360192935252505
256,2,0.005,206,1.03,0.04198400676969991
256,2,0.005,207,1.035,0.04161961867202513
256,2,0.005,208,1.04,0.04128677732190424
256,2,0.005,209,1.045,0.040941485971689534
256,2,0.005,210,1.05,0.040604406390997855
256,2,0.005,211,1.055,0.04043918288939085
256,2,0.005,212,1.06,0.040359879450846334
256,2,0.005,213,1.065,0.040319642004309375
256,2,0.005,214,1.07,0.04024281808962225
256,2,0.005,215,1.075,0.04020857295842248
256,2,0.005,216,1.08,0.04021138646311164
256,2,0.005,217,1.085,0.04019528280105063
256,2,0.005,218,1.09,0.04018391838498514
256,2,0.005,219,1.095,0.039982707971951484
256,2,0.005,220,1.1,0.03989466896897623
256,2,0.005,221,1.105,0.039759503760231484
256,2,0.005,222,1.11,0.03964959335296192
256,2,0.005,223,1.115,0.03961999770194622
256,2,0.005,224,1.12,0.039597041457364965
256,2,0.005,225,1.125,0.039493149446601705
256,2,0.005,226,1.1300000000000001,0.039389437396783494
256,2,0.005,227,1.135,0.039326585048416136
256,2,0.005,228,1.1400000000000001,0.03926223356453831
256,2,0.005,229,1.145,0.03911014721889103
256,2,0.005,230,1.1500000000000001,0.03896596795684899
256,2,0.005,231,1.155,0.03887049710264358
256,2,0.005,232,1.16,0.03877678040790068
256,2,0.005,233,1.165,0.038771365981673564
256,2,0.005,234,1.17,0.03878622105478226
256,2,0.005,235,1.175,0.038726791634284205
256,2,0.005,236,1.18,0.0387404141313841
256,2,0.005,237,1.185,0.038795674426525234
256,2,0.005,238,1.19,0.03892242188025661
256,2,0.005,239,1.195,0.03907866880729205
256,2,0.005,240,1.2,0.03917356380144171
256,2,0.005,241,1.205,0.039142703195948855
256,2,0.005,242,1.21,0.03913153765467135
256,2,0.005,243,1.215,0.0391456127483764
256,2,0.005,244,1.22,0.03916202664880767
256,2,0.005,245,1.225,0.03910243055033009
256,2,0.005,246,1.23,0.03903330141473842
256,2,0.005,247,1.235,0.03896052114414346
256,2,0.005,248,1.24,0.03890022187946292
256,2,0.005,249,1.245,0.038872165068331674
256,2,0.005,250,1.25,0.03895321208317357
256,2,0.005,251,1.2550000000000001,0.038913659114942024
256,2,0.005,252,1.26,0.03877102561420961
256,2,0.005,253,1.2650000000000001,0.038553660835204936
256,2,0.005,254,1.27,0.038339787307624315
256,2,0.005,255,1.2750000000000001,0.03817123352443984
256,2,0.005,256,1.28,0.037908148815693016
256,2,0.005,257,1.285,0.037564264681608756
256,2,0.005,258,1.29,0.037250091711945946
256,2,0.005,259,1.295,0.0369537598398554
256,2,0.005,260,1.3,0.03648826191236708
256,2,0.005,261,1.305,0.03603454283012462
256,2,0.005,262,1.31,0.03565954846584012
256,2,0.005,263,1.315,0.03538967521429386
256,2,0.005,264,1.32,0.03510996346328413
256,2,0.005,265,1.325,0.034819848736014444
256,2,0.005,266,1.33,0.03449289765864648
256,2,0.005,267,1.335,0.03417905223296042
256,2,0.005,268,1.34,0.033836670128289933
256,2,0.005,269,1.345,0.033527743279663354
256,2,0.005,270,1.35,0.033262406460648875
256,2,0.005,271,1.355,0.03294529777954661
256,2,0.005,272,1.36,0.032658930733741716
256,2,0.005,273,1.365,0.03228455297926856
256,2,0.005,274,1.37,0.031922273556985375
256,2,0.005,275,1.375,0.031663723878983016
256,2,0.005,276,1.3800000000000001,0.03140284399686305
256,2,0.005,277,1.385,0.031266035969709054
256,2,0.005,278,1.3900000000000001,0.031188096311783816
256,2,0.005,279,1.395,0.031196221419631222
256,2,0.005,280,1.4000000000000001,0.03122138278335827
256,2,0.005,281,1.405,0.031317740965447954
256,2,0.005,282,1.41,0.03134347135670861
256,2,0.005,283,1.415,0.03137848942338777
256,2,0.005,284,1.42,0.03128681827890023
256,2,0.005,285,1.425,0.031134313186795656
256,2,0.005,286,1.43,0.031054825027412282
256,2,0.005,287,1.435,0.03096861422670643
256,2,0.005,288,1.44,0.030937817647718253
256,2,0.005,289,1.445,0.030926782204818797
256,2,0.005,290,1.45,0.030879870557683833
256,2,0.005,291,1.455,0.030852951148114666
256,2,0.005,292,1.46,0.030817447315348474
256,2,0.005,293,1.465,0.03088933055953483
256,2,0.005,294,1.47,0.030943138614572964
256,2,0.005,295,1.475,0.030953034168494993
256,2,0.005,296,1.48,0.03089425208529688
256,2,0.005,297,1.485,0.030733195974070465
256,2,0.005,298,1.49,0.030611565456774438
256,2,0.005,299,1.495,0.030453187598329906
256,2,0.005,300,1.5,0.030183928207376434
256,2,0.005,301,1.5050000000000001,0.029898380771717678
256,2,0.005,302,1.51,0.029580305269590892
256,2,0.005,303,1.5150000000000001,0.029333803384038494
256,2,0.005,304,1.52,0.029079672330738812
256,2,0.005,305,1.5250000000000001,0.028818426673495746
256,2,0.005,306,1.53,0.028539187928976403
256,2,0.005,307,1.5350000000000001,0.02825821016188956
256,2,0.005,308,1.54,0.02793005700784523
256,2,0.005,309,1.545,0.02763105444859634
256,2,0.005,310,1.55,0.02730870679434562
256,2,0.005,311,1.555,0.026973703622905756
256,2,0.005,312,1.56,0.026585277828344193
256,2,0.005,313,1.565,0.026232610350538105
256,2,0.005,314,1.57,0.025915508550643444
256,2,0.005,315,1.575,0.025466881487293508
256,2,0.005,316,1.58,0.024973972778036042
256,2,0.005,317,1.585,0.02445796835404292
256,2,0.005,318,1.59,0.023956849702176132
256,2,0.005,319,1.595,0.02347595521049039
256,2,0.005,320,1.6,0.02307297238961958
256,2,0.005,321,1.605,0.02279430351620018
256,2,0.005,322,1.61,0.022518150673264053
256,2,0.005,323,1.615,0.022153350544956717
256,2,0.005,324,1.62,0.021851543386313916
256,2,0.005,325,1.625,0.021328226476118
256,2,0.005,326,1.6300000000000001,0.02078089178381761
256,2,0.005,327,1.635,0.02024943720579264
256,2,0.005,328,1.6400000000000001,0.01981299067299332
256,2,0.005,329,1.645,0.01939658503514035
256,2,0.005,330,1.6500000000000001,0.01894977969280315
256,2,0.005,331,1.655,0.018526259057085572
256,2,0.005,332,1.6600000000000001,0.0180840860858208
256,2,0.005,333,1.665,0.017571902199897276
256,2,0.005,334,1.67,0.017083774639271153
256,2,0.005,335,1.675,0.01664939554572443
256,2,0.005,336,1.68,0.016262290410940045
256,2,0.005,337,1.685,0.015818134138686313
256,2,0.005,338,1.69,0.01533369912159171
256,2,0.005,339,1.695,0.014803448585520525
256,2,0.005,340,1.7,0.014220374269824273
256,2,0.005,341,1.705,0.013611785971091462
256,2,0.005,342,1.71,0.013126249840308527
256,2,0.005,343,1.715,0.012645830175043343
256,2,0.005,344,1.72,0.012149074432603163
256,2,0.005,345,1.725,0.011624480644720037
256,2,0.005,346,1.73,0.011159030958963752
256,2,0.005,347,1.735,0.010720302569926128
256,2,0.005,348,1.74,0.010404455401965019
256,2,0.005,349,1.745,0.010166173225687011
256,2,0.005,350,1.75,0.00994897885701712
256,2,0.005,351,1.7550000000000001,0.009728981036846138
256,2,0.005,352,1.76,0.009568727464087663
256,2,0.005,353,1.7650000000000001,0.00930650034484258
256,2,0.005,354,1.77,0.008991943515034356
256,2,0.005,355,1.7750000000000001,0.00868933415019304
256,2,0.005,356,1.78,0.008430905907215989
256,2,0.005,357,1.7850000000000001,0.008259514249656546
256,2,0.005,358,1.79,0.008100298424707242
256,2,0.005,359,1.795,0.007939301245608366
256,2,0.005,360,1.8,0.007619875527912488
256,2,0.005,361,1.805,0.00738402785314788
256,2,0.005,362,1.81,0.007177090058097715
256,2,0.005,363,1.815,0.006934804409483354
256,2,0.005,364,1.82,0.006694869723978267
256,2,0.005,365,1.825,0.006372210174290244
256,2,0.005,366,1.83,0.006194361243800818
256,2,0.005,367,1.835,0.006076962248293108
256,2,0.005,368,1.84,0.005973115840108301
256,2,0.005,369,1.845,0.005814722749164827
256,2,0.005,370,1.85,0.005631904991742076
256,2,0.005,371,1.855,0.0054625234941059145
256,2,0.005,372,1.86,0.005241320761088215
256,2,0.005,373,1.865,0.005118920130842221
256,2,0.005,374,1.87,0.004935001848892888
256,2,0.005,375,1.875,0.004771818320887691
256,2,0.005,376,1.8800000000000001,0.004630501048615595
256,2,0.005,377,1.885,0.004440265475862019
256,2,0.005,378,1.8900000000000001,0.0042257077539205636
256,2,0.005,379,1.895,0.004004917056979641
256,2,0.005,380,1.9000000000000001,0.003815528527542688
256,2,0.005,381,1.905,0.0037623717689660727
256,2,0.005,382,1.9100000000000001,0.0036934209131511825
256,2,0.005,383,1.915,0.0036866234717855915
256,2,0.005,384,1.92,0.0036893071628195653
256,2,0.005,385,1.925,0.0036143118850048925
256,2,0.005,386,1.93,0.0035708025794509058
256,2,0.005,387,1.935,0.003528463368035298
256,2,0.005,388,1.94,0.0034913564194456637
256,2,0.005,389,1.945,0.003492004215650555
256,2,0.005,390,1.95,0.0035052760623581224
256,2,0.005,391,1.955,0.0035387035017414546
256,2,0.005,392,1.96,0.0034715725420782755
256,2,0.005,393,1.965,0.003441353957447059
256,2,0.005,394,1.97,0.003400949705511154
256,2,0.005,395,1.975,0.0033745323070125243
256,2,0.005,396,1.98,0.0033606205598194464
256,2,0.005,397,1.985,0.0033258285938329644
256,2,0.005,398,1.99,0.0031540703526689836
256,2,0.005,399,1.995,0.0029324193608057615
256,2,0.005,400,2.0,0.0027190927908087264
