architecture,width,replicate,lag,acf
shallow,64,0,0,1.0
shallow,64,0,1,0.9670879620201708
shallow,64,0,2,0.935837469373719
shallow,64,0,3,0.906076902206211
shallow,64,0,4,0.8777297099756435
shallow,64,0,5,0.8505555655429584
shallow,64,0,6,0.8245268399473487
shallow,64,0,7,0.7996223994651348
shallow,64,0,8,0.7759191695054222
shallow,64,0,9,0.7532233709586255
shallow,64,0,10,0.7314910022183443
shallow,64,0,11,0.7106610011284878
shallow,64,0,12,0.690690484629899
shallow,64,0,13,0.671447521650076
shallow,64,0,14,0.6529216872733685
shallow,64,0,15,0.6351540165918641
shallow,64,0,16,0.6179628898904731
shallow,64,0,17,0.6014444137583299
shallow,64,0,18,0.5854730615105267
shallow,64,0,19,0.5698900337593138
shallow,64,0,20,0.5548663384074033
shallow,64,0,21,0.5403695758639295
shallow,64,0,22,0.5266402736954134
shallow,64,0,23,0.5134400572810919
shallow,64,0,24,0.5006487549530187
shallow,64,0,25,0.4883355027982448
shallow,64,0,26,0.4764865423433928
shallow,64,0,27,0.4651550971970459
shallow,64,0,28,0.4542885552622418
shallow,64,0,29,0.4437210988053074
shallow,64,0,30,0.4334772802297022
shallow,64,0,31,0.423534735170516
shallow,64,0,32,0.4137978546148621
shallow,64,0,33,0.4043162155433519
shallow,64,0,34,0.3952679476782323
shallow,64,0,35,0.3865775900266545
shallow,64,0,36,0.3781239207252971
shallow,64,0,37,0.3698868353203368
shallow,64,0,38,0.3618184008636108
shallow,64,0,39,0.3538512469018199
shallow,64,0,40,0.3460390207117748
shallow,64,0,41,0.3385638922829495
shallow,64,0,42,0.3312544730534479
shallow,64,0,43,0.3241179196319852
shallow,64,0,44,0.317371142121586
shallow,64,0,45,0.3107503658518097
shallow,64,0,46,0.3044070200164939
shallow,64,0,47,0.2982608304920583
shallow,64,0,48,0.2923900905772706
shallow,64,0,49,0.2867198107319749
shallow,64,0,50,0.2810958344121557
shallow,64,0,51,0.2756980672609369
shallow,64,0,52,0.2705434417305848
shallow,64,0,53,0.2654717802053238
shallow,64,0,54,0.2604412345688687
shallow,64,0,55,0.25551510012992
shallow,64,0,56,0.2507466954373839
shallow,64,0,57,0.2460058803789711
shallow,64,0,58,0.2413686718283297
shallow,64,0,59,0.2366655170432956
shallow,64,0,60,0.232215308125023
shallow,64,0,61,0.2279036049238763
shallow,64,0,62,0.2235960033265057
shallow,64,0,63,0.2193302098324966
shallow,64,0,64,0.2153441502885519
shallow,64,0,65,0.2115867928036188
shallow,64,0,66,0.207926416994006
shallow,64,0,67,0.2044596171164754
shallow,64,0,68,0.2011937903013113
shallow,64,0,69,0.198003433990159
shallow,64,0,70,0.1947913573718424
shallow,64,0,71,0.1916910416076408
shallow,64,0,72,0.1885399849213006
shallow,64,0,73,0.1854568922681899
shallow,64,0,74,0.1823809492958077
shallow,64,0,75,0.1792100433026517
shallow,64,0,76,0.1760832640085082
shallow,64,0,77,0.1731663174120956
shallow,64,0,78,0.1703401781135256
shallow,64,0,79,0.1674922582584699
shallow,64,0,80,0.1646792074778079
shallow,64,0,81,0.1618908856232123
shallow,64,0,82,0.1591056985201289
shallow,64,0,83,0.1564718755521312
shallow,64,0,84,0.1539675899705531
shallow,64,0,85,0.1513180990349962
shallow,64,0,86,0.1487621531458762
shallow,64,0,87,0.1460819418533513
shallow,64,0,88,0.1434699363614416
shallow,64,0,89,0.1408850591402924
shallow,64,0,90,0.1384410168566002
shallow,64,0,91,0.136066672201558
shallow,64,0,92,0.1338734356192651
shallow,64,0,93,0.1318665290857311
shallow,64,0,94,0.129967587959596
shallow,64,0,95,0.1281777231700012
shallow,64,0,96,0.1264273623028566
shallow,64,0,97,0.1246902074220879
shallow,64,0,98,0.1229653466921308
shallow,64,0,99,0.121138983456107
shallow,64,0,100,0.1194522837711019
shallow,64,0,101,0.1178613698597876
shallow,64,0,102,0.1161158645137499
shallow,64,0,103,0.1143868213188016
shallow,64,0,104,0.1127567217493386
shallow,64,0,105,0.111038255895363
shallow,64,0,106,0.109318531222257
shallow,64,0,107,0.1077456952242998
shallow,64,0,108,0.1062201796627438
shallow,64,0,109,0.1047248524533795
shallow,64,0,110,0.1031264592892795
shallow,64,0,111,0.1016748657687437
shallow,64,0,112,0.1003352592104072
shallow,64,0,113,0.0989104857108936
shallow,64,0,114,0.0974290273078243
shallow,64,0,115,0.0960253905260011
shallow,64,0,116,0.0947910904945611
shallow,64,0,117,0.0934232459540962
shallow,64,0,118,0.0921691925679907
shallow,64,0,119,0.0908658810411576
shallow,64,0,120,0.0896364626537913
shallow,64,0,121,0.0883665803652578
shallow,64,0,122,0.0870715309065982
shallow,64,0,123,0.0858612309475823
shallow,64,0,124,0.0845976148804369
shallow,64,0,125,0.0833916989746929
shallow,64,0,126,0.0820955289378216
shallow,64,0,127,0.0808073507882224
shallow,64,0,128,0.0795742861704458
shallow,64,0,129,0.0783513868560927
shallow,64,0,130,0.0770469747961078
shallow,64,0,131,0.0757034681741588
shallow,64,0,132,0.0742792368064946
shallow,64,0,133,0.0729252755834935
shallow,64,0,134,0.0714170011486615
shallow,64,0,135,0.0700681386851002
shallow,64,0,136,0.0687999759300008
shallow,64,0,137,0.0675187246448902
shallow,64,0,138,0.0663455095448824
shallow,64,0,139,0.0653317065280464
shallow,64,0,140,0.0643427661496471
shallow,64,0,141,0.0634082190882042
shallow,64,0,142,0.0624825939901788
shallow,64,0,143,0.0615308612858292
shallow,64,0,144,0.0607525401786573
shallow,64,0,145,0.0600295054078997
shallow,64,0,146,0.0594537972682906
shallow,64,0,147,0.0589422318020878
shallow,64,0,148,0.0583457737145841
shallow,64,0,149,0.057751857606504
shallow,64,0,150,0.0572696675951908
shallow,64,0,151,0.0565904855586291
shallow,64,0,152,0.0560557804845487
shallow,64,0,153,0.0554904596758108
shallow,64,0,154,0.0549057422291187
shallow,64,0,155,0.0542436422726271
shallow,64,0,156,0.0536796876469443
shallow,64,0,157,0.0529794173411031
shallow,64,0,158,0.0523012706747729
shallow,64,0,159,0.0516294218565025
shallow,64,0,160,0.0508496550200772
shallow,64,0,161,0.0500760256153015
shallow,64,0,162,0.0492509932527361
shallow,64,0,163,0.0483689708550131
shallow,64,0,164,0.0476097071375417
shallow,64,0,165,0.0468402721109394
shallow,64,0,166,0.0460269809064449
shallow,64,0,167,0.0451735928726002
shallow,64,0,168,0.044357744860399
shallow,64,0,169,0.0436087185208385
shallow,64,0,170,0.0427987640203312
shallow,64,0,171,0.041949189164659
shallow,64,0,172,0.0410879442035978
shallow,64,0,173,0.0402315235334354
shallow,64,0,174,0.0394383158407133
shallow,64,0,175,0.0385645790648589
shallow,64,0,176,0.037676006351624
shallow,64,0,177,0.0367199878439101
shallow,64,0,178,0.0357658158272655
shallow,64,0,179,0.0347683358751271
shallow,64,0,180,0.0340541427046857
shallow,64,0,181,0.0334390434755527
shallow,64,0,182,0.0329024173230844
shallow,64,0,183,0.0325037920771781
shallow,64,0,184,0.0320370841548416
shallow,64,0,185,0.0315576322173863
shallow,64,0,186,0.0311363346903963
shallow,64,0,187,0.0306330017840052
shallow,64,0,188,0.0302827394872372
shallow,64,0,189,0.0300244090063152
shallow,64,0,190,0.0296324819541306
shallow,64,0,191,0.0292882603609617
shallow,64,0,192,0.0289632483169862
shallow,64,0,193,0.0285253690458318
shallow,64,0,194,0.0281637331476846
shallow,64,0,195,0.0280007150037278
shallow,64,0,196,0.0278157251912528
shallow,64,0,197,0.0275836757377382
shallow,64,0,198,0.02765359861464
shallow,64,0,199,0.0275995187491343
shallow,64,0,200,0.0274487437855636
shallow,64,0,201,0.0274921641987993
shallow,64,0,202,0.0276880493359086
shallow,64,0,203,0.0279515255516442
shallow,64,0,204,0.0281038280511036
shallow,64,0,205,0.028098144081238
shallow,64,0,206,0.0281543831332981
shallow,64,0,207,0.0283957525440579
shallow,64,0,208,0.0285185944271476
shallow,64,0,209,0.0287168426883236
shallow,64,0,210,0.0286702596318196
shallow,64,0,211,0.0286291298202976
shallow,64,0,212,0.02854641823879
shallow,64,0,213,0.0285799330499064
shallow,64,0,214,0.0284800965106471
shallow,64,0,215,0.0283825425206074
shallow,64,0,216,0.0282919354403596
shallow,64,0,217,0.0280720863724634
shallow,64,0,218,0.0278148183750468
shallow,64,0,219,0.0275638513972382
shallow,64,0,220,0.0272312695855354
shallow,64,0,221,0.0269888859620178
shallow,64,0,222,0.0266915419872942
shallow,64,0,223,0.0264102826563745
shallow,64,0,224,0.0259400075090452
shallow,64,0,225,0.025674527263464
shallow,64,0,226,0.0253544623531964
shallow,64,0,227,0.0251322460962376
shallow,64,0,228,0.0250239686485913
shallow,64,0,229,0.0249525438171771
shallow,64,0,230,0.0248920851269974
shallow,64,0,231,0.0248029384869041
shallow,64,0,232,0.0249670920424977
shallow,64,0,233,0.0249182710981298
shallow,64,0,234,0.024973432695906
shallow,64,0,235,0.0252087876535826
shallow,64,0,236,0.0253596574650898
shallow,64,0,237,0.025516709616173
shallow,64,0,238,0.0257812891383618
shallow,64,0,239,0.0260864252761065
shallow,64,0,240,0.026444228364004
shallow,64,0,241,0.0266563951310774
shallow,64,0,242,0.0265475905368622
shallow,64,0,243,0.0263692760251859
shallow,64,0,244,0.0261885174353346
shallow,64,0,245,0.0259366189057311
shallow,64,0,246,0.0256481562952952
shallow,64,0,247,0.025464178824005
shallow,64,0,248,0.0252118348850417
shallow,64,0,249,0.0249277576260059
shallow,64,0,250,0.0247312691036864
shallow,64,0,251,0.0247455280211415
shallow,64,0,252,0.0247515225414922
shallow,64,0,253,0.0246480053359744
shallow,64,0,254,0.0246255209430015
shallow,64,0,255,0.0244276113882845
shallow,64,0,256,0.0240797662408313
shallow,64,0,257,0.0239063811964318
shallow,64,0,258,0.0236542667287568
shallow,64,0,259,0.0234336615500823
shallow,64,0,260,0.0232963606609085
shallow,64,0,261,0.0230681627260331
shallow,64,0,262,0.02293415356309
shallow,64,0,263,0.0227113042568381
shallow,64,0,264,0.0224206745114597
shallow,64,0,265,0.0221127918560254
shallow,64,0,266,0.021770270893538
shallow,64,0,267,0.0215797702036809
shallow,64,0,268,0.0215488100206583
shallow,64,0,269,0.0213883679414656
shallow,64,0,270,0.0211743073993188
shallow,64,0,271,0.0209567703572527
shallow,64,0,272,0.0208056479295665
shallow,64,0,273,0.0203502838196799
shallow,64,0,274,0.0198508833433744
shallow,64,0,275,0.0193735579492844
shallow,64,0,276,0.0190195923145274
shallow,64,0,277,0.0186004962928002
shallow,64,0,278,0.018236315561347
shallow,64,0,279,0.0176742054164641
shallow,64,0,280,0.0171979242617358
shallow,64,0,281,0.0169644432614945
shallow,64,0,282,0.0168138954241806
shallow,64,0,283,0.0167127865799884
shallow,64,0,284,0.0166382001646355
shallow,64,0,285,0.0165564974486576
shallow,64,0,286,0.0164557965913181
shallow,64,0,287,0.0164436261316832
shallow,64,0,288,0.016466995375233
shallow,64,0,289,0.0166511771329587
shallow,64,0,290,0.0169297388027369
shallow,64,0,291,0.0170279084601664
shallow,64,0,292,0.017111556574353
shallow,64,0,293,0.0173317411380837
shallow,64,0,294,0.0174650918660668
shallow,64,0,295,0.01754579368755
shallow,64,0,296,0.0176458381032001
shallow,64,0,297,0.0178217758954024
shallow,64,0,298,0.0178811686374954
shallow,64,0,299,0.018077620576555
shallow,64,0,300,0.0182001059360009
shallow,64,0,301,0.0184054793088736
shallow,64,0,302,0.0186364844960464
shallow,64,0,303,0.0189048335006574
shallow,64,0,304,0.0192026209876664
shallow,64,0,305,0.0193360761986391
shallow,64,0,306,0.019549233359628
shallow,64,0,307,0.0196516788873202
shallow,64,0,308,0.0196321297067956
shallow,64,0,309,0.0195562349771169
shallow,64,0,310,0.0195432734687259
shallow,64,0,311,0.0195849819814273
shallow,64,0,312,0.0196815532165579
shallow,64,0,313,0.0198884833733466
shallow,64,0,314,0.0200773988922387
shallow,64,0,315,0.020201263882359
shallow,64,0,316,0.0202354906555915
shallow,64,0,317,0.0202912498916845
shallow,64,0,318,0.0203748057628409
shallow,64,0,319,0.0205136293599846
shallow,64,0,320,0.0207489335740209
shallow,64,0,321,0.0208102316762747
shallow,64,0,322,0.0208746537711497
shallow,64,0,323,0.0207878087232005
shallow,64,0,324,0.0206741808697552
shallow,64,0,325,0.0205858418573941
shallow,64,0,326,0.0204103289250511
shallow,64,0,327,0.0201470348208448
shallow,64,0,328,0.0198080372835795
shallow,64,0,329,0.0195813039631274
shallow,64,0,330,0.0195623818361162
shallow,64,0,331,0.0195056834392906
shallow,64,0,332,0.0195091917408157
shallow,64,0,333,0.0194908902451306
shallow,64,0,334,0.019312777539723
shallow,64,0,335,0.019227788136932
shallow,64,0,336,0.0190777613768145
shallow,64,0,337,0.0188273782801556
shallow,64,0,338,0.0186075861039416
shallow,64,0,339,0.0182793781254455
shallow,64,0,340,0.0179709874532948
shallow,64,0,341,0.0176499056234467
shallow,64,0,342,0.0175279083169734
shallow,64,0,343,0.0175779913734891
shallow,64,0,344,0.0176315663587541
shallow,64,0,345,0.0177328973190948
shallow,64,0,346,0.0179526044459892
shallow,64,0,347,0.0180864208659634
shallow,64,0,348,0.0180267917311328
shallow,64,0,349,0.0179534431774164
shallow,64,0,350,0.0180128052126941
shallow,64,0,351,0.0180830319238525
shallow,64,0,352,0.0180914882382422
shallow,64,0,353,0.018028392584495
shallow,64,0,354,0.0179241330173213
shallow,64,0,355,0.0178831649018539
shallow,64,0,356,0.0178157672886611
shallow,64,0,357,0.0177431116476435
shallow,64,0,358,0.0178243223539546
shallow,64,0,359,0.0180134518827216
shallow,64,0,360,0.0181776965539975
shallow,64,0,361,0.0183222238417295
shallow,64,0,362,0.0184186926837689
shallow,64,0,363,0.018529791254551
shallow,64,0,364,0.0185153934118005
shallow,64,0,365,0.0185654342078385
shallow,64,0,366,0.0186410191782745
shallow,64,0,367,0.0186147054533458
shallow,64,0,368,0.018495554655645
shallow,64,0,369,0.0184094655272799
shallow,64,0,370,0.018266921585237
shallow,64,0,371,0.0181666185103108
shallow,64,0,372,0.0180274015093547
shallow,64,0,373,0.0176971533477287
shallow,64,0,374,0.0174733119715773
shallow,64,0,375,0.0173057803392921
shallow,64,0,376,0.0171561272376312
shallow,64,0,377,0.0169842148978469
shallow,64,0,378,0.016879163245427
shallow,64,0,379,0.016822597163267
shallow,64,0,380,0.016756188364988
shallow,64,0,381,0.0166720912000895
shallow,64,0,382,0.0163732190671521
shallow,64,0,383,0.0160800712430651
shallow,64,0,384,0.0156443815188815
shallow,64,0,385,0.0152166493650253
shallow,64,0,386,0.0148831425360065
shallow,64,0,387,0.0145800545597686
shallow,64,0,388,0.0143930072651184
shallow,64,0,389,0.0141327360505815
shallow,64,0,390,0.0139520487672299
shallow,64,0,391,0.0137289098357115
shallow,64,0,392,0.013719446157486
shallow,64,0,393,0.0137161940402028
shallow,64,0,394,0.0136384738890399
shallow,64,0,395,0.0136152685071452
shallow,64,0,396,0.0136478166749343
shallow,64,0,397,0.0136560523619163
shallow,64,0,398,0.0136830776370599
shallow,64,0,399,0.013801189521917
shallow,64,0,400,0.0138932452825868
shallow,64,1,0,1.0
shallow,64,1,1,0.9704208909082596
shallow,64,1,2,0.9420775319818318
shallow,64,1,3,0.914943501046684
shallow,64,1,4,0.8888447425134969
shallow,64,1,5,0.8638248419440652
shallow,64,1,6,0.8397920776035734
shallow,64,1,7,0.8167205618432709
shallow,64,1,8,0.7946187297815643
shallow,64,1,9,0.7734359189999358
shallow,64,1,10,0.7530339048262757
shallow,64,1,11,0.7334031123809189
shallow,64,1,12,0.7144836768349785
shallow,64,1,13,0.6962943715195324
shallow,64,1,14,0.6785857153346939
shallow,64,1,15,0.6616382091379501
shallow,64,1,16,0.6452829021053652
shallow,64,1,17,0.6294183368371572
shallow,64,1,18,0.6140983958674003
shallow,64,1,19,0.5992107947473848
shallow,64,1,20,0.5848694802545362
shallow,64,1,21,0.5711908166583786
shallow,64,1,22,0.5579503146084892
shallow,64,1,23,0.5451391305919748
shallow,64,1,24,0.5327199485032454
shallow,64,1,25,0.5206718497819137
shallow,64,1,26,0.5090485263356695
shallow,64,1,27,0.4977722263702415
shallow,64,1,28,0.486944119510969
shallow,64,1,29,0.4765574928375906
shallow,64,1,30,0.4663127271308759
shallow,64,1,31,0.4563153534209604
shallow,64,1,32,0.4466910079084686
shallow,64,1,33,0.4373986572801025
shallow,64,1,34,0.4283460353794213
shallow,64,1,35,0.4195731269222161
shallow,64,1,36,0.4112202404486779
shallow,64,1,37,0.4031142057369503
shallow,64,1,38,0.3951298325143191
shallow,64,1,39,0.387263192270127
shallow,64,1,40,0.3796707908983093
shallow,64,1,41,0.3724099769146917
shallow,64,1,42,0.365377282691033
shallow,64,1,43,0.3585314125671542
shallow,64,1,44,0.3517697295760867
shallow,64,1,45,0.3451524093695169
shallow,64,1,46,0.3386733431431256
shallow,64,1,47,0.3323162662664404
shallow,64,1,48,0.3261450704097537
shallow,64,1,49,0.3200664979313122
shallow,64,1,50,0.3140367468160181
shallow,64,1,51,0.3081338817545553
shallow,64,1,52,0.3024111121866427
shallow,64,1,53,0.2968098245529157
shallow,64,1,54,0.2915736290500915
shallow,64,1,55,0.2865699449533028
shallow,64,1,56,0.2817397698031542
shallow,64,1,57,0.2769561753232373
shallow,64,1,58,0.2721319989322169
shallow,64,1,59,0.2673501284405286
shallow,64,1,60,0.2627295875974733
shallow,64,1,61,0.2582608619153919
shallow,64,1,62,0.2537896009350237
shallow,64,1,63,0.2494653461359271
shallow,64,1,64,0.2451427963167277
shallow,64,1,65,0.2408002553309543
shallow,64,1,66,0.2365819973184038
shallow,64,1,67,0.232441829632549
shallow,64,1,68,0.2284915494297947
shallow,64,1,69,0.2247040416851571
shallow,64,1,70,0.220831757439905
shallow,64,1,71,0.2170881062055422
shallow,64,1,72,0.2132570170982577
shallow,64,1,73,0.2095784323114357
shallow,64,1,74,0.2059291580220675
shallow,64,1,75,0.2025415027473342
shallow,64,1,76,0.1991983887956796
shallow,64,1,77,0.1959859244174942
shallow,64,1,78,0.1928495478830903
shallow,64,1,79,0.1900402188944559
shallow,64,1,80,0.1872145153695626
shallow,64,1,81,0.1843749253811376
shallow,64,1,82,0.1814728227680074
shallow,64,1,83,0.1787651937930017
shallow,64,1,84,0.1760251206470375
shallow,64,1,85,0.173304705227641
shallow,64,1,86,0.1707639925327231
shallow,64,1,87,0.168199283002397
shallow,64,1,88,0.1657352466925463
shallow,64,1,89,0.1634501169264588
shallow,64,1,90,0.1612180215417817
shallow,64,1,91,0.1590230664910584
shallow,64,1,92,0.1568356003532962
shallow,64,1,93,0.1546406273182242
shallow,64,1,94,0.1523153460635463
shallow,64,1,95,0.1500351921088618
shallow,64,1,96,0.1479736702673855
shallow,64,1,97,0.1460511892915397
shallow,64,1,98,0.1441810904160308
shallow,64,1,99,0.1423799815630371
shallow,64,1,100,0.1406842091198937
shallow,64,1,101,0.1389446601886225
shallow,64,1,102,0.1372462987634332
shallow,64,1,103,0.1355531592949865
shallow,64,1,104,0.1339717568678416
shallow,64,1,105,0.1323487181281758
shallow,64,1,106,0.1306561785077067
shallow,64,1,107,0.1289497912146901
shallow,64,1,108,0.1273872864383856
shallow,64,1,109,0.1257546881650831
shallow,64,1,110,0.1240830954020139
shallow,64,1,111,0.1223986844854113
shallow,64,1,112,0.120812730009768
shallow,64,1,113,0.1192150953505853
shallow,64,1,114,0.1175997169944829
shallow,64,1,115,0.1158936655346827
shallow,64,1,116,0.1143388928145951
shallow,64,1,117,0.1129003749098904
shallow,64,1,118,0.1115828342545594
shallow,64,1,119,0.1099306858502095
shallow,64,1,120,0.1083749894569435
shallow,64,1,121,0.1065951366200939
shallow,64,1,122,0.104828081314734
shallow,64,1,123,0.1031366780728317
shallow,64,1,124,0.1014699235760177
shallow,64,1,125,0.0998551226637535
shallow,64,1,126,0.0983952741894673
shallow,64,1,127,0.096986245649384
shallow,64,1,128,0.0956090379160648
shallow,64,1,129,0.0941139122490442
shallow,64,1,130,0.0926585021932345
shallow,64,1,131,0.0912491011541792
shallow,64,1,132,0.0898368056801411
shallow,64,1,133,0.0885149118741362
shallow,64,1,134,0.087409489745006
shallow,64,1,135,0.0863096825270702
shallow,64,1,136,0.0853409734367117
shallow,64,1,137,0.0843208307933357
shallow,64,1,138,0.0832498204810053
shallow,64,1,139,0.0822486998514114
shallow,64,1,140,0.08116643584052
shallow,64,1,141,0.0801051559751629
shallow,64,1,142,0.079224791521001
shallow,64,1,143,0.0785286487905096
shallow,64,1,144,0.0777526522418545
shallow,64,1,145,0.0771646779958806
shallow,64,1,146,0.0765868945800932
shallow,64,1,147,0.075956377456942
shallow,64,1,148,0.0752677960056576
shallow,64,1,149,0.0744357263930921
shallow,64,1,150,0.0736612994995211
shallow,64,1,151,0.0728388006344011
shallow,64,1,152,0.0717636725037026
shallow,64,1,153,0.0705826308343705
shallow,64,1,154,0.069491875706202
shallow,64,1,155,0.0686012592270656
shallow,64,1,156,0.0676424055725411
shallow,64,1,157,0.0665020958977883
shallow,64,1,158,0.0652820569091909
shallow,64,1,159,0.0641320599391603
shallow,64,1,160,0.062996604551856
shallow,64,1,161,0.0620401205020074
shallow,64,1,162,0.0609494078111697
shallow,64,1,163,0.0597514507318284
shallow,64,1,164,0.0584005885623922
shallow,64,1,165,0.0573203551393885
shallow,64,1,166,0.0562156400188335
shallow,64,1,167,0.0551810253752046
shallow,64,1,168,0.0540637110243272
shallow,64,1,169,0.0530556582453605
shallow,64,1,170,0.052026636149223
shallow,64,1,171,0.0509923616294916
shallow,64,1,172,0.0499936980078196
shallow,64,1,173,0.0490736401917804
shallow,64,1,174,0.048067370485101
shallow,64,1,175,0.0471017147552227
shallow,64,1,176,0.0460877765502068
shallow,64,1,177,0.0448746592468747
shallow,64,1,178,0.0437849344887028
shallow,64,1,179,0.04279871809126
shallow,64,1,180,0.0417811782512873
shallow,64,1,181,0.0407506850122823
shallow,64,1,182,0.0397412707006144
shallow,64,1,183,0.0387725909531863
shallow,64,1,184,0.037771962333104
shallow,64,1,185,0.0368513637245156
shallow,64,1,186,0.036009954188868
shallow,64,1,187,0.0352494590370921
shallow,64,1,188,0.0346289144608452
shallow,64,1,189,0.0340748916533315
shallow,64,1,190,0.0336388061762512
shallow,64,1,191,0.0330437323237114
shallow,64,1,192,0.0326176902677034
shallow,64,1,193,0.0321430631158142
shallow,64,1,194,0.0315633471844928
shallow,64,1,195,0.0310952600736976
shallow,64,1,196,0.0307156940840862
shallow,64,1,197,0.0303318724979764
shallow,64,1,198,0.0298415619359773
shallow,64,1,199,0.0291912370193828
shallow,64,1,200,0.0284791397718192
shallow,64,1,201,0.0278796063288349
shallow,64,1,202,0.027300804950238
shallow,64,1,203,0.0267661932536839
shallow,64,1,204,0.0262684007546131
shallow,64,1,205,0.0257958705156271
shallow,64,1,206,0.0254289728487224
shallow,64,1,207,0.0252052453408923
shallow,64,1,208,0.0250559448967049
shallow,64,1,209,0.0249398105056354
shallow,64,1,210,0.0248521550393507
shallow,64,1,211,0.0246465981329402
shallow,64,1,212,0.0243355073612931
shallow,64,1,213,0.0239535391158977
shallow,64,1,214,0.0234842161973665
shallow,64,1,215,0.0231309408048383
shallow,64,1,216,0.0228241715540047
shallow,64,1,217,0.0225353673286009
shallow,64,1,218,0.0223181929397848
shallow,64,1,219,0.0220247295300209
shallow,64,1,220,0.0218233810133491
shallow,64,1,221,0.0217201668568879
shallow,64,1,222,0.0216562160950019
shallow,64,1,223,0.0214358462481976
shallow,64,1,224,0.0212823777604451
shallow,64,1,225,0.0210944254886594
shallow,64,1,226,0.0210212401840209
shallow,64,1,227,0.0209096678747945
shallow,64,1,228,0.0210180016889047
shallow,64,1,229,0.0211650698583323
shallow,64,1,230,0.0213200665108217
shallow,64,1,231,0.0215528194188525
shallow,64,1,232,0.0218180782257318
shallow,64,1,233,0.0219136862822694
shallow,64,1,234,0.0219442795738135
shallow,64,1,235,0.0218743547905064
shallow,64,1,236,0.0216967905491083
shallow,64,1,237,0.0215550359667863
shallow,64,1,238,0.0213241265008039
shallow,64,1,239,0.0211587579617632
shallow,64,1,240,0.0209545331918948
shallow,64,1,241,0.020650659052903
shallow,64,1,242,0.0203744443895894
shallow,64,1,243,0.0199614658549224
shallow,64,1,244,0.0196860566381759
shallow,64,1,245,0.0194429736797826
shallow,64,1,246,0.019029066817866
shallow,64,1,247,0.0187618681884621
shallow,64,1,248,0.018568617421901
shallow,64,1,249,0.0183872500104822
shallow,64,1,250,0.0182335621419226
shallow,64,1,251,0.0179932602587412
shallow,64,1,252,0.0179917480531357
shallow,64,1,253,0.017866464322276
shallow,64,1,254,0.017855092699481
shallow,64,1,255,0.0178747425074493
shallow,64,1,256,0.0178630654611235
shallow,64,1,257,0.0178958760109692
shallow,64,1,258,0.0179195293874042
shallow,64,1,259,0.0178757159576261
shallow,64,1,260,0.0178145989019488
shallow,64,1,261,0.0175759069013578
shallow,64,1,262,0.0173274824006616
shallow,64,1,263,0.0170459118415459
shallow,64,1,264,0.0167856547552956
shallow,64,1,265,0.016525254311106
shallow,64,1,266,0.0163976237287951
shallow,64,1,267,0.0162736207336363
shallow,64,1,268,0.0161866736428702
shallow,64,1,269,0.016020083834296
shallow,64,1,270,0.0157945662006402
shallow,64,1,271,0.0157089721683529
shallow,64,1,272,0.0157140569541621
shallow,64,1,273,0.0157128834363847
shallow,64,1,274,0.0156564716000127
shallow,64,1,275,0.0156495700018333
shallow,64,1,276,0.0155429262109138
shallow,64,1,277,0.0153486256675225
shallow,64,1,278,0.015203429868225
shallow,64,1,279,0.0149181800698575
shallow,64,1,280,0.0146508866284567
shallow,64,1,281,0.0143840601611935
shallow,64,1,282,0.0140737649384295
shallow,64,1,283,0.013735133968201
shallow,64,1,284,0.0132946732285314
shallow,64,1,285,0.0129247265581405
shallow,64,1,286,0.0126139418998169
shallow,64,1,287,0.0122746468013601
shallow,64,1,288,0.0120285124672853
shallow,64,1,289,0.0117671848508214
shallow,64,1,290,0.0115112393669002
shallow,64,1,291,0.0113595056606335
shallow,64,1,292,0.0111833398176275
shallow,64,1,293,0.0110169393667183
shallow,64,1,294,0.010928895312535
shallow,64,1,295,0.0107961807317744
shallow,64,1,296,0.0105755202606896
shallow,64,1,297,0.0103685351285513
shallow,64,1,298,0.0100472775846359
shallow,64,1,299,0.0096891089599489
shallow,64,1,300,0.009258937654695
shallow,64,1,301,0.0088489573405245
shallow,64,1,302,0.0084298632109999
shallow,64,1,303,0.0080407650030696
shallow,64,1,304,0.0076733994182192
shallow,64,1,305,0.0072016814758004
shallow,64,1,306,0.0066782523917814
shallow,64,1,307,0.0064646611559103
shallow,64,1,308,0.0062388913303044
shallow,64,1,309,0.0060420771159789
shallow,64,1,310,0.0058044083462666
shallow,64,1,311,0.0056838976979304
shallow,64,1,312,0.0056493301246125
shallow,64,1,313,0.0056582530364659
shallow,64,1,314,0.0056184593733688
shallow,64,1,315,0.005472128202841
shallow,64,1,316,0.0052099518540041
shallow,64,1,317,0.0049825299577261
shallow,64,1,318,0.0047305079474232
shallow,64,1,319,0.0046287083490563
shallow,64,1,320,0.004446316398781
shallow,64,1,321,0.0043068754783428
shallow,64,1,322,0.0040612543861083
shallow,64,1,323,0.0038242988833378
shallow,64,1,324,0.0036253540602933
shallow,64,1,325,0.0033465774168717
shallow,64,1,326,0.0033142673792853
shallow,64,1,327,0.0033224864191562
shallow,64,1,328,0.0033250057712254
shallow,64,1,329,0.0032835697564629
shallow,64,1,330,0.0030857628301573
shallow,64,1,331,0.0027653177954035
shallow,64,1,332,0.0024452342342484
shallow,64,1,333,0.0021778409605351
shallow,64,1,334,0.001737517221633
shallow,64,1,335,0.0011831841692545
shallow,64,1,336,0.0007573619378663
shallow,64,1,337,0.000422096840055
shallow,64,1,338,-3.955158272345898e-06
shallow,64,1,339,-0.0004405506189417
shallow,64,1,340,-0.0007932562970404
shallow,64,1,341,-0.0009838700725085
shallow,64,1,342,-0.001149197039764
shallow,64,1,343,-0.0012687637616486
shallow,64,1,344,-0.0013901015559526
shallow,64,1,345,-0.0015171887575855
shallow,64,1,346,-0.001564077313958
shallow,64,1,347,-0.0017434593208549
shallow,64,1,348,-0.0019626238977173
shallow,64,1,349,-0.0022028525520828
shallow,64,1,350,-0.0023629064243492
shallow,64,1,351,-0.0024494747978248
shallow,64,1,352,-0.0025211536560871
shallow,64,1,353,-0.0027031843236577
shallow,64,1,354,-0.0030785074672109
shallow,64,1,355,-0.0033451113916959
shallow,64,1,356,-0.0037216247223174
shallow,64,1,357,-0.0041731394168304
shallow,64,1,358,-0.0046762377733389
shallow,64,1,359,-0.0051578198616359
shallow,64,1,360,-0.0055016317831784
shallow,64,1,361,-0.0058518625876542
shallow,64,1,362,-0.0061870090226245
shallow,64,1,363,-0.0065820175710107
shallow,64,1,364,-0.006903657320969
shallow,64,1,365,-0.0072161536772027
shallow,64,1,366,-0.0074564479607902
shallow,64,1,367,-0.0075779747612671
shallow,64,1,368,-0.007486055092063
shallow,64,1,369,-0.0074253465064586
shallow,64,1,370,-0.0072840464345107
shallow,64,1,371,-0.0071624682652908
shallow,64,1,372,-0.0070192900732173
shallow,64,1,373,-0.0069153189491423
shallow,64,1,374,-0.0070491612505891
shallow,64,1,375,-0.0072672764550442
shallow,64,1,376,-0.0073440190713011
shallow,64,1,377,-0.0074946376442066
shallow,64,1,378,-0.0076812178763362
shallow,64,1,379,-0.0078921489670184
shallow,64,1,380,-0.008133620520227
shallow,64,1,381,-0.0081994549693776
shallow,64,1,382,-0.008148875363234
shallow,64,1,383,-0.0079868985614849
shallow,64,1,384,-0.0078556948971058
shallow,64,1,385,-0.0076775544714769
shallow,64,1,386,-0.0075194805801126
shallow,64,1,387,-0.0074127120207675
shallow,64,1,388,-0.0073196690782036
shallow,64,1,389,-0.0074566218650515
shallow,64,1,390,-0.007534462379997
shallow,64,1,391,-0.0076213736675636
shallow,64,1,392,-0.0078853419781767
shallow,64,1,393,-0.0083063131574779
shallow,64,1,394,-0.0088130753078155
shallow,64,1,395,-0.0094479735987147
shallow,64,1,396,-0.0101743160500698
shallow,64,1,397,-0.0109703869921436
shallow,64,1,398,-0.0117575368054056
shallow,64,1,399,-0.012431803299482
shallow,64,1,400,-0.0130593686490868
shallow,64,2,0,1.0
shallow,64,2,1,0.9682369752875156
shallow,64,2,2,0.9378314731176702
shallow,64,2,3,0.9087938945436173
shallow,64,2,4,0.8811335054528401
shallow,64,2,5,0.8547555138074918
shallow,64,2,6,0.8295520523840626
shallow,64,2,7,0.805430251499301
shallow,64,2,8,0.7823126392016767
shallow,64,2,9,0.7601292693748312
shallow,64,2,10,0.7389461311621104
shallow,64,2,11,0.7187022097995427
shallow,64,2,12,0.6992817954776115
shallow,64,2,13,0.6804991788274448
shallow,64,2,14,0.6624439314270087
shallow,64,2,15,0.6451348685707584
shallow,64,2,16,0.6285943031882758
shallow,64,2,17,0.6124483964054823
shallow,64,2,18,0.5968274716183486
shallow,64,2,19,0.5818297856843565
shallow,64,2,20,0.5673725905623777
shallow,64,2,21,0.5535800046567221
shallow,64,2,22,0.54009702767594
shallow,64,2,23,0.5272376525685857
shallow,64,2,24,0.5149139587289486
shallow,64,2,25,0.5030925025041417
shallow,64,2,26,0.4916996617875071
shallow,64,2,27,0.4808170739316447
shallow,64,2,28,0.4703145664559316
shallow,64,2,29,0.4603123500809833
shallow,64,2,30,0.4504881271266129
shallow,64,2,31,0.4407814898595232
shallow,64,2,32,0.4311496691315416
shallow,64,2,33,0.4218002305710535
shallow,64,2,34,0.4125998131634663
shallow,64,2,35,0.4035701039230813
shallow,64,2,36,0.3948067274541135
shallow,64,2,37,0.3860770468185889
shallow,64,2,38,0.3775913042551478
shallow,64,2,39,0.3691647323149717
shallow,64,2,40,0.361055385034157
shallow,64,2,41,0.3530391227440724
shallow,64,2,42,0.3452737037390802
shallow,64,2,43,0.3379155701693489
shallow,64,2,44,0.3307961943776643
shallow,64,2,45,0.3240875286835552
shallow,64,2,46,0.317573800709642
shallow,64,2,47,0.3111975805865229
shallow,64,2,48,0.3049439518186942
shallow,64,2,49,0.2990305052230676
shallow,64,2,50,0.2932510791714083
shallow,64,2,51,0.2877261329683223
shallow,64,2,52,0.282134914611284
shallow,64,2,53,0.2766459580414245
shallow,64,2,54,0.2712519179489708
shallow,64,2,55,0.2659409856706564
shallow,64,2,56,0.2609097048728571
shallow,64,2,57,0.2561740435570062
shallow,64,2,58,0.2513911056624652
shallow,64,2,59,0.2467030590774523
shallow,64,2,60,0.242068835019156
shallow,64,2,61,0.2375333292651853
shallow,64,2,62,0.2331326557432776
shallow,64,2,63,0.2288183089302892
shallow,64,2,64,0.224743180940266
shallow,64,2,65,0.2208873444422271
shallow,64,2,66,0.2170769640604177
shallow,64,2,67,0.2132812930479079
shallow,64,2,68,0.2097298325300489
shallow,64,2,69,0.206251941839131
shallow,64,2,70,0.2027194111418505
shallow,64,2,71,0.1993075113106049
shallow,64,2,72,0.1958465136157416
shallow,64,2,73,0.1923976017615349
shallow,64,2,74,0.1890082192901357
shallow,64,2,75,0.1858382936729214
shallow,64,2,76,0.1827330513865407
shallow,64,2,77,0.1794419375222561
shallow,64,2,78,0.1763028746809518
shallow,64,2,79,0.1732799722565294
shallow,64,2,80,0.1702646467687289
shallow,64,2,81,0.1673568576482366
shallow,64,2,82,0.1644313644274034
shallow,64,2,83,0.1615854988480844
shallow,64,2,84,0.1587781585544753
shallow,64,2,85,0.1560971680930519
shallow,64,2,86,0.1536095530577861
shallow,64,2,87,0.1511183908356489
shallow,64,2,88,0.148694339075749
shallow,64,2,89,0.1464029428111267
shallow,64,2,90,0.1440368949810787
shallow,64,2,91,0.1416736044940524
shallow,64,2,92,0.1395954693717548
shallow,64,2,93,0.1373709317866095
shallow,64,2,94,0.1352583623696621
shallow,64,2,95,0.1331034574882039
shallow,64,2,96,0.1310080059088139
shallow,64,2,97,0.1289892663317434
shallow,64,2,98,0.1270162589730795
shallow,64,2,99,0.1252823894369977
shallow,64,2,100,0.123745733093953
shallow,64,2,101,0.1221090574908755
shallow,64,2,102,0.120464386435683
shallow,64,2,103,0.1187203903434985
shallow,64,2,104,0.1169874872334792
shallow,64,2,105,0.1153630288575215
shallow,64,2,106,0.1137596243549665
shallow,64,2,107,0.1121506801318531
shallow,64,2,108,0.1104139260020335
shallow,64,2,109,0.1086569218443179
shallow,64,2,110,0.1067527101037237
shallow,64,2,111,0.104864302816084
shallow,64,2,112,0.1031103897972001
shallow,64,2,113,0.1015089397423624
shallow,64,2,114,0.100117002566538
shallow,64,2,115,0.0988412335564091
shallow,64,2,116,0.0975292059206662
shallow,64,2,117,0.0963112240791455
shallow,64,2,118,0.0950318961305626
shallow,64,2,119,0.0937345937639178
shallow,64,2,120,0.0926076573609328
shallow,64,2,121,0.0916459832567642
shallow,64,2,122,0.0906992097307917
shallow,64,2,123,0.0899127047550505
shallow,64,2,124,0.0891550238789826
shallow,64,2,125,0.0883356167833875
shallow,64,2,126,0.0875059207886201
shallow,64,2,127,0.0866927467356468
shallow,64,2,128,0.0857893538695472
shallow,64,2,129,0.0848255446987495
shallow,64,2,130,0.0837746841158363
shallow,64,2,131,0.0827241160995015
shallow,64,2,132,0.0817592159696218
shallow,64,2,133,0.0806647968821401
shallow,64,2,134,0.0795432116195256
shallow,64,2,135,0.0784249726257995
shallow,64,2,136,0.0773796018160094
shallow,64,2,137,0.0762464408562916
shallow,64,2,138,0.0751870312890149
shallow,64,2,139,0.0741281258919406
shallow,64,2,140,0.0731143657351283
shallow,64,2,141,0.0721530917629832
shallow,64,2,142,0.0711907190786848
shallow,64,2,143,0.070114284129709
shallow,64,2,144,0.0691270299908101
shallow,64,2,145,0.0681545382442612
shallow,64,2,146,0.0672558614366103
shallow,64,2,147,0.0664901938580065
shallow,64,2,148,0.0657721004243496
shallow,64,2,149,0.0649344386635402
shallow,64,2,150,0.0641499695896436
shallow,64,2,151,0.0633360654344256
shallow,64,2,152,0.0625123552797341
shallow,64,2,153,0.0615802810807364
shallow,64,2,154,0.060845932343545
shallow,64,2,155,0.060116359590158
shallow,64,2,156,0.0593909388234793
shallow,64,2,157,0.058738465115265
shallow,64,2,158,0.0583500654838497
shallow,64,2,159,0.0581040023170231
shallow,64,2,160,0.0579617651463263
shallow,64,2,161,0.0578479477911364
shallow,64,2,162,0.0577377491400123
shallow,64,2,163,0.0576291079082193
shallow,64,2,164,0.0573707144278271
shallow,64,2,165,0.0571154811287817
shallow,64,2,166,0.0566496850206163
shallow,64,2,167,0.056098902328918
shallow,64,2,168,0.0554681627348885
shallow,64,2,169,0.0547446661265536
shallow,64,2,170,0.0541602850236169
shallow,64,2,171,0.0536857546787214
shallow,64,2,172,0.0530731266922153
shallow,64,2,173,0.0524821734672976
shallow,64,2,174,0.051925568489637
shallow,64,2,175,0.0513552182000124
shallow,64,2,176,0.0506855758964915
shallow,64,2,177,0.049967239927849
shallow,64,2,178,0.0493001555279067
shallow,64,2,179,0.0486213208029716
shallow,64,2,180,0.0481223857499447
shallow,64,2,181,0.0476497236860656
shallow,64,2,182,0.0470869264458026
shallow,64,2,183,0.0463447214986559
shallow,64,2,184,0.0455773390409891
shallow,64,2,185,0.0449058113548283
shallow,64,2,186,0.0442392449039317
shallow,64,2,187,0.043585610346128
shallow,64,2,188,0.0430118262551543
shallow,64,2,189,0.0424759061339628
shallow,64,2,190,0.0420287050253314
shallow,64,2,191,0.0416939949770056
shallow,64,2,192,0.0413092888198673
shallow,64,2,193,0.0407596837293555
shallow,64,2,194,0.0400814464347402
shallow,64,2,195,0.039209499740732
shallow,64,2,196,0.0383529339695489
shallow,64,2,197,0.037596446939963
shallow,64,2,198,0.0368130911659771
shallow,64,2,199,0.0361083853867255
shallow,64,2,200,0.0354169960593338
shallow,64,2,201,0.0347709301339917
shallow,64,2,202,0.0339608553297009
shallow,64,2,203,0.0333003375145644
shallow,64,2,204,0.032573194872937
shallow,64,2,205,0.0317917425871668
shallow,64,2,206,0.0309735557859002
shallow,64,2,207,0.0302047817853195
shallow,64,2,208,0.0295159041064095
shallow,64,2,209,0.0288370491537008
shallow,64,2,210,0.0282264662914889
shallow,64,2,211,0.0275985436615803
shallow,64,2,212,0.0269417832914583
shallow,64,2,213,0.0264063924381885
shallow,64,2,214,0.0258088697351237
shallow,64,2,215,0.0252375556034599
shallow,64,2,216,0.0247865114678786
shallow,64,2,217,0.024393064335912
shallow,64,2,218,0.0240080583302046
shallow,64,2,219,0.0236270911063865
shallow,64,2,220,0.0232725423345418
shallow,64,2,221,0.0228981397074031
shallow,64,2,222,0.0226374326072388
shallow,64,2,223,0.0224549056185053
shallow,64,2,224,0.0222941669247058
shallow,64,2,225,0.0221341205220351
shallow,64,2,226,0.0219221074974069
shallow,64,2,227,0.0217448791419966
shallow,64,2,228,0.021716515428814
shallow,64,2,229,0.0217485392398585
shallow,64,2,230,0.0217282034827998
shallow,64,2,231,0.0216855373836254
shallow,64,2,232,0.0216511505212439
shallow,64,2,233,0.0215667465422742
shallow,64,2,234,0.0215398237672564
shallow,64,2,235,0.0215016324964925
shallow,64,2,236,0.021403979661034
shallow,64,2,237,0.0212603692950405
shallow,64,2,238,0.0209379976533721
shallow,64,2,239,0.020638564328712
shallow,64,2,240,0.0205376376523616
shallow,64,2,241,0.020473611244451
shallow,64,2,242,0.0205069765475325
shallow,64,2,243,0.02063745080163
shallow,64,2,244,0.020969064832443
shallow,64,2,245,0.0212508405166708
shallow,64,2,246,0.0214690412540294
shallow,64,2,247,0.0215524912123157
shallow,64,2,248,0.0215638938033281
shallow,64,2,249,0.0215689923312751
shallow,64,2,250,0.0214772332415267
shallow,64,2,251,0.0214944081551516
shallow,64,2,252,0.0214530804971407
shallow,64,2,253,0.0213977823483045
shallow,64,2,254,0.0210887510311721
shallow,64,2,255,0.0207662714779553
shallow,64,2,256,0.0203211596762017
shallow,64,2,257,0.0200003065303474
shallow,64,2,258,0.0197146589866713
shallow,64,2,259,0.0194557627504956
shallow,64,2,260,0.0193260882659977
shallow,64,2,261,0.0190892709571889
shallow,64,2,262,0.0188400971758778
shallow,64,2,263,0.0186975820391418
shallow,64,2,264,0.0187295484585706
shallow,64,2,265,0.0187194516771834
shallow,64,2,266,0.018853141546635
shallow,64,2,267,0.0189238066782915
shallow,64,2,268,0.0188330545894796
shallow,64,2,269,0.0186217876391998
shallow,64,2,270,0.0183408859982166
shallow,64,2,271,0.0183459896857199
shallow,64,2,272,0.0182759501641407
shallow,64,2,273,0.0182123235960821
shallow,64,2,274,0.0180210320636082
shallow,64,2,275,0.0178344676107609
shallow,64,2,276,0.017564304201346
shallow,64,2,277,0.0172144380603191
shallow,64,2,278,0.0169376704289656
shallow,64,2,279,0.0166328379712236
shallow,64,2,280,0.016315458195014
shallow,64,2,281,0.0159727089432281
shallow,64,2,282,0.0155589099553102
shallow,64,2,283,0.0150834027882554
shallow,64,2,284,0.0146994254395404
shallow,64,2,285,0.0144760917004401
shallow,64,2,286,0.0142832767082961
shallow,64,2,287,0.014152627435082
shallow,64,2,288,0.0138800841012418
shallow,64,2,289,0.0137201799849421
shallow,64,2,290,0.0135047497448676
shallow,64,2,291,0.013202489378113
shallow,64,2,292,0.0128632252408497
shallow,64,2,293,0.0126135219042883
shallow,64,2,294,0.0122126839411632
shallow,64,2,295,0.0119516007511162
shallow,64,2,296,0.0115076467006568
shallow,64,2,297,0.011142669620313
shallow,64,2,298,0.0108312781854477
shallow,64,2,299,0.0105065632017217
shallow,64,2,300,0.0102498220914674
shallow,64,2,301,0.0099188664082824
shallow,64,2,302,0.0097708734407623
shallow,64,2,303,0.0095499110137532
shallow,64,2,304,0.0094581878699265
shallow,64,2,305,0.0094972808680215
shallow,64,2,306,0.0095472091086165
shallow,64,2,307,0.0095662682681163
shallow,64,2,308,0.0095514828008188
shallow,64,2,309,0.0096925831418866
shallow,64,2,310,0.0098247086922927
shallow,64,2,311,0.0098831864335774
shallow,64,2,312,0.0100591421177377
shallow,64,2,313,0.0102928278057071
shallow,64,2,314,0.0104831803079752
shallow,64,2,315,0.0105450877729674
shallow,64,2,316,0.0106180792821987
shallow,64,2,317,0.0105635230160677
shallow,64,2,318,0.0104499454445993
shallow,64,2,319,0.0102573667866701
shallow,64,2,320,0.0101813894431614
shallow,64,2,321,0.0099919439686593
shallow,64,2,322,0.009718396992092
shallow,64,2,323,0.0094561233577169
shallow,64,2,324,0.00912695688105
shallow,64,2,325,0.0089057770694956
shallow,64,2,326,0.0086232268678992
shallow,64,2,327,0.008363874090454
shallow,64,2,328,0.0080576901905866
shallow,64,2,329,0.0077387945781543
shallow,64,2,330,0.0074999249090466
shallow,64,2,331,0.0070730718900244
shallow,64,2,332,0.0066768854100027
shallow,64,2,333,0.0063496512838711
shallow,64,2,334,0.0059566265657417
shallow,64,2,335,0.0056461464366522
shallow,64,2,336,0.0052437311484857
shallow,64,2,337,0.0048322173478686
shallow,64,2,338,0.0044272443391221
shallow,64,2,339,0.0039908809590413
shallow,64,2,340,0.0036054744463687
shallow,64,2,341,0.00325920453357
shallow,64,2,342,0.002983677076244
shallow,64,2,343,0.0025872526287204
shallow,64,2,344,0.0022264227053636
shallow,64,2,345,0.002006282645736
shallow,64,2,346,0.001740774145658
shallow,64,2,347,0.0013189691999378
shallow,64,2,348,0.0009620162593947
shallow,64,2,349,0.0006787327095399
shallow,64,2,350,0.0005185882411331
shallow,64,2,351,0.0003086815866156
shallow,64,2,352,0.000106507678952
shallow,64,2,353,4.004902647407652e-05
shallow,64,2,354,7.303223334618385e-06
shallow,64,2,355,1.486006553139466e-05
shallow,64,2,356,-0.0001616923009363
shallow,64,2,357,-0.0003183767439184
shallow,64,2,358,-0.0003616669103847
shallow,64,2,359,-0.0004223974876744
shallow,64,2,360,-0.0004450252713628
shallow,64,2,361,-0.0004680771031286
shallow,64,2,362,-0.0004547213403703
shallow,64,2,363,-0.0004619008931545
shallow,64,2,364,-0.0004384323684443
shallow,64,2,365,-0.0004632843949429
shallow,64,2,366,-0.0004528094618008
shallow,64,2,367,-0.0006354668102047
shallow,64,2,368,-0.0006677275629837
shallow,64,2,369,-0.0006343429713036
shallow,64,2,370,-0.0006230181112569
shallow,64,2,371,-0.0005408194570108
shallow,64,2,372,-0.0002232198680728
shallow,64,2,373,0.0001240490459689
shallow,64,2,374,0.0005261435135076
shallow,64,2,375,0.0010625174921997
shallow,64,2,376,0.0015666299412574
shallow,64,2,377,0.0020347592360559
shallow,64,2,378,0.0024711823312403
shallow,64,2,379,0.0028216487972254
shallow,64,2,380,0.0029803775978316
shallow,64,2,381,0.0031694653856286
shallow,64,2,382,0.0033740983795005
shallow,64,2,383,0.0036130902932398
shallow,64,2,384,0.0036255601790971
shallow,64,2,385,0.0035530304138029
shallow,64,2,386,0.0034944654077421
shallow,64,2,387,0.0034786524337508
shallow,64,2,388,0.0034717886434509
shallow,64,2,389,0.0034961934999638
shallow,64,2,390,0.0036073279971913
shallow,64,2,391,0.0037705175801605
shallow,64,2,392,0.0039395821870822
shallow,64,2,393,0.0040426984036002
shallow,64,2,394,0.0040993863013724
shallow,64,2,395,0.0041851767282193
shallow,64,2,396,0.0040511210958195
shallow,64,2,397,0.0039328555112593
shallow,64,2,398,0.0038547645854982
shallow,64,2,399,0.0036935482796242
shallow,64,2,400,0.0034585744087465
shallow,256,0,0,1.0
shallow,256,0,1,0.966152672209745
shallow,256,0,2,0.933762591053795
shallow,256,0,3,0.9026818307294694
shallow,256,0,4,0.8729187685712679
shallow,256,0,5,0.8444951735030195
shallow,256,0,6,0.8174042686269419
shallow,256,0,7,0.7915091186080015
shallow,256,0,8,0.7666756213102074
shallow,256,0,9,0.7428530769643298
shallow,256,0,10,0.7199263761611411
shallow,256,0,11,0.6978402198611976
shallow,256,0,12,0.6766917208862396
shallow,256,0,13,0.6562939019983073
shallow,256,0,14,0.6366563022811602
shallow,256,0,15,0.6178029416365532
shallow,256,0,16,0.5995306250066701
shallow,256,0,17,0.5820212844955013
shallow,256,0,18,0.5651301452469937
shallow,256,0,19,0.5486498585156683
shallow,256,0,20,0.5329501111675528
shallow,256,0,21,0.5177992184153672
shallow,256,0,22,0.5033362384970685
shallow,256,0,23,0.4895898154231587
shallow,256,0,24,0.4763067111825062
shallow,256,0,25,0.4633940553974377
shallow,256,0,26,0.4508636562236359
shallow,256,0,27,0.4388241128185426
shallow,256,0,28,0.4271917709294209
shallow,256,0,29,0.4160060618190903
shallow,256,0,30,0.4052000442476741
shallow,256,0,31,0.3948194556309778
shallow,256,0,32,0.3846693535071477
shallow,256,0,33,0.3749433124774398
shallow,256,0,34,0.3655662621738195
shallow,256,0,35,0.3564685935624242
shallow,256,0,36,0.3476338872206754
shallow,256,0,37,0.3390069566824796
shallow,256,0,38,0.3306626807573335
shallow,256,0,39,0.3224163681691835
shallow,256,0,40,0.3142634065022131
shallow,256,0,41,0.3064907461264016
shallow,256,0,42,0.298806634657886
shallow,256,0,43,0.291186400285927
shallow,256,0,44,0.2839465545423154
shallow,256,0,45,0.2768599361562514
shallow,256,0,46,0.2699760805373336
shallow,256,0,47,0.2632916693246778
shallow,256,0,48,0.2567456348692919
shallow,256,0,49,0.2504577195138512
shallow,256,0,50,0.24454898244462
shallow,256,0,51,0.2389650958445032
shallow,256,0,52,0.2336269341586282
shallow,256,0,53,0.2284033272224487
shallow,256,0,54,0.2232623844381934
shallow,256,0,55,0.2183443932322946
shallow,256,0,56,0.213791393774931
shallow,256,0,57,0.2093215075710874
shallow,256,0,58,0.2050465226973754
shallow,256,0,59,0.2007209731754924
shallow,256,0,60,0.1963456174188071
shallow,256,0,61,0.1922195216428738
shallow,256,0,62,0.1882336555700514
shallow,256,0,63,0.1843366003747483
shallow,256,0,64,0.1804526249578973
shallow,256,0,65,0.1767192171377718
shallow,256,0,66,0.1731659014174476
shallow,256,0,67,0.1697093863268019
shallow,256,0,68,0.1662090223188979
shallow,256,0,69,0.1627383672544876
shallow,256,0,70,0.159313433022653
shallow,256,0,71,0.1558212424666424
shallow,256,0,72,0.1523716554992438
shallow,256,0,73,0.1489254100442558
shallow,256,0,74,0.1455133591142539
shallow,256,0,75,0.1422710851617561
shallow,256,0,76,0.1389647433912461
shallow,256,0,77,0.1355196861435946
shallow,256,0,78,0.1321276227573599
shallow,256,0,79,0.1289887219947025
shallow,256,0,80,0.1259309368224725
shallow,256,0,81,0.1230531857961938
shallow,256,0,82,0.1202823478177392
shallow,256,0,83,0.1176236383743898
shallow,256,0,84,0.1150206355624762
shallow,256,0,85,0.1125592969221263
shallow,256,0,86,0.110212343672775
shallow,256,0,87,0.1080365025245161
shallow,256,0,88,0.1058082825288568
shallow,256,0,89,0.1038092671173579
shallow,256,0,90,0.1018547934007303
shallow,256,0,91,0.0998680427711424
shallow,256,0,92,0.0978242719973588
shallow,256,0,93,0.0958567225779008
shallow,256,0,94,0.094027139154325
shallow,256,0,95,0.0923656180018759
shallow,256,0,96,0.0906852720172403
shallow,256,0,97,0.0890402890493201
shallow,256,0,98,0.0872893809289412
shallow,256,0,99,0.0856105857278542
shallow,256,0,100,0.0840235295061889
shallow,256,0,101,0.0824869987776781
shallow,256,0,102,0.0808051471719642
shallow,256,0,103,0.0790039348747731
shallow,256,0,104,0.0773871683850415
shallow,256,0,105,0.0758418533870309
shallow,256,0,106,0.0744921257513865
shallow,256,0,107,0.0731544437497183
shallow,256,0,108,0.0717870270147423
shallow,256,0,109,0.07046099863361
shallow,256,0,110,0.0692293228557782
shallow,256,0,111,0.0680976524475948
shallow,256,0,112,0.0670092592036034
shallow,256,0,113,0.0658101480617313
shallow,256,0,114,0.0646315148030085
shallow,256,0,115,0.0633170344913643
shallow,256,0,116,0.0619381690615983
shallow,256,0,117,0.0605606359436866
shallow,256,0,118,0.0592566245511137
shallow,256,0,119,0.0578721597527264
shallow,256,0,120,0.0564931697163332
shallow,256,0,121,0.0548698805151701
shallow,256,0,122,0.0532929810875577
shallow,256,0,123,0.0517527445716342
shallow,256,0,124,0.0504887487351722
shallow,256,0,125,0.0492601481562311
shallow,256,0,126,0.0481926086342309
shallow,256,0,127,0.0472135518874246
shallow,256,0,128,0.0462937517150615
shallow,256,0,129,0.045462732885036
shallow,256,0,130,0.0445354342099366
shallow,256,0,131,0.0434800157916477
shallow,256,0,132,0.0424714799995165
shallow,256,0,133,0.0415717604118111
shallow,256,0,134,0.040666812293309
shallow,256,0,135,0.0397412512270786
shallow,256,0,136,0.0388598597890442
shallow,256,0,137,0.0380011990986562
shallow,256,0,138,0.0375166569440697
shallow,256,0,139,0.036979639562049
shallow,256,0,140,0.0365370558782556
shallow,256,0,141,0.0360196937052413
shallow,256,0,142,0.0353827627465794
shallow,256,0,143,0.0348614260020234
shallow,256,0,144,0.0344017091866306
shallow,256,0,145,0.0337282086756655
shallow,256,0,146,0.0330141199175118
shallow,256,0,147,0.0323857162284835
shallow,256,0,148,0.0316503831611297
shallow,256,0,149,0.0310833148931378
shallow,256,0,150,0.0306039212352061
shallow,256,0,151,0.0302132521438651
shallow,256,0,152,0.0298558974958566
shallow,256,0,153,0.029400421241767
shallow,256,0,154,0.0290343557179838
shallow,256,0,155,0.0288108747812892
shallow,256,0,156,0.028687952416819
shallow,256,0,157,0.0285420428819369
shallow,256,0,158,0.0284546852407968
shallow,256,0,159,0.0283421999391445
shallow,256,0,160,0.0283280011542866
shallow,256,0,161,0.028444291560906
shallow,256,0,162,0.0286130341038243
shallow,256,0,163,0.0287049777596993
shallow,256,0,164,0.028977636286717
shallow,256,0,165,0.028905755409975
shallow,256,0,166,0.0288029737695211
shallow,256,0,167,0.028756225603404
shallow,256,0,168,0.0286398320825517
shallow,256,0,169,0.0284668274469474
shallow,256,0,170,0.0283145092283692
shallow,256,0,171,0.0280322518759473
shallow,256,0,172,0.0277317097757532
shallow,256,0,173,0.0274755610783094
shallow,256,0,174,0.0272719934801521
shallow,256,0,175,0.0270660984643427
shallow,256,0,176,0.0268922918895314
shallow,256,0,177,0.0266467624265887
shallow,256,0,178,0.0263685172169808
shallow,256,0,179,0.0262415047846521
shallow,256,0,180,0.0262114965814529
shallow,256,0,181,0.0261420836407467
shallow,256,0,182,0.0261646413569718
shallow,256,0,183,0.0262316099312535
shallow,256,0,184,0.0262451701759328
shallow,256,0,185,0.0264753308163636
shallow,256,0,186,0.0267176212236775
shallow,256,0,187,0.0267844149467096
shallow,256,0,188,0.0266465208999658
shallow,256,0,189,0.0264209074206128
shallow,256,0,190,0.0262436794577198
shallow,256,0,191,0.0260468343670787
shallow,256,0,192,0.0259064257102632
shallow,256,0,193,0.0257745083151679
shallow,256,0,194,0.025765239469619
shallow,256,0,195,0.0257925453431023
shallow,256,0,196,0.0258761500555274
shallow,256,0,197,0.0261503738732075
shallow,256,0,198,0.0263578585494027
shallow,256,0,199,0.0266307242720365
shallow,256,0,200,0.0268802598499542
shallow,256,0,201,0.0271356364998024
shallow,256,0,202,0.0272380470957854
shallow,256,0,203,0.0272331798328023
shallow,256,0,204,0.0271181729834721
shallow,256,0,205,0.026797466414769
shallow,256,0,206,0.0267538897374293
shallow,256,0,207,0.0267740743206064
shallow,256,0,208,0.0267703203906853
shallow,256,0,209,0.0269649074705825
shallow,256,0,210,0.0271019444971771
shallow,256,0,211,0.0271434840053111
shallow,256,0,212,0.0271962625860033
shallow,256,0,213,0.0271094587569516
shallow,256,0,214,0.0269841837389277
shallow,256,0,215,0.0267593381146445
shallow,256,0,216,0.0265846824158029
shallow,256,0,217,0.0262984658818952
shallow,256,0,218,0.0260441282009596
shallow,256,0,219,0.0257689358484725
shallow,256,0,220,0.025483825581133
shallow,256,0,221,0.0251782841163505
shallow,256,0,222,0.024830326870929
shallow,256,0,223,0.0245000756327935
shallow,256,0,224,0.0241929031347257
shallow,256,0,225,0.0238345965541732
shallow,256,0,226,0.0234887039312126
shallow,256,0,227,0.0230461894680598
shallow,256,0,228,0.0224402936687896
shallow,256,0,229,0.0218426323260829
shallow,256,0,230,0.0211793339112871
shallow,256,0,231,0.0207243474805441
shallow,256,0,232,0.0203926519185722
shallow,256,0,233,0.0200968298905189
shallow,256,0,234,0.0199134494797641
shallow,256,0,235,0.019734323536366
shallow,256,0,236,0.0192834729341409
shallow,256,0,237,0.0188005393956796
shallow,256,0,238,0.0184579021696496
shallow,256,0,239,0.0180018455327269
shallow,256,0,240,0.017646570439478
shallow,256,0,241,0.0172780221407866
shallow,256,0,242,0.0168248053907563
shallow,256,0,243,0.016385543780393
shallow,256,0,244,0.0160001816150001
shallow,256,0,245,0.0155046940060289
shallow,256,0,246,0.0150483028095511
shallow,256,0,247,0.0145997471505644
shallow,256,0,248,0.0139954343303979
shallow,256,0,249,0.013476277705162
shallow,256,0,250,0.0129037574287306
shallow,256,0,251,0.0125011047640686
shallow,256,0,252,0.0121135819655485
shallow,256,0,253,0.0117666940802483
shallow,256,0,254,0.0113248467259816
shallow,256,0,255,0.0110015144296752
shallow,256,0,256,0.0107848406467701
shallow,256,0,257,0.0105444967497733
shallow,256,0,258,0.0103091546427557
shallow,256,0,259,0.0100890910878445
shallow,256,0,260,0.0098263920807709
shallow,256,0,261,0.0096186586984618
shallow,256,0,262,0.0095445126985192
shallow,256,0,263,0.0097022579335153
shallow,256,0,264,0.0099926389265077
shallow,256,0,265,0.0103416112357112
shallow,256,0,266,0.0104904475212631
shallow,256,0,267,0.0105392357197872
shallow,256,0,268,0.0106793971772942
shallow,256,0,269,0.0108661587768673
shallow,256,0,270,0.0111706455426922
shallow,256,0,271,0.0113194477915739
shallow,256,0,272,0.0113634685192434
shallow,256,0,273,0.0112924691000102
shallow,256,0,274,0.0112371888797859
shallow,256,0,275,0.0114039088705469
shallow,256,0,276,0.0116352011127875
shallow,256,0,277,0.0117306348418464
shallow,256,0,278,0.0118924434640538
shallow,256,0,279,0.0120471084099132
shallow,256,0,280,0.012300618287582
shallow,256,0,281,0.0125709146829594
shallow,256,0,282,0.0126944222120444
shallow,256,0,283,0.0128097175664
shallow,256,0,284,0.0130177522999482
shallow,256,0,285,0.0131890820389854
shallow,256,0,286,0.0133359704400807
shallow,256,0,287,0.013472668404398
shallow,256,0,288,0.0135468809530555
shallow,256,0,289,0.0135526140586521
shallow,256,0,290,0.0135341963338208
shallow,256,0,291,0.0133533928283553
shallow,256,0,292,0.0129788384624182
shallow,256,0,293,0.0126250728331028
shallow,256,0,294,0.0121097362808744
shallow,256,0,295,0.0116601998169414
shallow,256,0,296,0.011394769035144
shallow,256,0,297,0.0112000811147424
shallow,256,0,298,0.011058109725279
shallow,256,0,299,0.0108007084047551
shallow,256,0,300,0.0106372035699203
shallow,256,0,301,0.0105592292246083
shallow,256,0,302,0.0104524603220965
shallow,256,0,303,0.0104492792614669
shallow,256,0,304,0.0103476511549202
shallow,256,0,305,0.0102148671339326
shallow,256,0,306,0.0100698469382319
shallow,256,0,307,0.0098701480925094
shallow,256,0,308,0.0098041304867087
shallow,256,0,309,0.0097750563009634
shallow,256,0,310,0.0097890288053829
shallow,256,0,311,0.0096476969845682
shallow,256,0,312,0.0096136606695324
shallow,256,0,313,0.0096060740744357
shallow,256,0,314,0.0094770324802885
shallow,256,0,315,0.0091717377770723
shallow,256,0,316,0.0088890687507866
shallow,256,0,317,0.0086735151076796
shallow,256,0,318,0.0087061217415114
shallow,256,0,319,0.0086598376471365
shallow,256,0,320,0.0087425978658832
shallow,256,0,321,0.009051134037279
shallow,256,0,322,0.0093162202336305
shallow,256,0,323,0.0095867481690149
shallow,256,0,324,0.0096617101085306
shallow,256,0,325,0.0096459943206936
shallow,256,0,326,0.0095218737960787
shallow,256,0,327,0.0093978929881627
shallow,256,0,328,0.0091605735036757
shallow,256,0,329,0.0086822584388239
shallow,256,0,330,0.0082333418034246
shallow,256,0,331,0.0078925688421995
shallow,256,0,332,0.0076246572190002
shallow,256,0,333,0.0074252360415995
shallow,256,0,334,0.0073344516224478
shallow,256,0,335,0.007245643947858
shallow,256,0,336,0.0069197385723771
shallow,256,0,337,0.0067135863280962
shallow,256,0,338,0.0064747920527813
shallow,256,0,339,0.0062253167836661
shallow,256,0,340,0.0058657069478237
shallow,256,0,341,0.0057011921168065
shallow,256,0,342,0.0056641903050372
shallow,256,0,343,0.0056276394772661
shallow,256,0,344,0.0058013042981846
shallow,256,0,345,0.0058517349681929
shallow,256,0,346,0.0060505659994626
shallow,256,0,347,0.006231073539931
shallow,256,0,348,0.0063298264592762
shallow,256,0,349,0.0063117411536398
shallow,256,0,350,0.0063594125392888
shallow,256,0,351,0.0063665984381243
shallow,256,0,352,0.006425096959479
shallow,256,0,353,0.0065674614101375
shallow,256,0,354,0.0065945829064599
shallow,256,0,355,0.0067919857916004
shallow,256,0,356,0.007124914029304
shallow,256,0,357,0.0075242174818111
shallow,256,0,358,0.0078260532528991
shallow,256,0,359,0.008446778336865
shallow,256,0,360,0.009049069757886
shallow,256,0,361,0.0095736711358935
shallow,256,0,362,0.0101398260406296
shallow,256,0,363,0.0106521745077993
shallow,256,0,364,0.0112338494863231
shallow,256,0,365,0.0119319392413392
shallow,256,0,366,0.0125378357300319
shallow,256,0,367,0.0131856501633378
shallow,256,0,368,0.0137972521050209
shallow,256,0,369,0.0143857894966649
shallow,256,0,370,0.0150393744780455
shallow,256,0,371,0.0155905631959364
shallow,256,0,372,0.01614432861701
shallow,256,0,373,0.0166858244142489
shallow,256,0,374,0.0170785276902086
shallow,256,0,375,0.0173521285339707
shallow,256,0,376,0.0175697083817473
shallow,256,0,377,0.0177468466389754
shallow,256,0,378,0.0178847905772736
shallow,256,0,379,0.0178686846573337
shallow,256,0,380,0.0178290321328016
shallow,256,0,381,0.0178774738493887
shallow,256,0,382,0.0179512942819877
shallow,256,0,383,0.0180252582277851
shallow,256,0,384,0.0179538709625696
shallow,256,0,385,0.0177268340206198
shallow,256,0,386,0.0174981789731581
shallow,256,0,387,0.0175311417855316
shallow,256,0,388,0.0175640606848969
shallow,256,0,389,0.0175575730039018
shallow,256,0,390,0.0174832640080093
shallow,256,0,391,0.0174615276555507
shallow,256,0,392,0.0174147996689167
shallow,256,0,393,0.0173192082817516
shallow,256,0,394,0.0172015396745437
shallow,256,0,395,0.0170528562948363
shallow,256,0,396,0.0169857173361807
shallow,256,0,397,0.0170435752287584
shallow,256,0,398,0.0169441107080972
shallow,256,0,399,0.0169072448576736
shallow,256,0,400,0.0170491178625855
shallow,256,1,0,1.0
shallow,256,1,1,0.9667426207713796
shallow,256,1,2,0.9348618529542936
shallow,256,1,3,0.9043021560038772
shallow,256,1,4,0.8750287541264495
shallow,256,1,5,0.8469360857768513
shallow,256,1,6,0.8200249301648094
shallow,256,1,7,0.7940400220947578
shallow,256,1,8,0.7691672461554219
shallow,256,1,9,0.7453222642914263
shallow,256,1,10,0.7221531282900014
shallow,256,1,11,0.7001056992776353
shallow,256,1,12,0.6789980245369558
shallow,256,1,13,0.6588813216579507
shallow,256,1,14,0.6394305386487494
shallow,256,1,15,0.6207247092191537
shallow,256,1,16,0.6026655046254517
shallow,256,1,17,0.5852347075847231
shallow,256,1,18,0.5685275227525165
shallow,256,1,19,0.5523284473891393
shallow,256,1,20,0.536822685182418
shallow,256,1,21,0.5218256516428444
shallow,256,1,22,0.5074318950345343
shallow,256,1,23,0.4934695235790425
shallow,256,1,24,0.479943294419249
shallow,256,1,25,0.4669137138661965
shallow,256,1,26,0.4541829179645478
shallow,256,1,27,0.4417755393513574
shallow,256,1,28,0.4298451735365311
shallow,256,1,29,0.4183893597786176
shallow,256,1,30,0.4074073804520219
shallow,256,1,31,0.3967995725567735
shallow,256,1,32,0.3864919933565738
shallow,256,1,33,0.3763209255835034
shallow,256,1,34,0.3665076889511234
shallow,256,1,35,0.3570268777029376
shallow,256,1,36,0.3478825862956418
shallow,256,1,37,0.3390290464883947
shallow,256,1,38,0.3303672603293368
shallow,256,1,39,0.3220535994217
shallow,256,1,40,0.3138505940655063
shallow,256,1,41,0.3058056251658809
shallow,256,1,42,0.2978363242998477
shallow,256,1,43,0.290217596086352
shallow,256,1,44,0.2829615737845393
shallow,256,1,45,0.275999609953746
shallow,256,1,46,0.2690707751443804
shallow,256,1,47,0.2623050792345694
shallow,256,1,48,0.2558802185901217
shallow,256,1,49,0.2496222590701033
shallow,256,1,50,0.2435309072557889
shallow,256,1,51,0.2377204064196984
shallow,256,1,52,0.231922842301046
shallow,256,1,53,0.2262229511308791
shallow,256,1,54,0.2207745171053501
shallow,256,1,55,0.2155445346692274
shallow,256,1,56,0.2104719280724097
shallow,256,1,57,0.2057307299997627
shallow,256,1,58,0.200965171205563
shallow,256,1,59,0.196287325442862
shallow,256,1,60,0.1917285414556481
shallow,256,1,61,0.1873334878204714
shallow,256,1,62,0.1832066170839818
shallow,256,1,63,0.1793433872877206
shallow,256,1,64,0.1757576419872946
shallow,256,1,65,0.1723814425130097
shallow,256,1,66,0.169108061317007
shallow,256,1,67,0.1658644844188087
shallow,256,1,68,0.1629305303210929
shallow,256,1,69,0.1601558839716285
shallow,256,1,70,0.1574548769678138
shallow,256,1,71,0.154791393517278
shallow,256,1,72,0.152144785361277
shallow,256,1,73,0.149582531370457
shallow,256,1,74,0.1471314236249735
shallow,256,1,75,0.1446247538069591
shallow,256,1,76,0.1420900155088031
shallow,256,1,77,0.1396093159107401
shallow,256,1,78,0.1371403251301322
shallow,256,1,79,0.1346495233180458
shallow,256,1,80,0.1323934524678627
shallow,256,1,81,0.1300648891051747
shallow,256,1,82,0.127673150012712
shallow,256,1,83,0.1253835901823163
shallow,256,1,84,0.1232193141379005
shallow,256,1,85,0.1211913010385994
shallow,256,1,86,0.1193380728831735
shallow,256,1,87,0.1173347121372758
shallow,256,1,88,0.1155059055587106
shallow,256,1,89,0.1138474033609906
shallow,256,1,90,0.1121619940253886
shallow,256,1,91,0.1104082329445925
shallow,256,1,92,0.1085592934243319
shallow,256,1,93,0.1067795717652981
shallow,256,1,94,0.1049443041105868
shallow,256,1,95,0.1033370152406887
shallow,256,1,96,0.1016691883984645
shallow,256,1,97,0.100034499689714
shallow,256,1,98,0.0983103001290647
shallow,256,1,99,0.096494883866653
shallow,256,1,100,0.0947811764106923
shallow,256,1,101,0.0929732260957636
shallow,256,1,102,0.0913041168851971
shallow,256,1,103,0.089806075862166
shallow,256,1,104,0.0882939280382571
shallow,256,1,105,0.0868898560451513
shallow,256,1,106,0.0857844925425345
shallow,256,1,107,0.0846340132548153
shallow,256,1,108,0.0835185593621671
shallow,256,1,109,0.0824771135719757
shallow,256,1,110,0.0815924269629464
shallow,256,1,111,0.0807190191404056
shallow,256,1,112,0.0797855223532938
shallow,256,1,113,0.0790159704186643
shallow,256,1,114,0.0782159109016744
shallow,256,1,115,0.0773928616454004
shallow,256,1,116,0.0764000323252005
shallow,256,1,117,0.0752778443511797
shallow,256,1,118,0.0743078104619368
shallow,256,1,119,0.0731213353167297
shallow,256,1,120,0.071888937120654
shallow,256,1,121,0.0706182281712174
shallow,256,1,122,0.0695076082721484
shallow,256,1,123,0.0683916796325205
shallow,256,1,124,0.0673648906227101
shallow,256,1,125,0.0663812680171189
shallow,256,1,126,0.065590556740064
shallow,256,1,127,0.0648170310184159
shallow,256,1,128,0.0638723962582762
shallow,256,1,129,0.0628604295217238
shallow,256,1,130,0.0618936994440212
shallow,256,1,131,0.0609278938019607
shallow,256,1,132,0.0600530965736336
shallow,256,1,133,0.0592510410103393
shallow,256,1,134,0.0585051403276912
shallow,256,1,135,0.05774228868141
shallow,256,1,136,0.0569843507358669
shallow,256,1,137,0.0561173046830211
shallow,256,1,138,0.0552105166172246
shallow,256,1,139,0.0542122793174256
shallow,256,1,140,0.0532883948297425
shallow,256,1,141,0.0524221278365241
shallow,256,1,142,0.0515363101262966
shallow,256,1,143,0.0507373143513011
shallow,256,1,144,0.0498747736475893
shallow,256,1,145,0.048946159433613
shallow,256,1,146,0.0480913685762679
shallow,256,1,147,0.0471522089604677
shallow,256,1,148,0.0461813531102552
shallow,256,1,149,0.0451972315351817
shallow,256,1,150,0.0441752989435192
shallow,256,1,151,0.0431585839219187
shallow,256,1,152,0.0422660373616618
shallow,256,1,153,0.0413939885933705
shallow,256,1,154,0.0406434918048486
shallow,256,1,155,0.0398344999161724
shallow,256,1,156,0.0392196104337125
shallow,256,1,157,0.0387775912867694
shallow,256,1,158,0.0384366537468638
shallow,256,1,159,0.0382003456146588
shallow,256,1,160,0.0378912950009972
shallow,256,1,161,0.0375500485493617
shallow,256,1,162,0.0372426794414505
shallow,256,1,163,0.037029364721155
shallow,256,1,164,0.0369256225040953
shallow,256,1,165,0.0368971040816332
shallow,256,1,166,0.036787671853008
shallow,256,1,167,0.0366853217531433
shallow,256,1,168,0.0365046203112009
shallow,256,1,169,0.036275563337618
shallow,256,1,170,0.0357952481442204
shallow,256,1,171,0.0353548858744853
shallow,256,1,172,0.0349179052575658
shallow,256,1,173,0.0344069441792387
shallow,256,1,174,0.0338401510272239
shallow,256,1,175,0.0333227152511607
shallow,256,1,176,0.0327925479959341
shallow,256,1,177,0.0324719262501121
shallow,256,1,178,0.0322757709745098
shallow,256,1,179,0.0320925497640989
shallow,256,1,180,0.0320800305374168
shallow,256,1,181,0.0318358802855731
shallow,256,1,182,0.0315265939978743
shallow,256,1,183,0.0313631784682089
shallow,256,1,184,0.0314045139212408
shallow,256,1,185,0.0315311031083635
shallow,256,1,186,0.0316146093031933
shallow,256,1,187,0.031800945335661
shallow,256,1,188,0.0316921885752571
shallow,256,1,189,0.031503486637683
shallow,256,1,190,0.0313053856817885
shallow,256,1,191,0.0310795110702332
shallow,256,1,192,0.0309036684956279
shallow,256,1,193,0.0307677203639095
shallow,256,1,194,0.0305846399723579
shallow,256,1,195,0.0304233040766227
shallow,256,1,196,0.0301810551588818
shallow,256,1,197,0.0299137471000303
shallow,256,1,198,0.0295680722622358
shallow,256,1,199,0.0291287383699868
shallow,256,1,200,0.0287086586519148
shallow,256,1,201,0.028356985204242
shallow,256,1,202,0.0280365048440799
shallow,256,1,203,0.0277978938546575
shallow,256,1,204,0.0278073912415927
shallow,256,1,205,0.0278930829752521
shallow,256,1,206,0.0279767929587072
shallow,256,1,207,0.0280765475448403
shallow,256,1,208,0.0284183322566502
shallow,256,1,209,0.0285403421295758
shallow,256,1,210,0.0287188831657599
shallow,256,1,211,0.0287804490467466
shallow,256,1,212,0.0287956379618052
shallow,256,1,213,0.0288839186088454
shallow,256,1,214,0.0289485178983153
shallow,256,1,215,0.0288665871721525
shallow,256,1,216,0.028865036155405
shallow,256,1,217,0.0288876506043505
shallow,256,1,218,0.0288690552049154
shallow,256,1,219,0.0288088265366491
shallow,256,1,220,0.028795151956579
shallow,256,1,221,0.0287035881150928
shallow,256,1,222,0.0286958628638295
shallow,256,1,223,0.0285736327873426
shallow,256,1,224,0.0282887346725488
shallow,256,1,225,0.0280026520671451
shallow,256,1,226,0.0277301776991652
shallow,256,1,227,0.0273393602267267
shallow,256,1,228,0.0268797085236511
shallow,256,1,229,0.0263874338343683
shallow,256,1,230,0.0257990092234641
shallow,256,1,231,0.0250592782769131
shallow,256,1,232,0.0244464188505529
shallow,256,1,233,0.0239493128414633
shallow,256,1,234,0.0233632691763187
shallow,256,1,235,0.0228079994969164
shallow,256,1,236,0.0222567243591377
shallow,256,1,237,0.0217406332774994
shallow,256,1,238,0.0211378473017984
shallow,256,1,239,0.0206192825003211
shallow,256,1,240,0.0202481525494774
shallow,256,1,241,0.0197886378502975
shallow,256,1,242,0.0192405462394947
shallow,256,1,243,0.0188266866014978
shallow,256,1,244,0.0183036276415205
shallow,256,1,245,0.0177379594595184
shallow,256,1,246,0.0172479088030237
shallow,256,1,247,0.01685319002478
shallow,256,1,248,0.0165235408578825
shallow,256,1,249,0.0163067456131893
shallow,256,1,250,0.0160374948873848
shallow,256,1,251,0.0158620973159582
shallow,256,1,252,0.0157509899730735
shallow,256,1,253,0.0156897323895141
shallow,256,1,254,0.0155150135003461
shallow,256,1,255,0.0152593586062573
shallow,256,1,256,0.0152052783231574
shallow,256,1,257,0.015063406318359
shallow,256,1,258,0.0150158926624616
shallow,256,1,259,0.0150002050517569
shallow,256,1,260,0.0149612343644196
shallow,256,1,261,0.0150206189817179
shallow,256,1,262,0.0150917994637982
shallow,256,1,263,0.0150208604999787
shallow,256,1,264,0.014881775734991
shallow,256,1,265,0.0147276868109807
shallow,256,1,266,0.0145056454939468
shallow,256,1,267,0.0142889051313807
shallow,256,1,268,0.014174320770171
shallow,256,1,269,0.013879837556855
shallow,256,1,270,0.0136348583140126
shallow,256,1,271,0.0133306701204591
shallow,256,1,272,0.0130002996705969
shallow,256,1,273,0.0127891576926212
shallow,256,1,274,0.0127522779894498
shallow,256,1,275,0.0126216385702442
shallow,256,1,276,0.0124417708984755
shallow,256,1,277,0.0121601102172691
shallow,256,1,278,0.0118920642013465
shallow,256,1,279,0.0115843669605234
shallow,256,1,280,0.0113008308849517
shallow,256,1,281,0.011127289364168
shallow,256,1,282,0.0111428735450977
shallow,256,1,283,0.011112881899953
shallow,256,1,284,0.0108624599559583
shallow,256,1,285,0.0106196326394111
shallow,256,1,286,0.010270858484466
shallow,256,1,287,0.0097886268633416
shallow,256,1,288,0.0093032257244582
shallow,256,1,289,0.0090882376906593
shallow,256,1,290,0.0089463230435835
shallow,256,1,291,0.0088700539592775
shallow,256,1,292,0.0087610563758358
shallow,256,1,293,0.0084972734476428
shallow,256,1,294,0.0081931389836226
shallow,256,1,295,0.0077293197195451
shallow,256,1,296,0.007424010144247
shallow,256,1,297,0.0072416344366524
shallow,256,1,298,0.007046026292287
shallow,256,1,299,0.0068000974159406
shallow,256,1,300,0.0067477076496258
shallow,256,1,301,0.0068246528088357
shallow,256,1,302,0.0070082285096843
shallow,256,1,303,0.0071056259268455
shallow,256,1,304,0.0072455925459417
shallow,256,1,305,0.0075443678259929
shallow,256,1,306,0.0077286448897922
shallow,256,1,307,0.0078458260805982
shallow,256,1,308,0.0081659229166577
shallow,256,1,309,0.0084618576223089
shallow,256,1,310,0.0087821151278026
shallow,256,1,311,0.0090769151899376
shallow,256,1,312,0.0093094391426038
shallow,256,1,313,0.0095104194731654
shallow,256,1,314,0.0098248066973569
shallow,256,1,315,0.0101912308981265
shallow,256,1,316,0.0104025979491292
shallow,256,1,317,0.0104678170946966
shallow,256,1,318,0.0103908382793927
shallow,256,1,319,0.0102614196094029
shallow,256,1,320,0.0100170888729182
shallow,256,1,321,0.0097116959791601
shallow,256,1,322,0.0092025074548964
shallow,256,1,323,0.0089939743247458
shallow,256,1,324,0.0086211167396659
shallow,256,1,325,0.0083542436207388
shallow,256,1,326,0.0081157503315476
shallow,256,1,327,0.0078401592488003
shallow,256,1,328,0.0075268809567039
shallow,256,1,329,0.0071922474251537
shallow,256,1,330,0.006729998041892
shallow,256,1,331,0.0064010157750417
shallow,256,1,332,0.0061804808535884
shallow,256,1,333,0.006065425966605
shallow,256,1,334,0.0058834797495618
shallow,256,1,335,0.005663619896139
shallow,256,1,336,0.0056352367280661
shallow,256,1,337,0.0056096490181876
shallow,256,1,338,0.0055208332624557
shallow,256,1,339,0.0055110017610188
shallow,256,1,340,0.0053699302766671
shallow,256,1,341,0.0050604800379118
shallow,256,1,342,0.0047963103348559
shallow,256,1,343,0.0046822119668468
shallow,256,1,344,0.0044197368942749
shallow,256,1,345,0.0038987749790719
shallow,256,1,346,0.0034010205617797
shallow,256,1,347,0.0028933076569615
shallow,256,1,348,0.0026472005600303
shallow,256,1,349,0.0025920741398682
shallow,256,1,350,0.0025378844475033
shallow,256,1,351,0.0024393904558151
shallow,256,1,352,0.0022285804544551
shallow,256,1,353,0.0021383916452669
shallow,256,1,354,0.0020460699677523
shallow,256,1,355,0.0019503725411954
shallow,256,1,356,0.0017915218922021
shallow,256,1,357,0.0017253868094994
shallow,256,1,358,0.0017403668930552
shallow,256,1,359,0.0016692183851981
shallow,256,1,360,0.0014270361387163
shallow,256,1,361,0.0011913514102326
shallow,256,1,362,0.000993563055762
shallow,256,1,363,0.0008218435123249
shallow,256,1,364,0.0006756580675748
shallow,256,1,365,0.0005585809019887
shallow,256,1,366,0.0003892942813149
shallow,256,1,367,0.0002339160051617
shallow,256,1,368,-4.682960698100275e-06
shallow,256,1,369,-0.000231444273521
shallow,256,1,370,-0.0004338167688923
shallow,256,1,371,-0.0006435873793552
shallow,256,1,372,-0.000858658178357
shallow,256,1,373,-0.0010290579177602
shallow,256,1,374,-0.0010960450398994
shallow,256,1,375,-0.0010863558479554
shallow,256,1,376,-0.0010904466316494
shallow,256,1,377,-0.0012050821686669
shallow,256,1,378,-0.001182707319346
shallow,256,1,379,-0.0012872292967019
shallow,256,1,380,-0.0013127993755065
shallow,256,1,381,-0.0014330043793239
shallow,256,1,382,-0.0015778413606197
shallow,256,1,383,-0.0016974210425934
shallow,256,1,384,-0.0018549825153262
shallow,256,1,385,-0.0021224261141907
shallow,256,1,386,-0.0025046503256219
shallow,256,1,387,-0.0027285338618742
shallow,256,1,388,-0.0029305329190505
shallow,256,1,389,-0.0030545976383139
shallow,256,1,390,-0.0032962716850482
shallow,256,1,391,-0.0036684913658232
shallow,256,1,392,-0.00393185449824
shallow,256,1,393,-0.0040722922877281
shallow,256,1,394,-0.0041850337200739
shallow,256,1,395,-0.004288585794963
shallow,256,1,396,-0.0043773109855953
shallow,256,1,397,-0.0044204550018003
shallow,256,1,398,-0.0044816902639278
shallow,256,1,399,-0.0046153616421785
shallow,256,1,400,-0.0046849078866229
shallow,256,2,0,1.0
shallow,256,2,1,0.966549794571684
shallow,256,2,2,0.9346265080385244
shallow,256,2,3,0.90408393912319
shallow,256,2,4,0.874904275596669
shallow,256,2,5,0.846971066421542
shallow,256,2,6,0.8202137885947063
shallow,256,2,7,0.7944252516980855
shallow,256,2,8,0.7697460855819598
shallow,256,2,9,0.7460221503677278
shallow,256,2,10,0.7231719357705679
shallow,256,2,11,0.7010153101522717
shallow,256,2,12,0.6797107211161557
shallow,256,2,13,0.6592781058337307
shallow,256,2,14,0.639702436620182
shallow,256,2,15,0.62086856718799
shallow,256,2,16,0.6028796943938453
shallow,256,2,17,0.5855012353629737
shallow,256,2,18,0.5686633897055589
shallow,256,2,19,0.5523992898001824
shallow,256,2,20,0.5368573378438926
shallow,256,2,21,0.5219566072298814
shallow,256,2,22,0.5074905594147754
shallow,256,2,23,0.4935476499527554
shallow,256,2,24,0.4800306431823135
shallow,256,2,25,0.4668490029568163
shallow,256,2,26,0.4543557164212394
shallow,256,2,27,0.4422832782522424
shallow,256,2,28,0.4306020426951112
shallow,256,2,29,0.419141475816716
shallow,256,2,30,0.4081550616849299
shallow,256,2,31,0.397480814897845
shallow,256,2,32,0.3870703282471093
shallow,256,2,33,0.3766484209072158
shallow,256,2,34,0.3666850485971463
shallow,256,2,35,0.3570946760124462
shallow,256,2,36,0.3478831292797851
shallow,256,2,37,0.3389986873066901
shallow,256,2,38,0.3302667177354568
shallow,256,2,39,0.3216873317760279
shallow,256,2,40,0.3134471320737678
shallow,256,2,41,0.3055840556698899
shallow,256,2,42,0.2980613184409999
shallow,256,2,43,0.2907901423482693
shallow,256,2,44,0.2838095224598321
shallow,256,2,45,0.2770728558531682
shallow,256,2,46,0.2705210302325336
shallow,256,2,47,0.2641167016034743
shallow,256,2,48,0.2578484877154045
shallow,256,2,49,0.2516504125863456
shallow,256,2,50,0.2457847346420236
shallow,256,2,51,0.2400108927282575
shallow,256,2,52,0.2343691443740522
shallow,256,2,53,0.2287862039710065
shallow,256,2,54,0.2233908474942091
shallow,256,2,55,0.2182381457638911
shallow,256,2,56,0.213110656385273
shallow,256,2,57,0.2082773742898792
shallow,256,2,58,0.2036109562894628
shallow,256,2,59,0.199040932885695
shallow,256,2,60,0.1945173880451283
shallow,256,2,61,0.1901330693642913
shallow,256,2,62,0.1858013590792167
shallow,256,2,63,0.1816386695797969
shallow,256,2,64,0.1776808595001817
shallow,256,2,65,0.1738288657646415
shallow,256,2,66,0.1700951058674102
shallow,256,2,67,0.1665999917211811
shallow,256,2,68,0.1632819794197382
shallow,256,2,69,0.1601378131700715
shallow,256,2,70,0.1569056425956602
shallow,256,2,71,0.1537449158106713
shallow,256,2,72,0.1507433991756579
shallow,256,2,73,0.1475899817568656
shallow,256,2,74,0.1445600606812069
shallow,256,2,75,0.1416648155907676
shallow,256,2,76,0.1389828111289452
shallow,256,2,77,0.1364309514609344
shallow,256,2,78,0.133929152783857
shallow,256,2,79,0.1315870981234168
shallow,256,2,80,0.1292541895798261
shallow,256,2,81,0.1269604282207672
shallow,256,2,82,0.1247350752397666
shallow,256,2,83,0.1224123183109049
shallow,256,2,84,0.1200622548041767
shallow,256,2,85,0.1176541403532579
shallow,256,2,86,0.115231307219082
shallow,256,2,87,0.1128304209528772
shallow,256,2,88,0.1104838583759131
shallow,256,2,89,0.1083805968517338
shallow,256,2,90,0.1061477761331081
shallow,256,2,91,0.1040521917574675
shallow,256,2,92,0.1020442610793304
shallow,256,2,93,0.1000004329960796
shallow,256,2,94,0.0978525362978318
shallow,256,2,95,0.0957686062178852
shallow,256,2,96,0.0937658245841137
shallow,256,2,97,0.0919126578939077
shallow,256,2,98,0.090185708921925
shallow,256,2,99,0.0884182041670543
shallow,256,2,100,0.0866222904990237
shallow,256,2,101,0.0849393542636155
shallow,256,2,102,0.0832252893295502
shallow,256,2,103,0.0816010753994628
shallow,256,2,104,0.0801394993834314
shallow,256,2,105,0.0787756597269545
shallow,256,2,106,0.0776423618194452
shallow,256,2,107,0.076594072669533
shallow,256,2,108,0.0754958820630841
shallow,256,2,109,0.0743780501742169
shallow,256,2,110,0.0733504586089917
shallow,256,2,111,0.0725372599062359
shallow,256,2,112,0.0718397814972113
shallow,256,2,113,0.0711054063386992
shallow,256,2,114,0.0705188635446432
shallow,256,2,115,0.0697105546527079
shallow,256,2,116,0.0689677530255465
shallow,256,2,117,0.0681390231551554
shallow,256,2,118,0.0673157957348483
shallow,256,2,119,0.066668079607167
shallow,256,2,120,0.0659578335771259
shallow,256,2,121,0.0651671464363798
shallow,256,2,122,0.0643256691920238
shallow,256,2,123,0.0636145296515969
shallow,256,2,124,0.0629231853375098
shallow,256,2,125,0.0619765108489118
shallow,256,2,126,0.0610870637069308
shallow,256,2,127,0.0602227556877304
shallow,256,2,128,0.0593818408836585
shallow,256,2,129,0.0583865901347021
shallow,256,2,130,0.0574421420033338
shallow,256,2,131,0.056514515223436
shallow,256,2,132,0.0555924928313925
shallow,256,2,133,0.0546244797109233
shallow,256,2,134,0.0536426329017302
shallow,256,2,135,0.0528119057918325
shallow,256,2,136,0.0519498178029091
shallow,256,2,137,0.0512284957529485
shallow,256,2,138,0.0504749417286411
shallow,256,2,139,0.0499526953323983
shallow,256,2,140,0.0494181142944376
shallow,256,2,141,0.0487684739384542
shallow,256,2,142,0.0481660265515667
shallow,256,2,143,0.0475166851279851
shallow,256,2,144,0.0467654321513221
shallow,256,2,145,0.0460901129839854
shallow,256,2,146,0.0454136862546459
shallow,256,2,147,0.0448238888978193
shallow,256,2,148,0.0442368271874805
shallow,256,2,149,0.0437082005937506
shallow,256,2,150,0.0431950772854796
shallow,256,2,151,0.0424565183634034
shallow,256,2,152,0.0416816884421884
shallow,256,2,153,0.0409822717978013
shallow,256,2,154,0.040361905634926
shallow,256,2,155,0.0397324443486475
shallow,256,2,156,0.0393225197363487
shallow,256,2,157,0.0388086948455716
shallow,256,2,158,0.0383862531655892
shallow,256,2,159,0.0380414890186127
shallow,256,2,160,0.0377057526691311
shallow,256,2,161,0.0372187062800386
shallow,256,2,162,0.036810941978955
shallow,256,2,163,0.0363706614837696
shallow,256,2,164,0.0358031018875621
shallow,256,2,165,0.0352925815899468
shallow,256,2,166,0.0348804490336011
shallow,256,2,167,0.0345821923503486
shallow,256,2,168,0.0341078953804182
shallow,256,2,169,0.0337605002843079
shallow,256,2,170,0.0333706193531929
shallow,256,2,171,0.0329666545984706
shallow,256,2,172,0.0326072264074673
shallow,256,2,173,0.0321376952788312
shallow,256,2,174,0.0316258584088761
shallow,256,2,175,0.0312106929519664
shallow,256,2,176,0.0308742050995618
shallow,256,2,177,0.0303704382191551
shallow,256,2,178,0.0297208350516512
shallow,256,2,179,0.0290742590372733
shallow,256,2,180,0.0286711955970965
shallow,256,2,181,0.0283091475504421
shallow,256,2,182,0.0281162969568698
shallow,256,2,183,0.0280215362863212
shallow,256,2,184,0.0277832220324736
shallow,256,2,185,0.0277267873087374
shallow,256,2,186,0.0276677457888744
shallow,256,2,187,0.0274887900169648
shallow,256,2,188,0.0272788851534975
shallow,256,2,189,0.0269401371533571
shallow,256,2,190,0.0266805331558988
shallow,256,2,191,0.0264468549906183
shallow,256,2,192,0.0260731622909643
shallow,256,2,193,0.0257151949763385
shallow,256,2,194,0.0254404729721187
shallow,256,2,195,0.0250831649031829
shallow,256,2,196,0.0246342989652023
shallow,256,2,197,0.0242125711485855
shallow,256,2,198,0.0239383876472661
shallow,256,2,199,0.0235161396425887
shallow,256,2,200,0.0230988043361311
shallow,256,2,201,0.0225719655634256
shallow,256,2,202,0.0219939228422581
shallow,256,2,203,0.0214899281146581
shallow,256,2,204,0.0211196757637119
shallow,256,2,205,0.0207997147316193
shallow,256,2,206,0.0206664194863257
shallow,256,2,207,0.0206010390601153
shallow,256,2,208,0.0205368089654834
shallow,256,2,209,0.0203675517048668
shallow,256,2,210,0.0201978301161441
shallow,256,2,211,0.0199591920451542
shallow,256,2,212,0.0196123551996936
shallow,256,2,213,0.0192291158466096
shallow,256,2,214,0.0189653059674781
shallow,256,2,215,0.0185732259224702
shallow,256,2,216,0.0181873827399705
shallow,256,2,217,0.0176447762450887
shallow,256,2,218,0.0171800514216122
shallow,256,2,219,0.016644456524292
shallow,256,2,220,0.0161398709621537
shallow,256,2,221,0.0157143033083749
shallow,256,2,222,0.0153626481664539
shallow,256,2,223,0.0151720326540631
shallow,256,2,224,0.0150144369726108
shallow,256,2,225,0.0147452359207991
shallow,256,2,226,0.0144489848575978
shallow,256,2,227,0.0141348569955527
shallow,256,2,228,0.0139472929275213
shallow,256,2,229,0.0135578854464828
shallow,256,2,230,0.013110334218144
shallow,256,2,231,0.012713707927581
shallow,256,2,232,0.0122240545239215
shallow,256,2,233,0.0117682238629876
shallow,256,2,234,0.0112887571483212
shallow,256,2,235,0.0108339315161543
shallow,256,2,236,0.0103437706467228
shallow,256,2,237,0.0099158570167363
shallow,256,2,238,0.0094418305832467
shallow,256,2,239,0.0089524129011224
shallow,256,2,240,0.0083803044628306
shallow,256,2,241,0.0077896781825496
shallow,256,2,242,0.0072294658408986
shallow,256,2,243,0.0066065530082549
shallow,256,2,244,0.005974726597195
shallow,256,2,245,0.0053987657036881
shallow,256,2,246,0.0048163306779138
shallow,256,2,247,0.0042872850451029
shallow,256,2,248,0.0037945145583321
shallow,256,2,249,0.003235003370951
shallow,256,2,250,0.0027541270348436
shallow,256,2,251,0.0022781131934863
shallow,256,2,252,0.0017804104436003
shallow,256,2,253,0.0014924825319721
shallow,256,2,254,0.0014053853023047
shallow,256,2,255,0.0012553842022872
shallow,256,2,256,0.0011591377078197
shallow,256,2,257,0.0009780228003012
shallow,256,2,258,0.0008891960003182
shallow,256,2,259,0.0009929640339988
shallow,256,2,260,0.0012980682006493
shallow,256,2,261,0.0014826842609336
shallow,256,2,262,0.0015879432225193
shallow,256,2,263,0.0016686978189861
shallow,256,2,264,0.0014528542837612
shallow,256,2,265,0.0011966152322151
shallow,256,2,266,0.0009882501262523
shallow,256,2,267,0.0010327717264793
shallow,256,2,268,0.00101176675474
shallow,256,2,269,0.0010653949765767
shallow,256,2,270,0.0013038535558208
shallow,256,2,271,0.0016972630577559
shallow,256,2,272,0.0022543398480056
shallow,256,2,273,0.0028665332450054
shallow,256,2,274,0.0035802800910924
shallow,256,2,275,0.0042463769689759
shallow,256,2,276,0.0048239640186706
shallow,256,2,277,0.0054289579387645
shallow,256,2,278,0.0059127625719981
shallow,256,2,279,0.0063419276257123
shallow,256,2,280,0.006653926333106
shallow,256,2,281,0.0069934187519019
shallow,256,2,282,0.0073839463463878
shallow,256,2,283,0.0077453566954727
shallow,256,2,284,0.007811530644921
shallow,256,2,285,0.0078775765572957
shallow,256,2,286,0.0077715051821329
shallow,256,2,287,0.007813527196246
shallow,256,2,288,0.007758869695238
shallow,256,2,289,0.0077837723458027
shallow,256,2,290,0.0076886756749538
shallow,256,2,291,0.0076578350128398
shallow,256,2,292,0.0076450281535852
shallow,256,2,293,0.0076251352860024
shallow,256,2,294,0.0075597062864246
shallow,256,2,295,0.007434342432516
shallow,256,2,296,0.0073957434787972
shallow,256,2,297,0.007287080132345
shallow,256,2,298,0.0071590009772119
shallow,256,2,299,0.0069670180203138
shallow,256,2,300,0.0067474753971742
shallow,256,2,301,0.0065229604558473
shallow,256,2,302,0.0062767808406578
shallow,256,2,303,0.0059692486823238
shallow,256,2,304,0.0056574149159056
shallow,256,2,305,0.0053935265818716
shallow,256,2,306,0.0052961610404868
shallow,256,2,307,0.0051638003813887
shallow,256,2,308,0.005050129045226
shallow,256,2,309,0.0050504430317403
shallow,256,2,310,0.0049990310223109
shallow,256,2,311,0.0048488400031761
shallow,256,2,312,0.0045871530713289
shallow,256,2,313,0.0042310350933132
shallow,256,2,314,0.0037308943891094
shallow,256,2,315,0.00311935721879
shallow,256,2,316,0.0026356932143422
shallow,256,2,317,0.0022694645569744
shallow,256,2,318,0.0019566769459208
shallow,256,2,319,0.001696915626235
shallow,256,2,320,0.0014698756807919
shallow,256,2,321,0.0011903242295308
shallow,256,2,322,0.0007918315508533
shallow,256,2,323,0.0004521683424894
shallow,256,2,324,0.0002248433558269
shallow,256,2,325,-6.007825953815212e-05
shallow,256,2,326,-0.0004591174095158
shallow,256,2,327,-0.0008089142215258
shallow,256,2,328,-0.0011790388759159
shallow,256,2,329,-0.0015720824595445
shallow,256,2,330,-0.0018843236115246
shallow,256,2,331,-0.0021298551018387
shallow,256,2,332,-0.002384627975028
shallow,256,2,333,-0.002619607711988
shallow,256,2,334,-0.0026372247531732
shallow,256,2,335,-0.0026635502096355
shallow,256,2,336,-0.0026803420778583
shallow,256,2,337,-0.002672275130351
shallow,256,2,338,-0.0025348863918799
shallow,256,2,339,-0.0024036651581177
shallow,256,2,340,-0.0023302251606312
shallow,256,2,341,-0.0021786005188963
shallow,256,2,342,-0.0020571843399516
shallow,256,2,343,-0.0020290042195634
shallow,256,2,344,-0.0019630844395719
shallow,256,2,345,-0.0017932454183773
shallow,256,2,346,-0.0017634156657262
shallow,256,2,347,-0.0017762227917233
shallow,256,2,348,-0.0017556050652957
shallow,256,2,349,-0.0018112478355118
shallow,256,2,350,-0.0018458343990601
shallow,256,2,351,-0.0017799091031715
shallow,256,2,352,-0.0016236159717148
shallow,256,2,353,-0.0014409739366017
shallow,256,2,354,-0.0012723479878788
shallow,256,2,355,-0.0010464001140611
shallow,256,2,356,-0.000738303538501
shallow,256,2,357,-0.0004706745376311
shallow,256,2,358,-0.0001178454998661
shallow,256,2,359,0.0001529101851355
shallow,256,2,360,0.0005244738028287
shallow,256,2,361,0.0009326059470774
shallow,256,2,362,0.0012595427986855
shallow,256,2,363,0.0015470876684372
shallow,256,2,364,0.0018401346854838
shallow,256,2,365,0.0021370733498669
shallow,256,2,366,0.0023933935092025
shallow,256,2,367,0.0026372583978273
shallow,256,2,368,0.0028383814490968
shallow,256,2,369,0.0031584512666557
shallow,256,2,370,0.0034445168230134
shallow,256,2,371,0.0037266730719502
shallow,256,2,372,0.0039813411432469
shallow,256,2,373,0.0041694030974588
shallow,256,2,374,0.0043584979817037
shallow,256,2,375,0.0045418212183075
shallow,256,2,376,0.0045990276262662
shallow,256,2,377,0.0045980350783732
shallow,256,2,378,0.0045470991178351
shallow,256,2,379,0.0046196906091367
shallow,256,2,380,0.0045023751867561
shallow,256,2,381,0.0043753907212777
shallow,256,2,382,0.0043176394500835
shallow,256,2,383,0.0041867985784692
shallow,256,2,384,0.0040732944514119
shallow,256,2,385,0.0039331510502714
shallow,256,2,386,0.003797249607197
shallow,256,2,387,0.0036126295487332
shallow,256,2,388,0.0033559742965593
shallow,256,2,389,0.0030457603513563
shallow,256,2,390,0.0028103197048554
shallow,256,2,391,0.0024616902668477
shallow,256,2,392,0.002105556411528
shallow,256,2,393,0.0017130981094613
shallow,256,2,394,0.0014018776540849
shallow,256,2,395,0.0011186366359618
shallow,256,2,396,0.0008395359746524
shallow,256,2,397,0.0006349421399301
shallow,256,2,398,0.0004015624149884
shallow,256,2,399,0.0001111986661265
shallow,256,2,400,-0.0002115779712712
shallow,1024,0,0,1.0
shallow,1024,0,1,0.9653478608613812
shallow,1024,0,2,0.9322836053346184
shallow,1024,0,3,0.9004408001182284
shallow,1024,0,4,0.8699907255881805
shallow,1024,0,5,0.8407251193832034
shallow,1024,0,6,0.8124941484640699
shallow,1024,0,7,0.7854210627335578
shallow,1024,0,8,0.759506563514859
shallow,1024,0,9,0.7348431612499174
shallow,1024,0,10,0.7111832079025149
shallow,1024,0,11,0.6884466013470476
shallow,1024,0,12,0.6668571056572722
shallow,1024,0,13,0.6458770423616839
shallow,1024,0,14,0.6256686455504432
shallow,1024,0,15,0.6061729526915356
shallow,1024,0,16,0.5875149538404619
shallow,1024,0,17,0.5695467944053653
shallow,1024,0,18,0.5524191657283046
shallow,1024,0,19,0.5356405515419416
shallow,1024,0,20,0.5195113593758987
shallow,1024,0,21,0.5039910163047268
shallow,1024,0,22,0.4891389646632811
shallow,1024,0,23,0.4749276553809256
shallow,1024,0,24,0.4612208455743605
shallow,1024,0,25,0.448104846561019
shallow,1024,0,26,0.4354510959689144
shallow,1024,0,27,0.4232075013498147
shallow,1024,0,28,0.4113404955584149
shallow,1024,0,29,0.4001282662772005
shallow,1024,0,30,0.3893917785334381
shallow,1024,0,31,0.3790541151109531
shallow,1024,0,32,0.3691443397766275
shallow,1024,0,33,0.3595597252606469
shallow,1024,0,34,0.3503144161815952
shallow,1024,0,35,0.3412795068183417
shallow,1024,0,36,0.3325595507698331
shallow,1024,0,37,0.3240132250249459
shallow,1024,0,38,0.3158608014804094
shallow,1024,0,39,0.3080242310439817
shallow,1024,0,40,0.3005480700631555
shallow,1024,0,41,0.2933112215561491
shallow,1024,0,42,0.2860878615487445
shallow,1024,0,43,0.2790843313786793
shallow,1024,0,44,0.2723275733662924
shallow,1024,0,45,0.2656559748397741
shallow,1024,0,46,0.2591918494985283
shallow,1024,0,47,0.2528738311857362
shallow,1024,0,48,0.2467494228129205
shallow,1024,0,49,0.2408121341551755
shallow,1024,0,50,0.2351257310526268
shallow,1024,0,51,0.2296384630685331
shallow,1024,0,52,0.2242769944720009
shallow,1024,0,53,0.2189750851199903
shallow,1024,0,54,0.213893934218328
shallow,1024,0,55,0.2088604059158419
shallow,1024,0,56,0.2040655353923749
shallow,1024,0,57,0.1994473555713607
shallow,1024,0,58,0.1947910603600768
shallow,1024,0,59,0.1903291565546744
shallow,1024,0,60,0.1860053637554536
shallow,1024,0,61,0.1818830552442931
shallow,1024,0,62,0.1779489920579705
shallow,1024,0,63,0.1742195076723251
shallow,1024,0,64,0.1706356898332008
shallow,1024,0,65,0.1671328289607388
shallow,1024,0,66,0.1636659805184289
shallow,1024,0,67,0.1603797417094836
shallow,1024,0,68,0.1572240711484293
shallow,1024,0,69,0.1541666735729734
shallow,1024,0,70,0.1511196216970435
shallow,1024,0,71,0.1482117086273484
shallow,1024,0,72,0.1454878049475898
shallow,1024,0,73,0.1426778493279191
shallow,1024,0,74,0.1397926907643973
shallow,1024,0,75,0.1372171452810272
shallow,1024,0,76,0.1347560707566933
shallow,1024,0,77,0.1324049984539034
shallow,1024,0,78,0.1301339598157038
shallow,1024,0,79,0.1278154207924201
shallow,1024,0,80,0.1255454115392695
shallow,1024,0,81,0.1232263491501519
shallow,1024,0,82,0.120946366799895
shallow,1024,0,83,0.1187640154008921
shallow,1024,0,84,0.1166574299262416
shallow,1024,0,85,0.1145418944916462
shallow,1024,0,86,0.112447464643804
shallow,1024,0,87,0.1104073830750584
shallow,1024,0,88,0.1083382185799852
shallow,1024,0,89,0.1064459723544102
shallow,1024,0,90,0.1045385730219847
shallow,1024,0,91,0.1027114343288379
shallow,1024,0,92,0.1009162723868433
shallow,1024,0,93,0.0992552685762388
shallow,1024,0,94,0.0976335591223789
shallow,1024,0,95,0.0960069187269534
shallow,1024,0,96,0.0943126256071052
shallow,1024,0,97,0.0927045167514914
shallow,1024,0,98,0.0913768364091941
shallow,1024,0,99,0.0900336511461282
shallow,1024,0,100,0.0886772184451452
shallow,1024,0,101,0.0874126180756053
shallow,1024,0,102,0.0862464865490183
shallow,1024,0,103,0.0850417540324282
shallow,1024,0,104,0.0838045850742294
shallow,1024,0,105,0.0825923311302467
shallow,1024,0,106,0.0814637118248192
shallow,1024,0,107,0.0802418611118446
shallow,1024,0,108,0.0790662800980032
shallow,1024,0,109,0.0779003415211175
shallow,1024,0,110,0.0768028188490197
shallow,1024,0,111,0.0756500379590277
shallow,1024,0,112,0.0743728441847793
shallow,1024,0,113,0.0731561898648548
shallow,1024,0,114,0.0719106801434855
shallow,1024,0,115,0.0705838477798318
shallow,1024,0,116,0.069404899444419
shallow,1024,0,117,0.0683708132963675
shallow,1024,0,118,0.0674971899747389
shallow,1024,0,119,0.0665693922889509
shallow,1024,0,120,0.0655203119202535
shallow,1024,0,121,0.0644789904700407
shallow,1024,0,122,0.0633714684375818
shallow,1024,0,123,0.0622811477539319
shallow,1024,0,124,0.0610694401581079
shallow,1024,0,125,0.0597738966866619
shallow,1024,0,126,0.058509984001452
shallow,1024,0,127,0.0571405632212556
shallow,1024,0,128,0.0558664611263589
shallow,1024,0,129,0.0547010640744047
shallow,1024,0,130,0.053444086023383
shallow,1024,0,131,0.052286857961053
shallow,1024,0,132,0.0510895476892663
shallow,1024,0,133,0.0499191824846866
shallow,1024,0,134,0.0488712362038157
shallow,1024,0,135,0.0477379419746968
shallow,1024,0,136,0.04685918928405
shallow,1024,0,137,0.0459536700091806
shallow,1024,0,138,0.0449529570333816
shallow,1024,0,139,0.0439594395569787
shallow,1024,0,140,0.0429305787907337
shallow,1024,0,141,0.0418910143322576
shallow,1024,0,142,0.0407851089876885
shallow,1024,0,143,0.0396045070619273
shallow,1024,0,144,0.0383513250390567
shallow,1024,0,145,0.0371667123379887
shallow,1024,0,146,0.0359789131399254
shallow,1024,0,147,0.0348637607887066
shallow,1024,0,148,0.0337961293812474
shallow,1024,0,149,0.0327560448024624
shallow,1024,0,150,0.0317349774153726
shallow,1024,0,151,0.0308251564504161
shallow,1024,0,152,0.0299921873673577
shallow,1024,0,153,0.0291945951321368
shallow,1024,0,154,0.0285343421431151
shallow,1024,0,155,0.0277725695778399
shallow,1024,0,156,0.0271007324943605
shallow,1024,0,157,0.0263099009076963
shallow,1024,0,158,0.0255975548552236
shallow,1024,0,159,0.024938669041611
shallow,1024,0,160,0.0243286996377191
shallow,1024,0,161,0.0238211828604264
shallow,1024,0,162,0.0232223885470813
shallow,1024,0,163,0.0226511329799575
shallow,1024,0,164,0.0220407765153182
shallow,1024,0,165,0.0212484023525819
shallow,1024,0,166,0.0202294645416122
shallow,1024,0,167,0.0192546854235959
shallow,1024,0,168,0.0183454626427955
shallow,1024,0,169,0.0175650197990316
shallow,1024,0,170,0.0167545892050473
shallow,1024,0,171,0.0160326814750624
shallow,1024,0,172,0.0152172671624306
shallow,1024,0,173,0.0142975310194084
shallow,1024,0,174,0.0136262356349127
shallow,1024,0,175,0.0128916376052685
shallow,1024,0,176,0.0120956288845833
shallow,1024,0,177,0.0113564089161958
shallow,1024,0,178,0.0108057397144675
shallow,1024,0,179,0.0102649853865266
shallow,1024,0,180,0.0096001846732197
shallow,1024,0,181,0.008991039845391
shallow,1024,0,182,0.0084291975907862
shallow,1024,0,183,0.0076043370034234
shallow,1024,0,184,0.0066423868032314
shallow,1024,0,185,0.0056879436713588
shallow,1024,0,186,0.0045654447542503
shallow,1024,0,187,0.0037093459905979
shallow,1024,0,188,0.0029111680182908
shallow,1024,0,189,0.0020457767964177
shallow,1024,0,190,0.0014717253231869
shallow,1024,0,191,0.000829167189376
shallow,1024,0,192,0.0001450760283735
shallow,1024,0,193,-0.0004770841882337
shallow,1024,0,194,-0.0010438689934785
shallow,1024,0,195,-0.0013524266679007
shallow,1024,0,196,-0.0014777105825905
shallow,1024,0,197,-0.00144576520553
shallow,1024,0,198,-0.0012852506803186
shallow,1024,0,199,-0.0010932901700937
shallow,1024,0,200,-0.0010319816057965
shallow,1024,0,201,-0.0010098855491253
shallow,1024,0,202,-0.0011492806087273
shallow,1024,0,203,-0.001173038368693
shallow,1024,0,204,-0.0012975094429149
shallow,1024,0,205,-0.0015208270011813
shallow,1024,0,206,-0.0019042360193953
shallow,1024,0,207,-0.0022308762353055
shallow,1024,0,208,-0.0023154287441753
shallow,1024,0,209,-0.0024537610369497
shallow,1024,0,210,-0.0026220225508722
shallow,1024,0,211,-0.0028345094035751
shallow,1024,0,212,-0.0029411795397438
shallow,1024,0,213,-0.0031014628075304
shallow,1024,0,214,-0.0030670836963723
shallow,1024,0,215,-0.003001066919775
shallow,1024,0,216,-0.0029065632000119
shallow,1024,0,217,-0.0030297379344867
shallow,1024,0,218,-0.0033089442146401
shallow,1024,0,219,-0.0036351984304314
shallow,1024,0,220,-0.0040573694025533
shallow,1024,0,221,-0.0043234027998593
shallow,1024,0,222,-0.004669848047181
shallow,1024,0,223,-0.0048945821636247
shallow,1024,0,224,-0.0050706526730953
shallow,1024,0,225,-0.0053037433903583
shallow,1024,0,226,-0.0055618259648084
shallow,1024,0,227,-0.0057793105770281
shallow,1024,0,228,-0.0059126411952932
shallow,1024,0,229,-0.0060650223591377
shallow,1024,0,230,-0.0062552617975868
shallow,1024,0,231,-0.0064965882642337
shallow,1024,0,232,-0.0066287723550552
shallow,1024,0,233,-0.0066860973098592
shallow,1024,0,234,-0.0066933957928364
shallow,1024,0,235,-0.006911944806124
shallow,1024,0,236,-0.0070136461559024
shallow,1024,0,237,-0.0069782261619504
shallow,1024,0,238,-0.0070283873099519
shallow,1024,0,239,-0.0069762008384614
shallow,1024,0,240,-0.0069227024729392
shallow,1024,0,241,-0.0069780258700172
shallow,1024,0,242,-0.0069479335324973
shallow,1024,0,243,-0.0069907325856156
shallow,1024,0,244,-0.0069910266142987
shallow,1024,0,245,-0.0069790945516641
shallow,1024,0,246,-0.0070149136510386
shallow,1024,0,247,-0.0071510943400689
shallow,1024,0,248,-0.007278964862466
shallow,1024,0,249,-0.0073115721928491
shallow,1024,0,250,-0.0073027414450393
shallow,1024,0,251,-0.007261070743
shallow,1024,0,252,-0.0072215073846588
shallow,1024,0,253,-0.007136682099278
shallow,1024,0,254,-0.0071692309021713
shallow,1024,0,255,-0.0072067894100284
shallow,1024,0,256,-0.0071267302324528
shallow,1024,0,257,-0.007029208751278
shallow,1024,0,258,-0.0068749708285551
shallow,1024,0,259,-0.0067815902567734
shallow,1024,0,260,-0.0067906371114949
shallow,1024,0,261,-0.0068587077537167
shallow,1024,0,262,-0.0068300767431348
shallow,1024,0,263,-0.0068094501555256
shallow,1024,0,264,-0.0067428050558055
shallow,1024,0,265,-0.0066694336191024
shallow,1024,0,266,-0.0065153634383745
shallow,1024,0,267,-0.0064815898416649
shallow,1024,0,268,-0.0064600399747831
shallow,1024,0,269,-0.0065530419960894
shallow,1024,0,270,-0.0066777914652144
shallow,1024,0,271,-0.0068452741092253
shallow,1024,0,272,-0.0072477724977169
shallow,1024,0,273,-0.0075704928769847
shallow,1024,0,274,-0.0077698701415561
shallow,1024,0,275,-0.0079794209195815
shallow,1024,0,276,-0.0082460182071834
shallow,1024,0,277,-0.0082934738748773
shallow,1024,0,278,-0.0083032032254519
shallow,1024,0,279,-0.0082033350768099
shallow,1024,0,280,-0.008166709200142
shallow,1024,0,281,-0.008154207109836
shallow,1024,0,282,-0.0082097731159728
shallow,1024,0,283,-0.0082864381356828
shallow,1024,0,284,-0.0084177717360164
shallow,1024,0,285,-0.0083716300077492
shallow,1024,0,286,-0.0085003108059479
shallow,1024,0,287,-0.0084716307638851
shallow,1024,0,288,-0.0083519103635724
shallow,1024,0,289,-0.0081483378379542
shallow,1024,0,290,-0.0081379035959801
shallow,1024,0,291,-0.0081794656826413
shallow,1024,0,292,-0.0082234402348336
shallow,1024,0,293,-0.0084092193544191
shallow,1024,0,294,-0.0085898453774704
shallow,1024,0,295,-0.0089093919097353
shallow,1024,0,296,-0.0091623574175181
shallow,1024,0,297,-0.0094059170330111
shallow,1024,0,298,-0.0096499149061948
shallow,1024,0,299,-0.0095564593053186
shallow,1024,0,300,-0.0093342798954357
shallow,1024,0,301,-0.0091069742196243
shallow,1024,0,302,-0.0087410928302302
shallow,1024,0,303,-0.0082682618950585
shallow,1024,0,304,-0.0076892389039502
shallow,1024,0,305,-0.0071195150410514
shallow,1024,0,306,-0.0065510231890415
shallow,1024,0,307,-0.0060969461866524
shallow,1024,0,308,-0.0057785859425811
shallow,1024,0,309,-0.0055823542963282
shallow,1024,0,310,-0.0056927899813355
shallow,1024,0,311,-0.0057064097076787
shallow,1024,0,312,-0.0057791369603463
shallow,1024,0,313,-0.005787680695983
shallow,1024,0,314,-0.005706684084457
shallow,1024,0,315,-0.005653647050129
shallow,1024,0,316,-0.0053524428477301
shallow,1024,0,317,-0.0051221553060846
shallow,1024,0,318,-0.0049232542174954
shallow,1024,0,319,-0.0045583506092817
shallow,1024,0,320,-0.0042912674288865
shallow,1024,0,321,-0.0040250727974403
shallow,1024,0,322,-0.0036368211174231
shallow,1024,0,323,-0.0033776843288626
shallow,1024,0,324,-0.0031155092381897
shallow,1024,0,325,-0.0027532917815766
shallow,1024,0,326,-0.0023864452445821
shallow,1024,0,327,-0.0019864730835638
shallow,1024,0,328,-0.0013143101234064
shallow,1024,0,329,-0.0005701741304665
shallow,1024,0,330,0.000163536226
shallow,1024,0,331,0.0007623094612445
shallow,1024,0,332,0.0014146124834117
shallow,1024,0,333,0.0018968289892848
shallow,1024,0,334,0.0025176782600242
shallow,1024,0,335,0.0029605528344306
shallow,1024,0,336,0.0032034658711769
shallow,1024,0,337,0.0033391926256379
shallow,1024,0,338,0.0034288470651232
shallow,1024,0,339,0.0034630362696311
shallow,1024,0,340,0.0033891563276904
shallow,1024,0,341,0.0033292964545676
shallow,1024,0,342,0.0032548826430915
shallow,1024,0,343,0.0031495893810181
shallow,1024,0,344,0.0030653964343075
shallow,1024,0,345,0.0031286978621215
shallow,1024,0,346,0.0033582940927347
shallow,1024,0,347,0.0035060951189607
shallow,1024,0,348,0.0036518818643038
shallow,1024,0,349,0.0035451913297855
shallow,1024,0,350,0.0033216064472078
shallow,1024,0,351,0.0031043124367975
shallow,1024,0,352,0.0028532861751413
shallow,1024,0,353,0.0025985096486307
shallow,1024,0,354,0.0024587759170411
shallow,1024,0,355,0.0022299500790673
shallow,1024,0,356,0.0022063684918499
shallow,1024,0,357,0.0021775881612759
shallow,1024,0,358,0.0021215441335664
shallow,1024,0,359,0.0020539459359664
shallow,1024,0,360,0.0021864323837725
shallow,1024,0,361,0.0022416296535765
shallow,1024,0,362,0.0022283500283293
shallow,1024,0,363,0.0022461636249819
shallow,1024,0,364,0.0022700923275407
shallow,1024,0,365,0.0023521494804513
shallow,1024,0,366,0.0023083458563782
shallow,1024,0,367,0.0019957729805262
shallow,1024,0,368,0.0017354671864408
shallow,1024,0,369,0.0014724644786887
shallow,1024,0,370,0.0011748903295892
shallow,1024,0,371,0.0008751753528924
shallow,1024,0,372,0.0006788736212536
shallow,1024,0,373,0.0005509687311864
shallow,1024,0,374,0.0003397847120367
shallow,1024,0,375,0.0003634664301512
shallow,1024,0,376,0.0002789538391545
shallow,1024,0,377,0.0001802258683666
shallow,1024,0,378,6.862845826300398e-05
shallow,1024,0,379,0.0001001394548461
shallow,1024,0,380,0.0001388466994793
shallow,1024,0,381,0.0003207549452869
shallow,1024,0,382,0.0003075187502072
shallow,1024,0,383,0.0002748824680113
shallow,1024,0,384,0.0001470707985503
shallow,1024,0,385,0.0001686885214869
shallow,1024,0,386,0.0001693261939544
shallow,1024,0,387,0.0002315174894231
shallow,1024,0,388,0.0002013406585026
shallow,1024,0,389,0.0002458844733058
shallow,1024,0,390,0.0002425898201815
shallow,1024,0,391,0.0002763221344282
shallow,1024,0,392,0.0002330878565711
shallow,1024,0,393,0.0002574036889482
shallow,1024,0,394,0.0001758440005308
shallow,1024,0,395,-9.450496313542223e-05
shallow,1024,0,396,-0.0003699782603886
shallow,1024,0,397,-0.0007652953416034
shallow,1024,0,398,-0.0010506507122862
shallow,1024,0,399,-0.0012526188072224
shallow,1024,0,400,-0.0013967982423165
shallow,1024,1,0,1.0
shallow,1024,1,1,0.9667125285402384
shallow,1024,1,2,0.9348850407525986
shallow,1024,1,3,0.9044029226413728
shallow,1024,1,4,0.8752950572345404
shallow,1024,1,5,0.8473855283528101
shallow,1024,1,6,0.8206293878531512
shallow,1024,1,7,0.7949671306059759
shallow,1024,1,8,0.7704174020547148
shallow,1024,1,9,0.7469123785435708
shallow,1024,1,10,0.7243369560273409
shallow,1024,1,11,0.702641958627912
shallow,1024,1,12,0.6817466318848674
shallow,1024,1,13,0.6615723585097293
shallow,1024,1,14,0.6420916727375471
shallow,1024,1,15,0.6236027217228752
shallow,1024,1,16,0.6057952718310872
shallow,1024,1,17,0.588630821621672
shallow,1024,1,18,0.5719341004433273
shallow,1024,1,19,0.5556777704214038
shallow,1024,1,20,0.5401064226908667
shallow,1024,1,21,0.5249964629273364
shallow,1024,1,22,0.5102414141558412
shallow,1024,1,23,0.496167590323998
shallow,1024,1,24,0.4825592421206548
shallow,1024,1,25,0.4692791927709249
shallow,1024,1,26,0.4565139820283153
shallow,1024,1,27,0.4443547268295615
shallow,1024,1,28,0.432424660922914
shallow,1024,1,29,0.4210245662683926
shallow,1024,1,30,0.4100153643976333
shallow,1024,1,31,0.3993908144200416
shallow,1024,1,32,0.3891830621744797
shallow,1024,1,33,0.3793401114249699
shallow,1024,1,34,0.3699227510477167
shallow,1024,1,35,0.3607510931818226
shallow,1024,1,36,0.3519487869374173
shallow,1024,1,37,0.3434146460233616
shallow,1024,1,38,0.3351879401654295
shallow,1024,1,39,0.3270879420795898
shallow,1024,1,40,0.3192245128736501
shallow,1024,1,41,0.3117340878154776
shallow,1024,1,42,0.3045892723632604
shallow,1024,1,43,0.2976508907168132
shallow,1024,1,44,0.2910204102741626
shallow,1024,1,45,0.2845229572747583
shallow,1024,1,46,0.2782389675249507
shallow,1024,1,47,0.2722232837060021
shallow,1024,1,48,0.2664675408575928
shallow,1024,1,49,0.2608971506432838
shallow,1024,1,50,0.255509466080549
shallow,1024,1,51,0.2502343886194528
shallow,1024,1,52,0.2452003756384586
shallow,1024,1,53,0.2403669722707297
shallow,1024,1,54,0.2356727748613331
shallow,1024,1,55,0.2311673208580679
shallow,1024,1,56,0.2266290555855698
shallow,1024,1,57,0.2223078528230239
shallow,1024,1,58,0.2182308981967022
shallow,1024,1,59,0.2141528479819681
shallow,1024,1,60,0.2103814487867552
shallow,1024,1,61,0.2065227669907027
shallow,1024,1,62,0.2026071876183326
shallow,1024,1,63,0.1987295884919486
shallow,1024,1,64,0.1950151770996407
shallow,1024,1,65,0.1917109823222276
shallow,1024,1,66,0.1884243239092287
shallow,1024,1,67,0.1853436083751888
shallow,1024,1,68,0.1821811736965374
shallow,1024,1,69,0.1790609973772587
shallow,1024,1,70,0.1760168511919712
shallow,1024,1,71,0.1730953592926933
shallow,1024,1,72,0.1701425361664778
shallow,1024,1,73,0.167230205671402
shallow,1024,1,74,0.1645171560262146
shallow,1024,1,75,0.1619011845129337
shallow,1024,1,76,0.1593323943873593
shallow,1024,1,77,0.1569314413062209
shallow,1024,1,78,0.1545422261458535
shallow,1024,1,79,0.1523802168681555
shallow,1024,1,80,0.1502122669718027
shallow,1024,1,81,0.1480358548876074
shallow,1024,1,82,0.1458423883722816
shallow,1024,1,83,0.1436017594207854
shallow,1024,1,84,0.141464202382644
shallow,1024,1,85,0.1394984095011321
shallow,1024,1,86,0.1375351794076411
shallow,1024,1,87,0.1355796455383641
shallow,1024,1,88,0.1337394143278725
shallow,1024,1,89,0.132092708554689
shallow,1024,1,90,0.1305225201943883
shallow,1024,1,91,0.1291639928405563
shallow,1024,1,92,0.1278445984909646
shallow,1024,1,93,0.1264512464990808
shallow,1024,1,94,0.1249804033648669
shallow,1024,1,95,0.1236044026024362
shallow,1024,1,96,0.1222892732524905
shallow,1024,1,97,0.1209200340583274
shallow,1024,1,98,0.1196019422620918
shallow,1024,1,99,0.1182968770849853
shallow,1024,1,100,0.117042715794752
shallow,1024,1,101,0.1157181197517978
shallow,1024,1,102,0.1143672728482459
shallow,1024,1,103,0.1130646185617809
shallow,1024,1,104,0.1117129598864562
shallow,1024,1,105,0.1103638452031852
shallow,1024,1,106,0.1090327986031005
shallow,1024,1,107,0.1075695679387866
shallow,1024,1,108,0.1061185135448505
shallow,1024,1,109,0.1047662239061856
shallow,1024,1,110,0.1033578257494845
shallow,1024,1,111,0.1020278507374986
shallow,1024,1,112,0.1007857737221423
shallow,1024,1,113,0.0995410928684839
shallow,1024,1,114,0.0982372770891905
shallow,1024,1,115,0.0968895145139911
shallow,1024,1,116,0.0956375567999444
shallow,1024,1,117,0.0942623782729531
shallow,1024,1,118,0.0928861400933963
shallow,1024,1,119,0.0913665580123556
shallow,1024,1,120,0.0899764301707019
shallow,1024,1,121,0.088667167234246
shallow,1024,1,122,0.0875581108087692
shallow,1024,1,123,0.0865256244961323
shallow,1024,1,124,0.085491637469022
shallow,1024,1,125,0.0842656617172145
shallow,1024,1,126,0.0831373065850716
shallow,1024,1,127,0.0819678130374817
shallow,1024,1,128,0.0808965791457862
shallow,1024,1,129,0.0797298279784772
shallow,1024,1,130,0.0784918675473766
shallow,1024,1,131,0.0772417131721963
shallow,1024,1,132,0.0760563711953386
shallow,1024,1,133,0.0748052893952509
shallow,1024,1,134,0.073481227769933
shallow,1024,1,135,0.0721082136560322
shallow,1024,1,136,0.0706213030494154
shallow,1024,1,137,0.0692972245839532
shallow,1024,1,138,0.0681948294978089
shallow,1024,1,139,0.0672127805624134
shallow,1024,1,140,0.0663297738922384
shallow,1024,1,141,0.0655428784868338
shallow,1024,1,142,0.0648152558278714
shallow,1024,1,143,0.0640118134433419
shallow,1024,1,144,0.0632621786345587
shallow,1024,1,145,0.0626179506220839
shallow,1024,1,146,0.0620414386316902
shallow,1024,1,147,0.0614692000378084
shallow,1024,1,148,0.0608937701003115
shallow,1024,1,149,0.0602755296340156
shallow,1024,1,150,0.0597607653812966
shallow,1024,1,151,0.0592094192844438
shallow,1024,1,152,0.058672340206525
shallow,1024,1,153,0.0581424766239816
shallow,1024,1,154,0.0576612231391885
shallow,1024,1,155,0.0574156395147247
shallow,1024,1,156,0.0569706369664962
shallow,1024,1,157,0.0564969832414011
shallow,1024,1,158,0.0559845392506918
shallow,1024,1,159,0.0555234869023266
shallow,1024,1,160,0.0549691480151928
shallow,1024,1,161,0.0542202469582073
shallow,1024,1,162,0.0535058287951057
shallow,1024,1,163,0.0529784052497126
shallow,1024,1,164,0.0522464351573414
shallow,1024,1,165,0.0515878177480659
shallow,1024,1,166,0.0508407670770365
shallow,1024,1,167,0.05018021434741
shallow,1024,1,168,0.0494454317688604
shallow,1024,1,169,0.0486625044504126
shallow,1024,1,170,0.0479561551621678
shallow,1024,1,171,0.0473034375650818
shallow,1024,1,172,0.0466030074349832
shallow,1024,1,173,0.0456959160195531
shallow,1024,1,174,0.0447963840632413
shallow,1024,1,175,0.0440009807807752
shallow,1024,1,176,0.0434252194368564
shallow,1024,1,177,0.0428663726980808
shallow,1024,1,178,0.0421809124388965
shallow,1024,1,179,0.0415691676357216
shallow,1024,1,180,0.0409969162563406
shallow,1024,1,181,0.0404984986642129
shallow,1024,1,182,0.040106586357068
shallow,1024,1,183,0.0398362290783054
shallow,1024,1,184,0.0395150192036211
shallow,1024,1,185,0.039285999618589
shallow,1024,1,186,0.0389599690936358
shallow,1024,1,187,0.0387735164669331
shallow,1024,1,188,0.0385723864247868
shallow,1024,1,189,0.0384143970257666
shallow,1024,1,190,0.0381658159815601
shallow,1024,1,191,0.037841560928546
shallow,1024,1,192,0.0373983844131233
shallow,1024,1,193,0.0369094018437468
shallow,1024,1,194,0.0364310873181317
shallow,1024,1,195,0.0358785012741283
shallow,1024,1,196,0.0351652108799032
shallow,1024,1,197,0.0346146800917809
shallow,1024,1,198,0.0340630731227815
shallow,1024,1,199,0.0333555705063001
shallow,1024,1,200,0.0327950479089976
shallow,1024,1,201,0.0323351900612119
shallow,1024,1,202,0.0318794617569487
shallow,1024,1,203,0.0314705686700969
shallow,1024,1,204,0.0309588164831951
shallow,1024,1,205,0.0305449265780802
shallow,1024,1,206,0.0299495465252809
shallow,1024,1,207,0.0294639470786394
shallow,1024,1,208,0.029048333715154
shallow,1024,1,209,0.0285767061263844
shallow,1024,1,210,0.0280117667992277
shallow,1024,1,211,0.0275332108126367
shallow,1024,1,212,0.0269977266522975
shallow,1024,1,213,0.0265340677485052
shallow,1024,1,214,0.0260372419647764
shallow,1024,1,215,0.0256641577366519
shallow,1024,1,216,0.0254570268721478
shallow,1024,1,217,0.0251745742922392
shallow,1024,1,218,0.0248781389575167
shallow,1024,1,219,0.0246014084121629
shallow,1024,1,220,0.0243215806387304
shallow,1024,1,221,0.0240241250597772
shallow,1024,1,222,0.0236003456302653
shallow,1024,1,223,0.0230279014660963
shallow,1024,1,224,0.0225117301267663
shallow,1024,1,225,0.021877568210896
shallow,1024,1,226,0.0213808524741854
shallow,1024,1,227,0.0209876864290038
shallow,1024,1,228,0.020611776163069
shallow,1024,1,229,0.0202444999822303
shallow,1024,1,230,0.0198179713414558
shallow,1024,1,231,0.0193882380526554
shallow,1024,1,232,0.0190027004969308
shallow,1024,1,233,0.0186726321546458
shallow,1024,1,234,0.0182854068299641
shallow,1024,1,235,0.0178354144980902
shallow,1024,1,236,0.0173008382219037
shallow,1024,1,237,0.0167114659641222
shallow,1024,1,238,0.0162215192206469
shallow,1024,1,239,0.0157245453152873
shallow,1024,1,240,0.0151629600874232
shallow,1024,1,241,0.0145267105868192
shallow,1024,1,242,0.0139124377273749
shallow,1024,1,243,0.0133209447745531
shallow,1024,1,244,0.0129910334922577
shallow,1024,1,245,0.0126331769381186
shallow,1024,1,246,0.0121875836550125
shallow,1024,1,247,0.0118067794866592
shallow,1024,1,248,0.0114833005776274
shallow,1024,1,249,0.0110831721048295
shallow,1024,1,250,0.0107615285499675
shallow,1024,1,251,0.0104538380333845
shallow,1024,1,252,0.0101002592518911
shallow,1024,1,253,0.0096034462433216
shallow,1024,1,254,0.0090580835837839
shallow,1024,1,255,0.0085143790773536
shallow,1024,1,256,0.0080490049870711
shallow,1024,1,257,0.0076588105373961
shallow,1024,1,258,0.0073976394365047
shallow,1024,1,259,0.0072220792029395
shallow,1024,1,260,0.0069669226089422
shallow,1024,1,261,0.0067754849631748
shallow,1024,1,262,0.0065713922038942
shallow,1024,1,263,0.0062984330133394
shallow,1024,1,264,0.0060472977372369
shallow,1024,1,265,0.0057442682275853
shallow,1024,1,266,0.0053319540811253
shallow,1024,1,267,0.0050539671323498
shallow,1024,1,268,0.0047570023470072
shallow,1024,1,269,0.0044596495605773
shallow,1024,1,270,0.0041574831760545
shallow,1024,1,271,0.0038486798194762
shallow,1024,1,272,0.0037166766921654
shallow,1024,1,273,0.0034817093588032
shallow,1024,1,274,0.0033543852181
shallow,1024,1,275,0.0031301533610105
shallow,1024,1,276,0.0029495952913766
shallow,1024,1,277,0.0029149169575512
shallow,1024,1,278,0.002658968023352
shallow,1024,1,279,0.0022934944661926
shallow,1024,1,280,0.0019817974512831
shallow,1024,1,281,0.0016496766545669
shallow,1024,1,282,0.0012060399655407
shallow,1024,1,283,0.0009578499493392
shallow,1024,1,284,0.0007024668119539
shallow,1024,1,285,0.0006439516967684
shallow,1024,1,286,0.000581697967574
shallow,1024,1,287,0.0005686626488361
shallow,1024,1,288,0.0007077515909086
shallow,1024,1,289,0.0009495255690764
shallow,1024,1,290,0.0011441932364418
shallow,1024,1,291,0.0013814361118524
shallow,1024,1,292,0.0013639091820909
shallow,1024,1,293,0.0014580140803878
shallow,1024,1,294,0.0013573939962629
shallow,1024,1,295,0.0012083667890459
shallow,1024,1,296,0.0011767524613631
shallow,1024,1,297,0.0010612772811009
shallow,1024,1,298,0.0009969376916318
shallow,1024,1,299,0.0008801916388325
shallow,1024,1,300,0.0007472002443831
shallow,1024,1,301,0.0008712358546782
shallow,1024,1,302,0.0006857564715782
shallow,1024,1,303,0.00054217184504
shallow,1024,1,304,0.0005402506476458
shallow,1024,1,305,0.0005865642669914
shallow,1024,1,306,0.0006740739529516
shallow,1024,1,307,0.0006567795975569
shallow,1024,1,308,0.0006204866571086
shallow,1024,1,309,0.0002552984762534
shallow,1024,1,310,-8.376496331055096e-05
shallow,1024,1,311,-0.0002790414749026
shallow,1024,1,312,-0.0005533830543937
shallow,1024,1,313,-0.0008159084811384
shallow,1024,1,314,-0.0011154928368523
shallow,1024,1,315,-0.001473441716966
shallow,1024,1,316,-0.0018987402907739
shallow,1024,1,317,-0.0023480984308997
shallow,1024,1,318,-0.0028890944896575
shallow,1024,1,319,-0.0032570871493182
shallow,1024,1,320,-0.0034896036020684
shallow,1024,1,321,-0.0036445779299899
shallow,1024,1,322,-0.0038009040904105
shallow,1024,1,323,-0.0040025767289033
shallow,1024,1,324,-0.0040281884467321
shallow,1024,1,325,-0.0040764771635955
shallow,1024,1,326,-0.0043272983316167
shallow,1024,1,327,-0.0045709122164787
shallow,1024,1,328,-0.0046862327268982
shallow,1024,1,329,-0.0047043526101958
shallow,1024,1,330,-0.0048283851543196
shallow,1024,1,331,-0.0049541246823077
shallow,1024,1,332,-0.004991087182064
shallow,1024,1,333,-0.005187125924562
shallow,1024,1,334,-0.0053167765380699
shallow,1024,1,335,-0.005362757837715
shallow,1024,1,336,-0.0053583460864708
shallow,1024,1,337,-0.0051876914857312
shallow,1024,1,338,-0.0048494195460897
shallow,1024,1,339,-0.0047805411965486
shallow,1024,1,340,-0.0048120965107108
shallow,1024,1,341,-0.0048503059316431
shallow,1024,1,342,-0.0048641362889305
shallow,1024,1,343,-0.0047504774455212
shallow,1024,1,344,-0.0047116951247422
shallow,1024,1,345,-0.0044964636899762
shallow,1024,1,346,-0.0042229030972938
shallow,1024,1,347,-0.0039167307317635
shallow,1024,1,348,-0.0036220880210375
shallow,1024,1,349,-0.0033925400934082
shallow,1024,1,350,-0.0031479393725151
shallow,1024,1,351,-0.0027693118486808
shallow,1024,1,352,-0.0024278101007203
shallow,1024,1,353,-0.0021161094776651
shallow,1024,1,354,-0.0020018436643149
shallow,1024,1,355,-0.001797747636151
shallow,1024,1,356,-0.0014677014258859
shallow,1024,1,357,-0.0011745367973512
shallow,1024,1,358,-0.000995089139667
shallow,1024,1,359,-0.0008891645750756
shallow,1024,1,360,-0.0006336710659317
shallow,1024,1,361,-0.0003303510601118
shallow,1024,1,362,-0.0001409481532696
shallow,1024,1,363,-8.195768477484839e-05
shallow,1024,1,364,-6.195952183638128e-05
shallow,1024,1,365,0.0001077510273598
shallow,1024,1,366,0.0001303963448498
shallow,1024,1,367,0.0001855392136689
shallow,1024,1,368,0.0003008451229338
shallow,1024,1,369,0.0003961631208683
shallow,1024,1,370,0.000513692662782
shallow,1024,1,371,0.0006394553265728
shallow,1024,1,372,0.0008142530209308
shallow,1024,1,373,0.0010900382315798
shallow,1024,1,374,0.0014011422906185
shallow,1024,1,375,0.0017901703267801
shallow,1024,1,376,0.0021117002302726
shallow,1024,1,377,0.0024990829719635
shallow,1024,1,378,0.0029913629325504
shallow,1024,1,379,0.0034406658198129
shallow,1024,1,380,0.003777919239307
shallow,1024,1,381,0.0040753825833806
shallow,1024,1,382,0.0042516502378911
shallow,1024,1,383,0.0043956848945939
shallow,1024,1,384,0.0045127712561199
shallow,1024,1,385,0.0047953052104681
shallow,1024,1,386,0.0049408136144956
shallow,1024,1,387,0.0050813522788593
shallow,1024,1,388,0.0053618739247284
shallow,1024,1,389,0.0056111407153831
shallow,1024,1,390,0.0059566742043632
shallow,1024,1,391,0.0062553591279624
shallow,1024,1,392,0.006401226070841
shallow,1024,1,393,0.006500395296193
shallow,1024,1,394,0.0067317440710462
shallow,1024,1,395,0.0071606645477212
shallow,1024,1,396,0.0076210392878388
shallow,1024,1,397,0.0080732694699412
shallow,1024,1,398,0.0085607707380647
shallow,1024,1,399,0.0087954565472536
shallow,1024,1,400,0.0090729677889077
shallow,1024,2,0,1.0
shallow,1024,2,1,0.9661120132904076
shallow,1024,2,2,0.9337638440233664
shallow,1024,2,3,0.9028198016171848
shallow,1024,2,4,0.8731285295311098
shallow,1024,2,5,0.8446815394897684
shallow,1024,2,6,0.8175759832474654
shallow,1024,2,7,0.7915653259899064
shallow,1024,2,8,0.7666661217522672
shallow,1024,2,9,0.7426589323267464
shallow,1024,2,10,0.7197579115242203
shallow,1024,2,11,0.6976885515628366
shallow,1024,2,12,0.6766274232989702
shallow,1024,2,13,0.6567095935142692
shallow,1024,2,14,0.637484513029586
shallow,1024,2,15,0.6189328945361431
shallow,1024,2,16,0.6010375522036658
shallow,1024,2,17,0.5839248003309614
shallow,1024,2,18,0.5674313520063209
shallow,1024,2,19,0.5514101397324
shallow,1024,2,20,0.5359648798658895
shallow,1024,2,21,0.5211250182642725
shallow,1024,2,22,0.5067415661794498
shallow,1024,2,23,0.4927539648051626
shallow,1024,2,24,0.479237863873725
shallow,1024,2,25,0.4661095138313205
shallow,1024,2,26,0.4535171262933105
shallow,1024,2,27,0.4415194424597326
shallow,1024,2,28,0.4298238153642698
shallow,1024,2,29,0.4186272938213386
shallow,1024,2,30,0.4078868827982124
shallow,1024,2,31,0.3974193099856919
shallow,1024,2,32,0.3872557503339726
shallow,1024,2,33,0.3777088686891375
shallow,1024,2,34,0.3686355852303912
shallow,1024,2,35,0.3596490884145681
shallow,1024,2,36,0.3508013950392327
shallow,1024,2,37,0.3421934192690977
shallow,1024,2,38,0.3337627385819
shallow,1024,2,39,0.3257683953834747
shallow,1024,2,40,0.3179825039591855
shallow,1024,2,41,0.3102771995300997
shallow,1024,2,42,0.302919005085729
shallow,1024,2,43,0.2958034617118048
shallow,1024,2,44,0.2889329121528048
shallow,1024,2,45,0.2821285188150962
shallow,1024,2,46,0.2754668936091123
shallow,1024,2,47,0.2691282477360395
shallow,1024,2,48,0.2630917512205585
shallow,1024,2,49,0.2572043112950092
shallow,1024,2,50,0.2514360822888741
shallow,1024,2,51,0.2459779557499886
shallow,1024,2,52,0.240547099428893
shallow,1024,2,53,0.2351015291364792
shallow,1024,2,54,0.2297767770876246
shallow,1024,2,55,0.2244819887908174
shallow,1024,2,56,0.2192671733640212
shallow,1024,2,57,0.2142689099101206
shallow,1024,2,58,0.2093347191250706
shallow,1024,2,59,0.204477651519562
shallow,1024,2,60,0.1997804779616914
shallow,1024,2,61,0.1952380177648537
shallow,1024,2,62,0.1907630838820317
shallow,1024,2,63,0.1866955104661059
shallow,1024,2,64,0.1826040069501924
shallow,1024,2,65,0.1784859388918154
shallow,1024,2,66,0.174575594740449
shallow,1024,2,67,0.1709291291565034
shallow,1024,2,68,0.1674081441553537
shallow,1024,2,69,0.1638008584767823
shallow,1024,2,70,0.1602895030382204
shallow,1024,2,71,0.1570304237823817
shallow,1024,2,72,0.1536845589821446
shallow,1024,2,73,0.1505969616797156
shallow,1024,2,74,0.1475146369557911
shallow,1024,2,75,0.1444372786263389
shallow,1024,2,76,0.1414006652680139
shallow,1024,2,77,0.1384346162370309
shallow,1024,2,78,0.1356511662059677
shallow,1024,2,79,0.132927909486303
shallow,1024,2,80,0.1303296393432274
shallow,1024,2,81,0.1276379478677946
shallow,1024,2,82,0.1249562143729266
shallow,1024,2,83,0.1223048199399167
shallow,1024,2,84,0.1196737813077191
shallow,1024,2,85,0.1172285018381423
shallow,1024,2,86,0.114997282706986
shallow,1024,2,87,0.1127522908489285
shallow,1024,2,88,0.1103868871449575
shallow,1024,2,89,0.1079150840085838
shallow,1024,2,90,0.1053986961730742
shallow,1024,2,91,0.1029075281751547
shallow,1024,2,92,0.1006096407909389
shallow,1024,2,93,0.0982193085750016
shallow,1024,2,94,0.0956837365439212
shallow,1024,2,95,0.0932841245534528
shallow,1024,2,96,0.0910739328281246
shallow,1024,2,97,0.0889069818822137
shallow,1024,2,98,0.0868121729022271
shallow,1024,2,99,0.0847289549646712
shallow,1024,2,100,0.0826959754807068
shallow,1024,2,101,0.0805271957063077
shallow,1024,2,102,0.0782839825906507
shallow,1024,2,103,0.0762080061624086
shallow,1024,2,104,0.0741461345833962
shallow,1024,2,105,0.0720913174526744
shallow,1024,2,106,0.0700325700080243
shallow,1024,2,107,0.0681048234609628
shallow,1024,2,108,0.0663609328059111
shallow,1024,2,109,0.0647177124766272
shallow,1024,2,110,0.0632513915750218
shallow,1024,2,111,0.0616290372974068
shallow,1024,2,112,0.0598719146253064
shallow,1024,2,113,0.0582969421700537
shallow,1024,2,114,0.0567009901204941
shallow,1024,2,115,0.0550466616332733
shallow,1024,2,116,0.0534251514391303
shallow,1024,2,117,0.0517522842262508
shallow,1024,2,118,0.0499526188780897
shallow,1024,2,119,0.0480530511469543
shallow,1024,2,120,0.0464317388395719
shallow,1024,2,121,0.0450864635098095
shallow,1024,2,122,0.0436990656949849
shallow,1024,2,123,0.0423236056705229
shallow,1024,2,124,0.0410137459773074
shallow,1024,2,125,0.0397529486537922
shallow,1024,2,126,0.0385427898493082
shallow,1024,2,127,0.0373562745599065
shallow,1024,2,128,0.0365079649787974
shallow,1024,2,129,0.0357784831599585
shallow,1024,2,130,0.0350821879296504
shallow,1024,2,131,0.0341543517050594
shallow,1024,2,132,0.0329394253428924
shallow,1024,2,133,0.0318174996415571
shallow,1024,2,134,0.0307177980082491
shallow,1024,2,135,0.0295129598377308
shallow,1024,2,136,0.0284059575307628
shallow,1024,2,137,0.0273907069392703
shallow,1024,2,138,0.0263683254936201
shallow,1024,2,139,0.0254292956991774
shallow,1024,2,140,0.0244743997395213
shallow,1024,2,141,0.0235173363487161
shallow,1024,2,142,0.0226180500089261
shallow,1024,2,143,0.0219238762437275
shallow,1024,2,144,0.0215237001166237
shallow,1024,2,145,0.0210523329405762
shallow,1024,2,146,0.0205713322174711
shallow,1024,2,147,0.0200654944122722
shallow,1024,2,148,0.0195714177647562
shallow,1024,2,149,0.0192431268770499
shallow,1024,2,150,0.0189205724731899
shallow,1024,2,151,0.0185267117087016
shallow,1024,2,152,0.018215346994058
shallow,1024,2,153,0.0179417501746225
shallow,1024,2,154,0.0176478274576208
shallow,1024,2,155,0.017310336534617
shallow,1024,2,156,0.0171110702962753
shallow,1024,2,157,0.0169246496706495
shallow,1024,2,158,0.0166802282522833
shallow,1024,2,159,0.0163875291465955
shallow,1024,2,160,0.0161330939842226
shallow,1024,2,161,0.015957746193124
shallow,1024,2,162,0.015762723737112
shallow,1024,2,163,0.0157929420827475
shallow,1024,2,164,0.0157263483322729
shallow,1024,2,165,0.0156396649092982
shallow,1024,2,166,0.0156787710666792
shallow,1024,2,167,0.0158214246520034
shallow,1024,2,168,0.0159127950112464
shallow,1024,2,169,0.0159915324247174
shallow,1024,2,170,0.0160247822196981
shallow,1024,2,171,0.0158997493662484
shallow,1024,2,172,0.0159435322528869
shallow,1024,2,173,0.0157620990623534
shallow,1024,2,174,0.0155552700882776
shallow,1024,2,175,0.0155081356683811
shallow,1024,2,176,0.0153754991691804
shallow,1024,2,177,0.015118043907841
shallow,1024,2,178,0.0149196728355378
shallow,1024,2,179,0.0148145800178713
shallow,1024,2,180,0.0147266932595266
shallow,1024,2,181,0.0146650376371692
shallow,1024,2,182,0.014595982675385
shallow,1024,2,183,0.0144781837897815
shallow,1024,2,184,0.0144799995859636
shallow,1024,2,185,0.0144004983283689
shallow,1024,2,186,0.0143701251394136
shallow,1024,2,187,0.0143691415334994
shallow,1024,2,188,0.0143220472480853
shallow,1024,2,189,0.0142831300546945
shallow,1024,2,190,0.0141815873635286
shallow,1024,2,191,0.0141270588357245
shallow,1024,2,192,0.0140974562681273
shallow,1024,2,193,0.0142552202664524
shallow,1024,2,194,0.01415790605552
shallow,1024,2,195,0.0138535234172991
shallow,1024,2,196,0.0133547958416545
shallow,1024,2,197,0.012886051677774
shallow,1024,2,198,0.0123981094265455
shallow,1024,2,199,0.0119524198677522
shallow,1024,2,200,0.0115864969990941
shallow,1024,2,201,0.0110114174286381
shallow,1024,2,202,0.0104883897566961
shallow,1024,2,203,0.0099690743661179
shallow,1024,2,204,0.0094969242097814
shallow,1024,2,205,0.0092387343760278
shallow,1024,2,206,0.0090488231633734
shallow,1024,2,207,0.0090181792938546
shallow,1024,2,208,0.0092164331431594
shallow,1024,2,209,0.0093302550622495
shallow,1024,2,210,0.0094542229703791
shallow,1024,2,211,0.0094913706293432
shallow,1024,2,212,0.0095783837179184
shallow,1024,2,213,0.0096976712890857
shallow,1024,2,214,0.0097363499445989
shallow,1024,2,215,0.0099062068040943
shallow,1024,2,216,0.0100212289808589
shallow,1024,2,217,0.0099831850176978
shallow,1024,2,218,0.0099543546471232
shallow,1024,2,219,0.009857282272918
shallow,1024,2,220,0.0096112248077062
shallow,1024,2,221,0.0093728104162335
shallow,1024,2,222,0.008998173128877
shallow,1024,2,223,0.0085128661430629
shallow,1024,2,224,0.0080729657775884
shallow,1024,2,225,0.0076086458996956
shallow,1024,2,226,0.0069805240899542
shallow,1024,2,227,0.0063408738257856
shallow,1024,2,228,0.0056587278946239
shallow,1024,2,229,0.0051675987720468
shallow,1024,2,230,0.004780113162033
shallow,1024,2,231,0.0043445205438583
shallow,1024,2,232,0.0040587406721116
shallow,1024,2,233,0.0038007463577039
shallow,1024,2,234,0.003648636850488
shallow,1024,2,235,0.0033666545323974
shallow,1024,2,236,0.0031108482363279
shallow,1024,2,237,0.0028559205397071
shallow,1024,2,238,0.002670192803725
shallow,1024,2,239,0.002491164213871
shallow,1024,2,240,0.0023757038556248
shallow,1024,2,241,0.0022935302681786
shallow,1024,2,242,0.0022523605972264
shallow,1024,2,243,0.0021161430188146
shallow,1024,2,244,0.0021863334151851
shallow,1024,2,245,0.0023755714454789
shallow,1024,2,246,0.0023832341264059
shallow,1024,2,247,0.0023723221376402
shallow,1024,2,248,0.0024074459760157
shallow,1024,2,249,0.0024421157636947
shallow,1024,2,250,0.0025288868749418
shallow,1024,2,251,0.00269792154872
shallow,1024,2,252,0.0028915237593582
shallow,1024,2,253,0.0031040610372602
shallow,1024,2,254,0.0033430819145388
shallow,1024,2,255,0.0035275699444451
shallow,1024,2,256,0.0035035627976806
shallow,1024,2,257,0.0034299556738492
shallow,1024,2,258,0.0033139334600052
shallow,1024,2,259,0.0030958514337073
shallow,1024,2,260,0.003018708235666
shallow,1024,2,261,0.0029045334470685
shallow,1024,2,262,0.0027635003627428
shallow,1024,2,263,0.0026112544657943
shallow,1024,2,264,0.0022705326866713
shallow,1024,2,265,0.0020988071059373
shallow,1024,2,266,0.0018733419536871
shallow,1024,2,267,0.0016375304043838
shallow,1024,2,268,0.0015436641478357
shallow,1024,2,269,0.0013878182970757
shallow,1024,2,270,0.0012220575836125
shallow,1024,2,271,0.0009897425165338
shallow,1024,2,272,0.0008319712843732
shallow,1024,2,273,0.0006331431486858
shallow,1024,2,274,0.0003410957358765
shallow,1024,2,275,4.142291325657925e-05
shallow,1024,2,276,-0.0002373601215777
shallow,1024,2,277,-0.000384229729097
shallow,1024,2,278,-0.0005512722826145
shallow,1024,2,279,-0.0008228200047738
shallow,1024,2,280,-0.0009791092854234
shallow,1024,2,281,-0.0011206263725456
shallow,1024,2,282,-0.0011683641619328
shallow,1024,2,283,-0.0011559404344373
shallow,1024,2,284,-0.0013411962594995
shallow,1024,2,285,-0.0015523876533392
shallow,1024,2,286,-0.0018140036306614
shallow,1024,2,287,-0.0021923302575432
shallow,1024,2,288,-0.0024349106851473
shallow,1024,2,289,-0.0026093824291531
shallow,1024,2,290,-0.0026536953928853
shallow,1024,2,291,-0.0025178054761002
shallow,1024,2,292,-0.0023090384046253
shallow,1024,2,293,-0.0020804149302954
shallow,1024,2,294,-0.001854424978826
shallow,1024,2,295,-0.0017316187567733
shallow,1024,2,296,-0.0017805080210916
shallow,1024,2,297,-0.0018719840338518
shallow,1024,2,298,-0.0020824096649353
shallow,1024,2,299,-0.002269634379768
shallow,1024,2,300,-0.0025010921108437
shallow,1024,2,301,-0.0027707086265924
shallow,1024,2,302,-0.0030632266412263
shallow,1024,2,303,-0.0032620526978325
shallow,1024,2,304,-0.0034984320034819
shallow,1024,2,305,-0.0036595438083659
shallow,1024,2,306,-0.003890318380977
shallow,1024,2,307,-0.0039912502434834
shallow,1024,2,308,-0.0040109341852025
shallow,1024,2,309,-0.0039130308085105
shallow,1024,2,310,-0.0038518493472953
shallow,1024,2,311,-0.0039697955560698
shallow,1024,2,312,-0.0041352675805441
shallow,1024,2,313,-0.0044144745435211
shallow,1024,2,314,-0.0045816829399112
shallow,1024,2,315,-0.0044980971943828
shallow,1024,2,316,-0.0043402694200843
shallow,1024,2,317,-0.0044456558848022
shallow,1024,2,318,-0.0046102949103395
shallow,1024,2,319,-0.0045850715986134
shallow,1024,2,320,-0.0045365581475262
shallow,1024,2,321,-0.0043250533957624
shallow,1024,2,322,-0.0041764640190919
shallow,1024,2,323,-0.0039043013920616
shallow,1024,2,324,-0.0035696376978463
shallow,1024,2,325,-0.0033957399208574
shallow,1024,2,326,-0.0030879188717317
shallow,1024,2,327,-0.002788898730035
shallow,1024,2,328,-0.0027228124416105
shallow,1024,2,329,-0.0026254534625435
shallow,1024,2,330,-0.0026040588827654
shallow,1024,2,331,-0.0026206998213847
shallow,1024,2,332,-0.0026232192696711
shallow,1024,2,333,-0.0025077625451334
shallow,1024,2,334,-0.0023414064859912
shallow,1024,2,335,-0.0020979599617512
shallow,1024,2,336,-0.0019635514404358
shallow,1024,2,337,-0.0017401173653735
shallow,1024,2,338,-0.0017178838300142
shallow,1024,2,339,-0.00179715602657
shallow,1024,2,340,-0.0017458864143383
shallow,1024,2,341,-0.0016824460903484
shallow,1024,2,342,-0.0016660511401294
shallow,1024,2,343,-0.0016970936956533
shallow,1024,2,344,-0.0015502872972688
shallow,1024,2,345,-0.001360701244972
shallow,1024,2,346,-0.0012723783190514
shallow,1024,2,347,-0.0012433990924991
shallow,1024,2,348,-0.0011906753869163
shallow,1024,2,349,-0.0011190255280775
shallow,1024,2,350,-0.0010572645320511
shallow,1024,2,351,-0.0008144162868559
shallow,1024,2,352,-0.000608252973047
shallow,1024,2,353,-0.0005428030603599
shallow,1024,2,354,-0.0003581113063044
shallow,1024,2,355,-0.0001542991189612
shallow,1024,2,356,-0.0001043306831657
shallow,1024,2,357,-0.0001016803804556
shallow,1024,2,358,-6.34314448283396e-05
shallow,1024,2,359,3.38074621760668e-06
shallow,1024,2,360,-3.855539374216562e-05
shallow,1024,2,361,9.31640975556829e-05
shallow,1024,2,362,7.513317966569401e-05
shallow,1024,2,363,-6.446072165220557e-05
shallow,1024,2,364,-0.0003998209896421
shallow,1024,2,365,-0.0008125379745359
shallow,1024,2,366,-0.001340817744369
shallow,1024,2,367,-0.0018545529813009
shallow,1024,2,368,-0.0022556372862971
shallow,1024,2,369,-0.0025573902585829
shallow,1024,2,370,-0.0027285189236905
shallow,1024,2,371,-0.0029479922981583
shallow,1024,2,372,-0.0031756965243246
shallow,1024,2,373,-0.0034354657832906
shallow,1024,2,374,-0.0037835394860646
shallow,1024,2,375,-0.0041194628481079
shallow,1024,2,376,-0.0043975049563065
shallow,1024,2,377,-0.0047451127469886
shallow,1024,2,378,-0.0050339345337856
shallow,1024,2,379,-0.005224529885245
shallow,1024,2,380,-0.0053814356500615
shallow,1024,2,381,-0.0055613588905344
shallow,1024,2,382,-0.0056000839845006
shallow,1024,2,383,-0.0055878700329691
shallow,1024,2,384,-0.0055165241561561
shallow,1024,2,385,-0.0056323206008674
shallow,1024,2,386,-0.0058013058945729
shallow,1024,2,387,-0.005866759291321
shallow,1024,2,388,-0.0057833946886246
shallow,1024,2,389,-0.0056973617637128
shallow,1024,2,390,-0.0057592931614904
shallow,1024,2,391,-0.0057646034221173
shallow,1024,2,392,-0.0057857701681302
shallow,1024,2,393,-0.0059391904304414
shallow,1024,2,394,-0.0058715023843055
shallow,1024,2,395,-0.0058428072935939
shallow,1024,2,396,-0.005942801663813
shallow,1024,2,397,-0.0059264139864472
shallow,1024,2,398,-0.0060981513348592
shallow,1024,2,399,-0.006277162716949
shallow,1024,2,400,-0.006374312329646
shallow,4096,0,0,1.0
shallow,4096,0,1,0.9646140175547386
shallow,4096,0,2,0.9309073599819884
shallow,4096,0,3,0.8986553531926034
shallow,4096,0,4,0.8678837514648491
shallow,4096,0,5,0.8382940934541412
shallow,4096,0,6,0.8098739077606234
shallow,4096,0,7,0.7826686510798513
shallow,4096,0,8,0.7564895038304296
shallow,4096,0,9,0.7315888149240979
shallow,4096,0,10,0.7076738292392988
shallow,4096,0,11,0.6847170380806982
shallow,4096,0,12,0.6627471681179343
shallow,4096,0,13,0.6415104087540353
shallow,4096,0,14,0.6209657027742307
shallow,4096,0,15,0.6013135455899433
shallow,4096,0,16,0.5824734151847296
shallow,4096,0,17,0.5642565310560097
shallow,4096,0,18,0.5468306189519481
shallow,4096,0,19,0.5302294679259452
shallow,4096,0,20,0.5141612789082309
shallow,4096,0,21,0.4985520317985324
shallow,4096,0,22,0.4837348439791989
shallow,4096,0,23,0.4693628223558719
shallow,4096,0,24,0.4555573934054066
shallow,4096,0,25,0.4422532996141064
shallow,4096,0,26,0.4292087976975776
shallow,4096,0,27,0.4167933441232408
shallow,4096,0,28,0.4047149455747997
shallow,4096,0,29,0.3930771680216349
shallow,4096,0,30,0.3819718891978804
shallow,4096,0,31,0.3712634807760549
shallow,4096,0,32,0.361044208672219
shallow,4096,0,33,0.3512547958182299
shallow,4096,0,34,0.3416978739590809
shallow,4096,0,35,0.3323927273067749
shallow,4096,0,36,0.3235164788630965
shallow,4096,0,37,0.3149519829162574
shallow,4096,0,38,0.3066239044951216
shallow,4096,0,39,0.2983352962405205
shallow,4096,0,40,0.2903672688228799
shallow,4096,0,41,0.2825806164488876
shallow,4096,0,42,0.275066194358756
shallow,4096,0,43,0.2679326078646405
shallow,4096,0,44,0.2609505927566257
shallow,4096,0,45,0.2541624848646953
shallow,4096,0,46,0.2477228880770256
shallow,4096,0,47,0.2416755065848845
shallow,4096,0,48,0.2356968522972554
shallow,4096,0,49,0.230012164118746
shallow,4096,0,50,0.2244368376057639
shallow,4096,0,51,0.2191181492250057
shallow,4096,0,52,0.2140111169334543
shallow,4096,0,53,0.2092085478414755
shallow,4096,0,54,0.204417931778216
shallow,4096,0,55,0.199810322484443
shallow,4096,0,56,0.1951711429381505
shallow,4096,0,57,0.1907004001608538
shallow,4096,0,58,0.1865161095545258
shallow,4096,0,59,0.1823523949551815
shallow,4096,0,60,0.1783617255460558
shallow,4096,0,61,0.1745908871993972
shallow,4096,0,62,0.1708426786384678
shallow,4096,0,63,0.1673223634653871
shallow,4096,0,64,0.163645185415673
shallow,4096,0,65,0.1599148187113911
shallow,4096,0,66,0.1564358964868271
shallow,4096,0,67,0.1528755214709063
shallow,4096,0,68,0.1494505414973626
shallow,4096,0,69,0.1460011774356613
shallow,4096,0,70,0.1427510513531142
shallow,4096,0,71,0.1396588759904067
shallow,4096,0,72,0.1366776712693803
shallow,4096,0,73,0.1338018471604697
shallow,4096,0,74,0.1310544403903639
shallow,4096,0,75,0.1284087666224687
shallow,4096,0,76,0.1257758346710285
shallow,4096,0,77,0.1233594331340723
shallow,4096,0,78,0.1210498670946964
shallow,4096,0,79,0.1185836583973347
shallow,4096,0,80,0.1162443371078388
shallow,4096,0,81,0.1139840242610852
shallow,4096,0,82,0.1117608438189143
shallow,4096,0,83,0.1096024028723803
shallow,4096,0,84,0.1073953553971797
shallow,4096,0,85,0.1051464805239104
shallow,4096,0,86,0.1029322705648133
shallow,4096,0,87,0.1008666362560208
shallow,4096,0,88,0.098631414440593
shallow,4096,0,89,0.0965894621465326
shallow,4096,0,90,0.0947984687385362
shallow,4096,0,91,0.0930511855781542
shallow,4096,0,92,0.0911642626440676
shallow,4096,0,93,0.089326128102601
shallow,4096,0,94,0.0874236423413848
shallow,4096,0,95,0.0853791467671183
shallow,4096,0,96,0.0835279121513135
shallow,4096,0,97,0.0818064113824266
shallow,4096,0,98,0.0801400608067711
shallow,4096,0,99,0.0786880716996472
shallow,4096,0,100,0.0773578897329073
shallow,4096,0,101,0.0759530335477993
shallow,4096,0,102,0.0746276696357621
shallow,4096,0,103,0.0734094555894076
shallow,4096,0,104,0.0722240929130543
shallow,4096,0,105,0.0711439073259303
shallow,4096,0,106,0.0698833240798181
shallow,4096,0,107,0.0685652468719549
shallow,4096,0,108,0.0672200087538848
shallow,4096,0,109,0.0658481876236319
shallow,4096,0,110,0.0646184026209951
shallow,4096,0,111,0.063119842610527
shallow,4096,0,112,0.0615754730448611
shallow,4096,0,113,0.0600653331883439
shallow,4096,0,114,0.0585887728869879
shallow,4096,0,115,0.0570841817567808
shallow,4096,0,116,0.0557820952266302
shallow,4096,0,117,0.0547149567285644
shallow,4096,0,118,0.0539909436535118
shallow,4096,0,119,0.0533049842832489
shallow,4096,0,120,0.0527960224383677
shallow,4096,0,121,0.0522109863314303
shallow,4096,0,122,0.051538099645434
shallow,4096,0,123,0.0507995314321942
shallow,4096,0,124,0.0498250707249294
shallow,4096,0,125,0.0487556768095434
shallow,4096,0,126,0.0477338697551293
shallow,4096,0,127,0.046767673193896
shallow,4096,0,128,0.0459127149259054
shallow,4096,0,129,0.0449713778417152
shallow,4096,0,130,0.0440130133131353
shallow,4096,0,131,0.0431087828304377
shallow,4096,0,132,0.0424155922588488
shallow,4096,0,133,0.041628192972206
shallow,4096,0,134,0.0408292431067152
shallow,4096,0,135,0.0401206236528897
shallow,4096,0,136,0.0392356099461044
shallow,4096,0,137,0.0383423504423103
shallow,4096,0,138,0.0373822601470145
shallow,4096,0,139,0.0363698588085073
shallow,4096,0,140,0.0353737163294983
shallow,4096,0,141,0.03454122101739
shallow,4096,0,142,0.0337083619826388
shallow,4096,0,143,0.0328885461496404
shallow,4096,0,144,0.0320187739063837
shallow,4096,0,145,0.0312523353154342
shallow,4096,0,146,0.0305015351040679
shallow,4096,0,147,0.0297430384233114
shallow,4096,0,148,0.0289226308214648
shallow,4096,0,149,0.0281791645895572
shallow,4096,0,150,0.0274695594173796
shallow,4096,0,151,0.026759329489497
shallow,4096,0,152,0.0261431240519188
shallow,4096,0,153,0.0254972700495584
shallow,4096,0,154,0.0249789782499379
shallow,4096,0,155,0.0243926209658965
shallow,4096,0,156,0.0238646201424319
shallow,4096,0,157,0.0233320593856861
shallow,4096,0,158,0.0227668269349635
shallow,4096,0,159,0.0223123161416748
shallow,4096,0,160,0.0221649022764398
shallow,4096,0,161,0.0219953757238332
shallow,4096,0,162,0.0217006395799582
shallow,4096,0,163,0.0214084743111365
shallow,4096,0,164,0.0210634023481209
shallow,4096,0,165,0.0207113970244673
shallow,4096,0,166,0.0205850679504602
shallow,4096,0,167,0.0203202518948837
shallow,4096,0,168,0.0202794444646583
shallow,4096,0,169,0.020394761298093
shallow,4096,0,170,0.0205679753365675
shallow,4096,0,171,0.0205364048915324
shallow,4096,0,172,0.0203985282579507
shallow,4096,0,173,0.0203999814427467
shallow,4096,0,174,0.0203061266616137
shallow,4096,0,175,0.0200382830331294
shallow,4096,0,176,0.0197315817074669
shallow,4096,0,177,0.0194826860967465
shallow,4096,0,178,0.0191073536912404
shallow,4096,0,179,0.0187819161010946
shallow,4096,0,180,0.0183726354071932
shallow,4096,0,181,0.0179681116017161
shallow,4096,0,182,0.0173803525055742
shallow,4096,0,183,0.0166942329293405
shallow,4096,0,184,0.0161745661729333
shallow,4096,0,185,0.0158136483083098
shallow,4096,0,186,0.0153148969637472
shallow,4096,0,187,0.0147358231725995
shallow,4096,0,188,0.0142099777408422
shallow,4096,0,189,0.0136083330537682
shallow,4096,0,190,0.0130566531783249
shallow,4096,0,191,0.0125467410529522
shallow,4096,0,192,0.0123561118153389
shallow,4096,0,193,0.0122215858473497
shallow,4096,0,194,0.0119693561714646
shallow,4096,0,195,0.0117962735563514
shallow,4096,0,196,0.0116541192656826
shallow,4096,0,197,0.0117814336355235
shallow,4096,0,198,0.0117274651350889
shallow,4096,0,199,0.0115870375413732
shallow,4096,0,200,0.0114520384001564
shallow,4096,0,201,0.0113177922802185
shallow,4096,0,202,0.0110492703201202
shallow,4096,0,203,0.0106912116686767
shallow,4096,0,204,0.0102064761690155
shallow,4096,0,205,0.0096989641709193
shallow,4096,0,206,0.0091674928600942
shallow,4096,0,207,0.0087579667456383
shallow,4096,0,208,0.0084033155647091
shallow,4096,0,209,0.0079250048218258
shallow,4096,0,210,0.0075163040125436
shallow,4096,0,211,0.0071718859301202
shallow,4096,0,212,0.0068909949342357
shallow,4096,0,213,0.0066271058980044
shallow,4096,0,214,0.0063272220268132
shallow,4096,0,215,0.0061636029729061
shallow,4096,0,216,0.0059821983637314
shallow,4096,0,217,0.0058868718994372
shallow,4096,0,218,0.0057345100761744
shallow,4096,0,219,0.0055866489653338
shallow,4096,0,220,0.0054146962235886
shallow,4096,0,221,0.0052694279214394
shallow,4096,0,222,0.0052046886030546
shallow,4096,0,223,0.0053448355896105
shallow,4096,0,224,0.0052742956329669
shallow,4096,0,225,0.0051755506407043
shallow,4096,0,226,0.0050337140740766
shallow,4096,0,227,0.0049909388099176
shallow,4096,0,228,0.0047887294364568
shallow,4096,0,229,0.004588168048405
shallow,4096,0,230,0.0045800836197615
shallow,4096,0,231,0.0045829462580702
shallow,4096,0,232,0.0045679514295052
shallow,4096,0,233,0.0046024641634422
shallow,4096,0,234,0.0046270345120671
shallow,4096,0,235,0.0048024264614488
shallow,4096,0,236,0.0048504810234868
shallow,4096,0,237,0.0048528255497938
shallow,4096,0,238,0.0047560124694597
shallow,4096,0,239,0.0047224962851387
shallow,4096,0,240,0.0046969601067828
shallow,4096,0,241,0.0046759862358255
shallow,4096,0,242,0.0048079194051618
shallow,4096,0,243,0.0048292681894694
shallow,4096,0,244,0.0048589435355461
shallow,4096,0,245,0.0048523237362999
shallow,4096,0,246,0.004786549513869
shallow,4096,0,247,0.0047934776828234
shallow,4096,0,248,0.0049826501467782
shallow,4096,0,249,0.0049951651929804
shallow,4096,0,250,0.0050129552149155
shallow,4096,0,251,0.0049524878215675
shallow,4096,0,252,0.0048266333148482
shallow,4096,0,253,0.0046106992982407
shallow,4096,0,254,0.0042123331380662
shallow,4096,0,255,0.003880902900256
shallow,4096,0,256,0.0036180956395041
shallow,4096,0,257,0.0034481826463337
shallow,4096,0,258,0.0032792173199561
shallow,4096,0,259,0.0030609747258116
shallow,4096,0,260,0.0030066588680612
shallow,4096,0,261,0.0028350820415533
shallow,4096,0,262,0.0028009438595368
shallow,4096,0,263,0.0027694586933921
shallow,4096,0,264,0.002706764413059
shallow,4096,0,265,0.0026395941184204
shallow,4096,0,266,0.0024603478682219
shallow,4096,0,267,0.0024103134970403
shallow,4096,0,268,0.0024456650689939
shallow,4096,0,269,0.002416022668947
shallow,4096,0,270,0.0021768391686396
shallow,4096,0,271,0.0018795615430986
shallow,4096,0,272,0.0017855380912715
shallow,4096,0,273,0.0019114919779056
shallow,4096,0,274,0.0022029720370803
shallow,4096,0,275,0.0025541453250671
shallow,4096,0,276,0.0027866851354874
shallow,4096,0,277,0.0031849469402128
shallow,4096,0,278,0.0034392422371206
shallow,4096,0,279,0.0038897917448079
shallow,4096,0,280,0.0043031812107302
shallow,4096,0,281,0.0047265130772962
shallow,4096,0,282,0.0052121978670956
shallow,4096,0,283,0.0058036514891347
shallow,4096,0,284,0.0063284255006855
shallow,4096,0,285,0.0067500044468387
shallow,4096,0,286,0.0071699255139877
shallow,4096,0,287,0.0075124026791225
shallow,4096,0,288,0.0077054334903016
shallow,4096,0,289,0.0078624383134012
shallow,4096,0,290,0.0079057317932352
shallow,4096,0,291,0.0079585815355242
shallow,4096,0,292,0.0078744761755849
shallow,4096,0,293,0.0077501159922482
shallow,4096,0,294,0.0077362442635166
shallow,4096,0,295,0.0077810772104972
shallow,4096,0,296,0.00771990394002
shallow,4096,0,297,0.0076546876032854
shallow,4096,0,298,0.0077804729074532
shallow,4096,0,299,0.0078413520778781
shallow,4096,0,300,0.0078087248073324
shallow,4096,0,301,0.0075464952307906
shallow,4096,0,302,0.0071794760787064
shallow,4096,0,303,0.0066912663308182
shallow,4096,0,304,0.006109726521758
shallow,4096,0,305,0.0056223160118457
shallow,4096,0,306,0.0052761518517519
shallow,4096,0,307,0.005141986017749
shallow,4096,0,308,0.0049302556027464
shallow,4096,0,309,0.0046469853827728
shallow,4096,0,310,0.004463820991362
shallow,4096,0,311,0.0042162235545531
shallow,4096,0,312,0.0040034096629186
shallow,4096,0,313,0.0037767738314268
shallow,4096,0,314,0.0036547363779816
shallow,4096,0,315,0.003611661377549
shallow,4096,0,316,0.00347616886948
shallow,4096,0,317,0.0031876156827136
shallow,4096,0,318,0.0028743168202662
shallow,4096,0,319,0.0024028595513173
shallow,4096,0,320,0.0019848724888227
shallow,4096,0,321,0.0018160983673241
shallow,4096,0,322,0.0015898929474818
shallow,4096,0,323,0.0012303030058952
shallow,4096,0,324,0.0009460240858937
shallow,4096,0,325,0.000833402063833
shallow,4096,0,326,0.0007113779415834
shallow,4096,0,327,0.0006605899635154
shallow,4096,0,328,0.0007525756405921
shallow,4096,0,329,0.0009311356682972
shallow,4096,0,330,0.0009866329978991
shallow,4096,0,331,0.0011059188009167
shallow,4096,0,332,0.0011652590325195
shallow,4096,0,333,0.0013212104697119
shallow,4096,0,334,0.0014219707583836
shallow,4096,0,335,0.0016095907897484
shallow,4096,0,336,0.0017197286450984
shallow,4096,0,337,0.0018350426571056
shallow,4096,0,338,0.0021605503208634
shallow,4096,0,339,0.0024431250158125
shallow,4096,0,340,0.002731985095678
shallow,4096,0,341,0.0027192325292417
shallow,4096,0,342,0.0028808919531089
shallow,4096,0,343,0.0029100794663351
shallow,4096,0,344,0.0028639652724905
shallow,4096,0,345,0.002911212157495
shallow,4096,0,346,0.0029915104841171
shallow,4096,0,347,0.0031621599320032
shallow,4096,0,348,0.0032963147014339
shallow,4096,0,349,0.0034354233391135
shallow,4096,0,350,0.0036268090665145
shallow,4096,0,351,0.0039596874184541
shallow,4096,0,352,0.0040640699885996
shallow,4096,0,353,0.0041304997757666
shallow,4096,0,354,0.004100608616583
shallow,4096,0,355,0.0040738917842748
shallow,4096,0,356,0.004014972988412
shallow,4096,0,357,0.0037445496374165
shallow,4096,0,358,0.0035767522503827
shallow,4096,0,359,0.0033645893357196
shallow,4096,0,360,0.0030899097957584
shallow,4096,0,361,0.0028387469845344
shallow,4096,0,362,0.0025528384262201
shallow,4096,0,363,0.0022417888705222
shallow,4096,0,364,0.0018742747076602
shallow,4096,0,365,0.001636891403509
shallow,4096,0,366,0.0014505213255273
shallow,4096,0,367,0.001023173620021
shallow,4096,0,368,0.0004931185757888
shallow,4096,0,369,-1.399773699334219e-06
shallow,4096,0,370,-0.0004624001175731
shallow,4096,0,371,-0.0008761139412753
shallow,4096,0,372,-0.0012287673673932
shallow,4096,0,373,-0.0016109209692907
shallow,4096,0,374,-0.0020887819709036
shallow,4096,0,375,-0.0024794570438181
shallow,4096,0,376,-0.0027803600412544
shallow,4096,0,377,-0.0032771477593816
shallow,4096,0,378,-0.0034551483225266
shallow,4096,0,379,-0.0037872272468747
shallow,4096,0,380,-0.0040725777271693
shallow,4096,0,381,-0.0043161435648014
shallow,4096,0,382,-0.0045278300811859
shallow,4096,0,383,-0.0047379136871597
shallow,4096,0,384,-0.0050239078092039
shallow,4096,0,385,-0.0052533097271236
shallow,4096,0,386,-0.0055834455749768
shallow,4096,0,387,-0.0058698969794476
shallow,4096,0,388,-0.0060827134444486
shallow,4096,0,389,-0.0062499232898495
shallow,4096,0,390,-0.006413513620346
shallow,4096,0,391,-0.006486583621398
shallow,4096,0,392,-0.0063710675555108
shallow,4096,0,393,-0.0062110262490459
shallow,4096,0,394,-0.0060835418941316
shallow,4096,0,395,-0.0057909798647795
shallow,4096,0,396,-0.0053576420970116
shallow,4096,0,397,-0.0048847239860801
shallow,4096,0,398,-0.0045558841829914
shallow,4096,0,399,-0.0041494715740154
shallow,4096,0,400,-0.0038218755842463
shallow,4096,1,0,1.0
shallow,4096,1,1,0.966940511487628
shallow,4096,1,2,0.9353321794334336
shallow,4096,1,3,0.9050291052535004
shallow,4096,1,4,0.8759386358889217
shallow,4096,1,5,0.8479901074028622
shallow,4096,1,6,0.8213675291833866
shallow,4096,1,7,0.7958136279119241
shallow,4096,1,8,0.7714277861590774
shallow,4096,1,9,0.7480356592909194
shallow,4096,1,10,0.725603600339294
shallow,4096,1,11,0.7040044219269966
shallow,4096,1,12,0.6831707348288483
shallow,4096,1,13,0.6631850418970526
shallow,4096,1,14,0.6439750576115174
shallow,4096,1,15,0.6255461089832128
shallow,4096,1,16,0.6076285457514543
shallow,4096,1,17,0.5904275039124738
shallow,4096,1,18,0.5739408866683766
shallow,4096,1,19,0.558186633028097
shallow,4096,1,20,0.5428622674428942
shallow,4096,1,21,0.527864557400001
shallow,4096,1,22,0.5133644171922636
shallow,4096,1,23,0.4992812047511665
shallow,4096,1,24,0.4857362987195291
shallow,4096,1,25,0.4727408380258346
shallow,4096,1,26,0.46010818425644
shallow,4096,1,27,0.4479424089226086
shallow,4096,1,28,0.4361754631137379
shallow,4096,1,29,0.4248797390565685
shallow,4096,1,30,0.4139331698539772
shallow,4096,1,31,0.4033680345803109
shallow,4096,1,32,0.3932240422992896
shallow,4096,1,33,0.3832953839433431
shallow,4096,1,34,0.3736103551485267
shallow,4096,1,35,0.3642481761349728
shallow,4096,1,36,0.3550767091613996
shallow,4096,1,37,0.3462560442115296
shallow,4096,1,38,0.3376896938658212
shallow,4096,1,39,0.3292667288280912
shallow,4096,1,40,0.3210130659471845
shallow,4096,1,41,0.3129926626704737
shallow,4096,1,42,0.3052301221113156
shallow,4096,1,43,0.2976962346819129
shallow,4096,1,44,0.2904727722346055
shallow,4096,1,45,0.283396160291327
shallow,4096,1,46,0.2764188303031237
shallow,4096,1,47,0.2698220063873361
shallow,4096,1,48,0.2635801502846134
shallow,4096,1,49,0.257457240285961
shallow,4096,1,50,0.2514500863654914
shallow,4096,1,51,0.245563745138765
shallow,4096,1,52,0.239860370063044
shallow,4096,1,53,0.2343540629177296
shallow,4096,1,54,0.2290850635118422
shallow,4096,1,55,0.2238617367514972
shallow,4096,1,56,0.2188644567727915
shallow,4096,1,57,0.2140478671510539
shallow,4096,1,58,0.2092935123376038
shallow,4096,1,59,0.2047897240561981
shallow,4096,1,60,0.2004021320110366
shallow,4096,1,61,0.1961984662600085
shallow,4096,1,62,0.1920116858449941
shallow,4096,1,63,0.187949982516126
shallow,4096,1,64,0.1838273558013702
shallow,4096,1,65,0.1797044017726872
shallow,4096,1,66,0.1756382953109517
shallow,4096,1,67,0.1714839250725904
shallow,4096,1,68,0.1672736451714178
shallow,4096,1,69,0.1633776710104277
shallow,4096,1,70,0.1595882377691808
shallow,4096,1,71,0.1558486232092747
shallow,4096,1,72,0.1522718294987161
shallow,4096,1,73,0.1488181480269851
shallow,4096,1,74,0.1455074751995794
shallow,4096,1,75,0.1423756464632251
shallow,4096,1,76,0.1393806926758914
shallow,4096,1,77,0.1365247382908382
shallow,4096,1,78,0.1336673397959661
shallow,4096,1,79,0.1310456659019793
shallow,4096,1,80,0.1286266159102562
shallow,4096,1,81,0.1262502757141833
shallow,4096,1,82,0.124036626362399
shallow,4096,1,83,0.121761551165581
shallow,4096,1,84,0.1196230408708355
shallow,4096,1,85,0.1174956957089521
shallow,4096,1,86,0.1155186137842645
shallow,4096,1,87,0.1137707837820991
shallow,4096,1,88,0.1118708819937049
shallow,4096,1,89,0.1101421870387755
shallow,4096,1,90,0.108348528619655
shallow,4096,1,91,0.1066712739278342
shallow,4096,1,92,0.104978473122018
shallow,4096,1,93,0.103461838753796
shallow,4096,1,94,0.1018084122210616
shallow,4096,1,95,0.1003190066994023
shallow,4096,1,96,0.0988515948689806
shallow,4096,1,97,0.0973154722583691
shallow,4096,1,98,0.0958373021689928
shallow,4096,1,99,0.0944917016453389
shallow,4096,1,100,0.0932664629360491
shallow,4096,1,101,0.092039568487953
shallow,4096,1,102,0.0909926999707226
shallow,4096,1,103,0.0899887178822468
shallow,4096,1,104,0.0889854919498555
shallow,4096,1,105,0.0877466850725802
shallow,4096,1,106,0.0863755353824356
shallow,4096,1,107,0.0851140945142212
shallow,4096,1,108,0.0837540518642125
shallow,4096,1,109,0.0826106527225242
shallow,4096,1,110,0.0816262285307224
shallow,4096,1,111,0.080505592279045
shallow,4096,1,112,0.0793604733464378
shallow,4096,1,113,0.0781889326175239
shallow,4096,1,114,0.0772186274266938
shallow,4096,1,115,0.0762335771498682
shallow,4096,1,116,0.0752210950160103
shallow,4096,1,117,0.0741049357285259
shallow,4096,1,118,0.073018478365531
shallow,4096,1,119,0.0721522547484498
shallow,4096,1,120,0.0713011207148805
shallow,4096,1,121,0.0702519848424676
shallow,4096,1,122,0.069048773205791
shallow,4096,1,123,0.0679550429967494
shallow,4096,1,124,0.0668763225544702
shallow,4096,1,125,0.065744448483334
shallow,4096,1,126,0.064694183707845
shallow,4096,1,127,0.0636280838999448
shallow,4096,1,128,0.0626557186984674
shallow,4096,1,129,0.0616301170327357
shallow,4096,1,130,0.0606833193175076
shallow,4096,1,131,0.059663121126025
shallow,4096,1,132,0.0586826709006601
shallow,4096,1,133,0.0577750664251009
shallow,4096,1,134,0.0569456546960219
shallow,4096,1,135,0.0560402073499627
shallow,4096,1,136,0.0552203480053064
shallow,4096,1,137,0.0543792347114402
shallow,4096,1,138,0.0534172576274529
shallow,4096,1,139,0.0525146378437284
shallow,4096,1,140,0.0516689264975497
shallow,4096,1,141,0.0506772115043961
shallow,4096,1,142,0.0497206622697499
shallow,4096,1,143,0.0486355765411398
shallow,4096,1,144,0.0474060161081377
shallow,4096,1,145,0.046240721671611
shallow,4096,1,146,0.0450751394193023
shallow,4096,1,147,0.0440733321510451
shallow,4096,1,148,0.0430868937655248
shallow,4096,1,149,0.0420985684404372
shallow,4096,1,150,0.0410718889404683
shallow,4096,1,151,0.0401317637387659
shallow,4096,1,152,0.0391017089662837
shallow,4096,1,153,0.0380936116345238
shallow,4096,1,154,0.0372263038785019
shallow,4096,1,155,0.0362900970682902
shallow,4096,1,156,0.0353478913917105
shallow,4096,1,157,0.0343494974631744
shallow,4096,1,158,0.0333665903723451
shallow,4096,1,159,0.0321647408370618
shallow,4096,1,160,0.0311644050553725
shallow,4096,1,161,0.0301010713546772
shallow,4096,1,162,0.0289968879435358
shallow,4096,1,163,0.0278066035644418
shallow,4096,1,164,0.0265705821478096
shallow,4096,1,165,0.0253485243062086
shallow,4096,1,166,0.0243517347697905
shallow,4096,1,167,0.0233920777528787
shallow,4096,1,168,0.0224550321831795
shallow,4096,1,169,0.0216418777493777
shallow,4096,1,170,0.0209226549336514
shallow,4096,1,171,0.0203687067036789
shallow,4096,1,172,0.0201459652328319
shallow,4096,1,173,0.0200477622757929
shallow,4096,1,174,0.0198565225180505
shallow,4096,1,175,0.0197572343635087
shallow,4096,1,176,0.0195006032456729
shallow,4096,1,177,0.0191437902716596
shallow,4096,1,178,0.0187220619216488
shallow,4096,1,179,0.0184081544241457
shallow,4096,1,180,0.0181093705357606
shallow,4096,1,181,0.0176322286082741
shallow,4096,1,182,0.0172449080744999
shallow,4096,1,183,0.0168373195581993
shallow,4096,1,184,0.0163857880063843
shallow,4096,1,185,0.0158141661660009
shallow,4096,1,186,0.0152962878074531
shallow,4096,1,187,0.0147399829738643
shallow,4096,1,188,0.0141841282689065
shallow,4096,1,189,0.0135693972789945
shallow,4096,1,190,0.0131339752197254
shallow,4096,1,191,0.0126308703134502
shallow,4096,1,192,0.0123154245595559
shallow,4096,1,193,0.0120563797648449
shallow,4096,1,194,0.0119595024921371
shallow,4096,1,195,0.0117214236471402
shallow,4096,1,196,0.0114924346008812
shallow,4096,1,197,0.0112774901123288
shallow,4096,1,198,0.0108622745745891
shallow,4096,1,199,0.0104296590101726
shallow,4096,1,200,0.0099304973847953
shallow,4096,1,201,0.0094137387281213
shallow,4096,1,202,0.0089942428432494
shallow,4096,1,203,0.0087702843307612
shallow,4096,1,204,0.0086632800493171
shallow,4096,1,205,0.0086613616145655
shallow,4096,1,206,0.0087027943353453
shallow,4096,1,207,0.0087120811483939
shallow,4096,1,208,0.008813375838833
shallow,4096,1,209,0.0088872637863128
shallow,4096,1,210,0.0089732451032448
shallow,4096,1,211,0.0092061774543444
shallow,4096,1,212,0.0094003016487905
shallow,4096,1,213,0.0096088925996155
shallow,4096,1,214,0.0099119776346349
shallow,4096,1,215,0.0102940239188134
shallow,4096,1,216,0.0105651547003439
shallow,4096,1,217,0.0108620733782058
shallow,4096,1,218,0.0109253410649553
shallow,4096,1,219,0.0110188426304109
shallow,4096,1,220,0.0110156970845561
shallow,4096,1,221,0.0110278867326932
shallow,4096,1,222,0.0109326740962395
shallow,4096,1,223,0.0107066366591599
shallow,4096,1,224,0.0104241222409012
shallow,4096,1,225,0.0101656830288774
shallow,4096,1,226,0.0099880419620363
shallow,4096,1,227,0.0098626731111251
shallow,4096,1,228,0.0097251162030213
shallow,4096,1,229,0.0096158902087343
shallow,4096,1,230,0.0095383177320502
shallow,4096,1,231,0.0094927558191994
shallow,4096,1,232,0.0093551902567809
shallow,4096,1,233,0.0092076324294211
shallow,4096,1,234,0.0089791774391143
shallow,4096,1,235,0.0089260253453094
shallow,4096,1,236,0.0088434963296334
shallow,4096,1,237,0.0085517592644609
shallow,4096,1,238,0.0083352612879075
shallow,4096,1,239,0.0080929493317337
shallow,4096,1,240,0.0078585057491382
shallow,4096,1,241,0.0078332252083845
shallow,4096,1,242,0.0077384343467736
shallow,4096,1,243,0.007694151409684
shallow,4096,1,244,0.0076509404958955
shallow,4096,1,245,0.007555199193354
shallow,4096,1,246,0.0076012717097085
shallow,4096,1,247,0.0075768500737862
shallow,4096,1,248,0.0075498909247311
shallow,4096,1,249,0.0076510676808012
shallow,4096,1,250,0.007650232744856
shallow,4096,1,251,0.007739025990649
shallow,4096,1,252,0.0078912090884316
shallow,4096,1,253,0.0080017160741753
shallow,4096,1,254,0.008028760034534
shallow,4096,1,255,0.0081803134510494
shallow,4096,1,256,0.0082977437131622
shallow,4096,1,257,0.0085013827894935
shallow,4096,1,258,0.0085168317652654
shallow,4096,1,259,0.0086107345349081
shallow,4096,1,260,0.0088394759418267
shallow,4096,1,261,0.0090203399987793
shallow,4096,1,262,0.0091580382779676
shallow,4096,1,263,0.0092381734760953
shallow,4096,1,264,0.0092499364406985
shallow,4096,1,265,0.0092010096595144
shallow,4096,1,266,0.0091916110094283
shallow,4096,1,267,0.009064557705619
shallow,4096,1,268,0.0088953663620446
shallow,4096,1,269,0.0085486712058813
shallow,4096,1,270,0.0080893198439455
shallow,4096,1,271,0.0076058116074349
shallow,4096,1,272,0.0071031103147134
shallow,4096,1,273,0.0066703739397781
shallow,4096,1,274,0.0065925386025339
shallow,4096,1,275,0.0065368603769989
shallow,4096,1,276,0.0065656016745845
shallow,4096,1,277,0.0065609707796482
shallow,4096,1,278,0.0065153838922331
shallow,4096,1,279,0.0064866704669391
shallow,4096,1,280,0.0064864312121
shallow,4096,1,281,0.0062770392737275
shallow,4096,1,282,0.0062253133485622
shallow,4096,1,283,0.0062784870154275
shallow,4096,1,284,0.0063854081265019
shallow,4096,1,285,0.0062823797063909
shallow,4096,1,286,0.0062036885344837
shallow,4096,1,287,0.0059638178672648
shallow,4096,1,288,0.0055831501990302
shallow,4096,1,289,0.0050155584047228
shallow,4096,1,290,0.0045076696296654
shallow,4096,1,291,0.0040987936180066
shallow,4096,1,292,0.0036156210833728
shallow,4096,1,293,0.0032689921801804
shallow,4096,1,294,0.0029466404150741
shallow,4096,1,295,0.0027641833529795
shallow,4096,1,296,0.0026611379600743
shallow,4096,1,297,0.0025084934783117
shallow,4096,1,298,0.002325108056864
shallow,4096,1,299,0.0021515091458735
shallow,4096,1,300,0.0020642138216017
shallow,4096,1,301,0.0020327982391486
shallow,4096,1,302,0.002060405890103
shallow,4096,1,303,0.0019804177337716
shallow,4096,1,304,0.0018678427255393
shallow,4096,1,305,0.0019097615442528
shallow,4096,1,306,0.0019935427545396
shallow,4096,1,307,0.002225667161443
shallow,4096,1,308,0.0023975612947535
shallow,4096,1,309,0.0025901654025149
shallow,4096,1,310,0.002914866127421
shallow,4096,1,311,0.0031554242398636
shallow,4096,1,312,0.003136522104462
shallow,4096,1,313,0.0030821650747745
shallow,4096,1,314,0.003173793254708
shallow,4096,1,315,0.0032024659454837
shallow,4096,1,316,0.0031519258667546
shallow,4096,1,317,0.00314079444527
shallow,4096,1,318,0.0031417468190658
shallow,4096,1,319,0.0028973126935809
shallow,4096,1,320,0.002646404684923
shallow,4096,1,321,0.0024322612964778
shallow,4096,1,322,0.0021702938127301
shallow,4096,1,323,0.0020169170594919
shallow,4096,1,324,0.0019935187513117
shallow,4096,1,325,0.0017787922517463
shallow,4096,1,326,0.0015861177952764
shallow,4096,1,327,0.0015353191421931
shallow,4096,1,328,0.0013689420380517
shallow,4096,1,329,0.0011027876562865
shallow,4096,1,330,0.001132343193079
shallow,4096,1,331,0.0011899201649729
shallow,4096,1,332,0.0011634089425969
shallow,4096,1,333,0.0011035337761839
shallow,4096,1,334,0.0010092304674662
shallow,4096,1,335,0.0009042892896512
shallow,4096,1,336,0.0007078460487348
shallow,4096,1,337,0.0005295128732292
shallow,4096,1,338,0.0003908120700227
shallow,4096,1,339,0.0004937910936953
shallow,4096,1,340,0.0005436328802326
shallow,4096,1,341,0.0005199807791537
shallow,4096,1,342,0.0004827491585678
shallow,4096,1,343,0.0003538471479948
shallow,4096,1,344,0.0002475363236469
shallow,4096,1,345,-0.0001321565237625
shallow,4096,1,346,-0.000382540934284
shallow,4096,1,347,-0.0006060214567977
shallow,4096,1,348,-0.0008530991658746
shallow,4096,1,349,-0.0009606817717415
shallow,4096,1,350,-0.0010682142047927
shallow,4096,1,351,-0.0010115390154735
shallow,4096,1,352,-0.0009483296343758
shallow,4096,1,353,-0.0009648912867052
shallow,4096,1,354,-0.0008741039866919
shallow,4096,1,355,-0.000756812810797
shallow,4096,1,356,-0.0007736272285013
shallow,4096,1,357,-0.0009448659176965
shallow,4096,1,358,-0.0011639805473233
shallow,4096,1,359,-0.0012554875301635
shallow,4096,1,360,-0.0014212004933474
shallow,4096,1,361,-0.0015770883803805
shallow,4096,1,362,-0.0016846600681745
shallow,4096,1,363,-0.0017590024853809
shallow,4096,1,364,-0.0016692805181805
shallow,4096,1,365,-0.0015800578870692
shallow,4096,1,366,-0.001450603527521
shallow,4096,1,367,-0.0014843018884874
shallow,4096,1,368,-0.0015491569167891
shallow,4096,1,369,-0.0018008944723926
shallow,4096,1,370,-0.0020358923870294
shallow,4096,1,371,-0.0022753464436527
shallow,4096,1,372,-0.0025635277315777
shallow,4096,1,373,-0.0028781439988527
shallow,4096,1,374,-0.0030627822659109
shallow,4096,1,375,-0.0031771032455389
shallow,4096,1,376,-0.0032852037100027
shallow,4096,1,377,-0.0033234338155734
shallow,4096,1,378,-0.0033255905589028
shallow,4096,1,379,-0.0032068757801095
shallow,4096,1,380,-0.0030286414303618
shallow,4096,1,381,-0.0029060969720762
shallow,4096,1,382,-0.0026671679083863
shallow,4096,1,383,-0.0024532008525448
shallow,4096,1,384,-0.0021960993753842
shallow,4096,1,385,-0.0020950425752774
shallow,4096,1,386,-0.0020529276152982
shallow,4096,1,387,-0.0020163638760398
shallow,4096,1,388,-0.0018747946897198
shallow,4096,1,389,-0.0017447672665548
shallow,4096,1,390,-0.001642759771586
shallow,4096,1,391,-0.0015487363843684
shallow,4096,1,392,-0.0017349257957237
shallow,4096,1,393,-0.0018291645219311
shallow,4096,1,394,-0.0020209655999252
shallow,4096,1,395,-0.0022754502322634
shallow,4096,1,396,-0.0025734837021619
shallow,4096,1,397,-0.0028076505478909
shallow,4096,1,398,-0.0030538163084633
shallow,4096,1,399,-0.0032647339358958
shallow,4096,1,400,-0.0035380615811361
shallow,4096,2,0,1.0
shallow,4096,2,1,0.9660775950609708
shallow,4096,2,2,0.9336812324145491
shallow,4096,2,3,0.9027142504334662
shallow,4096,2,4,0.8729169415563315
shallow,4096,2,5,0.8444541504590535
shallow,4096,2,6,0.8171530506762545
shallow,4096,2,7,0.791043829930532
shallow,4096,2,8,0.7658709237070309
shallow,4096,2,9,0.741825969804729
shallow,4096,2,10,0.7188746360708628
shallow,4096,2,11,0.6967826412707172
shallow,4096,2,12,0.6756779865412464
shallow,4096,2,13,0.655337237696834
shallow,4096,2,14,0.6358171468246647
shallow,4096,2,15,0.6169957945503095
shallow,4096,2,16,0.5987130007619319
shallow,4096,2,17,0.5810767277292426
shallow,4096,2,18,0.5639945024032851
shallow,4096,2,19,0.5475862609204771
shallow,4096,2,20,0.5318983647389499
shallow,4096,2,21,0.5167559556980383
shallow,4096,2,22,0.502111029555449
shallow,4096,2,23,0.4878380250649169
shallow,4096,2,24,0.4740415077151801
shallow,4096,2,25,0.460575939787431
shallow,4096,2,26,0.4474086956696131
shallow,4096,2,27,0.4347277788855594
shallow,4096,2,28,0.4225242364945772
shallow,4096,2,29,0.4108774315170101
shallow,4096,2,30,0.3997290897746155
shallow,4096,2,31,0.3888246241170963
shallow,4096,2,32,0.3783204585306658
shallow,4096,2,33,0.3680474584537967
shallow,4096,2,34,0.358183021797608
shallow,4096,2,35,0.3485079618285221
shallow,4096,2,36,0.339262613907745
shallow,4096,2,37,0.3300554581492821
shallow,4096,2,38,0.3212170330404849
shallow,4096,2,39,0.3126981839065227
shallow,4096,2,40,0.304390492711893
shallow,4096,2,41,0.2963863886802435
shallow,4096,2,42,0.2885669056741322
shallow,4096,2,43,0.2810609648557511
shallow,4096,2,44,0.2739359131921746
shallow,4096,2,45,0.2669253310070087
shallow,4096,2,46,0.2601960161980178
shallow,4096,2,47,0.2537147689039524
shallow,4096,2,48,0.2475377939245983
shallow,4096,2,49,0.2416045162795057
shallow,4096,2,50,0.2358062395733218
shallow,4096,2,51,0.2299871179368807
shallow,4096,2,52,0.2241510841334595
shallow,4096,2,53,0.218580056515207
shallow,4096,2,54,0.2132322140852077
shallow,4096,2,55,0.2079113757054324
shallow,4096,2,56,0.2029006512911984
shallow,4096,2,57,0.1982133269185019
shallow,4096,2,58,0.193614922248678
shallow,4096,2,59,0.1890587697787267
shallow,4096,2,60,0.1845593189895604
shallow,4096,2,61,0.1801801969055178
shallow,4096,2,62,0.1760476650449045
shallow,4096,2,63,0.1719771271741601
shallow,4096,2,64,0.1680827923935922
shallow,4096,2,65,0.1644182515935375
shallow,4096,2,66,0.1608114869552317
shallow,4096,2,67,0.1573435404161414
shallow,4096,2,68,0.153999963990395
shallow,4096,2,69,0.1509013725550249
shallow,4096,2,70,0.1479866792014404
shallow,4096,2,71,0.1451489286400002
shallow,4096,2,72,0.142304687970795
shallow,4096,2,73,0.1393626194471364
shallow,4096,2,74,0.1367110367326079
shallow,4096,2,75,0.134304118549486
shallow,4096,2,76,0.1317722764634863
shallow,4096,2,77,0.1293761801085699
shallow,4096,2,78,0.1269545525766309
shallow,4096,2,79,0.1245820068571983
shallow,4096,2,80,0.1221844193378045
shallow,4096,2,81,0.11979495640317
shallow,4096,2,82,0.1176099724448925
shallow,4096,2,83,0.1156532099045549
shallow,4096,2,84,0.1139044332969823
shallow,4096,2,85,0.1121254547710283
shallow,4096,2,86,0.1103730515049565
shallow,4096,2,87,0.1085180155049992
shallow,4096,2,88,0.1068027436661593
shallow,4096,2,89,0.1051338389266576
shallow,4096,2,90,0.10339817658819
shallow,4096,2,91,0.1015282742921242
shallow,4096,2,92,0.099832714485785
shallow,4096,2,93,0.0982851172309163
shallow,4096,2,94,0.0966949178250553
shallow,4096,2,95,0.0952236498439221
shallow,4096,2,96,0.0938871508827568
shallow,4096,2,97,0.0925148736409086
shallow,4096,2,98,0.0911545492410309
shallow,4096,2,99,0.0898769282498158
shallow,4096,2,100,0.088705367419241
shallow,4096,2,101,0.0875380413633441
shallow,4096,2,102,0.0864574648303049
shallow,4096,2,103,0.0854974739608534
shallow,4096,2,104,0.0844404490780207
shallow,4096,2,105,0.0835882763491461
shallow,4096,2,106,0.0829232952104658
shallow,4096,2,107,0.0821866286653124
shallow,4096,2,108,0.0814637022426948
shallow,4096,2,109,0.0806140191492974
shallow,4096,2,110,0.0795737348110787
shallow,4096,2,111,0.078423933797126
shallow,4096,2,112,0.0773740283468213
shallow,4096,2,113,0.0763342599547433
shallow,4096,2,114,0.0753786664303875
shallow,4096,2,115,0.0744185516732285
shallow,4096,2,116,0.0734511001162941
shallow,4096,2,117,0.0724750962950595
shallow,4096,2,118,0.0713232372034463
shallow,4096,2,119,0.0702905662950408
shallow,4096,2,120,0.069245412418603
shallow,4096,2,121,0.068258832398961
shallow,4096,2,122,0.067273797933313
shallow,4096,2,123,0.0662852618330156
shallow,4096,2,124,0.0651450967810685
shallow,4096,2,125,0.0639550549827094
shallow,4096,2,126,0.0627481014813954
shallow,4096,2,127,0.061569388063765
shallow,4096,2,128,0.0606022279735833
shallow,4096,2,129,0.0595468396368318
shallow,4096,2,130,0.0585449812606756
shallow,4096,2,131,0.0574590872584176
shallow,4096,2,132,0.0563725430748046
shallow,4096,2,133,0.0551858600269675
shallow,4096,2,134,0.054140936010452
shallow,4096,2,135,0.0533051316023089
shallow,4096,2,136,0.0523209187838666
shallow,4096,2,137,0.0512402381528554
shallow,4096,2,138,0.0501957426912497
shallow,4096,2,139,0.0493190330882139
shallow,4096,2,140,0.0483900814079435
shallow,4096,2,141,0.0474812763624109
shallow,4096,2,142,0.0467037283346912
shallow,4096,2,143,0.0459924712249321
shallow,4096,2,144,0.0452680205871593
shallow,4096,2,145,0.0446366775092789
shallow,4096,2,146,0.0439357552563179
shallow,4096,2,147,0.0431202626395575
shallow,4096,2,148,0.0423224437254272
shallow,4096,2,149,0.0415342120608919
shallow,4096,2,150,0.04068909823801
shallow,4096,2,151,0.0396163315654768
shallow,4096,2,152,0.0385888418161468
shallow,4096,2,153,0.037518919874268
shallow,4096,2,154,0.0365104594238726
shallow,4096,2,155,0.0354735650614375
shallow,4096,2,156,0.0343709979735311
shallow,4096,2,157,0.0332211734092212
shallow,4096,2,158,0.0321849590017992
shallow,4096,2,159,0.0311564972800396
shallow,4096,2,160,0.0301373478648624
shallow,4096,2,161,0.0289984124924823
shallow,4096,2,162,0.0278320430511636
shallow,4096,2,163,0.0267860265238903
shallow,4096,2,164,0.0259345833818444
shallow,4096,2,165,0.0252090907284203
shallow,4096,2,166,0.0246525549081235
shallow,4096,2,167,0.0240892928413558
shallow,4096,2,168,0.0234902073466967
shallow,4096,2,169,0.0230380867073484
shallow,4096,2,170,0.0227267159630651
shallow,4096,2,171,0.0223102753856917
shallow,4096,2,172,0.0217869069328029
shallow,4096,2,173,0.0214183767515309
shallow,4096,2,174,0.0210361200435607
shallow,4096,2,175,0.0206851174449978
shallow,4096,2,176,0.020176866075705
shallow,4096,2,177,0.019729339440373
shallow,4096,2,178,0.0192415491826835
shallow,4096,2,179,0.0190244607183543
shallow,4096,2,180,0.0189282020820351
shallow,4096,2,181,0.0187595452883125
shallow,4096,2,182,0.0184570266450129
shallow,4096,2,183,0.0181421430552234
shallow,4096,2,184,0.0178313403715549
shallow,4096,2,185,0.0175645529082709
shallow,4096,2,186,0.0173078775684321
shallow,4096,2,187,0.0169441769653981
shallow,4096,2,188,0.0166413938973144
shallow,4096,2,189,0.0162302146189974
shallow,4096,2,190,0.0157229948554253
shallow,4096,2,191,0.015297179746396
shallow,4096,2,192,0.0149268867914753
shallow,4096,2,193,0.0144862562022095
shallow,4096,2,194,0.0138926365612704
shallow,4096,2,195,0.0132194417932557
shallow,4096,2,196,0.0125685645932819
shallow,4096,2,197,0.0119588409410431
shallow,4096,2,198,0.0113277234114921
shallow,4096,2,199,0.0107006924718866
shallow,4096,2,200,0.010231403618391
shallow,4096,2,201,0.0098796801683047
shallow,4096,2,202,0.0096106371950258
shallow,4096,2,203,0.0094951835900434
shallow,4096,2,204,0.0093129638401473
shallow,4096,2,205,0.009003752180703
shallow,4096,2,206,0.0086399885440388
shallow,4096,2,207,0.0082195244211058
shallow,4096,2,208,0.0075810675588162
shallow,4096,2,209,0.0069253781098549
shallow,4096,2,210,0.0062599762487132
shallow,4096,2,211,0.0056617715068742
shallow,4096,2,212,0.0052509485094216
shallow,4096,2,213,0.0049265400531743
shallow,4096,2,214,0.0046854500418859
shallow,4096,2,215,0.0045906453885632
shallow,4096,2,216,0.0044749988668548
shallow,4096,2,217,0.0042630595050134
shallow,4096,2,218,0.0040271444619202
shallow,4096,2,219,0.0036089321919133
shallow,4096,2,220,0.0032705973067753
shallow,4096,2,221,0.0030043941010572
shallow,4096,2,222,0.0028894330768013
shallow,4096,2,223,0.0030160874445594
shallow,4096,2,224,0.0031574795342156
shallow,4096,2,225,0.0032837809597037
shallow,4096,2,226,0.0033172080907696
shallow,4096,2,227,0.0034515693445872
shallow,4096,2,228,0.0038038178477597
shallow,4096,2,229,0.0040371690897302
shallow,4096,2,230,0.004220847951357
shallow,4096,2,231,0.0045474399901
shallow,4096,2,232,0.0049388622005806
shallow,4096,2,233,0.0050893593403442
shallow,4096,2,234,0.0051259656472981
shallow,4096,2,235,0.0050992531481254
shallow,4096,2,236,0.0049512951786905
shallow,4096,2,237,0.0047622427231024
shallow,4096,2,238,0.0047251358552985
shallow,4096,2,239,0.004843053991956
shallow,4096,2,240,0.0048447773446573
shallow,4096,2,241,0.0049039580134027
shallow,4096,2,242,0.0050680352199395
shallow,4096,2,243,0.0048803406008002
shallow,4096,2,244,0.0048618585192162
shallow,4096,2,245,0.0046912496607371
shallow,4096,2,246,0.0045843233880693
shallow,4096,2,247,0.0045530994018357
shallow,4096,2,248,0.0045339560804898
shallow,4096,2,249,0.0044562583004892
shallow,4096,2,250,0.0044255224156855
shallow,4096,2,251,0.0043196639600584
shallow,4096,2,252,0.0041840297043987
shallow,4096,2,253,0.0042236132633417
shallow,4096,2,254,0.004385413158877
shallow,4096,2,255,0.0044217076033322
shallow,4096,2,256,0.0044265667840133
shallow,4096,2,257,0.0044000718112871
shallow,4096,2,258,0.0044744425757594
shallow,4096,2,259,0.0046023852395767
shallow,4096,2,260,0.0048642335754464
shallow,4096,2,261,0.005029872136599
shallow,4096,2,262,0.0052312031596398
shallow,4096,2,263,0.0053753674808541
shallow,4096,2,264,0.0054302740697395
shallow,4096,2,265,0.0054563723096842
shallow,4096,2,266,0.0057644595505643
shallow,4096,2,267,0.0062141609802568
shallow,4096,2,268,0.0066723306663264
shallow,4096,2,269,0.0071536343786306
shallow,4096,2,270,0.0075399859269307
shallow,4096,2,271,0.0077804379485964
shallow,4096,2,272,0.0079422506952662
shallow,4096,2,273,0.0080957076819623
shallow,4096,2,274,0.0081277664099397
shallow,4096,2,275,0.00805739988951
shallow,4096,2,276,0.0079444989163254
shallow,4096,2,277,0.007886835135634
shallow,4096,2,278,0.0076824778236482
shallow,4096,2,279,0.0074004303449967
shallow,4096,2,280,0.0073363691109616
shallow,4096,2,281,0.0070921489245458
shallow,4096,2,282,0.0067536316454223
shallow,4096,2,283,0.0065382669083832
shallow,4096,2,284,0.0063097870005818
shallow,4096,2,285,0.006245967144482
shallow,4096,2,286,0.0060476805149464
shallow,4096,2,287,0.0058178827731334
shallow,4096,2,288,0.005510578021787
shallow,4096,2,289,0.0051822104433288
shallow,4096,2,290,0.004892123011492
shallow,4096,2,291,0.0046595837821737
shallow,4096,2,292,0.0046008128157407
shallow,4096,2,293,0.0045257864255024
shallow,4096,2,294,0.0044153398578215
shallow,4096,2,295,0.0042512663746675
shallow,4096,2,296,0.0042328136140718
shallow,4096,2,297,0.0043953711861869
shallow,4096,2,298,0.0045803412957762
shallow,4096,2,299,0.0049413585730806
shallow,4096,2,300,0.0050851770449079
shallow,4096,2,301,0.0051692949717616
shallow,4096,2,302,0.005192982702391
shallow,4096,2,303,0.005408073285771
shallow,4096,2,304,0.005641015543181
shallow,4096,2,305,0.0057625688330813
shallow,4096,2,306,0.0057071699462501
shallow,4096,2,307,0.0057854668855523
shallow,4096,2,308,0.0058890455273085
shallow,4096,2,309,0.0060728502294424
shallow,4096,2,310,0.0062619343000212
shallow,4096,2,311,0.0061826547509445
shallow,4096,2,312,0.00618278988403
shallow,4096,2,313,0.0061844091505684
shallow,4096,2,314,0.0062012974689933
shallow,4096,2,315,0.0061437564168585
shallow,4096,2,316,0.0061540981928589
shallow,4096,2,317,0.0061689595790575
shallow,4096,2,318,0.0060706733708649
shallow,4096,2,319,0.0060127469177761
shallow,4096,2,320,0.0059876546910406
shallow,4096,2,321,0.0059226563087132
shallow,4096,2,322,0.0057735393701477
shallow,4096,2,323,0.0055868789988137
shallow,4096,2,324,0.0053761632448207
shallow,4096,2,325,0.005228886809743
shallow,4096,2,326,0.0050050881138289
shallow,4096,2,327,0.0046610099397161
shallow,4096,2,328,0.0043880923459264
shallow,4096,2,329,0.0042993262538548
shallow,4096,2,330,0.0043489250408158
shallow,4096,2,331,0.0045972874527522
shallow,4096,2,332,0.0048565481137419
shallow,4096,2,333,0.0050527372088318
shallow,4096,2,334,0.0051975755956583
shallow,4096,2,335,0.0052028748702053
shallow,4096,2,336,0.0050156508578172
shallow,4096,2,337,0.0048366681460859
shallow,4096,2,338,0.0048132217056637
shallow,4096,2,339,0.0047435066963952
shallow,4096,2,340,0.0047664582959807
shallow,4096,2,341,0.0048464074259912
shallow,4096,2,342,0.0048847169293017
shallow,4096,2,343,0.0048431702447323
shallow,4096,2,344,0.004849848373415
shallow,4096,2,345,0.0049559247918371
shallow,4096,2,346,0.0049512161237108
shallow,4096,2,347,0.0048872433727623
shallow,4096,2,348,0.0046602391664706
shallow,4096,2,349,0.0044204907573646
shallow,4096,2,350,0.0041479772241032
shallow,4096,2,351,0.0038038779298828
shallow,4096,2,352,0.0033608640380554
shallow,4096,2,353,0.0027633769735324
shallow,4096,2,354,0.0022082883898514
shallow,4096,2,355,0.0017661170111562
shallow,4096,2,356,0.0013251378043121
shallow,4096,2,357,0.0009404993371974
shallow,4096,2,358,0.0005471855830176
shallow,4096,2,359,0.0002380273003394
shallow,4096,2,360,5.650632868206031e-06
shallow,4096,2,361,-0.000397904232186
shallow,4096,2,362,-0.0007226550467542
shallow,4096,2,363,-0.0009872404734492
shallow,4096,2,364,-0.0011617035125094
shallow,4096,2,365,-0.0012822285642338
shallow,4096,2,366,-0.0013854472372283
shallow,4096,2,367,-0.0015286954486029
shallow,4096,2,368,-0.0016888011239982
shallow,4096,2,369,-0.0018363559298038
shallow,4096,2,370,-0.0019809689931365
shallow,4096,2,371,-0.0020352726172201
shallow,4096,2,372,-0.0020001820711033
shallow,4096,2,373,-0.0019552280973654
shallow,4096,2,374,-0.0020394804361644
shallow,4096,2,375,-0.0021496417008455
shallow,4096,2,376,-0.0022943605085665
shallow,4096,2,377,-0.0023223148985492
shallow,4096,2,378,-0.0023544905600163
shallow,4096,2,379,-0.0023452087412697
shallow,4096,2,380,-0.0023262327686388
shallow,4096,2,381,-0.0023323452489375
shallow,4096,2,382,-0.0023508845889302
shallow,4096,2,383,-0.0024307479269417
shallow,4096,2,384,-0.0024726353114537
shallow,4096,2,385,-0.0024118509165198
shallow,4096,2,386,-0.0023925666295416
shallow,4096,2,387,-0.0023208889241053
shallow,4096,2,388,-0.0023635331101811
shallow,4096,2,389,-0.0025194500921505
shallow,4096,2,390,-0.0026792501303772
shallow,4096,2,391,-0.0027290740939511
shallow,4096,2,392,-0.0027766979524782
shallow,4096,2,393,-0.0027223476787318
shallow,4096,2,394,-0.0025911817102257
shallow,4096,2,395,-0.0023922318710244
shallow,4096,2,396,-0.0022763129528631
shallow,4096,2,397,-0.0020983408380829
shallow,4096,2,398,-0.0018960010566037
shallow,4096,2,399,-0.0017827596526444
shallow,4096,2,400,-0.0015648133229315
deep,32,0,0,1.0
deep,32,0,1,0.9668613661778628
deep,32,0,2,0.9357798800201612
deep,32,0,3,0.9065459020629228
deep,32,0,4,0.8789577199301424
deep,32,0,5,0.8530408076562362
deep,32,0,6,0.8285677461523548
deep,32,0,7,0.8052287138907397
deep,32,0,8,0.7828958016193485
deep,32,0,9,0.7617368084913231
deep,32,0,10,0.7415545703188418
deep,32,0,11,0.722217839809908
deep,32,0,12,0.7037121005346726
deep,32,0,13,0.6860124536330863
deep,32,0,14,0.669081604161249
deep,32,0,15,0.6529023759965881
deep,32,0,16,0.6373155843217257
deep,32,0,17,0.6223020705729873
deep,32,0,18,0.607945900181588
deep,32,0,19,0.5943214289548908
deep,32,0,20,0.581185025693492
deep,32,0,21,0.5687904881505397
deep,32,0,22,0.5570440097442994
deep,32,0,23,0.5455006080540028
deep,32,0,24,0.534319957936067
deep,32,0,25,0.5236221644746437
deep,32,0,26,0.5133407424305045
deep,32,0,27,0.5034992099253616
deep,32,0,28,0.4940346292919104
deep,32,0,29,0.484878633405492
deep,32,0,30,0.475902860301058
deep,32,0,31,0.4670625953881243
deep,32,0,32,0.4586679150964218
deep,32,0,33,0.4504628863177216
deep,32,0,34,0.4424903015313328
deep,32,0,35,0.4347132118848222
deep,32,0,36,0.4272172245518548
deep,32,0,37,0.419910867438587
deep,32,0,38,0.4127719807412342
deep,32,0,39,0.4057872346110299
deep,32,0,40,0.3989285535567919
deep,32,0,41,0.3921910064562892
deep,32,0,42,0.3856625544458132
deep,32,0,43,0.3791081419136288
deep,32,0,44,0.3727857682885805
deep,32,0,45,0.3665583685135957
deep,32,0,46,0.3604838407145826
deep,32,0,47,0.354626402544702
deep,32,0,48,0.3488540405102913
deep,32,0,49,0.3432763629086349
deep,32,0,50,0.3377850324886801
deep,32,0,51,0.3325249869625514
deep,32,0,52,0.3274398159029628
deep,32,0,53,0.3225914308419101
deep,32,0,54,0.3177640746452133
deep,32,0,55,0.3130141152203082
deep,32,0,56,0.3084585571105019
deep,32,0,57,0.3041386963111672
deep,32,0,58,0.2997778148732728
deep,32,0,59,0.2955435450971843
deep,32,0,60,0.2912761807750265
deep,32,0,61,0.2870076394394303
deep,32,0,62,0.282691694298782
deep,32,0,63,0.2784729385427062
deep,32,0,64,0.2743910746231002
deep,32,0,65,0.2702897596420432
deep,32,0,66,0.26638065676656
deep,32,0,67,0.2625781290374128
deep,32,0,68,0.2587465262650739
deep,32,0,69,0.2550698169971712
deep,32,0,70,0.2517150543010001
deep,32,0,71,0.2483579206473366
deep,32,0,72,0.244892151123866
deep,32,0,73,0.2415578927931427
deep,32,0,74,0.2380828892500813
deep,32,0,75,0.2348043705629939
deep,32,0,76,0.2314106566981361
deep,32,0,77,0.2281366631213037
deep,32,0,78,0.2249074033173012
deep,32,0,79,0.2218430093291866
deep,32,0,80,0.2187520124501148
deep,32,0,81,0.2157583398827585
deep,32,0,82,0.2128447814251481
deep,32,0,83,0.2098759759029937
deep,32,0,84,0.2068491227570215
deep,32,0,85,0.2038612631932718
deep,32,0,86,0.2009931213302558
deep,32,0,87,0.198105657225842
deep,32,0,88,0.1952995846439287
deep,32,0,89,0.1924643817999702
deep,32,0,90,0.1896091890611312
deep,32,0,91,0.1867905890223598
deep,32,0,92,0.1841351113024222
deep,32,0,93,0.181516954640911
deep,32,0,94,0.1789385045593824
deep,32,0,95,0.1763881902475794
deep,32,0,96,0.1739745306935609
deep,32,0,97,0.1714953904772259
deep,32,0,98,0.1690806634580248
deep,32,0,99,0.166686390530856
deep,32,0,100,0.1642587094244727
deep,32,0,101,0.1619621411629473
deep,32,0,102,0.1593876428535026
deep,32,0,103,0.1569323929311497
deep,32,0,104,0.1547249312337291
deep,32,0,105,0.1526197022766251
deep,32,0,106,0.1506365078847007
deep,32,0,107,0.1486100715047108
deep,32,0,108,0.1467081190700316
deep,32,0,109,0.1448140650703903
deep,32,0,110,0.1431034909500339
deep,32,0,111,0.1415105101759307
deep,32,0,112,0.1400442487808085
deep,32,0,113,0.1386240398894364
deep,32,0,114,0.1372214962894534
deep,32,0,115,0.1358306846878385
deep,32,0,116,0.1343117525914244
deep,32,0,117,0.1328053269876868
deep,32,0,118,0.1312091860131286
deep,32,0,119,0.1295884304668169
deep,32,0,120,0.1279795164988441
deep,32,0,121,0.126315900477676
deep,32,0,122,0.1248250091100872
deep,32,0,123,0.1233632263903834
deep,32,0,124,0.1218932227449145
deep,32,0,125,0.1204191903073827
deep,32,0,126,0.118987273988699
deep,32,0,127,0.1176181608727989
deep,32,0,128,0.1163130807284833
deep,32,0,129,0.1151225681611405
deep,32,0,130,0.1138038327186216
deep,32,0,131,0.1126153930480422
deep,32,0,132,0.1116124546036845
deep,32,0,133,0.1105799788848159
deep,32,0,134,0.1096754560450835
deep,32,0,135,0.1088385937103596
deep,32,0,136,0.1081394891000894
deep,32,0,137,0.1074797521694715
deep,32,0,138,0.1068912714702565
deep,32,0,139,0.1063438697214371
deep,32,0,140,0.1057192113320868
deep,32,0,141,0.1050370867184264
deep,32,0,142,0.1041936619667532
deep,32,0,143,0.1034047671836337
deep,32,0,144,0.1026710028410308
deep,32,0,145,0.1019435000231223
deep,32,0,146,0.1012128653340778
deep,32,0,147,0.1004573519239011
deep,32,0,148,0.0996946978998988
deep,32,0,149,0.0987895013466289
deep,32,0,150,0.0977490701180895
deep,32,0,151,0.0967230128446913
deep,32,0,152,0.095462049015507
deep,32,0,153,0.0942594428936012
deep,32,0,154,0.0930868052666089
deep,32,0,155,0.0919614086894741
deep,32,0,156,0.0910884869300738
deep,32,0,157,0.0900366673591436
deep,32,0,158,0.0891655854762351
deep,32,0,159,0.0883202373280583
deep,32,0,160,0.0873373048566338
deep,32,0,161,0.0863802809846073
deep,32,0,162,0.0855267517557115
deep,32,0,163,0.0848071898577876
deep,32,0,164,0.083873171031224
deep,32,0,165,0.0830563131771684
deep,32,0,166,0.0820761334311319
deep,32,0,167,0.0809873296879532
deep,32,0,168,0.0797549043303217
deep,32,0,169,0.0786195095432934
deep,32,0,170,0.0775660908273398
deep,32,0,171,0.0765112364998794
deep,32,0,172,0.0755193758763757
deep,32,0,173,0.0747469565149979
deep,32,0,174,0.0739971011286755
deep,32,0,175,0.0732254955087729
deep,32,0,176,0.0726032422972353
deep,32,0,177,0.0720576958059163
deep,32,0,178,0.0714964066478036
deep,32,0,179,0.0708348968915327
deep,32,0,180,0.0702297844519053
deep,32,0,181,0.0696886455418984
deep,32,0,182,0.0691384237035973
deep,32,0,183,0.0686849849669145
deep,32,0,184,0.0683263121411875
deep,32,0,185,0.0679096266219255
deep,32,0,186,0.0675010955182292
deep,32,0,187,0.066954277581504
deep,32,0,188,0.0666169613447716
deep,32,0,189,0.0661535204121246
deep,32,0,190,0.0656177048931644
deep,32,0,191,0.0651786618628893
deep,32,0,192,0.0646871607812143
deep,32,0,193,0.064167157447476
deep,32,0,194,0.0637380910875952
deep,32,0,195,0.0632712440938084
deep,32,0,196,0.0628186838874593
deep,32,0,197,0.0622288243310969
deep,32,0,198,0.061628378580584
deep,32,0,199,0.0609888771549659
deep,32,0,200,0.0603288672787775
deep,32,0,201,0.0596626607716881
deep,32,0,202,0.0590042643463519
deep,32,0,203,0.0583175840687582
deep,32,0,204,0.0575889988625445
deep,32,0,205,0.0568059200612647
deep,32,0,206,0.0557598296446792
deep,32,0,207,0.0547003125969731
deep,32,0,208,0.0537147284330383
deep,32,0,209,0.0527323956743827
deep,32,0,210,0.0518155500645423
deep,32,0,211,0.0509410338209667
deep,32,0,212,0.0500327094053135
deep,32,0,213,0.0492589099715575
deep,32,0,214,0.0485350640123486
deep,32,0,215,0.0476816167195248
deep,32,0,216,0.0469117890171253
deep,32,0,217,0.0463210191031142
deep,32,0,218,0.0457978079833137
deep,32,0,219,0.0452812917342716
deep,32,0,220,0.0446868660626104
deep,32,0,221,0.044095637230516
deep,32,0,222,0.0437261976337826
deep,32,0,223,0.0432247047963392
deep,32,0,224,0.042632330883316
deep,32,0,225,0.0421695641467043
deep,32,0,226,0.0417472981572023
deep,32,0,227,0.0411341786276562
deep,32,0,228,0.0405616516727547
deep,32,0,229,0.040066300881134
deep,32,0,230,0.0396224135272542
deep,32,0,231,0.0391545590943308
deep,32,0,232,0.0388683791113163
deep,32,0,233,0.03882423572479
deep,32,0,234,0.0386713512089454
deep,32,0,235,0.0383466348539081
deep,32,0,236,0.0379786304890599
deep,32,0,237,0.0374521112723028
deep,32,0,238,0.036907244652894
deep,32,0,239,0.0364016950611154
deep,32,0,240,0.0357324429890247
deep,32,0,241,0.0350706872405185
deep,32,0,242,0.0342826744086301
deep,32,0,243,0.0336493625317641
deep,32,0,244,0.0332253574734414
deep,32,0,245,0.0327233092532254
deep,32,0,246,0.0323693687222859
deep,32,0,247,0.0318911331394041
deep,32,0,248,0.0314466030908052
deep,32,0,249,0.0311382400977372
deep,32,0,250,0.0310321503291597
deep,32,0,251,0.0308322155357056
deep,32,0,252,0.0305732442016741
deep,32,0,253,0.030295041715801
deep,32,0,254,0.0299034154163746
deep,32,0,255,0.0296032020467451
deep,32,0,256,0.0293562892848464
deep,32,0,257,0.0289460641348705
deep,32,0,258,0.0285815931491764
deep,32,0,259,0.0282231314634189
deep,32,0,260,0.0278534693321065
deep,32,0,261,0.0274948278598117
deep,32,0,262,0.0270850469237715
deep,32,0,263,0.0267714177533938
deep,32,0,264,0.0264224275723535
deep,32,0,265,0.0259661673806365
deep,32,0,266,0.0255653670191708
deep,32,0,267,0.0250419928319287
deep,32,0,268,0.0247312698723143
deep,32,0,269,0.024621708131316
deep,32,0,270,0.0245649907053004
deep,32,0,271,0.0245687177290491
deep,32,0,272,0.0245172722903359
deep,32,0,273,0.0244495483487345
deep,32,0,274,0.0242669252248497
deep,32,0,275,0.0242242965167462
deep,32,0,276,0.0243716657541781
deep,32,0,277,0.0245810426028025
deep,32,0,278,0.0249362341946703
deep,32,0,279,0.0251819020541971
deep,32,0,280,0.0252880368562171
deep,32,0,281,0.0253621483452515
deep,32,0,282,0.0255861509552857
deep,32,0,283,0.026097201705398
deep,32,0,284,0.0265114746159905
deep,32,0,285,0.0268488420576283
deep,32,0,286,0.0273039712539255
deep,32,0,287,0.0275427603171339
deep,32,0,288,0.0278197964793495
deep,32,0,289,0.0281359154808185
deep,32,0,290,0.0283142868042023
deep,32,0,291,0.0283582774318457
deep,32,0,292,0.0284776584474454
deep,32,0,293,0.0284833376527399
deep,32,0,294,0.0284344732020927
deep,32,0,295,0.0282542338312005
deep,32,0,296,0.0280856153279723
deep,32,0,297,0.027984349657646
deep,32,0,298,0.0279077087966988
deep,32,0,299,0.0279907432231338
deep,32,0,300,0.0279272718701521
deep,32,0,301,0.0279812399410868
deep,32,0,302,0.0280298756390959
deep,32,0,303,0.0280017631391854
deep,32,0,304,0.0280263991543403
deep,32,0,305,0.0281916347702698
deep,32,0,306,0.0283389551640709
deep,32,0,307,0.0285428311347765
deep,32,0,308,0.02881758993951
deep,32,0,309,0.0291048443474354
deep,32,0,310,0.0292828522071106
deep,32,0,311,0.0294800342331874
deep,32,0,312,0.0298808194119964
deep,32,0,313,0.0301717496097152
deep,32,0,314,0.0302970100632805
deep,32,0,315,0.0304513111708737
deep,32,0,316,0.0305090915768438
deep,32,0,317,0.030635695567097
deep,32,0,318,0.0307847193433499
deep,32,0,319,0.0310202977498276
deep,32,0,320,0.0311865299977818
deep,32,0,321,0.0312604915814358
deep,32,0,322,0.031356968861033
deep,32,0,323,0.0313782835575834
deep,32,0,324,0.0313331000534502
deep,32,0,325,0.0312418139238191
deep,32,0,326,0.0312165543518261
deep,32,0,327,0.0311823955882305
deep,32,0,328,0.0311322995169539
deep,32,0,329,0.0310610686150501
deep,32,0,330,0.0308027824966973
deep,32,0,331,0.0305593750093617
deep,32,0,332,0.0301693670755387
deep,32,0,333,0.0297943160267858
deep,32,0,334,0.0293957322645026
deep,32,0,335,0.0290555224120785
deep,32,0,336,0.028770461274406
deep,32,0,337,0.0284176046194536
deep,32,0,338,0.0280696011727046
deep,32,0,339,0.0277441257150229
deep,32,0,340,0.0274152502354353
deep,32,0,341,0.0270641580126597
deep,32,0,342,0.0267180707113012
deep,32,0,343,0.026433261656118
deep,32,0,344,0.0261728437848145
deep,32,0,345,0.0258087432852682
deep,32,0,346,0.025550925652684
deep,32,0,347,0.0253677298817501
deep,32,0,348,0.0251249297473356
deep,32,0,349,0.0249495267430471
deep,32,0,350,0.0248309326702445
deep,32,0,351,0.0247869497916626
deep,32,0,352,0.0247970102811615
deep,32,0,353,0.0248733826992537
deep,32,0,354,0.024831612133795
deep,32,0,355,0.0246802640072451
deep,32,0,356,0.0245669366612429
deep,32,0,357,0.0247705467974651
deep,32,0,358,0.0251216155151078
deep,32,0,359,0.0255460355770931
deep,32,0,360,0.0258535091564463
deep,32,0,361,0.0263505794366804
deep,32,0,362,0.026704122511158
deep,32,0,363,0.0269928450204172
deep,32,0,364,0.0271742015544648
deep,32,0,365,0.0273659862587925
deep,32,0,366,0.0275434810439477
deep,32,0,367,0.0279523618075726
deep,32,0,368,0.0281576746571803
deep,32,0,369,0.0283432633959933
deep,32,0,370,0.0284155020211255
deep,32,0,371,0.0284364771370504
deep,32,0,372,0.0285052652459708
deep,32,0,373,0.0285947182288381
deep,32,0,374,0.0285242055980928
deep,32,0,375,0.0283087140954973
deep,32,0,376,0.028123930619273
deep,32,0,377,0.0278904525302588
deep,32,0,378,0.0276746351695866
deep,32,0,379,0.0272436174926535
deep,32,0,380,0.0269213421793804
deep,32,0,381,0.0266332434667834
deep,32,0,382,0.0264393310259776
deep,32,0,383,0.0262637927555949
deep,32,0,384,0.0261408324906842
deep,32,0,385,0.0259954273706523
deep,32,0,386,0.0259683482938152
deep,32,0,387,0.0258317695719525
deep,32,0,388,0.0257275747979231
deep,32,0,389,0.0256447004491397
deep,32,0,390,0.0256414917493109
deep,32,0,391,0.0255805496661089
deep,32,0,392,0.0254128722290438
deep,32,0,393,0.0254239113859154
deep,32,0,394,0.0252971043622409
deep,32,0,395,0.0251168846866121
deep,32,0,396,0.0248322922817954
deep,32,0,397,0.0246687755822073
deep,32,0,398,0.0244896977345504
deep,32,0,399,0.0241765585347561
deep,32,0,400,0.0240228893655711
deep,32,1,0,1.0
deep,32,1,1,0.9714344409130682
deep,32,1,2,0.9444782960119926
deep,32,1,3,0.9190244715970906
deep,32,1,4,0.8950192890774581
deep,32,1,5,0.8720896208868746
deep,32,1,6,0.8503531862097666
deep,32,1,7,0.8294476881453318
deep,32,1,8,0.8095447622747266
deep,32,1,9,0.7905050332447828
deep,32,1,10,0.7724516651911106
deep,32,1,11,0.75520426672543
deep,32,1,12,0.7387005916568117
deep,32,1,13,0.7229806395978282
deep,32,1,14,0.7080411270324132
deep,32,1,15,0.6936989666789978
deep,32,1,16,0.6797656715410352
deep,32,1,17,0.666454605212101
deep,32,1,18,0.6535922454142481
deep,32,1,19,0.6410699502829937
deep,32,1,20,0.6291155635246
deep,32,1,21,0.617667314070171
deep,32,1,22,0.6067347320150115
deep,32,1,23,0.5961131644794618
deep,32,1,24,0.5858264199937157
deep,32,1,25,0.5758254528309862
deep,32,1,26,0.5661430773070375
deep,32,1,27,0.5568274827851891
deep,32,1,28,0.5477906506576332
deep,32,1,29,0.5389944019880648
deep,32,1,30,0.5305515822348296
deep,32,1,31,0.5224385598735477
deep,32,1,32,0.5144637040430329
deep,32,1,33,0.5066180335840474
deep,32,1,34,0.4990663553948756
deep,32,1,35,0.4916746452950581
deep,32,1,36,0.4845222156459612
deep,32,1,37,0.4776763612221171
deep,32,1,38,0.4710026326903888
deep,32,1,39,0.4645476556949957
deep,32,1,40,0.4581208147278413
deep,32,1,41,0.4518835242750411
deep,32,1,42,0.4455517474468644
deep,32,1,43,0.4390972119363385
deep,32,1,44,0.4326916569508165
deep,32,1,45,0.4263997788793527
deep,32,1,46,0.4203406926018398
deep,32,1,47,0.4142765073373953
deep,32,1,48,0.4082590121426305
deep,32,1,49,0.4023483258058426
deep,32,1,50,0.3964618654201929
deep,32,1,51,0.390604389968652
deep,32,1,52,0.3850146183314721
deep,32,1,53,0.3796135391781844
deep,32,1,54,0.3742574848016017
deep,32,1,55,0.3690681947558726
deep,32,1,56,0.3639278500727265
deep,32,1,57,0.3589923807881731
deep,32,1,58,0.3541200876425839
deep,32,1,59,0.3493034783566587
deep,32,1,60,0.3445962195581326
deep,32,1,61,0.3400706738558305
deep,32,1,62,0.3356515013285226
deep,32,1,63,0.3311309290807319
deep,32,1,64,0.3266572865737634
deep,32,1,65,0.3224117318255801
deep,32,1,66,0.3182038585449693
deep,32,1,67,0.3140951629249076
deep,32,1,68,0.3101514277099566
deep,32,1,69,0.3062585014944619
deep,32,1,70,0.302383439817466
deep,32,1,71,0.2987382333916535
deep,32,1,72,0.2950373914430379
deep,32,1,73,0.2913222642365335
deep,32,1,74,0.2875180114615143
deep,32,1,75,0.283630601100408
deep,32,1,76,0.2797758378078321
deep,32,1,77,0.2759493200356865
deep,32,1,78,0.2721077994177815
deep,32,1,79,0.2683663865765361
deep,32,1,80,0.2646032498781654
deep,32,1,81,0.260883402793837
deep,32,1,82,0.2571299720351741
deep,32,1,83,0.2534712572506736
deep,32,1,84,0.2500237182329786
deep,32,1,85,0.2465934450007066
deep,32,1,86,0.2433250982813666
deep,32,1,87,0.2399774020290509
deep,32,1,88,0.2366384684727538
deep,32,1,89,0.2333871052058335
deep,32,1,90,0.2302616283132714
deep,32,1,91,0.2271263975494887
deep,32,1,92,0.2241609279834388
deep,32,1,93,0.2212978790683768
deep,32,1,94,0.2184839898717077
deep,32,1,95,0.2157548668244665
deep,32,1,96,0.2130657702785485
deep,32,1,97,0.2104885638149493
deep,32,1,98,0.2078143008256448
deep,32,1,99,0.2053159362805716
deep,32,1,100,0.2028544719904034
deep,32,1,101,0.2005871939393773
deep,32,1,102,0.1983073668177186
deep,32,1,103,0.1961173012315349
deep,32,1,104,0.1938310221545289
deep,32,1,105,0.1916056351787926
deep,32,1,106,0.1896332233425531
deep,32,1,107,0.1875354000652162
deep,32,1,108,0.1855325491291477
deep,32,1,109,0.1835467728119452
deep,32,1,110,0.181622605192143
deep,32,1,111,0.1797095451423681
deep,32,1,112,0.1778076170232724
deep,32,1,113,0.1757979932140327
deep,32,1,114,0.1739309744135289
deep,32,1,115,0.1720875488584657
deep,32,1,116,0.1703295771145601
deep,32,1,117,0.1687046377880597
deep,32,1,118,0.1672260084043446
deep,32,1,119,0.1656737797978323
deep,32,1,120,0.1639465832731059
deep,32,1,121,0.1621832227491891
deep,32,1,122,0.1604147759597801
deep,32,1,123,0.1587397567816387
deep,32,1,124,0.1569936604270473
deep,32,1,125,0.1551442316867811
deep,32,1,126,0.1533923294334719
deep,32,1,127,0.1516625894206738
deep,32,1,128,0.149923506067598
deep,32,1,129,0.1481673151399373
deep,32,1,130,0.146369849157025
deep,32,1,131,0.1444032150888932
deep,32,1,132,0.14239507862709
deep,32,1,133,0.1403534029085987
deep,32,1,134,0.1384600472981717
deep,32,1,135,0.1365818636536556
deep,32,1,136,0.1348934804264866
deep,32,1,137,0.1332253714893364
deep,32,1,138,0.1315946400237893
deep,32,1,139,0.1298558816656617
deep,32,1,140,0.128176551398388
deep,32,1,141,0.1264322426076281
deep,32,1,142,0.1247132156471838
deep,32,1,143,0.1229478858104732
deep,32,1,144,0.1211868028310616
deep,32,1,145,0.1194565983805856
deep,32,1,146,0.1175967094451942
deep,32,1,147,0.115833514882713
deep,32,1,148,0.1141296594348905
deep,32,1,149,0.1123335106356183
deep,32,1,150,0.1106859849422962
deep,32,1,151,0.1089759831560571
deep,32,1,152,0.1073823013393289
deep,32,1,153,0.1057779047507024
deep,32,1,154,0.1040695976060781
deep,32,1,155,0.1024545711081512
deep,32,1,156,0.1009862118231751
deep,32,1,157,0.099448864614626
deep,32,1,158,0.0979272303682784
deep,32,1,159,0.0964686267888759
deep,32,1,160,0.095075223238716
deep,32,1,161,0.0938393121197983
deep,32,1,162,0.0925775673834807
deep,32,1,163,0.0913614336026299
deep,32,1,164,0.0902143497606141
deep,32,1,165,0.0891804531283504
deep,32,1,166,0.0882203737266652
deep,32,1,167,0.0873000966203306
deep,32,1,168,0.0865635812525457
deep,32,1,169,0.0859819583303226
deep,32,1,170,0.0852697759757647
deep,32,1,171,0.0845696564927404
deep,32,1,172,0.0838677863704442
deep,32,1,173,0.0832468841902831
deep,32,1,174,0.0826548614159972
deep,32,1,175,0.0820007531261266
deep,32,1,176,0.0812772072389739
deep,32,1,177,0.0804803203741991
deep,32,1,178,0.0797917174192628
deep,32,1,179,0.0791823485690187
deep,32,1,180,0.0784734465767834
deep,32,1,181,0.0776761422953578
deep,32,1,182,0.0767644280900997
deep,32,1,183,0.0759165944395091
deep,32,1,184,0.0750693285360856
deep,32,1,185,0.0742917025731748
deep,32,1,186,0.0735953907199513
deep,32,1,187,0.0729189419340516
deep,32,1,188,0.0724112058944484
deep,32,1,189,0.0718900704885873
deep,32,1,190,0.0713713047606791
deep,32,1,191,0.0708325755392944
deep,32,1,192,0.0703588445482839
deep,32,1,193,0.0697783799877288
deep,32,1,194,0.0692291446852455
deep,32,1,195,0.068714937779008
deep,32,1,196,0.0682291437819465
deep,32,1,197,0.0676429267949104
deep,32,1,198,0.0671698708821876
deep,32,1,199,0.0666874972735718
deep,32,1,200,0.0662926212478265
deep,32,1,201,0.065751251835631
deep,32,1,202,0.0652158731765926
deep,32,1,203,0.0647531842390595
deep,32,1,204,0.0644460858665185
deep,32,1,205,0.0640660628058548
deep,32,1,206,0.0638310597316288
deep,32,1,207,0.0635910311801996
deep,32,1,208,0.0633292854861178
deep,32,1,209,0.0630628579843066
deep,32,1,210,0.062593380761223
deep,32,1,211,0.0621545990948718
deep,32,1,212,0.0617228353124024
deep,32,1,213,0.0612292565888482
deep,32,1,214,0.0608372832962649
deep,32,1,215,0.0602676260151729
deep,32,1,216,0.0597613346688531
deep,32,1,217,0.0592876288929039
deep,32,1,218,0.0589574748475996
deep,32,1,219,0.0585350585811757
deep,32,1,220,0.0581499127216751
deep,32,1,221,0.0577232300062075
deep,32,1,222,0.0573588451560143
deep,32,1,223,0.0569088589427034
deep,32,1,224,0.0565380202881257
deep,32,1,225,0.0561800093122927
deep,32,1,226,0.0557885433385926
deep,32,1,227,0.0554020730006555
deep,32,1,228,0.0550253036038698
deep,32,1,229,0.0547339521153906
deep,32,1,230,0.0545378743147739
deep,32,1,231,0.0542855046543408
deep,32,1,232,0.0541007973598709
deep,32,1,233,0.0539207877398875
deep,32,1,234,0.0536015491138138
deep,32,1,235,0.0532368883028013
deep,32,1,236,0.0528703295116477
deep,32,1,237,0.0524488247266889
deep,32,1,238,0.0518653413344695
deep,32,1,239,0.0514621737958937
deep,32,1,240,0.0511500121562875
deep,32,1,241,0.050881462785431
deep,32,1,242,0.0505587068844127
deep,32,1,243,0.0502484405322904
deep,32,1,244,0.0498297086738773
deep,32,1,245,0.0493954074013464
deep,32,1,246,0.0489529086810148
deep,32,1,247,0.0485760416429837
deep,32,1,248,0.0483780366617306
deep,32,1,249,0.0482548217200608
deep,32,1,250,0.0479020911432878
deep,32,1,251,0.0476923362064671
deep,32,1,252,0.0475120460783956
deep,32,1,253,0.0473421854618213
deep,32,1,254,0.0471938457569146
deep,32,1,255,0.0471113503383531
deep,32,1,256,0.0469686183003873
deep,32,1,257,0.0467267376205659
deep,32,1,258,0.0463475102382784
deep,32,1,259,0.0458922343639539
deep,32,1,260,0.0455376183109462
deep,32,1,261,0.0451341976434954
deep,32,1,262,0.0446934358030902
deep,32,1,263,0.0441512200855129
deep,32,1,264,0.0436002844850224
deep,32,1,265,0.0429249635067918
deep,32,1,266,0.0423876896788904
deep,32,1,267,0.0418094507098192
deep,32,1,268,0.0411635257830207
deep,32,1,269,0.0405836881912812
deep,32,1,270,0.0400169961508884
deep,32,1,271,0.0393743871407138
deep,32,1,272,0.038795272578072
deep,32,1,273,0.0382591232010099
deep,32,1,274,0.0376303099236325
deep,32,1,275,0.0372382020409707
deep,32,1,276,0.0369227126351521
deep,32,1,277,0.0366181543687646
deep,32,1,278,0.0362842468607761
deep,32,1,279,0.0358896279060008
deep,32,1,280,0.035673601376552
deep,32,1,281,0.0352959475760353
deep,32,1,282,0.0350850517030772
deep,32,1,283,0.0349576631982761
deep,32,1,284,0.0348491958398311
deep,32,1,285,0.034776228164361
deep,32,1,286,0.0346344433436692
deep,32,1,287,0.0345072762840493
deep,32,1,288,0.0344064678777611
deep,32,1,289,0.0343430798818182
deep,32,1,290,0.0340160660911236
deep,32,1,291,0.0337662780986527
deep,32,1,292,0.0334896163733048
deep,32,1,293,0.033126544124373
deep,32,1,294,0.0329363110591113
deep,32,1,295,0.032881464407016
deep,32,1,296,0.0327933871104594
deep,32,1,297,0.0327500160282805
deep,32,1,298,0.0326838584283791
deep,32,1,299,0.0326168558269162
deep,32,1,300,0.0324654439014638
deep,32,1,301,0.0323822911919692
deep,32,1,302,0.0321933644532289
deep,32,1,303,0.0319299175713764
deep,32,1,304,0.0316923044924138
deep,32,1,305,0.0314132428456605
deep,32,1,306,0.0312170637086423
deep,32,1,307,0.0309638691713149
deep,32,1,308,0.0306613296583525
deep,32,1,309,0.0302897136392134
deep,32,1,310,0.0300449297399562
deep,32,1,311,0.0296616033722961
deep,32,1,312,0.0292622477373141
deep,32,1,313,0.0287258557295106
deep,32,1,314,0.0281200633539892
deep,32,1,315,0.0274882313838773
deep,32,1,316,0.0268923687127789
deep,32,1,317,0.0262671148534195
deep,32,1,318,0.0257827480275497
deep,32,1,319,0.0252780534872552
deep,32,1,320,0.0247365147198082
deep,32,1,321,0.0241103109006461
deep,32,1,322,0.0234047496106937
deep,32,1,323,0.0228075362993948
deep,32,1,324,0.0221634830557151
deep,32,1,325,0.0214712409122444
deep,32,1,326,0.020723179830625
deep,32,1,327,0.0201005966150539
deep,32,1,328,0.0194512174756231
deep,32,1,329,0.0188484059901203
deep,32,1,330,0.0181642490147989
deep,32,1,331,0.017440991036849
deep,32,1,332,0.0168758532184676
deep,32,1,333,0.0162689618314324
deep,32,1,334,0.015726474076755
deep,32,1,335,0.015360310156225
deep,32,1,336,0.0148995108323826
deep,32,1,337,0.0143317198110363
deep,32,1,338,0.0137876708956324
deep,32,1,339,0.0133219430728815
deep,32,1,340,0.012876029057443
deep,32,1,341,0.012359434639711
deep,32,1,342,0.0118557735425671
deep,32,1,343,0.011384932575391
deep,32,1,344,0.0108212001582857
deep,32,1,345,0.0102382540518941
deep,32,1,346,0.00975660209145
deep,32,1,347,0.0092978408563175
deep,32,1,348,0.0088408452455153
deep,32,1,349,0.008432615790744
deep,32,1,350,0.0078960553745363
deep,32,1,351,0.0073703337693646
deep,32,1,352,0.0070095435929771
deep,32,1,353,0.0066219424830052
deep,32,1,354,0.0062013643686076
deep,32,1,355,0.0057415897212686
deep,32,1,356,0.005342830634388
deep,32,1,357,0.0049712525847528
deep,32,1,358,0.0046313510882526
deep,32,1,359,0.0041858662590966
deep,32,1,360,0.0037904441043738
deep,32,1,361,0.0033224152509649
deep,32,1,362,0.0030360092995842
deep,32,1,363,0.0026898031709563
deep,32,1,364,0.0023695800263559
deep,32,1,365,0.0019776026530932
deep,32,1,366,0.0016847823235165
deep,32,1,367,0.0015333213025578
deep,32,1,368,0.0014408823387225
deep,32,1,369,0.0013857848506788
deep,32,1,370,0.0012160058813267
deep,32,1,371,0.0010712118673829
deep,32,1,372,0.0010002518428761
deep,32,1,373,0.0010554815797157
deep,32,1,374,0.0012174989859131
deep,32,1,375,0.0012963962168859
deep,32,1,376,0.0014810274022297
deep,32,1,377,0.0017705879859469
deep,32,1,378,0.002077997026726
deep,32,1,379,0.0024823107358559
deep,32,1,380,0.0028474369398849
deep,32,1,381,0.003203351404426
deep,32,1,382,0.003612415230963
deep,32,1,383,0.0038274856241409
deep,32,1,384,0.0040246027063007
deep,32,1,385,0.0041661828070338
deep,32,1,386,0.004186375747952
deep,32,1,387,0.0041656221131519
deep,32,1,388,0.0040666945029043
deep,32,1,389,0.0039419754599636
deep,32,1,390,0.0038645662692396
deep,32,1,391,0.0038793174117041
deep,32,1,392,0.0038428385982254
deep,32,1,393,0.0038626816406783
deep,32,1,394,0.003788389709217
deep,32,1,395,0.0038006210250118
deep,32,1,396,0.0037603899632947
deep,32,1,397,0.003805892248066
deep,32,1,398,0.0038073525099378
deep,32,1,399,0.0037113925642772
deep,32,1,400,0.0036315835139695
deep,32,2,0,1.0
deep,32,2,1,0.9690344265357704
deep,32,2,2,0.9399679940158668
deep,32,2,3,0.9126588932918668
deep,32,2,4,0.8866870881343318
deep,32,2,5,0.8621061933618112
deep,32,2,6,0.8391986913610372
deep,32,2,7,0.8174725736037751
deep,32,2,8,0.7971152007743989
deep,32,2,9,0.7776889796666482
deep,32,2,10,0.7592645665714608
deep,32,2,11,0.7417128357178528
deep,32,2,12,0.7249852461341282
deep,32,2,13,0.708751586992481
deep,32,2,14,0.6933418301889342
deep,32,2,15,0.6786274848952922
deep,32,2,16,0.6645346097195098
deep,32,2,17,0.6510644398090448
deep,32,2,18,0.6382885935326128
deep,32,2,19,0.6260502498826647
deep,32,2,20,0.614226511201254
deep,32,2,21,0.6026974172452106
deep,32,2,22,0.5915078339815824
deep,32,2,23,0.580794042448332
deep,32,2,24,0.5703742564440533
deep,32,2,25,0.5601263360533637
deep,32,2,26,0.5500956252631778
deep,32,2,27,0.5404993076194452
deep,32,2,28,0.5311720845919468
deep,32,2,29,0.522127229379648
deep,32,2,30,0.5133722456894377
deep,32,2,31,0.504831550299123
deep,32,2,32,0.4964916009847723
deep,32,2,33,0.4884065761688689
deep,32,2,34,0.4806313436869895
deep,32,2,35,0.4729901189310767
deep,32,2,36,0.4656133465809962
deep,32,2,37,0.4584480126930255
deep,32,2,38,0.4514859103089745
deep,32,2,39,0.4445693819226077
deep,32,2,40,0.4377540118740922
deep,32,2,41,0.4308876226865076
deep,32,2,42,0.4240912039892292
deep,32,2,43,0.4173498060324871
deep,32,2,44,0.4108963965876059
deep,32,2,45,0.4046144488803841
deep,32,2,46,0.3986256658056469
deep,32,2,47,0.3925799621482407
deep,32,2,48,0.386767143436538
deep,32,2,49,0.3809798578299292
deep,32,2,50,0.3754621085313412
deep,32,2,51,0.3702373569816351
deep,32,2,52,0.3651179614954701
deep,32,2,53,0.3602749019729583
deep,32,2,54,0.35555686654633
deep,32,2,55,0.3508603403738928
deep,32,2,56,0.3462373775620069
deep,32,2,57,0.3416998183037387
deep,32,2,58,0.337299019822853
deep,32,2,59,0.3329452643010524
deep,32,2,60,0.3286320560039573
deep,32,2,61,0.3243478375536199
deep,32,2,62,0.3201055063569252
deep,32,2,63,0.3158129787134249
deep,32,2,64,0.3115487467500273
deep,32,2,65,0.3072381229545901
deep,32,2,66,0.303082117014085
deep,32,2,67,0.2989457681847958
deep,32,2,68,0.2948149612081123
deep,32,2,69,0.2906706118049174
deep,32,2,70,0.2866972391154063
deep,32,2,71,0.2826318937216638
deep,32,2,72,0.2785624517933355
deep,32,2,73,0.2748313857386806
deep,32,2,74,0.2710794774658244
deep,32,2,75,0.2675167037436782
deep,32,2,76,0.2640808135743636
deep,32,2,77,0.2606260728544661
deep,32,2,78,0.2571071557968559
deep,32,2,79,0.253723310667018
deep,32,2,80,0.2504394722039825
deep,32,2,81,0.2472953731872181
deep,32,2,82,0.2440146546746801
deep,32,2,83,0.240874256097271
deep,32,2,84,0.23780826775883
deep,32,2,85,0.2349281430227663
deep,32,2,86,0.2320237221687725
deep,32,2,87,0.2290017627627978
deep,32,2,88,0.226140568962264
deep,32,2,89,0.2234682479611686
deep,32,2,90,0.2207954365538501
deep,32,2,91,0.2182532135497696
deep,32,2,92,0.2155951485136634
deep,32,2,93,0.2129634927721856
deep,32,2,94,0.2102272345697192
deep,32,2,95,0.2074544205576294
deep,32,2,96,0.2047433138790228
deep,32,2,97,0.2020405936955413
deep,32,2,98,0.1995031485807502
deep,32,2,99,0.1970124923537889
deep,32,2,100,0.1946371227148724
deep,32,2,101,0.1922707615016729
deep,32,2,102,0.1900193591275553
deep,32,2,103,0.1877406412482257
deep,32,2,104,0.1855283776360064
deep,32,2,105,0.1832439451164143
deep,32,2,106,0.1809908325351906
deep,32,2,107,0.1787351248416146
deep,32,2,108,0.1765641857557654
deep,32,2,109,0.1743880438211517
deep,32,2,110,0.1723875611909876
deep,32,2,111,0.1704496292978263
deep,32,2,112,0.1684324881799354
deep,32,2,113,0.1664603015822509
deep,32,2,114,0.1644756288459202
deep,32,2,115,0.1626433221266549
deep,32,2,116,0.160739794046959
deep,32,2,117,0.1587560365337045
deep,32,2,118,0.1569157712300797
deep,32,2,119,0.1550360783202305
deep,32,2,120,0.153156864210915
deep,32,2,121,0.151409350464361
deep,32,2,122,0.1496905334445956
deep,32,2,123,0.1480037727035226
deep,32,2,124,0.1463755375346789
deep,32,2,125,0.1447324377693002
deep,32,2,126,0.1429417691863902
deep,32,2,127,0.1412073059156512
deep,32,2,128,0.1396075302180522
deep,32,2,129,0.1379092311157389
deep,32,2,130,0.1361623066102026
deep,32,2,131,0.1345400012904396
deep,32,2,132,0.1328436340344748
deep,32,2,133,0.131116884061517
deep,32,2,134,0.1292410390831598
deep,32,2,135,0.1274714645765532
deep,32,2,136,0.1257001798914678
deep,32,2,137,0.1240971316437758
deep,32,2,138,0.1226587480702444
deep,32,2,139,0.121248059429339
deep,32,2,140,0.1199136661648983
deep,32,2,141,0.1185642710664457
deep,32,2,142,0.1171601704676135
deep,32,2,143,0.1157543703388191
deep,32,2,144,0.1144738131972642
deep,32,2,145,0.1132373037387438
deep,32,2,146,0.1121669690485616
deep,32,2,147,0.1111366418560918
deep,32,2,148,0.1099409497446949
deep,32,2,149,0.1087091980924227
deep,32,2,150,0.1075773788975122
deep,32,2,151,0.1063359930671156
deep,32,2,152,0.1050280902488612
deep,32,2,153,0.1036274757467794
deep,32,2,154,0.102337060512919
deep,32,2,155,0.1011670560881134
deep,32,2,156,0.1000858419968473
deep,32,2,157,0.0990988154879507
deep,32,2,158,0.0982451372801746
deep,32,2,159,0.097187251051504
deep,32,2,160,0.0960592118467968
deep,32,2,161,0.095016682459611
deep,32,2,162,0.0940359679424813
deep,32,2,163,0.0929810780796911
deep,32,2,164,0.0920195240572619
deep,32,2,165,0.091158079157012
deep,32,2,166,0.0902742516899479
deep,32,2,167,0.089389776498193
deep,32,2,168,0.0885149417407207
deep,32,2,169,0.08768264900342
deep,32,2,170,0.0868991381478636
deep,32,2,171,0.0860451324686101
deep,32,2,172,0.0851967329363121
deep,32,2,173,0.0843576730955864
deep,32,2,174,0.0834976829935175
deep,32,2,175,0.0827178062456549
deep,32,2,176,0.0820668232070393
deep,32,2,177,0.0812334599491697
deep,32,2,178,0.0802562978695726
deep,32,2,179,0.0794171115117955
deep,32,2,180,0.0787241456379775
deep,32,2,181,0.078052367253237
deep,32,2,182,0.0773052977872355
deep,32,2,183,0.0764404714328715
deep,32,2,184,0.0756178789926694
deep,32,2,185,0.0749268980667806
deep,32,2,186,0.0742451878613486
deep,32,2,187,0.073562145006043
deep,32,2,188,0.0728709886615643
deep,32,2,189,0.0721988357960495
deep,32,2,190,0.0715398819380617
deep,32,2,191,0.0708213347166117
deep,32,2,192,0.070009953594876
deep,32,2,193,0.0692445973754103
deep,32,2,194,0.068583148649759
deep,32,2,195,0.0680095563223138
deep,32,2,196,0.0673291287149155
deep,32,2,197,0.0666814926412295
deep,32,2,198,0.0661330543952393
deep,32,2,199,0.0656097108071791
deep,32,2,200,0.0650173505669382
deep,32,2,201,0.0644692304103497
deep,32,2,202,0.0639618043044308
deep,32,2,203,0.0635064220321704
deep,32,2,204,0.0628510151212721
deep,32,2,205,0.0622304396827944
deep,32,2,206,0.0616300574174051
deep,32,2,207,0.0610374580825867
deep,32,2,208,0.0603248558126391
deep,32,2,209,0.0596704110994147
deep,32,2,210,0.0588786257608123
deep,32,2,211,0.05783687459567
deep,32,2,212,0.0568337248564983
deep,32,2,213,0.0558929438279348
deep,32,2,214,0.055131991214982
deep,32,2,215,0.0542507254445182
deep,32,2,216,0.0533406763281774
deep,32,2,217,0.0523405388779575
deep,32,2,218,0.0513827112770837
deep,32,2,219,0.050677727915214
deep,32,2,220,0.0500292698180518
deep,32,2,221,0.049431591105048
deep,32,2,222,0.0488377740265626
deep,32,2,223,0.0482731207036606
deep,32,2,224,0.0478458902825293
deep,32,2,225,0.0472784504429928
deep,32,2,226,0.0466801374539156
deep,32,2,227,0.0461509213563827
deep,32,2,228,0.0455302460681288
deep,32,2,229,0.0449415765822221
deep,32,2,230,0.0443054155528239
deep,32,2,231,0.0437589053665865
deep,32,2,232,0.0432606119905338
deep,32,2,233,0.0427076060258686
deep,32,2,234,0.0422107162221468
deep,32,2,235,0.0417592212023879
deep,32,2,236,0.0413744105242922
deep,32,2,237,0.0412554974707171
deep,32,2,238,0.0411196948362605
deep,32,2,239,0.0409334384211304
deep,32,2,240,0.0407067406738606
deep,32,2,241,0.0403050163188193
deep,32,2,242,0.0398637625741675
deep,32,2,243,0.0394125997211479
deep,32,2,244,0.0389110678382639
deep,32,2,245,0.0385264501640931
deep,32,2,246,0.0380186949262298
deep,32,2,247,0.0376396389774414
deep,32,2,248,0.0372291919459421
deep,32,2,249,0.0366872048367683
deep,32,2,250,0.0361675248018057
deep,32,2,251,0.0356200495780703
deep,32,2,252,0.0350216811056429
deep,32,2,253,0.034499039671678
deep,32,2,254,0.0340201048350663
deep,32,2,255,0.0335363146288701
deep,32,2,256,0.0330906215415663
deep,32,2,257,0.032646356638607
deep,32,2,258,0.0321133649127609
deep,32,2,259,0.0316260698071344
deep,32,2,260,0.031295095748278
deep,32,2,261,0.0309467088535423
deep,32,2,262,0.030751518736421
deep,32,2,263,0.0306345421064608
deep,32,2,264,0.0304429743695007
deep,32,2,265,0.030240853758936
deep,32,2,266,0.0300699698658644
deep,32,2,267,0.0299477076195968
deep,32,2,268,0.0296974988379309
deep,32,2,269,0.0294243513845226
deep,32,2,270,0.029193506837339
deep,32,2,271,0.0290473006420134
deep,32,2,272,0.0288384190264509
deep,32,2,273,0.0286724993614443
deep,32,2,274,0.0284390129219825
deep,32,2,275,0.0282629921829068
deep,32,2,276,0.028105318678932
deep,32,2,277,0.0280183674421268
deep,32,2,278,0.0278101244323728
deep,32,2,279,0.0276050260112268
deep,32,2,280,0.0274589998757452
deep,32,2,281,0.0273390841483014
deep,32,2,282,0.0272058379434437
deep,32,2,283,0.0270878109809566
deep,32,2,284,0.0268551698435074
deep,32,2,285,0.0265815873411825
deep,32,2,286,0.0264424134790292
deep,32,2,287,0.0263544971410517
deep,32,2,288,0.0262889298044882
deep,32,2,289,0.026172172797195
deep,32,2,290,0.0259498793944959
deep,32,2,291,0.0256166427722516
deep,32,2,292,0.0251670659311877
deep,32,2,293,0.0246937619825329
deep,32,2,294,0.0242406868197594
deep,32,2,295,0.0239799252891936
deep,32,2,296,0.0236919384899387
deep,32,2,297,0.0236256329807142
deep,32,2,298,0.0235036783851551
deep,32,2,299,0.0233499635381501
deep,32,2,300,0.0231656003045673
deep,32,2,301,0.0228979146175947
deep,32,2,302,0.0227429250842069
deep,32,2,303,0.0225822251910279
deep,32,2,304,0.0223631365282972
deep,32,2,305,0.022122209503233
deep,32,2,306,0.0219189767413266
deep,32,2,307,0.0216972494881192
deep,32,2,308,0.0214017306434474
deep,32,2,309,0.0209584158993927
deep,32,2,310,0.0206102391829957
deep,32,2,311,0.0202976045994717
deep,32,2,312,0.0201053369837789
deep,32,2,313,0.0199604870165511
deep,32,2,314,0.0197823389677663
deep,32,2,315,0.0198239088067885
deep,32,2,316,0.0197579380463222
deep,32,2,317,0.0195936115673316
deep,32,2,318,0.0193624880749168
deep,32,2,319,0.0190542205392306
deep,32,2,320,0.0187831253935771
deep,32,2,321,0.0185687680873013
deep,32,2,322,0.0183366776567104
deep,32,2,323,0.018303329795242
deep,32,2,324,0.0182888877343865
deep,32,2,325,0.0183233728809888
deep,32,2,326,0.0182152402432892
deep,32,2,327,0.0180417999533377
deep,32,2,328,0.0178598690941716
deep,32,2,329,0.0176096868375887
deep,32,2,330,0.01725667023085
deep,32,2,331,0.0168678337123155
deep,32,2,332,0.0165613981074054
deep,32,2,333,0.016090074999659
deep,32,2,334,0.0155557015762291
deep,32,2,335,0.0151194363621153
deep,32,2,336,0.0147324932196115
deep,32,2,337,0.0144352971715757
deep,32,2,338,0.0141639460003612
deep,32,2,339,0.0139557948719922
deep,32,2,340,0.013761770103082
deep,32,2,341,0.0135310345761732
deep,32,2,342,0.013419776338166
deep,32,2,343,0.0133751275612034
deep,32,2,344,0.0133445262657927
deep,32,2,345,0.0133012105482692
deep,32,2,346,0.0131327613898858
deep,32,2,347,0.0130024392900194
deep,32,2,348,0.0128761481780347
deep,32,2,349,0.0127923112425795
deep,32,2,350,0.0126882284981608
deep,32,2,351,0.0127262956705476
deep,32,2,352,0.0126219503777965
deep,32,2,353,0.0127271762489551
deep,32,2,354,0.0128816174539378
deep,32,2,355,0.0130848890440502
deep,32,2,356,0.0131783915490998
deep,32,2,357,0.0133168498003058
deep,32,2,358,0.0134585236408497
deep,32,2,359,0.0136830598103391
deep,32,2,360,0.0139750355307559
deep,32,2,361,0.0142962202836022
deep,32,2,362,0.0146615872313551
deep,32,2,363,0.015085217454959
deep,32,2,364,0.0154612334932046
deep,32,2,365,0.0157666942135586
deep,32,2,366,0.0159950429016291
deep,32,2,367,0.0162857418325708
deep,32,2,368,0.0164926196837361
deep,32,2,369,0.0167548226262085
deep,32,2,370,0.0168590541856941
deep,32,2,371,0.0168983557361883
deep,32,2,372,0.0168769458442205
deep,32,2,373,0.0169119958604404
deep,32,2,374,0.0167499079181651
deep,32,2,375,0.0165420600160786
deep,32,2,376,0.0161310759846989
deep,32,2,377,0.0158255796421496
deep,32,2,378,0.0155517904674557
deep,32,2,379,0.0153510045362156
deep,32,2,380,0.0152998400547151
deep,32,2,381,0.0153130562949941
deep,32,2,382,0.0154039747509233
deep,32,2,383,0.0153899695493177
deep,32,2,384,0.0153268620000368
deep,32,2,385,0.0152579957400883
deep,32,2,386,0.0151669860071259
deep,32,2,387,0.0150874684939331
deep,32,2,388,0.015135714219279
deep,32,2,389,0.0153196925548057
deep,32,2,390,0.0155171293990699
deep,32,2,391,0.0155763812746884
deep,32,2,392,0.0155142248786199
deep,32,2,393,0.0155469634119733
deep,32,2,394,0.0156055275940578
deep,32,2,395,0.0156415853665652
deep,32,2,396,0.0157681742598147
deep,32,2,397,0.0159759101811543
deep,32,2,398,0.0160833826446317
deep,32,2,399,0.0162383865895738
deep,32,2,400,0.0162110424600297
deep,64,0,0,1.0
deep,64,0,1,0.963376093936102
deep,64,0,2,0.9289974189617596
deep,64,0,3,0.8966363907839057
deep,64,0,4,0.8659494456095607
deep,64,0,5,0.8369932798986166
deep,64,0,6,0.8095122087868032
deep,64,0,7,0.783469927161334
deep,64,0,8,0.7589238248068871
deep,64,0,9,0.7355998173016534
deep,64,0,10,0.7135753595032264
deep,64,0,11,0.69260063062476
deep,64,0,12,0.672673707143954
deep,64,0,13,0.6537331230543119
deep,64,0,14,0.6354663523467494
deep,64,0,15,0.617988966787024
deep,64,0,16,0.6012220426169534
deep,64,0,17,0.585016897180098
deep,64,0,18,0.5694700691900287
deep,64,0,19,0.5545992042833876
deep,64,0,20,0.5402781643402438
deep,64,0,21,0.5262712818466617
deep,64,0,22,0.512763857842845
deep,64,0,23,0.4997189458144826
deep,64,0,24,0.4871481410387126
deep,64,0,25,0.474816085882283
deep,64,0,26,0.4629134170687766
deep,64,0,27,0.4513585412539498
deep,64,0,28,0.4401239390216767
deep,64,0,29,0.4290387882665883
deep,64,0,30,0.4183847603335352
deep,64,0,31,0.4080488352372343
deep,64,0,32,0.3980799817425279
deep,64,0,33,0.3886517624327142
deep,64,0,34,0.3796814100275892
deep,64,0,35,0.3708469305771009
deep,64,0,36,0.3622556644061029
deep,64,0,37,0.3537309780755685
deep,64,0,38,0.3456985547236754
deep,64,0,39,0.3379281827050596
deep,64,0,40,0.3304155527279283
deep,64,0,41,0.3233442672135447
deep,64,0,42,0.3165277157025465
deep,64,0,43,0.3099157090800387
deep,64,0,44,0.303488499313048
deep,64,0,45,0.2973416627870249
deep,64,0,46,0.291593190373096
deep,64,0,47,0.2857756864177317
deep,64,0,48,0.2800075733059443
deep,64,0,49,0.2744264701281492
deep,64,0,50,0.268877303128444
deep,64,0,51,0.2636072289451854
deep,64,0,52,0.2586702044040062
deep,64,0,53,0.2540018499180359
deep,64,0,54,0.2495141949630265
deep,64,0,55,0.245113075414768
deep,64,0,56,0.240783866715235
deep,64,0,57,0.2366536857996206
deep,64,0,58,0.2326906757312385
deep,64,0,59,0.228748151211565
deep,64,0,60,0.2249435925522488
deep,64,0,61,0.2211869103929221
deep,64,0,62,0.2174275675495472
deep,64,0,63,0.213989207960854
deep,64,0,64,0.21044282982891
deep,64,0,65,0.2069724455515564
deep,64,0,66,0.2036928908016325
deep,64,0,67,0.2004856639240657
deep,64,0,68,0.1974442412032933
deep,64,0,69,0.1943253754666066
deep,64,0,70,0.1915049138361794
deep,64,0,71,0.1886229642921491
deep,64,0,72,0.1858406380392802
deep,64,0,73,0.1833069689986101
deep,64,0,74,0.1807258189067197
deep,64,0,75,0.1782308143722974
deep,64,0,76,0.1757414533718292
deep,64,0,77,0.1733599539632637
deep,64,0,78,0.1709190902125017
deep,64,0,79,0.168531748676856
deep,64,0,80,0.1663129313041896
deep,64,0,81,0.1641294290827478
deep,64,0,82,0.1620451729965557
deep,64,0,83,0.160008836021661
deep,64,0,84,0.1579555543165038
deep,64,0,85,0.1559870023431893
deep,64,0,86,0.1541703740125291
deep,64,0,87,0.152341306462639
deep,64,0,88,0.1505153576440516
deep,64,0,89,0.1484822960661608
deep,64,0,90,0.1467172366955674
deep,64,0,91,0.1450225988892979
deep,64,0,92,0.1434577226349601
deep,64,0,93,0.14185804128969
deep,64,0,94,0.1401947500799479
deep,64,0,95,0.1384190435467904
deep,64,0,96,0.1366134346471204
deep,64,0,97,0.1347027703102105
deep,64,0,98,0.1327452231849819
deep,64,0,99,0.1309565730595772
deep,64,0,100,0.1291507063327276
deep,64,0,101,0.1274060575415103
deep,64,0,102,0.1254884462385374
deep,64,0,103,0.1235649888914953
deep,64,0,104,0.1216681519980809
deep,64,0,105,0.1196067762791894
deep,64,0,106,0.1175546578132005
deep,64,0,107,0.1156488252782257
deep,64,0,108,0.1139554330450796
deep,64,0,109,0.1122649972825917
deep,64,0,110,0.110899397247665
deep,64,0,111,0.10973234086988
deep,64,0,112,0.1085644921657786
deep,64,0,113,0.1074473557548795
deep,64,0,114,0.1060240411734
deep,64,0,115,0.1045119772290604
deep,64,0,116,0.1030558937058961
deep,64,0,117,0.1018009772628167
deep,64,0,118,0.1005492434067411
deep,64,0,119,0.0993457353634686
deep,64,0,120,0.0982694382177346
deep,64,0,121,0.0972066704884729
deep,64,0,122,0.096047854449906
deep,64,0,123,0.0949328883948619
deep,64,0,124,0.0937399543782775
deep,64,0,125,0.0925355886767572
deep,64,0,126,0.091287621537466
deep,64,0,127,0.0900680447191236
deep,64,0,128,0.0889852112886678
deep,64,0,129,0.0879206532427542
deep,64,0,130,0.0867865351664131
deep,64,0,131,0.0856187828257794
deep,64,0,132,0.0842914572792507
deep,64,0,133,0.0829564257228353
deep,64,0,134,0.0816050089699207
deep,64,0,135,0.0804546264235263
deep,64,0,136,0.0793308604255702
deep,64,0,137,0.0783592947943974
deep,64,0,138,0.0774564295812448
deep,64,0,139,0.0764792803583002
deep,64,0,140,0.0755385391940006
deep,64,0,141,0.0745608231512368
deep,64,0,142,0.0737154265418627
deep,64,0,143,0.0727447864306704
deep,64,0,144,0.0718310347977066
deep,64,0,145,0.0708422819543826
deep,64,0,146,0.0698778381441448
deep,64,0,147,0.0688708293761339
deep,64,0,148,0.0682043331715569
deep,64,0,149,0.0678150984760662
deep,64,0,150,0.0675787968700959
deep,64,0,151,0.0672930307696611
deep,64,0,152,0.0670684448158517
deep,64,0,153,0.0668470717040007
deep,64,0,154,0.066514684445905
deep,64,0,155,0.0661407833041972
deep,64,0,156,0.0658303760429576
deep,64,0,157,0.0654429411992797
deep,64,0,158,0.0650547426679125
deep,64,0,159,0.06466264765987
deep,64,0,160,0.0641082129790518
deep,64,0,161,0.0637151409326828
deep,64,0,162,0.0632986910857817
deep,64,0,163,0.0628787847324083
deep,64,0,164,0.0622715846912989
deep,64,0,165,0.0617101944505112
deep,64,0,166,0.0611499123507211
deep,64,0,167,0.0606431981550187
deep,64,0,168,0.0600384321841223
deep,64,0,169,0.0594729641379163
deep,64,0,170,0.0589368043992662
deep,64,0,171,0.0582876090550828
deep,64,0,172,0.0576010884490603
deep,64,0,173,0.0569626807574446
deep,64,0,174,0.0563067923571526
deep,64,0,175,0.055788386164941
deep,64,0,176,0.0553422948863964
deep,64,0,177,0.0551410114841791
deep,64,0,178,0.0549053584379939
deep,64,0,179,0.0545800662662104
deep,64,0,180,0.0539967031469895
deep,64,0,181,0.0534922636576297
deep,64,0,182,0.0530162683637464
deep,64,0,183,0.0525248544862532
deep,64,0,184,0.0519455503608802
deep,64,0,185,0.0512704566352995
deep,64,0,186,0.050344276582173
deep,64,0,187,0.0496005884382702
deep,64,0,188,0.0486524032708905
deep,64,0,189,0.0476868169010194
deep,64,0,190,0.0466351280201078
deep,64,0,191,0.0457260356979492
deep,64,0,192,0.0448867629837431
deep,64,0,193,0.0441004491118756
deep,64,0,194,0.0435664151716117
deep,64,0,195,0.043017662399107
deep,64,0,196,0.0425212010041465
deep,64,0,197,0.0418953150448282
deep,64,0,198,0.0412396016491359
deep,64,0,199,0.0404866303508232
deep,64,0,200,0.0397533238543898
deep,64,0,201,0.0390470452060747
deep,64,0,202,0.0383809380321055
deep,64,0,203,0.0377772106544125
deep,64,0,204,0.0374321760082605
deep,64,0,205,0.0368758587051188
deep,64,0,206,0.0363377589020897
deep,64,0,207,0.0359092698714894
deep,64,0,208,0.0355741858089615
deep,64,0,209,0.0353118185204924
deep,64,0,210,0.0349638007109436
deep,64,0,211,0.0345829108819242
deep,64,0,212,0.0340935438140722
deep,64,0,213,0.0338262474079969
deep,64,0,214,0.0333638035706304
deep,64,0,215,0.0327044681188902
deep,64,0,216,0.0320794837024061
deep,64,0,217,0.0314733288306052
deep,64,0,218,0.0308957520713451
deep,64,0,219,0.030262357993042
deep,64,0,220,0.0297116970473177
deep,64,0,221,0.0290950247809731
deep,64,0,222,0.0286439466648744
deep,64,0,223,0.0284806969236821
deep,64,0,224,0.0282235929429186
deep,64,0,225,0.027949416900582
deep,64,0,226,0.0276031496224601
deep,64,0,227,0.0273045409774
deep,64,0,228,0.027012994808937
deep,64,0,229,0.0266715247335851
deep,64,0,230,0.0265463850786043
deep,64,0,231,0.0265794460761585
deep,64,0,232,0.0263887880461299
deep,64,0,233,0.0263805066419031
deep,64,0,234,0.0262022215176411
deep,64,0,235,0.0261081653926565
deep,64,0,236,0.0260955354819864
deep,64,0,237,0.0263338451584878
deep,64,0,238,0.0266961175930098
deep,64,0,239,0.0268273476537443
deep,64,0,240,0.0268537240418409
deep,64,0,241,0.0268639017965278
deep,64,0,242,0.0266571967777422
deep,64,0,243,0.0264546128981409
deep,64,0,244,0.0261447711822202
deep,64,0,245,0.0257608465322253
deep,64,0,246,0.0255585707592202
deep,64,0,247,0.0254991548559087
deep,64,0,248,0.0253639516478705
deep,64,0,249,0.0251908540212759
deep,64,0,250,0.0251652194190312
deep,64,0,251,0.0251589048911093
deep,64,0,252,0.025089184809416
deep,64,0,253,0.0250861728596595
deep,64,0,254,0.0250702360031011
deep,64,0,255,0.0251323762927819
deep,64,0,256,0.0250598053501626
deep,64,0,257,0.0250191989372701
deep,64,0,258,0.0248306355961878
deep,64,0,259,0.024579512614674
deep,64,0,260,0.0242494766470335
deep,64,0,261,0.0237323155945279
deep,64,0,262,0.0231948318853715
deep,64,0,263,0.022489233711078
deep,64,0,264,0.0218415903727613
deep,64,0,265,0.0212656199079148
deep,64,0,266,0.0210311459037675
deep,64,0,267,0.0208933130349268
deep,64,0,268,0.0207636999916903
deep,64,0,269,0.0206291248351665
deep,64,0,270,0.0206612804503144
deep,64,0,271,0.0207069800975054
deep,64,0,272,0.0207074892056745
deep,64,0,273,0.0206606489546699
deep,64,0,274,0.0205976399892689
deep,64,0,275,0.0206794742470703
deep,64,0,276,0.0206008955871621
deep,64,0,277,0.0205441471553065
deep,64,0,278,0.0204729420091473
deep,64,0,279,0.0204107139781096
deep,64,0,280,0.0204379922639052
deep,64,0,281,0.0204692051234641
deep,64,0,282,0.0203178293764517
deep,64,0,283,0.0202721563204929
deep,64,0,284,0.020278749474591
deep,64,0,285,0.020452559791116
deep,64,0,286,0.0208034062997712
deep,64,0,287,0.0211067384037583
deep,64,0,288,0.0213621396401466
deep,64,0,289,0.0216081495677713
deep,64,0,290,0.0217535556950368
deep,64,0,291,0.0218869637821271
deep,64,0,292,0.0217359982393616
deep,64,0,293,0.0215417134396687
deep,64,0,294,0.0213779303178573
deep,64,0,295,0.0211682560315392
deep,64,0,296,0.0207808362663715
deep,64,0,297,0.020447658912088
deep,64,0,298,0.0201756307616121
deep,64,0,299,0.0198459774670065
deep,64,0,300,0.0193956372436441
deep,64,0,301,0.018936477441408
deep,64,0,302,0.0183628553659392
deep,64,0,303,0.0179853481690474
deep,64,0,304,0.0176532872119508
deep,64,0,305,0.0173676271790284
deep,64,0,306,0.0168976331378684
deep,64,0,307,0.0165127911054694
deep,64,0,308,0.0162208837624253
deep,64,0,309,0.0155811212382701
deep,64,0,310,0.0148562809992207
deep,64,0,311,0.0141796458990415
deep,64,0,312,0.0136093735224043
deep,64,0,313,0.0127726261046628
deep,64,0,314,0.0120443983470346
deep,64,0,315,0.0114098846625767
deep,64,0,316,0.0106983698156623
deep,64,0,317,0.0099878312617671
deep,64,0,318,0.0095215834867007
deep,64,0,319,0.0090302288354274
deep,64,0,320,0.0084401930803267
deep,64,0,321,0.0080023643012803
deep,64,0,322,0.0075022924431543
deep,64,0,323,0.0071743985479803
deep,64,0,324,0.0067533294742997
deep,64,0,325,0.0065739961911513
deep,64,0,326,0.0064464886300772
deep,64,0,327,0.0064279230335186
deep,64,0,328,0.0064690119024337
deep,64,0,329,0.0065684683240998
deep,64,0,330,0.0067103758772068
deep,64,0,331,0.0069069600611401
deep,64,0,332,0.0068979186099094
deep,64,0,333,0.0068701412807589
deep,64,0,334,0.0068193980073685
deep,64,0,335,0.0068584660504035
deep,64,0,336,0.0068664594972723
deep,64,0,337,0.0067958704991891
deep,64,0,338,0.0065924132600529
deep,64,0,339,0.0064363676527232
deep,64,0,340,0.0060745647371389
deep,64,0,341,0.0056996141946528
deep,64,0,342,0.0053008333509177
deep,64,0,343,0.0050081238373808
deep,64,0,344,0.0046931343901475
deep,64,0,345,0.0045193278026511
deep,64,0,346,0.0043004280051458
deep,64,0,347,0.0041899919624754
deep,64,0,348,0.00425457452046
deep,64,0,349,0.0043140002153725
deep,64,0,350,0.0042353359146704
deep,64,0,351,0.00431991594384
deep,64,0,352,0.0044580163116053
deep,64,0,353,0.0045617677406535
deep,64,0,354,0.0044767639960105
deep,64,0,355,0.0043507399597061
deep,64,0,356,0.0041954881932742
deep,64,0,357,0.0038949965689452
deep,64,0,358,0.0037404147284044
deep,64,0,359,0.0034117885114052
deep,64,0,360,0.0030602783086467
deep,64,0,361,0.0025934065822677
deep,64,0,362,0.0021811150420282
deep,64,0,363,0.0019380502610101
deep,64,0,364,0.0019118788751269
deep,64,0,365,0.0017767556626204
deep,64,0,366,0.001548441536207
deep,64,0,367,0.001385061124005
deep,64,0,368,0.0012907408966823
deep,64,0,369,0.0012139816658116
deep,64,0,370,0.0009770358449424
deep,64,0,371,0.0007027470275673
deep,64,0,372,0.0004595166882754
deep,64,0,373,0.0004088251445707
deep,64,0,374,0.0003355896916295
deep,64,0,375,0.0003904850654066
deep,64,0,376,0.0006193693875874
deep,64,0,377,0.0007732261761227
deep,64,0,378,0.0008815873331225
deep,64,0,379,0.0010065532613201
deep,64,0,380,0.0012401779991802
deep,64,0,381,0.0016143504221397
deep,64,0,382,0.00205060521513
deep,64,0,383,0.0024442545402952
deep,64,0,384,0.0027463719891157
deep,64,0,385,0.0031702660069772
deep,64,0,386,0.003566046956598
deep,64,0,387,0.003825311303182
deep,64,0,388,0.0040407063188753
deep,64,0,389,0.0041918643868712
deep,64,0,390,0.0042990213292797
deep,64,0,391,0.0044674020528888
deep,64,0,392,0.0045935357789988
deep,64,0,393,0.0046389707580545
deep,64,0,394,0.0046973769143086
deep,64,0,395,0.0045981846910659
deep,64,0,396,0.004621354151405
deep,64,0,397,0.0046270058226614
deep,64,0,398,0.0045469740208923
deep,64,0,399,0.0045391918067978
deep,64,0,400,0.0043969285910222
deep,64,1,0,1.0
deep,64,1,1,0.9665822420047347
deep,64,1,2,0.9349933760864086
deep,64,1,3,0.9052349986401153
deep,64,1,4,0.8771587610695682
deep,64,1,5,0.8503693531739689
deep,64,1,6,0.8249194135427838
deep,64,1,7,0.8007608884541657
deep,64,1,8,0.777720299572197
deep,64,1,9,0.7556645316929541
deep,64,1,10,0.7345218416205953
deep,64,1,11,0.7143595062675032
deep,64,1,12,0.6949205491023535
deep,64,1,13,0.6763342533523509
deep,64,1,14,0.6586336040163477
deep,64,1,15,0.6417223685771896
deep,64,1,16,0.6255642018477401
deep,64,1,17,0.6100765956016552
deep,64,1,18,0.5950356775767593
deep,64,1,19,0.5806810116080419
deep,64,1,20,0.5668774934019782
deep,64,1,21,0.5537019967103775
deep,64,1,22,0.5409768325129064
deep,64,1,23,0.5285744600495311
deep,64,1,24,0.516518510395611
deep,64,1,25,0.5047361980614081
deep,64,1,26,0.4934225735169028
deep,64,1,27,0.4825308881991375
deep,64,1,28,0.4718637188524893
deep,64,1,29,0.4616803970278611
deep,64,1,30,0.4518323575342047
deep,64,1,31,0.4422726529246369
deep,64,1,32,0.4328026657363507
deep,64,1,33,0.4235512679093896
deep,64,1,34,0.4143968015315906
deep,64,1,35,0.4052983216663158
deep,64,1,36,0.3964485767043911
deep,64,1,37,0.3879899571818022
deep,64,1,38,0.3798282834748651
deep,64,1,39,0.3720050913089536
deep,64,1,40,0.3643815255357402
deep,64,1,41,0.3569148819785716
deep,64,1,42,0.3497054907652719
deep,64,1,43,0.3426718153261848
deep,64,1,44,0.3360145086124627
deep,64,1,45,0.3295386434549019
deep,64,1,46,0.3232139466117851
deep,64,1,47,0.3169222192183465
deep,64,1,48,0.3106152778357684
deep,64,1,49,0.3044636657723722
deep,64,1,50,0.2984504091449279
deep,64,1,51,0.2927722829937677
deep,64,1,52,0.2873714096539446
deep,64,1,53,0.282163997101967
deep,64,1,54,0.2772028025509294
deep,64,1,55,0.2724245282244156
deep,64,1,56,0.2679593702701299
deep,64,1,57,0.263657301007359
deep,64,1,58,0.2593338575884981
deep,64,1,59,0.2548060187802053
deep,64,1,60,0.2502357297356862
deep,64,1,61,0.2456820481701624
deep,64,1,62,0.2414339062640393
deep,64,1,63,0.237306093645693
deep,64,1,64,0.2333042875189503
deep,64,1,65,0.2292187732935466
deep,64,1,66,0.2250115249291126
deep,64,1,67,0.221062150370644
deep,64,1,68,0.2172485550651374
deep,64,1,69,0.2137057936018732
deep,64,1,70,0.210258491289332
deep,64,1,71,0.2068522447163883
deep,64,1,72,0.2033550727802604
deep,64,1,73,0.2000417817188788
deep,64,1,74,0.1969472423162768
deep,64,1,75,0.1940038761791231
deep,64,1,76,0.1911463184339454
deep,64,1,77,0.1882363116910578
deep,64,1,78,0.1853043103182479
deep,64,1,79,0.1824880943824354
deep,64,1,80,0.1796022379665179
deep,64,1,81,0.1767309839131875
deep,64,1,82,0.1738602138388369
deep,64,1,83,0.171099376784644
deep,64,1,84,0.1681214064306944
deep,64,1,85,0.1652488861799555
deep,64,1,86,0.1625068568671815
deep,64,1,87,0.1597523809355058
deep,64,1,88,0.1571630025028706
deep,64,1,89,0.1546531372909736
deep,64,1,90,0.1521764440204157
deep,64,1,91,0.1497419029018728
deep,64,1,92,0.1474143503884629
deep,64,1,93,0.145274264557067
deep,64,1,94,0.1431888047342914
deep,64,1,95,0.1411452389612627
deep,64,1,96,0.1391609579452043
deep,64,1,97,0.1371719889956453
deep,64,1,98,0.1353600090122985
deep,64,1,99,0.1334904883226439
deep,64,1,100,0.1316037329931994
deep,64,1,101,0.129607650966243
deep,64,1,102,0.1276411175589265
deep,64,1,103,0.1256440042446509
deep,64,1,104,0.1238315104661764
deep,64,1,105,0.1222152341206471
deep,64,1,106,0.1206299650241496
deep,64,1,107,0.1190722090223692
deep,64,1,108,0.1176133749318234
deep,64,1,109,0.116258604124865
deep,64,1,110,0.1149972220915751
deep,64,1,111,0.1136965438377668
deep,64,1,112,0.112291168591914
deep,64,1,113,0.1108980323543554
deep,64,1,114,0.1095219628078901
deep,64,1,115,0.1080102747955936
deep,64,1,116,0.1064298800600423
deep,64,1,117,0.1048932637410605
deep,64,1,118,0.1033591533875575
deep,64,1,119,0.1019381282114166
deep,64,1,120,0.1005689604058314
deep,64,1,121,0.099267473432486
deep,64,1,122,0.097791012316186
deep,64,1,123,0.0963762945904321
deep,64,1,124,0.0948604542901512
deep,64,1,125,0.0933648135518253
deep,64,1,126,0.0919764883874905
deep,64,1,127,0.0906340452183877
deep,64,1,128,0.0892672658020179
deep,64,1,129,0.0878777458893135
deep,64,1,130,0.08641037310057
deep,64,1,131,0.0850415858512748
deep,64,1,132,0.0836660695849601
deep,64,1,133,0.0823098098554665
deep,64,1,134,0.0810505480634289
deep,64,1,135,0.0799123256325053
deep,64,1,136,0.0787438659031992
deep,64,1,137,0.0776120624726831
deep,64,1,138,0.0765312958964599
deep,64,1,139,0.0754238671275207
deep,64,1,140,0.0742943589664554
deep,64,1,141,0.0730866152038602
deep,64,1,142,0.0718978024283186
deep,64,1,143,0.0707701095689384
deep,64,1,144,0.0696850670277501
deep,64,1,145,0.0685704063459479
deep,64,1,146,0.0674777524997675
deep,64,1,147,0.0663764667388525
deep,64,1,148,0.0653271441158561
deep,64,1,149,0.0642588929018079
deep,64,1,150,0.0632264408955825
deep,64,1,151,0.0622037172895508
deep,64,1,152,0.0612051297643535
deep,64,1,153,0.0602313522427199
deep,64,1,154,0.0591560748917824
deep,64,1,155,0.058051692996636
deep,64,1,156,0.0569828437050613
deep,64,1,157,0.0560501338021866
deep,64,1,158,0.0551902490239551
deep,64,1,159,0.0541755276950403
deep,64,1,160,0.0530213301515599
deep,64,1,161,0.0520535993915969
deep,64,1,162,0.0510112285422788
deep,64,1,163,0.0501238174433699
deep,64,1,164,0.0492639570264633
deep,64,1,165,0.0484804842060989
deep,64,1,166,0.047614400023059
deep,64,1,167,0.0467475687038227
deep,64,1,168,0.0460757852930998
deep,64,1,169,0.0453982837604723
deep,64,1,170,0.0444644138631631
deep,64,1,171,0.0437886746237527
deep,64,1,172,0.0432606378721645
deep,64,1,173,0.0428269384930051
deep,64,1,174,0.0423746815517829
deep,64,1,175,0.0419367729227688
deep,64,1,176,0.041512272829617
deep,64,1,177,0.0411505424503575
deep,64,1,178,0.0407361988855274
deep,64,1,179,0.0403184289186736
deep,64,1,180,0.0399483672240284
deep,64,1,181,0.0395330983364567
deep,64,1,182,0.0391397285949379
deep,64,1,183,0.0385441724629959
deep,64,1,184,0.037866508770482
deep,64,1,185,0.0371345445688858
deep,64,1,186,0.0365345497378616
deep,64,1,187,0.036118560376036
deep,64,1,188,0.035752383891478
deep,64,1,189,0.0354392039121943
deep,64,1,190,0.0351394047876557
deep,64,1,191,0.0347885567349557
deep,64,1,192,0.0343678355294197
deep,64,1,193,0.0339381048065802
deep,64,1,194,0.0334987066570159
deep,64,1,195,0.0331616380805992
deep,64,1,196,0.0327280657062796
deep,64,1,197,0.032462849416277
deep,64,1,198,0.0322193275756237
deep,64,1,199,0.0318373059074418
deep,64,1,200,0.0315482938946789
deep,64,1,201,0.0313378152532936
deep,64,1,202,0.030980285423097
deep,64,1,203,0.0306043254855732
deep,64,1,204,0.0304232452923544
deep,64,1,205,0.0303789188574335
deep,64,1,206,0.0301928576729152
deep,64,1,207,0.0298685753347952
deep,64,1,208,0.029531550635332
deep,64,1,209,0.0292536257606141
deep,64,1,210,0.0289039506663554
deep,64,1,211,0.028437529858345
deep,64,1,212,0.0279866396139283
deep,64,1,213,0.0275011798905337
deep,64,1,214,0.027057816882903
deep,64,1,215,0.0266469516464917
deep,64,1,216,0.0264270350692635
deep,64,1,217,0.0263826697334093
deep,64,1,218,0.0263737950319076
deep,64,1,219,0.0262912859803112
deep,64,1,220,0.0261799927017677
deep,64,1,221,0.0261560102840655
deep,64,1,222,0.0259571747072979
deep,64,1,223,0.0257442240958521
deep,64,1,224,0.0253280870085486
deep,64,1,225,0.0249387396972681
deep,64,1,226,0.0246306588301004
deep,64,1,227,0.0243590832118265
deep,64,1,228,0.0240835945036208
deep,64,1,229,0.0238514911394236
deep,64,1,230,0.0236129633645767
deep,64,1,231,0.0234951503464588
deep,64,1,232,0.0233696919213585
deep,64,1,233,0.0231253532366707
deep,64,1,234,0.0228038735628858
deep,64,1,235,0.0225631519365005
deep,64,1,236,0.0222609503823344
deep,64,1,237,0.0219405530615272
deep,64,1,238,0.0217124480212261
deep,64,1,239,0.0214389116503343
deep,64,1,240,0.0212479588529043
deep,64,1,241,0.0212344890814824
deep,64,1,242,0.0212136835560951
deep,64,1,243,0.0212339092463504
deep,64,1,244,0.021256321952053
deep,64,1,245,0.0212964175447306
deep,64,1,246,0.0215233884315172
deep,64,1,247,0.0217149452171875
deep,64,1,248,0.0217966073018626
deep,64,1,249,0.0219381376382604
deep,64,1,250,0.0220843457124385
deep,64,1,251,0.0221106210353251
deep,64,1,252,0.0222069140811603
deep,64,1,253,0.0221756007709836
deep,64,1,254,0.0220027061986189
deep,64,1,255,0.0220296704957834
deep,64,1,256,0.0222036912599068
deep,64,1,257,0.0224141710029283
deep,64,1,258,0.0225271437682701
deep,64,1,259,0.0227126853714752
deep,64,1,260,0.0228730518835266
deep,64,1,261,0.0230041954137138
deep,64,1,262,0.0231729957843747
deep,64,1,263,0.0232761658463339
deep,64,1,264,0.0233713392819734
deep,64,1,265,0.0234522152369155
deep,64,1,266,0.023503527418171
deep,64,1,267,0.023522774643371
deep,64,1,268,0.0235625180724799
deep,64,1,269,0.0237228680880196
deep,64,1,270,0.0237966312768959
deep,64,1,271,0.0239498597675298
deep,64,1,272,0.0240349819248216
deep,64,1,273,0.0242313524907014
deep,64,1,274,0.024603677292802
deep,64,1,275,0.0250277412670521
deep,64,1,276,0.0252221170432871
deep,64,1,277,0.0252482045849491
deep,64,1,278,0.0251916499486778
deep,64,1,279,0.025258734224399
deep,64,1,280,0.0253567581143756
deep,64,1,281,0.025396427700857
deep,64,1,282,0.0251931861779451
deep,64,1,283,0.0252051816577437
deep,64,1,284,0.0251433077970323
deep,64,1,285,0.0250122106711045
deep,64,1,286,0.0248158790981717
deep,64,1,287,0.0246770828000916
deep,64,1,288,0.0245086239424779
deep,64,1,289,0.0243237164918806
deep,64,1,290,0.0241322640219072
deep,64,1,291,0.0239155395641656
deep,64,1,292,0.0236784179757051
deep,64,1,293,0.0234290650807335
deep,64,1,294,0.0231702287969619
deep,64,1,295,0.0229281347121238
deep,64,1,296,0.0225911637738612
deep,64,1,297,0.02236029995205
deep,64,1,298,0.0220883765037901
deep,64,1,299,0.0218749006928027
deep,64,1,300,0.0216918432282551
deep,64,1,301,0.0216375966700304
deep,64,1,302,0.0215075992075603
deep,64,1,303,0.0214188172960437
deep,64,1,304,0.0215170369263932
deep,64,1,305,0.0217232073041111
deep,64,1,306,0.0218397032057377
deep,64,1,307,0.0220455287534196
deep,64,1,308,0.0223060178486833
deep,64,1,309,0.0224379415349908
deep,64,1,310,0.0222369357673785
deep,64,1,311,0.0220470704029968
deep,64,1,312,0.0219008982629801
deep,64,1,313,0.0216795224902651
deep,64,1,314,0.0213551119503249
deep,64,1,315,0.0209396252775295
deep,64,1,316,0.0206744523618857
deep,64,1,317,0.0206027666780204
deep,64,1,318,0.0206793944542892
deep,64,1,319,0.0208326994527236
deep,64,1,320,0.0209068481118323
deep,64,1,321,0.0208242704441053
deep,64,1,322,0.0208857609573624
deep,64,1,323,0.0209499513426745
deep,64,1,324,0.0209009548055002
deep,64,1,325,0.0209972137398058
deep,64,1,326,0.0211338905517412
deep,64,1,327,0.0210211675300187
deep,64,1,328,0.0210028787978001
deep,64,1,329,0.0210577254039073
deep,64,1,330,0.0211981808717686
deep,64,1,331,0.0211852752049072
deep,64,1,332,0.021007868772012
deep,64,1,333,0.0209276890528664
deep,64,1,334,0.021021406877812
deep,64,1,335,0.0210919161585934
deep,64,1,336,0.0211562241120347
deep,64,1,337,0.0211176256700074
deep,64,1,338,0.0210514877936266
deep,64,1,339,0.0208735711828643
deep,64,1,340,0.0206541274108592
deep,64,1,341,0.0203841092166502
deep,64,1,342,0.0200114411405537
deep,64,1,343,0.0195885532731268
deep,64,1,344,0.0190758156712434
deep,64,1,345,0.0184526577881724
deep,64,1,346,0.017893580694881
deep,64,1,347,0.0172596727096264
deep,64,1,348,0.0165818953530232
deep,64,1,349,0.0158713152164301
deep,64,1,350,0.0151798196047803
deep,64,1,351,0.0145709389320503
deep,64,1,352,0.0139957199214301
deep,64,1,353,0.0133911520669748
deep,64,1,354,0.0128004051002071
deep,64,1,355,0.0120343045466763
deep,64,1,356,0.0114028406226024
deep,64,1,357,0.0108627485273305
deep,64,1,358,0.0104045344150296
deep,64,1,359,0.0099547670261191
deep,64,1,360,0.0095627939190652
deep,64,1,361,0.0092285372162452
deep,64,1,362,0.0089970636915397
deep,64,1,363,0.0088377443689218
deep,64,1,364,0.008511688574851
deep,64,1,365,0.0082347444613553
deep,64,1,366,0.0081300534380166
deep,64,1,367,0.0080309777500556
deep,64,1,368,0.0078550709693786
deep,64,1,369,0.0077944388944813
deep,64,1,370,0.0075971996393437
deep,64,1,371,0.0073967552211585
deep,64,1,372,0.0071501540362842
deep,64,1,373,0.0069547526751414
deep,64,1,374,0.0067390575657396
deep,64,1,375,0.0065201398657782
deep,64,1,376,0.0064159341394229
deep,64,1,377,0.0061979406040187
deep,64,1,378,0.0060293717319388
deep,64,1,379,0.005764383307312
deep,64,1,380,0.0055842101756087
deep,64,1,381,0.0053655859948068
deep,64,1,382,0.0051657883066864
deep,64,1,383,0.0050069332741725
deep,64,1,384,0.0047829165638651
deep,64,1,385,0.0045740938153596
deep,64,1,386,0.0044238239837533
deep,64,1,387,0.0044059004524451
deep,64,1,388,0.0044222149635119
deep,64,1,389,0.004439177517225
deep,64,1,390,0.0044403055923761
deep,64,1,391,0.0044288278802602
deep,64,1,392,0.0045227378881718
deep,64,1,393,0.0045924603465596
deep,64,1,394,0.004769256742144
deep,64,1,395,0.0050134002507676
deep,64,1,396,0.005000886649739
deep,64,1,397,0.0049280961026829
deep,64,1,398,0.0048250853188037
deep,64,1,399,0.0048118060739511
deep,64,1,400,0.0047330736655325
deep,64,2,0,1.0
deep,64,2,1,0.9639047929337808
deep,64,2,2,0.9297767999404168
deep,64,2,3,0.8976483587269962
deep,64,2,4,0.8670529431601282
deep,64,2,5,0.8380170118580983
deep,64,2,6,0.8104236231091715
deep,64,2,7,0.7841400123291447
deep,64,2,8,0.7591630672872647
deep,64,2,9,0.7352053846301793
deep,64,2,10,0.7123602459870241
deep,64,2,11,0.6906189395579714
deep,64,2,12,0.6698648041113494
deep,64,2,13,0.6499226667765396
deep,64,2,14,0.6308834235199305
deep,64,2,15,0.6126595783398106
deep,64,2,16,0.5952903005089693
deep,64,2,17,0.5787148118433822
deep,64,2,18,0.5631230710026103
deep,64,2,19,0.5481986166308022
deep,64,2,20,0.5337593898911314
deep,64,2,21,0.5199459748348407
deep,64,2,22,0.5065811563658968
deep,64,2,23,0.4938201995400043
deep,64,2,24,0.4815602912433276
deep,64,2,25,0.4699214288648716
deep,64,2,26,0.4588350080697734
deep,64,2,27,0.4479045558000026
deep,64,2,28,0.4374618156139834
deep,64,2,29,0.4273766809236077
deep,64,2,30,0.4175151205937218
deep,64,2,31,0.407971426452414
deep,64,2,32,0.3987601837764806
deep,64,2,33,0.389870916765988
deep,64,2,34,0.3813861938878851
deep,64,2,35,0.3731464940139812
deep,64,2,36,0.3651611108616511
deep,64,2,37,0.3574374430608338
deep,64,2,38,0.350221199895298
deep,64,2,39,0.3433474614875322
deep,64,2,40,0.3364124649649952
deep,64,2,41,0.3297296716562387
deep,64,2,42,0.3231360471177332
deep,64,2,43,0.3166233201313698
deep,64,2,44,0.3102347213706284
deep,64,2,45,0.3039749214244797
deep,64,2,46,0.2977076961264909
deep,64,2,47,0.2916357378941073
deep,64,2,48,0.2857126954615086
deep,64,2,49,0.2798969299311019
deep,64,2,50,0.2742385077003201
deep,64,2,51,0.2688666237421062
deep,64,2,52,0.263505417262993
deep,64,2,53,0.2582559682437899
deep,64,2,54,0.2530694325072953
deep,64,2,55,0.2480724003025643
deep,64,2,56,0.2431887306065368
deep,64,2,57,0.2384532274082931
deep,64,2,58,0.233835789028477
deep,64,2,59,0.2293633089111585
deep,64,2,60,0.2248829964272987
deep,64,2,61,0.2205710172471528
deep,64,2,62,0.2161702020837544
deep,64,2,63,0.2118918920675141
deep,64,2,64,0.2077471078344624
deep,64,2,65,0.2034306810258969
deep,64,2,66,0.1992936827327828
deep,64,2,67,0.1953690678658734
deep,64,2,68,0.1914589033229011
deep,64,2,69,0.1877435452216679
deep,64,2,70,0.1841591228063017
deep,64,2,71,0.1807060549691449
deep,64,2,72,0.1771798529334881
deep,64,2,73,0.1736859969307849
deep,64,2,74,0.170217929526674
deep,64,2,75,0.1669116758179576
deep,64,2,76,0.1635607824345917
deep,64,2,77,0.1602540556490874
deep,64,2,78,0.1571754709449789
deep,64,2,79,0.1540375087096515
deep,64,2,80,0.1509373086632577
deep,64,2,81,0.1479846253561552
deep,64,2,82,0.1450781416011013
deep,64,2,83,0.1423035048362917
deep,64,2,84,0.139642963535648
deep,64,2,85,0.1368068706269314
deep,64,2,86,0.1340983300666673
deep,64,2,87,0.1314646898436901
deep,64,2,88,0.1288969033659166
deep,64,2,89,0.1263065569769621
deep,64,2,90,0.1237464211520066
deep,64,2,91,0.1212055565621674
deep,64,2,92,0.1186871141299998
deep,64,2,93,0.1162711250041497
deep,64,2,94,0.1140495278815685
deep,64,2,95,0.111866179295482
deep,64,2,96,0.10966849142845
deep,64,2,97,0.1074049557207017
deep,64,2,98,0.1051721030689828
deep,64,2,99,0.102974496324618
deep,64,2,100,0.1009315049219598
deep,64,2,101,0.0990579194030061
deep,64,2,102,0.0972328309936844
deep,64,2,103,0.095476989803964
deep,64,2,104,0.0936661261547786
deep,64,2,105,0.0921052379565537
deep,64,2,106,0.0904471729219971
deep,64,2,107,0.0889432339546882
deep,64,2,108,0.0875405075082473
deep,64,2,109,0.0860410972988443
deep,64,2,110,0.0843506794495494
deep,64,2,111,0.0826549333069991
deep,64,2,112,0.0808071045900834
deep,64,2,113,0.0790029427649817
deep,64,2,114,0.077130125538998
deep,64,2,115,0.0754834015924229
deep,64,2,116,0.073839341251017
deep,64,2,117,0.0721154123992515
deep,64,2,118,0.0703288878246634
deep,64,2,119,0.0685253333878735
deep,64,2,120,0.0664724143682119
deep,64,2,121,0.0644675417049575
deep,64,2,122,0.0625342470114689
deep,64,2,123,0.0606008599454566
deep,64,2,124,0.058638827629514
deep,64,2,125,0.056924742864638
deep,64,2,126,0.0552171604477234
deep,64,2,127,0.0537862680819605
deep,64,2,128,0.052573306134318
deep,64,2,129,0.0513733307954617
deep,64,2,130,0.0502840150837623
deep,64,2,131,0.049360020689203
deep,64,2,132,0.0484715204433991
deep,64,2,133,0.0475734569908637
deep,64,2,134,0.0468099495693467
deep,64,2,135,0.0462272112811293
deep,64,2,136,0.0456089290228754
deep,64,2,137,0.0449095573651665
deep,64,2,138,0.0444059720954424
deep,64,2,139,0.043950666730486
deep,64,2,140,0.0434765009861968
deep,64,2,141,0.0432785038965621
deep,64,2,142,0.0430814583107902
deep,64,2,143,0.0426540460818267
deep,64,2,144,0.0422754274405031
deep,64,2,145,0.0419794927110439
deep,64,2,146,0.0416425856508461
deep,64,2,147,0.0411365284675896
deep,64,2,148,0.0405491758668897
deep,64,2,149,0.0400412215967155
deep,64,2,150,0.0392961908569616
deep,64,2,151,0.0385497008955305
deep,64,2,152,0.0376904774567662
deep,64,2,153,0.0366330953394078
deep,64,2,154,0.0356543545962998
deep,64,2,155,0.0347369290436738
deep,64,2,156,0.033811402679371
deep,64,2,157,0.0328619508949663
deep,64,2,158,0.0317935353685697
deep,64,2,159,0.0307592085951519
deep,64,2,160,0.0297474007466763
deep,64,2,161,0.0288699781608108
deep,64,2,162,0.0280822146530439
deep,64,2,163,0.0274066250137642
deep,64,2,164,0.026632226314164
deep,64,2,165,0.0259469101295358
deep,64,2,166,0.0253488346992872
deep,64,2,167,0.0248919039309863
deep,64,2,168,0.0244700230403905
deep,64,2,169,0.0239347180036319
deep,64,2,170,0.0236296168919693
deep,64,2,171,0.0234488470951489
deep,64,2,172,0.0233204649762324
deep,64,2,173,0.0231731008710969
deep,64,2,174,0.0230065053770312
deep,64,2,175,0.0229481212872534
deep,64,2,176,0.0229315310452463
deep,64,2,177,0.0228776221661058
deep,64,2,178,0.0228909088755068
deep,64,2,179,0.0229161744797944
deep,64,2,180,0.0227890099413387
deep,64,2,181,0.0227940212791155
deep,64,2,182,0.0226358490298524
deep,64,2,183,0.0224314682625568
deep,64,2,184,0.0222434590321058
deep,64,2,185,0.0219895417319303
deep,64,2,186,0.0217235291365627
deep,64,2,187,0.021354539997739
deep,64,2,188,0.0209002644227764
deep,64,2,189,0.0205242824123516
deep,64,2,190,0.0201206093624858
deep,64,2,191,0.0197717892398429
deep,64,2,192,0.0192729727393229
deep,64,2,193,0.0187978072464922
deep,64,2,194,0.0184331367038732
deep,64,2,195,0.0181992725978215
deep,64,2,196,0.0177941909605535
deep,64,2,197,0.0174258892628754
deep,64,2,198,0.0170378319890569
deep,64,2,199,0.0166104620815691
deep,64,2,200,0.0161977118041055
deep,64,2,201,0.0158293311917274
deep,64,2,202,0.0154607401225591
deep,64,2,203,0.0150073473481168
deep,64,2,204,0.014599983763467
deep,64,2,205,0.0140294239180566
deep,64,2,206,0.0136419400568578
deep,64,2,207,0.0133022222880104
deep,64,2,208,0.0130612359457057
deep,64,2,209,0.0127907336200568
deep,64,2,210,0.0126047007789469
deep,64,2,211,0.0123378964276715
deep,64,2,212,0.0120292083577798
deep,64,2,213,0.011714900268758
deep,64,2,214,0.0113538738756223
deep,64,2,215,0.0110450028085842
deep,64,2,216,0.0107937184181454
deep,64,2,217,0.0107307066406698
deep,64,2,218,0.0105549100611178
deep,64,2,219,0.0105031491425274
deep,64,2,220,0.0103222089786764
deep,64,2,221,0.0101082843713985
deep,64,2,222,0.0099680489434746
deep,64,2,223,0.0096643491421104
deep,64,2,224,0.0093923555616651
deep,64,2,225,0.0092675197689696
deep,64,2,226,0.0091914156153771
deep,64,2,227,0.0091868120875242
deep,64,2,228,0.0090822807294999
deep,64,2,229,0.0090110457686295
deep,64,2,230,0.0089302828760282
deep,64,2,231,0.008870737861109
deep,64,2,232,0.0088577365782584
deep,64,2,233,0.0087871419982503
deep,64,2,234,0.0087554901713901
deep,64,2,235,0.0088833382493835
deep,64,2,236,0.0089200348557248
deep,64,2,237,0.0091068994176683
deep,64,2,238,0.0093152899017597
deep,64,2,239,0.0093056943672333
deep,64,2,240,0.0093352848855015
deep,64,2,241,0.0094415813555556
deep,64,2,242,0.0096874327638822
deep,64,2,243,0.0099860131989269
deep,64,2,244,0.0103434396764187
deep,64,2,245,0.0106036626047698
deep,64,2,246,0.0108527613050185
deep,64,2,247,0.0110253657884026
deep,64,2,248,0.011359405058126
deep,64,2,249,0.0117447158978207
deep,64,2,250,0.0120021148995176
deep,64,2,251,0.0122202351126123
deep,64,2,252,0.0123296049163513
deep,64,2,253,0.0123378944795601
deep,64,2,254,0.0124240855862835
deep,64,2,255,0.0124028764549532
deep,64,2,256,0.0123063121290218
deep,64,2,257,0.0120512125015099
deep,64,2,258,0.0117427541907489
deep,64,2,259,0.011534260775855
deep,64,2,260,0.011443013680998
deep,64,2,261,0.0114579620236457
deep,64,2,262,0.0115485968850395
deep,64,2,263,0.0117167796409262
deep,64,2,264,0.0117696834214242
deep,64,2,265,0.0119758404709352
deep,64,2,266,0.0122198528326672
deep,64,2,267,0.0126304920330531
deep,64,2,268,0.0130704300219223
deep,64,2,269,0.0133251755020818
deep,64,2,270,0.0135204457053842
deep,64,2,271,0.0137701224248477
deep,64,2,272,0.0138107184255123
deep,64,2,273,0.0140518220470652
deep,64,2,274,0.0144478070008468
deep,64,2,275,0.0146046501001387
deep,64,2,276,0.0146463633286179
deep,64,2,277,0.01465961843001
deep,64,2,278,0.014637339524501
deep,64,2,279,0.0146838469179184
deep,64,2,280,0.0149180750918164
deep,64,2,281,0.0151326686237911
deep,64,2,282,0.0153698832381461
deep,64,2,283,0.0157866374006305
deep,64,2,284,0.0162063010889142
deep,64,2,285,0.0165368075814455
deep,64,2,286,0.0168857104215528
deep,64,2,287,0.0171651252819132
deep,64,2,288,0.0173417258616494
deep,64,2,289,0.0173574538001463
deep,64,2,290,0.0170257775999518
deep,64,2,291,0.0167622019107514
deep,64,2,292,0.0165077621261882
deep,64,2,293,0.0162603449352103
deep,64,2,294,0.0158792568360995
deep,64,2,295,0.0154814405261355
deep,64,2,296,0.015011943071331
deep,64,2,297,0.0144830953200399
deep,64,2,298,0.0139673984475052
deep,64,2,299,0.0132638538508799
deep,64,2,300,0.0127171444755868
deep,64,2,301,0.0122386845517662
deep,64,2,302,0.0117506613632908
deep,64,2,303,0.0111096704281866
deep,64,2,304,0.0106802827239639
deep,64,2,305,0.0103771543421241
deep,64,2,306,0.0102896303664766
deep,64,2,307,0.0098987853142034
deep,64,2,308,0.0093794872688163
deep,64,2,309,0.0087929586128187
deep,64,2,310,0.0081723152789298
deep,64,2,311,0.0075293639999109
deep,64,2,312,0.0068405330098775
deep,64,2,313,0.0064278578888664
deep,64,2,314,0.0060372809729004
deep,64,2,315,0.0056782982451485
deep,64,2,316,0.0053480124441309
deep,64,2,317,0.0049823168015885
deep,64,2,318,0.004666381749016
deep,64,2,319,0.0044734645924476
deep,64,2,320,0.0043333238356595
deep,64,2,321,0.0041311171651937
deep,64,2,322,0.0041350216358069
deep,64,2,323,0.0041735501945758
deep,64,2,324,0.0040604213937673
deep,64,2,325,0.0038415076275545
deep,64,2,326,0.0036492916500289
deep,64,2,327,0.0034817957405389
deep,64,2,328,0.0032142789812432
deep,64,2,329,0.0029415435544256
deep,64,2,330,0.0023911470727459
deep,64,2,331,0.0018160202089199
deep,64,2,332,0.0014820613968368
deep,64,2,333,0.0012134820635356
deep,64,2,334,0.0010142386083548
deep,64,2,335,0.0009502920737302
deep,64,2,336,0.0007146210348461
deep,64,2,337,0.0006373341815158
deep,64,2,338,0.0004398455976684
deep,64,2,339,0.0004587598779817
deep,64,2,340,0.0004216911786774
deep,64,2,341,0.000305471249187
deep,64,2,342,0.0002089922853394
deep,64,2,343,5.342045633511324e-06
deep,64,2,344,-0.0002931816840499
deep,64,2,345,-0.0005242940077136
deep,64,2,346,-0.0007850732911092
deep,64,2,347,-0.0010430724673285
deep,64,2,348,-0.0013152418573112
deep,64,2,349,-0.0014727627716374
deep,64,2,350,-0.001631704112163
deep,64,2,351,-0.001892541939963
deep,64,2,352,-0.0021368374258005
deep,64,2,353,-0.0023894838826666
deep,64,2,354,-0.0026121763445425
deep,64,2,355,-0.0027531520086477
deep,64,2,356,-0.0030155496867143
deep,64,2,357,-0.0033134432927521
deep,64,2,358,-0.0036718468362437
deep,64,2,359,-0.0040471988866263
deep,64,2,360,-0.0041515286901365
deep,64,2,361,-0.0040533968479115
deep,64,2,362,-0.0039413379159897
deep,64,2,363,-0.0040150632477431
deep,64,2,364,-0.0040138217665747
deep,64,2,365,-0.0037650995238946
deep,64,2,366,-0.0035872837434466
deep,64,2,367,-0.0034150298797106
deep,64,2,368,-0.0030432251756933
deep,64,2,369,-0.0026294054212519
deep,64,2,370,-0.0022087233425691
deep,64,2,371,-0.0016727682412283
deep,64,2,372,-0.0012008683130321
deep,64,2,373,-0.0007059796176854
deep,64,2,374,-0.0002911181996867
deep,64,2,375,9.688701858037264e-05
deep,64,2,376,0.0004142187134625
deep,64,2,377,0.0006840001781904
deep,64,2,378,0.000872985579058
deep,64,2,379,0.0012374467062719
deep,64,2,380,0.0015664408020133
deep,64,2,381,0.0018021393260673
deep,64,2,382,0.0020608710330306
deep,64,2,383,0.0024271779432746
deep,64,2,384,0.0027801235031643
deep,64,2,385,0.0032272624589162
deep,64,2,386,0.0038823979808301
deep,64,2,387,0.0043759136853549
deep,64,2,388,0.0050112334109562
deep,64,2,389,0.0054272092154258
deep,64,2,390,0.005617435265138
deep,64,2,391,0.0057173126407255
deep,64,2,392,0.0058675959018353
deep,64,2,393,0.006211363186503
deep,64,2,394,0.0065785229628032
deep,64,2,395,0.0068049198170963
deep,64,2,396,0.0069047484268812
deep,64,2,397,0.0070342182933685
deep,64,2,398,0.0072333222638998
deep,64,2,399,0.007346282947589
deep,64,2,400,0.0074379274471377
deep,128,0,0,1.0
deep,128,0,1,0.9595282973534532
deep,128,0,2,0.9212725136366264
deep,128,0,3,0.8849492417438947
deep,128,0,4,0.8507592221592847
deep,128,0,5,0.8183524743939788
deep,128,0,6,0.7874720924910731
deep,128,0,7,0.7580944573334706
deep,128,0,8,0.7301204699713956
deep,128,0,9,0.7034910323752026
deep,128,0,10,0.6782951784963152
deep,128,0,11,0.6543175192539317
deep,128,0,12,0.6312521665261306
deep,128,0,13,0.6093281250320026
deep,128,0,14,0.5883773485571028
deep,128,0,15,0.568327770207873
deep,128,0,16,0.5492299510911018
deep,128,0,17,0.5310337067867875
deep,128,0,18,0.5138702214378479
deep,128,0,19,0.4975165809790909
deep,128,0,20,0.4819955428580243
deep,128,0,21,0.4672586747260935
deep,128,0,22,0.4532385129165415
deep,128,0,23,0.4398752066927816
deep,128,0,24,0.4271443169007377
deep,128,0,25,0.4148358250692174
deep,128,0,26,0.4030002578566283
deep,128,0,27,0.3914866210472396
deep,128,0,28,0.3803363908671616
deep,128,0,29,0.3696876459898847
deep,128,0,30,0.3592253765082377
deep,128,0,31,0.3491158767548608
deep,128,0,32,0.339375925289933
deep,128,0,33,0.3299113091467025
deep,128,0,34,0.3207066480891699
deep,128,0,35,0.3118881023972525
deep,128,0,36,0.3033049787664061
deep,128,0,37,0.2950430682471732
deep,128,0,38,0.2871784166706178
deep,128,0,39,0.2796095853548562
deep,128,0,40,0.2723787874457291
deep,128,0,41,0.2654261933661993
deep,128,0,42,0.2588805922718307
deep,128,0,43,0.2526199046078473
deep,128,0,44,0.246607732852261
deep,128,0,45,0.2405520552149123
deep,128,0,46,0.2346707140020739
deep,128,0,47,0.2291154194053891
deep,128,0,48,0.2237334679114208
deep,128,0,49,0.2185190158538796
deep,128,0,50,0.2135769957235629
deep,128,0,51,0.2087623922593848
deep,128,0,52,0.2041311104133205
deep,128,0,53,0.1993635518062683
deep,128,0,54,0.1948942773186738
deep,128,0,55,0.1905409612948983
deep,128,0,56,0.1863910445496301
deep,128,0,57,0.1823581518618398
deep,128,0,58,0.1785973006065795
deep,128,0,59,0.1749958305573077
deep,128,0,60,0.1713395869976172
deep,128,0,61,0.1678083113501585
deep,128,0,62,0.1643234072963666
deep,128,0,63,0.1607978999827173
deep,128,0,64,0.1573951504417402
deep,128,0,65,0.1541622448753276
deep,128,0,66,0.1508898200090109
deep,128,0,67,0.1478712294448849
deep,128,0,68,0.1448742342420771
deep,128,0,69,0.1419841747126603
deep,128,0,70,0.139047959441441
deep,128,0,71,0.1363287511261462
deep,128,0,72,0.1339121365824216
deep,128,0,73,0.1315172970681412
deep,128,0,74,0.1290637871411739
deep,128,0,75,0.1266787192708104
deep,128,0,76,0.1244782629374927
deep,128,0,77,0.1222979920583553
deep,128,0,78,0.1201387520278814
deep,128,0,79,0.118059592061413
deep,128,0,80,0.1160931038676054
deep,128,0,81,0.1140320216459209
deep,128,0,82,0.1119959816723153
deep,128,0,83,0.1101225153968912
deep,128,0,84,0.1081499884745939
deep,128,0,85,0.1062564043225575
deep,128,0,86,0.1042679915380657
deep,128,0,87,0.1023451591645362
deep,128,0,88,0.1005772126523124
deep,128,0,89,0.0986519002457451
deep,128,0,90,0.096507888945121
deep,128,0,91,0.0944793552596213
deep,128,0,92,0.0925247676914906
deep,128,0,93,0.0907445720265369
deep,128,0,94,0.0889314501590293
deep,128,0,95,0.0869953190166373
deep,128,0,96,0.0851240793975471
deep,128,0,97,0.0833865706453991
deep,128,0,98,0.081502487386313
deep,128,0,99,0.0796965179493838
deep,128,0,100,0.0779250774922674
deep,128,0,101,0.0761841814319894
deep,128,0,102,0.0746121096615105
deep,128,0,103,0.0729124976229154
deep,128,0,104,0.0713091937094534
deep,128,0,105,0.0699416718905899
deep,128,0,106,0.0686905571882577
deep,128,0,107,0.0673289174493049
deep,128,0,108,0.0660437744276806
deep,128,0,109,0.0648258218002733
deep,128,0,110,0.0637436670857546
deep,128,0,111,0.0628033003003314
deep,128,0,112,0.0619754647454677
deep,128,0,113,0.0612463731684763
deep,128,0,114,0.0603272953489778
deep,128,0,115,0.0593991746264066
deep,128,0,116,0.0584611976892116
deep,128,0,117,0.0576492647519629
deep,128,0,118,0.0569086089899546
deep,128,0,119,0.0561785441572781
deep,128,0,120,0.0554702703473692
deep,128,0,121,0.0546898348760732
deep,128,0,122,0.0540190294850894
deep,128,0,123,0.0533966852570675
deep,128,0,124,0.0529650931535737
deep,128,0,125,0.0525794744843322
deep,128,0,126,0.0521564994668951
deep,128,0,127,0.0516377716389958
deep,128,0,128,0.0511554830921775
deep,128,0,129,0.0507249948406912
deep,128,0,130,0.0502926663111021
deep,128,0,131,0.0499427914918977
deep,128,0,132,0.0496227454179389
deep,128,0,133,0.0494624273070371
deep,128,0,134,0.0493505859907038
deep,128,0,135,0.0491397000440975
deep,128,0,136,0.0488656778079622
deep,128,0,137,0.0484211286890503
deep,128,0,138,0.0478883402110825
deep,128,0,139,0.0472845576779125
deep,128,0,140,0.0468525250534677
deep,128,0,141,0.0464221224653067
deep,128,0,142,0.0460228664890339
deep,128,0,143,0.045525095347859
deep,128,0,144,0.0449562899566459
deep,128,0,145,0.0447339472499571
deep,128,0,146,0.0446518375509191
deep,128,0,147,0.0446359576043311
deep,128,0,148,0.0446799453259966
deep,128,0,149,0.044702967867036
deep,128,0,150,0.0446372861673786
deep,128,0,151,0.0445888348449174
deep,128,0,152,0.0443397029028054
deep,128,0,153,0.0440121003689871
deep,128,0,154,0.0435334112870763
deep,128,0,155,0.0431372134332581
deep,128,0,156,0.0428667738447704
deep,128,0,157,0.0425300635094088
deep,128,0,158,0.0422883042024707
deep,128,0,159,0.041936871624305
deep,128,0,160,0.041492383456063
deep,128,0,161,0.0409889888352315
deep,128,0,162,0.040531247038028
deep,128,0,163,0.0399940039873473
deep,128,0,164,0.0397239400733549
deep,128,0,165,0.0393973349298282
deep,128,0,166,0.0390214468081231
deep,128,0,167,0.038571830952006
deep,128,0,168,0.038109461823951
deep,128,0,169,0.0376185240303753
deep,128,0,170,0.0371592375720626
deep,128,0,171,0.0368312288564813
deep,128,0,172,0.0364867214883061
deep,128,0,173,0.0360532850030772
deep,128,0,174,0.0356245251662763
deep,128,0,175,0.0352504524406294
deep,128,0,176,0.0349548828159366
deep,128,0,177,0.0345380270092471
deep,128,0,178,0.0342448049140348
deep,128,0,179,0.0340925049478568
deep,128,0,180,0.0341161375998515
deep,128,0,181,0.0338918064834204
deep,128,0,182,0.0334455946901255
deep,128,0,183,0.0328266812290724
deep,128,0,184,0.0321792682214257
deep,128,0,185,0.0315490738353213
deep,128,0,186,0.0309467600669691
deep,128,0,187,0.0302415244488415
deep,128,0,188,0.0296388375843427
deep,128,0,189,0.0289926190729863
deep,128,0,190,0.0283560366055628
deep,128,0,191,0.0279795285459506
deep,128,0,192,0.0274351262529902
deep,128,0,193,0.0268571999628971
deep,128,0,194,0.0261511080261937
deep,128,0,195,0.0255995560174191
deep,128,0,196,0.0249927070357324
deep,128,0,197,0.0246084494684887
deep,128,0,198,0.0242246542478352
deep,128,0,199,0.023732745042681
deep,128,0,200,0.023190612407836
deep,128,0,201,0.0225848346454705
deep,128,0,202,0.0218865623765304
deep,128,0,203,0.0212798192997098
deep,128,0,204,0.0204815914193863
deep,128,0,205,0.019768200121577
deep,128,0,206,0.0192215470421404
deep,128,0,207,0.0186824345874264
deep,128,0,208,0.0179945503372093
deep,128,0,209,0.0173153092082462
deep,128,0,210,0.0166591246632567
deep,128,0,211,0.0159531758463847
deep,128,0,212,0.0155709622671884
deep,128,0,213,0.0151082212934347
deep,128,0,214,0.0148434413179315
deep,128,0,215,0.0146845595144499
deep,128,0,216,0.0145084867247828
deep,128,0,217,0.014506474915653
deep,128,0,218,0.0144418716857662
deep,128,0,219,0.0144767357128903
deep,128,0,220,0.0144853573454064
deep,128,0,221,0.0145611874878638
deep,128,0,222,0.0145074212912526
deep,128,0,223,0.0145764456499927
deep,128,0,224,0.0145448546504756
deep,128,0,225,0.0142852413984866
deep,128,0,226,0.0138000487487908
deep,128,0,227,0.0134252416363967
deep,128,0,228,0.0130411309737246
deep,128,0,229,0.0125164820888865
deep,128,0,230,0.0120138701318944
deep,128,0,231,0.011637513535543
deep,128,0,232,0.0114847804659996
deep,128,0,233,0.0113557436234177
deep,128,0,234,0.0114449704647724
deep,128,0,235,0.0112993420902845
deep,128,0,236,0.0114073370215276
deep,128,0,237,0.011507929817254
deep,128,0,238,0.0116268001181259
deep,128,0,239,0.0117846828180035
deep,128,0,240,0.0118057177589232
deep,128,0,241,0.0116979647139511
deep,128,0,242,0.0116563407019384
deep,128,0,243,0.0119389490123751
deep,128,0,244,0.0122715174000428
deep,128,0,245,0.0125146713185228
deep,128,0,246,0.0127803179430295
deep,128,0,247,0.0129000091699917
deep,128,0,248,0.0129501014604935
deep,128,0,249,0.0129769475882969
deep,128,0,250,0.0128297774469244
deep,128,0,251,0.0126647667532971
deep,128,0,252,0.0125323667618275
deep,128,0,253,0.0123409145970977
deep,128,0,254,0.0120581656302304
deep,128,0,255,0.0119375865468121
deep,128,0,256,0.0118179916181078
deep,128,0,257,0.0118561032343599
deep,128,0,258,0.012007903380302
deep,128,0,259,0.0121136861272214
deep,128,0,260,0.0122822665202122
deep,128,0,261,0.0125413643660617
deep,128,0,262,0.0128320772836865
deep,128,0,263,0.0130103090253497
deep,128,0,264,0.0131121492752142
deep,128,0,265,0.0133666943237536
deep,128,0,266,0.0137405100027434
deep,128,0,267,0.0140204821805768
deep,128,0,268,0.01421179014747
deep,128,0,269,0.0142542186443591
deep,128,0,270,0.0141697133001815
deep,128,0,271,0.0140671006016622
deep,128,0,272,0.0138610062064224
deep,128,0,273,0.0136522074019225
deep,128,0,274,0.0133678522487847
deep,128,0,275,0.0131539093901591
deep,128,0,276,0.012928658533093
deep,128,0,277,0.0125818787860288
deep,128,0,278,0.012319929840319
deep,128,0,279,0.0119099697952817
deep,128,0,280,0.0114177693963499
deep,128,0,281,0.0107465788602331
deep,128,0,282,0.0101940079127694
deep,128,0,283,0.0096515312715557
deep,128,0,284,0.0092483354452457
deep,128,0,285,0.0088078847372085
deep,128,0,286,0.0082700261439465
deep,128,0,287,0.0078197579894147
deep,128,0,288,0.0074591128980914
deep,128,0,289,0.0073568189236094
deep,128,0,290,0.0074009108379448
deep,128,0,291,0.0074079006670597
deep,128,0,292,0.0073852509831133
deep,128,0,293,0.0072071701943618
deep,128,0,294,0.0072752122059439
deep,128,0,295,0.0071788711497828
deep,128,0,296,0.0071019954211291
deep,128,0,297,0.0070595969763442
deep,128,0,298,0.0071114931147726
deep,128,0,299,0.0072834935443429
deep,128,0,300,0.0074048292890744
deep,128,0,301,0.0074067488749695
deep,128,0,302,0.0072530791638339
deep,128,0,303,0.0071358746109198
deep,128,0,304,0.0068956760871399
deep,128,0,305,0.006389817815433
deep,128,0,306,0.0060658813168661
deep,128,0,307,0.005789260989754
deep,128,0,308,0.0053607087042224
deep,128,0,309,0.0048055430946581
deep,128,0,310,0.0045051835111445
deep,128,0,311,0.0042072492055631
deep,128,0,312,0.0040205076650203
deep,128,0,313,0.00377009045154
deep,128,0,314,0.0035000623684075
deep,128,0,315,0.0032280240427425
deep,128,0,316,0.0026375775444729
deep,128,0,317,0.0021782034541304
deep,128,0,318,0.0017193654587992
deep,128,0,319,0.0011354069563649
deep,128,0,320,0.0003427900940958
deep,128,0,321,-0.0003221623392887
deep,128,0,322,-0.0008275689541467
deep,128,0,323,-0.0013213145114259
deep,128,0,324,-0.0020291817251362
deep,128,0,325,-0.0026104869379195
deep,128,0,326,-0.003035012451884
deep,128,0,327,-0.0035327500899722
deep,128,0,328,-0.0038455165237275
deep,128,0,329,-0.0040866859742415
deep,128,0,330,-0.0043958152757927
deep,128,0,331,-0.0047023572177909
deep,128,0,332,-0.0049212722901789
deep,128,0,333,-0.0054901709240296
deep,128,0,334,-0.0062115891308676
deep,128,0,335,-0.006745003477039
deep,128,0,336,-0.0072052251716407
deep,128,0,337,-0.0076696281788822
deep,128,0,338,-0.0082531340033086
deep,128,0,339,-0.0086534467728429
deep,128,0,340,-0.0089333346764989
deep,128,0,341,-0.0093175076598692
deep,128,0,342,-0.0095568026897047
deep,128,0,343,-0.0098345059039145
deep,128,0,344,-0.0100971494865468
deep,128,0,345,-0.0104821819260394
deep,128,0,346,-0.0108912536340917
deep,128,0,347,-0.0112633036495437
deep,128,0,348,-0.0116314395752708
deep,128,0,349,-0.0120212997200408
deep,128,0,350,-0.0123289283449353
deep,128,0,351,-0.012641267856572
deep,128,0,352,-0.0130729914044283
deep,128,0,353,-0.0133588431483106
deep,128,0,354,-0.0135309376427792
deep,128,0,355,-0.0136538678728543
deep,128,0,356,-0.0137589915238716
deep,128,0,357,-0.0137538724511271
deep,128,0,358,-0.0135539772104653
deep,128,0,359,-0.013319008852969
deep,128,0,360,-0.0130659065638128
deep,128,0,361,-0.0129476787211147
deep,128,0,362,-0.0128244307993577
deep,128,0,363,-0.0126972269273069
deep,128,0,364,-0.0125591083046168
deep,128,0,365,-0.0125156013047798
deep,128,0,366,-0.012525178041123
deep,128,0,367,-0.0126737331518364
deep,128,0,368,-0.0128477662267184
deep,128,0,369,-0.0130512748254209
deep,128,0,370,-0.0131712857653342
deep,128,0,371,-0.0132781400480876
deep,128,0,372,-0.0131106913614558
deep,128,0,373,-0.0126908270891261
deep,128,0,374,-0.0121118981102379
deep,128,0,375,-0.0112632014798088
deep,128,0,376,-0.0103318274990478
deep,128,0,377,-0.0095625325626152
deep,128,0,378,-0.0088989441859047
deep,128,0,379,-0.0084054219941854
deep,128,0,380,-0.0081683214159404
deep,128,0,381,-0.0077915428929558
deep,128,0,382,-0.0074301058300846
deep,128,0,383,-0.0072029035124875
deep,128,0,384,-0.0070255785646905
deep,128,0,385,-0.006851726303779
deep,128,0,386,-0.0064646059686676
deep,128,0,387,-0.0060608311664567
deep,128,0,388,-0.0055683286354027
deep,128,0,389,-0.0048639055118573
deep,128,0,390,-0.0042929669268012
deep,128,0,391,-0.0037730752659024
deep,128,0,392,-0.0033306357200489
deep,128,0,393,-0.0029747925531376
deep,128,0,394,-0.0022987218035506
deep,128,0,395,-0.0016554370251158
deep,128,0,396,-0.0008943044208658
deep,128,0,397,-0.0001036128806451
deep,128,0,398,0.0007474548992837
deep,128,0,399,0.00149193089838
deep,128,0,400,0.0022411492199845
deep,128,1,0,1.0
deep,128,1,1,0.964352750068408
deep,128,1,2,0.9305630260581784
deep,128,1,3,0.8983835450667434
deep,128,1,4,0.8677376152657772
deep,128,1,5,0.8386153527249889
deep,128,1,6,0.8110240532201778
deep,128,1,7,0.7846325192428091
deep,128,1,8,0.7593618245947693
deep,128,1,9,0.7351942495065767
deep,128,1,10,0.7121938747177545
deep,128,1,11,0.6900170387967541
deep,128,1,12,0.6686281116047417
deep,128,1,13,0.6482841255090672
deep,128,1,14,0.6288778669691327
deep,128,1,15,0.6102721583739393
deep,128,1,16,0.5923868026243906
deep,128,1,17,0.5752229124309911
deep,128,1,18,0.5588241307670255
deep,128,1,19,0.5428925331778403
deep,128,1,20,0.527596820567757
deep,128,1,21,0.5127874957100826
deep,128,1,22,0.4985534859334965
deep,128,1,23,0.4849549731376661
deep,128,1,24,0.4719551779775477
deep,128,1,25,0.4594022895623983
deep,128,1,26,0.4471093878892376
deep,128,1,27,0.4354620589635692
deep,128,1,28,0.4244795554902973
deep,128,1,29,0.4137812815682233
deep,128,1,30,0.40357288976503
deep,128,1,31,0.3937481394979597
deep,128,1,32,0.3843059227490106
deep,128,1,33,0.3751256621986275
deep,128,1,34,0.3661778955980547
deep,128,1,35,0.3576711108468618
deep,128,1,36,0.349395092083595
deep,128,1,37,0.3413378582000494
deep,128,1,38,0.3335491004758425
deep,128,1,39,0.3261358662109127
deep,128,1,40,0.3187001469637095
deep,128,1,41,0.3116347144490433
deep,128,1,42,0.3048532133975886
deep,128,1,43,0.2983419134253217
deep,128,1,44,0.2918372956816762
deep,128,1,45,0.2855785595108635
deep,128,1,46,0.2793650454144359
deep,128,1,47,0.2734762691136803
deep,128,1,48,0.2677382919135749
deep,128,1,49,0.2621958168308743
deep,128,1,50,0.2566671162928929
deep,128,1,51,0.2514123847417414
deep,128,1,52,0.2463844965584468
deep,128,1,53,0.2415998108078207
deep,128,1,54,0.2368455613302028
deep,128,1,55,0.2322809087963991
deep,128,1,56,0.227590631371146
deep,128,1,57,0.2228914399922384
deep,128,1,58,0.218308569361401
deep,128,1,59,0.2140251773143064
deep,128,1,60,0.2099898582317266
deep,128,1,61,0.205742675698468
deep,128,1,62,0.2016547816336068
deep,128,1,63,0.1977699729555309
deep,128,1,64,0.1939555809404348
deep,128,1,65,0.1902914379523468
deep,128,1,66,0.1867051566037583
deep,128,1,67,0.1832210801484897
deep,128,1,68,0.1800014436405582
deep,128,1,69,0.1767081384762226
deep,128,1,70,0.1735813830749882
deep,128,1,71,0.1705388940536359
deep,128,1,72,0.167531774928295
deep,128,1,73,0.1646185592885317
deep,128,1,74,0.1617094892190276
deep,128,1,75,0.1589431327388369
deep,128,1,76,0.1561705350260261
deep,128,1,77,0.1536542665952572
deep,128,1,78,0.1511615560511588
deep,128,1,79,0.1486253709356004
deep,128,1,80,0.1462798850032697
deep,128,1,81,0.1438818737433673
deep,128,1,82,0.1415359437259902
deep,128,1,83,0.1392403022680865
deep,128,1,84,0.1370779406301617
deep,128,1,85,0.1349483158570451
deep,128,1,86,0.1329196459392718
deep,128,1,87,0.1308986120489942
deep,128,1,88,0.1290771982709872
deep,128,1,89,0.1271708581923001
deep,128,1,90,0.125227348605413
deep,128,1,91,0.1232497911538858
deep,128,1,92,0.121211590228586
deep,128,1,93,0.1190874088916598
deep,128,1,94,0.1170062678322728
deep,128,1,95,0.1149898695075522
deep,128,1,96,0.1129954752732294
deep,128,1,97,0.1109453358302193
deep,128,1,98,0.1088637366456023
deep,128,1,99,0.1067592595821014
deep,128,1,100,0.1047128778332934
deep,128,1,101,0.102805386062105
deep,128,1,102,0.100920511976088
deep,128,1,103,0.099131900990593
deep,128,1,104,0.0975040946263288
deep,128,1,105,0.0959774303747602
deep,128,1,106,0.0945636951760549
deep,128,1,107,0.0931332560323379
deep,128,1,108,0.0917749690528461
deep,128,1,109,0.0903802568244901
deep,128,1,110,0.0891353715760633
deep,128,1,111,0.0880714744914721
deep,128,1,112,0.0869371822337209
deep,128,1,113,0.0857148959939977
deep,128,1,114,0.0847779008783154
deep,128,1,115,0.0838654579910038
deep,128,1,116,0.082936016505924
deep,128,1,117,0.0819373924750684
deep,128,1,118,0.0810622972581314
deep,128,1,119,0.0802976760225135
deep,128,1,120,0.0795987052619048
deep,128,1,121,0.079048353860262
deep,128,1,122,0.0784325942954966
deep,128,1,123,0.0778874573486856
deep,128,1,124,0.0772502748035419
deep,128,1,125,0.0766058974989489
deep,128,1,126,0.0757936111192671
deep,128,1,127,0.0750494051326408
deep,128,1,128,0.0743340051915169
deep,128,1,129,0.0735533315506711
deep,128,1,130,0.0728099995836349
deep,128,1,131,0.0720000959103012
deep,128,1,132,0.0712273268281808
deep,128,1,133,0.0705695534362135
deep,128,1,134,0.0699397805985703
deep,128,1,135,0.069191725236483
deep,128,1,136,0.0685560544422195
deep,128,1,137,0.0678917882773099
deep,128,1,138,0.067383506449174
deep,128,1,139,0.0668463303776403
deep,128,1,140,0.0662674391885843
deep,128,1,141,0.0658412725272777
deep,128,1,142,0.0653323222622338
deep,128,1,143,0.0648969049849474
deep,128,1,144,0.064337231147404
deep,128,1,145,0.0635704962013698
deep,128,1,146,0.0626971965103978
deep,128,1,147,0.0616988834783943
deep,128,1,148,0.0607442156046453
deep,128,1,149,0.05970584487582
deep,128,1,150,0.0587767539045241
deep,128,1,151,0.0578763391224991
deep,128,1,152,0.0568709351401174
deep,128,1,153,0.0558566470580837
deep,128,1,154,0.0548995383700234
deep,128,1,155,0.0538826624573973
deep,128,1,156,0.0528110613881277
deep,128,1,157,0.0516771477151917
deep,128,1,158,0.0504965810097513
deep,128,1,159,0.0492581506907017
deep,128,1,160,0.0480535418227115
deep,128,1,161,0.0469027230851295
deep,128,1,162,0.0458350975247964
deep,128,1,163,0.0448512068844858
deep,128,1,164,0.0438842527062015
deep,128,1,165,0.0429955904648618
deep,128,1,166,0.0420895032923964
deep,128,1,167,0.0410978899467647
deep,128,1,168,0.0400766543300006
deep,128,1,169,0.0388182075405042
deep,128,1,170,0.0376091968981175
deep,128,1,171,0.0364462978482651
deep,128,1,172,0.0353696555747557
deep,128,1,173,0.0343998778365938
deep,128,1,174,0.0336202321361738
deep,128,1,175,0.0328553546306907
deep,128,1,176,0.0321679865160618
deep,128,1,177,0.0315661263140115
deep,128,1,178,0.0309107742240049
deep,128,1,179,0.0301605195165883
deep,128,1,180,0.0294492978782571
deep,128,1,181,0.0287942252375043
deep,128,1,182,0.0281979582987853
deep,128,1,183,0.0276055996273019
deep,128,1,184,0.0269792183687956
deep,128,1,185,0.0263705025369619
deep,128,1,186,0.0258111107588547
deep,128,1,187,0.0250617675370379
deep,128,1,188,0.0243182495087386
deep,128,1,189,0.0235143198846765
deep,128,1,190,0.0227871953205134
deep,128,1,191,0.0220992522590166
deep,128,1,192,0.0215687962819232
deep,128,1,193,0.0210457557411007
deep,128,1,194,0.0204355395509147
deep,128,1,195,0.0198556424794642
deep,128,1,196,0.0192536866924636
deep,128,1,197,0.0187854381598218
deep,128,1,198,0.0183887469474677
deep,128,1,199,0.0178553867864972
deep,128,1,200,0.0174418486078637
deep,128,1,201,0.0169384827893003
deep,128,1,202,0.0164607744690171
deep,128,1,203,0.0158499902780535
deep,128,1,204,0.0153390491712171
deep,128,1,205,0.0148359075626475
deep,128,1,206,0.0142952941624462
deep,128,1,207,0.0138277785349555
deep,128,1,208,0.0135118840299376
deep,128,1,209,0.0130965694787035
deep,128,1,210,0.0129060616974699
deep,128,1,211,0.012719341611469
deep,128,1,212,0.0124642679312382
deep,128,1,213,0.0120280700077356
deep,128,1,214,0.0115617786657729
deep,128,1,215,0.0112132719564548
deep,128,1,216,0.0109079558617858
deep,128,1,217,0.0106400558721222
deep,128,1,218,0.010315882465687
deep,128,1,219,0.0100229995824746
deep,128,1,220,0.0097923007737768
deep,128,1,221,0.0095628715466889
deep,128,1,222,0.0092208451443057
deep,128,1,223,0.0087937914890652
deep,128,1,224,0.0085912397140867
deep,128,1,225,0.0083123063700218
deep,128,1,226,0.0081430638156664
deep,128,1,227,0.0081574687246232
deep,128,1,228,0.0082399362419179
deep,128,1,229,0.0082248138239769
deep,128,1,230,0.0081159510087569
deep,128,1,231,0.0080098989188977
deep,128,1,232,0.0080592175519316
deep,128,1,233,0.0081664960608895
deep,128,1,234,0.0082456459714811
deep,128,1,235,0.0082923064403536
deep,128,1,236,0.008185976772972
deep,128,1,237,0.0084280600229404
deep,128,1,238,0.0086843334175785
deep,128,1,239,0.0088884292646
deep,128,1,240,0.0091462405439273
deep,128,1,241,0.009487743963033
deep,128,1,242,0.0096850207029117
deep,128,1,243,0.0099172423656305
deep,128,1,244,0.0102030132133408
deep,128,1,245,0.0105263071582852
deep,128,1,246,0.0109493408152618
deep,128,1,247,0.0114153051829994
deep,128,1,248,0.0118459415570341
deep,128,1,249,0.0122666168634035
deep,128,1,250,0.0126341307573105
deep,128,1,251,0.0128307310908501
deep,128,1,252,0.0130431263598962
deep,128,1,253,0.0133652256683008
deep,128,1,254,0.0137641856378107
deep,128,1,255,0.0140766602086877
deep,128,1,256,0.0142917822871028
deep,128,1,257,0.0144124353058498
deep,128,1,258,0.0143023373929088
deep,128,1,259,0.0140548309041365
deep,128,1,260,0.0139182863728659
deep,128,1,261,0.0137730600320772
deep,128,1,262,0.0135355997099813
deep,128,1,263,0.0133690805972342
deep,128,1,264,0.01321796946698
deep,128,1,265,0.0129750643997715
deep,128,1,266,0.012947024756924
deep,128,1,267,0.012864215330481
deep,128,1,268,0.0128297532654927
deep,128,1,269,0.012778525172272
deep,128,1,270,0.0125742556428453
deep,128,1,271,0.0124419420679105
deep,128,1,272,0.0121593706142891
deep,128,1,273,0.011907539966724
deep,128,1,274,0.0117056335354871
deep,128,1,275,0.0114891033294248
deep,128,1,276,0.011152293548524
deep,128,1,277,0.0108294143416952
deep,128,1,278,0.0103693600259294
deep,128,1,279,0.0099394543910498
deep,128,1,280,0.0096470682147466
deep,128,1,281,0.0093000282943858
deep,128,1,282,0.0089846140363702
deep,128,1,283,0.0086191400382095
deep,128,1,284,0.0082458171026165
deep,128,1,285,0.0079491184095297
deep,128,1,286,0.0078271398469322
deep,128,1,287,0.0079613495235456
deep,128,1,288,0.0082895817651399
deep,128,1,289,0.0086460418143441
deep,128,1,290,0.008958085298892
deep,128,1,291,0.0092464304733587
deep,128,1,292,0.0095742339639641
deep,128,1,293,0.009887320871071
deep,128,1,294,0.0100416459458971
deep,128,1,295,0.0099351520520614
deep,128,1,296,0.0099174222793485
deep,128,1,297,0.0098965708293913
deep,128,1,298,0.0099702859720079
deep,128,1,299,0.0100645004441481
deep,128,1,300,0.0104088432839554
deep,128,1,301,0.0107418711887049
deep,128,1,302,0.0108679403850867
deep,128,1,303,0.010902692003208
deep,128,1,304,0.0108571899104813
deep,128,1,305,0.0107779180743285
deep,128,1,306,0.0109037682955897
deep,128,1,307,0.0111335522319722
deep,128,1,308,0.0113556668143795
deep,128,1,309,0.0115309384892743
deep,128,1,310,0.0116179805779041
deep,128,1,311,0.0114257578710949
deep,128,1,312,0.0110777706005995
deep,128,1,313,0.0108711811324584
deep,128,1,314,0.0105295543951699
deep,128,1,315,0.0102306312080525
deep,128,1,316,0.009915829596244
deep,128,1,317,0.0096141779638636
deep,128,1,318,0.009479011230121
deep,128,1,319,0.0095001151889169
deep,128,1,320,0.009592186418182
deep,128,1,321,0.0095356439411388
deep,128,1,322,0.0095448715972519
deep,128,1,323,0.0095431596442709
deep,128,1,324,0.0094933308485547
deep,128,1,325,0.0094705548176367
deep,128,1,326,0.0094204398850154
deep,128,1,327,0.0094882619478451
deep,128,1,328,0.0095938585780434
deep,128,1,329,0.0096489198204335
deep,128,1,330,0.0096367760384484
deep,128,1,331,0.0097433598659561
deep,128,1,332,0.0098546736832498
deep,128,1,333,0.0098656641904039
deep,128,1,334,0.0098690880986182
deep,128,1,335,0.0098012074132788
deep,128,1,336,0.0097857594551805
deep,128,1,337,0.0098779428409108
deep,128,1,338,0.0099448435359593
deep,128,1,339,0.0099285077104703
deep,128,1,340,0.0098149039919797
deep,128,1,341,0.0098906920640342
deep,128,1,342,0.0101831307142743
deep,128,1,343,0.0103349517583698
deep,128,1,344,0.0105719295276653
deep,128,1,345,0.010682118788925
deep,128,1,346,0.0110509709101225
deep,128,1,347,0.0112872806808883
deep,128,1,348,0.0114720058309683
deep,128,1,349,0.0114753814270493
deep,128,1,350,0.0114051108457623
deep,128,1,351,0.0113257447597674
deep,128,1,352,0.0111908266789407
deep,128,1,353,0.0112721057438166
deep,128,1,354,0.0111712169508416
deep,128,1,355,0.0110871260976396
deep,128,1,356,0.0110650434159925
deep,128,1,357,0.010969534672572
deep,128,1,358,0.0109708698205621
deep,128,1,359,0.0110921524747549
deep,128,1,360,0.0112534723742734
deep,128,1,361,0.0114133006284917
deep,128,1,362,0.011418518956815
deep,128,1,363,0.0115602789461772
deep,128,1,364,0.0115519831698581
deep,128,1,365,0.0115857839643541
deep,128,1,366,0.0114773834257973
deep,128,1,367,0.0111837285155988
deep,128,1,368,0.0109842674137524
deep,128,1,369,0.0108482977438312
deep,128,1,370,0.0106601419364605
deep,128,1,371,0.0103908889853971
deep,128,1,372,0.0101989036154899
deep,128,1,373,0.0099689808023172
deep,128,1,374,0.0096541565791859
deep,128,1,375,0.009459445339151
deep,128,1,376,0.0094236329404182
deep,128,1,377,0.0094559155444832
deep,128,1,378,0.0094577811235542
deep,128,1,379,0.009434152767498
deep,128,1,380,0.0094752893540881
deep,128,1,381,0.0095198402094803
deep,128,1,382,0.0094187758339369
deep,128,1,383,0.0094185140805297
deep,128,1,384,0.009421501186542
deep,128,1,385,0.0093623553303948
deep,128,1,386,0.0093265377224533
deep,128,1,387,0.0091852924219338
deep,128,1,388,0.0088810937362467
deep,128,1,389,0.0085295506509751
deep,128,1,390,0.0081186398563707
deep,128,1,391,0.0078404319421531
deep,128,1,392,0.0076077387537046
deep,128,1,393,0.0075375007709932
deep,128,1,394,0.0075064297554123
deep,128,1,395,0.007418768416497
deep,128,1,396,0.0071111555706001
deep,128,1,397,0.0067545388534022
deep,128,1,398,0.0065748934852816
deep,128,1,399,0.0060907840952143
deep,128,1,400,0.0058530412358382
deep,128,2,0,1.0
deep,128,2,1,0.9605530984896108
deep,128,2,2,0.9232977877263482
deep,128,2,3,0.8878788382037472
deep,128,2,4,0.8543789746624177
deep,128,2,5,0.8223915318162126
deep,128,2,6,0.7918655443792004
deep,128,2,7,0.7628353092214295
deep,128,2,8,0.735299654881629
deep,128,2,9,0.7091693374719059
deep,128,2,10,0.6842730027099458
deep,128,2,11,0.6606831504265358
deep,128,2,12,0.6382815913731323
deep,128,2,13,0.6170385135808482
deep,128,2,14,0.5967921489040405
deep,128,2,15,0.5773705125305636
deep,128,2,16,0.5588666180311063
deep,128,2,17,0.541200236973819
deep,128,2,18,0.5242654842543455
deep,128,2,19,0.5082820036790577
deep,128,2,20,0.4928207442157964
deep,128,2,21,0.4779999055059297
deep,128,2,22,0.4637145937607505
deep,128,2,23,0.4500813283955442
deep,128,2,24,0.4370545147911618
deep,128,2,25,0.4243402158435246
deep,128,2,26,0.4120393089397519
deep,128,2,27,0.4002723351713109
deep,128,2,28,0.3887854732293784
deep,128,2,29,0.3775212948418995
deep,128,2,30,0.3665405021060109
deep,128,2,31,0.3558955356879367
deep,128,2,32,0.3457640138762037
deep,128,2,33,0.3359830432174414
deep,128,2,34,0.3265265341627203
deep,128,2,35,0.3172948420884627
deep,128,2,36,0.3085024533386267
deep,128,2,37,0.3000954605259794
deep,128,2,38,0.2919568509990795
deep,128,2,39,0.2842582159942026
deep,128,2,40,0.276952122397307
deep,128,2,41,0.2694785735060926
deep,128,2,42,0.2623673073196659
deep,128,2,43,0.2554263780764906
deep,128,2,44,0.2485846972703041
deep,128,2,45,0.2420563154394609
deep,128,2,46,0.235818781749784
deep,128,2,47,0.2296386910823021
deep,128,2,48,0.2237295813248047
deep,128,2,49,0.2180139031101504
deep,128,2,50,0.2126919101067798
deep,128,2,51,0.207523364574155
deep,128,2,52,0.2025227503823168
deep,128,2,53,0.1977344477144437
deep,128,2,54,0.1932750147501928
deep,128,2,55,0.1890077570635668
deep,128,2,56,0.184833935500126
deep,128,2,57,0.1808205342734981
deep,128,2,58,0.1769609200370836
deep,128,2,59,0.1734285330554913
deep,128,2,60,0.1699500571187025
deep,128,2,61,0.1665308286970955
deep,128,2,62,0.1632479879943798
deep,128,2,63,0.1598924486860536
deep,128,2,64,0.1566829331904181
deep,128,2,65,0.1534530890212626
deep,128,2,66,0.1500338148510138
deep,128,2,67,0.1465707968367626
deep,128,2,68,0.1432641478709466
deep,128,2,69,0.1399828597570809
deep,128,2,70,0.1369566506110547
deep,128,2,71,0.1341299601834393
deep,128,2,72,0.1312362858693967
deep,128,2,73,0.1283487930327913
deep,128,2,74,0.1253988685415837
deep,128,2,75,0.1226880878072447
deep,128,2,76,0.1200128488105536
deep,128,2,77,0.1175259540604482
deep,128,2,78,0.115188852901071
deep,128,2,79,0.1128315255457785
deep,128,2,80,0.1105131228303401
deep,128,2,81,0.1084531032542507
deep,128,2,82,0.106336553259855
deep,128,2,83,0.1042759620182645
deep,128,2,84,0.1024192753220825
deep,128,2,85,0.1004851880076453
deep,128,2,86,0.098431103677688
deep,128,2,87,0.0963006687707836
deep,128,2,88,0.0941219767510524
deep,128,2,89,0.0918470791135196
deep,128,2,90,0.0896582420288566
deep,128,2,91,0.0875896326686042
deep,128,2,92,0.0856739493640666
deep,128,2,93,0.0837246113402572
deep,128,2,94,0.0819725894476543
deep,128,2,95,0.080279282802892
deep,128,2,96,0.0785689296654469
deep,128,2,97,0.0768056422735919
deep,128,2,98,0.0752568958684579
deep,128,2,99,0.073899260523983
deep,128,2,100,0.0726410049562815
deep,128,2,101,0.0714214415167709
deep,128,2,102,0.0704183906331243
deep,128,2,103,0.0695184468046481
deep,128,2,104,0.0684105583516258
deep,128,2,105,0.0674817473166526
deep,128,2,106,0.066748771593132
deep,128,2,107,0.0659334599091197
deep,128,2,108,0.0653377156001208
deep,128,2,109,0.064562084382239
deep,128,2,110,0.0636869550450259
deep,128,2,111,0.0628359713500381
deep,128,2,112,0.062103786192387
deep,128,2,113,0.0613849312884814
deep,128,2,114,0.060657874242947
deep,128,2,115,0.059869009429391
deep,128,2,116,0.0590615735269247
deep,128,2,117,0.0580893263995202
deep,128,2,118,0.0571962564076259
deep,128,2,119,0.0563439123679897
deep,128,2,120,0.0556890193481589
deep,128,2,121,0.0550769346073262
deep,128,2,122,0.054542917245708
deep,128,2,123,0.0538775899080031
deep,128,2,124,0.0531289298753566
deep,128,2,125,0.0524431859918357
deep,128,2,126,0.0519032104118293
deep,128,2,127,0.0515195671120215
deep,128,2,128,0.0510510882022552
deep,128,2,129,0.0504498298317423
deep,128,2,130,0.0495936373894143
deep,128,2,131,0.0488610007548926
deep,128,2,132,0.0482047548224044
deep,128,2,133,0.0474571830386305
deep,128,2,134,0.0468756944045188
deep,128,2,135,0.0463889931950215
deep,128,2,136,0.0458373863412715
deep,128,2,137,0.0453573911610064
deep,128,2,138,0.0448801274931892
deep,128,2,139,0.0443298185757813
deep,128,2,140,0.0437640153248529
deep,128,2,141,0.0431261788286581
deep,128,2,142,0.0424147076831612
deep,128,2,143,0.0418975157752461
deep,128,2,144,0.0413892277508626
deep,128,2,145,0.0407504631711895
deep,128,2,146,0.0400638285906211
deep,128,2,147,0.0393175245369889
deep,128,2,148,0.0386744004466551
deep,128,2,149,0.0380813129157168
deep,128,2,150,0.0375332939817901
deep,128,2,151,0.036877816803812
deep,128,2,152,0.0362935250902214
deep,128,2,153,0.035690211452073
deep,128,2,154,0.0352379757718922
deep,128,2,155,0.0348298355042924
deep,128,2,156,0.0344731037138085
deep,128,2,157,0.033943145274629
deep,128,2,158,0.0332753427270117
deep,128,2,159,0.032644052365262
deep,128,2,160,0.0320778852434415
deep,128,2,161,0.0317133999445928
deep,128,2,162,0.0312321018522056
deep,128,2,163,0.0307572391255306
deep,128,2,164,0.0303621049107996
deep,128,2,165,0.0299647736698791
deep,128,2,166,0.0294122969830251
deep,128,2,167,0.0289278256181731
deep,128,2,168,0.0284547919385282
deep,128,2,169,0.0277667815426298
deep,128,2,170,0.0272784857255499
deep,128,2,171,0.0268505006921144
deep,128,2,172,0.0264914666922197
deep,128,2,173,0.0261412746852507
deep,128,2,174,0.0259176538693939
deep,128,2,175,0.0259010920919879
deep,128,2,176,0.0257946562357276
deep,128,2,177,0.025840085337908
deep,128,2,178,0.0259334720251787
deep,128,2,179,0.0259364916493709
deep,128,2,180,0.0258697427045411
deep,128,2,181,0.0255166317445847
deep,128,2,182,0.0253779775934061
deep,128,2,183,0.0255070644501204
deep,128,2,184,0.0257184748620981
deep,128,2,185,0.0258099304083573
deep,128,2,186,0.025835581546619
deep,128,2,187,0.0257932030926519
deep,128,2,188,0.0257348433277815
deep,128,2,189,0.0255135515726412
deep,128,2,190,0.0256564322559438
deep,128,2,191,0.025849037764964
deep,128,2,192,0.0261986628514888
deep,128,2,193,0.0264552258542275
deep,128,2,194,0.0268149783522557
deep,128,2,195,0.0270204822455194
deep,128,2,196,0.0269964198288266
deep,128,2,197,0.0270692833339381
deep,128,2,198,0.0272376997943306
deep,128,2,199,0.0274523663155797
deep,128,2,200,0.0273043962891982
deep,128,2,201,0.0273272692213103
deep,128,2,202,0.0272798707946437
deep,128,2,203,0.0272367752853533
deep,128,2,204,0.0273746003252495
deep,128,2,205,0.0276070299005604
deep,128,2,206,0.0278236714156986
deep,128,2,207,0.0280495096528987
deep,128,2,208,0.0281078353102936
deep,128,2,209,0.0283047791103913
deep,128,2,210,0.0286313921632768
deep,128,2,211,0.0288694427592115
deep,128,2,212,0.0290356386456039
deep,128,2,213,0.0290265039400392
deep,128,2,214,0.0289296068477443
deep,128,2,215,0.0287916003536944
deep,128,2,216,0.0285969352367507
deep,128,2,217,0.0284491081537754
deep,128,2,218,0.0282920671749361
deep,128,2,219,0.0281416940539867
deep,128,2,220,0.027832957594847
deep,128,2,221,0.0275615941935365
deep,128,2,222,0.0272457901495506
deep,128,2,223,0.0268455064788052
deep,128,2,224,0.02658940203262
deep,128,2,225,0.0264554360411612
deep,128,2,226,0.0262577845525527
deep,128,2,227,0.0260455140481345
deep,128,2,228,0.0257211238026875
deep,128,2,229,0.0253482525374546
deep,128,2,230,0.0249495198143595
deep,128,2,231,0.024643188352798
deep,128,2,232,0.0242294036647533
deep,128,2,233,0.0240577023298264
deep,128,2,234,0.0238667253267489
deep,128,2,235,0.0234867243768089
deep,128,2,236,0.0231461197373203
deep,128,2,237,0.0226556370139649
deep,128,2,238,0.0222056065531271
deep,128,2,239,0.0216833183313757
deep,128,2,240,0.0210362056549756
deep,128,2,241,0.0202681879541128
deep,128,2,242,0.0193277482553196
deep,128,2,243,0.0183747018048479
deep,128,2,244,0.0173026305085619
deep,128,2,245,0.0163244569949228
deep,128,2,246,0.015331064787473
deep,128,2,247,0.0143543920089397
deep,128,2,248,0.0134851675384136
deep,128,2,249,0.0125921578744739
deep,128,2,250,0.0118028642683621
deep,128,2,251,0.0111364932844874
deep,128,2,252,0.010699424608645
deep,128,2,253,0.0101540061950665
deep,128,2,254,0.0098702646361834
deep,128,2,255,0.0096021325481125
deep,128,2,256,0.0095293207328272
deep,128,2,257,0.009553189256818
deep,128,2,258,0.0096192894473276
deep,128,2,259,0.0096884761952308
deep,128,2,260,0.0096882046466564
deep,128,2,261,0.0096103426005149
deep,128,2,262,0.0094579792644421
deep,128,2,263,0.0093450720081794
deep,128,2,264,0.0092911444344047
deep,128,2,265,0.0090810768683557
deep,128,2,266,0.0089071838046787
deep,128,2,267,0.0088313850704601
deep,128,2,268,0.008798491226848
deep,128,2,269,0.0088252306705754
deep,128,2,270,0.008879137509161
deep,128,2,271,0.0088183603957911
deep,128,2,272,0.0086330607369925
deep,128,2,273,0.0084087799021424
deep,128,2,274,0.0085735281205926
deep,128,2,275,0.008529215886746
deep,128,2,276,0.0082803404031484
deep,128,2,277,0.0079660298607169
deep,128,2,278,0.0076553786858828
deep,128,2,279,0.0072359724644444
deep,128,2,280,0.0066682800158588
deep,128,2,281,0.0060937132427106
deep,128,2,282,0.0055306213099687
deep,128,2,283,0.0048861460365534
deep,128,2,284,0.004614827635593
deep,128,2,285,0.004342050429291
deep,128,2,286,0.00406402289121
deep,128,2,287,0.0039165065764334
deep,128,2,288,0.0038948056913714
deep,128,2,289,0.0039144635286741
deep,128,2,290,0.0035636725953792
deep,128,2,291,0.0032642929615571
deep,128,2,292,0.0031692783573948
deep,128,2,293,0.0033536913442403
deep,128,2,294,0.0032961243686594
deep,128,2,295,0.0032016176399767
deep,128,2,296,0.0031688937023066
deep,128,2,297,0.0030068273924201
deep,128,2,298,0.0029719775789283
deep,128,2,299,0.0028406339858809
deep,128,2,300,0.0027331564650227
deep,128,2,301,0.0027974548602989
deep,128,2,302,0.0027858338861605
deep,128,2,303,0.0026724004564013
deep,128,2,304,0.0024006531696025
deep,128,2,305,0.0021456146100516
deep,128,2,306,0.001872798212188
deep,128,2,307,0.0016075803488666
deep,128,2,308,0.0011932937601586
deep,128,2,309,0.0007989212974963
deep,128,2,310,0.0005510548925334
deep,128,2,311,0.0001439807881117
deep,128,2,312,-0.0002646776624839
deep,128,2,313,-0.0007093097299766
deep,128,2,314,-0.0010553371603648
deep,128,2,315,-0.001387727957879
deep,128,2,316,-0.0016613243981722
deep,128,2,317,-0.001802384819431
deep,128,2,318,-0.0019472858066696
deep,128,2,319,-0.0018174437118305
deep,128,2,320,-0.0016691397192317
deep,128,2,321,-0.0015792413713047
deep,128,2,322,-0.0015759570067154
deep,128,2,323,-0.0016735543631651
deep,128,2,324,-0.0018770490866104
deep,128,2,325,-0.0020541207419092
deep,128,2,326,-0.0022173860701376
deep,128,2,327,-0.002657854719999
deep,128,2,328,-0.0031285519201612
deep,128,2,329,-0.0035766082802421
deep,128,2,330,-0.0039398882336559
deep,128,2,331,-0.0040865845368173
deep,128,2,332,-0.0041626213683436
deep,128,2,333,-0.0040966942554621
deep,128,2,334,-0.0039422042183206
deep,128,2,335,-0.0038345345661655
deep,128,2,336,-0.0037022668875449
deep,128,2,337,-0.0037541106946184
deep,128,2,338,-0.0035930535110634
deep,128,2,339,-0.0034938440689235
deep,128,2,340,-0.0032251721804913
deep,128,2,341,-0.002919725682411
deep,128,2,342,-0.0026620635767226
deep,128,2,343,-0.0026385835864
deep,128,2,344,-0.0026302409319108
deep,128,2,345,-0.0027306267168617
deep,128,2,346,-0.0029841085918384
deep,128,2,347,-0.0032926045993001
deep,128,2,348,-0.0036372456463916
deep,128,2,349,-0.0040644043717106
deep,128,2,350,-0.0044607365207253
deep,128,2,351,-0.0045789397880452
deep,128,2,352,-0.0048583732610666
deep,128,2,353,-0.004953238301784
deep,128,2,354,-0.0050397452798596
deep,128,2,355,-0.0050305912333644
deep,128,2,356,-0.0050750397382899
deep,128,2,357,-0.0049713294481302
deep,128,2,358,-0.004855441359616
deep,128,2,359,-0.0046343510446845
deep,128,2,360,-0.0045218284343353
deep,128,2,361,-0.0044139215354499
deep,128,2,362,-0.0043632502321402
deep,128,2,363,-0.0045559651074732
deep,128,2,364,-0.0044651493878376
deep,128,2,365,-0.0045261875351447
deep,128,2,366,-0.004648865507351
deep,128,2,367,-0.0046012382407916
deep,128,2,368,-0.0045627908952574
deep,128,2,369,-0.0046867812441257
deep,128,2,370,-0.0047245904820425
deep,128,2,371,-0.0048466969303
deep,128,2,372,-0.0049629819410594
deep,128,2,373,-0.0049643528185293
deep,128,2,374,-0.0050041860617685
deep,128,2,375,-0.0051128488752677
deep,128,2,376,-0.0051850482133308
deep,128,2,377,-0.0051846041204853
deep,128,2,378,-0.0049241866836606
deep,128,2,379,-0.004699961006867
deep,128,2,380,-0.0045160022196029
deep,128,2,381,-0.0044250919571566
deep,128,2,382,-0.004329745900708
deep,128,2,383,-0.0042198453700147
deep,128,2,384,-0.0042103181315233
deep,128,2,385,-0.0041641631067467
deep,128,2,386,-0.0041084209074511
deep,128,2,387,-0.0042843221065022
deep,128,2,388,-0.0045019594256875
deep,128,2,389,-0.0047390166770349
deep,128,2,390,-0.0049807724880088
deep,128,2,391,-0.0054090293631054
deep,128,2,392,-0.0054211237093867
deep,128,2,393,-0.0052963535024518
deep,128,2,394,-0.0050096533000891
deep,128,2,395,-0.0047845915558483
deep,128,2,396,-0.0046719493764865
deep,128,2,397,-0.0046892085574998
deep,128,2,398,-0.004556926104863
deep,128,2,399,-0.0045684543455733
deep,128,2,400,-0.0047256839715014
deep,256,0,0,1.0
deep,256,0,1,0.9576286573604236
deep,256,0,2,0.9174415689492088
deep,256,0,3,0.8792976451574558
deep,256,0,4,0.843200126651053
deep,256,0,5,0.80896914904265
deep,256,0,6,0.7767653068093696
deep,256,0,7,0.7461803498580424
deep,256,0,8,0.7170159594461711
deep,256,0,9,0.6889724077770571
deep,256,0,10,0.6624711861399072
deep,256,0,11,0.6372028390062768
deep,256,0,12,0.6130938112547483
deep,256,0,13,0.5900072813190992
deep,256,0,14,0.5680778658109312
deep,256,0,15,0.5473009250977444
deep,256,0,16,0.5273486300004038
deep,256,0,17,0.5081499426571257
deep,256,0,18,0.4898239037959404
deep,256,0,19,0.4725559405309828
deep,256,0,20,0.4559594683823996
deep,256,0,21,0.4400387876913066
deep,256,0,22,0.4249765097776752
deep,256,0,23,0.4104633696347237
deep,256,0,24,0.3966559776779259
deep,256,0,25,0.3833466755947406
deep,256,0,26,0.3706954454311929
deep,256,0,27,0.3584076223143619
deep,256,0,28,0.3466677302283864
deep,256,0,29,0.3353610736549487
deep,256,0,30,0.3245690567116144
deep,256,0,31,0.3140866443103406
deep,256,0,32,0.3037381276465146
deep,256,0,33,0.2939860480407155
deep,256,0,34,0.2845047631063969
deep,256,0,35,0.2754777691697358
deep,256,0,36,0.2666767577955241
deep,256,0,37,0.2581886601125236
deep,256,0,38,0.2500152156351588
deep,256,0,39,0.2424023848896924
deep,256,0,40,0.2350889528595784
deep,256,0,41,0.228107963656769
deep,256,0,42,0.2212546824137501
deep,256,0,43,0.2145513045599792
deep,256,0,44,0.208072332576961
deep,256,0,45,0.201713110207131
deep,256,0,46,0.1955640583768245
deep,256,0,47,0.1896163876064655
deep,256,0,48,0.1841359002661149
deep,256,0,49,0.1786622689902845
deep,256,0,50,0.1732538133550713
deep,256,0,51,0.1680766958915846
deep,256,0,52,0.1629747742885833
deep,256,0,53,0.1579503156779992
deep,256,0,54,0.1532589444804147
deep,256,0,55,0.1486691521602653
deep,256,0,56,0.1442961870947988
deep,256,0,57,0.1400810098418651
deep,256,0,58,0.1358669590051123
deep,256,0,59,0.1319352063331114
deep,256,0,60,0.1280503562614194
deep,256,0,61,0.1241491502915358
deep,256,0,62,0.120366540905193
deep,256,0,63,0.116670065374692
deep,256,0,64,0.1129904000666569
deep,256,0,65,0.1093624462073784
deep,256,0,66,0.1058960957770962
deep,256,0,67,0.1026591026432983
deep,256,0,68,0.0994911128503099
deep,256,0,69,0.096367841202981
deep,256,0,70,0.0933296525687953
deep,256,0,71,0.0904958790515572
deep,256,0,72,0.0877489427222871
deep,256,0,73,0.0850200301517972
deep,256,0,74,0.0822707276937696
deep,256,0,75,0.0794647802964825
deep,256,0,76,0.0768848682637905
deep,256,0,77,0.0742607789955393
deep,256,0,78,0.0715499778385692
deep,256,0,79,0.0689104470711621
deep,256,0,80,0.0664130385642305
deep,256,0,81,0.0640500047761293
deep,256,0,82,0.0618281654320635
deep,256,0,83,0.0595542888544974
deep,256,0,84,0.0575318564506358
deep,256,0,85,0.0556242920701917
deep,256,0,86,0.0537677444068804
deep,256,0,87,0.0519173492062142
deep,256,0,88,0.0498701217615329
deep,256,0,89,0.0477411527164442
deep,256,0,90,0.0458601443346
deep,256,0,91,0.0441302871466249
deep,256,0,92,0.0424090566654562
deep,256,0,93,0.0407244378620668
deep,256,0,94,0.0390417575202346
deep,256,0,95,0.0373489917796487
deep,256,0,96,0.0358328541659063
deep,256,0,97,0.0343448597231855
deep,256,0,98,0.0330385756936983
deep,256,0,99,0.0318764320152438
deep,256,0,100,0.0305709705967195
deep,256,0,101,0.0293091734755395
deep,256,0,102,0.0280911927741641
deep,256,0,103,0.0268950068224383
deep,256,0,104,0.025702610202575
deep,256,0,105,0.024533739386697
deep,256,0,106,0.023429753094865
deep,256,0,107,0.0223392838614592
deep,256,0,108,0.0213167190849962
deep,256,0,109,0.0202227104868551
deep,256,0,110,0.0191703337682424
deep,256,0,111,0.0181498247601477
deep,256,0,112,0.0173296901298004
deep,256,0,113,0.0165232391894897
deep,256,0,114,0.0157171864301407
deep,256,0,115,0.0150081500142176
deep,256,0,116,0.0144658066030445
deep,256,0,117,0.0138033760504439
deep,256,0,118,0.013146846261688
deep,256,0,119,0.0123863633203157
deep,256,0,120,0.0115375652294576
deep,256,0,121,0.0107386451036738
deep,256,0,122,0.0099155045792225
deep,256,0,123,0.0092298328981857
deep,256,0,124,0.0087003040527131
deep,256,0,125,0.0083680621301643
deep,256,0,126,0.0079749303053514
deep,256,0,127,0.0076232232581465
deep,256,0,128,0.0073480762028486
deep,256,0,129,0.0072939217422481
deep,256,0,130,0.0071426990511609
deep,256,0,131,0.0068834848130261
deep,256,0,132,0.0067173594265075
deep,256,0,133,0.0066876127119445
deep,256,0,134,0.0066326379527792
deep,256,0,135,0.006613955088909
deep,256,0,136,0.0066384874977823
deep,256,0,137,0.0065104783437131
deep,256,0,138,0.0065338485451099
deep,256,0,139,0.006589124343795
deep,256,0,140,0.006545479851576
deep,256,0,141,0.0064929169381949
deep,256,0,142,0.006386464654421
deep,256,0,143,0.0064995313096577
deep,256,0,144,0.0063845727379376
deep,256,0,145,0.0061094053065479
deep,256,0,146,0.005918066051046
deep,256,0,147,0.005603557040955
deep,256,0,148,0.0054108263528278
deep,256,0,149,0.0052952070620172
deep,256,0,150,0.0052961732685724
deep,256,0,151,0.0053842714231674
deep,256,0,152,0.0053060190580142
deep,256,0,153,0.0050804416140366
deep,256,0,154,0.004669237450861
deep,256,0,155,0.0043385478909656
deep,256,0,156,0.0041367150409909
deep,256,0,157,0.0037786778611591
deep,256,0,158,0.0034467307446096
deep,256,0,159,0.0030271897541059
deep,256,0,160,0.0027571168386095
deep,256,0,161,0.0025018885789251
deep,256,0,162,0.002434832965936
deep,256,0,163,0.0022358132110575
deep,256,0,164,0.0020903608201024
deep,256,0,165,0.0018653937178195
deep,256,0,166,0.0016265240714282
deep,256,0,167,0.001671411438178
deep,256,0,168,0.0020281807475038
deep,256,0,169,0.0023802432828794
deep,256,0,170,0.0025005580680202
deep,256,0,171,0.0024839115376664
deep,256,0,172,0.0023355969976477
deep,256,0,173,0.0021148814775739
deep,256,0,174,0.0019345082308076
deep,256,0,175,0.0018689203322826
deep,256,0,176,0.0019498434475457
deep,256,0,177,0.0022013858199225
deep,256,0,178,0.0022496005084671
deep,256,0,179,0.0023013638944445
deep,256,0,180,0.0025346554401184
deep,256,0,181,0.0029020360803862
deep,256,0,182,0.0033172819949846
deep,256,0,183,0.0037925899161368
deep,256,0,184,0.0041703223593099
deep,256,0,185,0.0046299360554135
deep,256,0,186,0.0047645974364445
deep,256,0,187,0.0047581690430696
deep,256,0,188,0.0048218332475901
deep,256,0,189,0.0049031274653075
deep,256,0,190,0.0049971612386585
deep,256,0,191,0.0051455983637977
deep,256,0,192,0.0052399457895064
deep,256,0,193,0.0052789550976392
deep,256,0,194,0.0052337664656516
deep,256,0,195,0.0052052474602521
deep,256,0,196,0.0051988834144236
deep,256,0,197,0.0053435445448703
deep,256,0,198,0.0055244896368199
deep,256,0,199,0.0055627476276203
deep,256,0,200,0.0055725084384727
deep,256,0,201,0.0055366189516674
deep,256,0,202,0.0057495595629254
deep,256,0,203,0.0059468032064218
deep,256,0,204,0.0062779545458413
deep,256,0,205,0.0066167264270832
deep,256,0,206,0.0070306568359165
deep,256,0,207,0.0074757076369975
deep,256,0,208,0.0078790393051959
deep,256,0,209,0.0083077927399374
deep,256,0,210,0.0086528584874319
deep,256,0,211,0.0089900437653949
deep,256,0,212,0.0093083296190872
deep,256,0,213,0.0096550096289906
deep,256,0,214,0.0100323515163391
deep,256,0,215,0.010354652925051
deep,256,0,216,0.0107522010941574
deep,256,0,217,0.0110969553346473
deep,256,0,218,0.0114492703446951
deep,256,0,219,0.0116897903860954
deep,256,0,220,0.0119367125640996
deep,256,0,221,0.0120875768477985
deep,256,0,222,0.0123113110162471
deep,256,0,223,0.012643186303116
deep,256,0,224,0.0131323883294596
deep,256,0,225,0.0137130764341889
deep,256,0,226,0.0142566181118947
deep,256,0,227,0.0144471520499628
deep,256,0,228,0.0146409988232485
deep,256,0,229,0.0146770289024954
deep,256,0,230,0.0145460341514684
deep,256,0,231,0.0144352719140989
deep,256,0,232,0.0145347616352404
deep,256,0,233,0.0145459249726792
deep,256,0,234,0.0146321648679831
deep,256,0,235,0.0147919634627762
deep,256,0,236,0.0149097525295266
deep,256,0,237,0.0150433928160061
deep,256,0,238,0.0151789404698801
deep,256,0,239,0.015175229453815
deep,256,0,240,0.0150230733025458
deep,256,0,241,0.0148697335249172
deep,256,0,242,0.0146505822970204
deep,256,0,243,0.0145475518908026
deep,256,0,244,0.0145190573048415
deep,256,0,245,0.0144680033694861
deep,256,0,246,0.0142084089403615
deep,256,0,247,0.0139701856909433
deep,256,0,248,0.0137405185648401
deep,256,0,249,0.0131042668457663
deep,256,0,250,0.0126250693615845
deep,256,0,251,0.0121469045696352
deep,256,0,252,0.0117283208243387
deep,256,0,253,0.0112897585762208
deep,256,0,254,0.0107253754761194
deep,256,0,255,0.0101666355981871
deep,256,0,256,0.0096092764851614
deep,256,0,257,0.0092868311170128
deep,256,0,258,0.0089572013572553
deep,256,0,259,0.0086340728372884
deep,256,0,260,0.0084889286048935
deep,256,0,261,0.0084168221609908
deep,256,0,262,0.008348900680695
deep,256,0,263,0.0081605098657887
deep,256,0,264,0.0080808094982953
deep,256,0,265,0.0079307544789704
deep,256,0,266,0.0078616260295564
deep,256,0,267,0.0079857023317638
deep,256,0,268,0.0081588302230712
deep,256,0,269,0.0082588879328957
deep,256,0,270,0.0084788503252707
deep,256,0,271,0.0089206026706924
deep,256,0,272,0.0093973692728034
deep,256,0,273,0.0098375222133624
deep,256,0,274,0.0101316584931275
deep,256,0,275,0.0104145931148593
deep,256,0,276,0.0106863667995169
deep,256,0,277,0.0108644547772829
deep,256,0,278,0.0111271466095904
deep,256,0,279,0.0114554623967456
deep,256,0,280,0.0116906561585544
deep,256,0,281,0.0119202634658974
deep,256,0,282,0.011954017951698
deep,256,0,283,0.0122377975510534
deep,256,0,284,0.0125431564029324
deep,256,0,285,0.0127844517895349
deep,256,0,286,0.0131788398802105
deep,256,0,287,0.0135106635959211
deep,256,0,288,0.0137871244329168
deep,256,0,289,0.0142128423252526
deep,256,0,290,0.014902479445477
deep,256,0,291,0.0155758053613701
deep,256,0,292,0.0160358884923626
deep,256,0,293,0.0167407172451081
deep,256,0,294,0.0173034630983126
deep,256,0,295,0.0178605560593358
deep,256,0,296,0.0184874135288615
deep,256,0,297,0.0190264021707739
deep,256,0,298,0.0195264504710542
deep,256,0,299,0.0200456925077811
deep,256,0,300,0.0204286903752046
deep,256,0,301,0.0208146595048175
deep,256,0,302,0.0212148452112269
deep,256,0,303,0.0215693537630466
deep,256,0,304,0.0220313065795228
deep,256,0,305,0.0220480412517722
deep,256,0,306,0.0222007026704916
deep,256,0,307,0.0220097895663073
deep,256,0,308,0.0218742699384974
deep,256,0,309,0.0218311881057317
deep,256,0,310,0.0217294520813332
deep,256,0,311,0.021796773508028
deep,256,0,312,0.0218614014080755
deep,256,0,313,0.0219167503206967
deep,256,0,314,0.022083159156559
deep,256,0,315,0.0220468450998967
deep,256,0,316,0.0221838264980814
deep,256,0,317,0.0219529922285572
deep,256,0,318,0.0218338766125477
deep,256,0,319,0.0216812346209055
deep,256,0,320,0.0215512379903254
deep,256,0,321,0.0213044437492147
deep,256,0,322,0.021059140592644
deep,256,0,323,0.0205550099433776
deep,256,0,324,0.019924188771792
deep,256,0,325,0.0193739617697412
deep,256,0,326,0.0186996171065061
deep,256,0,327,0.0179326967694539
deep,256,0,328,0.0172289969021353
deep,256,0,329,0.0166006962232402
deep,256,0,330,0.015953456401255
deep,256,0,331,0.0153186169977904
deep,256,0,332,0.0147367620106835
deep,256,0,333,0.0142584555048234
deep,256,0,334,0.0137350035741658
deep,256,0,335,0.0131367574552113
deep,256,0,336,0.0127115293068114
deep,256,0,337,0.0122205399550513
deep,256,0,338,0.0116571061707151
deep,256,0,339,0.0112060352782814
deep,256,0,340,0.0109255954038231
deep,256,0,341,0.0106932482206846
deep,256,0,342,0.010484666993144
deep,256,0,343,0.0102054458889956
deep,256,0,344,0.0100135606209274
deep,256,0,345,0.0097098003855334
deep,256,0,346,0.0094552713789666
deep,256,0,347,0.0093521787758884
deep,256,0,348,0.0092768755280979
deep,256,0,349,0.0092116135597339
deep,256,0,350,0.0091427538246373
deep,256,0,351,0.0088988488059728
deep,256,0,352,0.0086116993244247
deep,256,0,353,0.0082567720638599
deep,256,0,354,0.0079218110402072
deep,256,0,355,0.0076042895400292
deep,256,0,356,0.0073995796443733
deep,256,0,357,0.0072728405374329
deep,256,0,358,0.0072048451943817
deep,256,0,359,0.0071483536338792
deep,256,0,360,0.0071844624877941
deep,256,0,361,0.007210213445079
deep,256,0,362,0.0074113594557352
deep,256,0,363,0.0076407653363126
deep,256,0,364,0.007636822284786
deep,256,0,365,0.0076629635668088
deep,256,0,366,0.00757546712554
deep,256,0,367,0.0073101166915492
deep,256,0,368,0.0071090920915773
deep,256,0,369,0.0069109699279628
deep,256,0,370,0.0067250603075522
deep,256,0,371,0.0064081174838825
deep,256,0,372,0.0063567230717645
deep,256,0,373,0.0060911934534464
deep,256,0,374,0.0058746513358025
deep,256,0,375,0.00562109882433
deep,256,0,376,0.0054034076909276
deep,256,0,377,0.0053547328433988
deep,256,0,378,0.0054497591840143
deep,256,0,379,0.0054146154763464
deep,256,0,380,0.0055227103233172
deep,256,0,381,0.0055788712345391
deep,256,0,382,0.0055416949967997
deep,256,0,383,0.0055562209495978
deep,256,0,384,0.0057523416359237
deep,256,0,385,0.0058628308957017
deep,256,0,386,0.0061350673440834
deep,256,0,387,0.0063429555478962
deep,256,0,388,0.0067119898808435
deep,256,0,389,0.0071304414203596
deep,256,0,390,0.0076449890899742
deep,256,0,391,0.0081375362901314
deep,256,0,392,0.0085975479765087
deep,256,0,393,0.0090673940177948
deep,256,0,394,0.0094534055677808
deep,256,0,395,0.0097732142251757
deep,256,0,396,0.0099273212853986
deep,256,0,397,0.0097914087301987
deep,256,0,398,0.0096524588326081
deep,256,0,399,0.0094461377583303
deep,256,0,400,0.0092452736023088
deep,256,1,0,1.0
deep,256,1,1,0.96101489814286
deep,256,1,2,0.9240572134727396
deep,256,1,3,0.8888389623974853
deep,256,1,4,0.8555020082670453
deep,256,1,5,0.8238901203339661
deep,256,1,6,0.7938031860256294
deep,256,1,7,0.7649694007155123
deep,256,1,8,0.7374404447171776
deep,256,1,9,0.7113502112470677
deep,256,1,10,0.6865355662646755
deep,256,1,11,0.6629749318057094
deep,256,1,12,0.6405060308267954
deep,256,1,13,0.6188375167808824
deep,256,1,14,0.5979741207849403
deep,256,1,15,0.5779899898746825
deep,256,1,16,0.5589512332008165
deep,256,1,17,0.5407262480216105
deep,256,1,18,0.5232075504079573
deep,256,1,19,0.5063870466325671
deep,256,1,20,0.4902129930093047
deep,256,1,21,0.4748736428000951
deep,256,1,22,0.4600876269179909
deep,256,1,23,0.4459559229176457
deep,256,1,24,0.4325178426855397
deep,256,1,25,0.4195849018074084
deep,256,1,26,0.4072579801160023
deep,256,1,27,0.3954243090406125
deep,256,1,28,0.3842387644147476
deep,256,1,29,0.3734979694162965
deep,256,1,30,0.3632136825923951
deep,256,1,31,0.3532389982024764
deep,256,1,32,0.3435634768764339
deep,256,1,33,0.3341694767856714
deep,256,1,34,0.3250277003433408
deep,256,1,35,0.316122564660889
deep,256,1,36,0.3075879326095427
deep,256,1,37,0.2993643833304514
deep,256,1,38,0.291383827680818
deep,256,1,39,0.2835132927855
deep,256,1,40,0.2759042278748946
deep,256,1,41,0.2685721711727206
deep,256,1,42,0.2617839512014892
deep,256,1,43,0.2552229618098486
deep,256,1,44,0.248898935452395
deep,256,1,45,0.2428404441015229
deep,256,1,46,0.2369967578632399
deep,256,1,47,0.2311464420494098
deep,256,1,48,0.2253614773549635
deep,256,1,49,0.2196116075432516
deep,256,1,50,0.2140874476012142
deep,256,1,51,0.2089591658356457
deep,256,1,52,0.2040710081884856
deep,256,1,53,0.1993651668400983
deep,256,1,54,0.1951199759755308
deep,256,1,55,0.191041264148352
deep,256,1,56,0.1868837353695224
deep,256,1,57,0.1828006666541859
deep,256,1,58,0.1787637459094748
deep,256,1,59,0.1747217194734576
deep,256,1,60,0.1707506132608941
deep,256,1,61,0.1668477071811086
deep,256,1,62,0.1631890859273832
deep,256,1,63,0.1595202623981981
deep,256,1,64,0.1558723112757553
deep,256,1,65,0.1523849628600855
deep,256,1,66,0.1488574558468477
deep,256,1,67,0.1454424142324573
deep,256,1,68,0.1421859023676248
deep,256,1,69,0.1389490157870027
deep,256,1,70,0.1357216454547743
deep,256,1,71,0.1325308582641741
deep,256,1,72,0.1293140365366366
deep,256,1,73,0.12611388546443
deep,256,1,74,0.1231213397871182
deep,256,1,75,0.1201700353279245
deep,256,1,76,0.1174190238150352
deep,256,1,77,0.1146109982055045
deep,256,1,78,0.1119187757191391
deep,256,1,79,0.1093300408637695
deep,256,1,80,0.106852408435358
deep,256,1,81,0.1046444741947938
deep,256,1,82,0.1025034390427091
deep,256,1,83,0.1003433793857446
deep,256,1,84,0.0982385269950995
deep,256,1,85,0.0965460299202888
deep,256,1,86,0.0948717750641999
deep,256,1,87,0.0931670673419652
deep,256,1,88,0.0914917787104977
deep,256,1,89,0.0897665848489026
deep,256,1,90,0.0880164418834989
deep,256,1,91,0.0862774649093449
deep,256,1,92,0.0846763702714074
deep,256,1,93,0.083265490245609
deep,256,1,94,0.0818750927167773
deep,256,1,95,0.0805296541775273
deep,256,1,96,0.0792777502789028
deep,256,1,97,0.0779701656068354
deep,256,1,98,0.0768088288903984
deep,256,1,99,0.0757462791075174
deep,256,1,100,0.0747930577709246
deep,256,1,101,0.0737751132138376
deep,256,1,102,0.0728125549565384
deep,256,1,103,0.0719005275006322
deep,256,1,104,0.0708165969765718
deep,256,1,105,0.0697329192799721
deep,256,1,106,0.0686307614091832
deep,256,1,107,0.0676680593846521
deep,256,1,108,0.0667687010968897
deep,256,1,109,0.0660096785085727
deep,256,1,110,0.065365150174848
deep,256,1,111,0.0648283690352799
deep,256,1,112,0.0641700963085404
deep,256,1,113,0.0634028651352824
deep,256,1,114,0.062436711500753
deep,256,1,115,0.061363222782491
deep,256,1,116,0.0602595361412584
deep,256,1,117,0.0591012520946351
deep,256,1,118,0.0582171230858607
deep,256,1,119,0.0570993090841389
deep,256,1,120,0.0558935564099954
deep,256,1,121,0.0545252586708573
deep,256,1,122,0.0532396853548102
deep,256,1,123,0.051913370437037
deep,256,1,124,0.0504093326032301
deep,256,1,125,0.0491975794374659
deep,256,1,126,0.0483435624170714
deep,256,1,127,0.0475067022967512
deep,256,1,128,0.0465491884610348
deep,256,1,129,0.0454982675852925
deep,256,1,130,0.0444128360042121
deep,256,1,131,0.043471636216732
deep,256,1,132,0.042457668261277
deep,256,1,133,0.0414247709020302
deep,256,1,134,0.0403255052781222
deep,256,1,135,0.0391244041533206
deep,256,1,136,0.0378990047362319
deep,256,1,137,0.0367052636882389
deep,256,1,138,0.0354324443935518
deep,256,1,139,0.0341744540029385
deep,256,1,140,0.0327517772523587
deep,256,1,141,0.0313867646393795
deep,256,1,142,0.0302154130578599
deep,256,1,143,0.0292856678563113
deep,256,1,144,0.0284640921702198
deep,256,1,145,0.027882531060505
deep,256,1,146,0.027343482847178
deep,256,1,147,0.0268043990371373
deep,256,1,148,0.0263859439622682
deep,256,1,149,0.0260248847833123
deep,256,1,150,0.0256436006254407
deep,256,1,151,0.0252631674179252
deep,256,1,152,0.0249611652819989
deep,256,1,153,0.0247104554315099
deep,256,1,154,0.0244025337578428
deep,256,1,155,0.0240918677920001
deep,256,1,156,0.0238125601082082
deep,256,1,157,0.0237401709117273
deep,256,1,158,0.0235277773741637
deep,256,1,159,0.0231169871061675
deep,256,1,160,0.0228050827717404
deep,256,1,161,0.0225755290404657
deep,256,1,162,0.0224378740601006
deep,256,1,163,0.0222776769708725
deep,256,1,164,0.0219881121699301
deep,256,1,165,0.0217375233249397
deep,256,1,166,0.0216670388637888
deep,256,1,167,0.0215648257382223
deep,256,1,168,0.0214947664147298
deep,256,1,169,0.0212995818833412
deep,256,1,170,0.0212793941341111
deep,256,1,171,0.021097966176478
deep,256,1,172,0.0209259474944091
deep,256,1,173,0.0208032647346958
deep,256,1,174,0.0207378714638254
deep,256,1,175,0.0207144936116618
deep,256,1,176,0.0204589752731193
deep,256,1,177,0.0202138132422187
deep,256,1,178,0.0199503069853088
deep,256,1,179,0.0196027060892304
deep,256,1,180,0.0192266489709469
deep,256,1,181,0.0186817349377909
deep,256,1,182,0.0182395548748651
deep,256,1,183,0.0177821827632682
deep,256,1,184,0.0173979174346905
deep,256,1,185,0.0170975329392079
deep,256,1,186,0.0167461185531762
deep,256,1,187,0.0165699822675964
deep,256,1,188,0.0163092347627451
deep,256,1,189,0.0158694093152372
deep,256,1,190,0.0155274158793053
deep,256,1,191,0.0149634586943076
deep,256,1,192,0.0145092875466603
deep,256,1,193,0.0140339658998132
deep,256,1,194,0.0135631581588181
deep,256,1,195,0.0132391037809255
deep,256,1,196,0.0129522037672746
deep,256,1,197,0.012555626425109
deep,256,1,198,0.0123030294230772
deep,256,1,199,0.0119965628065043
deep,256,1,200,0.0115288117917665
deep,256,1,201,0.0109910854687135
deep,256,1,202,0.010368471668048
deep,256,1,203,0.0097859624561439
deep,256,1,204,0.009195089131716
deep,256,1,205,0.0086152247341621
deep,256,1,206,0.0080704094233314
deep,256,1,207,0.0075885583286252
deep,256,1,208,0.0074312419280395
deep,256,1,209,0.0073925313215897
deep,256,1,210,0.00731068448579
deep,256,1,211,0.0073093552691994
deep,256,1,212,0.0073490730032849
deep,256,1,213,0.0075233077229004
deep,256,1,214,0.0077318122197145
deep,256,1,215,0.0078380993344465
deep,256,1,216,0.0079962123283555
deep,256,1,217,0.0080168334301198
deep,256,1,218,0.0081070773221462
deep,256,1,219,0.0081394350532057
deep,256,1,220,0.0082517235820404
deep,256,1,221,0.0084242539635322
deep,256,1,222,0.0084508586083334
deep,256,1,223,0.008526845949578
deep,256,1,224,0.0087382915625456
deep,256,1,225,0.0088967530036348
deep,256,1,226,0.0087729147102977
deep,256,1,227,0.0087485462073101
deep,256,1,228,0.0089709420136214
deep,256,1,229,0.0091979850356715
deep,256,1,230,0.0097025955891043
deep,256,1,231,0.0101956922684626
deep,256,1,232,0.0106996985767743
deep,256,1,233,0.0111816167452544
deep,256,1,234,0.0115196507339405
deep,256,1,235,0.012018115162599
deep,256,1,236,0.0123821780403488
deep,256,1,237,0.0125832084572569
deep,256,1,238,0.0128436037653823
deep,256,1,239,0.0129081349484782
deep,256,1,240,0.0129953791296586
deep,256,1,241,0.012946843936179
deep,256,1,242,0.0126922698559281
deep,256,1,243,0.0123870082970061
deep,256,1,244,0.012194789553226
deep,256,1,245,0.0117617141307478
deep,256,1,246,0.0113807274653444
deep,256,1,247,0.010926486719045
deep,256,1,248,0.0105846556825671
deep,256,1,249,0.0103043547455859
deep,256,1,250,0.0102165253727791
deep,256,1,251,0.0101430970178097
deep,256,1,252,0.0098988777936671
deep,256,1,253,0.0097057442034006
deep,256,1,254,0.0095216416871607
deep,256,1,255,0.0093866904705145
deep,256,1,256,0.009260697065705
deep,256,1,257,0.0091398184644025
deep,256,1,258,0.0090549793320161
deep,256,1,259,0.0090153255160283
deep,256,1,260,0.0088696429870226
deep,256,1,261,0.0087984113017864
deep,256,1,262,0.0088246470193545
deep,256,1,263,0.0087487435870318
deep,256,1,264,0.0087264838437499
deep,256,1,265,0.0087011634079731
deep,256,1,266,0.0085482420029248
deep,256,1,267,0.008389071433945
deep,256,1,268,0.0080478227349849
deep,256,1,269,0.0077413250634756
deep,256,1,270,0.0073684937076942
deep,256,1,271,0.007090265538529
deep,256,1,272,0.0068086278874289
deep,256,1,273,0.0066867828505554
deep,256,1,274,0.0066889170704209
deep,256,1,275,0.0067247287904365
deep,256,1,276,0.0067050826010444
deep,256,1,277,0.0067791622387756
deep,256,1,278,0.006884996888186
deep,256,1,279,0.0069721018472358
deep,256,1,280,0.0071659259685283
deep,256,1,281,0.0073244705413047
deep,256,1,282,0.007567664393033
deep,256,1,283,0.0079030093290009
deep,256,1,284,0.0081673772440319
deep,256,1,285,0.00828213122393
deep,256,1,286,0.0083662976314653
deep,256,1,287,0.0084444449301569
deep,256,1,288,0.0085867767242363
deep,256,1,289,0.0086401601883725
deep,256,1,290,0.0086469093777633
deep,256,1,291,0.0085875082487215
deep,256,1,292,0.0084253056565076
deep,256,1,293,0.0081740848533364
deep,256,1,294,0.0081254091837242
deep,256,1,295,0.0083781658351727
deep,256,1,296,0.008568795240408
deep,256,1,297,0.0088850045623979
deep,256,1,298,0.0090992933441274
deep,256,1,299,0.0093064692597314
deep,256,1,300,0.0094928056380984
deep,256,1,301,0.0096023819289605
deep,256,1,302,0.0096859666254535
deep,256,1,303,0.0096266150826521
deep,256,1,304,0.0092110129524173
deep,256,1,305,0.0087202318369453
deep,256,1,306,0.0082981501326522
deep,256,1,307,0.0079451751064613
deep,256,1,308,0.007581189097563
deep,256,1,309,0.007277429344809
deep,256,1,310,0.0071346845398864
deep,256,1,311,0.0068551523258305
deep,256,1,312,0.0065960945020575
deep,256,1,313,0.0064540870920115
deep,256,1,314,0.0065159660147631
deep,256,1,315,0.0064807486917536
deep,256,1,316,0.0066239048784924
deep,256,1,317,0.0066873937891889
deep,256,1,318,0.0067139292206112
deep,256,1,319,0.0068320669719195
deep,256,1,320,0.0068168657756359
deep,256,1,321,0.00672692579748
deep,256,1,322,0.0066887258753681
deep,256,1,323,0.006765475746785
deep,256,1,324,0.0068910477906113
deep,256,1,325,0.0068912889398395
deep,256,1,326,0.0069300425879117
deep,256,1,327,0.0070786289173959
deep,256,1,328,0.0073687078701647
deep,256,1,329,0.0074429227480239
deep,256,1,330,0.0075408770792667
deep,256,1,331,0.0075348923421771
deep,256,1,332,0.0077191309261404
deep,256,1,333,0.007805629825905
deep,256,1,334,0.0079705199179225
deep,256,1,335,0.0083092343442923
deep,256,1,336,0.0085632367719668
deep,256,1,337,0.0088676449830043
deep,256,1,338,0.0092174553277192
deep,256,1,339,0.0093555000056002
deep,256,1,340,0.0092668306447639
deep,256,1,341,0.0091291425363661
deep,256,1,342,0.0089328236994513
deep,256,1,343,0.0087558902336687
deep,256,1,344,0.0086896043594676
deep,256,1,345,0.0084182181304526
deep,256,1,346,0.0079845477412685
deep,256,1,347,0.0076279207330676
deep,256,1,348,0.0069739695760534
deep,256,1,349,0.006178286557353
deep,256,1,350,0.0054869893667034
deep,256,1,351,0.0047898526209392
deep,256,1,352,0.0041564435776095
deep,256,1,353,0.0036511287041295
deep,256,1,354,0.0028939381503764
deep,256,1,355,0.0018260504934048
deep,256,1,356,0.000923833432476
deep,256,1,357,0.0001629946537176
deep,256,1,358,-0.0004721646945051
deep,256,1,359,-0.0010703744251227
deep,256,1,360,-0.0015713688393378
deep,256,1,361,-0.0019897150015139
deep,256,1,362,-0.0023439179334829
deep,256,1,363,-0.0026061965311029
deep,256,1,364,-0.0029100303472655
deep,256,1,365,-0.0031395141805276
deep,256,1,366,-0.0033231782516774
deep,256,1,367,-0.0033844506119076
deep,256,1,368,-0.0034620604249781
deep,256,1,369,-0.0034055659699237
deep,256,1,370,-0.0032859614849056
deep,256,1,371,-0.0030642641125927
deep,256,1,372,-0.0028928424631504
deep,256,1,373,-0.0026278307383885
deep,256,1,374,-0.0023423218359243
deep,256,1,375,-0.0019587320956721
deep,256,1,376,-0.0015915385103379
deep,256,1,377,-0.0012734008993377
deep,256,1,378,-0.0008253592330278
deep,256,1,379,-0.0004630839001926
deep,256,1,380,-0.0001826343691444
deep,256,1,381,4.518428538598869e-05
deep,256,1,382,0.0001187872561101
deep,256,1,383,0.000230241424848
deep,256,1,384,0.0004012600935658
deep,256,1,385,0.0005211048318755
deep,256,1,386,0.0009432253982751
deep,256,1,387,0.0014154556870424
deep,256,1,388,0.0018209896882421
deep,256,1,389,0.0022118777788666
deep,256,1,390,0.0025365055784068
deep,256,1,391,0.0028217868232499
deep,256,1,392,0.0031221882537128
deep,256,1,393,0.003305738178634
deep,256,1,394,0.0035302307664896
deep,256,1,395,0.0037164500929331
deep,256,1,396,0.0038478586977525
deep,256,1,397,0.0041391187407215
deep,256,1,398,0.0045894521353921
deep,256,1,399,0.0052390168783325
deep,256,1,400,0.0060351725785602
deep,256,2,0,1.0
deep,256,2,1,0.9585173707910424
deep,256,2,2,0.9192424592571488
deep,256,2,3,0.8820499832346308
deep,256,2,4,0.8469192048468612
deep,256,2,5,0.8133931647465804
deep,256,2,6,0.7815781041361837
deep,256,2,7,0.7515167320397114
deep,256,2,8,0.7230824645600582
deep,256,2,9,0.6961536494341413
deep,256,2,10,0.6707446941485334
deep,256,2,11,0.6463214535045038
deep,256,2,12,0.6233262682241621
deep,256,2,13,0.6013836995046424
deep,256,2,14,0.5805592654706927
deep,256,2,15,0.5605001956255667
deep,256,2,16,0.5413600558483789
deep,256,2,17,0.5230621892082556
deep,256,2,18,0.505598417470237
deep,256,2,19,0.4887415724941986
deep,256,2,20,0.4726176809140574
deep,256,2,21,0.4568606768387563
deep,256,2,22,0.441691672885268
deep,256,2,23,0.4270761697699331
deep,256,2,24,0.4131556825335658
deep,256,2,25,0.3999809967080333
deep,256,2,26,0.3871037417633103
deep,256,2,27,0.3748435815630705
deep,256,2,28,0.363151550894928
deep,256,2,29,0.3518885958791459
deep,256,2,30,0.341019848850873
deep,256,2,31,0.3306690933740707
deep,256,2,32,0.3207080228118087
deep,256,2,33,0.3110995792594727
deep,256,2,34,0.3017444315187267
deep,256,2,35,0.2928417998033843
deep,256,2,36,0.2842561778143294
deep,256,2,37,0.2757730342525162
deep,256,2,38,0.2677588344696124
deep,256,2,39,0.2601241178644221
deep,256,2,40,0.2529423109726444
deep,256,2,41,0.2460322736219936
deep,256,2,42,0.2394434018957827
deep,256,2,43,0.2330480212260945
deep,256,2,44,0.2269252803626489
deep,256,2,45,0.2212483775774499
deep,256,2,46,0.2157601172904085
deep,256,2,47,0.2103115883444563
deep,256,2,48,0.2050014846564101
deep,256,2,49,0.1999666497310536
deep,256,2,50,0.1952134939361359
deep,256,2,51,0.1903569394681541
deep,256,2,52,0.1856002662207025
deep,256,2,53,0.1810300691127644
deep,256,2,54,0.1766562928784876
deep,256,2,55,0.1726864173474009
deep,256,2,56,0.1688190182924291
deep,256,2,57,0.1650644105222308
deep,256,2,58,0.1614929440939519
deep,256,2,59,0.1579018006247898
deep,256,2,60,0.1544015510819307
deep,256,2,61,0.1509994760387887
deep,256,2,62,0.147581117329526
deep,256,2,63,0.1443902435231881
deep,256,2,64,0.1413307692591836
deep,256,2,65,0.1382616282620709
deep,256,2,66,0.1353082773825371
deep,256,2,67,0.1322466382487838
deep,256,2,68,0.1294771077141974
deep,256,2,69,0.1267628948953311
deep,256,2,70,0.1242765698327725
deep,256,2,71,0.1216796014026081
deep,256,2,72,0.1191595079277143
deep,256,2,73,0.1165847596236689
deep,256,2,74,0.1139112038088147
deep,256,2,75,0.1113598982892776
deep,256,2,76,0.1088480226020172
deep,256,2,77,0.1064160622560221
deep,256,2,78,0.1040083141215622
deep,256,2,79,0.1015938154130203
deep,256,2,80,0.0993790140914994
deep,256,2,81,0.0971048261624047
deep,256,2,82,0.0949084989206507
deep,256,2,83,0.0926425620346757
deep,256,2,84,0.0902239268938273
deep,256,2,85,0.0879426151959071
deep,256,2,86,0.085918882068332
deep,256,2,87,0.0841770722700577
deep,256,2,88,0.0824081663954857
deep,256,2,89,0.0809460167614871
deep,256,2,90,0.079567266247002
deep,256,2,91,0.0781590765492723
deep,256,2,92,0.0767558349815942
deep,256,2,93,0.0753961836736603
deep,256,2,94,0.074097125198084
deep,256,2,95,0.0730821169069884
deep,256,2,96,0.0721593959523271
deep,256,2,97,0.0713986841892719
deep,256,2,98,0.0705566806165462
deep,256,2,99,0.0696346918107637
deep,256,2,100,0.0687605049148039
deep,256,2,101,0.0679767905048648
deep,256,2,102,0.0670743200912197
deep,256,2,103,0.0662666117107684
deep,256,2,104,0.0655724424744263
deep,256,2,105,0.064732594133895
deep,256,2,106,0.0642224546783543
deep,256,2,107,0.0636270991045397
deep,256,2,108,0.0629689889259084
deep,256,2,109,0.0623366539057459
deep,256,2,110,0.0616350768244979
deep,256,2,111,0.0609482412445871
deep,256,2,112,0.0602077088872265
deep,256,2,113,0.0595312720320464
deep,256,2,114,0.0587884235373713
deep,256,2,115,0.0578911474131025
deep,256,2,116,0.0572347855889128
deep,256,2,117,0.0563998935163726
deep,256,2,118,0.0553568214220714
deep,256,2,119,0.0545436938216909
deep,256,2,120,0.0535718914912539
deep,256,2,121,0.052619083581984
deep,256,2,122,0.0518376816121426
deep,256,2,123,0.0510874693420206
deep,256,2,124,0.0505178462648993
deep,256,2,125,0.0498074632869337
deep,256,2,126,0.0490959186288788
deep,256,2,127,0.0482632819560351
deep,256,2,128,0.0476768584550151
deep,256,2,129,0.0469858839442433
deep,256,2,130,0.0465773096300615
deep,256,2,131,0.046201607893669
deep,256,2,132,0.0457589375364354
deep,256,2,133,0.0451147560140867
deep,256,2,134,0.0445918969957544
deep,256,2,135,0.0440869158654204
deep,256,2,136,0.0436247070433131
deep,256,2,137,0.0431690862698178
deep,256,2,138,0.0428377784483825
deep,256,2,139,0.0426569986461932
deep,256,2,140,0.0421641749319462
deep,256,2,141,0.0416382657090923
deep,256,2,142,0.0412432937573163
deep,256,2,143,0.0408933733104891
deep,256,2,144,0.0406449082430261
deep,256,2,145,0.0402068279476663
deep,256,2,146,0.0396717303586228
deep,256,2,147,0.0392519740140914
deep,256,2,148,0.0388429545714505
deep,256,2,149,0.0384384552099146
deep,256,2,150,0.0379796761458543
deep,256,2,151,0.0376540202143578
deep,256,2,152,0.0373860662536524
deep,256,2,153,0.0370855427045817
deep,256,2,154,0.0368264669373169
deep,256,2,155,0.0365021577983997
deep,256,2,156,0.0362971515690248
deep,256,2,157,0.0362879832171778
deep,256,2,158,0.0361633263946738
deep,256,2,159,0.0359846826583259
deep,256,2,160,0.0356050582829057
deep,256,2,161,0.0350980689538552
deep,256,2,162,0.0344564358245394
deep,256,2,163,0.0337245926006293
deep,256,2,164,0.0330273081382088
deep,256,2,165,0.0323943550891974
deep,256,2,166,0.0316032656461765
deep,256,2,167,0.0308050415897624
deep,256,2,168,0.0302503340050623
deep,256,2,169,0.0295498982770216
deep,256,2,170,0.0287898572150607
deep,256,2,171,0.0279379664153604
deep,256,2,172,0.0271509328252814
deep,256,2,173,0.0262927787604949
deep,256,2,174,0.0254970053364647
deep,256,2,175,0.0247590325366068
deep,256,2,176,0.0241413164992362
deep,256,2,177,0.0235799805495855
deep,256,2,178,0.0229497723867175
deep,256,2,179,0.0221935931921197
deep,256,2,180,0.021531915137655
deep,256,2,181,0.0208839931175563
deep,256,2,182,0.0203660194218063
deep,256,2,183,0.0198140911329404
deep,256,2,184,0.0193491483529609
deep,256,2,185,0.0187497649140134
deep,256,2,186,0.0182192795885117
deep,256,2,187,0.01777915747263
deep,256,2,188,0.0173009817586468
deep,256,2,189,0.016884915238099
deep,256,2,190,0.0166456019985725
deep,256,2,191,0.0163618915836366
deep,256,2,192,0.0162502717726215
deep,256,2,193,0.0160619734598839
deep,256,2,194,0.0158786091231018
deep,256,2,195,0.0155159746593085
deep,256,2,196,0.0152252742124971
deep,256,2,197,0.0149646614468864
deep,256,2,198,0.0146212639190725
deep,256,2,199,0.0140983666162779
deep,256,2,200,0.0136488173213012
deep,256,2,201,0.0131639815625137
deep,256,2,202,0.0128607306700312
deep,256,2,203,0.0125725395928988
deep,256,2,204,0.0121889016999384
deep,256,2,205,0.0118897375362319
deep,256,2,206,0.011596753026286
deep,256,2,207,0.0113403844447174
deep,256,2,208,0.0111683107356686
deep,256,2,209,0.0110036545588184
deep,256,2,210,0.011232456951194
deep,256,2,211,0.0114518870964474
deep,256,2,212,0.0117386798322674
deep,256,2,213,0.012040881568275
deep,256,2,214,0.0124821101755448
deep,256,2,215,0.012987157681596
deep,256,2,216,0.0135030549815327
deep,256,2,217,0.0139937916418923
deep,256,2,218,0.014556451859665
deep,256,2,219,0.0151910068730083
deep,256,2,220,0.0157877266126197
deep,256,2,221,0.016277173871083
deep,256,2,222,0.0165232193012681
deep,256,2,223,0.0166808844400889
deep,256,2,224,0.0167996484214716
deep,256,2,225,0.0167808379756283
deep,256,2,226,0.0165214291096222
deep,256,2,227,0.0162683649406226
deep,256,2,228,0.0162446362112151
deep,256,2,229,0.0161443181104307
deep,256,2,230,0.0160066868717007
deep,256,2,231,0.0158250170980651
deep,256,2,232,0.0155200527418791
deep,256,2,233,0.0151262518220077
deep,256,2,234,0.0148431345274492
deep,256,2,235,0.0146844962184975
deep,256,2,236,0.0146265749903591
deep,256,2,237,0.0143511039504689
deep,256,2,238,0.0140168603358471
deep,256,2,239,0.013830791089897
deep,256,2,240,0.013591523246142
deep,256,2,241,0.013307406607266
deep,256,2,242,0.0131171942319135
deep,256,2,243,0.0127260615993924
deep,256,2,244,0.0121413233947918
deep,256,2,245,0.0117149810836791
deep,256,2,246,0.0113240540027041
deep,256,2,247,0.0107827422537309
deep,256,2,248,0.0101773748239319
deep,256,2,249,0.0094081800445778
deep,256,2,250,0.0085804289554773
deep,256,2,251,0.0079520680501719
deep,256,2,252,0.0075060317615728
deep,256,2,253,0.0070032245378917
deep,256,2,254,0.0065702200026107
deep,256,2,255,0.0060264297438815
deep,256,2,256,0.0054760892279985
deep,256,2,257,0.0049661517467336
deep,256,2,258,0.0044283642160815
deep,256,2,259,0.0042371063316668
deep,256,2,260,0.0039998426960945
deep,256,2,261,0.0035874410704386
deep,256,2,262,0.0029387354400071
deep,256,2,263,0.0022688251655434
deep,256,2,264,0.0017494966623236
deep,256,2,265,0.0014156490697417
deep,256,2,266,0.0011218258457639
deep,256,2,267,0.000686044802147
deep,256,2,268,0.0002295090782222
deep,256,2,269,-9.14741603511406e-05
deep,256,2,270,-0.000341303672066
deep,256,2,271,-0.0006441467410116
deep,256,2,272,-0.0008036065659615
deep,256,2,273,-0.001087690088302
deep,256,2,274,-0.0011929963191306
deep,256,2,275,-0.0012497874082577
deep,256,2,276,-0.00137798054666
deep,256,2,277,-0.0014408752079397
deep,256,2,278,-0.0014164782100777
deep,256,2,279,-0.0014661993427975
deep,256,2,280,-0.0014241514456408
deep,256,2,281,-0.0013044107559465
deep,256,2,282,-0.0011631619650458
deep,256,2,283,-0.00105605989185
deep,256,2,284,-0.0011621131691647
deep,256,2,285,-0.0013346667176365
deep,256,2,286,-0.0016514744583629
deep,256,2,287,-0.0018843308830055
deep,256,2,288,-0.0021727860571862
deep,256,2,289,-0.0025393568595886
deep,256,2,290,-0.0028607369355609
deep,256,2,291,-0.003119283402364
deep,256,2,292,-0.0034143399511151
deep,256,2,293,-0.0038792553014781
deep,256,2,294,-0.0045223238735211
deep,256,2,295,-0.0054020865885875
deep,256,2,296,-0.0061117954850923
deep,256,2,297,-0.0066485875584037
deep,256,2,298,-0.0067966073616264
deep,256,2,299,-0.0067822784209034
deep,256,2,300,-0.0066483379531286
deep,256,2,301,-0.00660681643279
deep,256,2,302,-0.0069032179399129
deep,256,2,303,-0.0070840971651383
deep,256,2,304,-0.0073571424301907
deep,256,2,305,-0.0076533224910656
deep,256,2,306,-0.008061839043511
deep,256,2,307,-0.0083265501021615
deep,256,2,308,-0.0086944574937495
deep,256,2,309,-0.0089300855324575
deep,256,2,310,-0.0091190099472307
deep,256,2,311,-0.009258450279872
deep,256,2,312,-0.0091965041200971
deep,256,2,313,-0.0090778534884635
deep,256,2,314,-0.0090585897692816
deep,256,2,315,-0.0090593350076327
deep,256,2,316,-0.0091775273528091
deep,256,2,317,-0.0093208553879447
deep,256,2,318,-0.0094922252851469
deep,256,2,319,-0.0097666895282444
deep,256,2,320,-0.009641750176937
deep,256,2,321,-0.0095623397903382
deep,256,2,322,-0.0096867946748299
deep,256,2,323,-0.0097477721680604
deep,256,2,324,-0.0098495768870995
deep,256,2,325,-0.0100678893119552
deep,256,2,326,-0.0104875301181777
deep,256,2,327,-0.0110348086975389
deep,256,2,328,-0.0115505924659429
deep,256,2,329,-0.0119972976882091
deep,256,2,330,-0.012461316014887
deep,256,2,331,-0.0129033427029436
deep,256,2,332,-0.0132648149782331
deep,256,2,333,-0.0134927322937624
deep,256,2,334,-0.0137098807435572
deep,256,2,335,-0.0139220708692892
deep,256,2,336,-0.0142371761586209
deep,256,2,337,-0.014409792519634
deep,256,2,338,-0.0143443258660381
deep,256,2,339,-0.0141396494302771
deep,256,2,340,-0.0138884100680242
deep,256,2,341,-0.0134372726808462
deep,256,2,342,-0.0130910644095794
deep,256,2,343,-0.0131072242483388
deep,256,2,344,-0.01301756791667
deep,256,2,345,-0.0127356612708256
deep,256,2,346,-0.0124041375644279
deep,256,2,347,-0.0121157271682789
deep,256,2,348,-0.0118122246689055
deep,256,2,349,-0.0114519114445826
deep,256,2,350,-0.0114136104500815
deep,256,2,351,-0.0114017042120143
deep,256,2,352,-0.0113575334109982
deep,256,2,353,-0.0113149958632191
deep,256,2,354,-0.0112779669653439
deep,256,2,355,-0.0109797394135435
deep,256,2,356,-0.0105879209474772
deep,256,2,357,-0.0104652492902324
deep,256,2,358,-0.0105130565437642
deep,256,2,359,-0.0104941190884419
deep,256,2,360,-0.0105761009829753
deep,256,2,361,-0.0106311226992743
deep,256,2,362,-0.010755936048634
deep,256,2,363,-0.0108207677433271
deep,256,2,364,-0.0108325435302198
deep,256,2,365,-0.0108281378083105
deep,256,2,366,-0.0106730550113336
deep,256,2,367,-0.0105753069289263
deep,256,2,368,-0.010571523713852
deep,256,2,369,-0.01072895397591
deep,256,2,370,-0.0106969396040984
deep,256,2,371,-0.0106279019357947
deep,256,2,372,-0.0104958370567589
deep,256,2,373,-0.0102708751976167
deep,256,2,374,-0.0102798658267321
deep,256,2,375,-0.010355253140486
deep,256,2,376,-0.0102416892395071
deep,256,2,377,-0.0101899558871456
deep,256,2,378,-0.0104034926271903
deep,256,2,379,-0.0106218525669343
deep,256,2,380,-0.0109319977544727
deep,256,2,381,-0.0113192615555451
deep,256,2,382,-0.011548836090515
deep,256,2,383,-0.0118066059932544
deep,256,2,384,-0.0119590210109912
deep,256,2,385,-0.0120623549639044
deep,256,2,386,-0.0121530266399512
deep,256,2,387,-0.0121131010223777
deep,256,2,388,-0.0120584756339824
deep,256,2,389,-0.0121876321157376
deep,256,2,390,-0.012443656669206
deep,256,2,391,-0.0126326018092398
deep,256,2,392,-0.012785693333743
deep,256,2,393,-0.0131011975872119
deep,256,2,394,-0.0134059550022426
deep,256,2,395,-0.0137603772063192
deep,256,2,396,-0.0142052075620596
deep,256,2,397,-0.0146493467175272
deep,256,2,398,-0.0151730510035057
deep,256,2,399,-0.0158228386054029
deep,256,2,400,-0.0163908141313352
